1781190529050 0.2680108408250077 1
1781190529077 0.23149963783167207 2
1781190529102 0.15559476350712834 3
1781190529129 1.1904069446705088 4
1781190529148 1.3120542026198172 5
1781190529181 0.2379107119407726 6
1781190529204 0.13433252575794055 7
1781190529217 0.26792865097050905 8
1781190529239 0.24835411140402616 9
1781190529282 1.243240403489235 10
1781190529320 1.3240542418143186 11
1781190529360 0.3333333333333333 12
1781190529379 0.24690805491356033 13
1781190529393 0.30796420133831554 14
1781190529404 1.2048697011691012 15
1781190529430 1.1918894157954536 16
1781190529448 0.16928803890882618 17
1781190529473 0.2700842387893504 18
1781190529488 1.3311752798388314 19
1781190529524 0.21795566160411928 20
1781190529556 1.2112543331787249 21
1781190529586 0.2911637147171048 22
1781190529605 0.24206947497003495 23
1781190529624 0.1732985073833761 24
1781190529656 0.2850298701275122 25
1781190529671 0.1004136522384985 26
1781190529686 0.3 27
1781190529710 1.3418500590512927 28
1781190529724 0.32105263157894737 29
1781190529736 0.28309691490542965 30
1781190529760 0.2158873647986416 31
1781190529809 0.20383074910465607 32
1781190529829 0.15264981751588955 33
1781190529842 0.2045572855536333 34
1781190529867 0.17610477551505327 35
1781190529914 1.2485120986378893 36
1781190529948 0.31288643569076235 37
1781190529981 1.182214225191857 38
1781190530020 1.319568471547342 39
1781190530032 1.2276660650702946 40
1781190530074 1.2103190565722004 41
1781190530094 0.34035190919365393 42
1781190530131 1.1188673153165838 43
1781190530146 0.15330124431695433 44
1781190530176 0.2035199940098672 45
1781190530207 0.21687733979347698 46
1781190530221 1.2488521841012987 47
1781190530244 0.1681732742466424 48
1781190530258 1.2188892894346186 49
1781190530272 0.4956182887467515 50
1781190530298 1.3264400473862392 51
1781190530309 1.2333333333333334 52
1781190530339 1.2204894576640817 53
1781190530354 0.3046793752361204 54
1781190530374 0.13425031652890343 55
1781190530389 0.26220355269907725 56
1781190530401 0.20298574998546678 57
1781190530419 1.2765677794372363 58
1781190530440 0.26986728790157516 59
1781190530456 1.3024615866856468 60
1781190530485 1.2361916848035315 61
1781190530501 1.3043057332605321 62
1781190530522 0.22806085499165768 63
1781190530539 0.1026084306106404 64
1781190530554 0.3237897644669694 65
1781190530568 0.26792865097050905 66
1781190530613 1.2926945040416196 67
1781190530633 0.21842755200307076 68
1781190530649 1.342857142857143 69
1781190530664 1.3418085626037355 70
1781190530681 1.3318670031250799 71
1781190530702 0.3027284209863255 72
1781190530716 0.20364539177436405 73
1781190530732 1.2343467835701387 74
1781190530761 0.32655460796818697 75
1781190530780 0.10820862798347337 76
1781190530805 0.2627073335267525 77
1781190530818 1.2533430525184155 78
1781190530846 0.3574723366438075 79
1781190530862 1.345445527441002 80
1781190530875 1.2563564219528014 81
1781190530915 1.1718602444371071 82
1781190530928 0.2666086451548127 83
1781190530941 0.10093818705282896 84
1781190530956 1.3018977056824055 85
1781190530969 0.20326246087349747 86
1781190530997 0.22989972849569096 87
1781190531028 0.23058663396854567 88
1781190531057 0.29826484336924414 89
1781190531073 1.3136809384193917 90
1781190531103 1.3045830136068888 91
1781190531122 1.3039632484716905 92
1781190531139 1.204956338825053 93
1781190531158 0.17949168622526154 94
1781190531182 1.1616735406345016 95
1781190531200 0.14424625269585853 96
1781190531215 0.30377495513506236 97
1781190531248 0.2551757112540191 98
1781190531264 1.407511746287542 99
1781190531277 0.25219085562662424 100
1781190531297 0.1638620688768871 101
1781190531320 1.2901188765963523 102
1781190531333 0.22647853779061922 103
1781190531350 0.10058651532275656 104
1781190531363 0.12433555507962657 105
1781190531393 0.2815788952305499 106
1781190531410 0.2793660745441605 107
1781190531423 1.357573593128807 108
1781190531437 1.3089817945381794 109
1781190531449 0.19999999999999998 110
1781190531475 0.27733182688781344 111
1781190531513 0.26324293630593365 112
1781190531536 0.34540791663159887 113
1781190531571 0.3271189111186505 114
1781190531602 1.1946615178529616 115
1781190531616 1.3163339973465924 116
1781190531644 0.21933002069604826 117
1781190531660 0.3314489378616148 118
1781190531693 1.1979726219459639 119
1781190531708 0.31573351593821863 120
1781190531729 0.22052805857609736 121
1781190531743 0.48333333333333334 122
1781190531757 1.312712843905603 123
1781190531774 1.3051316701949487 124
1781190531791 0.37761646822131223 125
1781190531814 0.37074771457592337 126
1781190531837 0.30719499007710216 127
1781190531856 0.17956863517105803 128
1781190531874 0.19784194650549813 129
1781190531901 0.2925324694522223 130
1781190531921 0.33479100990369093 131
1781190531935 1.3470849737787083 132
1781190531955 0.23866040709270758 133
1781190531978 0.18988078050309865 134
1781190532010 0.26429254655910717 135
1781190532041 0.25505845026102086 136
1781190532052 0.2537089950113724 137
1781190532083 0.2664302713606208 138
1781190532110 0.33476961705787367 139
1781190532135 0.33103075499357154 140
1781190532150 0.2299859957985995 141
1781190532179 0.29282629075732436 142
1781190532210 1.2643634930404992 143
1781190532236 0.281455259808318 144
1781190532277 1.1973923478269364 145
1781190532316 0.22166818200242702 146
1781190532330 1.3083484861008832 147
1781190532347 1.3257218647291793 148
1781190532376 1.3114889502170357 149
1781190532390 0.2306312024380704 150
1781190532415 1.3094023491666296 151
1781190532428 0.27208547368804586 152
1781190532456 0.2540202041462829 153
1781190532470 1.3013606076167856 154
1781190532486 1.4000000000000001 155
1781190532500 1.2523669488377533 156
1781190532518 1.2202890224172986 157
1781190532530 1.2292893218813452 158
1781190532549 1.3193939393939393 159
1781190532583 0.2894595651678537 160
1781190532605 1.2928801879294045 161
1781190532626 0.3248265269456635 162
1781190532678 0.21149593760277832 163
1781190532693 0.3019803941180393 164
1781190532722 0.27646698168587513 165
1781190532743 0.2556809199137443 166
1781190532758 1.3129611720221512 167
1781190532773 0.315880897580794 168
1781190532792 0.10318973633064385 169
1781190532822 0.24096836218519446 170
1781190532876 0.29820088964301084 171
1781190532906 0.2747076747578957 172
1781190532941 1.2881844598329666 173
1781190532975 0.2888979714406571 174
1781190532994 1.317071157113727 175
1781190533022 0.19924484223048577 176
1781190533065 1.302633453328433 177
1781190533092 1.28231418396664 178
1781190533114 0.17597218211831445 179
1781190533139 1.3239649059794438 180
1781190533160 0.15707634079222968 181
1781190533192 1.2085476303663911 182
1781190533208 1.361050958114774 183
1781190533233 1.3198248679646465 184
1781190533249 1.32 185
1781190533284 0.2863554172659416 186
1781190533301 0.25463676456367224 187
1781190533316 1.3711324865405188 188
1781190533353 0.2560051863334328 189
1781190533386 0.24278649674990563 190
1781190533416 0.3240254350259743 191
1781190533431 1.3102201951743546 192
1781190533444 0.457186276940104 193
1781190533460 0.181148055617253 194
1781190533487 0.2905362281236547 195
1781190533506 0.17759580758006324 196
1781190533519 1.2048697011691012 197
1781190533584 1.252232914005064 198
1781190533595 1.2311752798388313 199
1781190533610 1.2306312024380703 200
1781190533626 1.3550255203657735 201
1781190533646 0.20469762338405487 202
1781190533663 1.2684194801801842 203
1781190533676 1.3105572809000086 204
1781190533691 0.22610115724154428 205
1781190533707 1.3019391427673872 206
1781190533721 1.3440569072214485 207
1781190533736 1.307282735005447 208
1781190533755 0.20081634018658243 209
1781190533797 0.28334845191988045 210
1781190533819 1.2765781433743764 211
1781190533833 0.1045970042308335 212
1781190533854 0.33499887540334083 213
1781190533869 0.3076619483123361 214
1781190533898 1.2602489487286441 215
1781190533915 0.18371290708247232 216
1781190533930 1.3641431417199683 217
1781190533945 0.2760954278133121 218
1781190533978 0.154337779117346 219
1781190534001 0.16726173335463887 220
1781190534014 0.2537089950113724 221
1781190534040 0.2580626957545123 222
1781190534058 0.22305162359361344 223
1781190534071 0.20190603673369792 224
1781190534094 1.2716517945546975 225
1781190534118 0.3700657829955375 226
1781190534140 0.10624973925776768 227
1781190534153 0.34452998037747706 228
1781190534166 1.2563564219528014 229
1781190534180 1.2105572809000085 230
1781190534219 0.20409248173358535 231
1781190534241 0.17164612449918976 232
1781190534255 0.24089171953206745 233
1781190534295 0.3624127211412048 234
1781190534317 0.16730595817962296 235
1781190534338 0.24085125025720686 236
1781190534362 0.18263311682752278 237
1781190534393 0.31687648820059366 238
1781190534413 0.20835574595631695 239
1781190534433 0.15502592618748376 240
1781190534453 0.1561326369868558 241
1781190534467 1.3299859957985996 242
1781190534501 0.23586525418109605 243
1781190534526 0.14154228855721393 244
1781190534545 0.15613719503786977 245
1781190534556 0.26220355269907725 246
1781190534580 1.2826981528045358 247
1781190534591 1.2276660650702946 248
1781190534626 0.2531371798252335 249
1781190534642 1.3010050506338835 250
1781190534670 1.1853727763573745 251
1781190534683 0.23117527983883146 252
1781190534719 0.21331873843273497 253
1781190534767 1.2050403024223446 254
1781190534781 0.17425289598884372 255
1781190534811 0.2514389239390838 256
1781190534832 0.23481992278515854 257
1781190534847 1.3461618097941834 258
1781190534859 1.2479734018285527 259
1781190534872 0.2587485676337305 260
1781190534890 0.2412070198982388 261
1781190534925 1.1682795698924733 262
1781190534949 0.26249831721082134 263
1781190534979 1.311129010656738 264
1781190534997 1.1165508051809845 265
1781190535008 0.2666086451548127 266
1781190535020 0.20266714732154248 267
1781190535052 1.2837091645782908 268
1781190535067 1.3162087343449171 269
1781190535101 0.32034663255920093 270
1781190535122 0.17573412849357636 271
1781190535136 1.352998400805958 272
1781190535152 1.319568471547342 273
1781190535176 1.3151125312372836 274
1781190535220 1.2545011844031082 275
1781190535236 1.1730080855084974 276
1781190535275 0.2595717313240638 277
1781190535290 0.19784194650549813 278
1781190535312 1.1976806791315957 279
1781190535341 0.3468325561302158 280
1781190535368 0.3526475159864053 281
1781190535383 1.3676424885535283 282
1781190535405 0.30109292899063195 283
1781190535424 0.2778775370958059 284
1781190535443 0.19088377922751376 285
1781190535457 1.3378940996591882 286
1781190535483 0.18166813481070448 287
1781190535496 0.18320443405546807 288
1781190535513 0.10028576022859322 289
1781190535546 0.24843337041183916 290
1781190535574 1.3634363787936434 291
1781190535588 0.33896320621069265 292
1781190535601 1.2188892894346186 293
1781190535614 1.2675557157738475 294
1781190535646 0.2260420768778797 295
1781190535669 0.1910459287589888 296
1781190535685 0.13464004525576515 297
1781190535721 0.18782235348995233 298
1781190535738 1.2709719085024596 299
1781190535757 0.27474021599117926 300
1781190535799 1.2031904337568482 301
1781190535813 0.10148619922011241 302
1781190535859 1.2781095437784122 303
1781190535880 1.3472816418033515 304
1781190535894 0.3485504244572474 305
1781190535924 0.3132682984157379 306
1781190535943 0.17836901267409433 307
1781190535962 1.3487852480268416 308
1781190535979 1.2917032609601358 309
1781190535992 0.10656685400419459 310
1781190536018 0.32941312544529266 311
1781190536034 0.15072728237945676 312
1781190536076 1.2309256605415182 313
1781190536096 0.2487177405931629 314
1781190536107 0.2760954278133121 315
1781190536143 0.25465570295280443 316
1781190536157 1.3018977056824055 317
1781190536170 1.2533430525184155 318
1781190536203 0.2557340075683452 319
1781190536218 1.3037859529115272 320
1781190536257 1.2462831196758075 321
1781190536270 0.2601137982391267 322
1781190536288 1.2362888332491846 323
1781190536319 0.3068294511462505 324
1781190536333 1.3223356836652378 325
1781190536370 0.2789347841890475 326
1781190536394 1.2490267325563804 327
1781190536413 0.20826278272684934 328
1781190536433 0.18404498237386066 329
1781190536448 1.3206115813962556 330
1781190536467 0.15168646156573914 331
1781190536481 1.3628609323645897 332
1781190536493 0.21053699220311595 333
1781190536510 1.300496280979001 334
1781190536526 0.19784194650549813 335
1781190536541 0.1032659076610396 336
1781190536567 1.213748947124276 337
1781190536579 1.2292893218813452 338
1781190536597 0.1734996169428569 339
1781190536614 0.25163087562800657 340
1781190536628 0.11982162742627267 341
1781190536639 0.2666086451548127 342
1781190536651 0.26220355269907725 343
1781190536677 0.18963776085839779 344
1781190536699 0.1343383839672167 345
1781190536717 0.17300808550849725 346
1781190536732 1.3503861061643168 347
1781190536753 1.3947074387597505 348
1781190536765 0.26220355269907725 349
1781190536785 0.15330124431695433 350
1781190536813 0.1946718166348041 351
1781190536842 0.23328026456012357 352
1781190536855 1.2276660650702946 353
1781190536888 0.30653691133075467 354
1781190536907 0.1753128433443817 355
1781190536938 1.272622776682545 356
1781190536960 0.2833997141824528 357
1781190536974 1.4000000000000001 358
1781190537005 1.1684690145890937 359
1781190537034 0.2758254998509522 360
1781190537068 1.2413732353589928 361
1781190537094 1.2333333333333334 362
1781190537108 0.4484543711852349 363
1781190537134 1.1878786904859795 364
1781190537151 1.2196884292245955 365
1781190537171 0.17638755882904475 366
1781190537196 0.3147197134577558 367
1781190537240 0.2359169783188341 368
1781190537293 0.1874727237017689 369
1781190537317 1.3293764576853864 370
1781190537353 0.33024880566963655 371
1781190537368 0.11451780262377426 372
1781190537405 0.316700612974717 373
1781190537440 1.2613072457560346 374
1781190537454 1.3128812878059644 375
1781190537491 0.2450093858151407 376
1781190537506 0.18567324790973233 377
1781190537524 0.18759229832954588 378
1781190537541 0.22229713101141885 379
1781190537555 0.11918779643582314 380
1781190537569 1.3782909858348298 381
1781190537582 1.2272393124891001 382
1781190537597 0.11928582327048642 383
1781190537609 1.2675557157738475 384
1781190537625 0.22780051276188445 385
1781190537637 0.20364539177436405 386
1781190537651 1.3830969149054297 387
1781190537694 0.24422977441859495 388
1781190537714 0.13484171540370843 389
1781190537734 0.17511081207022625 390
1781190537747 1.2675557157738475 391
1781190537789 0.28372291722276655 392
1781190537818 1.2582606656717668 393
1781190537835 0.153912869889407 394
1781190537854 0.2606671932791136 395
1781190537867 1.2314005659429965 396
1781190537905 0.21831063869160952 397
1781190537932 0.3072278917803586 398
1781190537954 0.19914193805498157 399
1781190537972 0.21834079501125414 400
1781190538019 1.1974210086987391 401
1781190538041 0.13379463030074676 402
1781190538058 0.3129428499867986 403
1781190538088 0.24256647283567742 404
1781190538111 0.26684781593797 405
1781190538133 0.2704503165686726 406
1781190538144 0.20364539177436405 407
1781190538177 0.3180069580121933 408
1781190538192 0.24429139854688442 409
1781190538229 0.28189813957256654 410
1781190538253 0.1782688750072189 411
1781190538265 1.2563564219528014 412
1781190538300 0.2677487343702212 413
1781190538317 0.20030295300699558 414
1781190538343 1.2958937828372799 415
1781190538361 1.3096107707414348 416
1781190538375 1.3557768005741775 417
1781190538387 0.20766194831233611 418
1781190538402 0.20198410137888057 419
1781190538420 1.1892018779342723 420
1781190538439 0.17204212052403584 421
1781190538476 1.3431324325298888 422
1781190538494 0.27541015349542913 423
1781190538518 0.32396844742717784 424
1781190538558 1.26744086389832 425
1781190538581 0.16360420500795023 426
1781190538601 0.16629574286683638 427
1781190538615 1.317071157113727 428
1781190538632 0.4367570636940663 429
1781190538648 0.30603815227003656 430
1781190538660 1.2311752798388313 431
1781190538673 0.20029455144984185 432
1781190538700 1.2442464709783185 433
1781190538736 0.30398697589676615 434
1781190538776 0.22331428220190908 435
1781190538796 0.16730595817962296 436
1781190538817 1.258871903542466 437
1781190538840 0.22472900705050183 438
1781190538868 0.3300776483877372 439
1781190538896 1.3138193178582083 440
1781190538916 0.16088672113209931 441
1781190538956 1.2932145970751159 442
1781190538973 1.3225403330758516 443
1781190539000 1.31167398893839 444
1781190539012 0.2129428499867986 445
1781190539028 1.322848325018954 446
1781190539055 0.2604118617835745 447
1781190539075 1.3071428571428572 448
1781190539104 1.2703567214272078 449
1781190539123 0.17483959583726416 450
1781190539135 1.2479734018285527 451
1781190539161 0.13171587079525388 452
1781190539175 0.21279150552979065 453
1781190539188 1.301112831812246 454
1781190539214 0.3179447275972856 455
1781190539239 0.31637040817126016 456
1781190539251 0.2264232792618041 457
1781190539266 1.3183503419072273 458
1781190539292 0.34149820606982956 459
1781190539316 0.16613071649802985 460
1781190539337 0.17205604641130995 461
1781190539351 1.3062957428668365 462
1781190539371 1.30067833462356 463
1781190539402 0.29233909761686555 464
1781190539437 1.2785440087737374 465
1781190539462 0.18785063057223378 466
1781190539490 0.2903559643315307 467
1781190539504 0.2598811290098561 468
1781190539520 0.17366855567161124 469
1781190539534 1.256721078854945 470
1781190539569 0.349418585111093 471
1781190539591 1.3308271215998244 472
1781190539637 0.2735168671158941 473
1781190539668 1.2665335392106156 474
1781190539690 0.18707927227087645 475
1781190539706 0.15140665451827212 476
1781190539727 1.3433654239023234 477
1781190539739 1.2 478
1781190539755 0.32221555317374023 479
1781190539771 0.29784194650549817 480
1781190539787 1.3544850436318243 481
1781190539822 1.2157335159382185 482
1781190539838 1.3096262161106462 483
1781190539857 0.13410554566196656 484
1781190539875 0.2465477516175151 485
1781190539895 0.1548280092207047 486
1781190539913 0.32707154494446833 487
1781190539947 1.1824804564480509 488
1781190539960 1.3105572809000086 489
1781190539989 0.30605137608935895 490
1781190540001 1.256721078854945 491
1781190540028 1.284602265799758 492
1781190540042 0.21555993381585017 493
1781190540072 0.261713931598126 494
1781190540087 1.3483602220505677 495
1781190540129 1.1997238306767175 496
1781190540159 0.2773008852163757 497
1781190540181 0.13431315371831176 498
1781190540200 0.10599234170160267 499
1781190540234 1.2879070151576044 500
1781190540253 1.2155213073372462 501
1781190540267 1.4000000000000001 502
1781190540300 1.147089075484839 503
1781190540314 0.2537089950113724 504
1781190540349 1.2690920290872083 505
1781190540360 0.2601137982391267 506
1781190540396 0.24431256409326635 507
1781190540413 0.26478196374697505 508
1781190540430 0.24753686101288874 509
1781190540462 1.3571004010874874 510
1781190540474 1.2276660650702946 511
1781190540497 0.14460078049540442 512
1781190540524 0.19019354823174842 513
1781190540546 0.1589778919460257 514
1781190540557 1.2314005659429965 515
1781190540570 1.2333333333333334 516
1781190540587 0.10194193243090797 517
1781190540599 0.23117527983883146 518
1781190540612 1.317071157113727 519
1781190540628 1.3062957428668365 520
1781190540657 1.274627664364044 521
1781190540674 1.207617735692284 522
1781190540693 1.3048697011691013 523
1781190540708 1.2094633715471028 524
1781190540737 0.27468004556588665 525
1781190540777 0.31319729470653906 526
1781190540790 1.2533430525184155 527
1781190540830 0.14096067313837482 528
1781190540862 0.30446063680425156 529
1781190540873 1.2 530
1781190540908 1.334425719827045 531
1781190540941 0.2888352675258993 532
1781190540953 0.21053699220311595 533
1781190540995 0.3035049495267233 534
1781190541026 0.2537621875543441 535
1781190541049 0.17100187815018927 536
1781190541064 1.3129428499867986 537
1781190541105 0.1633421755173758 538
1781190541131 1.3082929943746766 539
1781190541148 0.23762461816462113 540
1781190541179 0.11854878103044884 541
1781190541215 0.14696589715271502 542
1781190541228 1.362270311268648 543
1781190541239 1.2311752798388313 544
1781190541251 1.2311752798388313 545
1781190541272 0.13374401268656294 546
1781190541297 0.10299607528681425 547
1781190541312 1.3547732983133356 548
1781190541353 0.23763750498157787 549
1781190541366 1.3010050506338835 550
1781190541378 1.2 551
1781190541397 0.13817480035588955 552
1781190541412 1.3032194661365584 553
1781190541426 0.3153190201560059 554
1781190541441 1.3195600333460156 555
1781190541455 0.10886776231342328 556
1781190541472 0.23759062255769953 557
1781190541485 1.201941932430908 558
1781190541502 1.357573593128807 559
1781190541523 1.2358496852972638 560
1781190541536 1.3087129070824723 561
1781190541551 0.2199914322942761 562
1781190541571 0.14426088013383653 563
1781190541613 0.2955665042026098 564
1781190541630 0.2412070198982388 565
1781190541648 0.16532083953532953 566
1781190541661 0.2511547181283668 567
1781190541674 0.21053699220311595 568
1781190541709 0.31384135050132467 569
1781190541723 0.22155354594472637 570
1781190541751 1.3117909184575853 571
1781190541767 0.1860247283695843 572
1781190541781 1.3037749551350624 573
1781190541801 0.16552335196689225 574
1781190541822 0.1354760608360492 575
1781190541851 0.20569167182314688 576
1781190541884 0.30728240872497314 577
1781190541900 0.10031847214638748 578
1781190541912 0.20364539177436405 579
1781190541926 0.12776848814853847 580
1781190541956 0.28454816549694967 581
1781190541979 0.1680234905449279 582
1781190542000 0.2496282476695934 583
1781190542019 0.28218673097555086 584
1781190542066 1.2925259580013546 585
1781190542086 0.11554391385059706 586
1781190542120 0.3155044109835704 587
1781190542145 0.17701048015303414 588
1781190542167 0.2511422578368514 589
1781190542181 1.3051316701949487 590
1781190542200 0.2051316701949486 591
1781190542215 1.3513487227432672 592
1781190542237 0.2770529910206309 593
1781190542260 0.343008608469456 594
1781190542277 1.2048810268788657 595
1781190542300 0.2462227822791279 596
1781190542314 0.22834014279155215 597
1781190542330 0.23432104225708147 598
1781190542369 1.3037622320033309 599
1781190542388 0.1563785186971813 600
1781190542401 0.20266714732154248 601
1781190542420 1.3206480399141847 602
1781190542438 0.24428367932084283 603
1781190542467 0.3338041220590644 604
1781190542480 1.2563564219528014 605
1781190542493 0.3 606
1781190542517 0.21841789674494416 607
1781190542536 0.16487434692412514 608
1781190542549 0.31737660508671345 609
1781190542569 0.158179099905111 610
1781190542584 0.2124587133176397 611
1781190542642 0.27017000220577203 612
1781190542662 0.23723932877081808 613
1781190542711 0.33427329309938003 614
1781190542725 0.20715233091147406 615
1781190542757 0.2648626199843974 616
1781190542772 0.31865107831800393 617
1781190542810 1.2771310462809982 618
1781190542824 1.3223356836652378 619
1781190542869 1.1748197565549827 620
1781190542895 1.3488345803093824 621
1781190542911 1.32794438058842 622
1781190542922 1.2188892894346186 623
1781190542941 0.19210252322801066 624
1781190542959 0.3478612754093299 625
1781190542985 1.2566490772574064 626
1781190543010 0.24643576270702136 627
1781190543026 1.2296402455269708 628
1781190543043 1.310888074912608 629
1781190543074 0.33914193805498155 630
1781190543116 0.28156577507753905 631
1781190543136 1.2275932927883526 632
1781190543166 0.18050262298113376 633
1781190543189 1.4407748903988908 634
1781190543230 0.28465908579027094 635
1781190543257 0.2948369372747359 636
1781190543271 0.2537089950113724 637
1781190543294 0.2508501738294038 638
1781190543307 0.2299859957985995 639
1781190543344 1.2935364948502308 640
1781190543358 0.2465477516175151 641
1781190543373 1.32 642
1781190543402 0.31441601355169624 643
1781190543428 0.28197198943584745 644
1781190543442 0.16830548224608743 645
1781190543454 0.22592562530123533 646
1781190543467 0.20029455144984185 647
1781190543482 1.2286225747024644 648
1781190543507 0.3365664952583453 649
1781190543519 1.2105572809000085 650
1781190543537 0.2091048191347376 651
1781190543552 1.3089817945381794 652
1781190543568 1.317593948151498 653
1781190543599 0.13726522763334237 654
1781190543630 0.34579226859984824 655
1781190543643 1.2023812939816048 656
1781190543664 0.15482679492073567 657
1781190543706 1.2143545482169378 658
1781190543736 0.29367786621682573 659
1781190543758 0.15944130289876712 660
1781190543772 0.24753686101288874 661
1781190543786 1.3450557744205245 662
1781190543809 0.19418508751142152 663
1781190543845 1.2400854678020579 664
1781190543862 0.3376965456005245 665
1781190543893 0.30894269232831767 666
1781190543915 0.297949573979874 667
1781190543943 0.32310890698684597 668
1781190543968 1.3164041976716632 669
1781190543990 1.3063564219528014 670
1781190544010 0.15870888659875862 671
1781190544022 0.21135947395720814 672
1781190544034 1.2276660650702946 673
1781190544055 0.10642210562020808 674
1781190544072 0.2598811290098561 675
1781190544098 1.2808438969447205 676
1781190544111 1.2488521841012987 677
1781190544124 0.2544157694161448 678
1781190544137 0.3 679
1781190544174 1.347931825966554 680
1781190544193 0.24102321753804112 681
1781190544226 1.1942102600808329 682
1781190544246 0.16640630242882803 683
1781190544257 0.24836022205056776 684
1781190544278 0.3014755324446221 685
1781190544296 0.1874927833455601 686
1781190544326 0.15564745683129466 687
1781190544358 0.28240152298718246 688
1781190544385 0.20300030467012067 689
1781190544401 1.30201670574627 690
1781190544424 0.19389710992304826 691
1781190544436 1.2675557157738475 692
1781190544465 1.206866179140844 693
1781190544511 0.21707999114537116 694
1781190544522 1.22873033549002 695
1781190544560 0.31244414298824674 696
1781190544589 0.25886088077850644 697
1781190544615 1.2772239475666751 698
1781190544645 0.3117341280888546 699
1781190544661 0.46091095901015045 700
1781190544679 0.15453626945187007 701
1781190544693 1.3037859529115272 702
1781190544727 0.23953459320697015 703
1781190544742 0.2066163388650394 704
1781190544781 1.2081920829399386 705
1781190544812 1.2855045894549255 706
1781190544838 0.28698679605122507 707
1781190544860 0.16400559717809415 708
1781190544879 1.306583635889556 709
1781190544894 1.323632467631853 710
1781190544908 1.3105572809000086 711
1781190544935 0.2010624003926788 712
1781190544950 1.3153190201560059 713
1781190544979 0.2030190761350183 714
1781190544995 0.23754893953849515 715
1781190545040 1.1910643226713646 716
1781190545055 1.3306896719916328 717
1781190545124 0.13594469460261835 718
1781190545157 1.2951199300657714 719
1781190545176 0.22311199623376302 720
1781190545190 1.4374634324632678 721
1781190545212 0.30858241842785616 722
1781190545259 1.2549773336556345 723
1781190545271 0.2601137982391267 724
1781190545284 1.2333333333333334 725
1781190545299 1.307282735005447 726
1781190545318 0.2295663352101503 727
1781190545337 0.13345809944554887 728
1781190545372 1.276378250390765 729
1781190545385 1.201941932430908 730
1781190545400 1.3653589838486224 731
1781190545411 0.20298574998546678 732
1781190545435 0.31401010493873627 733
1781190545448 1.2563564219528014 734
1781190545460 0.20766194831233611 735
1781190545486 0.3287948355904118 736
1781190545502 0.17543354188446045 737
1781190545541 1.160104968474841 738
1781190545563 0.18596331048623518 739
1781190545584 0.18987530611228665 740
1781190545598 1.366055857111788 741
1781190545618 0.16190153899784435 742
1781190545637 0.2414801809927831 743
1781190545669 0.3112210601960785 744
1781190545689 0.15750549076056047 745
1781190545703 1.3067184753486123 746
1781190545730 0.3279830528419449 747
1781190545742 1.2 748
1781190545754 0.21322781687253753 749
1781190545770 0.3198216274262727 750
1781190545782 1.2029857499854668 751
1781190545798 0.25744677518265047 752
1781190545810 1.2292893218813452 753
1781190545849 1.2572787417389086 754
1781190545882 0.20272683327084884 755
1781190545895 1.3 756
1781190545914 0.1345216864378451 757
1781190545932 0.18616821947667422 758
1781190545968 1.1483757267896844 759
1781190545984 0.2100827803867428 760
1781190545996 0.21135947395720814 761
1781190546009 1.2563564219528014 762
1781190546035 1.2303561858890708 763
1781190546065 1.2589984754039343 764
1781190546088 1.1965574868662423 765
1781190546102 1.2 766
1781190546116 1.2023812939816048 767
1781190546139 0.18615556083590376 768
1781190546155 0.23270995385230436 769
1781190546177 0.34090631597147214 770
1781190546196 0.17798777640392546 771
1781190546219 0.2771323389343226 772
1781190546246 0.28540068263191826 773
1781190546279 1.291220395462594 774
1781190546301 0.10733242846623954 775
1781190546312 1.2563564219528014 776
1781190546327 0.20629574286683636 777
1781190546353 0.28068954148144915 778
1781190546369 1.3263618261690224 779
1781190546386 0.2529061808035227 780
1781190546414 0.2927078119770488 781
1781190546432 0.11132110973725881 782
1781190546452 0.3136809384193916 783
1781190546474 0.2660244777601748 784
1781190546487 0.27208547368804586 785
1781190546503 0.2618999618999428 786
1781190546523 1.2124618366494029 787
1781190546549 0.24038635406107367 788
1781190546565 0.19999999999999998 789
1781190546580 0.2300145787776235 790
1781190546593 0.3333333333333333 791
1781190546607 0.2105572809000084 792
1781190546623 0.3309057795511446 793
1781190546646 0.19215330072011902 794
1781190546657 1.2333333333333334 795
1781190546678 0.2838409752562897 796
1781190546691 1.2523669488377533 797
1781190546705 0.32857142857142857 798
1781190546725 0.23089299846699077 799
1781190546744 0.28067829106986797 800
1781190546765 1.214840056629451 801
1781190546781 1.3529129044202581 802
1781190546811 0.24123270976683073 803
1781190546831 0.173761507330015 804
1781190546849 1.3330289177471084 805
1781190546862 0.2105572809000084 806
1781190546874 1.2105572809000085 807
1781190546889 0.17745983144875552 808
1781190546923 0.20093643128895003 809
1781190546973 1.3694755873935827 810
1781190547001 0.32208440966063845 811
1781190547037 0.2625614350214812 812
1781190547068 0.26280711229053255 813
1781190547088 0.3357142857142857 814
1781190547110 0.1799637175120308 815
1781190547140 0.34879084435008106 816
1781190547168 0.29522051699508217 817
1781190547179 0.20766194831233611 818
1781190547201 0.322994645891318 819
1781190547216 0.2283182770692601 820
1781190547251 1.2028985991839802 821
1781190547268 0.27208547368804586 822
1781190547327 0.28434381952190263 823
1781190547347 1.2704564267937184 824
1781190547357 1.2032380194165777 825
1781190547369 1.2105572809000085 826
1781190547384 1.3300086760726646 827
1781190547404 0.16343261670951764 828
1781190547447 0.2941251577679619 829
1781190547475 0.3230118783944735 830
1781190547490 0.18320443405546807 831
1781190547504 0.3047338976755066 832
1781190547520 0.1763930070034822 833
1781190547553 0.15334095744464724 834
1781190547611 0.2725893989004923 835
1781190547621 1.2023812939816048 836
1781190547635 1.3010050506338835 837
1781190547656 0.19819229749317138 838
1781190547675 1.3229798807750073 839
1781190547691 0.3076619483123361 840
1781190547713 0.35382429034603896 841
1781190547727 0.19999999999999998 842
1781190547738 1.2032380194165777 843
1781190547786 1.248921214917705 844
1781190547813 0.29069670845024836 845
1781190547825 0.20298574998546678 846
1781190547840 1.3136825575038935 847
1781190547860 0.19784194650549813 848
1781190547897 0.24907443352738723 849
1781190547927 0.22414575059800942 850
1781190547945 0.1988547815791689 851
1781190547972 0.2599315426825773 852
1781190547992 0.1340599551299625 853
1781190548028 1.3160036096846666 854
1781190548044 1.340185139544542 855
1781190548088 1.2441087074820747 856
1781190548106 0.17419632612322913 857
1781190548143 0.2599941767548935 858
1781190548175 1.259484131159247 859
1781190548187 0.22155354594472637 860
1781190548201 0.20364539177436405 861
1781190548212 0.2051316701949486 862
1781190548255 1.2509239558910328 863
1781190548268 1.3535009445024724 864
1781190548286 1.21117470976289 865
1781190548315 0.2367881456822128 866
1781190548329 0.19999999999999998 867
1781190548342 1.3183503419072273 868
1781190548356 1.3035236178762268 869
1781190548368 1.2333333333333334 870
1781190548396 0.16414033366294195 871
1781190548421 0.2714918984271138 872
1781190548440 1.3249060738517362 873
1781190548476 1.3282497014195054 874
1781190548498 0.27556685523039454 875
1781190548517 0.10198039411803932 876
1781190548546 0.35845170338112636 877
1781190548559 1.2311752798388313 878
1781190548588 0.2704718466457428 879
1781190548602 1.2675557157738475 880
1781190548617 1.3279396241422328 881
1781190548652 0.21079575320291116 882
1781190548667 0.15692421580089655 883
1781190548683 0.15609740996676172 884
1781190548704 0.31600755401048014 885
1781190548741 0.27609137480875634 886
1781190548757 0.21029147728549394 887
1781190548770 1.2523669488377533 888
1781190548784 0.26220355269907725 889
1781190548812 0.25760385426017995 890
1781190548829 1.312712843905603 891
1781190548845 1.2296402455269708 892
1781190548876 0.28980392156862744 893
1781190548890 0.20364539177436405 894
1781190548914 0.1349463423233426 895
1781190548942 1.3243621230111915 896
1781190548965 0.09999999999999999 897
1781190549047 1.2147186983014255 898
1781190549062 1.3132278168725375 899
1781190549083 0.15807858010524614 900
1781190549105 0.1337837860739381 901
1781190549129 1.3462784690649747 902
1781190549140 1.201941932430908 903
1781190549154 0.24900665702969338 904
1781190549174 1.280480916457629 905
1781190549190 0.24000664709468608 906
1781190549204 0.2165377673888014 907
1781190549218 1.2675557157738475 908
1781190549235 1.3433053290486159 909
1781190549274 0.24844746146631425 910
1781190549289 1.307417990022745 911
1781190549301 0.2760954278133121 912
1781190549325 1.3051316701949487 913
1781190549340 0.3810263340389897 914
1781190549359 0.16818831078487298 915
1781190549389 0.1904401355659071 916
1781190549408 0.1562489165169052 917
1781190549422 0.32012769361691285 918
1781190549434 0.26220355269907725 919
1781190549447 1.2311752798388313 920
1781190549466 1.3281951798039309 921
1781190549489 1.3520101020731414 922
1781190549510 1.2674021182474298 923
1781190549532 0.18357634802001624 924
1781190549558 0.32319205378556615 925
1781190549572 0.10964920970947487 926
1781190549585 1.2292893218813452 927
1781190549603 0.11083548598794354 928
1781190549623 1.315668293420008 929
1781190549635 1.2306312024380703 930
1781190549650 0.2567707186721824 931
1781190549664 1.2029857499854668 932
1781190549678 0.20364539177436405 933
1781190549703 0.2670896644950025 934
1781190549728 0.35261085298678674 935
1781190549741 0.3311752798388315 936
1781190549755 0.3507634036082669 937
1781190549797 0.18828556873144128 938
1781190549813 1.3082929943746766 939
1781190549825 1.2032380194165777 940
1781190549843 0.31832825353725946 941
1781190549875 0.22414037461430583 942
1781190549923 0.2147891357783965 943
1781190549935 1.2023812939816048 944
1781190549960 0.10068405789918161 945
1781190549975 1.314719713457756 946
1781190549993 1.2576529196055648 947
1781190550009 0.25744677518265047 948
1781190550037 0.18260128524379232 949
1781190550053 0.34035190919365393 950
1781190550077 0.27519650403152573 951
1781190550113 0.2853238333236445 952
1781190550165 0.2528325269832267 953
1781190550183 1.3557281127576428 954
1781190550215 0.2825214435605592 955
1781190550243 0.31923563797498 956
1781190550261 1.3276372773013367 957
1781190550278 0.2545454545454545 958
1781190550303 0.26178292843662493 959
1781190550319 0.2465477516175151 960
1781190550340 1.3079112859089674 961
1781190550358 0.1794613257316151 962
1781190550377 1.297329142138513 963
1781190550391 1.3057190958417937 964
1781190550403 0.2465477516175151 965
1781190550424 0.1792519909190419 966
1781190550465 1.2484026002988124 967
1781190550482 1.3757464374963668 968
1781190550519 0.22156008905729455 969
1781190550531 0.21322781687253753 970
1781190550543 0.2503708333014535 971
1781190550557 1.3194177035974621 972
1781190550603 0.2834769645342631 973
1781190550628 0.30648412193638397 974
1781190550640 1.2032380194165777 975
1781190550663 0.17303434465213274 976
1781190550689 0.3214022508108141 977
1781190550708 0.443915503282684 978
1781190550723 1.3333333333333335 979
1781190550743 0.2566479943981327 980
1781190550764 0.16881595527462173 981
1781190550776 0.20871290708247228 982
1781190550805 0.2856459952032976 983
1781190550835 0.2936540603052167 984
1781190550865 0.29261581112131835 985
1781190550882 0.26935429864647625 986
1781190550905 0.13464984644975686 987
1781190550932 1.3028051460795829 988
1781190550954 0.25578369393376155 989
1781190551009 0.3221059231187591 990
1781190551033 1.3044310917210182 991
1781190551066 1.3070779135528636 992
1781190551101 1.3198569560786042 993
1781190551113 1.2523669488377533 994
1781190551131 0.26946469274669926 995
1781190551149 0.18683936353916536 996
1781190551164 1.3082929943746766 997
1781190551193 1.2205898611684016 998
1781190551207 1.3900741666602907 999
1781190551233 1.313963338380653 1000
1781190551249 0.16965241665213346 1001
1781190551262 0.21695452014626002 1002
1781190551275 0.3311752798388315 1003
1781190551289 1.453452248382485 1004
1781190551321 0.2784861963994754 1005
1781190551338 0.31256143502148126 1006
1781190551352 1.2023812939816048 1007
1781190551388 0.18836253880914683 1008
1781190551405 0.20368794713962476 1009
1781190551420 0.3095465966266709 1010
1781190551455 0.25578977513834866 1011
1781190551468 0.30571909584179363 1012
1781190551486 0.1686266528793265 1013
1781190551501 1.3082337064517753 1014
1781190551519 1.2769796662498947 1015
1781190551535 0.1988547815791689 1016
1781190551548 0.19999999999999998 1017
1781190551563 0.30588235294117644 1018
1781190551609 0.23293298706434848 1019
1781190551623 1.2 1020
1781190551638 0.20144793400181957 1021
1781190551655 1.3046336702913168 1022
1781190551686 1.2504606643479996 1023
1781190551701 1.3606080701420833 1024
1781190551723 0.24448359217048768 1025
1781190551759 0.23690662796632572 1026
1781190551772 1.2563564219528014 1027
1781190551790 1.2730384990768127 1028
1781190551816 0.30017754625829485 1029
1781190551836 1.3044210360703536 1030
1781190551853 0.18490611853729974 1031
1781190551881 0.25187882187330657 1032
1781190551896 0.3055088817476932 1033
1781190551925 1.2436327009521104 1034
1781190551945 0.20008001921742344 1035
1781190551995 0.3079994401045582 1036
1781190552022 1.3114297260197942 1037
1781190552042 0.13417329221471117 1038
1781190552062 1.2338421932695443 1039
1781190552082 0.1941166792018127 1040
1781190552101 1.319215829948154 1041
1781190552125 0.3124416018116916 1042
1781190552162 1.232280934765581 1043
1781190552195 0.3137087500223226 1044
1781190552218 0.19232054010380945 1045
1781190552234 0.3588945846339707 1046
1781190552266 0.28660656337823226 1047
1781190552295 0.20508860655629055 1048
1781190552326 0.33361161140930096 1049
1781190552374 0.33722296637093124 1050
1781190552408 0.2142462511449307 1051
1781190552421 1.256721078854945 1052
1781190552438 1.3374456757828777 1053
1781190552454 1.3672673164646012 1054
1781190552469 1.3073907640230453 1055
1781190552494 1.202710900985029 1056
1781190552509 1.2276660650702946 1057
1781190552525 0.1703579841980513 1058
1781190552559 0.2635972350672825 1059
1781190552581 0.24234433398029448 1060
1781190552599 1.367879196278019 1061
1781190552613 1.3037749551350624 1062
1781190552626 0.18095238095238095 1063
1781190552655 0.3577827009486383 1064
1781190552669 1.2272393124891001 1065
1781190552690 0.24353068231994587 1066
1781190552703 1.2523669488377533 1067
1781190552721 1.2389631902491782 1068
1781190552746 0.27521977122140506 1069
1781190552760 1.3214285714285714 1070
1781190552774 0.20766194831233611 1071
1781190552822 1.249684850719051 1072
1781190552835 0.20326246087349747 1073
1781190552856 0.09999999999999999 1074
1781190552883 0.30264015020104257 1075
1781190552954 1.2388514269356505 1076
1781190552974 1.3320837824035185 1077
1781190552986 1.2032380194165777 1078
1781190553005 1.4716808163631785 1079
1781190553047 0.3149952562993517 1080
1781190553085 0.25731304912941266 1081
1781190553123 1.2184354668888469 1082
1781190553138 1.3514928749927335 1083
1781190553155 1.3907252220847968 1084
1781190553181 0.22239065677837203 1085
1781190553207 0.250628374433962 1086
1781190553248 0.3325063441054951 1087
1781190553263 0.2742119172443799 1088
1781190553278 1.2311752798388313 1089
1781190553296 0.274530224122581 1090
1781190553312 1.3692206494374455 1091
1781190553336 0.17519650403152573 1092
1781190553373 0.33421935771037714 1093
1781190553389 1.3114562255152855 1094
1781190553403 1.302985749985467 1095
1781190553423 0.2008958359694354 1096
1781190553435 0.23117527983883146 1097
1781190553447 0.21531902015600587 1098
1781190553468 0.21178152568202271 1099
1781190553485 1.3564714249933993 1100
1781190553506 0.2091048191347376 1101
1781190553521 0.1029857499854668 1102
1781190553543 0.23056155891804175 1103
1781190553575 0.25118499886432316 1104
1781190553601 0.21443941809000147 1105
1781190553624 0.13374401268656294 1106
1781190553655 0.18542244934535337 1107
1781190553667 1.2276660650702946 1108
1781190553685 1.2066619048833758 1109
1781190553699 1.2523669488377533 1110
1781190553715 0.38594543262147385 1111
1781190553748 1.2645240878983453 1112
1781190553767 0.21343549002604237 1113
1781190553780 1.2314005659429965 1114
1781190553798 0.20240999270514667 1115
1781190553823 1.321998650484009 1116
1781190553838 0.2066163388650394 1117
1781190553863 0.19322255563171292 1118
1781190553889 0.2694575071545472 1119
1781190553920 0.250868551785232 1120
1781190553952 0.20288995376506372 1121
1781190553976 0.26735745678923906 1122
1781190554012 0.16687675194927815 1123
1781190554033 0.3453696782941063 1124
1781190554047 1.2105572809000085 1125
1781190554059 1.2188892894346186 1126
1781190554073 1.32587506833389 1127
1781190554090 1.3378940996591882 1128
1781190554125 0.30166859734448287 1129
1781190554141 0.11649331992329347 1130
1781190554165 0.32928932188134524 1131
1781190554194 1.2137465689799456 1132
1781190554207 1.2051316701949486 1133
1781190554224 1.301223703467093 1134
1781190554262 0.17444780568470533 1135
1781190554278 0.23111532798063356 1136
1781190554298 0.3158220852892413 1137
1781190554312 1.3641431417199683 1138
1781190554343 0.382007195682878 1139
1781190554357 1.2 1140
1781190554375 0.28085141475102615 1141
1781190554421 0.3007280077540813 1142
1781190554442 0.27537957374913896 1143
1781190554464 0.23745895160047165 1144
1781190554482 0.1665427736855891 1145
1781190554535 0.22720957805983794 1146
1781190554558 0.24452080950535976 1147
1781190554572 0.20100505063388333 1148
1781190554599 0.2826359711057473 1149
1781190554631 0.33620202678238353 1150
1781190554669 1.1870633652642455 1151
1781190554683 1.3129611720221512 1152
1781190554697 1.3303689376177208 1153
1781190554728 1.232149805143351 1154
1781190554752 0.16029147728549395 1155
1781190554775 0.18480496595078594 1156
1781190554815 0.28863593601518406 1157
1781190554831 0.2124587133176397 1158
1781190554862 0.3117177601938961 1159
1781190554883 0.16768673372458984 1160
1781190554919 1.2064180799642592 1161
1781190554943 0.3003771977548993 1162
1781190554970 0.2561896288885833 1163
1781190554999 0.275435628079856 1164
1781190555019 0.19088377922751376 1165
1781190555032 0.20298574998546678 1166
1781190555071 1.2249889553927404 1167
1781190555086 0.16965241665213346 1168
1781190555118 0.31425242483057075 1169
1781190555139 0.2256453047777923 1170
1781190555153 0.09999999999999999 1171
1781190555180 0.2828843944785976 1172
1781190555195 0.20442103607035353 1173
1781190555220 1.2317664174699758 1174
1781190555233 1.201941932430908 1175
1781190555250 0.2780261406238748 1176
1781190555265 0.1815824452921273 1177
1781190555281 1.3188892894346187 1178
1781190555303 0.2914120432171702 1179
1781190555318 0.32284832501895405 1180
1781190555338 0.1817802716219285 1181
1781190555383 0.2972242217454615 1182
1781190555394 1.2292893218813452 1183
1781190555425 0.24305216646080469 1184
1781190555441 0.10364706819182566 1185
1781190555459 0.15811484669958378 1186
1781190555474 0.20954659662667088 1187
1781190555487 1.2314005659429965 1188
1781190555502 0.10364706819182566 1189
1781190555516 0.16965241665213346 1190
1781190555532 1.3483602220505677 1191
1781190555566 1.268518477401536 1192
1781190555582 0.25744677518265047 1193
1781190555601 0.34121036487477846 1194
1781190555620 0.30878406761784255 1195
1781190555649 1.2828301632670869 1196
1781190555670 0.16229419806929707 1197
1781190555696 0.32122736385566236 1198
1781190555709 1.32 1199
1781190555725 1.23 1200
1781190555739 1.2675557157738475 1201
1781190555758 0.30546273691058823 1202
1781190555779 0.2412758861006851 1203
1781190555801 0.1508067004982411 1204
1781190555824 0.203084199834886 1205
1781190555857 0.3593337145779721 1206
1781190555898 0.17687221223577287 1207
1781190555913 0.22078819656186605 1208
1781190555934 1.26684781593797 1209
1781190555945 1.2048697011691012 1210
1781190555968 0.27139241441140266 1211
1781190555981 1.2675557157738475 1212
1781190556004 0.2638521554353974 1213
1781190556017 1.2333333333333334 1214
1781190556039 0.2793021508827398 1215
1781190556066 0.2861192317394364 1216
1781190556099 1.3194466280956154 1217
1781190556127 0.2846116909979093 1218
1781190556145 0.21603623435385827 1219
1781190556169 0.2765972627369069 1220
1781190556183 0.3018019493938034 1221
1781190556195 0.17574254573500317 1222
1781190556218 0.18656869289774902 1223
1781190556256 0.29960040361129736 1224
1781190556274 0.16640630242882803 1225
1781190556299 1.3135539149232336 1226
1781190556341 0.28516176544546407 1227
1781190556375 1.2610875014316911 1228
1781190556393 0.33869939661671117 1229
1781190556421 0.3291118794991664 1230
1781190556439 0.20061162653263812 1231
1781190556455 0.10364706819182566 1232
1781190556490 0.20710557972647317 1233
1781190556508 1.453125320249086 1234
1781190556521 1.2675557157738475 1235
1781190556559 0.272009453887538 1236
1781190556577 0.30571909584179363 1237
1781190556611 0.2761139584760083 1238
1781190556625 0.23744567578287756 1239
1781190556659 0.18387228614240134 1240
1781190556681 0.17225718222506517 1241
1781190556697 1.323895760935281 1242
1781190556708 1.2666666666666666 1243
1781190556747 0.2521439060080023 1244
1781190556781 1.2232975904689203 1245
1781190556796 1.3573957038501965 1246
1781190556812 0.2283182770692601 1247
1781190556841 1.2881708268033336 1248
1781190556856 0.3199673269334959 1249
1781190556878 1.2851844952284 1250
1781190556894 1.311774245348743 1251
1781190556915 1.1757989751883204 1252
1781190556939 1.3183503419072273 1253
1781190556986 0.2778494911738992 1254
1781190557003 1.3227115843819355 1255
1781190557032 1.204410156379193 1256
1781190557047 0.20198410137888057 1257
1781190557071 0.10211512903517261 1258
1781190557114 0.364014391365756 1259
1781190557125 0.2465477516175151 1260
1781190557146 0.2293993285591005 1261
1781190557168 0.1680234905449279 1262
1781190557183 0.10198460557718676 1263
1781190557202 0.27008238294319986 1264
1781190557215 0.22941176470588234 1265
1781190557236 0.1594633715471029 1266
1781190557249 0.23603978509331686 1267
1781190557269 0.10886467292793885 1268
1781190557285 1.310536992203116 1269
1781190557305 0.09999999999999999 1270
1781190557335 1.2656521429940837 1271
1781190557373 0.27681438027973665 1272
1781190557389 1.3537089950113725 1273
1781190557406 0.20571909584179365 1274
1781190557418 1.2276660650702946 1275
1781190557432 0.21322781687253753 1276
1781190557468 0.12816886994112534 1277
1781190557487 1.1852255546561423 1278
1781190557519 0.3061843091280351 1279
1781190557547 0.2577876400439902 1280
1781190557568 0.15318381017100965 1281
1781190557598 0.24584214737076318 1282
1781190557621 0.16038727755440688 1283
1781190557639 0.2468130249590858 1284
1781190557653 1.309546596626671 1285
1781190557684 0.17057862779473595 1286
1781190557707 0.16251416126546453 1287
1781190557733 0.2882436870512446 1288
1781190557758 0.08996177276207865 1289
1781190557778 0.10367924105608749 1290
1781190557805 0.2504974111687418 1291
1781190557821 0.18402271549697294 1292
1781190557842 1.3518929764557637 1293
1781190557859 1.3531707094209153 1294
1781190557884 0.1581518141946289 1295
1781190557903 1.2182895227866208 1296
1781190557915 0.20766194831233611 1297
1781190557929 0.20298574998546678 1298
1781190557945 0.25282718234751367 1299
1781190557974 0.3232166309391812 1300
1781190557998 0.15129664169251142 1301
1781190558017 0.13396466090918716 1302
1781190558033 1.3332875615005009 1303
1781190558047 1.2311752798388313 1304
1781190558078 1.3350066316380318 1305
1781190558090 1.2311752798388313 1306
1781190558132 0.2346989801282562 1307
1781190558172 0.3195261412232611 1308
1781190558188 0.17834589938942688 1309
1781190558218 0.2671393055463297 1310
1781190558232 0.2601137982391267 1311
1781190558244 1.2523669488377533 1312
1781190558262 1.4072760687510901 1313
1781190558282 0.10146585196910983 1314
1781190558298 1.3129611720221512 1315
1781190558323 0.2622473091047443 1316
1781190558342 0.17977531168232166 1317
1781190558362 1.3041606282095652 1318
1781190558374 0.20298574998546678 1319
1781190558433 0.1817790438603645 1320
1781190558483 0.20843143613860754 1321
1781190558511 1.2682846236063323 1322
1781190558525 1.2563564219528014 1323
1781190558541 0.30636708224309556 1324
1781190558558 1.3633853953323842 1325
1781190558581 0.3890152992723782 1326
1781190558597 1.3305120771027696 1327
1781190558620 1.2238964351865198 1328
1781190558635 1.3466962716277784 1329
1781190558664 0.3697191949027711 1330
1781190558687 0.16491128304423225 1331
1781190558713 0.3247674760496987 1332
1781190558730 1.3563564219528015 1333
1781190558750 1.3134574663382537 1334
1781190558786 0.23633210118094441 1335
1781190558807 0.3031335100093077 1336
1781190558819 0.23117527983883146 1337
1781190558836 0.32016046267114034 1338
1781190558850 1.2272393124891001 1339
1781190558869 0.24764924543276 1340
1781190558884 0.11918779643582314 1341
1781190558898 0.21195912215198667 1342
1781190558913 1.3589368453502508 1343
1781190558936 0.26898931676610005 1344
1781190558954 0.09999999999999999 1345
1781190558970 1.2105572809000085 1346
1781190559008 0.26304232506851727 1347
1781190559025 1.3807549910270125 1348
1781190559046 0.24669379628493704 1349
1781190559062 0.16965241665213346 1350
1781190559086 1.2138191105372957 1351
1781190559100 1.4000000000000001 1352
1781190559114 1.3024099927051467 1353
1781190559131 1.301941932430908 1354
1781190559154 0.19118868981738282 1355
1781190559166 1.2675557157738475 1356
1781190559187 0.19140056594299648 1357
1781190559213 0.19863928088740485 1358
1781190559229 1.338505995373191 1359
1781190559252 0.3000136012786617 1360
1781190559276 1.274287280259628 1361
1781190559289 1.3087129070824723 1362
1781190559324 0.31762246383568093 1363
1781190559338 1.2079642013383156 1364
1781190559361 0.14754774110999624 1365
1781190559392 1.2037905710139163 1366
1781190559410 0.10310372097500911 1367
1781190559423 0.20326246087349747 1368
1781190559440 0.2842735291273445 1369
1781190559452 0.20298574998546678 1370
1781190559465 1.2292893218813452 1371
1781190559491 0.2657787126310011 1372
1781190559512 0.10148306662325898 1373
1781190559551 0.2067123670761639 1374
1781190559565 1.3046537410754409 1375
1781190559581 1.3080290990772552 1376
1781190559599 0.3294021881593868 1377
1781190559630 1.2611828526316968 1378
1781190559646 1.215116178467892 1379
1781190559666 0.13492063158882361 1380
1781190559680 1.2675557157738475 1381
1781190559696 0.1053502951439398 1382
1781190559708 1.2488521841012987 1383
1781190559725 1.3561642996240395 1384
1781190559742 0.2798944835392042 1385
1781190559772 0.1813964251957957 1386
1781190559800 0.3445734692274573 1387
1781190559843 1.2565461110879117 1388
1781190559870 0.29749733358951547 1389
1781190559886 0.1119047619047619 1390
1781190559908 0.27976190476190477 1391
1781190559922 1.2032380194165777 1392
1781190559935 1.2314005659429965 1393
1781190559950 1.309924530177791 1394
1781190559967 1.3057190958417937 1395
1781190559984 1.4688247201611686 1396
1781190559998 0.24089171953206745 1397
1781190560017 0.17862508695327767 1398
1781190560031 1.2032380194165777 1399
1781190560066 0.3057788170309534 1400
1781190560091 0.2582263536779525 1401
1781190560104 0.2045572855536333 1402
1781190560126 0.1685165000165015 1403
1781190560140 0.19999999999999998 1404
1781190560165 0.3484439352462286 1405
1781190560182 1.3422649730810374 1406
1781190560215 0.26701407947598726 1407
1781190560237 0.2693200010283097 1408
1781190560254 0.20433192302350298 1409
1781190560274 0.13482130338042317 1410
1781190560298 0.2026473216171407 1411
1781190560317 0.11083548598794354 1412
1781190560345 1.284774364181334 1413
1781190560358 0.2165377673888014 1414
1781190560381 0.13522895911300717 1415
1781190560397 1.302985749985467 1416
1781190560418 0.17533324866653965 1417
1781190560432 1.2272393124891001 1418
1781190560466 0.3264715514338973 1419
1781190560495 0.23420840348680466 1420
1781190560519 0.10005637990248527 1421
1781190560531 0.2105572809000084 1422
1781190560542 0.25477329831333545 1423
1781190560578 0.2885699358235011 1424
1781190560600 1.2921582110437908 1425
1781190560619 0.1562864472706493 1426
1781190560631 0.20326246087349747 1427
1781190560649 0.21105008200066783 1428
1781190560679 0.1474332940992156 1429
1781190560725 0.23259649991542247 1430
1781190560738 0.22155354594472637 1431
1781190560751 1.2523669488377533 1432
1781190560800 0.3375304952445576 1433
1781190560818 0.10098524570233257 1434
1781190560854 1.182748148734549 1435
1781190560870 0.3870900555126419 1436
1781190560885 1.317071157113727 1437
1781190560907 0.09999999999999999 1438
1781190560921 1.3171991318111973 1439
1781190560941 0.25683936353916537 1440
1781190560954 0.20766194831233611 1441
1781190560988 1.191998277043589 1442
1781190561033 0.2620543692961134 1443
1781190561084 0.30363758883405684 1444
1781190561101 1.3334487735353837 1445
1781190561124 0.18864280089221036 1446
1781190561136 1.2675557157738475 1447
1781190561150 0.21613407829775846 1448
1781190561174 0.2663515112391036 1449
1781190561188 0.24882336842808409 1450
1781190561216 1.2586587511746816 1451
1781190561249 0.2543600450476676 1452
1781190561262 0.2129428499867986 1453
1781190561277 1.308941608205863 1454
1781190561290 0.20101732045351353 1455
1781190561328 1.233375829468591 1456
1781190561369 1.2600992000892863 1457
1781190561389 0.15110152848384556 1458
1781190561402 1.2 1459
1781190561418 1.3213110524635368 1460
1781190561440 0.20409755523676873 1461
1781190561459 0.18979851398564512 1462
1781190561472 1.3360978515736543 1463
1781190561488 0.1004136522384985 1464
1781190561512 0.267405276305587 1465
1781190561532 0.10116283023493827 1466
1781190561547 0.1733851420152789 1467
1781190561579 1.1342566612664517 1468
1781190561618 1.2875494789339301 1469
1781190561647 0.25085147639592026 1470
1781190561661 1.2306312024380703 1471
1781190561678 1.3038476052359178 1472
1781190561701 0.3443513325087798 1473
1781190561720 1.3665312826842784 1474
1781190561742 0.18803330156717324 1475
1781190561764 0.2936823371710276 1476
1781190561815 1.2655301284268412 1477
1781190561838 0.24350410369382955 1478
1781190561852 1.3697386233665598 1479
1781190561865 1.2675557157738475 1480
1781190561896 0.31180056605295264 1481
1781190561921 1.280480916457629 1482
1781190561933 1.2188892894346186 1483
1781190561947 0.3810263340389897 1484
1781190561968 1.2193430330257515 1485
1781190561984 0.19999999999999998 1486
1781190562028 1.2554859017519486 1487
1781190562054 0.16644955817889162 1488
1781190562077 0.23618505481830673 1489
1781190562093 0.1119047619047619 1490
1781190562110 1.344529980377477 1491
1781190562143 0.2932527602050639 1492
1781190562186 1.1878097359213575 1493
1781190562203 0.2023812939816047 1494
1781190562222 1.329509262314976 1495
1781190562246 0.15709574049297462 1496
1781190562259 1.2314005659429965 1497
1781190562272 0.20298574998546678 1498
1781190562303 1.3413828891325896 1499
1781190562316 1.2292893218813452 1500
1781190562338 0.22783901880373847 1501
1781190562369 1.2716824866786105 1502
1781190562382 1.2048697011691012 1503
1781190562394 0.20266714732154245 1504
1781190562424 0.31286518588887247 1505
1781190562461 0.3891214341355916 1506
1781190562482 0.1493113818744279 1507
1781190562498 0.2141761752177418 1508
1781190562515 0.17011486378662619 1509
1781190562540 0.31607456725837174 1510
1781190562560 0.32571722499368194 1511
1781190562609 0.26544148526307376 1512
1781190562633 0.15457312512507962 1513
1781190562673 0.22126214418192455 1514
1781190562689 0.11918779643582314 1515
1781190562718 1.2016880965432666 1516
1781190562732 0.16965241665213346 1517
1781190562752 0.13396466090918716 1518
1781190562768 1.344370608883341 1519
1781190562791 0.3231834485691072 1520
1781190562815 0.1527248610988876 1521
1781190562835 1.3396861356091136 1522
1781190562853 0.3183503419072274 1523
1781190562871 0.16965241665213346 1524
1781190562906 0.3153238333236445 1525
1781190562942 1.2648474459479193 1526
1781190562956 1.2032380194165777 1527
1781190562974 0.18632110973725882 1528
1781190562992 1.2084331057421351 1529
1781190563021 0.3089700872636487 1530
1781190563038 1.3504926228511662 1531
1781190563067 1.2354754700245045 1532
1781190563081 0.19999999999999998 1533
1781190563117 0.3264430287510173 1534
1781190563136 1.4158665765604384 1535
1781190563162 0.25093261125568533 1536
1781190563178 0.20252453500670117 1537
1781190563205 0.3291250692137658 1538
1781190563221 0.23117527983883146 1539
1781190563260 0.2963941851887706 1540
1781190563274 1.3528857152568454 1541
1781190563288 0.10253985305181867 1542
1781190563310 0.2008443976888619 1543
1781190563328 1.3037493892239624 1544
1781190563352 1.3386860660515034 1545
1781190563380 0.36581182706210863 1546
1781190563396 1.3132278168725375 1547
1781190563413 0.3485504244572474 1548
1781190563433 0.32441451102095964 1549
1781190563483 0.3057272625453208 1550
1781190563514 1.2763237799670892 1551
1781190563536 0.22264946314832712 1552
1781190563549 0.21555993381585017 1553
1781190563563 1.321110650834446 1554
1781190563587 0.28082367813039777 1555
1781190563609 0.29852815227974194 1556
1781190563631 1.3611223588015529 1557
1781190563642 1.256721078854945 1558
1781190563655 0.20493458486347302 1559
1781190563668 1.2048697011691012 1560
1781190563683 0.24753686101288874 1561
1781190563738 1.1693010825003045 1562
1781190563768 1.265856048737434 1563
1781190563798 1.2648343162403815 1564
1781190563819 0.15388537871793484 1565
1781190563838 1.2235624658350788 1566
1781190563867 0.31761141591289005 1567
1781190563901 1.1520225574806284 1568
1781190563915 1.2105572809000085 1569
1781190563930 1.357573593128807 1570
1781190563968 1.2830469650289935 1571
1781190564010 0.21416748867236968 1572
1781190564034 0.16715233091147408 1573
1781190564069 0.2973101769405277 1574
1781190564087 0.19046659046655237 1575
1781190564105 0.16782949690160492 1576
1781190564125 0.24695547876383347 1577
1781190564151 0.34342333042472467 1578
1781190564174 0.20414173938637395 1579
1781190564193 0.16552335196689225 1580
1781190564215 0.13374401268656294 1581
1781190564235 1.2684194801801842 1582
1781190564267 1.2129859473215998 1583
1781190564284 0.14129753467164888 1584
1781190564305 1.2821809106763187 1585
1781190564321 1.3262101144488414 1586
1781190564344 0.1633868860862773 1587
1781190564368 0.10240520899850451 1588
1781190564388 0.18822021261139305 1589
1781190564425 1.271528388527333 1590
1781190564439 1.3198216274262726 1591
1781190564452 0.2176470588235294 1592
1781190564471 0.1910152061710082 1593
1781190564494 0.16499668294840233 1594
1781190564510 1.2314005659429965 1595
1781190564524 0.2105572809000084 1596
1781190564538 1.304742065558432 1597
1781190564559 0.26303509036073147 1598
1781190564587 0.17996990247481465 1599
1781190564608 1.234725842823854 1600
1781190564623 1.324105336155959 1601
1781190564638 1.3089817945381794 1602
1781190564651 0.2555250410003339 1603
1781190564674 0.1594633715471029 1604
1781190564689 0.1733851420152789 1605
1781190564736 0.2441042778193912 1606
1781190564751 1.361899961899943 1607
1781190564767 0.13610277480050867 1608
1781190564781 1.2032380194165777 1609
1781190564805 0.2877828983161745 1610
1781190564819 1.2675557157738475 1611
1781190564841 0.13616677127558166 1612
1781190564869 1.272168993434632 1613
1781190564893 0.1771697311830874 1614
1781190564916 0.35314940034527337 1615
1781190564965 1.3105820469863478 1616
1781190564990 0.16899827008140605 1617
1781190565005 0.222133717857234 1618
1781190565020 1.256721078854945 1619
1781190565039 1.3057190958417937 1620
1781190565051 0.20298574998546678 1621
1781190565075 0.3195600333460156 1622
1781190565106 0.2900818828632972 1623
1781190565118 0.20266714732154248 1624
1781190565140 0.2663139231573392 1625
1781190565153 0.19999999999999998 1626
1781190565170 1.3177560381300288 1627
1781190565185 1.3038517697865692 1628
1781190565237 1.3090125459258466 1629
1781190565254 1.3081859239473408 1630
1781190565269 1.2029857499854668 1631
1781190565282 1.2523669488377533 1632
1781190565310 1.2641595073343606 1633
1781190565331 0.3016534859594121 1634
1781190565342 1.2314005659429965 1635
1781190565375 1.2035049495267232 1636
1781190565389 1.2032380194165777 1637
1781190565408 0.19768067913159576 1638
1781190565434 0.19265842735857602 1639
1781190565450 0.30588235294117644 1640
1781190565493 1.233558445873345 1641
1781190565516 0.27556685523039454 1642
1781190565532 1.344370608883341 1643
1781190565548 1.3369471711244538 1644
1781190565575 1.3110999110998667 1645
1781190565589 0.2045572855536333 1646
1781190565603 1.2023812939816048 1647
1781190565625 0.31248122546803736 1648
1781190565649 1.3218264040029428 1649
1781190565661 0.19999999999999998 1650
1781190565698 1.2960311646660252 1651
1781190565731 0.19888928943461873 1652
1781190565772 0.21203076784999286 1653
1781190565794 0.3110193126346265 1654
1781190565827 0.2101379202327014 1655
1781190565840 0.25282718234751367 1656
1781190565859 1.2105572809000085 1657
1781190565873 1.2333333333333334 1658
1781190565890 1.1366094513004592 1659
1781190565909 0.18596331048623518 1660
1781190565927 0.2231778720402624 1661
1781190565958 0.1644260329516088 1662
1781190565996 0.3127452986961261 1663
1781190566010 1.309546596626671 1664
1781190566034 1.207509861445492 1665
1781190566047 1.2479734018285527 1666
1781190566083 0.2930294853395389 1667
1781190566099 1.2272393124891001 1668
1781190566110 0.2760954278133121 1669
1781190566126 0.11440790149781742 1670
1781190566149 1.307150191178056 1671
1781190566192 1.192399068010146 1672
1781190566229 0.1632971996370931 1673
1781190566241 0.24782060679127962 1674
1781190566258 1.1702708716746169 1675
1781190566282 0.2935758378549775 1676
1781190566315 0.3190478424227636 1677
1781190566358 1.2522031204841726 1678
1781190566371 0.21195912215198667 1679
1781190566386 0.09999999999999999 1680
1781190566404 0.2319231577359946 1681
1781190566446 0.20079935586493408 1682
1781190566479 0.34116192650854416 1683
1781190566497 1.2881321834180615 1684
1781190566518 1.1758958262212675 1685
1781190566537 0.24434681091905722 1686
1781190566550 0.24836022205056776 1687
1781190566576 0.25373837192638143 1688
1781190566594 0.32970763673101966 1689
1781190566620 1.3132715190718696 1690
1781190566634 1.2687652476222788 1691
1781190566659 0.2047783418590892 1692
1781190566697 0.30047629784156854 1693
1781190566715 0.23286549133626486 1694
1781190566740 1.264433625156429 1695
1781190566753 1.2563564219528014 1696
1781190566774 0.17117946376805918 1697
1781190566789 1.3124810051012634 1698
1781190566838 1.2081962625373401 1699
1781190566859 0.31837133423514674 1700
1781190566877 0.20130902094924724 1701
1781190566892 1.3606080701420833 1702
1781190566905 1.2533430525184155 1703
1781190566920 0.2511547181283668 1704
1781190566933 0.20266714732154248 1705
1781190566954 0.17732151869262908 1706
1781190566985 0.23323124747506196 1707
1781190567002 1.344370608883341 1708
1781190567020 1.309859044549496 1709
1781190567035 0.2272393124891001 1710
1781190567048 1.2029857499854668 1711
1781190567068 0.3067687633243906 1712
1781190567083 1.3384052680253762 1713
1781190567100 1.3249444650053488 1714
1781190567118 0.10963038858849361 1715
1781190567134 1.4478091443733758 1716
1781190567155 1.3311642996240394 1717
1781190567183 1.3178555853250404 1718
1781190567213 0.3330625653685566 1719
1781190567231 0.26769173400168683 1720
1781190567246 1.328697590409262 1721
1781190567273 0.25067707237517367 1722
1781190567287 1.2523669488377533 1723
1781190567303 0.19046659046655237 1724
1781190567319 0.24206947497003495 1725
1781190567338 0.1774970101163826 1726
1781190567353 1.3046336702913168 1727
1781190567394 0.22025477771711 1728
1781190567426 0.22752056366228898 1729
1781190567449 0.16736656152077187 1730
1781190567464 0.2066163388650394 1731
1781190567507 0.35343669263335825 1732
1781190567522 1.3082337064517753 1733
1781190567537 0.11083548598794353 1734
1781190567552 1.3046537410754409 1735
1781190567565 0.19999999999999998 1736
1781190567580 0.24758575816390407 1737
1781190567594 1.2188892894346186 1738
1781190567618 0.22322520957447572 1739
1781190567631 1.2032380194165777 1740
1781190567651 0.10000980151925902 1741
1781190567674 0.3220516237046043 1742
1781190567702 0.2399474123786298 1743
1781190567716 1.352859547920897 1744
1781190567732 0.18270995385230437 1745
1781190567747 1.317593948151498 1746
1781190567769 0.10669258062831273 1747
1781190567782 1.2306312024380703 1748
1781190567802 1.2084614270111906 1749
1781190567823 0.2734661995125371 1750
1781190567837 1.256721078854945 1751
1781190567858 0.2457940828153002 1752
1781190567873 1.3244071053981545 1753
1781190567893 0.24200980598368652 1754
1781190567905 1.2 1755
1781190567932 0.16823079622374518 1756
1781190567954 0.24102321753804112 1757
1781190568001 1.2010831001676159 1758
1781190568015 0.26220355269907725 1759
1781190568032 1.3264232792618043 1760
1781190568051 0.21271284390560302 1761
1781190568077 0.27770906130969314 1762
1781190568099 0.1721166946738216 1763
1781190568115 1.3272393124891002 1764
1781190568128 1.2276660650702946 1765
1781190568139 1.2272393124891001 1766
1781190568153 0.20192767047641919 1767
1781190568170 1.317593948151498 1768
1781190568185 1.2537089950113725 1769
1781190568200 0.48717948717948717 1770
1781190568213 0.20298574998546678 1771
1781190568231 1.3128860629951058 1772
1781190568255 0.20254901960784313 1773
1781190568279 0.1006527327095894 1774
1781190568314 1.317497135267461 1775
1781190568337 1.345170692086686 1776
1781190568363 0.2815103632326044 1777
1781190568376 1.2023812939816048 1778
1781190568411 1.258541026684928 1779
1781190568435 0.20214980514335107 1780
1781190568492 1.3504182945734227 1781
1781190568529 1.3084331057421352 1782
1781190568544 0.23117527983883146 1783
1781190568555 1.2488521841012987 1784
1781190568578 0.13432717346104084 1785
1781190568618 1.2452629079044273 1786
1781190568643 0.2581421467031257 1787
1781190568677 0.21927815767469716 1788
1781190568691 1.2292893218813452 1789
1781190568708 1.31841198756199 1790
1781190568722 1.30201670574627 1791
1781190568739 1.3683772233983162 1792
1781190568756 1.313998683643247 1793
1781190568771 1.3712981076059036 1794
1781190568797 0.2555250410003339 1795
1781190568827 0.13722588710061914 1796
1781190568844 1.3056120192551461 1797
1781190568858 0.16965241665213346 1798
1781190568898 0.271818602297615 1799
1781190568928 0.19049857299856682 1800
1781190568941 1.22873033549002 1801
1781190568960 0.2536747180685131 1802
1781190568983 0.18321694874211794 1803
1781190569006 1.305623765839094 1804
1781190569039 0.22804603093819742 1805
1781190569052 1.2311752798388313 1806
1781190569065 0.2760954278133121 1807
1781190569097 0.21944303750255031 1808
1781190569110 0.20298574998546678 1809
1781190569175 1.1942908321514734 1810
1781190569188 0.3287303354900202 1811
1781190569209 0.25503613995300156 1812
1781190569229 0.3135100035812263 1813
1781190569243 1.256721078854945 1814
1781190569272 0.32167881564801953 1815
1781190569291 0.2716967500206136 1816
1781190569320 0.2098444605605449 1817
1781190569338 0.2752957826296586 1818
1781190569351 1.3151471862576143 1819
1781190569364 1.2032380194165777 1820
1781190569389 0.2901350469917231 1821
1781190569401 1.2105572809000085 1822
1781190569438 0.32642766146305624 1823
1781190569454 0.329043370953977 1824
1781190569483 0.34141115241597175 1825
1781190569504 0.13506227548129315 1826
1781190569516 0.20766194831233611 1827
1781190569529 1.2048697011691012 1828
1781190569543 1.2333333333333334 1829
1781190569563 1.2493669476034488 1830
1781190569585 0.1334872980127921 1831
1781190569599 1.3561642996240395 1832
1781190569638 0.32367181916600324 1833
1781190569674 0.26218627109911813 1834
1781190569700 1.2963834599596378 1835
1781190569726 0.3563976145792967 1836
1781190569742 0.12433555507962657 1837
1781190569755 1.2272393124891001 1838
1781190569779 1.309926880993671 1839
1781190569796 1.3161740515384093 1840
1781190569831 1.2865892510931856 1841
1781190569858 0.2850961621884975 1842
1781190569872 0.20766194831233611 1843
1781190569897 0.32267177087309773 1844
1781190569912 0.1815824452921273 1845
1781190569957 0.24017973163942885 1846
1781190569973 0.10058651532275656 1847
1781190570000 0.23089780624265552 1848
1781190570020 0.233666752110988 1849
1781190570039 0.24644355610267957 1850
1781190570056 0.3026671473215425 1851
1781190570069 1.2029857499854668 1852
1781190570090 1.284879203145726 1853
1781190570120 0.31175050660547365 1854
1781190570139 0.18184690444111612 1855
1781190570155 1.3470187057173983 1856
1781190570168 1.2272393124891001 1857
1781190570180 0.19999999999999998 1858
1781190570208 0.18443152542112365 1859
1781190570223 1.2 1860
1781190570239 1.3076619483123362 1861
1781190570257 0.2536747180685131 1862
1781190570274 0.3368421052631579 1863
1781190570328 1.3011008213867084 1864
1781190570344 1.3641431417199683 1865
1781190570368 0.2007722123286332 1866
1781190570384 0.21039784633657516 1867
1781190570399 0.2045572855536333 1868
1781190570439 0.3082131128246757 1869
1781190570475 0.2949867735801361 1870
1781190570497 0.16499850029109586 1871
1781190570518 0.3105245958197652 1872
1781190570557 1.2813787333827311 1873
1781190570570 0.2276077234006973 1874
1781190570592 0.36068795826631433 1875
1781190570613 1.3396118915122883 1876
1781190570631 0.10163881557942077 1877
1781190570650 0.22254033307585167 1878
1781190570669 0.10503303735270801 1879
1781190570731 0.15359927969189563 1880
1781190570747 0.23117527983883146 1881
1781190570760 1.256721078854945 1882
1781190570775 0.3076619483123361 1883
1781190570790 0.22998599579859952 1884
1781190570814 0.20737245300292004 1885
1781190570827 1.2311752798388313 1886
1781190570851 0.22487306578453947 1887
1781190570878 0.3014399790486857 1888
1781190570926 1.2170199969818485 1889
1781190570977 0.28501286197080444 1890
1781190570993 0.31573351593821863 1891
1781190571008 1.309154809613352 1892
1781190571024 0.2732467933672839 1893
1781190571038 1.2675557157738475 1894
1781190571051 1.2523669488377533 1895
1781190571066 0.12515188114348802 1896
1781190571087 0.23111532798063356 1897
1781190571110 0.2417645410364107 1898
1781190571146 0.2451877555263685 1899
1781190571159 1.328697590409262 1900
1781190571175 1.340291856597347 1901
1781190571194 0.3757464374963667 1902
1781190571219 0.17836901267409433 1903
1781190571248 0.29487502279543126 1904
1781190571278 1.2394387862796161 1905
1781190571309 0.3499076244504869 1906
1781190571334 0.13481215785136588 1907
1781190571347 1.2029857499854668 1908
1781190571387 1.188149134727675 1909
1781190571402 0.10369131753138462 1910
1781190571425 0.1652488267178235 1911
1781190571453 0.260991375635461 1912
1781190571471 1.2292893218813452 1913
1781190571487 1.2023812939816048 1914
1781190571499 1.2311752798388313 1915
1781190571511 0.20715233091147406 1916
1781190571527 1.2199359230974565 1917
1781190571565 1.2328636296978601 1918
1781190571579 0.24096987222988597 1919
1781190571599 0.1583080613270888 1920
1781190571612 1.2563564219528014 1921
1781190571628 1.3062957428668365 1922
1781190571642 1.3140110763319979 1923
1781190571654 1.2032380194165777 1924
1781190571670 0.2658118270621086 1925
1781190571690 0.13338212572462546 1926
1781190571704 0.21548457452714834 1927
1781190571721 0.20636708224309552 1928
1781190571736 0.20298574998546678 1929
1781190571766 0.17317827611247835 1930
1781190571795 0.37127865210482236 1931
1781190571810 1.3046537410754409 1932
1781190571824 1.2333333333333334 1933
1781190571843 0.22572186472917924 1934
1781190571873 0.26164732753139935 1935
1781190571890 0.45232166435699434 1936
1781190571910 0.2465477516175151 1937
1781190571953 0.30301683998167567 1938
1781190571972 1.3052241795585453 1939
1781190571984 1.2276660650702946 1940
1781190572018 0.239052429175127 1941
1781190572048 0.10563051005072054 1942
1781190572066 1.2079642013383156 1943
1781190572095 0.2560642534300091 1944
1781190572134 1.2108714396902145 1945
1781190572156 0.17563165442436887 1946
1781190572184 1.3176245528952086 1947
1781190572208 0.2942640703589664 1948
1781190572225 0.18972180715012726 1949
1781190572237 1.2029857499854668 1950
1781190572258 1.2157456254509262 1951
1781190572300 0.24285854870373746 1952
1781190572314 1.3067184753486123 1953
1781190572339 0.3091082443041433 1954
1781190572351 0.23036893761772084 1955
1781190572366 0.25744677518265047 1956
1781190572387 0.18796426791155657 1957
1781190572407 1.2941282708446118 1958
1781190572421 1.2311752798388313 1959
1781190572450 0.24941568303789508 1960
1781190572470 0.17602106662851147 1961
1781190572484 0.16965241665213346 1962
1781190572500 1.378944127809692 1963
1781190572534 0.3153585260969682 1964
1781190572547 1.2292893218813452 1965
1781190572586 0.23408940823429178 1966
1781190572620 0.17784311748295376 1967
1781190572633 1.256721078854945 1968
1781190572645 0.20298574998546678 1969
1781190572666 0.22806085499165768 1970
1781190572705 1.2593650793650792 1971
1781190572753 0.28854816159830426 1972
1781190572774 0.2719024256525492 1973
1781190572796 0.1918082896311803 1974
1781190572811 0.12433555507962657 1975
1781190572835 0.2725468178905198 1976
1781190572862 0.20227454502400843 1977
1781190572887 0.21613407829775846 1978
1781190572909 0.10042593259440495 1979
1781190572940 0.2024468142964018 1980
1781190572970 0.2671249907246827 1981
1781190573008 1.2517275367872664 1982
1781190573035 0.27869466245846697 1983
1781190573055 0.12830554808331748 1984
1781190573085 1.2348902526243286 1985
1781190573115 0.20625213594805628 1986
1781190573132 0.25382907564162716 1987
1781190573145 1.2105572809000085 1988
1781190573178 0.2632912667172168 1989
1781190573194 1.3627895796232374 1990
1781190573222 0.27612003331976903 1991
1781190573239 1.310991375635461 1992
1781190573262 0.1680234905449279 1993
1781190573292 1.2920267925185884 1994
1781190573312 0.17181046160598218 1995
1781190573345 1.246888439895526 1996
1781190573379 0.1866000581581348 1997
1781190573416 0.3333660601552902 1998
1781190573462 0.23919866925863661 1999
1781190573498 1.222631579926399 2000
1781190573526 0.2394679919961272 2001
1781190573542 0.17285835147019807 2002
1781190573555 1.2675557157738475 2003
1781190573588 1.114665375823173 2004
1781190573618 1.3174188536487341 2005
1781190573662 0.2979333536388762 2006
1781190573675 0.24782060679127962 2007
1781190573701 1.335158812765004 2008
1781190573735 0.1974179137598214 2009
1781190573756 1.3117751410826055 2010
1781190573770 0.3069319918804623 2011
1781190573811 1.1422442677154325 2012
1781190573828 0.19903361465672587 2013
1781190573844 1.304168515250009 2014
1781190573856 0.20326246087349747 2015
1781190573882 0.3206083738481803 2016
1781190573899 1.304305124706131 2017
1781190573915 1.3711324865405188 2018
1781190573950 1.2335311061532404 2019
1781190573998 0.32122742602275356 2020
1781190574014 1.3240039404342652 2021
1781190574032 0.3069515789601529 2022
1781190574088 0.2885054824951409 2023
1781190574099 0.2587485676337305 2024
1781190574114 1.3079642013383157 2025
1781190574152 0.19371299487079213 2026
1781190574164 1.2079642013383156 2027
1781190574195 0.33013819162870484 2028
1781190574216 0.24336821833136826 2029
1781190574236 0.17440301921586784 2030
1781190574260 0.32330350111526296 2031
1781190574304 0.2709639014222376 2032
1781190574322 0.1406160683387803 2033
1781190574343 1.452414241836096 2034
1781190574361 1.3811017763495386 2035
1781190574373 1.201941932430908 2036
1781190574385 1.2032380194165777 2037
1781190574403 0.15078292223362397 2038
1781190574450 1.3288657005970421 2039
1781190574464 1.2563564219528014 2040
1781190574491 0.28996186362315773 2041
1781190574504 1.2311752798388313 2042
1781190574520 0.25744677518265047 2043
1781190574542 0.2671473721875247 2044
1781190574564 0.16047327887033938 2045
1781190574578 1.3183503419072273 2046
1781190574601 0.29621095028519334 2047
1781190574643 0.2628088406997764 2048
1781190574662 0.3221208442054732 2049
1781190574691 1.254803297153748 2050
1781190574718 1.2653694522299352 2051
1781190574734 1.357573593128807 2052
1781190574751 1.3183503419072273 2053
1781190574781 0.25576202276927745 2054
1781190574805 0.1881481649556635 2055
1781190574831 0.2620684427359176 2056
1781190574844 0.3129428499867986 2057
1781190574860 1.3466962716277784 2058
1781190574889 0.3018352933847838 2059
1781190574903 1.4377964473009228 2060
1781190574958 0.26218046339786205 2061
1781190574973 1.2105572809000085 2062
1781190574986 0.26220355269907725 2063
1781190575010 0.2433234531306385 2064
1781190575026 1.3046336702913168 2065
1781190575061 0.3114577995848567 2066
1781190575083 0.1729356020596247 2067
1781190575116 1.2064152723803163 2068
1781190575133 0.1972829808131489 2069
1781190575160 1.3141246138884992 2070
1781190575188 0.18541029825769836 2071
1781190575201 0.2503708333014535 2072
1781190575240 1.3110925945212033 2073
1781190575258 0.3473195543128367 2074
1781190575272 1.2051316701949486 2075
1781190575297 1.194575780382275 2076
1781190575310 0.20326246087349747 2077
1781190575330 1.3522983322954385 2078
1781190575343 1.311315594678226 2079
1781190575356 0.23117527983883146 2080
1781190575372 1.309050522307821 2081
1781190575391 0.3098180723038837 2082
1781190575412 1.3115348263070619 2083
1781190575437 0.31788435445678304 2084
1781190575452 0.24882336842808409 2085
1781190575496 0.1636395301857313 2086
1781190575533 1.148581641728681 2087
1781190575546 1.2105572809000085 2088
1781190575578 0.16622090816043333 2089
1781190575595 0.2696171707835721 2090
1781190575612 1.3356411430084694 2091
1781190575634 0.13433252575794055 2092
1781190575658 1.3026592651615363 2093
1781190575691 0.27847927282920665 2094
1781190575717 0.26285290446714954 2095
1781190575733 0.18729419806929712 2096
1781190575749 1.3830022190098978 2097
1781190575765 0.23111532798063356 2098
1781190575800 0.24676537913718793 2099
1781190575812 0.26220355269907725 2100
1781190575856 1.2767871828010957 2101
1781190575870 0.3032380194165777 2102
1781190575905 1.206472399751295 2103
1781190575919 1.3632116396309022 2104
1781190575932 0.25647142499339926 2105
1781190575965 1.2590326789776856 2106
1781190575984 1.202820257054135 2107
1781190576013 0.23502896118003566 2108
1781190576031 1.3105572809000086 2109
1781190576043 1.3 2110
1781190576057 0.30486970116910117 2111
1781190576111 0.3248079382258595 2112
1781190576150 1.2997523248660943 2113
1781190576164 0.24429139854688442 2114
1781190576186 0.17210089713976978 2115
1781190576202 1.3830022190098978 2116
1781190576248 0.32046706494456556 2117
1781190576272 0.19112539195011585 2118
1781190576284 1.2105572809000085 2119
1781190576302 0.21950155281000755 2120
1781190576330 1.3379507112985805 2121
1781190576349 0.33119720402610997 2122
1781190576369 0.24695547876383347 2123
1781190576386 0.33208378240351855 2124
1781190576408 0.15104359123661953 2125
1781190576430 0.20117361282488247 2126
1781190576453 0.2704948836026748 2127
1781190576467 1.2311752798388313 2128
1781190576494 0.27422127410765934 2129
1781190576511 1.2292893218813452 2130
1781190576529 0.15270605711829158 2131
1781190576559 0.25020455303104716 2132
1781190576579 0.24536295718709356 2133
1781190576602 0.29909492847838165 2134
1781190576619 0.26256143502148127 2135
1781190576651 0.34176767684346077 2136
1781190576663 1.2479734018285527 2137
1781190576681 1.4377964473009228 2138
1781190576702 1.3610855178941987 2139
1781190576718 0.21999288794060026 2140
1781190576738 1.322284445449976 2141
1781190576787 0.3279717853175558 2142
1781190576803 0.15380278595122365 2143
1781190576818 1.3693214004461052 2144
1781190576832 1.2675557157738475 2145
1781190576850 1.3371925706978673 2146
1781190576869 0.1783637589902352 2147
1781190576903 1.182466919987789 2148
1781190576933 0.13278500646452127 2149
1781190576949 0.16743887899529988 2150
1781190576977 0.30502007946744136 2151
1781190577007 0.2655492591621493 2152
1781190577023 0.21552227938089766 2153
1781190577036 1.2311752798388313 2154
1781190577090 0.2665993862169675 2155
1781190577106 0.31271284390560306 2156
1781190577120 0.2666086451548127 2157
1781190577156 0.2715967872123492 2158
1781190577170 1.3191709623134524 2159
1781190577207 0.2590156843441451 2160
1781190577241 0.1374601052544957 2161
1781190577258 1.305538957146922 2162
1781190577295 1.283515247375554 2163
1781190577331 0.28059427063375053 2164
1781190577349 0.21999288794060026 2165
1781190577362 0.21344215770989028 2166
1781190577378 0.30528858719115665 2167
1781190577394 0.1691547916545557 2168
1781190577406 1.2272393124891001 2169
1781190577442 1.253121677858131 2170
1781190577486 0.2585023859774837 2171
1781190577528 0.2709811957603658 2172
1781190577562 0.31807680794809595 2173
1781190577593 0.3126019560911341 2174
1781190577607 1.2488521841012987 2175
1781190577625 0.18640111693456504 2176
1781190577658 0.18777736386894206 2177
1781190577671 1.2479734018285527 2178
1781190577687 0.21400668356335154 2179
1781190577717 0.26925851525444633 2180
1781190577733 0.3187837551263754 2181
1781190577775 0.28925070742874553 2182
1781190577792 1.3497188356342185 2183
1781190577808 0.3105369922031159 2184
1781190577837 0.2804106793532296 2185
1781190577851 0.16743887899529988 2186
1781190577890 0.2510236178762268 2187
1781190577933 0.3510611565828289 2188
1781190577947 1.2563564219528014 2189
1781190577961 0.1672782931993048 2190
1781190577986 0.18731324878246783 2191
1781190578011 0.2644579667359061 2192
1781190578031 0.1514622739184512 2193
1781190578063 0.33008823203475374 2194
1781190578076 0.2105572809000084 2195
1781190578089 1.2306312024380703 2196
1781190578107 0.18490611853729974 2197
1781190578124 0.10090749558882273 2198
1781190578166 0.20416062820956518 2199
1781190578213 0.26154801022303703 2200
1781190578243 0.18414173938637396 2201
1781190578259 0.1011609402034858 2202
1781190578274 1.2292893218813452 2203
1781190578298 0.274553429372299 2204
1781190578313 1.3198216274262726 2205
1781190578326 0.19999999999999998 2206
1781190578351 0.19153565962019928 2207
1781190578397 1.1813888948939035 2208
1781190578416 0.26555962886104856 2209
1781190578441 0.2756381552927448 2210
1781190578456 0.1672782931993048 2211
1781190578492 0.22840115188009427 2212
1781190578520 0.28909129859084765 2213
1781190578550 0.1629556972421738 2214
1781190578564 0.2045572855536333 2215
1781190578577 0.32822594374347264 2216
1781190578593 0.17051427190258434 2217
1781190578606 0.23117527983883146 2218
1781190578617 0.2161883645076506 2219
1781190578634 1.3190826406287313 2220
1781190578664 0.2724924755071829 2221
1781190578701 1.3041868450951988 2222
1781190578728 0.2962521723855658 2223
1781190578744 0.3811017763495386 2224
1781190578773 0.23609010141539388 2225
1781190578816 0.26947567401878975 2226
1781190578829 1.2314005659429965 2227
1781190578841 0.20326246087349747 2228
1781190578859 0.2654165749377459 2229
1781190578893 0.20639253087149512 2230
1781190578930 0.2993740081756214 2231
1781190578950 1.311848071455748 2232
1781190578972 0.268046245293777 2233
1781190578993 0.14142532860108728 2234
1781190579007 1.3411764705882354 2235
1781190579034 0.253114824161391 2236
1781190579049 0.3105572809000084 2237
1781190579071 0.2741588522024612 2238
1781190579083 1.2563564219528014 2239
1781190579095 1.2523669488377533 2240
1781190579117 0.1342282059149015 2241
1781190579140 0.32832806248021995 2242
1781190579166 0.2758307477476294 2243
1781190579194 0.36212951453350795 2244
1781190579210 1.4153896752812773 2245
1781190579253 0.32441868753382475 2246
1781190579270 1.3099908149206272 2247
1781190579290 1.2916594519717626 2248
1781190579348 1.2154931601288104 2249
1781190579383 0.3497548225083916 2250
1781190579397 0.3026671473215425 2251
1781190579417 0.1525170580223997 2252
1781190579438 1.2993440867382557 2253
1781190579470 0.34757894049454174 2254
1781190579492 0.17348190873025998 2255
1781190579507 0.30728273500544695 2256
1781190579538 1.2567795305728109 2257
1781190579551 0.19999999999999998 2258
1781190579569 0.2919855478980761 2259
1781190579608 1.3040599134922015 2260
1781190579631 0.13464984644975686 2261
1781190579642 1.256721078854945 2262
1781190579673 0.2182908095598663 2263
1781190579689 0.10932527299934695 2264
1781190579702 1.2032380194165777 2265
1781190579723 0.15230732039132713 2266
1781190579766 0.3636303516273346 2267
1781190579781 1.3114947571858493 2268
1781190579819 0.2397486057136497 2269
1781190579836 1.3023519834551918 2270
1781190579853 1.3193206281539962 2271
1781190579899 0.25458368569436646 2272
1781190579919 0.41311651671567906 2273
1781190579950 1.3248694515983286 2274
1781190579970 1.111707935114165 2275
1781190579992 0.2919264572449846 2276
1781190580020 0.3561119182019021 2277
1781190580036 1.379480432958297 2278
1781190580052 0.22674801259667704 2279
1781190580073 0.16229419806929707 2280
1781190580104 1.2082722505879313 2281
1781190580139 1.2964308536806868 2282
1781190580158 0.20571909584179365 2283
1781190580172 1.2311752798388313 2284
1781190580208 1.1780239228794325 2285
1781190580224 1.3105572809000086 2286
1781190580240 0.09999999999999999 2287
1781190580255 1.3482067602621763 2288
1781190580277 0.1593804030171138 2289
1781190580303 1.165856611479573 2290
1781190580344 0.23921568627450981 2291
1781190580357 1.2488521841012987 2292
1781190580377 0.1336518054797208 2293
1781190580447 1.265190510200757 2294
1781190580470 1.3060538541310462 2295
1781190580503 0.2085248124708514 2296
1781190580520 0.2344389931892814 2297
1781190580550 0.3073628980750087 2298
1781190580564 1.3198216274262728 2299
1781190580578 0.30486970116910117 2300
1781190580593 1.3625812119372789 2301
1781190580608 1.3105572809000086 2302
1781190580623 0.10217680239109629 2303
1781190580642 1.31 2304
1781190580665 0.1410022975026737 2305
1781190580683 0.112168993434632 2306
1781190580700 1.3203545592867043 2307
1781190580716 1.3671202025389286 2308
1781190580732 1.3550255203657735 2309
1781190580744 1.2276660650702946 2310
1781190580767 0.1680234905449279 2311
1781190580802 0.32018981572966937 2312
1781190580817 1.3558751248353615 2313
1781190580853 1.2573628980750087 2314
1781190580874 0.2113031406016376 2315
1781190580891 0.15766194831233613 2316
1781190580908 0.17423678748987068 2317
1781190580921 0.23800695801219332 2318
1781190580952 0.27058977438361437 2319
1781190580967 0.2322261006330114 2320
1781190581008 0.291770119661694 2321
1781190581022 1.3213332661890114 2322
1781190581061 0.16435719028007462 2323
1781190581082 0.16928747848136733 2324
1781190581098 0.17322281040500853 2325
1781190581132 0.21663449784349073 2326
1781190581144 0.19999999999999998 2327
1781190581158 0.21344215770989028 2328
1781190581196 0.24325235573536377 2329
1781190581219 0.2551178379677402 2330
1781190581240 0.29726596960079693 2331
1781190581255 1.312712843905603 2332
1781190581271 0.24089171953206745 2333
1781190581284 0.20766194831233611 2334
1781190581323 0.24724891943749808 2335
1781190581338 1.30701043701829 2336
1781190581350 0.2601137982391267 2337
1781190581402 0.25195596697247596 2338
1781190581414 0.2465477516175151 2339
1781190581435 0.1596938384058458 2340
1781190581468 1.2277426496488995 2341
1781190581495 0.3076922342980569 2342
1781190581511 1.304305124706131 2343
1781190581551 1.269058832164673 2344
1781190581580 0.2544954645650497 2345
1781190581592 1.2105572809000085 2346
1781190581608 0.33124761272288417 2347
1781190581627 1.3059040734542406 2348
1781190581655 1.2174735558398575 2349
1781190581683 0.23871846337408203 2350
1781190581709 0.34866309726087863 2351
1781190581751 1.2256106620129172 2352
1781190581763 1.2563564219528014 2353
1781190581781 0.3025823625905895 2354
1781190581797 0.16782949690160492 2355
1781190581818 1.2484380613377315 2356
1781190581832 1.2292893218813452 2357
1781190581862 0.32647899207688563 2358
1781190581905 1.288496521469001 2359
1781190581920 1.3175836616307866 2360
1781190581938 0.1543070955590979 2361
1781190581952 0.2105572809000084 2362
1781190581966 1.2314005659429965 2363
1781190581980 1.2023812939816048 2364
1781190581992 1.2479734018285527 2365
1781190582012 0.24273939077946377 2366
1781190582032 0.2059730504750036 2367
1781190582050 0.15566451048957644 2368
1781190582067 0.1352252541001341 2369
1781190582078 0.2129428499867986 2370
1781190582091 1.2523669488377533 2371
1781190582122 0.30132780192284975 2372
1781190582135 1.2311752798388313 2373
1781190582151 0.20100505063388333 2374
1781190582169 1.3305191666220348 2375
1781190582191 0.16190153899784435 2376
1781190582218 0.32389056449826337 2377
1781190582233 0.35874315014964825 2378
1781190582251 1.2036233954255884 2379
1781190582281 0.16402245731868567 2380
1781190582299 0.10017773842088 2381
1781190582317 1.3175836616307866 2382
1781190582331 1.2563564219528014 2383
1781190582352 1.2425546909951606 2384
1781190582376 0.16066885746497137 2385
1781190582409 0.31002363312185627 2386
1781190582424 0.13041109993607788 2387
1781190582438 0.20266714732154245 2388
1781190582454 0.21039784633657516 2389
1781190582468 1.2079642013383156 2390
1781190582496 0.2759492841521513 2391
1781190582517 1.2513291415833212 2392
1781190582554 0.15525073277972953 2393
1781190582574 0.16360746145762403 2394
1781190582605 1.2497193821900714 2395
1781190582620 0.10449608190121618 2396
1781190582656 0.2739467112460833 2397
1781190582678 0.2720662155870765 2398
1781190582691 1.3198216274262726 2399
1781190582704 0.19999999999999998 2400
1781190582718 1.2292893218813452 2401
1781190582736 0.15473389767550663 2402
1781190582750 0.2503708333014535 2403
1781190582780 0.21349250673061562 2404
1781190582810 0.33755131946968925 2405
1781190582831 0.19338687135476193 2406
1781190582844 0.203607461457624 2407
1781190582856 0.2264232792618041 2408
1781190582871 0.15243633634371406 2409
1781190582888 1.4169030850945703 2410
1781190582911 0.13399702714304276 2411
1781190582923 1.256721078854945 2412
1781190582949 0.2512725460785286 2413
1781190582971 0.2727812657494656 2414
1781190582984 0.2465477516175151 2415
1781190583000 0.3845696650037908 2416
1781190583017 1.3323876596217188 2417
1781190583059 0.2248416880756014 2418
1781190583085 0.2722095838586462 2419
1781190583108 1.1339521310029963 2420
1781190583132 0.3222043302967317 2421
1781190583146 1.2311752798388313 2422
1781190583159 1.2311752798388313 2423
1781190583173 0.2272393124891001 2424
1781190583186 1.2272393124891001 2425
1781190583203 1.3531707094209153 2426
1781190583219 0.38951715163278083 2427
1781190583236 0.24206947497003495 2428
1781190583288 0.3211984935464122 2429
1781190583308 0.150210589287068 2430
1781190583320 0.20298574998546678 2431
1781190583347 0.20372219149405998 2432
1781190583370 0.17118895937608994 2433
1781190583383 0.21531902015600587 2434
1781190583400 1.3082337064517753 2435
1781190583412 0.20298574998546678 2436
1781190583432 0.18974964945295508 2437
1781190583466 1.259255377756225 2438
1781190583489 0.16301503112965168 2439
1781190583502 0.21613407829775846 2440
1781190583538 0.11846833736624203 2441
1781190583552 0.2165377673888014 2442
1781190583569 1.3205280585760975 2443
1781190583586 1.350568846725702 2444
1781190583607 0.1337837860739381 2445
1781190583620 0.10835602850421235 2446
1781190583643 0.16378595291152723 2447
1781190583656 0.22284832501895402 2448
1781190583684 0.28434666527978847 2449
1781190583704 0.1874616659741612 2450
1781190583733 1.2016837923017512 2451
1781190583749 0.3364149215542126 2452
1781190583765 1.317071157113727 2453
1781190583795 0.2720311812924713 2454
1781190583817 1.3272343812097709 2455
1781190583839 0.10013123365234114 2456
1781190583860 0.23846153846153845 2457
1781190583873 0.20298574998546678 2458
1781190583884 1.2311752798388313 2459
1781190583905 0.1851078059879853 2460
1781190583942 1.2021502555739445 2461
1781190583959 0.21240043258938823 2462
1781190583976 1.3669209292148017 2463
1781190584004 0.3059041426365051 2464
1781190584048 1.2030089225270961 2465
1781190584063 0.22972431118322326 2466
1781190584084 1.3179998601067637 2467
1781190584100 1.2311752798388313 2468
1781190584113 1.2048697011691012 2469
1781190584127 0.27208547368804586 2470
1781190584140 1.2333333333333334 2471
1781190584167 0.32757140316598515 2472
1781190584180 1.2023812939816048 2473
1781190584195 1.345445527441002 2474
1781190584208 1.2333333333333334 2475
1781190584242 1.2928805100648975 2476
1781190584265 0.3087578871753324 2477
1781190584297 0.2687129070824723 2478
1781190584309 0.24782060679127962 2479
1781190584332 0.2750597181398935 2480
1781190584379 1.3384542545103337 2481
1781190584397 1.350568846725702 2482
1781190584417 1.2921921328789174 2483
1781190584454 0.2501447523002606 2484
1781190584479 0.31683400793755195 2485
1781190584502 0.2538347428626462 2486
1781190584530 0.25420740921741164 2487
1781190584546 0.19046659046655237 2488
1781190584559 1.2276660650702946 2489
1781190584600 0.28599137563546095 2490
1781190584640 0.2762837891696705 2491
1781190584656 1.3563564219528015 2492
1781190584670 0.2234595470528783 2493
1781190584685 1.3080290990772552 2494
1781190584706 0.1755134030289527 2495
1781190584729 0.1915071075090683 2496
1781190584747 0.10875788717533245 2497
1781190584769 0.23506506602127059 2498
1781190584784 0.22305162359361344 2499
1781190584805 0.20099342928236594 2500
1781190584831 0.1824871996346806 2501
1781190584846 1.3198216274262726 2502
1781190584863 1.361899961899943 2503
1781190584876 0.20266714732154248 2504
1781190584892 0.4681005224606999 2505
1781190584908 0.21180828963118029 2506
1781190584935 0.30836580661769647 2507
1781190584949 1.4000000000000001 2508
1781190584965 0.249290744716289 2509
1781190584987 0.1701854660161328 2510
1781190585001 0.2492617431381196 2511
1781190585016 0.24900665702969338 2512
1781190585031 0.2567707186721824 2513
1781190585047 0.31019734898661255 2514
1781190585072 1.2835015865730892 2515
1781190585087 0.16815286588677908 2516
1781190585107 0.15383909314622274 2517
1781190585131 0.2640273046378905 2518
1781190585157 0.24605335225994987 2519
1781190585178 0.18087469858741986 2520
1781190585219 0.22748572271054063 2521
1781190585238 1.2124004325893882 2522
1781190585273 1.3221593191343168 2523
1781190585308 1.2063414188418307 2524
1781190585335 1.2809440742209803 2525
1781190585348 1.256721078854945 2526
1781190585366 0.10820862798347337 2527
1781190585379 1.256721078854945 2528
1781190585393 0.10835602850421235 2529
1781190585405 0.2760954278133121 2530
1781190585432 1.2163498087428695 2531
1781190585452 0.10005161290666398 2532
1781190585472 0.4569064317007482 2533
1781190585488 0.15539054592392543 2534
1781190585504 1.3792980332197293 2535
1781190585517 0.22663260179332223 2536
1781190585531 0.21332336344193814 2537
1781190585569 1.2242618953272748 2538
1781190585585 0.13464004525576515 2539
1781190585613 1.2265374848870354 2540
1781190585625 0.22155354594472637 2541
1781190585681 0.22049364940481073 2542
1781190585692 1.2563564219528014 2543
1781190585710 0.1711800644872421 2544
1781190585731 1.3126429446057537 2545
1781190585753 0.17618768723785563 2546
1781190585784 1.2765995853652292 2547
1781190585803 0.15251486636374184 2548
1781190585817 0.23603978509331686 2549
1781190585831 0.16965241665213346 2550
1781190585866 0.2774603070793006 2551
1781190585882 1.3312476127228843 2552
1781190585900 0.15086468708675624 2553
1781190585917 1.379480432958297 2554
1781190585934 0.10028576022859322 2555
1781190585956 1.2992213393233203 2556
1781190585970 0.3343467835701387 2557
1781190585997 0.3145381869570073 2558
1781190586028 0.3022942011164934 2559
1781190586064 1.254459866137563 2560
1781190586094 0.17085150116795814 2561
1781190586114 0.32818675012824683 2562
1781190586130 1.3115348263070619 2563
1781190586150 0.3459547181066746 2564
1781190586171 0.2711089405494979 2565
1781190586185 0.3055088817476932 2566
1781190586208 1.3136890439423363 2567
1781190586229 0.16417207650104612 2568
1781190586259 0.18927354333522528 2569
1781190586279 0.18907282041550577 2570
1781190586291 0.2167949705662156 2571
1781190586328 0.3235568015600806 2572
1781190586345 1.3153190201560059 2573
1781190586358 1.330306794756283 2574
1781190586384 0.29047434836564107 2575
1781190586397 1.2479734018285527 2576
1781190586418 0.23602632120201802 2577
1781190586457 1.2339714443213499 2578
1781190586477 0.3541650751485894 2579
1781190586496 0.16965241665213346 2580
1781190586509 0.2760954278133121 2581
1781190586528 0.3578362978644216 2582
1781190586541 1.2272393124891001 2583
1781190586565 0.13344651956088957 2584
1781190586587 0.16730595817962296 2585
1781190586601 0.25865116151850215 2586
1781190586633 0.30855658408166253 2587
1781190586684 1.2691430187130583 2588
1781190586717 0.17051916582005627 2589
1781190586732 1.354415769416145 2590
1781190586745 1.2265281641629355 2591
1781190586770 1.2415071075090685 2592
1781190586791 0.25748132234028276 2593
1781190586841 1.2172203151248484 2594
1781190586871 0.18347933218092968 2595
1781190586913 0.2744674184820745 2596
1781190586937 0.32802829333281364 2597
1781190586950 1.2781782109764008 2598
1781190586971 0.2799301205456825 2599
1781190586997 0.15992885433654064 2600
1781190587022 0.20343324638437246 2601
1781190587035 0.20029455144984185 2602
1781190587050 0.3683772233983162 2603
1781190587064 1.2333333333333334 2604
1781190587085 0.25542734186346855 2605
1781190587108 0.17847859722832865 2606
1781190587136 1.212145351482252 2607
1781190587149 0.20298574998546678 2608
1781190587164 1.3015268072165338 2609
1781190587185 0.13639351508074116 2610
1781190587199 0.20298574998546678 2611
1781190587242 0.2019743643166217 2612
1781190587260 0.1493113818744279 2613
1781190587285 0.28652788778516086 2614
1781190587300 0.10256913536133534 2615
1781190587328 1.211749436297724 2616
1781190587343 1.3622035526990772 2617
1781190587361 1.4197673873153718 2618
1781190587375 1.2311752798388313 2619
1781190587416 1.3341854818285583 2620
1781190587450 1.224082844885541 2621
1781190587473 0.2581962278741261 2622
1781190587503 0.33724304833136987 2623
1781190587521 1.326090492986085 2624
1781190587534 1.2314005659429965 2625
1781190587555 0.27321099216594913 2626
1781190587570 1.2311752798388313 2627
1781190587592 0.13571462731493808 2628
1781190587614 0.1764996807070584 2629
1781190587638 0.2142802472904149 2630
1781190587666 0.23840266725835124 2631
1781190587686 0.2753119787062468 2632
1781190587702 1.302985749985467 2633
1781190587743 0.2150028553641206 2634
1781190587757 1.2563564219528014 2635
1781190587790 0.32122736385566236 2636
1781190587802 0.25647142499339926 2637
1781190587818 0.34452998037747706 2638
1781190587862 0.2821290953809898 2639
1781190587901 0.24057862976567856 2640
1781190587916 0.16743887899529988 2641
1781190587931 1.3912125044967252 2642
1781190587974 1.3390606313227391 2643
1781190588007 0.29251803041966257 2644
1781190588022 1.319096016504411 2645
1781190588046 0.270884519471476 2646
1781190588067 0.31418836696789665 2647
1781190588082 1.3105572809000086 2648
1781190588096 1.2523669488377533 2649
1781190588125 0.2707101056297651 2650
1781190588142 0.2091048191347376 2651
1781190588155 0.19999999999999998 2652
1781190588186 0.29640150454121106 2653
1781190588200 0.19999999999999998 2654
1781190588216 0.1123904194936922 2655
1781190588230 1.377058426612944 2656
1781190588259 1.3402391677609302 2657
1781190588273 0.2537089950113724 2658
1781190588285 0.23603978509331686 2659
1781190588299 1.2023812939816048 2660
1781190588318 0.13433838396721667 2661
1781190588338 0.24822827131688371 2662
1781190588415 0.364078939594645 2663
1781190588430 0.16743887899529988 2664
1781190588442 1.2311752798388313 2665
1781190588483 0.2438267341734667 2666
1781190588504 1.23309375755298 2667
1781190588523 1.236634919608803 2668
1781190588545 0.13431315371831176 2669
1781190588578 0.2539763485871632 2670
1781190588598 0.1576188387180001 2671
1781190588631 1.2700152871486083 2672
1781190588648 0.24908668250234017 2673
1781190588660 1.2 2674
1781190588693 1.2084232723474209 2675
1781190588728 0.2960956429059041 2676
1781190588748 0.21395579529413578 2677
1781190588775 0.3548036783138662 2678
1781190588789 1.201941932430908 2679
1781190588802 1.2523669488377533 2680
1781190588834 1.3009113368167864 2681
1781190588848 0.25219085562662424 2682
1781190588867 0.18979851398564512 2683
1781190588888 0.27280830117925553 2684
1781190588910 0.10007873219904859 2685
1781190588947 1.3089574553875643 2686
1781190588964 1.3057190958417937 2687
1781190588979 1.3622035526990772 2688
1781190588999 0.24984345065189678 2689
1781190589026 0.3059061184954868 2690
1781190589042 1.2276660650702946 2691
1781190589054 0.19999999999999998 2692
1781190589072 1.34115101136635 2693
1781190589101 0.17430430589560478 2694
1781190589114 1.2048697011691012 2695
1781190589129 1.345445527441002 2696
1781190589143 1.3445204958908519 2697
1781190589183 1.294361245177401 2698
1781190589195 1.256721078854945 2699
1781190589232 1.19970114188765 2700
1781190589254 0.1674546276776735 2701
1781190589267 1.2311752798388313 2702
1781190589297 0.188198779602569 2703
1781190589317 0.10116283023493826 2704
1781190589349 1.3309203051412244 2705
1781190589362 1.2105572809000085 2706
1781190589383 0.13443969804650358 2707
1781190589396 1.2563564219528014 2708
1781190589409 1.2563564219528014 2709
1781190589434 0.3274681479264634 2710
1781190589449 1.312712843905603 2711
1781190589477 0.26755151421045525 2712
1781190589510 0.2724400397416315 2713
1781190589523 0.20266714732154248 2714
1781190589557 0.1572777121873031 2715
1781190589582 0.20007813719510753 2716
1781190589615 0.23220443363575752 2717
1781190589632 0.10104586080094133 2718
1781190589647 0.10449608190121618 2719
1781190589678 0.2946121313706486 2720
1781190589704 0.21652444511211935 2721
1781190589722 0.10028576022859322 2722
1781190589739 1.363485162832989 2723
1781190589758 0.13344651956088957 2724
1781190589811 0.3245800288848454 2725
1781190589834 0.16928747848136733 2726
1781190589858 0.2787567949600445 2727
1781190589899 0.18509639922306226 2728
1781190589915 1.30643985142936 2729
1781190589944 1.314893550365301 2730
1781190589965 0.21856437234907217 2731
1781190589997 0.21978231191770284 2732
1781190590020 0.16593257906133724 2733
1781190590036 0.18530033607793694 2734
1781190590067 0.2576130229125688 2735
1781190590098 0.2946906807718437 2736
1781190590129 0.26627241303773513 2737
1781190590143 1.3433861482927703 2738
1781190590159 1.3762404518344256 2739
1781190590175 1.3015268072165338 2740
1781190590195 0.24598409193507204 2741
1781190590235 0.260955275415799 2742
1781190590260 0.14436309693909952 2743
1781190590278 0.19872574462256842 2744
1781190590296 0.2734792054853287 2745
1781190590337 1.183046897389581 2746
1781190590358 0.3519995259189025 2747
1781190590376 1.3363957155967414 2748
1781190590417 0.17551922040235904 2749
1781190590430 0.19999999999999998 2750
1781190590459 0.3037171548712107 2751
1781190590490 0.2804775059295332 2752
1781190590508 0.34044499996174415 2753
1781190590531 0.16190153899784435 2754
1781190590544 1.3601473301506957 2755
1781190590563 0.2231555701151438 2756
1781190590592 1.229469018939617 2757
1781190590604 1.2292893218813452 2758
1781190590620 0.12576925110419096 2759
1781190590635 1.2272393124891001 2760
1781190590649 0.25477329831333545 2761
1781190590664 0.11440790149781742 2762
1781190590688 0.252033230799714 2763
1781190590708 0.1764471716867686 2764
1781190590731 0.29471971345775577 2765
1781190590749 0.22229713101141885 2766
1781190590770 0.3181586975473647 2767
1781190590793 0.16641807996425936 2768
1781190590813 0.15821853470767755 2769
1781190590833 0.18657013950071424 2770
1781190590855 0.16360396269939553 2771
1781190590892 0.23927856074416815 2772
1781190590906 1.2523669488377533 2773
1781190590921 1.312712843905603 2774
1781190590935 0.21240043258938823 2775
1781190590952 0.315035570687693 2776
1781190590972 0.17336588440186984 2777
1781190591014 0.3078709372380503 2778
1781190591027 1.416754156331668 2779
1781190591051 1.2922923973278717 2780
1781190591068 0.15330124431695433 2781
1781190591095 0.20020080952506233 2782
1781190591111 0.2454455274410019 2783
1781190591137 1.2339271978441992 2784
1781190591156 1.3083036938563692 2785
1781190591191 0.31157221839745813 2786
1781190591235 0.3676501680389685 2787
1781190591261 0.10000980151925902 2788
1781190591273 1.2276660650702946 2789
1781190591292 0.2487177405931629 2790
1781190591309 1.3470187057173983 2791
1781190591331 0.13469394095011894 2792
1781190591345 0.25744677518265047 2793
1781190591366 1.2025812845283168 2794
1781190591378 1.2314005659429965 2795
1781190591404 0.2826747650793144 2796
1781190591422 0.13464004525576515 2797
1781190591464 1.2364800270116276 2798
1781190591478 0.3333333333333333 2799
1781190591496 1.321932913170255 2800
1781190591513 1.2691670623623097 2801
1781190591535 1.184216299014303 2802
1781190591561 0.2829297495379485 2803
1781190591580 0.15532707375937424 2804
1781190591598 1.3126871749869202 2805
1781190591610 0.13022023723348936 2806
1781190591625 1.301941932430908 2807
1781190591649 0.2829031092950812 2808
1781190591666 1.3205933332823256 2809
1781190591698 0.2675274322914441 2810
1781190591721 1.1695723277738737 2811
1781190591767 1.2097225071551698 2812
1781190591796 0.2909395436763001 2813
1781190591825 1.2410897620415828 2814
1781190591856 0.2671757910491357 2815
1781190591875 0.16565271176335852 2816
1781190591924 1.2634476775518722 2817
1781190591951 0.31956847154734175 2818
1781190591972 0.2512725460785286 2819
1781190591990 1.3100977074623101 2820
1781190592006 0.222133717857234 2821
1781190592026 0.30377495513506236 2822
1781190592050 0.1493113818744279 2823
1781190592082 0.2650533761996076 2824
1781190592096 0.20198410137888057 2825
1781190592123 0.3044351828401965 2826
1781190592137 1.2479734018285527 2827
1781190592149 1.201941932430908 2828
1781190592171 0.3113873750123761 2829
1781190592185 1.3015268072165338 2830
1781190592202 0.15072728237945676 2831
1781190592222 1.3110056181548522 2832
1781190592236 1.3610604221027367 2833
1781190592251 0.20766194831233611 2834
1781190592280 0.2348810268788658 2835
1781190592295 1.3333333333333335 2836
1781190592333 1.1430267858800924 2837
1781190592355 0.27698258649406254 2838
1781190592369 0.3029857499854668 2839
1781190592388 0.19999999999999998 2840
1781190592442 1.2657878542115266 2841
1781190592482 0.2878368773852713 2842
1781190592516 1.303446488177999 2843
1781190592528 0.20266714732154248 2844
1781190592555 1.2843749959578008 2845
1781190592569 0.2503708333014535 2846
1781190592583 1.2276660650702946 2847
1781190592600 0.250048756715643 2848
1781190592637 1.2892697524844912 2849
1781190592660 0.13393171113267616 2850
1781190592680 0.24206947497003495 2851
1781190592691 1.2276660650702946 2852
1781190592713 0.15870888659875862 2853
1781190592726 1.3080745280259012 2854
1781190592744 0.17587506833388988 2855
1781190592773 1.268199974085387 2856
1781190592786 0.26220355269907725 2857
1781190592812 0.3481678944651184 2858
1781190592835 0.19039457635003432 2859
1781190592849 1.3655983519383774 2860
1781190592882 1.2397435897435898 2861
1781190592899 0.25463676456367224 2862
1781190592919 0.24314647563850386 2863
1781190592934 0.1011609402034858 2864
1781190592953 0.2149966829484023 2865
1781190592972 1.3113211097372588 2866
1781190592991 0.17204212052403584 2867
1781190593022 1.3253921734208576 2868
1781190593038 0.31031290143061374 2869
1781190593056 0.24716931052296096 2870
1781190593072 0.1519607843137255 2871
1781190593093 0.3288608495450965 2872
1781190593141 0.24093188436536436 2873
1781190593180 1.2047640473135282 2874
1781190593191 1.2048697011691012 2875
1781190593220 1.2716381993856631 2876
1781190593234 0.20298574998546678 2877
1781190593249 1.3089817945381794 2878
1781190593271 0.2198392124027688 2879
1781190593303 0.2638396657007151 2880
1781190593327 0.158901972717777 2881
1781190593342 1.2292893218813452 2882
1781190593363 0.17187373891251878 2883
1781190593382 0.13396466090918716 2884
1781190593405 0.16972248332565373 2885
1781190593421 0.12515188114348802 2886
1781190593467 0.2853831037501515 2887
1781190593498 0.2753612150557706 2888
1781190593523 0.35015361019404595 2889
1781190593543 0.2001725626825004 2890
1781190593573 1.270063495848735 2891
1781190593597 0.29489355036530096 2892
1781190593609 1.321110650834446 2893
1781190593637 1.2640900796553236 2894
1781190593654 1.3013606076167856 2895
1781190593680 0.10109146729503016 2896
1781190593701 0.1873314741394877 2897
1781190593718 0.21550741962162512 2898
1781190593735 0.1909129193625252 2899
1781190593753 0.13022023723348936 2900
1781190593774 0.39465668314854735 2901
1781190593817 1.265240229371441 2902
1781190593840 0.10096677236943595 2903
1781190593872 0.14752170030123002 2904
1781190593900 0.2225109821550798 2905
1781190593916 0.21204067925874392 2906
1781190593934 0.15692421580089655 2907
1781190593975 0.2824874394798748 2908
1781190594004 0.35979096535521066 2909
1781190594023 0.18142857142857144 2910
1781190594070 0.24600286143396408 2911
1781190594105 0.24100766972677268 2912
1781190594133 0.19039457635003432 2913
1781190594155 0.2574306927108196 2914
1781190594184 0.3730047237600491 2915
1781190594224 1.265778863835499 2916
1781190594240 0.13421054326506987 2917
1781190594252 0.19999999999999998 2918
1781190594284 1.3503087508082356 2919
1781190594299 0.1493113818744279 2920
1781190594330 1.3065851515707658 2921
1781190594360 0.30037513475151667 2922
1781190594391 0.1642507074287456 2923
1781190594405 1.2292893218813452 2924
1781190594438 0.1699940803830581 2925
1781190594456 0.41926483897203803 2926
1781190594471 0.21180828963118029 2927
1781190594498 0.3108510401381298 2928
1781190594513 0.11684781593797 2929
1781190594528 0.23117527983883146 2930
1781190594557 0.300940568552592 2931
1781190594579 0.1752776860009113 2932
1781190594592 1.2023812939816048 2933
1781190594608 1.3591751709536137 2934
1781190594624 0.3086453120395801 2935
1781190594660 0.33752419823282287 2936
1781190594675 0.2045572855536333 2937
1781190594711 1.190574561066919 2938
1781190594730 0.2158316943288457 2939
1781190594752 0.19400879824039102 2940
1781190594772 0.2032109921659491 2941
1781190594792 0.27757140316598516 2942
1781190594814 1.3669630771241916 2943
1781190594825 1.2029857499854668 2944
1781190594844 0.17602106662851147 2945
1781190594857 1.214893550365301 2946
1781190594878 0.1618797762739562 2947
1781190594903 0.1721857642226228 2948
1781190594924 1.2030033585254094 2949
1781190594945 0.10035243642446166 2950
1781190594981 1.2416644509202115 2951
1781190594999 0.2068465383761442 2952
1781190595018 1.2309465903154446 2953
1781190595037 0.1715535459447264 2954
1781190595053 1.2065512265071032 2955
1781190595072 0.2032624608734975 2956
1781190595091 1.2523669488377533 2957
1781190595113 0.19784194650549813 2958
1781190595135 1.3190858068844713 2959
1781190595150 0.21835034190722738 2960
1781190595175 0.3093235299417637 2961
1781190595212 0.21682747108436534 2962
1781190595239 0.2677177607107725 2963
1781190595253 0.20266714732154248 2964
1781190595269 0.18320443405546807 2965
1781190595292 0.1345216864378451 2966
1781190595317 0.1622036069395126 2967
1781190595330 1.2781782109764008 2968
1781190595360 1.2848237488756917 2969
1781190595373 0.20766194831233611 2970
1781190595418 0.30946425395748145 2971
1781190595431 0.21452956765527154 2972
1781190595464 0.2742205743931954 2973
1781190595477 1.2488521841012987 2974
1781190595496 0.1817802716219285 2975
1781190595518 0.3084534075521771 2976
1781190595534 1.3552786404500043 2977
1781190595552 1.2709672685875608 2978
1781190595563 1.2188892894346186 2979
1781190595579 0.10742942908005389 2980
1781190595592 1.2023812939816048 2981
1781190595606 0.16743887899529988 2982
1781190595637 0.3116102255940661 2983
1781190595656 0.18885396027659496 2984
1781190595668 1.2105572809000085 2985
1781190595716 0.2186951401236626 2986
1781190595733 0.16802727428345227 2987
1781190595748 1.3156338512267893 2988
1781190595760 0.2760954278133121 2989
1781190595784 0.2501368926035333 2990
1781190595803 0.28084419677993505 2991
1781190595818 1.31338144139514 2992
1781190595841 0.15652541548376006 2993
1781190595866 0.2875485796131031 2994
1781190595892 0.29222792983478896 2995
1781190595921 0.31669140750691605 2996
1781190595956 0.20562892123915794 2997
1781190595976 0.1638517697865693 2998
1781190595990 1.312712843905603 2999
1781190596006 1.3562405025506317 3000
1781190596019 0.20326246087349747 3001
1781190596038 1.3568668907186248 3002
1781190596059 0.25606848377119307 3003
1781190596073 1.320796999927505 3004
1781190596104 1.184834777244216 3005
1781190596121 0.22697032566597786 3006
1781190596137 1.3079642013383157 3007
1781190596153 1.3010050506338835 3008
1781190596179 0.24781340143745004 3009
1781190596197 0.16965241665213346 3010
1781190596229 1.2339159415172634 3011
1781190596257 0.23217800845071904 3012
1781190596270 1.2333333333333334 3013
1781190596288 0.16910567197818596 3014
1781190596303 0.23800695801219332 3015
1781190596337 0.3445844739615016 3016
1781190596351 1.2079642013383156 3017
1781190596372 0.2504358606790857 3018
1781190596385 0.20266714732154248 3019
1781190596399 1.2563564219528014 3020
1781190596415 1.3311153279806336 3021
1781190596433 0.19650084886511587 3022
1781190596447 0.13022023723348936 3023
1781190596506 0.18216188612432802 3024
1781190596524 1.2038249284833988 3025
1781190596542 0.13464004525576515 3026
1781190596584 0.06456949279807939 3027
1781190596625 0.32435913528569993 3028
1781190596648 0.18970405084333625 3029
1781190596661 1.3023519206932863 3030
1781190596674 0.20298574998546678 3031
1781190596736 0.21259188405218982 3032
1781190596758 0.18784811231461152 3033
1781190596776 1.3411764705882354 3034
1781190596789 0.2045572855536333 3035
1781190596827 0.26932996616634464 3036
1781190596846 0.18770998177042175 3037
1781190596885 0.33470713749009895 3038
1781190596900 0.2299859957985995 3039
1781190596926 0.18296421782230823 3040
1781190596943 0.17035435293648066 3041
1781190596958 0.3903774955135062 3042
1781190596972 1.256721078854945 3043
1781190597007 1.2831369378179245 3044
1781190597044 0.29205577220258133 3045
1781190597092 1.2374429817926635 3046
1781190597121 0.30419019564210964 3047
1781190597144 1.197505530369465 3048
1781190597160 0.34116515945854475 3049
1781190597172 1.2675557157738475 3050
1781190597187 0.21758366163078657 3051
1781190597225 0.23943605812142896 3052
1781190597271 0.30203334527164216 3053
1781190597284 1.2272393124891001 3054
1781190597299 1.3323876596217188 3055
1781190597316 1.313397459621556 3056
1781190597344 0.3126182134397707 3057
1781190597385 0.27520786562032107 3058
1781190597432 0.17169243030397308 3059
1781190597454 0.10265206999314531 3060
1781190597472 1.309546596626671 3061
1781190597504 1.2985244941897813 3062
1781190597520 0.21039784633657516 3063
1781190597536 1.358521932210783 3064
1781190597552 0.24089171953206745 3065
1781190597582 0.33562606005529766 3066
1781190597599 1.3129611720221512 3067
1781190597619 0.15089813596777937 3068
1781190597657 0.30284832501895403 3069
1781190597673 1.3292893218813453 3070
1781190597698 0.30441294668297214 3071
1781190597720 0.2950557744205244 3072
1781190597734 1.2314005659429965 3073
1781190597749 0.18095238095238095 3074
1781190597782 0.1370044632517157 3075
1781190597814 0.3136887180653522 3076
1781190597837 0.31622100402769027 3077
1781190597851 1.3051316701949487 3078
1781190597866 0.1777086465543644 3079
1781190597885 0.16253054571682995 3080
1781190597906 0.10005202102001105 3081
1781190597926 0.10813291971788565 3082
1781190597943 1.317071157113727 3083
1781190597956 0.20266714732154245 3084
1781190597970 1.2010050506338834 3085
1781190597986 1.3244071053981545 3086
1781190598007 0.25111745494441173 3087
1781190598023 0.4 3088
1781190598037 1.2105572809000085 3089
1781190598051 0.19999999999999998 3090
1781190598079 1.3168849599907708 3091
1781190598121 1.283816339176868 3092
1781190598141 0.23448654311639494 3093
1781190598154 0.20658012670061723 3094
1781190598169 1.309251478702697 3095
1781190598182 0.27208547368804586 3096
1781190598197 0.4 3097
1781190598219 1.2178735836088268 3098
1781190598242 0.26450354001450843 3099
1781190598271 1.2357112293405905 3100
1781190598321 0.23470771847571595 3101
1781190598340 0.14129753467164888 3102
1781190598364 1.3478424634738382 3103
1781190598391 0.31174442423764936 3104
1781190598428 1.1353722600333425 3105
1781190598464 0.3192408156592751 3106
1781190598499 0.25879585606831684 3107
1781190598512 0.2666086451548127 3108
1781190598529 1.23 3109
1781190598555 0.20326223409824176 3110
1781190598576 0.25331765501169184 3111
1781190598589 1.2276660650702946 3112
1781190598610 0.2517734283212862 3113
1781190598655 0.2933950526392213 3114
1781190598669 0.10072662179662915 3115
1781190598686 0.11528825503969789 3116
1781190598700 1.2188892894346186 3117
1781190598737 0.2504884736407737 3118
1781190598752 1.4688247201611686 3119
1781190598767 1.3625812119372789 3120
1781190598781 1.201941932430908 3121
1781190598794 1.2311752798388313 3122
1781190598821 0.286953465095912 3123
1781190598838 1.3368070231221407 3124
1781190598851 1.2311752798388313 3125
1781190598883 1.196533955050914 3126
1781190598914 0.2850242957837094 3127
1781190598930 0.10364706819182566 3128
1781190598944 0.31570727695764755 3129
1781190598981 1.309086270990301 3130
1781190598994 1.2311752798388313 3131
1781190599010 0.35317070942091533 3132
1781190599035 0.25219085562662424 3133
1781190599048 1.2314005659429965 3134
1781190599068 0.15048538853647248 3135
1781190599086 0.25144958437723874 3136
1781190599111 0.19725711962158787 3137
1781190599125 0.17776657776653332 3138
1781190599141 0.3451204527543972 3139
1781190599166 0.14531402408797298 3140
1781190599185 0.1635011079289685 3141
1781190599215 0.23988513810718218 3142
1781190599237 0.29240227673257146 3143
1781190599255 0.17069605529194337 3144
1781190599289 0.2384240317659806 3145
1781190599302 0.25219085562662424 3146
1781190599331 1.2843442095425799 3147
1781190599351 0.3539804988486887 3148
1781190599368 0.13464004525576515 3149
1781190599387 0.25382907564162716 3150
1781190599399 0.27208547368804586 3151
1781190599413 0.10438171125324851 3152
1781190599429 1.3086711376486153 3153
1781190599458 0.30930505058550967 3154
1781190599472 0.22078819656186605 3155
1781190599500 0.31370334097650254 3156
1781190599519 0.18789409965918813 3157
1781190599530 0.2465477516175151 3158
1781190599546 1.3237999237998856 3159
1781190599579 0.2517096611457957 3160
1781190599594 1.3013606076167856 3161
1781190599609 1.2563564219528014 3162
1781190599640 0.29446627965523 3163
1781190599660 1.1703293163053334 3164
1781190599689 0.2326662868537133 3165
1781190599711 0.1009739981825166 3166
1781190599727 0.17658200593888584 3167
1781190599740 0.19999999999999998 3168
1781190599769 0.19471094487610197 3169
1781190599783 0.34452998037747706 3170
1781190599815 0.2747713515409296 3171
1781190599837 0.13445662841280193 3172
1781190599851 0.2760954278133121 3173
1781190599865 1.201941932430908 3174
1781190599893 0.2648591119077927 3175
1781190599909 0.21997276492648957 3176
1781190599926 0.16965241665213346 3177
1781190599970 0.2869801386220209 3178
1781190600000 0.2817854135165512 3179
1781190600022 0.22576836577322718 3180
1781190600046 0.3383091952096307 3181
1781190600074 0.3329939169620472 3182
1781190600087 1.3303689376177208 3183
1781190600114 0.32840171143141295 3184
1781190600143 0.3473338569122702 3185
1781190600189 1.1616105314831593 3186
1781190600216 0.17377879190351975 3187
1781190600232 1.3223356836652378 3188
1781190600261 1.2130672435753782 3189
1781190600283 0.10682502785666162 3190
1781190600299 0.3105572809000084 3191
1781190600317 0.2683588362043818 3192
1781190600339 0.19273072993820864 3193
1781190600366 0.2894521760098503 3194
1781190600395 0.24093099750704727 3195
1781190600425 0.10739196305655921 3196
1781190600442 1.4000000000000001 3197
1781190600475 1.2351618931530037 3198
1781190600498 0.21703397892015375 3199
1781190600522 0.3193067263250057 3200
1781190600538 1.2537089950113725 3201
1781190600595 0.20337268743263823 3202
1781190600623 0.1509691723414195 3203
1781190600639 0.291335194883893 3204
1781190600653 0.22663260179332223 3205
1781190600688 1.2962502365871724 3206
1781190600704 1.3513335736607712 3207
1781190600718 1.2272393124891001 3208
1781190600746 1.2682244364228903 3209
1781190600769 0.1506844606658426 3210
1781190600790 0.2501368926035333 3211
1781190600822 0.17474644128553382 3212
1781190600834 1.256721078854945 3213
1781190600860 0.3007243001428386 3214
1781190600890 0.2879514513488297 3215
1781190600909 1.3267290818197262 3216
1781190600925 0.15086468708675624 3217
1781190600938 0.23603978509331686 3218
1781190600970 1.301796809391973 3219
1781190601016 0.17235401573542664 3220
1781190601049 0.15840087006588807 3221
1781190601084 0.27207640577213005 3222
1781190601099 1.3215535459447265 3223
1781190601133 0.22588528344982098 3224
1781190601155 0.24042237268165922 3225
1781190601170 1.328809392269217 3226
1781190601186 1.2609993252420044 3227
1781190601203 1.3142507074287457 3228
1781190601227 0.27412820797713766 3229
1781190601245 0.10035243642446166 3230
1781190601261 0.27366855567161125 3231
1781190601279 1.3439551461682195 3232
1781190601294 0.20442103607035353 3233
1781190601342 0.19577750030045946 3234
1781190601370 0.23951609336135254 3235
1781190601383 1.2029857499854668 3236
1781190601409 0.17959472141090654 3237
1781190601430 0.2696954236634337 3238
1781190601443 1.2292893218813452 3239
1781190601466 0.19306838776202598 3240
1781190601488 0.2726094010048105 3241
1781190601517 0.29167818657796524 3242
1781190601531 0.21160400001214524 3243
1781190601547 1.379248566084018 3244
1781190601559 1.2306312024380703 3245
1781190601583 1.2988888888888888 3246
1781190601616 0.3480384757729337 3247
1781190601633 1.309154809613352 3248
1781190601667 0.20899752352740691 3249
1781190601702 1.2941099595793892 3250
1781190601721 1.349062836802639 3251
1781190601743 0.10196210645149208 3252
1781190601757 1.2048697011691012 3253
1781190601768 1.2272393124891001 3254
1781190601790 0.15897410101672002 3255
1781190601834 1.2366486907148078 3256
1781190601848 0.10932527299934695 3257
1781190601895 0.19170719712095505 3258
1781190601912 1.3013606076167856 3259
1781190601931 0.18977858009046383 3260
1781190601973 0.3092893218813452 3261
1781190601989 0.20100505063388333 3262
1781190602002 1.2675557157738475 3263
1781190602015 0.2465477516175151 3264
1781190602043 0.2714420500226818 3265
1781190602064 0.13345809944554887 3266
1781190602082 0.33879423278488746 3267
1781190602096 1.2023812939816048 3268
1781190602120 0.34887866464258094 3269
1781190602154 1.3903737838893537 3270
1781190602175 1.2658196574318041 3271
1781190602196 0.15198648970960185 3272
1781190602215 0.21117527983883147 3273
1781190602231 1.3366666666666667 3274
1781190602279 1.142759972376036 3275
1781190602292 0.2760954278133121 3276
1781190602313 0.27921027135009896 3277
1781190602334 0.33919310078949394 3278
1781190602351 0.4507833375077008 3279
1781190602381 0.25435066723700195 3280
1781190602404 0.35230865700454206 3281
1781190602444 1.309914384851987 3282
1781190602485 0.18552728779276662 3283
1781190602506 1.237811125807437 3284
1781190602529 0.2547435915043106 3285
1781190602546 1.3155643437053495 3286
1781190602574 0.28181912562471834 3287
1781190602606 0.24677216847191727 3288
1781190602632 0.191955830965733 3289
1781190602648 0.24096987222988597 3290
1781190602669 0.1504527136721468 3291
1781190602682 0.20766194831233611 3292
1781190602695 0.20326246087349747 3293
1781190602716 0.13626135391766947 3294
1781190602738 0.24527315296947655 3295
1781190602773 1.2574299359525913 3296
1781190602802 0.310291610724422 3297
1781190602823 0.21383595631446708 3298
1781190602840 1.3562405025506317 3299
1781190602863 0.15774360241169003 3300
1781190602886 0.1345216864378451 3301
1781190602905 1.2465408805031446 3302
1781190602922 1.3062957428668365 3303
1781190602944 0.286599772567343 3304
1781190602980 0.2612453576081677 3305
1781190602995 1.2314005659429965 3306
1781190603012 0.39352476091761823 3307
1781190603033 0.17067886344780225 3308
1781190603075 0.22577894762433431 3309
1781190603090 1.3157335159382186 3310
1781190603103 1.2029857499854668 3311
1781190603124 0.18707927227087645 3312
1781190603140 0.17529578262965861 3313
1781190603156 0.16749713526746096 3314
1781190603172 0.10384760523591767 3315
1781190603197 1.2847164895250964 3316
1781190603216 0.11570727695764754 3317
1781190603244 0.21749713526746098 3318
1781190603259 1.3115348263070619 3319
1781190603272 0.2167949705662156 3320
1781190603288 0.13374401268656294 3321
1781190603326 0.30217208792596084 3322
1781190603345 1.3314493837236316 3323
1781190603373 0.23504645058753765 3324
1781190603388 1.3171991318111973 3325
1781190603403 1.3537089950113725 3326
1781190603422 0.1810381522700366 3327
1781190603445 0.2886897341157497 3328
1781190603467 1.2582253492463895 3329
1781190603483 1.3449332676339236 3330
1781190603505 0.15489219225706877 3331
1781190603518 0.19999999999999998 3332
1781190603542 0.29435291483364906 3333
1781190603555 1.201941932430908 3334
1781190603596 0.28557818125872836 3335
1781190603623 0.274864948954394 3336
1781190603660 0.28459031839197924 3337
1781190603698 0.2730906190693364 3338
1781190603725 0.2862604953598957 3339
1781190603748 0.23700949198950824 3340
1781190603785 1.283564942210402 3341
1781190603806 0.16976951573106525 3342
1781190603820 1.3360978515736543 3343
1781190603843 0.1509691723414195 3344
1781190603857 1.2333333333333334 3345
1781190603872 1.3038476052359178 3346
1781190603887 0.09999999999999999 3347
1781190603900 0.20925147870269697 3348
1781190603919 1.3405911474213996 3349
1781190603955 0.3832002986587025 3350
1781190603975 0.17357583785497752 3351
1781190604000 0.1732985073833761 3352
1781190604013 0.20326246087349747 3353
1781190604036 0.17204212052403584 3354
1781190604070 0.17540121088248237 3355
1781190604099 0.2733153014844204 3356
1781190604110 1.256721078854945 3357
1781190604124 1.4688247201611686 3358
1781190604138 1.3002945514498419 3359
1781190604166 1.214298874272851 3360
1781190604194 0.3644665472740649 3361
1781190604207 0.21195912215198667 3362
1781190604234 0.3119549093674376 3363
1781190604271 0.31105008200066786 3364
1781190604299 0.13530669638712456 3365
1781190604314 1.3156338512267893 3366
1781190604333 0.16684878398890274 3367
1781190604354 0.252536150725497 3368
1781190604380 0.1779396241422328 3369
1781190604414 0.2898998863581415 3370
1781190604427 1.2051316701949486 3371
1781190604457 0.20976721242745355 3372
1781190604498 0.3275894862731629 3373
1781190604527 0.19179218008490131 3374
1781190604539 1.2770584266129439 3375
1781190604552 1.2311752798388313 3376
1781190604575 1.2488967044875854 3377
1781190604589 1.2029857499854668 3378
1781190604602 0.3198216274262727 3379
1781190604639 0.16031746031746028 3380
1781190604651 1.2314005659429965 3381
1781190604698 1.2891469457620486 3382
1781190604714 0.34452998037747706 3383
1781190604729 1.3113407358688385 3384
1781190604748 1.319096016504411 3385
1781190604785 1.2037251910441338 3386
1781190604799 1.3002945514498419 3387
1781190604827 0.2025744766919099 3388
1781190604885 1.2135868042234492 3389
1781190604905 0.16837944797323448 3390
1781190604929 0.3102690510888898 3391
1781190604940 1.2523669488377533 3392
1781190604956 0.17745983144875552 3393
1781190604971 0.222133717857234 3394
1781190604986 0.25282718234751367 3395
1781190605002 0.10098524570233257 3396
1781190605022 0.16804195144216016 3397
1781190605036 0.37142857142857144 3398
1781190605052 1.3215535459447265 3399
1781190605072 0.10438171125324851 3400
1781190605092 0.13522895911300717 3401
1781190605108 0.32273088605066075 3402
1781190605124 0.18402271549697294 3403
1781190605141 1.309649209709475 3404
1781190605154 1.2563564219528014 3405
1781190605171 1.329067309786809 3406
1781190605212 1.1619009120660404 3407
1781190605239 0.22763727730133673 3408
1781190605282 0.27361526054393737 3409
1781190605301 1.313646185444024 3410
1781190605320 1.286353728897436 3411
1781190605333 0.20298574998546678 3412
1781190605361 0.150210589287068 3413
1781190605398 0.28024335680301515 3414
1781190605409 1.2 3415
1781190605423 1.328697590409262 3416
1781190605442 1.3584224642794858 3417
1781190605458 0.2530791564682609 3418
1781190605480 0.20975036271440942 3419
1781190605497 0.16477699853612315 3420
1781190605509 1.2292893218813452 3421
1781190605540 1.2335099893435801 3422
1781190605552 1.2213786372458562 3423
1781190605571 0.15264981751588955 3424
1781190605591 1.2072171400502099 3425
1781190605607 1.309154809613352 3426
1781190605623 0.446692399597581 3427
1781190605643 0.23382961431233443 3428
1781190605657 1.2314005659429965 3429
1781190605672 0.3 3430
1781190605686 0.3 3431
1781190605716 0.275316968164258 3432
1781190605773 1.2785885051716077 3433
1781190605789 0.26767171730055 3434
1781190605804 1.3057190958417937 3435
1781190605830 0.29100561815485204 3436
1781190605872 0.2938510074925123 3437
1781190605884 1.2029857499854668 3438
1781190605905 0.2784307453320394 3439
1781190605933 0.304320473228328 3440
1781190605947 0.20766194831233611 3441
1781190605960 0.19999999999999998 3442
1781190605978 0.10035243642446166 3443
1781190606000 1.2397909121126054 3444
1781190606014 0.19784194650549813 3445
1781190606034 0.19052632595904193 3446
1781190606052 0.30666666666666664 3447
1781190606068 1.308941608205863 3448
1781190606097 0.2743109339633603 3449
1781190606124 0.20015538645094566 3450
1781190606160 1.3027802143772296 3451
1781190606183 0.1601984982840135 3452
1781190606208 0.31241169996730067 3453
1781190606246 0.1402035924528194 3454
1781190606266 0.30941783726843236 3455
1781190606284 1.342379186895994 3456
1781190606301 0.2777777777777778 3457
1781190606341 0.30894476320697856 3458
1781190606358 0.34814370211582685 3459
1781190606370 1.2311752798388313 3460
1781190606406 1.1656224157754163 3461
1781190606422 0.304934584863473 3462
1781190606467 0.2846687338043525 3463
1781190606483 1.3096287150306833 3464
1781190606496 1.2029857499854668 3465
1781190606525 0.3612701665379258 3466
1781190606539 0.23800695801219332 3467
1781190606551 0.2666086451548127 3468
1781190606583 0.23448500321889887 3469
1781190606605 0.22512305176458391 3470
1781190606627 0.1831858844332451 3471
1781190606640 0.19999999999999998 3472
1781190606662 1.2778883263187695 3473
1781190606675 0.19999999999999998 3474
1781190606701 0.1946718166348041 3475
1781190606729 1.3177693691021153 3476
1781190606754 0.19962085095654397 3477
1781190606786 0.20397796178495506 3478
1781190606812 0.1010008398050039 3479
1781190606832 0.10384996492549133 3480
1781190606854 1.2807396040149106 3481
1781190606873 0.23859603719552336 3482
1781190606888 0.12776848814853847 3483
1781190606922 1.2374299849595702 3484
1781190606938 1.3334487735353837 3485
1781190606951 0.2666086451548127 3486
1781190606966 1.3692206494374455 3487
1781190606983 0.44340185399533705 3488
1781190607007 1.22587506833389 3489
1781190607021 0.1672782931993048 3490
1781190607050 0.31304806601976654 3491
1781190607087 0.2807045832727616 3492
1781190607103 0.3129428499867986 3493
1781190607121 0.24716931052296096 3494
1781190607146 0.16383932167779444 3495
1781190607189 1.245248715631187 3496
1781190607201 0.21135947395720814 3497
1781190607260 1.1223957613751758 3498
1781190607276 0.3488521841012988 3499
1781190607288 1.2488521841012987 3500
1781190607320 1.317737686796223 3501
1781190607334 1.2523669488377533 3502
1781190607351 0.3623677668600671 3503
1781190607398 0.3158124913708886 3504
1781190607413 1.2523669488377533 3505
1781190607426 0.46967330142916175 3506
1781190607440 1.348143702115827 3507
1781190607454 0.18568083794681411 3508
1781190607468 1.2292893218813452 3509
1781190607493 1.2714946729320944 3510
1781190607514 0.29608615085363893 3511
1781190607526 1.201941932430908 3512
1781190607556 0.15517876268348216 3513
1781190607572 0.10438171125324851 3514
1781190607599 0.200514919460289 3515
1781190607634 1.1614059188693338 3516
1781190607647 0.25219085562662424 3517
1781190607676 1.2839231077169477 3518
1781190607706 1.2969687124713998 3519
1781190607722 1.3292893218813453 3520
1781190607736 1.2276660650702946 3521
1781190607751 1.2048697011691012 3522
1781190607773 0.3143364973168775 3523
1781190607788 0.19999999999999998 3524
1781190607826 1.322861078416013 3525
1781190607847 0.32458051395589976 3526
1781190607861 0.3429402597842544 3527
1781190607886 0.30793214986645356 3528
1781190607901 0.2241733948092175 3529
1781190607937 0.33634760503358324 3530
1781190607950 0.19999999999999998 3531
1781190607966 0.24782060679127962 3532
1781190607992 0.1637907085671705 3533
1781190608010 1.317667069257837 3534
1781190608024 0.23418548182855822 3535
1781190608040 1.311315594678226 3536
1781190608067 0.17187373891251878 3537
1781190608087 0.3438223439588124 3538
1781190608103 1.3196884292245956 3539
1781190608116 1.2051316701949486 3540
1781190608136 0.3150662584244915 3541
1781190608172 1.3006307025641675 3542
1781190608186 1.3411764705882354 3543
1781190608231 0.2640795226703065 3544
1781190608246 0.30194193243090794 3545
1781190608263 1.3117002490879408 3546
1781190608276 0.20766194831233611 3547
1781190608308 1.2223567416314511 3548
1781190608322 0.27208547368804586 3549
1781190608347 0.16131559467822604 3550
1781190608364 0.09999999999999999 3551
1781190608376 1.2314005659429965 3552
1781190608399 0.3239361170744335 3553
1781190608432 0.26088908880473655 3554
1781190608444 0.2555250410003339 3555
1781190608468 1.3102914772854939 3556
1781190608491 0.1609824389673138 3557
1781190608506 1.214893550365301 3558
1781190608522 1.3183503419072273 3559
1781190608573 0.31071652577851044 3560
1781190608586 0.3105572809000084 3561
1781190608604 0.10130724575603466 3562
1781190608628 0.16829507955585873 3563
1781190608649 0.1753128433443817 3564
1781190608667 1.3944358511592534 3565
1781190608682 1.3306312024380704 3566
1781190608696 1.2048697011691012 3567
1781190608712 1.302985749985467 3568
1781190608746 1.3079059805893187 3569
1781190608768 0.2660346541278664 3570
1781190608781 0.2760954278133121 3571
1781190608796 0.2234595470528783 3572
1781190608813 1.3469605164694565 3573
1781190608849 0.17506932186203403 3574
1781190608866 1.3149128740376965 3575
1781190608887 0.09999999999999999 3576
1781190608913 0.33571756534667746 3577
1781190608970 1.3090065029039906 3578
1781190608994 0.1801471243792511 3579
1781190609007 0.20298574998546678 3580
1781190609020 0.3026671473215425 3581
1781190609041 0.15641442801064326 3582
1781190609067 0.20742143051810927 3583
1781190609080 1.2276660650702946 3584
1781190609094 0.2329179606750063 3585
1781190609144 1.185924540599263 3586
1781190609156 0.23117527983883146 3587
1781190609185 0.31573265625596786 3588
1781190609212 0.21118661303739944 3589
1781190609235 0.20169216953771513 3590
1781190609275 1.292500395595552 3591
1781190609298 0.2729995559714678 3592
1781190609323 1.2269532915984156 3593
1781190609359 0.33986152206757364 3594
1781190609379 0.22573149004485504 3595
1781190609392 1.2333333333333334 3596
1781190609421 0.25771087170234747 3597
1781190609434 0.21613407829775846 3598
1781190609447 0.20298574998546678 3599
1781190609463 0.1011609402034858 3600
1781190609481 0.2138943228177108 3601
1781190609497 1.3 3602
1781190609527 1.2832350852931946 3603
1781190609541 0.26220355269907725 3604
1781190609555 0.27208547368804586 3605
1781190609589 0.3614107833543903 3606
1781190609620 1.3042352243228845 3607
1781190609639 0.22863428690181853 3608
1781190609680 0.22279075648060795 3609
1781190609720 0.28620069154924976 3610
1781190609770 1.1874243041552583 3611
1781190609797 0.3143267773990979 3612
1781190609824 0.30547586864749005 3613
1781190609836 0.2045572855536333 3614
1781190609852 1.3142507074287457 3615
1781190609876 1.244422488438456 3616
1781190609893 1.2079642013383156 3617
1781190609907 1.2675557157738475 3618
1781190609922 1.3342404050778571 3619
1781190609951 0.26839420345393306 3620
1781190609989 1.1818090010652502 3621
1781190610014 0.26753609444694487 3622
1781190610036 0.17618768723785563 3623
1781190610053 1.3534757894800764 3624
1781190610074 0.16965241665213346 3625
1781190610122 0.23060883759917006 3626
1781190610142 1.2738578646122412 3627
1781190610159 1.3139053967907721 3628
1781190610174 0.2596177295982106 3629
1781190610189 1.3222155531737403 3630
1781190610226 1.2472584155514395 3631
1781190610241 1.2333333333333334 3632
1781190610262 0.22529126323623716 3633
1781190610282 1.3545480896679505 3634
1781190610300 1.3388824613113917 3635
1781190610337 0.22031758504857235 3636
1781190610350 0.19999999999999998 3637
1781190610376 1.3090011638682126 3638
1781190610401 1.268175987875519 3639
1781190610417 0.11132110973725881 3640
1781190610455 0.32041628363840635 3641
1781190610471 0.10090075695896766 3642
1781190610489 0.10028576022859322 3643
1781190610511 0.1740202585636013 3644
1781190610532 1.2223102559547658 3645
1781190610548 0.15935074785324532 3646
1781190610560 1.2276660650702946 3647
1781190610578 1.303072577776359 3648
1781190610591 0.20298574998546678 3649
1781190610606 1.3023519206932863 3650
1781190610641 0.18520341159323897 3651
1781190610666 0.1706177698629066 3652
1781190610715 1.1872454060944981 3653
1781190610746 0.29393926522109143 3654
1781190610768 0.24738659461634172 3655
1781190610797 0.30292746566058487 3656
1781190610821 1.2299062537304442 3657
1781190610837 1.3141604924721049 3658
1781190610854 0.10104586080094133 3659
1781190610867 0.19999999999999998 3660
1781190610883 0.21322781687253753 3661
1781190610894 0.20298574998546678 3662
1781190610940 0.23252240828961096 3663
1781190610970 0.26684702483123696 3664
1781190610984 0.24925108162435589 3665
1781190611002 0.31063163505260194 3666
1781190611029 1.2055628264026739 3667
1781190611076 0.30062256067488957 3668
1781190611089 0.22155354594472637 3669
1781190611105 1.3596553311118766 3670
1781190611121 1.3314005659429966 3671
1781190611135 0.19999999999999998 3672
1781190611158 0.1564563710933171 3673
1781190611202 0.2836917684708847 3674
1781190611216 1.3589519164332062 3675
1781190611232 1.3057190958417937 3676
1781190611250 0.31993592309745644 3677
1781190611272 0.10384996492549133 3678
1781190611290 0.10013123365234114 3679
1781190611302 0.26220355269907725 3680
1781190611323 0.16582743770732067 3681
1781190611340 0.2277193677675799 3682
1781190611364 1.2273415326057096 3683
1781190611387 0.1845346329292023 3684
1781190611400 0.20364539177436405 3685
1781190611431 0.27996845374151347 3686
1781190611445 0.21555993381585017 3687
1781190611460 1.2563564219528014 3688
1781190611475 1.4000000000000001 3689
1781190611514 0.19929696557926593 3690
1781190611527 1.2276660650702946 3691
1781190611547 0.3130681712078777 3692
1781190611560 1.3483602220505677 3693
1781190611593 1.1822416473865072 3694
1781190611610 1.4000000000000001 3695
1781190611629 0.15261211237112465 3696
1781190611651 0.30456694428102193 3697
1781190611663 0.2601137982391267 3698
1781190611682 1.3102339369806482 3699
1781190611702 1.2963050009189658 3700
1781190611717 1.34273437133218 3701
1781190611737 0.20384996492549132 3702
1781190611765 0.29902496609584134 3703
1781190611793 0.21851061811543215 3704
1781190611815 1.316416876022361 3705
1781190611855 0.23386358948785807 3706
1781190611873 1.3390728204155058 3707
1781190611905 1.2715723214484131 3708
1781190611921 1.346547751617515 3709
1781190611935 1.2032380194165777 3710
1781190611948 0.21613407829775846 3711
1781190611962 1.2488521841012987 3712
1781190611974 1.2314005659429965 3713
1781190611997 0.13464984644975686 3714
1781190612010 1.2314005659429965 3715
1781190612034 1.2779856231151832 3716
1781190612070 1.3123809630751337 3717
1781190612096 0.2640434119345868 3718
1781190612117 0.1688677623134233 3719
1781190612153 1.271063052636096 3720
1781190612186 0.17790947027246476 3721
1781190612209 0.20067461637807898 3722
1781190612232 1.2029857499854668 3723
1781190612244 0.20326246087349747 3724
1781190612260 0.3026671473215425 3725
1781190612284 0.10349546747197771 3726
1781190612306 0.10754996729579516 3727
1781190612329 0.17451919539053756 3728
1781190612368 0.3306594630315524 3729
1781190612414 0.24995366508769956 3730
1781190612437 0.2405283029718416 3731
1781190612451 0.46091095901015045 3732
1781190612471 0.09999999999999999 3733
1781190612495 0.20377495513506236 3734
1781190612509 1.2333333333333334 3735
1781190612524 1.3292893218813453 3736
1781190612550 0.2515909441963734 3737
1781190612565 1.2276660650702946 3738
1781190612586 0.16268438319006748 3739
1781190612601 1.3087129070824723 3740
1781190612613 1.2 3741
1781190612627 0.3454455274410019 3742
1781190612657 1.2874334768262032 3743
1781190612672 1.302985749985467 3744
1781190612692 0.19400879824039102 3745
1781190612711 0.16573351593821864 3746
1781190612745 1.2182453493101961 3747
1781190612766 0.13433252575794055 3748
1781190612786 0.2344389931892814 3749
1781190612801 1.3057190958417937 3750
1781190612816 1.2306312024380703 3751
1781190612843 1.3154040020958386 3752
1781190612883 1.2209819997794786 3753
1781190612918 0.24343001846235113 3754
1781190612943 1.1760688548260536 3755
1781190612962 0.1508067004982411 3756
1781190612989 0.3611924737146833 3757
1781190613004 0.21514718625761428 3758
1781190613028 1.3015268072165338 3759
1781190613062 1.2048697011691012 3760
1781190613097 0.30479984847147185 3761
1781190613125 1.3512622675033505 3762
1781190613151 1.3204214906129264 3763
1781190613164 1.2105572809000085 3764
1781190613187 1.3158411055987893 3765
1781190613209 1.3306625516755117 3766
1781190613241 1.190217127524252 3767
1781190613260 0.15380278595122365 3768
1781190613274 0.24836022205056776 3769
1781190613317 0.2004617806854488 3770
1781190613338 0.3021965953264161 3771
1781190613353 1.3422649730810374 3772
1781190613379 0.31735729980316485 3773
1781190613414 1.2024055050096754 3774
1781190613428 0.25282718234751367 3775
1781190613446 1.3046769362300683 3776
1781190613475 0.24269792733866236 3777
1781190613495 0.15608514494500883 3778
1781190613510 1.309546596626671 3779
1781190613524 0.2272393124891001 3780
1781190613538 0.18455068737074914 3781
1781190613550 1.2292893218813452 3782
1781190613585 0.23034678258611638 3783
1781190613604 0.20216008190595428 3784
1781190613633 0.3268208277114957 3785
1781190613654 0.10011318622755626 3786
1781190613670 0.16743887899529988 3787
1781190613684 0.19999999999999998 3788
1781190613713 0.2718383445702776 3789
1781190613734 0.2672748167408959 3790
1781190613748 0.11918779643582314 3791
1781190613764 1.3470187057173983 3792
1781190613780 0.24925108162435589 3793
1781190613814 0.23859969835027622 3794
1781190613833 0.2756992220073714 3795
1781190613858 0.2664103062511292 3796
1781190613881 0.17949168622526154 3797
1781190613920 1.2889817945381794 3798
1781190613934 1.2029857499854668 3799
1781190613971 0.3219279941641173 3800
1781190613983 0.21322781687253753 3801
1781190614021 0.3642070008236864 3802
1781190614044 0.20136060761678562 3803
1781190614058 0.2760954278133121 3804
1781190614082 0.29333333333333333 3805
1781190614102 0.13483763086870193 3806
1781190614115 0.20493458486347302 3807
1781190614135 1.4553111384252604 3808
1781190614151 1.3711324865405188 3809
1781190614199 1.1770474366630281 3810
1781190614224 0.13496464585184792 3811
1781190614253 0.22342693710280878 3812
1781190614268 1.4000000000000001 3813
1781190614291 0.3126444495397711 3814
1781190614327 0.3505586767526956 3815
1781190614339 1.256721078854945 3816
1781190614356 1.3264232792618043 3817
1781190614393 1.3425573042096448 3818
1781190614407 0.23117527983883146 3819
1781190614423 0.12433555507962657 3820
1781190614449 0.3179537124571045 3821
1781190614472 0.2518977056824055 3822
1781190614497 0.27797228990642314 3823
1781190614537 0.2910999110998666 3824
1781190614552 0.24900665702969338 3825
1781190614596 0.3437191038893684 3826
1781190614616 1.284895234221227 3827
1781190614636 0.15774360241169003 3828
1781190614675 1.2078657148665854 3829
1781190614692 1.3470849737787083 3830
1781190614704 0.20326246087349747 3831
1781190614722 0.3308569324468115 3832
1781190614769 1.2795303838803656 3833
1781190614802 0.23041949230217992 3834
1781190614823 0.1723764097080645 3835
1781190614846 0.13374401268656294 3836
1781190614882 0.19187454570027668 3837
1781190614917 1.317245851903138 3838
1781190614938 0.13399702714304276 3839
1781190614950 0.22663260179332223 3840
1781190614972 0.3153956576951153 3841
1781190614998 0.2791129174220517 3842
1781190615029 1.294073423829725 3843
1781190615044 0.18568083794681411 3844
1781190615063 0.10092269108238097 3845
1781190615081 0.1683969433913644 3846
1781190615099 0.15073785962285374 3847
1781190615113 1.3198216274262726 3848
1781190615137 0.2704119627852808 3849
1781190615151 0.35370899501137243 3850
1781190615183 0.23948970939236727 3851
1781190615195 1.2675557157738475 3852
1781190615209 1.2060851449450087 3853
1781190615229 0.15309968337769816 3854
1781190615242 1.2023812939816048 3855
1781190615256 0.21982162742627268 3856
1781190615270 0.11918779643582314 3857
1781190615285 1.2048697011691012 3858
1781190615318 0.2555474012628929 3859
1781190615341 0.17196282441605643 3860
1781190615356 0.2596177295982106 3861
1781190615368 1.2314005659429965 3862
1781190615398 0.27979437440965504 3863
1781190615418 0.15175438596491228 3864
1781190615432 1.2479734018285527 3865
1781190615449 0.18294253821016768 3866
1781190615478 0.2856886043994889 3867
1781190615498 0.228819790307754 3868
1781190615530 0.21227485288389017 3869
1781190615549 0.2739619501942378 3870
1781190615573 0.21483758536832967 3871
1781190615613 1.2208461898049425 3872
1781190615626 0.20266714732154245 3873
1781190615639 0.21613407829775846 3874
1781190615651 1.2079642013383156 3875
1781190615666 1.2479734018285527 3876
1781190615700 0.2590733200899164 3877
1781190615714 0.20298574998546678 3878
1781190615730 1.3351796276447836 3879
1781190615773 1.222914039470824 3880
1781190615787 0.22284832501895402 3881
1781190615802 1.2029857499854668 3882
1781190615829 0.26378920474141604 3883
1781190615847 0.30364539177436406 3884
1781190615860 1.2272393124891001 3885
1781190615889 0.08415411816988926 3886
1781190615903 1.3470187057173983 3887
1781190615925 0.16229419806929707 3888
1781190615949 0.10591546495702563 3889
1781190615970 0.19338801033818 3890
1781190615993 0.20067142700343554 3891
1781190616006 1.256721078854945 3892
1781190616027 0.1583080613270888 3893
1781190616062 1.2868619474204697 3894
1781190616075 1.3082337064517753 3895
1781190616087 1.2051316701949486 3896
1781190616100 1.2079642013383156 3897
1781190616118 1.3026974454865345 3898
1781190616147 0.20915837491775138 3899
1781190616176 0.24615391347319776 3900
1781190616192 1.302985749985467 3901
1781190616231 0.21146642942674518 3902
1781190616249 0.16956381848902663 3903
1781190616269 0.23704683298672322 3904
1781190616283 0.2666086451548127 3905
1781190616297 0.2105572809000084 3906
1781190616312 1.2675557157738475 3907
1781190616324 1.201941932430908 3908
1781190616355 0.2926411261014031 3909
1781190616367 0.20364539177436405 3910
1781190616382 0.1045970042308335 3911
1781190616399 1.3531707094209153 3912
1781190616423 1.3337458651131087 3913
1781190616436 1.214893550365301 3914
1781190616453 0.3119591221519867 3915
1781190616467 0.2465477516175151 3916
1781190616486 1.2084524583565872 3917
1781190616506 0.20076278764440517 3918
1781190616528 0.28054945470785936 3919
1781190616563 0.19993230854803573 3920
1781190616576 1.2051316701949486 3921
1781190616595 1.3045223445466785 3922
1781190616614 0.2724400874361388 3923
1781190616640 1.3199955674986807 3924
1781190616657 0.19868566019499698 3925
1781190616679 0.22555015375635995 3926
1781190616701 0.2341873199349666 3927
1781190616732 1.2545365492258753 3928
1781190616776 0.31056420490921705 3929
1781190616813 0.11353338665323358 3930
1781190616827 0.20298574998546678 3931
1781190616842 1.2311752798388313 3932
1781190616855 0.20703303197986317 3933
1781190616869 1.2276660650702946 3934
1781190616883 0.25219085562662424 3935
1781190616917 0.19708412671615602 3936
1781190616936 0.10061413068042235 3937
1781190616952 1.3046336702913168 3938
1781190616975 0.1269276704764192 3939
1781190616989 0.20766194831233611 3940
1781190617043 1.25996177569022 3941
1781190617059 1.2563564219528014 3942
1781190617083 1.2777194708932578 3943
1781190617096 0.4534522483824849 3944
1781190617133 0.33180522639441723 3945
1781190617147 1.2292893218813452 3946
1781190617160 1.2105572809000085 3947
1781190617181 1.3087840676178426 3948
1781190617228 0.3088574897387631 3949
1781190617259 0.2907619192943077 3950
1781190617295 1.201573846762174 3951
1781190617318 1.1523812939816047 3952
1781190617333 1.3198216274262726 3953
1781190617345 0.20326246087349747 3954
1781190617361 0.30557326295624393 3955
1781190617390 0.26158885728390147 3956
1781190617406 1.322341972528468 3957
1781190617428 0.18939369194283612 3958
1781190617443 0.20298574998546678 3959
1781190617465 0.28179721695762683 3960
1781190617483 0.3219923548761484 3961
1781190617497 0.20766194831233611 3962
1781190617511 0.3810263340389897 3963
1781190617529 0.1910003340544078 3964
1781190617568 0.2947383139785068 3965
1781190617586 0.20831827706926012 3966
1781190617609 1.261733535042324 3967
1781190617636 1.2331075457608334 3968
1781190617663 0.37840552747753914 3969
1781190617681 0.2066861050368313 3970
1781190617694 1.3082929943746766 3971
1781190617724 0.32128308036905195 3972
1781190617748 0.10410460682291071 3973
1781190617763 0.20161300899000925 3974
1781190617789 0.15403447600524084 3975
1781190617800 1.2276660650702946 3976
1781190617823 0.13481657912676695 3977
1781190617836 1.2675557157738475 3978
1781190617855 0.13483763086870193 3979
1781190617872 1.3249740169747966 3980
1781190617900 0.239086270990301 3981
1781190617933 0.19675444679663243 3982
1781190617952 0.16499668294840233 3983
1781190617965 0.23603978509331686 3984
1781190618001 0.37751404933012417 3985
1781190618016 0.11428571428571428 3986
1781190618052 0.29307730126396464 3987
1781190618100 1.2539477799069525 3988
1781190618115 1.3076619483123362 3989
1781190618132 1.3355341628779696 3990
1781190618146 1.2048697011691012 3991
1781190618158 1.256721078854945 3992
1781190618169 0.27208547368804586 3993
1781190618201 1.2679925794843858 3994
1781190618235 1.2527083277848905 3995
1781190618274 1.189461826447535 3996
1781190618290 1.3592454461325651 3997
1781190618309 0.17962783868881774 3998
1781190618343 0.21558580339785127 3999
1781190618365 1.2727721196129493 4000
1781190618385 0.13395253433334267 4001
1781190618400 0.33900057186695814 4002
1781190618431 1.2687365916171238 4003
1781190618450 0.1807262799698308 4004
1781190618486 0.2544728020339542 4005
1781190618512 0.2844292343475235 4006
1781190618528 0.17140873222509861 4007
1781190618542 0.21007198385904374 4008
1781190618561 0.23385793754039186 4009
1781190618577 1.3 4010
1781190618594 1.202670194639296 4011
1781190618615 0.30045558323496535 4012
1781190618631 1.3606080701420833 4013
1781190618648 1.3658525299744095 4014
1781190618680 0.3199074787422668 4015
1781190618694 1.2105572809000085 4016
1781190618716 0.1307035487314847 4017
1781190618762 0.3549012383198303 4018
1781190618780 1.312712843905603 4019
1781190618800 0.351738291093416 4020
1781190618821 0.2543739795058781 4021
1781190618837 0.3081468476594497 4022
1781190618860 0.2554030743501262 4023
1781190618874 0.20326246087349747 4024
1781190618903 0.18270965095145156 4025
1781190618919 0.16965241665213346 4026
1781190618934 1.3644590673344545 4027
1781190618948 1.2188892894346186 4028
1781190618977 1.2899044521615555 4029
1781190619004 0.15588903924942474 4030
1781190619020 0.12062746066806228 4031
1781190619035 0.41245145612729384 4032
1781190619050 0.25219085562662424 4033
1781190619065 1.3073907640230453 4034
1781190619090 0.10469737753421116 4035
1781190619124 0.16884812266748966 4036
1781190619152 1.3576356153117601 4037
1781190619167 0.23418548182855822 4038
1781190619190 0.1675144337112613 4039
1781190619218 0.2555521681507684 4040
1781190619230 1.2051316701949486 4041
1781190619261 0.29471021306374845 4042
1781190619284 0.15626386396155073 4043
1781190619322 0.22809185937156162 4044
1781190619342 0.2548414670225562 4045
1781190619355 0.3770584266129438 4046
1781190619383 1.2837749551350623 4047
1781190619406 0.138657895636471 4048
1781190619437 0.20558827483955217 4049
1781190619454 0.10042593259440495 4050
1781190619487 0.28220485245685056 4051
1781190619503 0.3237745178457239 4052
1781190619517 1.2675557157738475 4053
1781190619537 1.292971114000589 4054
1781190619551 0.16965241665213346 4055
1781190619576 0.2675065573851251 4056
1781190619611 0.27084713927246806 4057
1781190619635 1.2850345045672211 4058
1781190619683 1.217033165756202 4059
1781190619700 0.10038931310428534 4060
1781190619727 0.21918779643582315 4061
1781190619741 1.348143702115827 4062
1781190619753 1.2314005659429965 4063
1781190619769 0.3810263340389897 4064
1781190619800 0.28611234350000603 4065
1781190619833 1.312467309929456 4066
1781190619852 0.31987643232945323 4067
1781190619878 0.31181554731216765 4068
1781190619892 1.256721078854945 4069
1781190619918 0.328625357285367 4070
1781190619932 1.2188892894346186 4071
1781190619956 1.2809060489026654 4072
1781190619970 1.2675557157738475 4073
1781190619990 1.3226094010048106 4074
1781190620011 0.16903153665120085 4075
1781190620027 1.2292893218813452 4076
1781190620049 0.26753461887823504 4077
1781190620067 0.274077028294888 4078
1781190620083 1.345445527441002 4079
1781190620096 1.2563564219528014 4080
1781190620119 1.2440909550914223 4081
1781190620150 0.3213071376879049 4082
1781190620182 0.28744567578287755 4083
1781190620197 0.2105572809000084 4084
1781190620213 0.3066861050368313 4085
1781190620226 1.2675557157738475 4086
1781190620247 0.24465539583587181 4087
1781190620273 0.29507121425611965 4088
1781190620293 0.1333870390300104 4089
1781190620323 0.3937390845090495 4090
1781190620336 0.2129428499867986 4091
1781190620356 1.426846242208561 4092
1781190620400 1.3378855028615504 4093
1781190620426 1.2569184221482155 4094
1781190620440 0.2530791564682609 4095
1781190620459 0.13469394095011894 4096
1781190620472 1.2276660650702946 4097
1781190620501 0.23735216309072452 4098
1781190620521 0.13344651956088957 4099
1781190620552 0.3403858479107323 4100
1781190620573 0.10003650567784919 4101
1781190620598 0.3425661899754452 4102
1781190620627 1.2060441524263483 4103
1781190620643 1.4617213399848368 4104
1781190620666 1.3235902216421345 4105
1781190620680 1.2023812939816048 4106
1781190620701 0.18506688051707595 4107
1781190620721 0.13399702714304276 4108
1781190620755 0.23807539889176532 4109
1781190620772 0.10679453509981998 4110
1781190620790 1.326970325665978 4111
1781190620805 1.2314005659429965 4112
1781190620819 0.19999999999999998 4113
1781190620834 1.2 4114
1781190620847 0.20101732045351353 4115
1781190620873 0.18671492799554248 4116
1781190620895 0.1801471243792511 4117
1781190620951 1.3070537069569927 4118
1781190620965 0.20326246087349747 4119
1781190620995 0.26789501325312476 4120
1781190621027 0.2032245783605024 4121
1781190621041 0.20298574998546678 4122
1781190621054 1.2314005659429965 4123
1781190621067 0.21322781687253753 4124
1781190621089 0.10124657572534435 4125
1781190621113 0.23768194149099198 4126
1781190621126 0.20362611506951467 4127
1781190621208 1.2704807679194732 4128
1781190621225 0.2126871749869201 4129
1781190621248 1.3303284213529625 4130
1781190621261 0.22572186472917924 4131
1781190621291 0.22737959909407532 4132
1781190621304 0.11428571428571428 4133
1781190621321 1.3105572809000086 4134
1781190621337 1.349912967732219 4135
1781190621380 1.185433141049704 4136
1781190621398 0.31298234620450816 4137
1781190621433 0.25676753258074114 4138
1781190621458 1.2826876319798097 4139
1781190621471 1.2292893218813452 4140
1781190621500 0.23614246884524634 4141
1781190621516 0.2465477516175151 4142
1781190621542 0.21736657559871533 4143
1781190621567 1.2496462154048824 4144
1781190621590 1.33219081091473 4145
1781190621608 0.10017773842088 4146
1781190621629 0.1426586063326803 4147
1781190621645 0.20298574998546678 4148
1781190621658 0.19999999999999998 4149
1781190621689 0.22960063721548585 4150
1781190621710 1.3408409607349967 4151
1781190621733 0.31317292582397555 4152
1781190621759 0.20900115719811224 4153
1781190621773 1.2488521841012987 4154
1781190621789 1.3122473091047444 4155
1781190621819 0.3040260585239137 4156
1781190621838 0.1596194939414323 4157
1781190621851 0.20326246087349747 4158
1781190621864 1.2 4159
1781190621883 0.20679453509982 4160
1781190621900 1.317593948151498 4161
1781190621932 1.3237390336433636 4162
1781190621958 1.3483602220505677 4163
1781190621981 0.18640111693456504 4164
1781190622001 0.17299371598589028 4165
1781190622016 1.3079642013383157 4166
1781190622038 0.2007123161513078 4167
1781190622053 0.4311925146946022 4168
1781190622069 1.3054094697073084 4169
1781190622091 1.3277447827214703 4170
1781190622103 1.2292893218813452 4171
1781190622123 0.1838829312281951 4172
1781190622143 0.22305162359361344 4173
1781190622170 0.3025827694838456 4174
1781190622198 0.23399948400551468 4175
1781190622218 1.312672739535881 4176
1781190622239 0.19794947720059772 4177
1781190622251 0.2465477516175151 4178
1781190622270 0.21692473095946144 4179
1781190622292 0.13483288274130795 4180
1781190622310 0.15484568756482606 4181
1781190622324 1.3222155531737403 4182
1781190622371 1.2031100038693086 4183
1781190622389 0.15174832264427748 4184
1781190622405 1.23 4185
1781190622435 0.19073175206107526 4186
1781190622450 0.11918779643582314 4187
1781190622467 0.3165377673888014 4188
1781190622484 1.3322070273896922 4189
1781190622497 0.2666086451548127 4190
1781190622524 0.24132701418005573 4191
1781190622548 0.28089240952273514 4192
1781190622559 1.2 4193
1781190622573 1.2523669488377533 4194
1781190622610 1.2150906402870763 4195
1781190622625 1.2563564219528014 4196
1781190622645 0.17305209847386452 4197
1781190622663 0.17614510541240036 4198
1781190622676 0.20715233091147406 4199
1781190622697 0.1632645204924977 4200
1781190622712 1.3337458651131087 4201
1781190622749 1.1864634705397317 4202
1781190622775 0.33504915075026626 4203
1781190622806 1.32647891407858 4204
1781190622850 0.24499580303841112 4205
1781190622865 1.3156338512267893 4206
1781190622879 0.30442103607035353 4207
1781190622918 0.35025346390936374 4208
1781190622936 0.2494035574373059 4209
1781190622949 0.25477329831333545 4210
1781190622967 0.17163960900306213 4211
1781190622998 1.270904223899236 4212
1781190623020 0.2677807808356221 4213
1781190623032 1.2523669488377533 4214
1781190623062 1.267834931060972 4215
1781190623098 0.2641981684586157 4216
1781190623123 0.36017089849133044 4217
1781190623137 0.31353569201674064 4218
1781190623158 1.3303460364290134 4219
1781190623173 1.3057190958417937 4220
1781190623196 0.1814430832166376 4221
1781190623211 0.1672782931993048 4222
1781190623225 1.2292893218813452 4223
1781190623247 0.3617723574228696 4224
1781190623279 0.19006462304906457 4225
1781190623296 0.10130724575603466 4226
1781190623317 0.16905412386584506 4227
1781190623328 0.20326246087349747 4228
1781190623366 0.22120770606819284 4229
1781190623393 0.211354337113081 4230
1781190623410 1.3403715206000058 4231
1781190623423 1.2 4232
1781190623437 0.20326246087349747 4233
1781190623450 1.2311752798388313 4234
1781190623475 0.1527248610988876 4235
1781190623505 1.2380720259311289 4236
1781190623524 0.42739246945873455 4237
1781190623543 1.2096318362278624 4238
1781190623572 0.28871045886794294 4239
1781190623590 0.1962016666942597 4240
1781190623610 0.16185996154449284 4241
1781190623628 0.13646874059612335 4242
1781190623654 0.20502368116760805 4243
1781190623680 0.3632246867122226 4244
1781190623696 1.3372536886158861 4245
1781190623742 0.30410533615595886 4246
1781190623765 0.2541851935011183 4247
1781190623785 0.25546376967176737 4248
1781190623806 0.17517791980103595 4249
1781190623830 0.1817521572218787 4250
1781190623858 1.301153195868046 4251
1781190623877 0.31038207462220735 4252
1781190623909 1.1795976878914063 4253
1781190623927 0.24908668250234017 4254
1781190623942 1.3369471711244538 4255
1781190623956 1.3087129070824723 4256
1781190623981 0.2019134022971739 4257
1781190623996 0.10090075695896766 4258
1781190624024 1.282560246847062 4259
1781190624039 0.26220355269907725 4260
1781190624079 0.3336812374259298 4261
1781190624114 0.29664005347605726 4262
1781190624135 0.1851480791425426 4263
1781190624156 0.24430573326053198 4264
1781190624170 0.24849737973753952 4265
1781190624215 0.1498329761956733 4266
1781190624235 1.3287756970867484 4267
1781190624249 0.23036893761772084 4268
1781190624278 1.1525345038377892 4269
1781190624297 0.12515188114348802 4270
1781190624318 0.16758659699198986 4271
1781190624333 0.21259169581663512 4272
1781190624365 1.1930480978877736 4273
1781190624387 0.3480670444676556 4274
1781190624407 1.3335589402973251 4275
1781190624418 1.2032380194165777 4276
1781190624458 0.2292286574974331 4277
1781190624495 0.2978297014890757 4278
1781190624523 1.3040020874217222 4279
1781190624538 1.3198216274262726 4280
1781190624573 0.30725910811214324 4281
1781190624586 1.2523669488377533 4282
1781190624615 0.2548539366659326 4283
1781190624634 1.2793340603447199 4284
1781190624662 0.19615108392943986 4285
1781190624691 0.27028733343280964 4286
1781190624723 1.2334881786703022 4287
1781190624754 1.3172123303704766 4288
1781190624774 0.16931794761836394 4289
1781190624803 0.32793962414223277 4290
1781190624823 1.3933941801845489 4291
1781190624855 0.3019741000972992 4292
1781190624867 1.2029857499854668 4293
1781190624894 0.19375830426537158 4294
1781190624919 0.23847346833941002 4295
1781190624941 1.3128992887381317 4296
1781190624956 0.10364706819182566 4297
1781190624975 0.18232628195915634 4298
1781190625003 0.3003937667419034 4299
1781190625018 1.313397459621556 4300
1781190625044 1.2763072249014147 4301
1781190625076 0.2987837551263754 4302
1781190625093 1.340998341065769 4303
1781190625108 1.3018977056824055 4304
1781190625142 0.2137269957254259 4305
1781190625167 1.3427943935758422 4306
1781190625192 0.31027367267626543 4307
1781190625215 0.13703229030305197 4308
1781190625245 0.22101694434609187 4309
1781190625258 1.2032380194165777 4310
1781190625282 1.3010050506338835 4311
1781190625320 0.11018225737218562 4312
1781190625335 1.2032380194165777 4313
1781190625356 1.2869471356851718 4314
1781190625372 0.1716012515301397 4315
1781190625392 0.1351231054098717 4316
1781190625408 0.1563414188418306 4317
1781190625423 1.319096016504411 4318
1781190625449 0.2924060983451597 4319
1781190625463 1.2188892894346186 4320
1781190625485 1.2042857375122549 4321
1781190625507 0.180583820464555 4322
1781190625521 1.2048697011691012 4323
1781190625542 1.3033333333333335 4324
1781190625556 1.2473765188415782 4325
1781190625572 0.3076619483123361 4326
1781190625617 0.30243809196177956 4327
1781190625632 0.1672782931993048 4328
1781190625657 0.3542651879543656 4329
1781190625685 0.35273317707828056 4330
1781190625715 0.1677008617546213 4331
1781190625735 0.10290804532742283 4332
1781190625760 0.17202937889935224 4333
1781190625792 0.29076262042098283 4334
1781190625811 0.30405355013534285 4335
1781190625829 0.3071967662665381 4336
1781190625845 0.33117527983883144 4337
1781190625889 1.2436998090218545 4338
1781190625903 0.1730337489097622 4339
1781190625921 1.3514928749927335 4340
1781190625935 1.256721078854945 4341
1781190625958 0.2539231077169477 4342
1781190625971 0.2105572809000084 4343
1781190625994 0.16954527217128387 4344
1781190626007 0.2465477516175151 4345
1781190626026 0.24234433398029448 4346
1781190626049 0.18184690444111612 4347
1781190626071 0.15582593563878083 4348
1781190626083 0.20908627099030103 4349
1781190626105 0.13345809944554887 4350
1781190626127 0.1795192759150953 4351
1781190626153 1.276559764990872 4352
1781190626173 0.16629574286683638 4353
1781190626185 1.256721078854945 4354
1781190626210 1.1923690272515677 4355
1781190626240 0.2415666365337772 4356
1781190626273 0.2370160337947353 4357
1781190626307 0.2874995241732832 4358
1781190626328 0.13374401268656294 4359
1781190626342 1.2333333333333334 4360
1781190626363 1.34026523089105 4361
1781190626406 0.22831064350496633 4362
1781190626428 0.35319355855161394 4363
1781190626451 0.2890067831404274 4364
1781190626466 1.3337458651131087 4365
1781190626481 1.2029857499854668 4366
1781190626502 0.18193235252188722 4367
1781190626520 0.09999999999999999 4368
1781190626568 1.374697596157447 4369
1781190626603 0.3462835728528549 4370
1781190626618 1.3244071053981545 4371
1781190626653 0.33724961029444006 4372
1781190626671 0.21657184056132212 4373
1781190626696 1.3079279291630974 4374
1781190626721 0.28425728922436616 4375
1781190626736 0.30161300899000926 4376
1781190626776 0.2393964199682203 4377
1781190626803 0.3348416234464998 4378
1781190626817 0.22572186472917924 4379
1781190626829 1.2188892894346186 4380
1781190626851 1.1834965017728993 4381
1781190626865 0.12576925110419096 4382
1781190626877 0.20266714732154245 4383
1781190626890 1.2032380194165777 4384
1781190626906 1.3672673164646012 4385
1781190626928 0.10021786283281277 4386
1781190626951 0.15125553988187612 4387
1781190626976 1.3091597060140563 4388
1781190626989 1.309154809613352 4389
1781190627010 0.2494756681771721 4390
1781190627047 0.3409759794187643 4391
1781190627059 0.20298574998546678 4392
1781190627093 0.27760032839162724 4393
1781190627112 0.17529578262965861 4394
1781190627136 1.2827261985540832 4395
1781190627150 1.3046336702913168 4396
1781190627167 1.3945926192956413 4397
1781190627183 0.24753686101288874 4398
1781190627204 1.3714285714285714 4399
1781190627230 1.3475725409893262 4400
1781190627241 0.20364539177436405 4401
1781190627291 1.2243679207379496 4402
1781190627305 1.3058823529411765 4403
1781190627318 0.20766194831233611 4404
1781190627337 0.3036261150695147 4405
1781190627379 0.36548093467082665 4406
1781190627393 1.2060851449450087 4407
1781190627424 0.1826755326972941 4408
1781190627444 0.34433104598017017 4409
1781190627482 0.2784272722055343 4410
1781190627512 0.16751834344141228 4411
1781190627525 1.2023812939816048 4412
1781190627546 1.2272393124891001 4413
1781190627565 0.24882336842808409 4414
1781190627584 0.2603474207140928 4415
1781190627598 1.2314005659429965 4416
1781190627632 0.26786110162835675 4417
1781190627647 1.3579915974791597 4418
1781190627660 0.23744567578287756 4419
1781190627674 0.2666086451548127 4420
1781190627696 1.3418755553629762 4421
1781190627715 1.377058426612944 4422
1781190627734 0.24572795797600255 4423
1781190627753 0.13350589601583376 4424
1781190627766 1.2311752798388313 4425
1781190627781 0.27208547368804586 4426
1781190627820 1.2358338248998584 4427
1781190627833 1.2292893218813452 4428
1781190627861 0.3150250539257214 4429
1781190627879 1.336039785093317 4430
1781190627895 1.2011056598559482 4431
1781190627909 1.2276660650702946 4432
1781190627925 0.3045572855536333 4433
1781190627938 1.256721078854945 4434
1781190627970 0.26117652118043116 4435
1781190627991 0.25083899571107904 4436
1781190628019 0.2017950600709747 4437
1781190628031 1.256721078854945 4438
1781190628062 0.2993354162736168 4439
1781190628079 0.21657184056132212 4440
1781190628092 1.3470849737787083 4441
1781190628104 1.2311752798388313 4442
1781190628120 0.20362611506951467 4443
1781190628142 0.13393171113267616 4444
1781190628170 1.287168993434632 4445
1781190628183 1.2023812939816048 4446
1781190628197 1.304305124706131 4447
1781190628210 0.23603978509331686 4448
1781190628254 1.2682766827918854 4449
1781190628288 1.2910014417958677 4450
1781190628310 1.265843134630243 4451
1781190628323 0.2051316701949486 4452
1781190628340 1.2230131205257015 4453
1781190628361 0.140744441214461 4454
1781190628390 1.2731224527172553 4455
1781190628420 1.2971264083500413 4456
1781190628434 0.1703579841980513 4457
1781190628463 1.3075884321029136 4458
1781190628482 0.2536747180685131 4459
1781190628496 1.3 4460
1781190628509 0.21613407829775846 4461
1781190628524 0.23117527983883146 4462
1781190628537 0.20266714732154248 4463
1781190628559 0.26820149079568434 4464
1781190628578 0.31613407829775847 4465
1781190628592 1.3333333333333335 4466
1781190628611 0.13426532011492526 4467
1781190628628 1.3462171277540322 4468
1781190628648 0.18051087485837053 4469
1781190628660 0.2587485676337305 4470
1781190628703 1.2556744028481546 4471
1781190628717 0.30364539177436406 4472
1781190628738 1.2838907531902704 4473
1781190628764 0.3213681661177577 4474
1781190628789 0.18336724067899401 4475
1781190628810 0.17628786224374624 4476
1781190628842 0.24204327177812687 4477
1781190628856 0.22663260179332223 4478
1781190628883 0.25800818490771854 4479
1781190628907 0.2309718642850895 4480
1781190628927 0.2099844250236785 4481
1781190628940 1.2048697011691012 4482
1781190628960 0.19418508751142152 4483
1781190628974 0.22078819656186605 4484
1781190629009 0.258957607189193 4485
1781190629023 0.20298574998546678 4486
1781190629037 1.3384542545103337 4487
1781190629065 0.3385882941413606 4488
1781190629094 0.25317189925616634 4489
1781190629113 0.2465477516175151 4490
1781190629133 0.2504527136721468 4491
1781190629146 0.22254033307585167 4492
1781190629189 1.3356732479097324 4493
1781190629225 1.281635511900463 4494
1781190629240 1.3514928749927335 4495
1781190629261 1.2921075055015727 4496
1781190629277 0.31450909023659934 4497
1781190629294 0.31810769751466744 4498
1781190629314 0.20010277243520685 4499
1781190629327 0.19999999999999998 4500
1781190629344 1.309154809613352 4501
1781190629363 0.2748404408424016 4502
1781190629388 1.2526408019049822 4503
1781190629410 1.212416276895611 4504
1781190629432 0.10002518574526785 4505
1781190629443 0.20364539177436405 4506
1781190629473 0.2901887771686182 4507
1781190629491 0.21868843718182582 4508
1781190629511 0.27070176794538925 4509
1781190629531 0.302462758325276 4510
1781190629544 1.2311752798388313 4511
1781190629579 0.2146709800369617 4512
1781190629593 1.2311752798388313 4513
1781190629630 1.3343474569399143 4514
1781190629648 0.21109991109986662 4515
1781190629669 0.32712566203718657 4516
1781190629698 1.2992094288809268 4517
1781190629713 1.2523669488377533 4518
1781190629739 1.2357091929055595 4519
1781190629753 0.23774569825205327 4520
1781190629780 1.216691937748189 4521
1781190629804 0.19112155548817752 4522
1781190629829 0.16077512023818968 4523
1781190629870 1.2195615669712996 4524
1781190629896 1.3199636115514501 4525
1781190629925 0.30356640794968626 4526
1781190629969 0.20221975859225902 4527
1781190629992 0.3068435588352974 4528
1781190630007 1.3038517697865692 4529
1781190630057 1.295501920788374 4530
1781190630079 1.1923991130805311 4531
1781190630114 0.28061906480785914 4532
1781190630167 1.3182003869576202 4533
1781190630184 0.18294253821016768 4534
1781190630206 0.13433252575794055 4535
1781190630224 0.10813291971788565 4536
1781190630255 0.3019172053614622 4537
1781190630289 1.2622027974134327 4538
1781190630329 1.245457518076604 4539
1781190630368 0.2619005570701107 4540
1781190630414 0.3098933710863007 4541
1781190630428 1.2314005659429965 4542
1781190630440 1.2292893218813452 4543
1781190630456 0.3376082251894223 4544
1781190630476 1.3318543741467526 4545
1781190630493 0.19308211022900118 4546
1781190630513 0.25997161060633295 4547
1781190630530 1.3168449285589716 4548
1781190630580 0.1863692120000271 4549
1781190630606 1.2840693635054043 4550
1781190630620 1.3195600333460156 4551
1781190630656 1.2614478015998933 4552
1781190630676 0.30531695134921455 4553
1781190630690 0.21344215770989028 4554
1781190630709 1.351858934897969 4555
1781190630743 0.25712598370446194 4556
1781190630756 1.2051316701949486 4557
1781190630774 0.23270995385230436 4558
1781190630793 1.2796716428324968 4559
1781190630817 0.2823878520879746 4560
1781190630831 1.4688247201611686 4561
1781190630853 0.18298725856654477 4562
1781190630875 0.4498256535275343 4563
1781190630892 1.2276660650702946 4564
1781190630923 0.35870516790329887 4565
1781190630963 0.13092219730577082 4566
1781190631013 0.21634358749346008 4567
1781190631040 1.312994060573951 4568
1781190631055 1.2311752798388313 4569
1781190631071 1.3056120192551461 4570
1781190631087 1.3030668732514024 4571
1781190631105 0.10352089516848684 4572
1781190631120 1.3433053290486159 4573
1781190631133 1.256721078854945 4574
1781190631146 1.2311752798388313 4575
1781190631159 1.2333333333333334 4576
1781190631174 1.3195600333460156 4577
1781190631189 1.2488521841012987 4578
1781190631220 0.29529986772941075 4579
1781190631243 1.2512270204436824 4580
1781190631274 1.2744588744588743 4581
1781190631316 0.34056334268468363 4582
1781190631338 0.32041525684351563 4583
1781190631358 0.15198648970960185 4584
1781190631386 1.240888705847517 4585
1781190631407 0.2523873945788058 4586
1781190631423 0.1345216864378451 4587
1781190631444 0.30766599314550075 4588
1781190631458 1.201941932430908 4589
1781190631472 1.256721078854945 4590
1781190631489 0.31271284390560306 4591
1781190631502 1.2311752798388313 4592
1781190631517 1.2023812939816048 4593
1781190631532 1.256721078854945 4594
1781190631549 1.3035236178762268 4595
1781190631565 1.3051316701949487 4596
1781190631582 0.3105369922031159 4597
1781190631599 1.3692206494374455 4598
1781190631615 1.3213110524635368 4599
1781190631630 1.3491999491999238 4600
1781190631650 1.2795410200286084 4601
1781190631663 1.2188892894346186 4602
1781190631674 1.2188892894346186 4603
1781190631709 1.3079079691282922 4604
1781190631722 1.2563564219528014 4605
1781190631750 0.32880612874535964 4606
1781190631776 0.23359759110642897 4607
1781190631808 1.2701892588229602 4608
1781190631823 0.20101732045351353 4609
1781190631844 0.15627596610860486 4610
1781190631867 0.2987822433364536 4611
1781190631918 0.30586375241417413 4612
1781190631954 0.31574603958843134 4613
1781190631973 0.20886618793333106 4614
1781190632019 0.3402547234545017 4615
1781190632056 1.2830664941014998 4616
1781190632070 1.309251478702697 4617
1781190632096 0.1545860328012087 4618
1781190632126 0.23570228412566155 4619
1781190632142 0.25744677518265047 4620
1781190632180 0.26958159470571535 4621
1781190632218 0.3288508541376792 4622
1781190632243 0.2513203219739448 4623
1781190632260 1.4000000000000001 4624
1781190632295 1.2356438296924757 4625
1781190632318 0.1562615004914441 4626
1781190632339 1.3326366930291393 4627
1781190632353 1.2272393124891001 4628
1781190632384 0.2776656126859657 4629
1781190632397 0.20326246087349747 4630
1781190632409 1.2640062983467322 4631
1781190632425 0.16743887899529988 4632
1781190632464 1.273820918538792 4633
1781190632495 0.21453454866578792 4634
1781190632509 0.12062746066806228 4635
1781190632532 1.247975849968184 4636
1781190632553 1.315592404331071 4637
1781190632582 0.3324073630580625 4638
1781190632630 0.31211498293920503 4639
1781190632652 0.17828787503196047 4640
1781190632671 1.2056373957795312 4641
1781190632700 0.34969230478812546 4642
1781190632722 0.10127313639767785 4643
1781190632737 0.11982162742627267 4644
1781190632762 0.1245694927980794 4645
1781190632793 0.23868362847727315 4646
1781190632822 0.29271284390560304 4647
1781190632836 0.23117527983883146 4648
1781190632859 1.2398455378877713 4649
1781190632880 0.17492522592910803 4650
1781190632911 0.3102764553452729 4651
1781190632937 1.325579159246475 4652
1781190632950 1.256721078854945 4653
1781190632966 1.4212397697621437 4654
1781190632983 1.3223356836652378 4655
1781190633015 0.3106045764064746 4656
1781190633037 0.3032109921659491 4657
1781190633055 0.24695547876383347 4658
1781190633077 0.10042593259440495 4659
1781190633119 1.221724482293148 4660
1781190633135 0.20442103607035353 4661
1781190633148 0.23603978509331686 4662
1781190633168 0.2045572855536333 4663
1781190633193 0.28451801679474226 4664
1781190633208 0.20266714732154245 4665
1781190633230 0.23712309346038501 4666
1781190633248 0.13421054326506987 4667
1781190633265 0.30920406154995483 4668
1781190633301 0.23856731898962502 4669
1781190633335 1.3139246633150112 4670
1781190633350 0.11928582327048642 4671
1781190633371 0.1701854660161328 4672
1781190633384 0.19999999999999998 4673
1781190633405 0.23404424879452582 4674
1781190633423 1.3374456757828777 4675
1781190633445 0.3222566713007945 4676
1781190633467 0.201585264004838 4677
1781190633483 0.3105369922031159 4678
1781190633498 0.2587485676337305 4679
1781190633510 0.20326246087349747 4680
1781190633526 1.3411651594585448 4681
1781190633542 0.24226497308103742 4682
1781190633572 0.33413480480387275 4683
1781190633589 0.12062746066806228 4684
1781190633621 1.2657621799474357 4685
1781190633649 0.2502032586089617 4686
1781190633665 0.17355292128435618 4687
1781190633683 0.317188394428459 4688
1781190633701 0.13577235772357724 4689
1781190633730 0.10112410933729495 4690
1781190633776 0.22206695904363322 4691
1781190633809 0.3488521841012988 4692
1781190633826 1.370185760300003 4693
1781190633869 0.3214285792026026 4694
1781190633887 0.21551147478199864 4695
1781190633927 0.30526903180090986 4696
1781190633943 1.3054094697073084 4697
1781190633959 1.2029274656605848 4698
1781190633988 1.2798516052207791 4699
1781190634020 0.2607751536041492 4700
1781190634056 0.21229553638425996 4701
1781190634069 0.24782060679127962 4702
1781190634087 0.20298574998546678 4703
1781190634119 1.2046911701671803 4704
1781190634134 0.17140873222509861 4705
1781190634179 1.235527145224506 4706
1781190634195 1.3024390053115193 4707
1781190634220 0.20061750161647113 4708
1781190634232 0.20364539177436405 4709
1781190634246 1.2032380194165777 4710
1781190634263 1.313397459621556 4711
1781190634279 1.3775455643430465 4712
1781190634302 0.22101570622408992 4713
1781190634317 0.10090075695896766 4714
1781190634334 1.3129611720221512 4715
1781190634351 0.25021561118129865 4716
1781190634372 1.2113517997849896 4717
1781190634385 0.2760954278133121 4718
1781190634413 0.2831216815137983 4719
1781190634425 0.25477329831333545 4720
1781190634441 0.22610115724154428 4721
1781190634455 1.2048697011691012 4722
1781190634501 1.2516273915960108 4723
1781190634515 1.3073907640230453 4724
1781190634529 1.2051316701949486 4725
1781190634563 1.267568153955201 4726
1781190634579 1.2021564246807181 4727
1781190634608 0.26856242419384263 4728
1781190634629 0.44735137238103784 4729
1781190634676 0.26724727671483517 4730
1781190634702 0.3073028931239577 4731
1781190634729 0.31891527782184736 4732
1781190634745 0.3153190201560059 4733
1781190634761 1.313397459621556 4734
1781190634802 0.26973731876635404 4735
1781190634816 1.2051316701949486 4736
1781190634831 1.201941932430908 4737
1781190634845 1.3333333333333335 4738
1781190634859 0.19999999999999998 4739
1781190634888 0.3549043966070067 4740
1781190634903 0.3588335346289184 4741
1781190634924 1.2524413690624914 4742
1781190634939 1.2479734018285527 4743
1781190634953 0.21135947395720814 4744
1781190634986 1.3020834749192602 4745
1781190635006 1.2078226019228495 4746
1781190635026 0.21141215778120417 4747
1781190635047 1.2797605716512008 4748
1781190635067 0.18285235475289607 4749
1781190635117 0.21379804855034512 4750
1781190635138 1.3198774969700744 4751
1781190635173 0.27290560839396155 4752
1781190635187 1.2105572809000085 4753
1781190635203 1.346547751617515 4754
1781190635234 0.2746257504983108 4755
1781190635253 1.3072193066844169 4756
1781190635282 0.30434707890066476 4757
1781190635320 1.2524022959866925 4758
1781190635346 1.3238947372431857 4759
1781190635362 0.20199620883351524 4760
1781190635375 1.3046336702913168 4761
1781190635412 0.2922846219673305 4762
1781190635435 0.1844659751030525 4763
1781190635472 0.2834167165624653 4764
1781190635488 1.2609993252420044 4765
1781190635502 1.256721078854945 4766
1781190635524 1.3266200614294656 4767
1781190635553 0.27956003334601565 4768
1781190635575 1.2285849779522684 4769
1781190635590 1.3051316701949487 4770
1781190635618 0.31859213709125406 4771
1781190635635 0.2462569227074986 4772
1781190635658 0.1396132448366052 4773
1781190635677 0.22031697735060352 4774
1781190635698 1.2888108392628665 4775
1781190635711 0.23036893761772084 4776
1781190635745 0.21280542093788174 4777
1781190635759 0.25219085562662424 4778
1781190635788 1.2389570514024737 4779
1781190635820 0.154320088758865 4780
1781190635835 1.2029274656605848 4781
1781190635859 0.1783952617708436 4782
1781190635873 1.2523669488377533 4783
1781190635887 1.2105572809000085 4784
1781190635903 1.3485504244572475 4785
1781190635918 1.3213332661890114 4786
1781190635933 0.21548457452714834 4787
1781190635954 0.07103732103146908 4788
1781190635970 1.313998683643247 4789
1781190635988 0.14129753467164888 4790
1781190636008 1.2844227047966954 4791
1781190636025 0.3210758236607243 4792
1781190636044 1.3153438326719982 4793
1781190636084 1.2575375834691398 4794
1781190636125 0.2822522208479663 4795
1781190636141 1.3390728204155058 4796
1781190636157 0.3323876596217187 4797
1781190636208 1.3034265322997227 4798
1781190636247 0.2673389903046053 4799
1781190636289 1.2799723145027238 4800
1781190636306 0.18004413967491792 4801
1781190636320 0.20364539177436405 4802
1781190636347 0.22220416864475617 4803
1781190636403 1.2147312417155363 4804
1781190636453 1.291401115228001 4805
1781190636486 1.3537089950113725 4806
1781190636502 1.308941608205863 4807
1781190636541 0.18048179123827862 4808
1781190636576 0.2505948805641697 4809
1781190636614 1.2905862222402358 4810
1781190636630 0.23117527983883146 4811
1781190636647 0.10198460557718676 4812
1781190636669 0.13425031652890343 4813
1781190636684 1.2010050506338834 4814
1781190636700 0.4848528137423857 4815
1781190636713 0.2051316701949486 4816
1781190636725 1.256721078854945 4817
1781190636754 0.2637628101554235 4818
1781190636766 0.21344215770989028 4819
1781190636783 0.28375527697281816 4820
1781190636808 0.10641490538210412 4821
1781190636832 0.27555624995218025 4822
1781190636845 0.19999999999999998 4823
1781190636862 0.31271284390560306 4824
1781190636913 1.261256484069487 4825
1781190636936 0.1764471716867686 4826
1781190636954 1.2722343611909432 4827
1781190636970 0.24860438312499533 4828
1781190636986 1.3188892894346187 4829
1781190637000 0.16965241665213346 4830
1781190637015 1.3116040000121454 4831
1781190637031 1.3086711376486153 4832
1781190637053 0.16190153899784435 4833
1781190637083 0.2517606055388676 4834
1781190637099 1.3311752798388314 4835
1781190637121 0.10116283023493826 4836
1781190637141 0.2018408094951736 4837
1781190637185 1.1871906920150797 4838
1781190637227 1.2959543219976934 4839
1781190637250 0.2606674999426163 4840
1781190637269 0.20250039569564307 4841
1781190637286 1.3653589838486224 4842
1781190637322 1.256861818794527 4843
1781190637339 0.31487434692412514 4844
1781190637353 1.2523669488377533 4845
1781190637373 0.2356078783573418 4846
1781190637398 0.30152157387383705 4847
1781190637411 0.23117527983883146 4848
1781190637442 0.291037577496437 4849
1781190637471 0.26220355269907725 4850
1781190637507 0.2753579972707821 4851
1781190637532 0.1003364925860903 4852
1781190637563 0.21089121712834327 4853
1781190637579 0.10090075695896766 4854
1781190637600 0.35045450191480115 4855
1781190637612 0.2666086451548127 4856
1781190637655 1.2097151995921505 4857
1781190637682 1.3395205440706075 4858
1781190637696 0.19999999999999998 4859
1781190637718 1.1611484385268813 4860
1781190637732 0.10072662179662915 4861
1781190637767 1.2259167804610762 4862
1781190637788 0.30206207713712796 4863
1781190637822 1.2214283923499214 4864
1781190637878 0.23135355413668196 4865
1781190637903 0.18979851398564512 4866
1781190637942 1.3451916742714216 4867
1781190637977 1.2740388580173165 4868
1781190637990 1.2029857499854668 4869
1781190638008 1.3612701665379259 4870
1781190638032 0.15944071047961758 4871
1781190638046 0.25463676456367224 4872
1781190638086 0.29240573261677427 4873
1781190638112 0.28060387915043533 4874
1781190638132 0.3427736616480699 4875
1781190638164 0.1474739059255703 4876
1781190638176 1.201941932430908 4877
1781190638210 1.2503278337900556 4878
1781190638224 1.2292893218813452 4879
1781190638236 1.2333333333333334 4880
1781190638279 0.23587457654659907 4881
1781190638291 1.2079642013383156 4882
1781190638303 0.19999999999999998 4883
1781190638319 1.3037859529115272 4884
1781190638358 0.20519349417273985 4885
1781190638386 0.28876835014974234 4886
1781190638406 0.1623388091012767 4887
1781190638424 0.22305162359361344 4888
1781190638440 0.1672782931993048 4889
1781190638456 1.4000000000000001 4890
1781190638487 1.3364438516432837 4891
1781190638501 0.20766194831233611 4892
1781190638548 0.3115348263070617 4893
1781190638567 0.22892946877809855 4894
1781190638594 0.3471450021885272 4895
1781190638617 0.23410554566196656 4896
1781190638646 1.2979142793895508 4897
1781190638659 1.2563564219528014 4898
1781190638674 0.16965241665213346 4899
1781190638694 0.21379549355621288 4900
1781190638724 1.2679063295167199 4901
1781190638753 0.295817475823459 4902
1781190638772 1.311968736472522 4903
1781190638789 0.20692421580089657 4904
1781190638805 1.3632116396309022 4905
1781190638821 0.18259986649706164 4906
1781190638854 0.28611259736522904 4907
1781190638887 1.2797739824107774 4908
1781190638903 1.2675557157738475 4909
1781190638926 0.2549996334855333 4910
1781190638940 0.20493458486347302 4911
1781190638955 1.3156338512267893 4912
1781190638989 1.335805926123363 4913
1781190639003 0.2760954278133121 4914
1781190639032 0.30956298281047145 4915
1781190639055 0.3356222517168597 4916
1781190639069 1.2029857499854668 4917
1781190639101 1.23246245090206 4918
1781190639126 0.18726010143816754 4919
1781190639142 1.3529411764705883 4920
1781190639170 0.2307230279194554 4921
1781190639183 1.2523669488377533 4922
1781190639207 0.3108096493752053 4923
1781190639239 0.2251717311889931 4924
1781190639257 0.3106812486922256 4925
1781190639276 0.17649140644712905 4926
1781190639293 1.3174676172469342 4927
1781190639317 0.2230337373180596 4928
1781190639338 0.1593804030171138 4929
1781190639356 1.3456079917079933 4930
1781190639372 1.3303689376177208 4931
1781190639407 0.21658377584277458 4932
1781190639425 1.3057190958417937 4933
1781190639441 1.3010050506338835 4934
1781190639464 0.16684487561923628 4935
1781190639477 0.09999999999999999 4936
1781190639493 0.24814370211582684 4937
1781190639507 1.2523669488377533 4938
1781190639538 0.183295102676906 4939
1781190639571 0.3235398545243743 4940
1781190639607 1.3296660828377829 4941
1781190639621 1.2314005659429965 4942
1781190639635 1.2488521841012987 4943
1781190639648 1.2023812939816048 4944
1781190639684 0.2717983368616153 4945
1781190639703 0.10166216562111167 4946
1781190639728 0.32737269607974373 4947
1781190639758 0.3158216522719356 4948
1781190639772 1.323895760935281 4949
1781190639790 0.18402271549697294 4950
1781190639817 0.3037999237998857 4951
1781190639851 0.3462267142062135 4952
1781190639868 0.1754484956864221 4953
1781190639881 0.20493458486347302 4954
1781190639903 0.16970260962278158 4955
1781190639921 0.3158800435320662 4956
1781190639940 0.13355481754767243 4957
1781190639979 0.29037190719006184 4958
1781190640003 0.19137109775021366 4959
1781190640016 1.2311752798388313 4960
1781190640072 1.141420831287899 4961
1781190640091 0.31271284390560306 4962
1781190640113 0.1915065110781225 4963
1781190640128 1.3610604221027367 4964
1781190640143 1.313397459621556 4965
1781190640166 1.3021732709314606 4966
1781190640180 0.2537089950113724 4967
1781190640194 0.2276253135544254 4968
1781190640214 1.3233869122317128 4969
1781190640226 1.2533430525184155 4970
1781190640252 1.3021819911127417 4971
1781190640265 1.2276660650702946 4972
1781190640287 1.4596656529785437 4973
1781190640322 0.35669309639239877 4974
1781190640365 0.29480572486294027 4975
1781190640396 1.2558847083975548 4976
1781190640415 0.17745983144875552 4977
1781190640440 1.2916001725674915 4978
1781190640460 0.13453885684867353 4979
1781190640502 1.2965570665207553 4980
1781190640524 0.17282003890368489 4981
1781190640559 0.2524322223286372 4982
1781190640622 1.2396781253957239 4983
1781190640645 0.17029304777161078 4984
1781190640660 1.360394098280933 4985
1781190640691 0.30220297481167074 4986
1781190640729 0.21568555585348326 4987
1781190640768 1.3538451212985319 4988
1781190640781 0.23117527983883146 4989
1781190640794 0.2555250410003339 4990
1781190640810 1.3357142857142859 4991
1781190640837 0.2550456608120922 4992
1781190640871 1.2904222930456795 4993
1781190640887 0.24429139854688442 4994
1781190640905 1.3756024981762867 4995
1781190640934 0.18339891531266458 4996
1781190640970 0.16415756120245079 4997
1781190641003 0.30294382601637226 4998
1781190641019 1.3514928749927335 4999
1781190641040 0.25406847878253747 5000
1781190641054 0.20298574998546678 5001
1781190641069 1.328697590409262 5002
1781190641121 1.2366196422158748 5003
1781190641144 0.15251486636374184 5004
1781190641164 0.13358746335025984 5005
1781190641217 0.36494762572978084 5006
1781190641255 1.235854301036606 5007
1781190641281 1.2437519617416783 5008
1781190641313 0.2680907485058783 5009
1781190641340 0.32939057021950346 5010
1781190641354 0.2666086451548127 5011
1781190641370 1.312712843905603 5012
1781190641387 0.10058651532275656 5013
1781190641412 0.32893309454812986 5014
1781190641434 0.22388938303968503 5015
1781190641475 0.28411400148415644 5016
1781190641492 0.3081859239473407 5017
1781190641506 1.2276660650702946 5018
1781190641520 1.3023519206932863 5019
1781190641555 0.3239361170744335 5020
1781190641568 1.2272393124891001 5021
1781190641581 1.2675557157738475 5022
1781190641599 0.21552227938089766 5023
1781190641614 0.12433555507962657 5024
1781190641630 0.20100505063388333 5025
1781190641646 0.1703579841980513 5026
1781190641659 1.2 5027
1781190641675 0.35370899501137243 5028
1781190641708 0.2782230244570135 5029
1781190641723 0.11918779643582314 5030
1781190641778 0.18770350064258468 5031
1781190641802 1.2380949932423668 5032
1781190641842 1.2755056476727151 5033
1781190641881 0.28594653272274795 5034
1781190641908 0.193529312771286 5035
1781190641932 0.33072517594075423 5036
1781190641968 1.2740743397634704 5037
1781190641984 1.3015268072165338 5038
1781190642000 0.12433555507962657 5039
1781190642013 1.2051316701949486 5040
1781190642030 1.3118082896311805 5041
1781190642042 0.2760954278133121 5042
1781190642059 0.15124271711230086 5043
1781190642071 1.256721078854945 5044
1781190642120 1.1826383622570584 5045
1781190642135 0.100484816772789 5046
1781190642152 0.34285714285714286 5047
1781190642168 0.23976529667307708 5048
1781190642186 0.11918779643582314 5049
1781190642212 1.2766738909220143 5050
1781190642226 0.10231070879219555 5051
1781190642244 0.16038727755440688 5052
1781190642280 0.16744530437943234 5053
1781190642296 0.11918779643582314 5054
1781190642326 0.2839474640137557 5055
1781190642346 0.22593439201819587 5056
1781190642362 0.11941770359746197 5057
1781190642394 0.2839773519478331 5058
1781190642405 1.2023812939816048 5059
1781190642423 1.3641431417199683 5060
1781190642439 1.345445527441002 5061
1781190642454 0.21673089275199464 5062
1781190642469 1.2023812939816048 5063
1781190642501 0.30719327668188745 5064
1781190642522 0.19744567578287758 5065
1781190642535 1.2 5066
1781190642551 0.23111532798063356 5067
1781190642582 0.25912411229433774 5068
1781190642602 0.27372709564964853 5069
1781190642638 0.31296117202215107 5070
1781190642651 1.2048697011691012 5071
1781190642667 0.1815824452921273 5072
1781190642686 0.11918779643582314 5073
1781190642706 0.25807300318387394 5074
1781190642722 1.301112831812246 5075
1781190642738 1.3015268072165338 5076
1781190642762 0.22031697735060352 5077
1781190642784 0.27155354594472636 5078
1781190642799 0.22998599579859952 5079
1781190642828 0.3029462055946286 5080
1781190642851 0.30207502170606676 5081
1781190642879 0.28101668996447077 5082
1781190642921 0.37128167365529047 5083
1781190642934 0.2537089950113724 5084
1781190642967 0.33503016843701394 5085
1781190642980 1.2523669488377533 5086
1781190643002 0.3144079014978174 5087
1781190643019 0.24707438759750366 5088
1781190643035 0.2238568870158534 5089
1781190643057 1.3190728204155058 5090
1781190643079 0.13399702714304276 5091
1781190643093 0.21322781687253753 5092
1781190643129 0.32199102968865817 5093
1781190643151 1.2164813086152844 5094
1781190643166 1.3584971321680355 5095
1781190643177 1.201941932430908 5096
1781190643230 1.2650097899595019 5097
1781190643249 0.16782949690160492 5098
1781190643276 0.19633830949916364 5099
1781190643290 0.22193291317025496 5100
1781190643305 0.22543029615007548 5101
1781190643330 0.25043817024817494 5102
1781190643349 1.2035236178762267 5103
1781190643373 0.2090343610216062 5104
1781190643396 0.2508501738294038 5105
1781190643449 1.2238933489105481 5106
1781190643463 1.2029857499854668 5107
1781190643488 1.3258958262212677 5108
1781190643502 0.222133717857234 5109
1781190643521 1.3247487867337728 5110
1781190643564 1.267633856613271 5111
1781190643611 0.31762014035876096 5112
1781190643632 0.17949168622526154 5113
1781190643654 1.312572673522714 5114
1781190643683 1.3019756933857614 5115
1781190643699 0.3280125966934644 5116
1781190643716 0.3272393124891001 5117
1781190643729 1.201941932430908 5118
1781190643755 0.24801337889921998 5119
1781190643782 1.2400724980461597 5120
1781190643809 1.2082435616087115 5121
1781190643836 0.3119827541153296 5122
1781190643856 0.1664830019219349 5123
1781190643876 0.15400822519565593 5124
1781190643928 1.2406691773178011 5125
1781190643945 0.19364939481827273 5126
1781190643973 1.2915752641705016 5127
1781190644005 0.21549820549895635 5128
1781190644025 1.2532961769051982 5129
1781190644055 0.28423704977571485 5130
1781190644069 1.3255677072435215 5131
1781190644084 0.3 5132
1781190644120 0.3197622580197122 5133
1781190644136 1.3644590673344545 5134
1781190644166 1.2680728649845407 5135
1781190644186 0.23366066645381306 5136
1781190644207 0.19456949972936669 5137
1781190644219 1.2314005659429965 5138
1781190644238 0.2691831793314759 5139
1781190644263 1.4331494003452734 5140
1781190644275 0.2537089950113724 5141
1781190644294 0.1543070955590979 5142
1781190644319 0.3150566658355387 5143
1781190644339 0.18684429359690566 5144
1781190644367 0.2833050895320366 5145
1781190644383 1.3115348263070619 5146
1781190644400 0.16802727428345227 5147
1781190644421 0.395766662433327 5148
1781190644437 0.2666086451548127 5149
1781190644463 0.2359671793718848 5150
1781190644479 0.4 5151
1781190644506 1.2233286088780426 5152
1781190644528 0.23779092477582006 5153
1781190644578 0.26931222958671563 5154
1781190644602 0.31824212495040005 5155
1781190644618 0.23418548182855822 5156
1781190644651 1.1967169818487688 5157
1781190644673 0.1686191635766023 5158
1781190644717 1.2652880714648904 5159
1781190644749 0.18653153810345405 5160
1781190644788 1.1834718348323772 5161
1781190644835 0.270896240530552 5162
1781190644856 0.32012769361691285 5163
1781190644879 0.16038727755440688 5164
1781190644905 1.2874703487840387 5165
1781190644918 1.2523669488377533 5166
1781190644946 0.23833756793929015 5167
1781190644974 1.2718073690863254 5168
1781190644989 0.10442103607035354 5169
1781190645005 1.2024285759686293 5170
1781190645045 0.2325676030071193 5171
1781190645067 0.13469394095011894 5172
1781190645093 1.2280905021588961 5173
1781190645109 1.346547751617515 5174
1781190645135 0.33374032619274874 5175
1781190645161 0.31101015833707807 5176
1781190645175 0.19999999999999998 5177
1781190645193 0.2283182770692601 5178
1781190645228 1.2975925242363069 5179
1781190645242 0.2306312024380704 5180
1781190645269 0.15501286197080447 5181
1781190645304 0.17343676907917943 5182
1781190645350 0.3294616221102032 5183
1781190645363 0.21344215770989028 5184
1781190645376 1.2292893218813452 5185
1781190645388 1.2048697011691012 5186
1781190645409 0.16838241225932823 5187
1781190645433 0.20679929667559258 5188
1781190645447 0.20266714732154248 5189
1781190645463 0.13433838396721667 5190
1781190645477 0.22155354594472637 5191
1781190645509 0.1332412914441464 5192
1781190645525 0.17820149297372836 5193
1781190645551 0.30770367121649345 5194
1781190645567 1.3402385695332804 5195
1781190645582 0.21487434692412513 5196
1781190645595 0.2537089950113724 5197
1781190645609 1.2311752798388313 5198
1781190645628 0.10384996492549133 5199
1781190645682 0.3223323597341784 5200
1781190645711 0.2647338992763298 5201
1781190645735 0.27475714485343167 5202
1781190645747 1.2479734018285527 5203
1781190645760 0.21135947395720814 5204
1781190645790 1.2577460714365611 5205
1781190645813 1.2838677623134231 5206
1781190645827 0.20298574998546678 5207
1781190645842 0.12433555507962657 5208
1781190645856 1.2188892894346186 5209
1781190645885 0.25840721483163276 5210
1781190645915 1.224833432302668 5211
1781190645933 0.10467894247953331 5212
1781190645971 0.291010158337078 5213
1781190645984 0.2165377673888014 5214
1781190646015 1.2253451335187626 5215
1781190646052 0.11410398575230116 5216
1781190646074 0.2744411263771257 5217
1781190646094 0.1051923827817515 5218
1781190646112 1.3686950483150029 5219
1781190646125 0.20298574998546678 5220
1781190646173 0.15774360241169003 5221
1781190646215 0.269531039425171 5222
1781190646251 0.2378310632118285 5223
1781190646264 0.20766194831233611 5224
1781190646306 0.18296178697410603 5225
1781190646318 1.2276660650702946 5226
1781190646345 1.2962002403249022 5227
1781190646365 1.3565925374430325 5228
1781190646376 0.21135947395720814 5229
1781190646416 1.208565911200858 5230
1781190646450 1.1872039272861663 5231
1781190646474 0.2762135212627378 5232
1781190646495 0.18590414263650518 5233
1781190646518 0.15673266820197496 5234
1781190646538 0.13372360203584718 5235
1781190646554 0.16965241665213346 5236
1781190646572 1.3236237384174028 5237
1781190646602 1.265680328794927 5238
1781190646636 0.38399904784889805 5239
1781190646652 0.3764297739604484 5240
1781190646684 0.2705444801875208 5241
1781190646701 0.15086468708675624 5242
1781190646725 0.20227707561995426 5243
1781190646745 0.1527279233828405 5244
1781190646759 1.2675557157738475 5245
1781190646785 1.3275459781568013 5246
1781190646802 1.309154809613352 5247
1781190646825 0.2856570824620342 5248
1781190646860 0.32531695134921457 5249
1781190646877 0.4 5250
1781190646905 0.2519640596268454 5251
1781190646933 1.2941184431000003 5252
1781190646947 1.302985749985467 5253
1781190646975 0.18587126488108688 5254
1781190647000 1.2747362762039185 5255
1781190647018 0.2567707186721824 5256
1781190647049 0.181885716269428 5257
1781190647071 0.16740767620218402 5258
1781190647116 0.320895547436259 5259
1781190647139 0.10198039411803932 5260
1781190647159 0.10219296014724799 5261
1781190647185 0.2943895148744678 5262
1781190647216 1.2600056978478826 5263
1781190647241 0.34792808248357343 5264
1781190647261 0.18506688051707595 5265
1781190647310 0.22928932188134524 5266
1781190647340 0.17135947395720816 5267
1781190647354 0.1727216515803718 5268
1781190647386 1.3128597156413242 5269
1781190647399 1.2272393124891001 5270
1781190647412 1.2105572809000085 5271
1781190647436 1.1779724353623329 5272
1781190647468 0.33427191905639986 5273
1781190647504 0.2831438825274486 5274
1781190647532 0.23424040507785707 5275
1781190647559 1.2912916820077636 5276
1781190647585 0.1340158351687354 5277
1781190647601 0.16743887899529988 5278
1781190647619 1.3206115813962556 5279
1781190647648 1.2992760377112207 5280
1781190647664 1.342435032439894 5281
1781190647677 1.2563564219528014 5282
1781190647701 0.2538704841837966 5283
1781190647726 0.3159738353186712 5284
1781190647743 1.3198216274262726 5285
1781190647776 1.2742779669860675 5286
1781190647788 0.23117527983883146 5287
1781190647803 1.2019670027446037 5288
1781190647824 0.09999999999999999 5289
1781190647836 1.2292893218813452 5290
1781190647859 0.18245147456001476 5291
1781190647884 0.13399702714304276 5292
1781190647917 1.2007791856844898 5293
1781190647940 0.0832380194165777 5294
1781190647963 0.23401077473865878 5295
1781190647976 0.21322781687253753 5296
1781190647995 0.20347658218683196 5297
1781190648010 1.2048697011691012 5298
1781190648025 0.13022023723348936 5299
1781190648048 0.2959253844876659 5300
1781190648065 1.360943326705753 5301
1781190648085 0.4147264208102145 5302
1781190648114 1.2868084776541229 5303
1781190648136 0.16860859909757464 5304
1781190648151 1.3192792647204425 5305
1781190648171 0.20027007958776732 5306
1781190648184 0.21322781687253753 5307
1781190648214 1.3672351208544673 5308
1781190648228 1.340998341065769 5309
1781190648244 1.3609639970820586 5310
1781190648257 1.2314005659429965 5311
1781190648271 0.2465477516175151 5312
1781190648286 1.2563564219528014 5313
1781190648311 0.2825950755955038 5314
1781190648343 0.2150830948381393 5315
1781190648387 1.2947019485817082 5316
1781190648418 0.3025803806235625 5317
1781190648455 0.25152816199402267 5318
1781190648470 0.22944376839582614 5319
1781190648503 0.24291414655938112 5320
1781190648519 0.13610277480050867 5321
1781190648533 0.11918779643582314 5322
1781190648549 1.3015268072165338 5323
1781190648565 0.11928582327048642 5324
1781190648577 1.2272393124891001 5325
1781190648598 0.1671273633210127 5326
1781190648617 1.3524868903266802 5327
1781190648652 0.26528011320249706 5328
1781190648673 0.19324698372529048 5329
1781190648694 0.16363172371931795 5330
1781190648715 0.13820037726862913 5331
1781190648738 1.2149063558775264 5332
1781190648760 0.29758274148209174 5333
1781190648789 1.3342681316693301 5334
1781190648802 1.256721078854945 5335
1781190648822 0.15821853470767755 5336
1781190648838 1.3183503419072273 5337
1781190648879 0.2823005178934559 5338
1781190648893 1.3566139084362687 5339
1781190648905 0.21195912215198667 5340
1781190648918 1.214893550365301 5341
1781190648959 0.2862925772359463 5342
1781190648973 0.1672782931993048 5343
1781190649021 1.1745757293235126 5344
1781190649056 1.2186700976738123 5345
1781190649079 0.311421170470031 5346
1781190649103 1.2554447218355287 5347
1781190649119 0.35596144939494556 5348
1781190649134 0.11083548598794353 5349
1781190649151 1.3183503419072273 5350
1781190649172 0.2182285675545603 5351
1781190649202 0.2981563721403392 5352
1781190649235 0.2511260179546329 5353
1781190649261 1.243153204264406 5354
1781190649289 1.240265105029689 5355
1781190649301 0.2465477516175151 5356
1781190649323 1.3164001271996184 5357
1781190649343 0.16730595817962296 5358
1781190649368 0.19893812051880705 5359
1781190649395 1.286769402179601 5360
1781190649451 1.2326933218212806 5361
1781190649470 0.16305375013164417 5362
1781190649482 1.256721078854945 5363
1781190649502 0.15591798988211325 5364
1781190649517 1.3329179606750063 5365
1781190649547 1.2638971735912026 5366
1781190649577 0.11278343539870551 5367
1781190649591 0.2465477516175151 5368
1781190649608 1.302985749985467 5369
1781190649623 0.09999999999999999 5370
1781190649655 0.25764567542898537 5371
1781190649672 1.309546596626671 5372
1781190649687 1.3452277442494833 5373
1781190649716 1.210354158265066 5374
1781190649752 0.28570491695915246 5375
1781190649767 0.24925108162435589 5376
1781190649780 0.21613407829775846 5377
1781190649793 1.305168706436768 5378
1781190649807 0.19999999999999998 5379
1781190649825 0.1345216864378451 5380
1781190649849 1.2532880529653005 5381
1781190649861 1.2 5382
1781190649881 1.3344959532407046 5383
1781190649903 0.2617086618196315 5384
1781190649915 1.2311752798388313 5385
1781190649931 0.13041109993607788 5386
1781190649948 0.13464004525576515 5387
1781190649964 1.3151471862576143 5388
1781190649980 0.10896745120855227 5389
1781190650021 1.241705510201221 5390
1781190650035 0.32424459809214295 5391
1781190650048 1.2023812939816048 5392
1781190650068 1.3057190958417937 5393
1781190650084 0.10136060761678561 5394
1781190650106 0.1244523330441969 5395
1781190650119 0.20101732045351353 5396
1781190650132 1.2314005659429965 5397
1781190650148 1.3381653057599159 5398
1781190650182 1.211428025103119 5399
1781190650203 0.1001325701095063 5400
1781190650216 0.20442103607035353 5401
1781190650248 0.20586862517530422 5402
1781190650267 0.16532083953532953 5403
1781190650281 0.2465477516175151 5404
1781190650295 0.2272393124891001 5405
1781190650311 1.3514255507063333 5406
1781190650341 0.3407651122240908 5407
1781190650371 1.357573593128807 5408
1781190650402 0.12603907383776677 5409
1781190650417 1.2523669488377533 5410
1781190650434 1.304743732845303 5411
1781190650458 0.2743286149790028 5412
1781190650503 0.3697297242701659 5413
1781190650532 0.24680657056143987 5414
1781190650581 0.3608075242330902 5415
1781190650628 0.19004062738463767 5416
1781190650652 0.3139926731378506 5417
1781190650698 1.2484446613318545 5418
1781190650716 0.16956381848902663 5419
1781190650730 0.20298574998546678 5420
1781190650746 1.3038517697865692 5421
1781190650782 1.3145013256826557 5422
1781190650796 0.20326246087349747 5423
1781190650820 0.1070024636366692 5424
1781190650838 0.2956171421468093 5425
1781190650853 1.3381653057599159 5426
1781190650869 1.3019391427673872 5427
1781190650892 0.15251486636374184 5428
1781190650920 1.264321253133573 5429
1781190650941 0.16628495892324244 5430
1781190650993 1.348527162414225 5431
1781190651011 0.15086468708675624 5432
1781190651029 0.3535601489520539 5433
1781190651040 1.2306312024380703 5434
1781190651053 0.25219085562662424 5435
1781190651089 0.2058579053973358 5436
1781190651112 0.18918683958403176 5437
1781190651141 0.2648520247861788 5438
1781190651171 1.2347007870073288 5439
1781190651185 0.20766194831233611 5440
1781190651205 1.2105202981739707 5441
1781190651225 1.3850303762286977 5442
1781190651243 0.2508501738294038 5443
1781190651258 0.43086066999241834 5444
1781190651274 0.16965241665213346 5445
1781190651306 0.31659895577003694 5446
1781190651337 0.33833735840217927 5447
1781190651373 0.15577423266950058 5448
1781190651387 1.2333333333333334 5449
1781190651426 0.3564796511250057 5450
1781190651468 0.2516168445158478 5451
1781190651489 0.1754459425984014 5452
1781190651508 1.1869193897742392 5453
1781190651524 1.3225403330758516 5454
1781190651558 1.2024171059386775 5455
1781190651572 1.2333333333333334 5456
1781190651602 0.23153210905196264 5457
1781190651615 1.2292893218813452 5458
1781190651654 1.2538948826762268 5459
1781190651668 1.2029857499854668 5460
1781190651684 1.3537089950113725 5461
1781190651714 1.2428098659694087 5462
1781190651729 1.304742065558432 5463
1781190651764 0.2527393823523496 5464
1781190651796 0.329043370953977 5465
1781190651829 0.21006257035093426 5466
1781190651853 0.26494420468966096 5467
1781190651872 0.13767266310085796 5468
1781190651886 0.28309691490542965 5469
1781190651900 1.2314005659429965 5470
1781190651916 0.23800695801219332 5471
1781190651928 1.2048697011691012 5472
1781190651964 1.2379345873048002 5473
1781190651977 1.35 5474
1781190651993 1.3470187057173983 5475
1781190652008 1.3519920641480818 5476
1781190652024 0.2465477516175151 5477
1781190652037 1.2314005659429965 5478
1781190652083 1.2107464700962838 5479
1781190652098 0.2555250410003339 5480
1781190652110 1.2675557157738475 5481
1781190652126 0.17677581631682882 5482
1781190652142 1.303960792320195 5483
1781190652164 0.4704664263417644 5484
1781190652177 1.2314005659429965 5485
1781190652195 0.13410554566196656 5486
1781190652222 1.2568464769103211 5487
1781190652238 1.3237999237998856 5488
1781190652290 1.2717895519644118 5489
1781190652325 0.3211105077524727 5490
1781190652342 1.3163339973465924 5491
1781190652371 0.20579175936253682 5492
1781190652384 0.2666086451548127 5493
1781190652397 0.21322781687253753 5494
1781190652421 1.219875442032358 5495
1781190652446 0.29539395374308297 5496
1781190652461 1.335111431547695 5497
1781190652504 1.2738935687462198 5498
1781190652539 0.2440483141079111 5499
1781190652551 1.2079642013383156 5500
1781190652575 0.32669509632350185 5501
1781190652617 1.298216708989509 5502
1781190652643 0.19139358345694277 5503
1781190652659 0.10932527299934695 5504
1781190652675 1.2105278637904808 5505
1781190652692 0.25021561118129865 5506
1781190652715 0.2670750509628841 5507
1781190652743 0.3895848871215341 5508
1781190652757 1.3760954278133122 5509
1781190652783 0.23984666686817846 5510
1781190652809 0.2592533270355308 5511
1781190652823 1.2105572809000085 5512
1781190652847 1.2900518582805949 5513
1781190652876 0.28334550522488583 5514
1781190652898 1.2783364465885942 5515
1781190652935 1.259303516393367 5516
1781190652956 0.1342282059149015 5517
1781190652983 0.23794609099508893 5518
1781190652996 0.2176470588235294 5519
1781190653016 0.10503303735270801 5520
1781190653038 0.323264103640765 5521
1781190653050 1.2333333333333334 5522
1781190653093 1.2321069056723264 5523
1781190653114 0.13388278804119275 5524
1781190653139 0.294304701090151 5525
1781190653154 0.10398697589676616 5526
1781190653169 0.1011609402034858 5527
1781190653190 1.3401910832878325 5528
1781190653224 1.2419993555126334 5529
1781190653238 1.3057190958417937 5530
1781190653257 0.3557364793621287 5531
1781190653273 1.3010050506338835 5532
1781190653297 1.3229919967916353 5533
1781190653312 1.2523669488377533 5534
1781190653333 0.1563785186971813 5535
1781190653353 0.19436733185378977 5536
1781190653367 1.2311752798388313 5537
1781190653388 1.1926222360821912 5538
1781190653419 1.2211062802023647 5539
1781190653431 1.201941932430908 5540
1781190653443 1.2523669488377533 5541
1781190653456 0.20298574998546678 5542
1781190653470 1.2311752798388313 5543
1781190653522 0.21248759122034377 5544
1781190653568 1.2900798934911126 5545
1781190653588 0.18117527983883147 5546
1781190653607 0.15159161353667164 5547
1781190653624 1.3563564219528015 5548
1781190653637 0.20364539177436405 5549
1781190653676 1.3181076975146675 5550
1781190653692 1.3054094697073084 5551
1781190653711 0.3195314422832494 5552
1781190653741 0.2745020880405385 5553
1781190653753 0.20101732045351353 5554
1781190653771 0.3051617654454641 5555
1781190653785 1.2563564219528014 5556
1781190653803 1.3048634749858297 5557
1781190653819 0.11440790149781742 5558
1781190653849 0.3079917700176904 5559
1781190653883 0.2798665615630328 5560
1781190653899 1.3198216274262726 5561
1781190653919 1.2679502671363359 5562
1781190653938 0.19096333680564415 5563
1781190653964 1.2808882991181127 5564
1781190653981 0.1815824452921273 5565
1781190654013 1.3269602644033642 5566
1781190654029 1.3082337064517753 5567
1781190654056 0.28577310260361266 5568
1781190654080 0.28128819988233583 5569
1781190654093 1.305461976250512 5570
1781190654110 1.304742065558432 5571
1781190654130 0.13443969804650358 5572
1781190654145 0.21344215770989028 5573
1781190654170 1.2612288466037176 5574
1781190654188 0.24084943494566619 5575
1781190654212 0.29030202755596934 5576
1781190654229 0.20301387739611118 5577
1781190654243 0.20298574998546678 5578
1781190654263 0.16832548528357807 5579
1781190654277 1.3550255203657735 5580
1781190654291 1.317071157113727 5581
1781190654321 0.26027484301889103 5582
1781190654335 0.17425289598884372 5583
1781190654391 0.15377255066609108 5584
1781190654408 0.30701043701829 5585
1781190654421 0.20326246087349747 5586
1781190654444 1.3384708907440448 5587
1781190654484 0.2751281590940006 5588
1781190654499 0.20895345319996741 5589
1781190654522 0.25963038858849363 5590
1781190654541 0.18404498237386066 5591
1781190654563 0.17679497056621563 5592
1781190654585 1.2944764025880242 5593
1781190654615 0.12870422214064436 5594
1781190654628 1.2563564219528014 5595
1781190654664 0.20078292223362396 5596
1781190654680 1.3 5597
1781190654695 0.20266714732154248 5598
1781190654707 1.2105572809000085 5599
1781190654727 0.18864280089221036 5600
1781190654753 0.26813497817422904 5601
1781190654769 0.3198216274262727 5602
1781190654800 1.3126803827252935 5603
1781190654814 0.26792865097050905 5604
1781190654834 0.18657013950071424 5605
1781190654850 1.3384542545103337 5606
1781190654869 0.3246913682670089 5607
1781190654881 1.2523669488377533 5608
1781190654905 0.33779119006028857 5609
1781190654919 1.304742065558432 5610
1781190654953 0.24701796469583215 5611
1781190654967 0.2465477516175151 5612
1781190654981 0.20298574998546678 5613
1781190655012 0.15827679933677574 5614
1781190655054 0.3020873487059286 5615
1781190655068 0.2157335159382186 5616
1781190655088 1.3170444701198607 5617
1781190655102 1.2311752798388313 5618
1781190655117 1.23 5619
1781190655131 0.21452956765527154 5620
1781190655149 1.3094204705091117 5621
1781190655162 0.2465477516175151 5622
1781190655177 1.376591770560774 5623
1781190655191 1.3051316701949487 5624
1781190655207 0.20895345319996741 5625
1781190655222 1.2272393124891001 5626
1781190655266 0.2500968853454255 5627
1781190655283 1.3916229218341662 5628
1781190655305 0.36064198485337107 5629
1781190655334 0.304693021972746 5630
1781190655357 0.1661871465820681 5631
1781190655372 0.10528858719115662 5632
1781190655388 1.3411764705882354 5633
1781190655437 1.313270231883649 5634
1781190655449 1.256721078854945 5635
1781190655466 0.11083548598794354 5636
1781190655480 0.13022023723348936 5637
1781190655501 0.1337837860739381 5638
1781190655515 0.20100505063388333 5639
1781190655528 0.20766194831233611 5640
1781190655544 1.3215535459447265 5641
1781190655558 0.2224368465007471 5642
1781190655573 0.2255547235036485 5643
1781190655598 0.3012970717696931 5644
1781190655641 0.23850563125418522 5645
1781190655656 1.3589519164332062 5646
1781190655692 1.2802136842201146 5647
1781190655729 1.324786804393189 5648
1781190655743 0.10742942908005389 5649
1781190655760 0.22031809271104041 5650
1781190655786 0.33805775185494835 5651
1781190655799 1.2311752798388313 5652
1781190655821 0.20140883313015223 5653
1781190655849 1.2372913185284977 5654
1781190655862 1.2333333333333334 5655
1781190655876 1.201941932430908 5656
1781190655898 0.19162365412421725 5657
1781190655911 0.24836022205056776 5658
1781190655935 0.31477210311962667 5659
1781190655957 0.16661661016982568 5660
1781190655969 1.2029857499854668 5661
1781190655981 0.19999999999999998 5662
1781190656002 1.2272393124891001 5663
1781190656022 0.10035243642446166 5664
1781190656055 0.30054077497502296 5665
1781190656104 0.30617865294744373 5666
1781190656116 1.2079642013383156 5667
1781190656132 1.3337458651131087 5668
1781190656176 0.31935357654413016 5669
1781190656205 0.3554868092740274 5670
1781190656230 1.3257142496611087 5671
1781190656249 0.13367875750884536 5672
1781190656279 0.2527452244815391 5673
1781190656311 0.25437871774039117 5674
1781190656331 0.10028576022859322 5675
1781190656357 0.328770073248621 5676
1781190656371 1.2333333333333334 5677
1781190656387 1.311315594678226 5678
1781190656400 1.2523669488377533 5679
1781190656422 1.2719520705018268 5680
1781190656437 1.3384052680253762 5681
1781190656458 0.13358746335025984 5682
1781190656472 1.2314005659429965 5683
1781190656498 0.22844091201540978 5684
1781190656514 0.32857142857142857 5685
1781190656527 0.24782060679127962 5686
1781190656540 1.2675557157738475 5687
1781190656574 0.24330198442802395 5688
1781190656615 1.278122892181952 5689
1781190656653 0.14657796436017936 5690
1781190656667 0.21555993381585017 5691
1781190656691 1.2889525589982056 5692
1781190656708 1.3177793583208655 5693
1781190656734 1.3186793785177409 5694
1781190656748 1.256721078854945 5695
1781190656773 0.2874310269475577 5696
1781190656800 0.3113215887440463 5697
1781190656829 0.2376161755257563 5698
1781190656843 1.256721078854945 5699
1781190656871 0.24081872926962078 5700
1781190656885 0.24836022205056776 5701
1781190656899 1.3431962442556247 5702
1781190656923 0.13616677127558166 5703
1781190656939 0.10104586080094133 5704
1781190656969 0.21557476167626788 5705
1781190656999 0.2820525347786856 5706
1781190657019 0.15297306589702736 5707
1781190657042 1.2105915559770495 5708
1781190657064 0.27900074493148863 5709
1781190657082 0.10742942908005389 5710
1781190657124 1.2481188750191885 5711
1781190657149 0.19366645386974776 5712
1781190657162 0.20715233091147406 5713
1781190657176 1.2675557157738475 5714
1781190657194 0.1011609402034858 5715
1781190657212 1.3054094697073084 5716
1781190657238 0.1593762189971202 5717
1781190657255 0.13616677127558166 5718
1781190657271 1.3470187057173983 5719
1781190657299 0.2749348109394531 5720
1781190657320 0.18599936789187 5721
1781190657335 1.3333333333333335 5722
1781190657348 1.2105572809000085 5723
1781190657388 0.26874779257676074 5724
1781190657419 0.28208840656108064 5725
1781190657434 1.313397459621556 5726
1781190657463 1.2582344221625272 5727
1781190657486 0.25435053410144537 5728
1781190657510 0.13525715047356965 5729
1781190657537 1.3045831403557155 5730
1781190657572 0.20304574398299188 5731
1781190657605 0.30501210758462743 5732
1781190657637 0.27446113482913326 5733
1781190657651 1.3535009445024724 5734
1781190657682 0.2912328905712571 5735
1781190657715 1.2357225796351028 5736
1781190657737 0.15774360241169003 5737
1781190657752 1.3644590673344545 5738
1781190657766 1.2051316701949486 5739
1781190657780 0.20442103607035353 5740
1781190657792 0.26792865097050905 5741
1781190657832 0.25834306245298666 5742
1781190657848 0.3026671473215425 5743
1781190657871 0.3298001472674515 5744
1781190657889 0.13421054326506987 5745
1781190657906 0.1672782931993048 5746
1781190657920 0.20298574998546678 5747
1781190657944 1.2980839011639262 5748
1781190657959 0.30088107444332957 5749
1781190657985 0.2938450209658714 5750
1781190657999 1.2314005659429965 5751
1781190658020 0.27461558739167347 5752
1781190658033 1.2 5753
1781190658052 0.16965241665213346 5754
1781190658067 0.10540765137549098 5755
1781190658087 0.2086140044609215 5756
1781190658101 1.3294976012089368 5757
1781190658115 1.3306312024380704 5758
1781190658152 1.272919140966935 5759
1781190658178 0.1882635055412274 5760
1781190658201 1.2452277442494832 5761
1781190658217 0.3292007674595211 5762
1781190658233 1.3622035526990772 5763
1781190658246 1.2311752798388313 5764
1781190658279 0.16442830366890146 5765
1781190658317 1.2967376522927885 5766
1781190658332 1.3587485676337305 5767
1781190658344 1.2105572809000085 5768
1781190658359 0.25744677518265047 5769
1781190658376 0.15073785962285374 5770
1781190658390 0.25477329831333545 5771
1781190658412 0.134234090292301 5772
1781190658459 0.21827586050143918 5773
1781190658476 1.2675557157738475 5774
1781190658497 1.3218460926056974 5775
1781190658510 0.21344215770989028 5776
1781190658523 1.2276660650702946 5777
1781190658539 1.3418085626037355 5778
1781190658563 0.1959348900011626 5779
1781190658581 0.204337779117346 5780
1781190658596 1.3830022190098978 5781
1781190658608 0.22592562530123533 5782
1781190658622 1.2029274656605848 5783
1781190658653 0.24075223554507483 5784
1781190658671 0.3514052905849564 5785
1781190658690 0.22375574242484345 5786
1781190658728 0.1812015897210241 5787
1781190658756 1.20867533901185 5788
1781190658769 1.2105572809000085 5789
1781190658794 0.15220362028658505 5790
1781190658808 1.2105572809000085 5791
1781190658821 1.2292893218813452 5792
1781190658837 1.3482067602621763 5793
1781190658860 0.18880734125145274 5794
1781190658876 1.3002945514498419 5795
1781190658896 0.15048044514873746 5796
1781190658910 0.10104586080094133 5797
1781190658928 0.16756742362563432 5798
1781190658941 1.2563564219528014 5799
1781190658989 0.22676796143458214 5800
1781190659005 0.12433555507962657 5801
1781190659036 1.2961092561496461 5802
1781190659051 1.302985749985467 5803
1781190659066 0.3397765355393615 5804
1781190659101 1.2886696533046755 5805
1781190659115 0.21613407829775846 5806
1781190659128 0.23754893953849515 5807
1781190659145 0.30513167019494863 5808
1781190659160 1.3537089950113725 5809
1781190659188 0.2252191419932192 5810
1781190659204 1.3078116978390877 5811
1781190659218 1.2105572809000085 5812
1781190659232 0.23117527983883146 5813
1781190659265 0.20332328688337392 5814
1781190659284 1.3437559008178594 5815
1781190659338 0.2705075521602754 5816
1781190659353 1.2292893218813452 5817
1781190659368 1.322848325018954 5818
1781190659382 1.2188892894346186 5819
1781190659397 0.28309691490542965 5820
1781190659418 1.2588257270155252 5821
1781190659430 0.2276077234006973 5822
1781190659448 0.1952647924315869 5823
1781190659477 1.247016933291142 5824
1781190659498 0.1656942196082344 5825
1781190659511 0.28309691490542965 5826
1781190659535 0.3182652078099739 5827
1781190659548 1.312712843905603 5828
1781190659589 1.2118034288764834 5829
1781190659603 1.2675557157738475 5830
1781190659624 0.2694628857128181 5831
1781190659663 1.2058486916475992 5832
1781190659680 0.10231070879219555 5833
1781190659713 1.167726608043557 5834
1781190659750 0.29034331954075343 5835
1781190659790 1.2762207386968838 5836
1781190659809 0.16852212925073035 5837
1781190659844 1.2368728728015324 5838
1781190659882 0.18976243516974975 5839
1781190659907 0.18391540180619984 5840
1781190659934 1.3064180799642595 5841
1781190659954 0.18082026741764362 5842
1781190659969 0.09999999999999999 5843
1781190660006 0.18392948778077048 5844
1781190660041 0.3122665989332317 5845
1781190660066 1.3071390399859186 5846
1781190660081 1.2048697011691012 5847
1781190660118 1.2907944961319628 5848
1781190660134 0.20326246087349747 5849
1781190660152 0.31607456725837174 5850
1781190660175 0.24086556311703364 5851
1781190660187 1.2314005659429965 5852
1781190660200 1.2272393124891001 5853
1781190660223 0.2606674999426163 5854
1781190660271 1.3011884043707158 5855
1781190660286 1.2281815153540392 5856
1781190660316 1.2421325825608276 5857
1781190660328 1.2079642013383156 5858
1781190660347 0.16499668294840233 5859
1781190660362 1.214514958573489 5860
1781190660381 0.3041000310896511 5861
1781190660413 1.2726251473030603 5862
1781190660427 1.2563564219528014 5863
1781190660482 1.0971039572913404 5864
1781190660495 0.2034965017728993 5865
1781190660532 0.11783662251134502 5866
1781190660546 1.3589368453502508 5867
1781190660563 0.34452998037747706 5868
1781190660579 0.1345216864378451 5869
1781190660598 1.3136825575038935 5870
1781190660617 0.24206947497003495 5871
1781190660633 1.323895760935281 5872
1781190660669 1.2919130119288609 5873
1781190660684 0.16743887899529988 5874
1781190660709 0.21627668334127606 5875
1781190660733 0.45355730400345806 5876
1781190660756 0.24387755102040815 5877
1781190660771 0.3830969149054297 5878
1781190660790 0.23563930246328654 5879
1781190660804 1.2523669488377533 5880
1781190660821 1.329179947217183 5881
1781190660837 1.3197505367908435 5882
1781190660869 1.2775788181109498 5883
1781190660894 0.18059597905871197 5884
1781190660909 0.24882336842808409 5885
1781190660922 0.20298574998546678 5886
1781190660938 1.2276660650702946 5887
1781190660956 0.20781602452213183 5888
1781190660993 1.267370243334736 5889
1781190661010 0.10104586080094133 5890
1781190661058 1.3080138009895943 5891
1781190661082 0.17949168622526154 5892
1781190661107 1.30034020235525 5893
1781190661142 0.2909725112015394 5894
1781190661174 1.309086270990301 5895
1781190661194 0.28155232730309687 5896
1781190661210 0.23093174842900294 5897
1781190661226 1.3732738758087577 5898
1781190661253 1.3021550902007346 5899
1781190661267 0.2157335159382186 5900
1781190661327 0.3687043060267786 5901
1781190661349 0.15324640788937177 5902
1781190661371 0.27091129653479934 5903
1781190661392 0.3103117032526063 5904
1781190661407 0.21504092095142535 5905
1781190661424 1.302985749985467 5906
1781190661444 0.3394727218366036 5907
1781190661468 0.28943607507423874 5908
1781190661494 0.3054106460674435 5909
1781190661523 0.24141883033152756 5910
1781190661542 0.24511847553357205 5911
1781190661559 0.3047338976755066 5912
1781190661580 1.3314005659429966 5913
1781190661595 0.2598811290098561 5914
1781190661608 1.2051316701949486 5915
1781190661631 1.3218966384238375 5916
1781190661649 0.32603997383663613 5917
1781190661691 1.2377065453051614 5918
1781190661719 0.28529594448236184 5919
1781190661731 1.2029857499854668 5920
1781190661745 1.2311752798388313 5921
1781190661766 0.18506688051707595 5922
1781190661779 0.21607456725837174 5923
1781190661792 1.2314005659429965 5924
1781190661803 1.2675557157738475 5925
1781190661829 0.26603815227003663 5926
1781190661862 0.36579351725722214 5927
1781190661882 0.1874421332442619 5928
1781190661904 0.18199308654912952 5929
1781190661937 0.2538684681207016 5930
1781190661967 0.26879434282643405 5931
1781190661991 0.27186201116223474 5932
1781190662031 1.2739777395933016 5933
1781190662047 0.1045970042308335 5934
1781190662065 0.36052289830241385 5935
1781190662081 1.3113407358688385 5936
1781190662105 1.3142317080401804 5937
1781190662125 0.17259094076908493 5938
1781190662137 1.2276660650702946 5939
1781190662154 0.16743887899529988 5940
1781190662191 0.2591587040056423 5941
1781190662228 1.136950162516903 5942
1781190662252 0.23394495986597144 5943
1781190662269 0.3423443339802945 5944
1781190662284 0.25647142499339926 5945
1781190662300 1.379480432958297 5946
1781190662313 1.3215535459447265 5947
1781190662334 0.1627301096868212 5948
1781190662377 0.2887847244902672 5949
1781190662394 1.3408919536710953 5950
1781190662406 0.26220355269907725 5951
1781190662445 1.3051316701949487 5952
1781190662481 0.2897523933509512 5953
1781190662506 1.2379058518516504 5954
1781190662518 1.201941932430908 5955
1781190662538 0.16887090871628596 5956
1781190662555 0.11083548598794353 5957
1781190662576 0.18181385292428096 5958
1781190662593 0.23117527983883146 5959
1781190662613 1.3383047302760875 5960
1781190662635 0.18375071483369768 5961
1781190662650 0.2530791564682609 5962
1781190662671 0.1704293074675397 5963
1781190662691 0.1907023800515596 5964
1781190662715 0.29106999237508263 5965
1781190662733 1.3632116396309022 5966
1781190662745 0.20298574998546678 5967
1781190662759 1.2276660650702946 5968
1781190662799 1.2724450119203083 5969
1781190662819 0.2138943228177108 5970
1781190662836 0.2849609497563783 5971
1781190662852 1.30643985142936 5972
1781190662874 0.30536404140235435 5973
1781190662891 1.3080537859387715 5974
1781190662905 1.2333333333333334 5975
1781190662936 0.31843074533203936 5976
1781190662963 0.2455437760418949 5977
1781190662977 0.20493458486347302 5978
1781190663016 1.2121850532608593 5979
1781190663041 1.301424935741025 5980
1781190663074 1.2180821978090874 5981
1781190663096 0.2737538594248058 5982
1781190663131 0.2758618687797609 5983
1781190663159 0.25554888650707364 5984
1781190663171 0.2045572855536333 5985
1781190663184 1.2563564219528014 5986
1781190663219 1.3526096299225283 5987
1781190663252 0.24593794940987104 5988
1781190663266 1.2523669488377533 5989
1781190663297 1.2396762823762237 5990
1781190663315 0.2152001695994912 5991
1781190663333 0.31248100510126325 5992
1781190663377 0.3099835505016627 5993
1781190663417 1.2955841993625585 5994
1781190663433 0.1621166946738216 5995
1781190663468 1.2720651872824744 5996
1781190663485 1.3292893218813453 5997
1781190663504 0.10116283023493827 5998
1781190663523 0.17533077016750917 5999
1781190663540 0.16737660508671345 6000
1781190663555 1.3163339973465924 6001
1781190663569 1.2032380194165777 6002
1781190663592 0.19471513206763474 6003
1781190663608 0.1962016666942597 6004
1781190663636 0.20585531409315508 6005
1781190663673 0.30038093524787396 6006
1781190663689 0.3 6007
1781190663712 1.2277777777777776 6008
1781190663724 1.2032380194165777 6009
1781190663750 0.2776401115114144 6010
1781190663763 0.26220355269907725 6011
1781190663801 0.2862167999733098 6012
1781190663821 0.19810850618699422 6013
1781190663844 0.16195912215198666 6014
1781190663861 0.15692421580089655 6015
1781190663876 0.23117527983883146 6016
1781190663900 0.1828612593023328 6017
1781190663922 0.16840668736627684 6018
1781190663960 0.2737836975786014 6019
1781190663974 0.10326983331866511 6020
1781190663988 1.2139246633150111 6021
1781190664006 0.2171954096083223 6022
1781190664022 0.10104586080094133 6023
1781190664039 1.3037749551350624 6024
1781190664056 0.2255547235036485 6025
1781190664077 0.1671986010658885 6026
1781190664093 0.2511547181283668 6027
1781190664117 0.10588516558365345 6028
1781190664147 0.15100752314237265 6029
1781190664184 0.302841148452734 6030
1781190664200 0.12062746066806228 6031
1781190664214 1.2311752798388313 6032
1781190664226 0.26792865097050905 6033
1781190664253 0.270896240530552 6034
1781190664274 0.10017773842088 6035
1781190664286 1.2314005659429965 6036
1781190664299 0.19999999999999998 6037
1781190664317 1.3075862293221772 6038
1781190664334 0.10130724575603466 6039
1781190664367 0.2820588507168539 6040
1781190664391 0.24004482534738508 6041
1781190664405 1.2048697011691012 6042
1781190664427 0.16938193243037014 6043
1781190664439 0.20266714732154248 6044
1781190664454 1.345445527441002 6045
1781190664482 1.2302922779093126 6046
1781190664503 1.3342003950241244 6047
1781190664525 0.15401063535149775 6048
1781190664561 0.2357572717392062 6049
1781190664589 0.31222861061887464 6050
1781190664602 1.2276660650702946 6051
1781190664638 0.14699554684245777 6052
1781190664657 1.266593854320586 6053
1781190664693 0.22546158328489807 6054
1781190664719 0.20076278764440517 6055
1781190664754 1.2021550902007345 6056
1781190664770 0.3098502128289582 6057
1781190664792 0.19088377922751376 6058
1781190664807 0.23800695801219332 6059
1781190664835 0.26067134974407 6060
1781190664851 0.407106690545187 6061
1781190664874 0.09999999999999999 6062
1781190664903 0.21800868283069155 6063
1781190664920 1.2292893218813452 6064
1781190664947 0.15933132364761354 6065
1781190664976 0.274693021972746 6066
1781190665022 1.191518046216444 6067
1781190665056 0.20295092763918848 6068
1781190665090 1.1927406315054592 6069
1781190665103 1.2032380194165777 6070
1781190665140 0.2646496444779212 6071
1781190665174 0.21020262796332695 6072
1781190665187 1.2311752798388313 6073
1781190665200 1.201941932430908 6074
1781190665215 1.2272393124891001 6075
1781190665231 0.11928582327048642 6076
1781190665245 1.3038517697865692 6077
1781190665266 0.1754106793532296 6078
1781190665283 1.3129611720221512 6079
1781190665313 0.21825761086304007 6080
1781190665327 0.2465477516175151 6081
1781190665344 1.0337605795616596 6082
1781190665384 1.2334488049081134 6083
1781190665405 0.17561158907808008 6084
1781190665418 0.20266714732154248 6085
1781190665440 0.1002306808147352 6086
1781190665457 0.24900665702969338 6087
1781190665472 1.2675557157738475 6088
1781190665503 0.2965036341014236 6089
1781190665517 1.2311752798388313 6090
1781190665533 1.3503861061643168 6091
1781190665546 0.4426401432711221 6092
1781190665580 0.2923905968950675 6093
1781190665608 0.2856562619007803 6094
1781190665630 0.13350649363640896 6095
1781190665669 1.2875942403269196 6096
1781190665686 1.3163339973465924 6097
1781190665708 0.13372360203584718 6098
1781190665731 0.25105823084151707 6099
1781190665744 1.2 6100
1781190665772 1.2875744463474341 6101
1781190665788 1.311002527911198 6102
1781190665821 0.31204791144638877 6103
1781190665836 0.21145622551528537 6104
1781190665879 0.3524335219676479 6105
1781190665907 1.3237308394011085 6106
1781190665930 0.20574383426024917 6107
1781190665964 0.30238095238095236 6108
1781190665994 0.30705377517307314 6109
1781190666008 0.20101732045351353 6110
1781190666028 0.16584869164759916 6111
1781190666055 1.342305697131976 6112
1781190666081 0.2702927817361813 6113
1781190666109 0.22749476332157523 6114
1781190666124 1.1829779297156646 6115
1781190666141 0.11928582327048642 6116
1781190666171 0.312317905592333 6117
1781190666192 1.204896556253693 6118
1781190666239 1.1798373343254516 6119
1781190666256 0.3195600333460156 6120
1781190666273 1.3513335736607712 6121
1781190666288 1.3062957428668365 6122
1781190666306 0.1471435066751644 6123
1781190666346 1.3480344158030695 6124
1781190666375 1.1976670692578368 6125
1781190666414 0.2704175531857672 6126
1781190666430 1.3079642013383157 6127
1781190666452 0.1752776860009113 6128
1781190666465 1.2272393124891001 6129
1781190666486 0.15526315789473685 6130
1781190666512 0.3586197055698816 6131
1781190666541 0.2875005419874239 6132
1781190666555 1.3323876596217188 6133
1781190666597 0.16719686927034272 6134
1781190666654 0.27763941677134873 6135
1781190666682 0.20034364668385793 6136
1781190666702 0.21890325335675334 6137
1781190666723 0.1959261929564125 6138
1781190666741 0.10290804532742283 6139
1781190666761 0.15067854451210025 6140
1781190666774 1.2523669488377533 6141
1781190666799 0.2658120741839386 6142
1781190666814 1.3010050506338835 6143
1781190666842 0.2807124772673555 6144
1781190666860 1.2272393124891001 6145
1781190666881 0.28013714652024 6146
1781190666901 0.13482130338042317 6147
1781190666921 0.23690967769639945 6148
1781190666936 1.3156338512267893 6149
1781190666958 0.25733590162774095 6150
1781190666973 0.2279396241422328 6151
1781190666989 1.3732738758087577 6152
1781190667004 0.19784194650549813 6153
1781190667032 0.2942233022341982 6154
1781190667065 0.27322621597868346 6155
1781190667078 1.2306312024380703 6156
1781190667099 1.351586133814532 6157
1781190667111 1.2292893218813452 6158
1781190667139 1.288943762984122 6159
1781190667162 0.16586658587369094 6160
1781190667185 0.38525907397000686 6161
1781190667222 0.23894943595252652 6162
1781190667260 1.175270408879241 6163
1781190667289 0.19374125021086838 6164
1781190667320 0.2702820037492738 6165
1781190667334 0.1672782931993048 6166
1781190667356 0.25273283484431575 6167
1781190667376 0.15231267505117416 6168
1781190667392 0.1493113818744279 6169
1781190667434 1.276435501263547 6170
1781190667458 0.2727173651538866 6171
1781190667474 1.3179554880625268 6172
1781190667491 1.3045214075503748 6173
1781190667513 0.22146412786707698 6174
1781190667539 1.2469177747593805 6175
1781190667558 0.237252686424404 6176
1781190667579 0.17206621558707652 6177
1781190667591 0.27208547368804586 6178
1781190667606 1.302985749985467 6179
1781190667655 0.33134562045236376 6180
1781190667705 0.24119868637110015 6181
1781190667719 1.2079642013383156 6182
1781190667740 1.309180726838152 6183
1781190667760 0.18172724209512775 6184
1781190667782 1.2161846555282723 6185
1781190667798 0.100484816772789 6186
1781190667829 0.18543176212401102 6187
1781190667843 0.09999999999999999 6188
1781190667857 1.2239361170744334 6189
1781190667869 1.2023812939816048 6190
1781190667884 0.2066163388650394 6191
1781190667898 0.23774569825205327 6192
1781190667942 0.27013429077012063 6193
1781190667961 1.2059925961031193 6194
1781190667981 0.14601019885395594 6195
1781190667994 1.3012903766414352 6196
1781190668010 0.1900535788983793 6197
1781190668030 0.1763205798192479 6198
1781190668049 1.2790364230551867 6199
1781190668061 0.25477329831333545 6200
1781190668075 1.2029857499854668 6201
1781190668107 0.22564193332665783 6202
1781190668145 0.1973083676078422 6203
1781190668161 1.3212161402841665 6204
1781190668175 1.4190885428892734 6205
1781190668203 0.18942556288776424 6206
1781190668244 1.3151650443686702 6207
1781190668258 0.3190141712801474 6208
1781190668287 0.24181247026884745 6209
1781190668301 1.3331266144909577 6210
1781190668317 0.2157335159382186 6211
1781190668332 1.2333333333333334 6212
1781190668354 1.2959516056542029 6213
1781190668381 0.3683772233983162 6214
1781190668402 0.1764996807070584 6215
1781190668418 1.3045572855536334 6216
1781190668430 1.2563564219528014 6217
1781190668452 0.13393171113267616 6218
1781190668479 0.2950247336446101 6219
1781190668493 1.3622035526990772 6220
1781190668516 1.185215448188164 6221
1781190668546 0.22532008394620226 6222
1781190668566 1.3278771983780413 6223
1781190668588 0.18441336277198386 6224
1781190668602 0.37142857142857144 6225
1781190668618 0.10528858719115662 6226
1781190668662 0.21999999999999997 6227
1781190668677 0.17820149297372836 6228
1781190668704 0.2891306375022571 6229
1781190668717 1.201941932430908 6230
1781190668735 1.3231778720402625 6231
1781190668775 0.29653746958096683 6232
1781190668832 1.2041582602316405 6233
1781190668845 1.2675557157738475 6234
1781190668894 0.31983644302536435 6235
1781190668921 0.33453463292920227 6236
1781190668948 0.29509046455060295 6237
1781190668963 0.2760954278133121 6238
1781190668977 1.3442913985468845 6239
1781190668993 0.20231070879219554 6240
1781190669010 0.3 6241
1781190669027 0.10364706819182566 6242
1781190669046 0.16640630242882803 6243
1781190669065 0.09999999999999999 6244
1781190669100 1.2087233404893203 6245
1781190669112 1.256721078854945 6246
1781190669125 1.3777434046370138 6247
1781190669141 0.15766194831233613 6248
1781190669172 0.21421481686073307 6249
1781190669198 1.2020648605519386 6250
1781190669213 0.3237745178457239 6251
1781190669267 1.1980025713049853 6252
1781190669290 0.2357399931033415 6253
1781190669317 0.2796116909979093 6254
1781190669341 1.2215116414430358 6255
1781190669355 0.23253828054866027 6256
1781190669370 1.354415769416145 6257
1781190669388 0.11451780262377426 6258
1781190669434 1.3086282644190241 6259
1781190669470 1.3336567532586674 6260
1781190669484 0.1011609402034858 6261
1781190669504 0.17424634370809589 6262
1781190669530 1.3218340136400093 6263
1781190669569 0.24566526765289412 6264
1781190669591 0.20377518737012265 6265
1781190669623 0.3629029586598813 6266
1781190669635 1.2188892894346186 6267
1781190669649 0.38629622580344936 6268
1781190669681 0.18970398084269605 6269
1781190669694 1.2105572809000085 6270
1781190669718 1.3065833373917082 6271
1781190669733 1.328697590409262 6272
1781190669748 1.2311752798388313 6273
1781190669762 1.3051316701949487 6274
1781190669774 0.2666086451548127 6275
1781190669796 0.10225327745286042 6276
1781190669811 1.2675557157738475 6277
1781190669841 0.16182970838325547 6278
1781190669861 0.21822567934835507 6279
1781190669879 0.13533754463211106 6280
1781190669894 0.11428571428571428 6281
1781190669915 0.19183931737408333 6282
1781190669938 1.3252487117031364 6283
1781190669957 1.3710759389575125 6284
1781190669971 1.4245255735793987 6285
1781190669994 0.17702423739215312 6286
1781190670029 1.2384542545103336 6287
1781190670061 0.1699160399984959 6288
1781190670074 1.2079642013383156 6289
1781190670100 1.202063953848285 6290
1781190670131 0.3245541583974039 6291
1781190670175 0.21403941749297742 6292
1781190670205 1.1498612314655245 6293
1781190670222 1.357573593128807 6294
1781190670250 1.2910500820006678 6295
1781190670266 1.3051316701949487 6296
1781190670279 1.3043057332605321 6297
1781190670294 0.12515188114348802 6298
1781190670310 0.20568464274210238 6299
1781190670328 0.2528413504864884 6300
1781190670360 0.3481538434202128 6301
1781190670374 1.256721078854945 6302
1781190670407 1.1518825519956615 6303
1781190670454 0.24386803616787298 6304
1781190670479 0.1785318615950301 6305
1781190670502 0.2886477169061173 6306
1781190670532 0.2573034655060404 6307
1781190670569 1.2613764059540598 6308
1781190670590 0.31227250673702717 6309
1781190670602 1.2563564219528014 6310
1781190670615 0.19999999999999998 6311
1781190670636 0.33900057186695814 6312
1781190670652 1.3311153279806336 6313
1781190670689 1.3076900505873643 6314
1781190670708 0.16033846389671907 6315
1781190670734 1.3110478672991008 6316
1781190670824 1.2858309346080163 6317
1781190670857 0.2835049495267233 6318
1781190670898 0.2387725509246753 6319
1781190670919 1.1696524166521336 6320
1781190670945 0.28404829797173287 6321
1781190670957 1.2029857499854668 6322
1781190670975 0.13458494711312957 6323
1781190671011 0.23714917440389982 6324
1781190671033 0.21018225737218563 6325
1781190671056 0.10007833155025601 6326
1781190671097 0.2807222242439838 6327
1781190671109 0.20714285714285713 6328
1781190671123 0.45100613704506703 6329
1781190671139 1.301112831812246 6330
1781190671161 0.1625042721480386 6331
1781190671185 0.24437772447108977 6332
1781190671197 1.2311752798388313 6333
1781190671228 0.19945509088412744 6334
1781190671249 0.14500171774031237 6335
1781190671264 0.2601137982391267 6336
1781190671288 0.18250736288534855 6337
1781190671304 0.15539054592392543 6338
1781190671338 1.2925326844650247 6339
1781190671368 0.2876188387180001 6340
1781190671391 0.1529554999158512 6341
1781190671417 0.32191399349375033 6342
1781190671445 0.1816713431795216 6343
1781190671465 1.4000000000000001 6344
1781190671480 1.2314005659429965 6345
1781190671495 0.2511547181283668 6346
1781190671507 0.2465477516175151 6347
1781190671538 0.26870238267904634 6348
1781190671557 1.2912629594333895 6349
1781190671584 0.3090658383588934 6350
1781190671595 0.19999999999999998 6351
1781190671615 0.30663004381521475 6352
1781190671645 0.23656241241944187 6353
1781190671675 0.2671215728271198 6354
1781190671692 0.3171921328789175 6355
1781190671712 0.13348729801279208 6356
1781190671771 0.26018538243552675 6357
1781190671788 1.3555250410003339 6358
1781190671820 0.2032908639019512 6359
1781190671844 0.18505227145488265 6360
1781190671863 0.3524090366014294 6361
1781190671891 0.19806723260966314 6362
1781190671915 1.3340490529136382 6363
1781190671928 1.2311752798388313 6364
1781190671940 1.2675557157738475 6365
1781190671970 0.2755051025721682 6366
1781190671996 0.24165684413535055 6367
1781190672017 0.2703888256765597 6368
1781190672034 1.3627895796232374 6369
1781190672048 1.2032380194165777 6370
1781190672069 1.1910487281309408 6371
1781190672095 0.18388609321679533 6372
1781190672121 0.1593762189971202 6373
1781190672134 1.2333333333333334 6374
1781190672156 0.25030499279781643 6375
1781190672173 1.379480432958297 6376
1781190672196 0.21117900671308165 6377
1781190672215 1.3678817972581214 6378
1781190672229 1.2276660650702946 6379
1781190672253 0.27937951057226973 6380
1781190672266 1.2048697011691012 6381
1781190672280 0.21322781687253753 6382
1781190672326 0.2139368161790231 6383
1781190672351 0.2503273331204797 6384
1781190672374 0.16253662875519412 6385
1781190672387 0.2465477516175151 6386
1781190672401 0.2555250410003339 6387
1781190672423 0.22370081940204087 6388
1781190672451 0.29787957714289004 6389
1781190672468 0.16956381848902663 6390
1781190672483 1.3174971352674612 6391
1781190672501 1.2066619048833758 6392
1781190672524 1.2138543794088223 6393
1781190672539 0.3026671473215425 6394
1781190672557 0.10172923701760093 6395
1781190672573 1.3282862834399365 6396
1781190672616 1.2785481594653816 6397
1781190672643 0.17695622261307217 6398
1781190672657 1.2563564219528014 6399
1781190672683 0.10030865869561974 6400
1781190672697 1.256721078854945 6401
1781190672715 0.18934955273551846 6402
1781190672729 0.20326246087349747 6403
1781190672749 0.1853793827341136 6404
1781190672791 1.201082372836582 6405
1781190672804 1.2029857499854668 6406
1781190672830 0.21135947395720814 6407
1781190672849 1.3561642996240395 6408
1781190672871 0.29945911965040073 6409
1781190672904 0.26328002940501083 6410
1781190672918 1.201941932430908 6411
1781190672943 0.3424840065646034 6412
1781190672982 0.25159602179400603 6413
1781190673006 1.2992526413816141 6414
1781190673042 1.2519702675161044 6415
1781190673076 1.34726289874293 6416
1781190673091 0.21531902015600587 6417
1781190673105 0.3287303354900202 6418
1781190673126 0.17078052768350108 6419
1781190673140 0.20298574998546678 6420
1781190673173 0.25620716031605073 6421
1781190673188 1.3080745280259012 6422
1781190673203 0.21982162742627268 6423
1781190673219 0.4 6424
1781190673235 1.3276660650702947 6425
1781190673261 1.2306229787257508 6426
1781190673273 1.2272393124891001 6427
1781190673289 1.3105572809000086 6428
1781190673314 0.15680173175570322 6429
1781190673328 0.2465477516175151 6430
1781190673345 1.3043817112532485 6431
1781190673367 1.302758327498055 6432
1781190673398 0.27606514123286313 6433
1781190673418 0.1686266528793265 6434
1781190673459 1.2239695826728336 6435
1781190673474 1.256721078854945 6436
1781190673494 0.13445662841280193 6437
1781190673510 1.2705678593715732 6438
1781190673522 0.2465477516175151 6439
1781190673553 0.2814323611432592 6440
1781190673566 1.2032380194165777 6441
1781190673597 0.2471249266778694 6442
1781190673611 0.22663260179332223 6443
1781190673643 1.2968880162805916 6444
1781190673655 0.2760954278133121 6445
1781190673676 0.15626386396155073 6446
1781190673696 1.2813087467114026 6447
1781190673732 1.2479847405834685 6448
1781190673756 0.2949449242464709 6449
1781190673795 0.22173091018691946 6450
1781190673811 1.3431962442556247 6451
1781190673858 0.2877200844670782 6452
1781190673873 1.2563564219528014 6453
1781190673894 0.34102321753804116 6454
1781190673908 0.2105572809000084 6455
1781190673933 0.20020750014249647 6456
1781190673950 0.2095805569820535 6457
1781190673965 1.2675557157738475 6458
1781190673984 0.15388799830876573 6459
1781190674007 1.335125213957365 6460
1781190674041 0.3436669959201084 6461
1781190674060 0.17398346710872473 6462
1781190674077 1.324105336155959 6463
1781190674102 0.2494756681771721 6464
1781190674120 0.13022023723348936 6465
1781190674136 1.2188892894346186 6466
1781190674151 1.3537089950113725 6467
1781190674168 0.23111532798063356 6468
1781190674184 1.31338144139514 6469
1781190674206 0.17257955205083383 6470
1781190674239 0.27354328024498487 6471
1781190674254 1.3057190958417937 6472
1781190674277 0.17441026907835672 6473
1781190674308 0.3029779767191577 6474
1781190674324 1.3222155531737403 6475
1781190674351 1.273864300176148 6476
1781190674369 1.3541335677893995 6477
1781190674383 1.201941932430908 6478
1781190674399 0.11440790149781742 6479
1781190674414 0.25744677518265047 6480
1781190674433 0.479115480528524 6481
1781190674457 0.2494756681771721 6482
1781190674471 1.2048697011691012 6483
1781190674487 0.1011609402034858 6484
1781190674505 0.1345216864378451 6485
1781190674532 0.28410906943858555 6486
1781190674555 0.13348729801279208 6487
1781190674568 1.2032380194165777 6488
1781190674584 0.32 6489
1781190674604 0.3399624648070888 6490
1781190674617 0.20298574998546678 6491
1781190674643 0.28764293027317345 6492
1781190674657 0.2666086451548127 6493
1781190674671 0.20766194831233611 6494
1781190674686 1.2333333333333334 6495
1781190674708 0.1381888780989248 6496
1781190674750 1.1956016253888602 6497
1781190674770 0.2506299094921201 6498
1781190674789 0.3175057579997567 6499
1781190674805 1.3316236541242172 6500
1781190674826 1.3316145910522872 6501
1781190674874 0.18608553265640246 6502
1781190674892 1.3043057332605321 6503
1781190674931 0.2188811649028938 6504
1781190674943 1.2523669488377533 6505
1781190674962 1.3343987930085248 6506
1781190675012 1.2085821063514721 6507
1781190675030 0.31721626456152846 6508
1781190675052 0.16818831078487298 6509
1781190675064 1.2276660650702946 6510
1781190675080 0.12433555507962657 6511
1781190675101 0.18657013950071424 6512
1781190675119 0.1683969433913644 6513
1781190675136 0.1543070955590979 6514
1781190675153 1.2988213135113909 6515
1781190675174 0.1743465584163997 6516
1781190675188 0.17051427190258434 6517
1781190675221 0.2908867211320993 6518
1781190675244 1.3245718558183488 6519
1781190675276 0.2823662826688242 6520
1781190675291 1.317071157113727 6521
1781190675344 0.22225429888068968 6522
1781190675361 0.2066163388650394 6523
1781190675374 1.2770584266129439 6524
1781190675399 0.23901797607543573 6525
1781190675416 0.2598811290098561 6526
1781190675428 0.20266714732154245 6527
1781190675467 1.251187684502316 6528
1781190675487 0.3183973886746557 6529
1781190675502 1.3287303354900202 6530
1781190675523 0.13445662841280193 6531
1781190675540 0.31993592309745644 6532
1781190675555 1.3215535459447265 6533
1781190675569 1.2333333333333334 6534
1781190675604 0.2753187731728094 6535
1781190675618 1.2314005659429965 6536
1781190675640 0.20068729336771585 6537
1781190675677 0.29273010968682117 6538
1781190675713 1.2628708003144986 6539
1781190675730 1.3010050506338835 6540
1781190675749 0.24713035482845347 6541
1781190675770 1.3218264040029428 6542
1781190675793 1.3201708795115992 6543
1781190675848 1.3505944267229124 6544
1781190675873 1.2017696684092474 6545
1781190675893 0.1006287849528741 6546
1781190675913 0.15884953039612842 6547
1781190675939 0.2874599404697921 6548
1781190675958 0.21258427238784622 6549
1781190675977 0.26667619102047035 6550
1781190676013 0.2151112823463997 6551
1781190676027 1.2276660650702946 6552
1781190676043 0.17587506833388988 6553
1781190676076 1.3222341230374979 6554
1781190676102 0.33942404856745856 6555
1781190676126 0.2905628705459283 6556
1781190676153 1.1597469838411534 6557
1781190676169 0.3190141712801474 6558
1781190676192 0.3176603458421987 6559
1781190676213 0.23438722691992306 6560
1781190676236 0.24382234395881242 6561
1781190676260 0.10026962612587008 6562
1781190676279 1.4520755643923295 6563
1781190676292 0.21053699220311595 6564
1781190676306 0.2051316701949486 6565
1781190676321 0.20766194831233611 6566
1781190676337 0.18008985873281952 6567
1781190676357 0.21652055352335875 6568
1781190676370 1.256721078854945 6569
1781190676392 0.13394495986597144 6570
1781190676426 1.2163636363636363 6571
1781190676454 0.28281059029962635 6572
1781190676471 0.31115689064470464 6573
1781190676504 1.2021557412782777 6574
1781190676533 0.2265430654903318 6575
1781190676547 1.322561781135774 6576
1781190676563 0.18202295151391817 6577
1781190676591 0.3131061123758141 6578
1781190676607 1.3610604221027367 6579
1781190676632 0.15933132364761354 6580
1781190676644 1.2563564219528014 6581
1781190676677 0.26316802709625825 6582
1781190676690 1.2523669488377533 6583
1781190676714 0.19550232676796536 6584
1781190676734 0.24312097277786565 6585
1781190676767 1.1736575480239435 6586
1781190676788 0.21657413828533423 6587
1781190676805 0.1349463423233426 6588
1781190676819 0.2045572855536333 6589
1781190676832 1.2306312024380703 6590
1781190676865 1.2889454736967212 6591
1781190676878 0.22663260179332223 6592
1781190676892 0.17366855567161124 6593
1781190676926 0.15503595091281672 6594
1781190676940 0.31699426433607103 6595
1781190676957 1.3487728235944585 6596
1781190676977 1.1762466242158336 6597
1781190677004 0.2337148469675167 6598
1781190677018 1.3826578006095176 6599
1781190677031 0.20240999270514667 6600
1781190677061 1.2847732049315554 6601
1781190677088 0.26962868069367096 6602
1781190677102 1.2048697011691012 6603
1781190677125 1.3647279290335759 6604
1781190677151 0.21679776514048754 6605
1781190677169 0.17846257516727887 6606
1781190677204 0.1668615419175682 6607
1781190677232 0.1800907581976481 6608
1781190677252 0.22882201883297149 6609
1781190677273 0.1538796044807211 6610
1781190677285 1.2675557157738475 6611
1781190677302 0.11918779643582314 6612
1781190677317 1.3101853760979503 6613
1781190677330 1.2048697011691012 6614
1781190677347 0.21548457452714834 6615
1781190677370 0.19088377922751376 6616
1781190677393 0.10669258062831273 6617
1781190677409 1.3311752798388314 6618
1781190677436 1.173298135435885 6619
1781190677450 1.2292893218813452 6620
1781190677472 0.23502896118003566 6621
1781190677493 0.26548457452714835 6622
1781190677518 0.2957117424656686 6623
1781190677538 0.23433838396721668 6624
1781190677578 1.150945420734453 6625
1781190677595 1.30762395692966 6626
1781190677621 0.3477023639631509 6627
1781190677638 1.3132278168725375 6628
1781190677661 0.10457625527726042 6629
1781190677675 1.2 6630
1781190677714 1.2196609230814688 6631
1781190677738 0.3498669653253691 6632
1781190677769 1.3010379642350456 6633
1781190677800 0.3305191666220349 6634
1781190677817 1.3192792647204425 6635
1781190677835 0.16802727428345227 6636
1781190677849 1.2523669488377533 6637
1781190677861 1.2023812939816048 6638
1781190677880 0.16852212925073035 6639
1781190677896 0.17322281040500853 6640
1781190677917 0.3030284141794345 6641
1781190677936 0.2741758256036731 6642
1781190677947 0.21344215770989028 6643
1781190677961 0.3422649730810374 6644
1781190677982 1.2209103912171113 6645
1781190678013 1.2932260421533783 6646
1781190678026 0.2666086451548127 6647
1781190678070 0.2431760139078463 6648
1781190678085 1.3054094697073084 6649
1781190678114 0.33323021391104113 6650
1781190678131 0.30326246087349745 6651
1781190678164 1.282575539910509 6652
1781190678187 0.16417207650104612 6653
1781190678226 0.2540676179824698 6654
1781190678256 1.2391274916090629 6655
1781190678275 0.17008745879015483 6656
1781190678293 0.13348729801279208 6657
1781190678309 1.3503861061643168 6658
1781190678324 1.3043057332605321 6659
1781190678337 0.19999999999999998 6660
1781190678349 1.2276660650702946 6661
1781190678391 0.2388632366334943 6662
1781190678416 0.31425070742874556 6663
1781190678429 1.201941932430908 6664
1781190678447 0.10538590144889555 6665
1781190678469 0.2126841357462692 6666
1781190678510 0.24705996365544375 6667
1781190678532 0.30847342903471514 6668
1781190678549 0.14204624041580563 6669
1781190678570 1.29684781593797 6670
1781190678590 0.1834974562564687 6671
1781190678624 0.24165766387397614 6672
1781190678643 0.1746402331333363 6673
1781190678675 0.2188394790045392 6674
1781190678713 1.0990361323383013 6675
1781190678741 0.20063449152998675 6676
1781190678773 0.21320062171758056 6677
1781190678787 1.3057190958417937 6678
1781190678800 0.20326246087349747 6679
1781190678822 0.23362424304061868 6680
1781190678834 1.2292893218813452 6681
1781190678846 1.2272393124891001 6682
1781190678869 1.3035581570765646 6683
1781190678896 0.251355465244309 6684
1781190678954 0.3412053471958443 6685
1781190678982 0.19128883052222576 6686
1781190679001 1.346547751617515 6687
1781190679022 0.10009674523721554 6688
1781190679037 0.25865116151850215 6689
1781190679066 0.27296519709028083 6690
1781190679080 1.2292893218813452 6691
1781190679096 1.3416002883929254 6692
1781190679125 0.23165921901976486 6693
1781190679137 1.2333333333333334 6694
1781190679163 1.2599021573951672 6695
1781190679209 1.2166221488443343 6696
1781190679234 0.19991237830150488 6697
1781190679253 1.3237897644669694 6698
1781190679267 0.25624050255063163 6699
1781190679296 0.33933036034281827 6700
1781190679309 1.2276660650702946 6701
1781190679322 1.2306312024380703 6702
1781190679336 1.2479734018285527 6703
1781190679352 1.2563564219528014 6704
1781190679378 0.37134366357846865 6705
1781190679397 0.10741799002274484 6706
1781190679433 1.2536719040661248 6707
1781190679455 0.3475327817702897 6708
1781190679483 0.37542634064085045 6709
1781190679497 1.302020410288673 6710
1781190679518 0.2412758861006851 6711
1781190679567 0.2878041603528135 6712
1781190679580 0.22592562530123533 6713
1781190679600 0.16499668294840233 6714
1781190679636 0.1699546556147371 6715
1781190679658 0.16903153665120085 6716
1781190679679 0.2727245671415057 6717
1781190679698 1.338605938648508 6718
1781190679714 1.3333333333333335 6719
1781190679736 0.22535398501487416 6720
1781190679755 0.23468456776899177 6721
1781190679769 1.357573593128807 6722
1781190679813 1.221208777298656 6723
1781190679826 0.2666086451548127 6724
1781190679853 0.32666839600836517 6725
1781190679868 0.30588235294117644 6726
1781190679902 0.23839005074654052 6727
1781190679924 0.26907665937181335 6728
1781190679949 1.3005847012275256 6729
1781190679970 0.10018018987557908 6730
1781190679982 1.2079642013383156 6731
1781190679996 0.2283182770692601 6732
1781190680026 1.3270061792819285 6733
1781190680043 0.32731844322214765 6734
1781190680055 0.19999999999999998 6735
1781190680097 1.2831179753303545 6736
1781190680114 1.3627895796232374 6737
1781190680153 0.2871783813985966 6738
1781190680174 0.17987640788373735 6739
1781190680192 0.46658451424277125 6740
1781190680213 0.21862050944765737 6741
1781190680229 0.10217680239109629 6742
1781190680258 0.2551188670193709 6743
1781190680270 0.20766194831233611 6744
1781190680286 1.3311153279806336 6745
1781190680307 0.18912183068007213 6746
1781190680322 0.38639172365120455 6747
1781190680335 0.19999999999999998 6748
1781190680363 1.3128622133595333 6749
1781190680380 1.312712843905603 6750
1781190680404 1.2711251215536927 6751
1781190680420 1.3059418330206771 6752
1781190680442 0.23483763086870196 6753
1781190680456 0.19999999999999998 6754
1781190680477 1.3860026872261038 6755
1781190680491 0.11649331992329347 6756
1781190680514 0.18099342928236595 6757
1781190680538 0.27781262697747294 6758
1781190680573 0.2453237863337698 6759
1781190680595 0.18633308630312542 6760
1781190680618 0.23468456776899177 6761
1781190680640 0.18163520207082526 6762
1781190680665 0.21109447926722172 6763
1781190680684 0.2622566929138815 6764
1781190680698 1.2105572809000085 6765
1781190680716 1.3742604219164887 6766
1781190680751 0.27520075459066196 6767
1781190680780 0.3231726674653464 6768
1781190680808 0.23834752997742437 6769
1781190680822 1.2048697011691012 6770
1781190680837 1.3445204958908519 6771
1781190680857 0.16038727755440688 6772
1781190680870 0.20715233091147406 6773
1781190680885 0.21548457452714834 6774
1781190680928 1.3020765507030534 6775
1781190680948 0.19970449314530336 6776
1781190680966 0.10031847214638748 6777
1781190680992 0.32675703433295156 6778
1781190681006 1.3332875615005009 6779
1781190681024 1.2063965812590158 6780
1781190681037 1.2105572809000085 6781
1781190681051 1.3470187057173983 6782
1781190681080 0.2676819424670666 6783
1781190681104 0.30896644039336746 6784
1781190681119 0.13041109993607788 6785
1781190681164 1.2369390162551568 6786
1781190681187 1.2888377024550641 6787
1781190681200 1.2023812939816048 6788
1781190681231 1.3491703113610725 6789
1781190681250 1.3197990969441695 6790
1781190681266 1.3132278168725375 6791
1781190681289 1.2610500820006678 6792
1781190681304 1.3547089186342163 6793
1781190681331 0.2865549695883931 6794
1781190681356 0.3119169670727945 6795
1781190681380 0.17073522062526517 6796
1781190681413 1.2559797045768755 6797
1781190681429 0.22052805857609736 6798
1781190681453 0.2787351094025843 6799
1781190681467 0.20298574998546678 6800
1781190681507 1.3007158170655675 6801
1781190681531 0.13345809944554887 6802
1781190681547 1.3523904771430477 6803
1781190681569 0.31993592309745644 6804
1781190681581 0.28309691490542965 6805
1781190681595 0.3449980901783073 6806
1781190681612 0.13693753834128355 6807
1781190681634 0.09999999999999999 6808
1781190681662 0.24703303197986312 6809
1781190681700 0.2953409862833998 6810
1781190681734 0.3355843373599169 6811
1781190681753 0.27847495629784697 6812
1781190681765 0.23774569825205327 6813
1781190681802 1.1525936275897646 6814
1781190681818 1.3215535459447265 6815
1781190681838 1.2120822040481263 6816
1781190681870 0.32452647838159904 6817
1781190681883 0.20766194831233611 6818
1781190681917 0.31696388798674835 6819
1781190681929 0.21613407829775846 6820
1781190681952 0.20345375633164306 6821
1781190681967 1.3013606076167856 6822
1781190681983 1.35 6823
1781190682000 0.45453418831492115 6824
1781190682016 1.3153190201560059 6825
1781190682043 0.1826953578485388 6826
1781190682061 0.18099444222713187 6827
1781190682077 1.3311752798388314 6828
1781190682091 0.09999999999999999 6829
1781190682112 1.3066300438152147 6830
1781190682124 0.19999999999999998 6831
1781190682138 1.3225403330758516 6832
1781190682158 0.10302535572298777 6833
1781190682172 1.2048697011691012 6834
1781190682191 0.10350987186459845 6835
1781190682208 0.21383595631446708 6836
1781190682246 0.21753081678130903 6837
1781190682266 0.1392612464949736 6838
1781190682283 1.3531707094209153 6839
1781190682296 1.256721078854945 6840
1781190682327 1.3113858119539397 6841
1781190682341 1.3010050506338835 6842
1781190682356 1.3215535459447265 6843
1781190682370 0.2666086451548127 6844
1781190682397 0.26100604956492346 6845
1781190682428 1.1823157880055513 6846
1781190682444 1.313397459621556 6847
1781190682465 0.1680234905449279 6848
1781190682490 0.17262948778689746 6849
1781190682520 0.26594133426626804 6850
1781190682554 0.2239381036442895 6851
1781190682575 0.2936369923326445 6852
1781190682588 1.2333333333333334 6853
1781190682610 1.307758885186461 6854
1781190682625 1.2311752798388313 6855
1781190682656 0.2697629926385177 6856
1781190682668 0.20266714732154248 6857
1781190682683 0.22663260179332223 6858
1781190682714 0.2510551338613116 6859
1781190682739 0.26124779287503486 6860
1781190682751 1.2292893218813452 6861
1781190682775 0.15030499279781642 6862
1781190682808 0.3165045507323116 6863
1781190682834 0.24366952548216383 6864
1781190682866 0.2058785270268195 6865
1781190682881 1.4000000000000001 6866
1781190682899 1.2033778933019046 6867
1781190682939 1.3007173380275707 6868
1781190682960 0.2813135058717284 6869
1781190682990 1.290276017928598 6870
1781190683020 0.18611100226408617 6871
1781190683045 0.2977205280496722 6872
1781190683088 0.30909428071289996 6873
1781190683103 0.13041109993607788 6874
1781190683166 0.29624701135603504 6875
1781190683180 1.256721078854945 6876
1781190683204 0.17947564810275593 6877
1781190683249 0.36055946811266926 6878
1781190683262 0.2503708333014535 6879
1781190683310 0.27867839765385466 6880
1781190683323 0.21053699220311595 6881
1781190683344 1.2534195615940324 6882
1781190683367 0.16142779036507787 6883
1781190683418 1.3151471862576143 6884
1781190683431 0.20101732045351353 6885
1781190683444 1.2333333333333334 6886
1781190683461 0.18254996729579517 6887
1781190683477 1.328652275876826 6888
1781190683508 1.2713467769557796 6889
1781190683526 0.112168993434632 6890
1781190683546 1.2053145558529013 6891
1781190683572 0.2373546620946687 6892
1781190683601 0.1355990305402336 6893
1781190683619 0.3078368773852713 6894
1781190683671 1.317427717615523 6895
1781190683715 1.1508687788730214 6896
1781190683737 0.13394495986597144 6897
1781190683750 1.256721078854945 6898
1781190683767 1.2281815153540392 6899
1781190683787 0.33317847443323545 6900
1781190683801 1.2314005659429965 6901
1781190683822 0.23904860291737262 6902
1781190683838 0.10072662179662915 6903
1781190683860 0.15817088615687405 6904
1781190683881 0.17953357365823558 6905
1781190683897 0.31094127472084715 6906
1781190683911 0.3403715206000056 6907
1781190683945 0.20879147060713218 6908
1781190683981 0.3109424960295715 6909
1781190683995 1.3 6910
1781190684045 0.3815440423781111 6911
1781190684062 1.3669209292148017 6912
1781190684089 1.309154809613352 6913
1781190684122 0.254595722312643 6914
1781190684142 0.35 6915
1781190684185 1.2715493725878977 6916
1781190684205 0.16840668736627684 6917
1781190684221 0.2124587133176397 6918
1781190684240 0.23366260374254494 6919
1781190684255 0.1672782931993048 6920
1781190684271 1.349290744716289 6921
1781190684289 0.2567707186721824 6922
1781190684301 1.2311752798388313 6923
1781190684336 0.3057818515580435 6924
1781190684359 0.13483288274130795 6925
1781190684380 1.3204407747041846 6926
1781190684414 0.2870950927008467 6927
1781190684440 0.29092297551881857 6928
1781190684503 0.20224624653569717 6929
1781190684527 1.2710767775539324 6930
1781190684559 1.3045799873253958 6931
1781190684573 0.3043817112532485 6932
1781190684590 1.3860057714291736 6933
1781190684640 1.2647370452868756 6934
1781190684654 1.2479734018285527 6935
1781190684670 1.3585355785568636 6936
1781190684698 0.19002398560959327 6937
1781190684713 0.22592562530123533 6938
1781190684729 1.3105572809000086 6939
1781190684751 1.3394527154533447 6940
1781190684778 1.1895256108210932 6941
1781190684809 0.24019183116710882 6942
1781190684821 0.20766194831233611 6943
1781190684848 0.3409209160171621 6944
1781190684871 0.2779564499819447 6945
1781190684903 1.2299933403101362 6946
1781190684937 0.3120191884876746 6947
1781190684954 1.3170484937993747 6948
1781190684970 1.3628609323645897 6949
1781190684987 0.16965241665213346 6950
1781190685003 1.3924407105398156 6951
1781190685019 1.3 6952
1781190685038 0.2575735931288071 6953
1781190685077 0.3566485254226821 6954
1781190685119 0.20243637194803835 6955
1781190685139 0.15251486636374184 6956
1781190685168 0.1652485751436145 6957
1781190685182 0.09999999999999999 6958
1781190685203 0.2577366897980263 6959
1781190685231 0.2808132207696875 6960
1781190685260 1.2732066583979387 6961
1781190685277 0.16144015270450032 6962
1781190685291 0.11918779643582314 6963
1781190685305 1.2675557157738475 6964
1781190685320 1.3644590673344545 6965
1781190685334 0.24429139854688442 6966
1781190685356 1.3334075544722526 6967
1781190685372 0.15208761705538182 6968
1781190685387 0.19999999999999998 6969
1781190685402 0.21240043258938823 6970
1781190685419 1.346547751617515 6971
1781190685440 0.18011434421853878 6972
1781190685456 0.10367924105608749 6973
1781190685485 0.19722862289521814 6974
1781190685531 1.161502388083315 6975
1781190685551 0.15524063438974187 6976
1781190685572 0.23684210526315788 6977
1781190685584 1.2032380194165777 6978
1781190685598 0.16965241665213346 6979
1781190685637 0.3091576538139878 6980
1781190685650 0.23117527983883146 6981
1781190685674 0.33463177702051494 6982
1781190685699 1.3061168198118096 6983
1781190685716 0.09999999999999999 6984
1781190685737 0.1814430832166376 6985
1781190685754 0.15159161353667164 6986
1781190685767 1.2272393124891001 6987
1781190685784 0.33117527983883144 6988
1781190685804 0.28771284390560303 6989
1781190685817 0.20266714732154248 6990
1781190685837 0.13410554566196656 6991
1781190685869 0.3212127480717638 6992
1781190685895 0.1447146886547365 6993
1781190685908 1.2523669488377533 6994
1781190685923 0.25744677518265047 6995
1781190685939 0.24908668250234017 6996
1781190685953 1.201941932430908 6997
1781190685969 0.18116851367431638 6998
1781190685994 0.17836901267409433 6999
1781190686009 0.21091291936252518 7000
1781190686058 1.2318135502602052 7001
1781190686074 1.3351350695101027 7002
1781190686092 0.10061413068042235 7003
1781190686127 0.31120719119248674 7004
1781190686163 1.3478793446265043 7005
1781190686181 0.11528825503969789 7006
1781190686200 1.3062646450051663 7007
1781190686225 0.2649301205456826 7008
1781190686244 0.1506333611906999 7009
1781190686259 1.3023107087921957 7010
1781190686301 1.2365104050092814 7011
1781190686322 0.1753128433443817 7012
1781190686342 0.23904860291737262 7013
1781190686366 0.22467937523612036 7014
1781190686382 1.3306896719916328 7015
1781190686410 0.28134433560952166 7016
1781190686434 0.1889941556846903 7017
1781190686459 0.3174119132125709 7018
1781190686475 0.12515188114348802 7019
1781190686510 1.2569306251326615 7020
1781190686541 0.368 7021
1781190686555 0.13022023723348936 7022
1781190686584 0.2893681731657135 7023
1781190686618 1.2666864872904633 7024
1781190686660 1.2936115731039184 7025
1781190686716 1.2357032878640637 7026
1781190686735 0.10031847214638748 7027
1781190686751 1.313397459621556 7028
1781190686768 0.10042593259440495 7029
1781190686809 0.29401241496159986 7030
1781190686832 0.2535693621065986 7031
1781190686848 1.3132278168725375 7032
1781190686861 1.2479734018285527 7033
1781190686887 0.2502659791979291 7034
1781190686903 1.3096262161106462 7035
1781190686921 0.3057107141994107 7036
1781190686937 0.36496754751273147 7037
1781190686958 0.1665427736855891 7038
1781190686978 0.1624390053115193 7039
1781190686998 1.310059877756223 7040
1781190687031 0.26931496141161865 7041
1781190687059 1.210578350538024 7042
1781190687072 1.2276660650702946 7043
1781190687094 1.2865818952292705 7044
1781190687112 1.3400443951226158 7045
1781190687133 1.3039769292954715 7046
1781190687150 0.2537089950113724 7047
1781190687220 0.2157905980109215 7048
1781190687249 1.1877598036427752 7049
1781190687272 1.307136821856582 7050
1781190687290 1.3900741666602907 7051
1781190687304 1.2079642013383156 7052
1781190687318 1.2563564219528014 7053
1781190687339 0.24096987222988597 7054
1781190687358 1.3010050506338835 7055
1781190687373 1.3177793583208655 7056
1781190687391 1.315866585873691 7057
1781190687409 1.3114385114459906 7058
1781190687424 1.2333333333333334 7059
1781190687442 1.3 7060
1781190687460 0.31633399734659245 7061
1781190687475 0.20190603673369792 7062
1781190687509 0.27996779823667095 7063
1781190687531 0.15128201399198746 7064
1781190687570 0.2486318641176611 7065
1781190687595 0.19079627699309468 7066
1781190687634 1.2668460381325692 7067
1781190687686 0.24407248416537727 7068
1781190687699 1.256721078854945 7069
1781190687723 0.20062211316549644 7070
1781190687736 0.2224368465007471 7071
1781190687752 1.2048697011691012 7072
1781190687790 1.3198216274262726 7073
1781190687832 0.18592757336537322 7074
1781190687859 1.346825950247868 7075
1781190687879 0.18657013950071424 7076
1781190687894 0.18746366659417169 7077
1781190687919 1.281794044855658 7078
1781190687935 1.3174971352674612 7079
1781190687949 0.22284832501895402 7080
1781190687974 1.2585184111959613 7081
1781190687987 0.20766194831233611 7082
1781190688005 0.20790129800196278 7083
1781190688041 1.261283709333093 7084
1781190688058 1.3063414188418307 7085
1781190688076 1.3080854969981943 7086
1781190688100 0.10813291971788565 7087
1781190688117 1.3272393124891002 7088
1781190688131 0.20326246087349747 7089
1781190688150 0.26009949040320035 7090
1781190688174 0.2743860936623662 7091
1781190688188 1.2314005659429965 7092
1781190688213 1.3250077778536062 7093
1781190688230 1.3826578006095176 7094
1781190688247 0.29092569573368254 7095
1781190688287 1.254413494519968 7096
1781190688303 0.10963038858849361 7097
1781190688316 0.20101732045351353 7098
1781190688346 0.20041247294568362 7099
1781190688378 1.2281598611443028 7100
1781190688415 1.2461669189583704 7101
1781190688428 0.26792865097050905 7102
1781190688461 0.21941196074311345 7103
1781190688477 0.11563385122678926 7104
1781190688506 0.2637297777509582 7105
1781190688522 1.2631770152840671 7106
1781190688554 0.16364435747325012 7107
1781190688575 0.2080854969981942 7108
1781190688611 0.21216218879125728 7109
1781190688628 1.2079642013383156 7110
1781190688643 1.2563564219528014 7111
1781190688657 1.3422649730810374 7112
1781190688685 0.33667622097427374 7113
1781190688701 1.3568668907186248 7114
1781190688733 0.2373595646867235 7115
1781190688746 1.256721078854945 7116
1781190688784 1.2456728880596875 7117
1781190688797 1.2276660650702946 7118
1781190688811 0.20190603673369792 7119
1781190688824 1.2563564219528014 7120
1781190688838 1.2079642013383156 7121
1781190688861 0.1734996169428569 7122
1781190688878 1.339820652340593 7123
1781190688895 1.325399615340775 7124
1781190688912 1.3142507074287457 7125
1781190688937 0.16274199463536068 7126
1781190688976 1.2078962383038196 7127
1781190688989 0.26220355269907725 7128
1781190689029 0.22694644504765135 7129
1781190689047 0.15243633634371406 7130
1781190689136 0.29585268582219687 7131
1781190689149 1.2079642013383156 7132
1781190689162 1.2048697011691012 7133
1781190689181 0.18934955273551846 7134
1781190689207 0.2754125405046061 7135
1781190689240 0.3091876471414006 7136
1781190689254 1.3010050506338835 7137
1781190689276 0.2801743778165365 7138
1781190689316 1.2308714700617451 7139
1781190689332 1.2292893218813452 7140
1781190689369 1.2435628567063202 7141
1781190689385 1.3477767032132908 7142
1781190689402 0.17140873222509861 7143
1781190689419 1.320973667108219 7144
1781190689448 1.312417748770589 7145
1781190689465 0.26792865097050905 7146
1781190689488 0.15626386396155073 7147
1781190689532 1.2358939683762027 7148
1781190689548 1.342857142857143 7149
1781190689564 1.3641431417199683 7150
1781190689578 0.2760954278133121 7151
1781190689593 0.26792865097050905 7152
1781190689609 1.3215535459447265 7153
1781190689648 0.15399795475557873 7154
1781190689661 0.26792865097050905 7155
1781190689687 0.3052366130697749 7156
1781190689701 1.214893550365301 7157
1781190689721 1.2265994369206208 7158
1781190689737 1.4245255735793987 7159
1781190689761 1.3234089116830687 7160
1781190689775 1.214893550365301 7161
1781190689822 0.2520777729024968 7162
1781190689843 1.3087129070824723 7163
1781190689879 0.3157202365953522 7164
1781190689892 0.25647142499339926 7165
1781190689924 0.2496981397568402 7166
1781190689958 0.31394394653099456 7167
1781190689992 0.3607266474221626 7168
1781190690007 0.13022023723348936 7169
1781190690021 0.20298574998546678 7170
1781190690066 0.2689617960050391 7171
1781190690086 0.10232671969053586 7172
1781190690101 0.10231070879219555 7173
1781190690118 0.11684781593797 7174
1781190690134 1.3038517697865692 7175
1781190690218 1.171387298729351 7176
1781190690239 0.16803988581352317 7177
1781190690256 0.24195705075360788 7178
1781190690281 0.15807858010524614 7179
1781190690297 1.2523669488377533 7180
1781190690322 0.15833976652005297 7181
1781190690340 1.3746453723581444 7182
1781190690358 1.312712843905603 7183
1781190690375 0.32 7184
1781190690416 1.3113031406016376 7185
1781190690436 0.25814684765944973 7186
1781190690453 1.3165377673888015 7187
1781190690482 0.2666720349810724 7188
1781190690502 0.1719544132522623 7189
1781190690537 1.2399983098982619 7190
1781190690551 0.20266714732154245 7191
1781190690581 0.25355967322437295 7192
1781190690626 0.35684122388548056 7193
1781190690653 0.2019047619047619 7194
1781190690680 0.20432043393811664 7195
1781190690700 1.3304171561956633 7196
1781190690717 1.3474506145754612 7197
1781190690744 1.2881831641206685 7198
1781190690768 0.18599936789187 7199
1781190690803 1.3439675016495944 7200
1781190690815 0.2465477516175151 7201
1781190690840 0.2180720513047826 7202
1781190690871 0.22120027309807055 7203
1781190690896 0.3046611352561831 7204
1781190690931 1.2552805572819956 7205
1781190690943 0.20766194831233611 7206
1781190690962 0.1772467162731448 7207
1781190690976 1.3563564219528015 7208
1781190691014 0.28634141884183056 7209
1781190691038 0.2542311327228261 7210
1781190691069 1.1527120201285737 7211
1781190691081 1.2314005659429965 7212
1781190691106 0.19438341533400122 7213
1781190691122 0.3147197134577558 7214
1781190691144 0.20679453509982 7215
1781190691181 1.236605859207231 7216
1781190691199 0.27426050112161204 7217
1781190691244 0.23418548182855822 7218
1781190691278 0.2941883669678967 7219
1781190691300 1.3478083249520585 7220
1781190691338 0.20080498931008375 7221
1781190691353 0.24908668250234017 7222
1781190691369 1.3518456587656924 7223
1781190691392 0.20440710539815454 7224
1781190691408 1.3080745280259012 7225
1781190691423 0.21322781687253753 7226
1781190691444 0.1709129193625252 7227
1781190691464 0.1884028381105956 7228
1781190691483 1.1055088817476932 7229
1781190691527 0.28108414347819066 7230
1781190691542 1.2523669488377533 7231
1781190691575 1.346759918413489 7232
1781190691589 1.2276660650702946 7233
1781190691609 0.17008745879015483 7234
1781190691640 1.3116823913367215 7235
1781190691660 0.21425070742874558 7236
1781190691676 0.24096987222988597 7237
1781190691694 0.30773884234348015 7238
1781190691767 0.10166216562111167 7239
1781190691803 0.3001416348115863 7240
1781190691816 0.2045572855536333 7241
1781190691826 0.25282718234751367 7242
1781190691850 1.2717396466244786 7243
1781190691880 1.3212630045279223 7244
1781190691894 0.21322781687253753 7245
1781190691917 1.3318466578311783 7246
1781190691941 0.11038961038961038 7247
1781190691980 0.32199760809310607 7248
1781190691993 1.2314005659429965 7249
1781190692018 1.308456578500681 7250
1781190692032 1.201941932430908 7251
1781190692192 0.2698237216755626 7252
1781190692228 0.2009488140575717 7253
1781190692248 1.2029857499854668 7254
1781190692267 0.21452956765527154 7255
1781190692524 0.2586558015429335 7256
1781190692580 0.3468505996547266 7257
1781190692614 1.3696109021562082 7258
1781190692633 1.2029274656605848 7259
1781190692709 0.2842155637071021 7260
1781190692739 0.1721166946738216 7261
1781190692759 0.23117527983883146 7262
1781190692783 0.17204212052403584 7263
1781190692802 0.19999999999999998 7264
1781190692846 0.20431419425808597 7265
1781190692865 0.20661854737807991 7266
1781190692897 0.3067003790087632 7267
1781190692914 1.2311752798388313 7268
1781190692947 0.2626300044647513 7269
1781190692967 1.3244071053981545 7270
1781190693012 1.2477713710943525 7271
1781190693039 1.273704853933339 7272
1781190693082 0.29521398839588725 7273
1781190693102 0.2138943228177108 7274
1781190693138 1.3228196081284218 7275
1781190693166 0.24523809523809526 7276
1781190693197 0.33374586511310866 7277
1781190693226 0.09827821308127184 7278
1781190693258 0.30652344871163106 7279
1781190693298 0.28094720512521437 7280
1781190693338 0.2952338734698926 7281
1781190693384 1.2962743917894382 7282
1781190693401 0.2283182770692601 7283
1781190693422 0.2183973886746557 7284
1781190693441 1.2523669488377533 7285
1781190693475 0.2885692608993373 7286
1781190693502 0.2806427777225194 7287
1781190693530 0.16465089155857923 7288
1781190693550 0.16965241665213346 7289
1781190693593 1.3110553356286763 7290
1781190693616 0.19784194650549813 7291
1781190693634 0.2129428499867986 7292
1781190693664 0.20021198940341814 7293
1781190693694 0.3031037209750091 7294
1781190693710 0.20266714732154248 7295
1781190693734 0.18697912087511187 7296
1781190693761 0.14525030040612782 7297
1781190693785 0.13631908331880013 7298
1781190693856 0.35738605155981334 7299
1781190693909 1.2472343436726923 7300
1781190693947 1.2222390677143846 7301
1781190693968 0.2090173783034926 7302
1781190693982 1.2675557157738475 7303
1781190693998 1.3057190958417937 7304
1781190694015 1.3371171854477468 7305
1781190694034 0.4554700196225229 7306
1781190694048 1.2272393124891001 7307
1781190694065 1.3124551310445565 7308
1781190694099 1.267845362889309 7309
1781190694122 0.16442308547851206 7310
1781190694138 1.256721078854945 7311
1781190694183 0.13533754463211106 7312
1781190694212 0.16891212438559366 7313
1781190694263 0.33436075382594743 7314
1781190694282 1.3332875615005009 7315
1781190694305 0.13645731769470876 7316
1781190694357 0.22857657294384315 7317
1781190694385 0.2533604649516997 7318
1781190694399 1.2105572809000085 7319
1781190694416 0.2091048191347376 7320
1781190694444 0.21719213287891748 7321
1781190694469 0.263356518598904 7322
1781190694485 1.334993629063457 7323
1781190694507 0.1858517541780882 7324
1781190694548 1.265775461768671 7325
1781190694612 1.3029377733673535 7326
1781190694639 0.2827002465200973 7327
1781190694657 0.22078819656186605 7328
1781190694672 0.2465477516175151 7329
1781190694699 0.2762506532440405 7330
1781190694727 0.20289076212000912 7331
1781190694759 0.3243410223318605 7332
1781190694795 0.2469887236597646 7333
1781190694816 0.17173119589737773 7334
1781190694862 0.36006788154112124 7335
1781190694900 1.238214785192923 7336
1781190694929 0.2663920382850059 7337
1781190694971 0.26721430443805133 7338
1781190695000 0.3033869122317126 7339
1781190695018 1.2071847098750954 7340
1781190695042 0.22495212256135436 7341
1781190695059 0.3173815610676835 7342
1781190695074 1.2029857499854668 7343
1781190695097 0.3108152526909762 7344
1781190695110 1.2479734018285527 7345
1781190695139 0.1767335078446915 7346
1781190695159 0.20643985142936003 7347
1781190695171 1.2333333333333334 7348
1781190695185 0.27208547368804586 7349
1781190695208 0.23481992278515854 7350
1781190695226 0.3401510710523571 7351
1781190695245 1.3049317795582218 7352
1781190695259 1.2048697011691012 7353
1781190695275 1.3367544467966324 7354
1781190695287 1.22873033549002 7355
1781190695333 1.2868693567140277 7356
1781190695351 1.256721078854945 7357
1781190695387 1.2051316701949486 7358
1781190695405 1.2 7359
1781190695419 0.2760954278133121 7360
1781190695438 0.3416231921882119 7361
1781190695453 0.10194193243090797 7362
1781190695486 1.1977038526276225 7363
1781190695510 0.2050283840132366 7364
1781190695526 1.2048697011691012 7365
1781190695542 1.3051316701949487 7366
1781190695565 0.18112484783738128 7367
1781190695584 0.07894386776534751 7368
1781190695612 0.2697129101308429 7369
1781190695650 1.211973346196753 7370
1781190695666 1.354415769416145 7371
1781190695687 1.346547751617515 7372
1781190695714 0.20670305507917924 7373
1781190695747 0.21002997953535044 7374
1781190695777 0.1805953941471447 7375
1781190695807 0.2356719936615384 7376
1781190695825 0.3380619895738499 7377
1781190695847 1.1818614856130751 7378
1781190695863 1.3142507074287457 7379
1781190695891 0.3030370799245928 7380
1781190695906 1.3024099927051467 7381
1781190695931 0.12316242878810402 7382
1781190695954 1.1881511289575888 7383
1781190695973 1.3240328593171546 7384
1781190695987 1.3 7385
1781190696000 0.20326246087349747 7386
1781190696014 0.2537089950113724 7387
1781190696051 0.25851149538022083 7388
1781190696082 0.28433192302350296 7389
1781190696103 0.31487434692412514 7390
1781190696117 1.3057190958417937 7391
1781190696133 0.3941378961823945 7392
1781190696151 0.233666752110988 7393
1781190696169 1.3083430624529868 7394
1781190696198 1.263016397140588 7395
1781190696233 0.2500966816360863 7396
1781190696246 1.2311752798388313 7397
1781190696260 0.20766194831233611 7398
1781190696296 0.3057628595285831 7399
1781190696312 0.4287347885566345 7400
1781190696366 0.25626785884386144 7401
1781190696400 0.3179178969346066 7402
1781190696430 0.27031190856275156 7403
1781190696448 0.14023839970820706 7404
1781190696461 1.201941932430908 7405
1781190696486 0.1699644120238406 7406
1781190696503 0.10104586080094133 7407
1781190696518 1.2675557157738475 7408
1781190696534 1.3292893218813453 7409
1781190696572 0.25742581506691864 7410
1781190696586 0.20715233091147406 7411
1781190696602 1.3919417703597463 7412
1781190696634 0.2544567514799975 7413
1781190696651 0.18746366659417169 7414
1781190696676 0.2935491715926824 7415
1781190696693 1.3374456757828777 7416
1781190696743 1.312402471190127 7417
1781190696779 0.3190015448144286 7418
1781190696791 1.2105572809000085 7419
1781190696822 0.22963326028593772 7420
1781190696839 0.09999999999999999 7421
1781190696853 1.2292893218813452 7422
1781190696882 0.3362544741688323 7423
1781190696911 0.3079793850731259 7424
1781190696927 0.10211610841764573 7425
1781190696946 1.2865139685405034 7426
1781190696961 0.21281514236807028 7427
1781190696975 1.2029857499854668 7428
1781190696992 0.13865417286866286 7429
1781190697013 0.271464127867077 7430
1781190697034 1.2072061437391575 7431
1781190697051 0.253824290346039 7432
1781190697087 1.2358812180783856 7433
1781190697099 0.2129428499867986 7434
1781190697118 0.1340599551299625 7435
1781190697135 0.35463676456367227 7436
1781190697175 1.3526703767171844 7437
1781190697188 1.2675557157738475 7438
1781190697202 0.21695452014626002 7439
1781190697219 1.3244071053981545 7440
1781190697238 0.18199308654912952 7441
1781190697255 1.2675799278052942 7442
1781190697269 0.20766194831233611 7443
1781190697297 0.21769042559692162 7444
1781190697336 0.3551985663311835 7445
1781190697350 1.3087129070824723 7446
1781190697368 1.3066666666666666 7447
1781190697389 1.3180899596553957 7448
1781190697405 1.2533430525184155 7449
1781190697420 1.2675557157738475 7450
1781190697453 0.33351628119885723 7451
1781190697490 1.3630725527062002 7452
1781190697503 0.25282718234751367 7453
1781190697519 1.3051316701949487 7454
1781190697542 1.3022806949263876 7455
1781190697556 0.16965241665213346 7456
1781190697591 0.28174984984218504 7457
1781190697604 1.2105572809000085 7458
1781190697627 0.28396697522935693 7459
1781190697666 0.09644226358159108 7460
1781190697680 1.3512911812952948 7461
1781190697700 1.3571052541063555 7462
1781190697715 1.3503636411897284 7463
1781190697744 0.26052369369675926 7464
1781190697779 1.2025148987101664 7465
1781190697801 0.1015261317826618 7466
1781190697817 1.3643651677450102 7467
1781190697838 0.15870888659875862 7468
1781190697854 0.3465477516175151 7469
1781190697875 0.26403333132464635 7470
1781190697892 0.1621166946738216 7471
1781190697917 1.2617757707662047 7472
1781190697932 0.315880897580794 7473
1781190697962 0.34417467226017034 7474
1781190697980 1.3244071053981545 7475
1781190697999 1.1360004806548758 7476
1781190698012 1.2051316701949486 7477
1781190698026 1.2029857499854668 7478
1781190698042 1.3045572855536334 7479
1781190698058 0.3941378961823945 7480
1781190698073 1.2292893218813452 7481
1781190698086 1.2276660650702946 7482
1781190698099 1.2675557157738475 7483
1781190698125 0.3142363772680621 7484
1781190698148 0.13443969804650358 7485
1781190698182 0.2227867211177049 7486
1781190698210 1.2307316863773128 7487
1781190698243 1.4305719499712422 7488
1781190698266 0.23806091193189066 7489
1781190698287 0.16745614729273525 7490
1781190698302 0.26670362841252365 7491
1781190698319 0.1794613257316151 7492
1781190698331 1.2675557157738475 7493
1781190698369 1.3111752798388314 7494
1781190698382 0.20266714732154245 7495
1781190698403 0.1705493293758695 7496
1781190698418 1.2272393124891001 7497
1781190698433 0.26792865097050905 7498
1781190698450 0.3087129070824723 7499
1781190698464 1.349290744716289 7500
1781190698475 1.2563564219528014 7501
1781190698505 0.25039783485559675 7502
1781190698535 0.21752775322408488 7503
1781190698552 0.17807680794809594 7504
1781190698564 0.25647142499339926 7505
1781190698593 0.23684630266474715 7506
1781190698605 1.2 7507
1781190698627 1.2292893218813452 7508
1781190698681 1.3176768050077323 7509
1781190698702 0.271932157671351 7510
1781190698747 1.2576168205407021 7511
1781190698762 1.2023812939816048 7512
1781190698791 0.16417282199444305 7513
1781190698804 0.2760954278133121 7514
1781190698841 0.3122882480810313 7515
1781190698856 1.2311752798388313 7516
1781190698895 1.3585181088188047 7517
1781190698916 0.20187076110251717 7518
1781190698934 0.16837944797323448 7519
1781190698971 0.2640214919408579 7520
1781190698993 0.27508470005166746 7521
1781190699011 1.3850303762286977 7522
1781190699054 1.2829970567914017 7523
1781190699083 1.3030747515244907 7524
1781190699100 0.3020042112987777 7525
1781190699120 1.3054337994011207 7526
1781190699141 0.24804835861724867 7527
1781190699161 0.13581604937454894 7528
1781190699218 1.2476266101458848 7529
1781190699243 0.2352126954712195 7530
1781190699263 1.3269078270029913 7531
1781190699278 0.20904119463458046 7532
1781190699293 0.13374401268656294 7533
1781190699323 0.18185619716580173 7534
1781190699337 0.26220355269907725 7535
1781190699354 0.30557326295624393 7536
1781190699376 0.27016399024603954 7537
1781190699394 1.2728613824121908 7538
1781190699422 0.255739069844526 7539
1781190699440 0.3041532323402954 7540
1781190699477 0.26862745098039215 7541
1781190699496 0.24900665702969338 7542
1781190699510 0.20298574998546678 7543
1781190699525 1.3198216274262728 7544
1781190699547 0.25230796637235364 7545
1781190699561 0.10136060761678561 7546
1781190699598 0.2404064378412144 7547
1781190699614 1.4688247201611686 7548
1781190699660 0.23472934363649778 7549
1781190699674 1.2292893218813452 7550
1781190699691 0.1712989984550015 7551
1781190699724 0.2713169422080648 7552
1781190699755 1.26896775904357 7553
1781190699775 0.15282175223003702 7554
1781190699815 0.2673034701103452 7555
1781190699827 0.26220355269907725 7556
1781190699844 0.11941770359746197 7557
1781190699860 1.3711324865405188 7558
1781190699873 1.2051316701949486 7559
1781190699903 0.275002019812113 7560
1781190699919 0.12515188114348802 7561
1781190699936 1.3674852999310765 7562
1781190699966 0.2898218528602542 7563
1781190699987 0.1630290209304573 7564
1781190700003 0.20442103607035353 7565
1781190700037 0.2509852457023326 7566
1781190700064 0.26673982635110965 7567
1781190700078 0.23301061546967644 7568
1781190700098 0.27999999999999997 7569
1781190700119 0.13482130338042317 7570
1781190700134 1.312712843905603 7571
1781190700163 0.2539540926830599 7572
1781190700189 0.2701126463297237 7573
1781190700213 1.302204857691927 7574
1781190700227 0.23754893953849515 7575
1781190700241 1.3142507074287457 7576
1781190700265 1.2061728339264572 7577
1781190700294 0.29116863823802014 7578
1781190700315 0.3047355337201341 7579
1781190700333 0.21271284390560305 7580
1781190700357 0.14097976677660629 7581
1781190700370 0.19999999999999998 7582
1781190700386 1.3132278168725375 7583
1781190700403 0.18270995385230437 7584
1781190700431 1.2016076899544674 7585
1781190700445 0.21344215770989028 7586
1781190700475 1.2585924014649674 7587
1781190700487 1.2051316701949486 7588
1781190700511 1.2506901755390576 7589
1781190700543 0.26343247872200015 7590
1781190700563 0.18979851398564512 7591
1781190700583 0.4 7592
1781190700601 0.10775899305978637 7593
1781190700635 0.301058497971939 7594
1781190700656 1.2746227039337312 7595
1781190700675 0.20335173622642183 7596
1781190700690 1.312712843905603 7597
1781190700710 0.24846746988793353 7598
1781190700723 1.2032380194165777 7599
1781190700780 1.2333261829406441 7600
1781190700810 1.210298954331147 7601
1781190700866 0.15203519577492314 7602
1781190700877 0.20766194831233611 7603
1781190700893 0.13610277480050867 7604
1781190700926 0.30412130893606715 7605
1781190700956 0.3364921777568017 7606
1781190700991 0.3124682730813634 7607
1781190701004 1.2051316701949486 7608
1781190701026 0.17245262125902264 7609
1781190701041 1.3469338146742083 7610
1781190701060 1.264455835934608 7611
1781190701117 1.274386655541267 7612
1781190701155 1.28066729637822 7613
1781190701191 0.27254875907348225 7614
1781190701210 0.18296421782230823 7615
1781190701238 0.3112643490583886 7616
1781190701251 0.19999999999999998 7617
1781190701263 0.2760954278133121 7618
1781190701281 1.3568668907186248 7619
1781190701302 1.258387853352795 7620
1781190701313 1.2272393124891001 7621
1781190701341 0.2526520699931453 7622
1781190701357 0.15140665451827212 7623
1781190701385 0.28216685105166706 7624
1781190701399 0.25219085562662424 7625
1781190701413 0.09999999999999999 7626
1781190701447 0.3486086582908979 7627
1781190701492 0.2221302282107978 7628
1781190701505 1.3801320146440244 7629
1781190701519 1.2311752798388313 7630
1781190701541 0.2343555066776044 7631
1781190701566 0.29037055268193784 7632
1781190701582 1.2731719676658209 7633
1781190701610 0.31417671118954416 7634
1781190701625 0.3198216274262727 7635
1781190701656 1.2681507901684501 7636
1781190701674 0.3084270883847428 7637
1781190701706 0.2706005625137445 7638
1781190701722 1.3782909858348298 7639
1781190701746 0.1630327123857915 7640
1781190701761 1.309546596626671 7641
1781190701777 1.3591751709536137 7642
1781190701801 0.25109998409632145 7643
1781190701829 0.32366137146308854 7644
1781190701842 0.23424040507785707 7645
1781190701879 1.2946834704034078 7646
1781190701920 0.2546645500492456 7647
1781190701947 0.21939884684252714 7648
1781190701972 0.18303252585327107 7649
1781190701985 1.2675557157738475 7650
1781190702002 1.3042572892243662 7651
1781190702048 0.30958881629079626 7652
1781190702076 1.278894611048651 7653
1781190702091 0.10104586080094133 7654
1781190702109 0.2069450427590982 7655
1781190702134 0.27426546114812234 7656
1781190702148 0.23774569825205327 7657
1781190702163 0.34638890357524904 7658
1781190702202 0.18716258639959008 7659
1781190702235 1.1864390621722862 7660
1781190702249 1.3312476127228843 7661
1781190702264 0.20240999270514667 7662
1781190702284 1.256721078854945 7663
1781190702303 0.16248100510126326 7664
1781190702318 1.2023812939816048 7665
1781190702338 0.21818181818181817 7666
1781190702373 0.1596303885884936 7667
1781190702391 0.13433838396721667 7668
1781190702420 0.3177371441097564 7669
1781190702458 0.2740385571486938 7670
1781190702478 0.10127774070502768 7671
1781190702518 1.260554878777741 7672
1781190702538 0.28827979736591974 7673
1781190702572 1.181479361208069 7674
1781190702594 0.20176025824839655 7675
1781190702611 0.20895345319996741 7676
1781190702644 0.2703151620955591 7677
1781190702659 1.2105572809000085 7678
1781190702675 0.3541650751485894 7679
1781190702718 0.3333826612473509 7680
1781190702739 1.3164666914666368 7681
1781190702751 1.2675557157738475 7682
1781190702768 0.13533754463211106 7683
1781190702786 1.303960792320195 7684
1781190702829 0.2519073164876519 7685
1781190702870 0.33670879494974254 7686
1781190702884 1.3782909858348298 7687
1781190702927 0.2764790287708061 7688
1781190702943 0.10932527299934695 7689
1781190702958 0.20100505063388333 7690
1781190702977 0.32374691290271906 7691
1781190702991 1.2079642013383156 7692
1781190703030 0.285175990062246 7693
1781190703053 1.2311752798388313 7694
1781190703094 1.3018504542377636 7695
1781190703116 0.1340599551299625 7696
1781190703128 1.2675557157738475 7697
1781190703157 1.312712843905603 7698
1781190703169 1.2272393124891001 7699
1781190703190 0.13396466090918716 7700
1781190703235 0.3310091855538214 7701
1781190703256 0.43959422414661736 7702
1781190703274 0.15766194831233613 7703
1781190703303 0.2811752798388315 7704
1781190703317 1.2311752798388313 7705
1781190703337 0.17759303876608482 7706
1781190703353 0.18490611853729974 7707
1781190703394 0.3119548900632722 7708
1781190703409 0.11042820451249767 7709
1781190703423 0.20766194831233611 7710
1781190703436 1.2479734018285527 7711
1781190703449 1.2188892894346186 7712
1781190703475 0.13399702714304276 7713
1781190703489 1.2032380194165777 7714
1781190703508 0.20442103607035353 7715
1781190703522 1.2314005659429965 7716
1781190703538 1.2059972112092314 7717
1781190703556 0.17435322560688987 7718
1781190703569 0.2465477516175151 7719
1781190703584 1.2048697011691012 7720
1781190703605 0.13360341292110067 7721
1781190703625 0.10549716411869153 7722
1781190703657 1.2565006082044998 7723
1781190703669 0.20326246087349747 7724
1781190703695 1.2550509331764477 7725
1781190703718 0.12153846153846153 7726
1781190703731 1.2292893218813452 7727
1781190703753 1.2364085690164253 7728
1781190703774 1.3296195002542641 7729
1781190703800 1.213064598838245 7730
1781190703818 1.30201670574627 7731
1781190703839 1.1923506131049129 7732
1781190703854 1.3486005947037412 7733
1781190703895 0.2640534267013757 7734
1781190703908 1.3306312024380704 7735
1781190703928 0.17268717498692013 7736
1781190703947 0.32868026086481095 7737
1781190703962 0.35476721495845065 7738
1781190703984 0.1348980444783242 7739
1781190704005 0.20885195023162664 7740
1781190704023 1.318269700249949 7741
1781190704037 1.2292893218813452 7742
1781190704075 0.3049664282098095 7743
1781190704088 1.215880897580794 7744
1781190704104 1.30643985142936 7745
1781190704121 1.3114385114459906 7746
1781190704146 0.13425031652890343 7747
1781190704183 0.3141667492240011 7748
1781190704197 0.2167949705662156 7749
1781190704214 1.3198216274262726 7750
1781190704248 0.16329339403876464 7751
1781190704272 0.25970677632270395 7752
1781190704299 0.17454093771545703 7753
1781190704322 0.2524977253435786 7754
1781190704338 1.3105572809000086 7755
1781190704355 1.4076471911290187 7756
1781190704403 0.29008946335912866 7757
1781190704444 0.2947542922684826 7758
1781190704460 0.2272393124891001 7759
1781190704473 0.2051316701949486 7760
1781190704489 0.10266714732154246 7761
1781190704517 0.3145295676552715 7762
1781190704564 1.2174494581973168 7763
1781190704581 1.3015268072165338 7764
1781190704597 0.2598811290098561 7765
1781190704622 0.26888928943461876 7766
1781190704656 1.200200882040079 7767
1781190704675 0.35433669870522844 7768
1781190704702 0.2693231668869878 7769
1781190704719 1.279276040484352 7770
1781190704734 0.25219085562662424 7771
1781190704755 0.16965241665213346 7772
1781190704784 0.083665009205569 7773
1781190704825 1.3274803628692264 7774
1781190704840 1.3198216274262726 7775
1781190704891 1.2050350322686652 7776
1781190704911 1.3024099927051467 7777
1781190704926 1.3058007455532716 7778
1781190704960 0.1368148222369175 7779
1781190704978 0.12062746066806228 7780
1781190705008 0.22113814566889167 7781
1781190705048 0.26151515151515153 7782
1781190705063 1.3651844688088606 7783
1781190705084 0.26981706697084806 7784
1781190705107 0.26335087406661173 7785
1781190705123 1.374180111025284 7786
1781190705165 1.1575357365510477 7787
1781190705194 0.31684115709735355 7788
1781190705227 0.25894847923434033 7789
1781190705261 1.254320473228328 7790
1781190705275 0.19999999999999998 7791
1781190705313 0.28302079855819645 7792
1781190705334 0.15072728237945676 7793
1781190705370 0.2028511014126664 7794
1781190705388 1.3178047056624358 7795
1781190705410 0.2795192759150953 7796
1781190705443 1.263465757744793 7797
1781190705460 1.3760954278133122 7798
1781190705489 0.2916111316720153 7799
1781190705506 1.1815410135907918 7800
1781190705527 0.3227356125045391 7801
1781190705544 1.3142857142857143 7802
1781190705571 0.3076922342980569 7803
1781190705593 0.1965851670546861 7804
1781190705610 0.17745983144875552 7805
1781190705639 1.4000000000000001 7806
1781190705664 0.25592683291421386 7807
1781190705690 0.2420577114228326 7808
1781190705727 1.3343279320196135 7809
1781190705742 1.366031688975662 7810
1781190705755 1.2314005659429965 7811
1781190705783 0.20291433720434676 7812
1781190705811 0.2518945329546345 7813
1781190705828 0.11083548598794353 7814
1781190705844 0.26727829319930474 7815
1781190705894 0.23096718994660442 7816
1781190705942 1.3721527262920667 7817
1781190705972 0.2919941951165688 7818
