1781190529053 0.0 1
1781190529080 0.0 2
1781190529104 0.0 3
1781190529133 1.0 4
1781190529150 1.0 5
1781190529184 0.0 6
1781190529206 0.0 7
1781190529219 0.0 8
1781190529242 0.0 9
1781190529285 1.0 10
1781190529322 1.0 11
1781190529362 0.0 12
1781190529382 0.0 13
1781190529395 0.0 14
1781190529406 1.0 15
1781190529433 1.0 16
1781190529450 0.0 17
1781190529475 0.0 18
1781190529491 1.0 19
1781190529526 0.0 20
1781190529558 1.0 21
1781190529588 0.0 22
1781190529607 0.0 23
1781190529626 0.0 24
1781190529658 0.0 25
1781190529673 0.0 26
1781190529689 0.0 27
1781190529713 1.0 28
1781190529726 0.0 29
1781190529738 0.0 30
1781190529763 0.0 31
1781190529812 0.0 32
1781190529831 0.0 33
1781190529844 0.0 34
1781190529870 0.0 35
1781190529916 1.0 36
1781190529951 0.0 37
1781190529984 1.0 38
1781190530022 1.0 39
1781190530034 1.0 40
1781190530077 1.0 41
1781190530097 0.0 42
1781190530133 1.0 43
1781190530149 0.0 44
1781190530178 0.0 45
1781190530210 0.0 46
1781190530224 1.0 47
1781190530246 0.0 48
1781190530260 1.0 49
1781190530274 0.0 50
1781190530300 1.0 51
1781190530312 1.0 52
1781190530341 1.0 53
1781190530356 0.0 54
1781190530377 0.0 55
1781190530391 0.0 56
1781190530403 0.0 57
1781190530422 1.0 58
1781190530442 0.0 59
1781190530458 1.0 60
1781190530487 1.0 61
1781190530504 1.0 62
1781190530524 0.0 63
1781190530541 0.0 64
1781190530556 0.0 65
1781190530570 0.0 66
1781190530615 1.0 67
1781190530636 0.0 68
1781190530651 1.0 69
1781190530666 1.0 70
1781190530684 1.0 71
1781190530705 0.0 72
1781190530718 0.0 73
1781190530734 1.0 74
1781190530764 0.0 75
1781190530782 0.0 76
1781190530807 0.0 77
1781190530820 1.0 78
1781190530849 0.0 79
1781190530864 1.0 80
1781190530878 1.0 81
1781190530917 1.0 82
1781190530930 0.0 83
1781190530943 0.0 84
1781190530959 1.0 85
1781190530971 0.0 86
1781190530999 0.0 87
1781190531031 0.0 88
1781190531060 0.0 89
1781190531075 1.0 90
1781190531105 1.0 91
1781190531125 1.0 92
1781190531141 1.0 93
1781190531161 0.0 94
1781190531185 1.0 95
1781190531202 0.0 96
1781190531218 0.0 97
1781190531250 0.0 98
1781190531267 1.0 99
1781190531280 0.0 100
1781190531299 0.0 101
1781190531323 1.0 102
1781190531335 0.0 103
1781190531352 0.0 104
1781190531365 0.0 105
1781190531396 0.0 106
1781190531413 0.0 107
1781190531425 1.0 108
1781190531439 1.0 109
1781190531452 0.0 110
1781190531478 0.0 111
1781190531515 0.0 112
1781190531538 0.0 113
1781190531574 0.0 114
1781190531604 1.0 115
1781190531618 1.0 116
1781190531647 0.0 117
1781190531663 0.0 118
1781190531695 1.0 119
1781190531713 0.0 120
1781190531731 0.0 121
1781190531746 0.0 122
1781190531759 1.0 123
1781190531776 1.0 124
1781190531794 0.0 125
1781190531817 0.0 126
1781190531839 0.0 127
1781190531858 0.0 128
1781190531877 0.0 129
1781190531903 0.0 130
1781190531923 0.0 131
1781190531937 1.0 132
1781190531957 0.0 133
1781190531981 0.0 134
1781190532012 0.0 135
1781190532043 0.0 136
1781190532054 0.0 137
1781190532086 0.0 138
1781190532113 0.0 139
1781190532137 0.0 140
1781190532152 0.0 141
1781190532181 0.0 142
1781190532212 1.0 143
1781190532238 0.0 144
1781190532279 1.0 145
1781190532318 0.0 146
1781190532333 1.0 147
1781190532349 1.0 148
1781190532379 1.0 149
1781190532392 0.0 150
1781190532418 1.0 151
1781190532430 0.0 152
1781190532459 0.0 153
1781190532472 1.0 154
1781190532488 1.0 155
1781190532502 1.0 156
1781190532521 1.0 157
1781190532532 1.0 158
1781190532551 1.0 159
1781190532585 0.0 160
1781190532607 1.0 161
1781190532629 0.0 162
1781190532680 0.0 163
1781190532695 0.0 164
1781190532724 0.0 165
1781190532746 0.0 166
1781190532760 1.0 167
1781190532775 0.0 168
1781190532794 0.0 169
1781190532825 0.0 170
1781190532879 0.0 171
1781190532909 0.0 172
1781190532943 1.0 173
1781190532977 0.0 174
1781190532996 1.0 175
1781190533024 0.0 176
1781190533068 1.0 177
1781190533094 1.0 178
1781190533116 0.0 179
1781190533141 1.0 180
1781190533163 0.0 181
1781190533195 1.0 182
1781190533210 1.0 183
1781190533235 1.0 184
1781190533251 1.0 185
1781190533286 0.0 186
1781190533303 0.0 187
1781190533319 1.0 188
1781190533355 0.0 189
1781190533388 0.0 190
1781190533418 0.0 191
1781190533433 1.0 192
1781190533447 0.0 193
1781190533463 0.0 194
1781190533489 0.0 195
1781190533508 0.0 196
1781190533522 1.0 197
1781190533586 1.0 198
1781190533598 1.0 199
1781190533612 1.0 200
1781190533629 1.0 201
1781190533648 0.0 202
1781190533666 1.0 203
1781190533679 1.0 204
1781190533694 0.0 205
1781190533710 1.0 206
1781190533723 1.0 207
1781190533739 1.0 208
1781190533757 0.0 209
1781190533799 0.0 210
1781190533822 1.0 211
1781190533836 0.0 212
1781190533856 0.0 213
1781190533871 0.0 214
1781190533900 1.0 215
1781190533917 0.0 216
1781190533932 1.0 217
1781190533947 0.0 218
1781190533980 0.0 219
1781190534004 0.0 220
1781190534016 0.0 221
1781190534042 0.0 222
1781190534061 0.0 223
1781190534073 0.0 224
1781190534096 1.0 225
1781190534120 0.0 226
1781190534142 0.0 227
1781190534155 0.0 228
1781190534169 1.0 229
1781190534183 1.0 230
1781190534221 0.0 231
1781190534244 0.0 232
1781190534257 0.0 233
1781190534298 0.0 234
1781190534319 0.0 235
1781190534340 0.0 236
1781190534365 0.0 237
1781190534396 0.0 238
1781190534415 0.0 239
1781190534435 0.0 240
1781190534455 0.0 241
1781190534469 1.0 242
1781190534504 0.0 243
1781190534528 0.0 244
1781190534547 0.0 245
1781190534558 0.0 246
1781190534582 1.0 247
1781190534593 1.0 248
1781190534629 0.0 249
1781190534644 1.0 250
1781190534672 1.0 251
1781190534686 0.0 252
1781190534721 0.0 253
1781190534769 1.0 254
1781190534783 0.0 255
1781190534813 0.0 256
1781190534834 0.0 257
1781190534849 1.0 258
1781190534862 1.0 259
1781190534874 0.0 260
1781190534892 0.0 261
1781190534927 1.0 262
1781190534951 0.0 263
1781190534982 1.0 264
1781190534999 1.0 265
1781190535010 0.0 266
1781190535022 0.0 267
1781190535054 1.0 268
1781190535069 1.0 269
1781190535103 0.0 270
1781190535124 0.0 271
1781190535138 1.0 272
1781190535154 1.0 273
1781190535178 1.0 274
1781190535222 1.0 275
1781190535239 1.0 276
1781190535277 0.0 277
1781190535293 0.0 278
1781190535314 1.0 279
1781190535343 0.0 280
1781190535370 0.0 281
1781190535385 1.0 282
1781190535407 0.0 283
1781190535426 0.0 284
1781190535445 0.0 285
1781190535459 1.0 286
1781190535485 0.0 287
1781190535498 0.0 288
1781190535516 0.0 289
1781190535549 0.0 290
1781190535577 1.0 291
1781190535590 0.0 292
1781190535603 1.0 293
1781190535616 1.0 294
1781190535648 0.0 295
1781190535671 0.0 296
1781190535687 0.0 297
1781190535723 0.0 298
1781190535740 1.0 299
1781190535759 0.0 300
1781190535801 1.0 301
1781190535815 0.0 302
1781190535865 1.0 303
1781190535882 1.0 304
1781190535897 0.0 305
1781190535926 0.0 306
1781190535946 0.0 307
1781190535964 1.0 308
1781190535981 1.0 309
1781190535995 0.0 310
1781190536021 0.0 311
1781190536036 0.0 312
1781190536079 1.0 313
1781190536098 0.0 314
1781190536109 0.0 315
1781190536146 0.0 316
1781190536159 1.0 317
1781190536172 1.0 318
1781190536205 0.0 319
1781190536220 1.0 320
1781190536259 1.0 321
1781190536272 0.0 322
1781190536290 1.0 323
1781190536321 0.0 324
1781190536335 1.0 325
1781190536372 0.0 326
1781190536396 1.0 327
1781190536415 0.0 328
1781190536435 0.0 329
1781190536451 1.0 330
1781190536469 0.0 331
1781190536483 1.0 332
1781190536495 0.0 333
1781190536512 1.0 334
1781190536528 0.0 335
1781190536543 0.0 336
1781190536569 1.0 337
1781190536581 1.0 338
1781190536600 0.0 339
1781190536617 0.0 340
1781190536630 0.0 341
1781190536641 0.0 342
1781190536653 0.0 343
1781190536680 0.0 344
1781190536701 0.0 345
1781190536720 0.0 346
1781190536735 1.0 347
1781190536755 1.0 348
1781190536767 0.0 349
1781190536787 0.0 350
1781190536815 0.0 351
1781190536844 0.0 352
1781190536857 1.0 353
1781190536890 0.0 354
1781190536909 0.0 355
1781190536940 1.0 356
1781190536963 0.0 357
1781190536976 1.0 358
1781190537007 1.0 359
1781190537036 0.0 360
1781190537078 1.0 361
1781190537097 1.0 362
1781190537110 0.0 363
1781190537136 1.0 364
1781190537153 1.0 365
1781190537173 0.0 366
1781190537198 0.0 367
1781190537243 0.0 368
1781190537295 0.0 369
1781190537319 1.0 370
1781190537355 0.0 371
1781190537370 0.0 372
1781190537408 0.0 373
1781190537443 1.0 374
1781190537456 1.0 375
1781190537493 0.0 376
1781190537508 0.0 377
1781190537526 0.0 378
1781190537543 0.0 379
1781190537557 0.0 380
1781190537571 1.0 381
1781190537584 1.0 382
1781190537600 0.0 383
1781190537611 1.0 384
1781190537627 0.0 385
1781190537639 0.0 386
1781190537653 1.0 387
1781190537696 0.0 388
1781190537716 0.0 389
1781190537736 0.0 390
1781190537749 1.0 391
1781190537791 0.0 392
1781190537820 1.0 393
1781190537837 0.0 394
1781190537856 0.0 395
1781190537869 1.0 396
1781190537907 0.0 397
1781190537934 0.0 398
1781190537956 0.0 399
1781190537974 0.0 400
1781190538021 1.0 401
1781190538044 0.0 402
1781190538060 0.0 403
1781190538090 0.0 404
1781190538114 0.0 405
1781190538135 0.0 406
1781190538146 0.0 407
1781190538179 0.0 408
1781190538194 0.0 409
1781190538232 0.0 410
1781190538255 0.0 411
1781190538267 1.0 412
1781190538302 0.0 413
1781190538319 0.0 414
1781190538346 1.0 415
1781190538363 1.0 416
1781190538378 1.0 417
1781190538389 0.0 418
1781190538404 0.0 419
1781190538422 1.0 420
1781190538442 0.0 421
1781190538478 1.0 422
1781190538497 0.0 423
1781190538521 0.0 424
1781190538561 1.0 425
1781190538583 0.0 426
1781190538603 0.0 427
1781190538617 1.0 428
1781190538634 0.0 429
1781190538651 0.0 430
1781190538662 1.0 431
1781190538675 0.0 432
1781190538702 1.0 433
1781190538738 0.0 434
1781190538779 0.0 435
1781190538799 0.0 436
1781190538820 1.0 437
1781190538842 0.0 438
1781190538870 0.0 439
1781190538898 1.0 440
1781190538918 0.0 441
1781190538958 1.0 442
1781190538976 1.0 443
1781190539002 1.0 444
1781190539015 0.0 445
1781190539031 1.0 446
1781190539057 0.0 447
1781190539078 1.0 448
1781190539106 1.0 449
1781190539125 0.0 450
1781190539137 1.0 451
1781190539164 0.0 452
1781190539177 0.0 453
1781190539190 1.0 454
1781190539217 0.0 455
1781190539241 0.0 456
1781190539253 0.0 457
1781190539268 1.0 458
1781190539295 0.0 459
1781190539318 0.0 460
1781190539339 0.0 461
1781190539353 1.0 462
1781190539374 1.0 463
1781190539405 0.0 464
1781190539439 1.0 465
1781190539464 0.0 466
1781190539493 0.0 467
1781190539506 0.0 468
1781190539523 0.0 469
1781190539536 1.0 470
1781190539571 0.0 471
1781190539594 1.0 472
1781190539640 0.0 473
1781190539670 1.0 474
1781190539693 0.0 475
1781190539708 0.0 476
1781190539729 1.0 477
1781190539741 1.0 478
1781190539757 0.0 479
1781190539773 0.0 480
1781190539789 1.0 481
1781190539825 1.0 482
1781190539841 1.0 483
1781190539859 0.0 484
1781190539877 0.0 485
1781190539898 0.0 486
1781190539915 0.0 487
1781190539949 1.0 488
1781190539963 1.0 489
1781190539991 0.0 490
1781190540003 1.0 491
1781190540031 1.0 492
1781190540044 0.0 493
1781190540075 0.0 494
1781190540090 1.0 495
1781190540131 1.0 496
1781190540161 0.0 497
1781190540183 0.0 498
1781190540203 0.0 499
1781190540236 1.0 500
1781190540255 1.0 501
1781190540269 1.0 502
1781190540303 1.0 503
1781190540317 0.0 504
1781190540351 1.0 505
1781190540363 0.0 506
1781190540399 0.0 507
1781190540415 0.0 508
1781190540433 0.0 509
1781190540465 1.0 510
1781190540476 1.0 511
1781190540499 0.0 512
1781190540527 0.0 513
1781190540548 0.0 514
1781190540559 1.0 515
1781190540572 1.0 516
1781190540589 0.0 517
1781190540601 0.0 518
1781190540615 1.0 519
1781190540631 1.0 520
1781190540659 1.0 521
1781190540676 1.0 522
1781190540695 1.0 523
1781190540711 1.0 524
1781190540739 0.0 525
1781190540779 0.0 526
1781190540792 1.0 527
1781190540832 0.0 528
1781190540864 0.0 529
1781190540875 1.0 530
1781190540910 1.0 531
1781190540944 0.0 532
1781190540955 0.0 533
1781190540997 0.0 534
1781190541029 0.0 535
1781190541051 0.0 536
1781190541066 1.0 537
1781190541108 0.0 538
1781190541134 1.0 539
1781190541151 0.0 540
1781190541181 0.0 541
1781190541217 0.0 542
1781190541230 1.0 543
1781190541241 1.0 544
1781190541253 1.0 545
1781190541275 0.0 546
1781190541299 0.0 547
1781190541316 1.0 548
1781190541355 0.0 549
1781190541368 1.0 550
1781190541380 1.0 551
1781190541399 0.0 552
1781190541414 1.0 553
1781190541429 0.0 554
1781190541443 1.0 555
1781190541457 0.0 556
1781190541475 0.0 557
1781190541488 1.0 558
1781190541505 1.0 559
1781190541525 1.0 560
1781190541538 1.0 561
1781190541553 0.0 562
1781190541574 0.0 563
1781190541615 0.0 564
1781190541632 0.0 565
1781190541650 0.0 566
1781190541663 0.0 567
1781190541676 0.0 568
1781190541712 0.0 569
1781190541726 0.0 570
1781190541754 1.0 571
1781190541769 0.0 572
1781190541783 1.0 573
1781190541803 0.0 574
1781190541824 0.0 575
1781190541853 0.0 576
1781190541886 0.0 577
1781190541902 0.0 578
1781190541915 0.0 579
1781190541929 0.0 580
1781190541958 0.0 581
1781190541982 0.0 582
1781190542003 0.0 583
1781190542021 0.0 584
1781190542068 1.0 585
1781190542089 0.0 586
1781190542122 0.0 587
1781190542147 0.0 588
1781190542169 0.0 589
1781190542183 1.0 590
1781190542203 0.0 591
1781190542218 1.0 592
1781190542239 0.0 593
1781190542262 0.0 594
1781190542280 1.0 595
1781190542303 0.0 596
1781190542317 0.0 597
1781190542333 0.0 598
1781190542371 1.0 599
1781190542391 0.0 600
1781190542403 0.0 601
1781190542422 1.0 602
1781190542440 0.0 603
1781190542469 0.0 604
1781190542482 1.0 605
1781190542496 0.0 606
1781190542519 0.0 607
1781190542538 0.0 608
1781190542552 0.0 609
1781190542571 0.0 610
1781190542586 0.0 611
1781190542645 0.0 612
1781190542664 0.0 613
1781190542714 0.0 614
1781190542728 0.0 615
1781190542759 0.0 616
1781190542774 0.0 617
1781190542813 1.0 618
1781190542827 1.0 619
1781190542872 1.0 620
1781190542897 1.0 621
1781190542913 1.0 622
1781190542924 1.0 623
1781190542944 0.0 624
1781190542962 0.0 625
1781190542988 1.0 626
1781190543013 0.0 627
1781190543029 1.0 628
1781190543045 1.0 629
1781190543076 0.0 630
1781190543118 0.0 631
1781190543138 1.0 632
1781190543168 0.0 633
1781190543191 1.0 634
1781190543232 0.0 635
1781190543260 0.0 636
1781190543273 0.0 637
1781190543297 0.0 638
1781190543309 0.0 639
1781190543347 1.0 640
1781190543360 0.0 641
1781190543375 1.0 642
1781190543405 0.0 643
1781190543430 0.0 644
1781190543445 0.0 645
1781190543457 0.0 646
1781190543469 0.0 647
1781190543484 1.0 648
1781190543509 0.0 649
1781190543521 1.0 650
1781190543539 0.0 651
1781190543554 1.0 652
1781190543571 1.0 653
1781190543601 0.0 654
1781190543632 0.0 655
1781190543646 1.0 656
1781190543667 0.0 657
1781190543708 1.0 658
1781190543739 0.0 659
1781190543761 0.0 660
1781190543774 0.0 661
1781190543788 1.0 662
1781190543813 0.0 663
1781190543848 1.0 664
1781190543865 0.0 665
1781190543896 0.0 666
1781190543917 0.0 667
1781190543946 0.0 668
1781190543970 1.0 669
1781190543992 1.0 670
1781190544013 0.0 671
1781190544024 0.0 672
1781190544036 1.0 673
1781190544058 0.0 674
1781190544075 0.0 675
1781190544100 1.0 676
1781190544113 1.0 677
1781190544126 0.0 678
1781190544139 0.0 679
1781190544177 1.0 680
1781190544195 0.0 681
1781190544229 1.0 682
1781190544248 0.0 683
1781190544259 0.0 684
1781190544281 0.0 685
1781190544298 0.0 686
1781190544329 0.0 687
1781190544361 0.0 688
1781190544387 0.0 689
1781190544403 1.0 690
1781190544426 0.0 691
1781190544438 1.0 692
1781190544468 1.0 693
1781190544514 0.0 694
1781190544524 1.0 695
1781190544565 0.0 696
1781190544591 0.0 697
1781190544618 1.0 698
1781190544647 0.0 699
1781190544663 0.0 700
1781190544681 0.0 701
1781190544695 1.0 702
1781190544730 0.0 703
1781190544745 0.0 704
1781190544784 1.0 705
1781190544815 1.0 706
1781190544840 0.0 707
1781190544863 0.0 708
1781190544881 1.0 709
1781190544897 1.0 710
1781190544910 1.0 711
1781190544937 0.0 712
1781190544953 1.0 713
1781190544982 0.0 714
1781190544998 0.0 715
1781190545043 1.0 716
1781190545058 1.0 717
1781190545126 0.0 718
1781190545159 1.0 719
1781190545178 0.0 720
1781190545192 1.0 721
1781190545215 0.0 722
1781190545262 1.0 723
1781190545273 0.0 724
1781190545287 1.0 725
1781190545302 1.0 726
1781190545320 0.0 727
1781190545339 0.0 728
1781190545374 1.0 729
1781190545387 1.0 730
1781190545402 1.0 731
1781190545418 0.0 732
1781190545437 0.0 733
1781190545450 1.0 734
1781190545462 0.0 735
1781190545488 0.0 736
1781190545504 0.0 737
1781190545543 1.0 738
1781190545566 0.0 739
1781190545586 0.0 740
1781190545600 1.0 741
1781190545620 0.0 742
1781190545639 0.0 743
1781190545672 0.0 744
1781190545692 0.0 745
1781190545706 1.0 746
1781190545733 0.0 747
1781190545745 1.0 748
1781190545756 0.0 749
1781190545772 0.0 750
1781190545784 1.0 751
1781190545800 0.0 752
1781190545812 1.0 753
1781190545851 1.0 754
1781190545884 0.0 755
1781190545898 1.0 756
1781190545916 0.0 757
1781190545934 0.0 758
1781190545970 1.0 759
1781190545986 0.0 760
1781190545999 0.0 761
1781190546010 1.0 762
1781190546037 1.0 763
1781190546067 1.0 764
1781190546091 1.0 765
1781190546105 1.0 766
1781190546119 1.0 767
1781190546141 0.0 768
1781190546157 0.0 769
1781190546180 0.0 770
1781190546200 0.0 771
1781190546221 0.0 772
1781190546249 0.0 773
1781190546281 1.0 774
1781190546303 0.0 775
1781190546315 1.0 776
1781190546330 0.0 777
1781190546356 0.0 778
1781190546371 1.0 779
1781190546388 0.0 780
1781190546417 0.0 781
1781190546435 0.0 782
1781190546454 0.0 783
1781190546477 0.0 784
1781190546489 0.0 785
1781190546505 0.0 786
1781190546525 1.0 787
1781190546551 0.0 788
1781190546567 0.0 789
1781190546582 0.0 790
1781190546596 0.0 791
1781190546609 0.0 792
1781190546625 0.0 793
1781190546648 0.0 794
1781190546659 1.0 795
1781190546681 0.0 796
1781190546693 1.0 797
1781190546707 0.0 798
1781190546728 0.0 799
1781190546747 0.0 800
1781190546767 1.0 801
1781190546783 1.0 802
1781190546814 0.0 803
1781190546834 0.0 804
1781190546851 1.0 805
1781190546865 0.0 806
1781190546876 1.0 807
1781190546892 0.0 808
1781190546926 0.0 809
1781190546975 1.0 810
1781190547004 0.0 811
1781190547040 0.0 812
1781190547071 0.0 813
1781190547090 0.0 814
1781190547113 0.0 815
1781190547142 0.0 816
1781190547170 0.0 817
1781190547182 0.0 818
1781190547203 0.0 819
1781190547218 0.0 820
1781190547254 1.0 821
1781190547270 0.0 822
1781190547329 0.0 823
1781190547349 1.0 824
1781190547359 1.0 825
1781190547371 1.0 826
1781190547386 1.0 827
1781190547406 0.0 828
1781190547450 0.0 829
1781190547477 0.0 830
1781190547493 0.0 831
1781190547506 0.0 832
1781190547522 0.0 833
1781190547555 0.0 834
1781190547613 0.0 835
1781190547623 1.0 836
1781190547637 1.0 837
1781190547658 0.0 838
1781190547678 1.0 839
1781190547694 0.0 840
1781190547716 0.0 841
1781190547729 0.0 842
1781190547740 1.0 843
1781190547788 1.0 844
1781190547815 0.0 845
1781190547828 0.0 846
1781190547842 1.0 847
1781190547862 0.0 848
1781190547900 0.0 849
1781190547929 0.0 850
1781190547947 0.0 851
1781190547974 0.0 852
1781190547994 0.0 853
1781190548031 1.0 854
1781190548047 1.0 855
1781190548090 1.0 856
1781190548108 0.0 857
1781190548146 0.0 858
1781190548178 1.0 859
1781190548189 0.0 860
1781190548203 0.0 861
1781190548215 0.0 862
1781190548257 1.0 863
1781190548270 1.0 864
1781190548288 1.0 865
1781190548317 0.0 866
1781190548331 0.0 867
1781190548344 1.0 868
1781190548358 1.0 869
1781190548370 1.0 870
1781190548399 0.0 871
1781190548423 0.0 872
1781190548442 1.0 873
1781190548479 1.0 874
1781190548501 0.0 875
1781190548519 0.0 876
1781190548548 0.0 877
1781190548562 1.0 878
1781190548590 0.0 879
1781190548604 1.0 880
1781190548620 1.0 881
1781190548654 0.0 882
1781190548669 0.0 883
1781190548685 0.0 884
1781190548706 0.0 885
1781190548744 0.0 886
1781190548760 0.0 887
1781190548772 1.0 888
1781190548786 0.0 889
1781190548814 0.0 890
1781190548831 1.0 891
1781190548848 1.0 892
1781190548879 0.0 893
1781190548893 0.0 894
1781190548917 0.0 895
1781190548945 1.0 896
1781190548967 0.0 897
1781190549049 1.0 898
1781190549064 1.0 899
1781190549085 0.0 900
1781190549107 0.0 901
1781190549131 1.0 902
1781190549142 1.0 903
1781190549156 0.0 904
1781190549177 1.0 905
1781190549193 0.0 906
1781190549206 0.0 907
1781190549221 1.0 908
1781190549237 1.0 909
1781190549276 0.0 910
1781190549292 1.0 911
1781190549303 0.0 912
1781190549327 1.0 913
1781190549342 0.0 914
1781190549362 0.0 915
1781190549392 0.0 916
1781190549410 0.0 917
1781190549424 0.0 918
1781190549436 0.0 919
1781190549450 1.0 920
1781190549470 1.0 921
1781190549491 1.0 922
1781190549513 1.0 923
1781190549535 0.0 924
1781190549560 0.0 925
1781190549574 0.0 926
1781190549587 1.0 927
1781190549606 0.0 928
1781190549625 1.0 929
1781190549637 1.0 930
1781190549652 0.0 931
1781190549667 1.0 932
1781190549681 0.0 933
1781190549705 0.0 934
1781190549730 0.0 935
1781190549743 0.0 936
1781190549757 0.0 937
1781190549800 0.0 938
1781190549815 1.0 939
1781190549828 1.0 940
1781190549845 0.0 941
1781190549878 0.0 942
1781190549925 0.0 943
1781190549937 1.0 944
1781190549963 0.0 945
1781190549977 1.0 946
1781190549996 1.0 947
1781190550011 0.0 948
1781190550040 0.0 949
1781190550056 0.0 950
1781190550079 0.0 951
1781190550115 0.0 952
1781190550167 0.0 953
1781190550185 1.0 954
1781190550218 0.0 955
1781190550245 0.0 956
1781190550263 1.0 957
1781190550281 0.0 958
1781190550305 0.0 959
1781190550321 0.0 960
1781190550342 1.0 961
1781190550360 0.0 962
1781190550380 1.0 963
1781190550394 1.0 964
1781190550406 0.0 965
1781190550426 0.0 966
1781190550468 1.0 967
1781190550484 1.0 968
1781190550521 0.0 969
1781190550533 0.0 970
1781190550545 0.0 971
1781190550559 1.0 972
1781190550606 0.0 973
1781190550631 0.0 974
1781190550642 1.0 975
1781190550665 0.0 976
1781190550692 0.0 977
1781190550710 0.0 978
1781190550725 1.0 979
1781190550746 0.0 980
1781190550767 0.0 981
1781190550778 0.0 982
1781190550807 0.0 983
1781190550837 0.0 984
1781190550867 0.0 985
1781190550885 0.0 986
1781190550908 0.0 987
1781190550934 1.0 988
1781190550957 0.0 989
1781190551011 0.0 990
1781190551035 1.0 991
1781190551069 1.0 992
1781190551103 1.0 993
1781190551116 1.0 994
1781190551133 0.0 995
1781190551152 0.0 996
1781190551166 1.0 997
1781190551196 1.0 998
1781190551209 1.0 999
1781190551236 1.0 1000
1781190551251 0.0 1001
1781190551264 0.0 1002
1781190551277 0.0 1003
1781190551291 1.0 1004
1781190551324 0.0 1005
1781190551340 0.0 1006
1781190551354 1.0 1007
1781190551390 0.0 1008
1781190551408 0.0 1009
1781190551422 0.0 1010
1781190551457 0.0 1011
1781190551470 0.0 1012
1781190551488 0.0 1013
1781190551504 1.0 1014
1781190551521 1.0 1015
1781190551537 0.0 1016
1781190551550 0.0 1017
1781190551566 0.0 1018
1781190551612 0.0 1019
1781190551625 1.0 1020
1781190551641 0.0 1021
1781190551658 1.0 1022
1781190551688 1.0 1023
1781190551703 1.0 1024
1781190551725 0.0 1025
1781190551761 0.0 1026
1781190551774 1.0 1027
1781190551792 1.0 1028
1781190551819 0.0 1029
1781190551838 1.0 1030
1781190551856 0.0 1031
1781190551884 0.0 1032
1781190551898 0.0 1033
1781190551927 1.0 1034
1781190551948 0.0 1035
1781190551998 0.0 1036
1781190552025 1.0 1037
1781190552044 0.0 1038
1781190552064 1.0 1039
1781190552085 0.0 1040
1781190552103 1.0 1041
1781190552127 0.0 1042
1781190552164 1.0 1043
1781190552197 0.0 1044
1781190552220 0.0 1045
1781190552236 0.0 1046
1781190552269 0.0 1047
1781190552297 0.0 1048
1781190552329 0.0 1049
1781190552376 0.0 1050
1781190552410 0.0 1051
1781190552424 1.0 1052
1781190552441 1.0 1053
1781190552456 1.0 1054
1781190552471 1.0 1055
1781190552497 1.0 1056
1781190552512 1.0 1057
1781190552529 0.0 1058
1781190552562 0.0 1059
1781190552584 0.0 1060
1781190552601 1.0 1061
1781190552615 1.0 1062
1781190552628 0.0 1063
1781190552658 0.0 1064
1781190552672 1.0 1065
1781190552692 0.0 1066
1781190552705 1.0 1067
1781190552723 1.0 1068
1781190552748 0.0 1069
1781190552764 1.0 1070
1781190552776 0.0 1071
1781190552825 1.0 1072
1781190552838 0.0 1073
1781190552858 0.0 1074
1781190552886 0.0 1075
1781190552957 1.0 1076
1781190552976 1.0 1077
1781190552988 1.0 1078
1781190553007 1.0 1079
1781190553050 0.0 1080
1781190553087 0.0 1081
1781190553126 1.0 1082
1781190553140 1.0 1083
1781190553157 1.0 1084
1781190553183 0.0 1085
1781190553210 0.0 1086
1781190553250 0.0 1087
1781190553266 0.0 1088
1781190553281 1.0 1089
1781190553299 0.0 1090
1781190553315 1.0 1091
1781190553339 0.0 1092
1781190553375 0.0 1093
1781190553391 1.0 1094
1781190553405 1.0 1095
1781190553425 0.0 1096
1781190553437 0.0 1097
1781190553450 0.0 1098
1781190553470 0.0 1099
1781190553488 1.0 1100
1781190553508 0.0 1101
1781190553523 0.0 1102
1781190553545 0.0 1103
1781190553581 0.0 1104
1781190553604 0.0 1105
1781190553627 0.0 1106
1781190553657 0.0 1107
1781190553669 1.0 1108
1781190553687 1.0 1109
1781190553701 1.0 1110
1781190553717 0.0 1111
1781190553750 1.0 1112
1781190553769 0.0 1113
1781190553782 1.0 1114
1781190553801 0.0 1115
1781190553825 1.0 1116
1781190553840 0.0 1117
1781190553865 0.0 1118
1781190553891 0.0 1119
1781190553923 0.0 1120
1781190553954 0.0 1121
1781190553978 0.0 1122
1781190554014 0.0 1123
1781190554036 0.0 1124
1781190554049 1.0 1125
1781190554061 1.0 1126
1781190554075 1.0 1127
1781190554092 1.0 1128
1781190554127 0.0 1129
1781190554143 0.0 1130
1781190554167 0.0 1131
1781190554197 1.0 1132
1781190554209 1.0 1133
1781190554226 1.0 1134
1781190554265 0.0 1135
1781190554281 0.0 1136
1781190554300 0.0 1137
1781190554314 1.0 1138
1781190554346 0.0 1139
1781190554360 1.0 1140
1781190554377 0.0 1141
1781190554423 0.0 1142
1781190554445 0.0 1143
1781190554466 0.0 1144
1781190554484 0.0 1145
1781190554538 0.0 1146
1781190554561 0.0 1147
1781190554574 0.0 1148
1781190554602 0.0 1149
1781190554633 0.0 1150
1781190554671 1.0 1151
1781190554685 1.0 1152
1781190554699 1.0 1153
1781190554731 1.0 1154
1781190554755 0.0 1155
1781190554778 0.0 1156
1781190554817 0.0 1157
1781190554833 0.0 1158
1781190554864 0.0 1159
1781190554885 0.0 1160
1781190554922 1.0 1161
1781190554948 0.0 1162
1781190554973 0.0 1163
1781190555002 0.0 1164
1781190555022 0.0 1165
1781190555035 0.0 1166
1781190555073 1.0 1167
1781190555088 0.0 1168
1781190555120 0.0 1169
1781190555141 0.0 1170
1781190555155 0.0 1171
1781190555183 0.0 1172
1781190555197 0.0 1173
1781190555223 1.0 1174
1781190555235 1.0 1175
1781190555252 0.0 1176
1781190555268 0.0 1177
1781190555283 1.0 1178
1781190555305 0.0 1179
1781190555320 0.0 1180
1781190555340 0.0 1181
1781190555385 0.0 1182
1781190555397 1.0 1183
1781190555427 0.0 1184
1781190555443 0.0 1185
1781190555462 0.0 1186
1781190555476 0.0 1187
1781190555489 1.0 1188
1781190555504 0.0 1189
1781190555519 0.0 1190
1781190555535 1.0 1191
1781190555568 1.0 1192
1781190555585 0.0 1193
1781190555604 0.0 1194
1781190555622 0.0 1195
1781190555651 1.0 1196
1781190555672 0.0 1197
1781190555699 0.0 1198
1781190555712 1.0 1199
1781190555728 1.0 1200
1781190555741 1.0 1201
1781190555761 0.0 1202
1781190555782 0.0 1203
1781190555803 0.0 1204
1781190555827 0.0 1205
1781190555860 0.0 1206
1781190555900 0.0 1207
1781190555915 0.0 1208
1781190555936 1.0 1209
1781190555947 1.0 1210
1781190555971 0.0 1211
1781190555984 1.0 1212
1781190556007 0.0 1213
1781190556020 1.0 1214
1781190556041 0.0 1215
1781190556068 0.0 1216
1781190556101 1.0 1217
1781190556130 0.0 1218
1781190556147 0.0 1219
1781190556171 0.0 1220
1781190556185 0.0 1221
1781190556198 0.0 1222
1781190556220 0.0 1223
1781190556259 0.0 1224
1781190556277 0.0 1225
1781190556301 1.0 1226
1781190556343 0.0 1227
1781190556378 1.0 1228
1781190556395 0.0 1229
1781190556424 0.0 1230
1781190556441 0.0 1231
1781190556457 0.0 1232
1781190556492 0.0 1233
1781190556510 1.0 1234
1781190556523 1.0 1235
1781190556562 0.0 1236
1781190556579 0.0 1237
1781190556614 0.0 1238
1781190556627 0.0 1239
1781190556662 0.0 1240
1781190556684 0.0 1241
1781190556699 1.0 1242
1781190556710 1.0 1243
1781190556750 0.0 1244
1781190556783 1.0 1245
1781190556799 1.0 1246
1781190556815 0.0 1247
1781190556843 1.0 1248
1781190556858 0.0 1249
1781190556881 1.0 1250
1781190556897 1.0 1251
1781190556918 1.0 1252
1781190556943 1.0 1253
1781190556988 0.0 1254
1781190557005 1.0 1255
1781190557035 1.0 1256
1781190557049 0.0 1257
1781190557073 0.0 1258
1781190557116 0.0 1259
1781190557127 0.0 1260
1781190557149 0.0 1261
1781190557170 0.0 1262
1781190557186 0.0 1263
1781190557204 0.0 1264
1781190557217 0.0 1265
1781190557239 0.0 1266
1781190557251 0.0 1267
1781190557272 0.0 1268
1781190557288 1.0 1269
1781190557308 0.0 1270
1781190557337 1.0 1271
1781190557375 0.0 1272
1781190557391 1.0 1273
1781190557408 0.0 1274
1781190557420 1.0 1275
1781190557435 0.0 1276
1781190557470 0.0 1277
1781190557489 1.0 1278
1781190557521 0.0 1279
1781190557549 0.0 1280
1781190557570 0.0 1281
1781190557601 0.0 1282
1781190557624 0.0 1283
1781190557641 0.0 1284
1781190557655 1.0 1285
1781190557687 0.0 1286
1781190557709 0.0 1287
1781190557736 0.0 1288
1781190557760 0.0 1289
1781190557780 0.0 1290
1781190557808 0.0 1291
1781190557823 0.0 1292
1781190557845 1.0 1293
1781190557861 1.0 1294
1781190557886 0.0 1295
1781190557905 1.0 1296
1781190557917 0.0 1297
1781190557931 0.0 1298
1781190557947 0.0 1299
1781190557976 0.0 1300
1781190558000 0.0 1301
1781190558020 0.0 1302
1781190558036 1.0 1303
1781190558050 1.0 1304
1781190558081 1.0 1305
1781190558092 1.0 1306
1781190558135 0.0 1307
1781190558175 0.0 1308
1781190558190 0.0 1309
1781190558221 0.0 1310
1781190558235 0.0 1311
1781190558246 1.0 1312
1781190558265 1.0 1313
1781190558284 0.0 1314
1781190558301 1.0 1315
1781190558326 0.0 1316
1781190558345 0.0 1317
1781190558364 1.0 1318
1781190558376 0.0 1319
1781190558436 0.0 1320
1781190558485 0.0 1321
1781190558514 1.0 1322
1781190558528 1.0 1323
1781190558543 0.0 1324
1781190558561 1.0 1325
1781190558583 0.0 1326
1781190558600 1.0 1327
1781190558622 1.0 1328
1781190558638 1.0 1329
1781190558667 0.0 1330
1781190558689 0.0 1331
1781190558716 0.0 1332
1781190558732 1.0 1333
1781190558752 1.0 1334
1781190558789 0.0 1335
1781190558810 0.0 1336
1781190558821 0.0 1337
1781190558838 0.0 1338
1781190558853 1.0 1339
1781190558871 0.0 1340
1781190558887 0.0 1341
1781190558901 0.0 1342
1781190558916 1.0 1343
1781190558938 0.0 1344
1781190558957 0.0 1345
1781190558972 1.0 1346
1781190559011 0.0 1347
1781190559028 1.0 1348
1781190559049 0.0 1349
1781190559065 0.0 1350
1781190559088 1.0 1351
1781190559102 1.0 1352
1781190559117 1.0 1353
1781190559134 1.0 1354
1781190559157 0.0 1355
1781190559168 1.0 1356
1781190559190 0.0 1357
1781190559215 0.0 1358
1781190559231 1.0 1359
1781190559255 0.0 1360
1781190559278 1.0 1361
1781190559291 1.0 1362
1781190559326 0.0 1363
1781190559341 1.0 1364
1781190559364 0.0 1365
1781190559395 1.0 1366
1781190559413 0.0 1367
1781190559425 0.0 1368
1781190559443 0.0 1369
1781190559455 0.0 1370
1781190559468 1.0 1371
1781190559493 0.0 1372
1781190559515 0.0 1373
1781190559554 0.0 1374
1781190559567 1.0 1375
1781190559583 1.0 1376
1781190559601 0.0 1377
1781190559633 1.0 1378
1781190559649 1.0 1379
1781190559668 0.0 1380
1781190559683 1.0 1381
1781190559699 0.0 1382
1781190559710 1.0 1383
1781190559728 1.0 1384
1781190559745 0.0 1385
1781190559774 0.0 1386
1781190559802 0.0 1387
1781190559846 1.0 1388
1781190559872 0.0 1389
1781190559888 0.0 1390
1781190559911 0.0 1391
1781190559924 1.0 1392
1781190559937 1.0 1393
1781190559953 1.0 1394
1781190559969 1.0 1395
1781190559986 1.0 1396
1781190560001 0.0 1397
1781190560020 0.0 1398
1781190560033 1.0 1399
1781190560069 0.0 1400
1781190560093 0.0 1401
1781190560107 0.0 1402
1781190560129 0.0 1403
1781190560143 0.0 1404
1781190560167 0.0 1405
1781190560184 1.0 1406
1781190560218 0.0 1407
1781190560239 0.0 1408
1781190560256 0.0 1409
1781190560276 0.0 1410
1781190560300 0.0 1411
1781190560320 0.0 1412
1781190560348 1.0 1413
1781190560361 0.0 1414
1781190560383 0.0 1415
1781190560400 1.0 1416
1781190560421 0.0 1417
1781190560434 1.0 1418
1781190560469 0.0 1419
1781190560498 0.0 1420
1781190560521 0.0 1421
1781190560533 0.0 1422
1781190560544 0.0 1423
1781190560581 0.0 1424
1781190560602 1.0 1425
1781190560621 0.0 1426
1781190560634 0.0 1427
1781190560652 0.0 1428
1781190560682 0.0 1429
1781190560727 0.0 1430
1781190560740 0.0 1431
1781190560754 1.0 1432
1781190560803 0.0 1433
1781190560820 0.0 1434
1781190560857 1.0 1435
1781190560873 0.0 1436
1781190560888 1.0 1437
1781190560910 0.0 1438
1781190560923 1.0 1439
1781190560943 0.0 1440
1781190560957 0.0 1441
1781190560990 1.0 1442
1781190561035 0.0 1443
1781190561087 0.0 1444
1781190561103 1.0 1445
1781190561126 0.0 1446
1781190561139 1.0 1447
1781190561152 0.0 1448
1781190561177 0.0 1449
1781190561190 0.0 1450
1781190561218 1.0 1451
1781190561251 0.0 1452
1781190561264 0.0 1453
1781190561280 1.0 1454
1781190561292 0.0 1455
1781190561330 1.0 1456
1781190561372 1.0 1457
1781190561391 0.0 1458
1781190561404 1.0 1459
1781190561420 1.0 1460
1781190561442 0.0 1461
1781190561461 0.0 1462
1781190561474 1.0 1463
1781190561490 0.0 1464
1781190561515 0.0 1465
1781190561534 0.0 1466
1781190561549 0.0 1467
1781190561581 1.0 1468
1781190561621 1.0 1469
1781190561649 0.0 1470
1781190561664 1.0 1471
1781190561680 1.0 1472
1781190561703 0.0 1473
1781190561723 1.0 1474
1781190561744 0.0 1475
1781190561766 0.0 1476
1781190561818 1.0 1477
1781190561841 0.0 1478
1781190561854 1.0 1479
1781190561868 1.0 1480
1781190561900 0.0 1481
1781190561923 1.0 1482
1781190561935 1.0 1483
1781190561950 0.0 1484
1781190561971 1.0 1485
1781190561986 0.0 1486
1781190562031 1.0 1487
1781190562056 0.0 1488
1781190562080 0.0 1489
1781190562096 0.0 1490
1781190562113 1.0 1491
1781190562146 0.0 1492
1781190562189 1.0 1493
1781190562205 0.0 1494
1781190562224 1.0 1495
1781190562248 0.0 1496
1781190562262 1.0 1497
1781190562274 0.0 1498
1781190562306 1.0 1499
1781190562318 1.0 1500
1781190562340 0.0 1501
1781190562372 1.0 1502
1781190562384 1.0 1503
1781190562397 0.0 1504
1781190562426 0.0 1505
1781190562464 0.0 1506
1781190562484 0.0 1507
1781190562501 0.0 1508
1781190562518 0.0 1509
1781190562542 0.0 1510
1781190562562 0.0 1511
1781190562611 0.0 1512
1781190562636 0.0 1513
1781190562675 0.0 1514
1781190562691 0.0 1515
1781190562720 1.0 1516
1781190562735 0.0 1517
1781190562755 0.0 1518
1781190562770 1.0 1519
1781190562794 0.0 1520
1781190562817 0.0 1521
1781190562837 1.0 1522
1781190562856 0.0 1523
1781190562873 0.0 1524
1781190562909 0.0 1525
1781190562945 1.0 1526
1781190562958 1.0 1527
1781190562977 0.0 1528
1781190562995 1.0 1529
1781190563023 0.0 1530
1781190563040 1.0 1531
1781190563070 1.0 1532
1781190563083 0.0 1533
1781190563119 0.0 1534
1781190563138 1.0 1535
1781190563165 0.0 1536
1781190563180 0.0 1537
1781190563207 0.0 1538
1781190563223 0.0 1539
1781190563263 0.0 1540
1781190563276 1.0 1541
1781190563290 0.0 1542
1781190563313 0.0 1543
1781190563331 1.0 1544
1781190563355 1.0 1545
1781190563383 0.0 1546
1781190563399 1.0 1547
1781190563415 0.0 1548
1781190563435 0.0 1549
1781190563485 0.0 1550
1781190563516 1.0 1551
1781190563539 0.0 1552
1781190563551 0.0 1553
1781190563566 1.0 1554
1781190563589 0.0 1555
1781190563611 0.0 1556
1781190563633 1.0 1557
1781190563645 1.0 1558
1781190563657 0.0 1559
1781190563670 1.0 1560
1781190563685 0.0 1561
1781190563741 1.0 1562
1781190563770 1.0 1563
1781190563800 1.0 1564
1781190563821 0.0 1565
1781190563840 1.0 1566
1781190563869 0.0 1567
1781190563904 1.0 1568
1781190563917 1.0 1569
1781190563933 1.0 1570
1781190563971 1.0 1571
1781190564013 0.0 1572
1781190564036 0.0 1573
1781190564071 0.0 1574
1781190564090 0.0 1575
1781190564107 0.0 1576
1781190564128 0.0 1577
1781190564153 0.0 1578
1781190564176 0.0 1579
1781190564196 0.0 1580
1781190564217 0.0 1581
1781190564237 1.0 1582
1781190564269 1.0 1583
1781190564286 0.0 1584
1781190564308 1.0 1585
1781190564323 1.0 1586
1781190564347 0.0 1587
1781190564370 0.0 1588
1781190564390 0.0 1589
1781190564428 1.0 1590
1781190564442 1.0 1591
1781190564454 0.0 1592
1781190564473 0.0 1593
1781190564499 0.0 1594
1781190564513 1.0 1595
1781190564526 0.0 1596
1781190564540 1.0 1597
1781190564561 0.0 1598
1781190564589 0.0 1599
1781190564611 1.0 1600
1781190564625 1.0 1601
1781190564640 1.0 1602
1781190564654 0.0 1603
1781190564677 0.0 1604
1781190564691 0.0 1605
1781190564738 0.0 1606
1781190564753 1.0 1607
1781190564770 0.0 1608
1781190564784 1.0 1609
1781190564808 0.0 1610
1781190564822 1.0 1611
1781190564844 0.0 1612
1781190564871 1.0 1613
1781190564896 0.0 1614
1781190564919 0.0 1615
1781190564968 1.0 1616
1781190564992 0.0 1617
1781190565008 0.0 1618
1781190565023 1.0 1619
1781190565041 1.0 1620
1781190565054 0.0 1621
1781190565078 0.0 1622
1781190565108 0.0 1623
1781190565121 0.0 1624
1781190565142 0.0 1625
1781190565155 0.0 1626
1781190565172 1.0 1627
1781190565188 1.0 1628
1781190565240 1.0 1629
1781190565256 1.0 1630
1781190565271 1.0 1631
1781190565284 1.0 1632
1781190565312 1.0 1633
1781190565333 0.0 1634
1781190565344 1.0 1635
1781190565377 1.0 1636
1781190565391 1.0 1637
1781190565411 0.0 1638
1781190565437 0.0 1639
1781190565452 0.0 1640
1781190565495 1.0 1641
1781190565518 0.0 1642
1781190565535 1.0 1643
1781190565551 1.0 1644
1781190565578 1.0 1645
1781190565592 0.0 1646
1781190565606 1.0 1647
1781190565627 0.0 1648
1781190565651 1.0 1649
1781190565663 0.0 1650
1781190565700 1.0 1651
1781190565734 0.0 1652
1781190565774 0.0 1653
1781190565797 0.0 1654
1781190565830 0.0 1655
1781190565843 0.0 1656
1781190565861 1.0 1657
1781190565876 1.0 1658
1781190565892 1.0 1659
1781190565912 0.0 1660
1781190565930 0.0 1661
1781190565960 0.0 1662
1781190565999 0.0 1663
1781190566013 1.0 1664
1781190566037 1.0 1665
1781190566049 1.0 1666
1781190566086 0.0 1667
1781190566101 1.0 1668
1781190566113 0.0 1669
1781190566129 0.0 1670
1781190566151 1.0 1671
1781190566194 1.0 1672
1781190566231 0.0 1673
1781190566243 0.0 1674
1781190566261 1.0 1675
1781190566285 0.0 1676
1781190566317 0.0 1677
1781190566361 1.0 1678
1781190566374 0.0 1679
1781190566388 0.0 1680
1781190566406 0.0 1681
1781190566448 0.0 1682
1781190566482 0.0 1683
1781190566500 1.0 1684
1781190566520 1.0 1685
1781190566539 0.0 1686
1781190566552 0.0 1687
1781190566578 0.0 1688
1781190566597 0.0 1689
1781190566622 1.0 1690
1781190566636 1.0 1691
1781190566661 0.0 1692
1781190566699 0.0 1693
1781190566718 0.0 1694
1781190566743 1.0 1695
1781190566755 1.0 1696
1781190566776 0.0 1697
1781190566791 1.0 1698
1781190566840 1.0 1699
1781190566861 0.0 1700
1781190566880 0.0 1701
1781190566896 1.0 1702
1781190566908 1.0 1703
1781190566922 0.0 1704
1781190566935 0.0 1705
1781190566956 0.0 1706
1781190566987 0.0 1707
1781190567004 1.0 1708
1781190567023 1.0 1709
1781190567037 0.0 1710
1781190567051 1.0 1711
1781190567071 0.0 1712
1781190567085 1.0 1713
1781190567103 1.0 1714
1781190567121 0.0 1715
1781190567136 1.0 1716
1781190567157 1.0 1717
1781190567186 1.0 1718
1781190567216 0.0 1719
1781190567233 0.0 1720
1781190567248 1.0 1721
1781190567276 0.0 1722
1781190567289 1.0 1723
1781190567305 0.0 1724
1781190567322 0.0 1725
1781190567340 0.0 1726
1781190567355 1.0 1727
1781190567396 0.0 1728
1781190567429 0.0 1729
1781190567452 0.0 1730
1781190567466 0.0 1731
1781190567509 0.0 1732
1781190567524 1.0 1733
1781190567539 0.0 1734
1781190567554 1.0 1735
1781190567567 0.0 1736
1781190567583 0.0 1737
1781190567596 1.0 1738
1781190567620 0.0 1739
1781190567633 1.0 1740
1781190567653 0.0 1741
1781190567676 0.0 1742
1781190567704 0.0 1743
1781190567718 1.0 1744
1781190567734 0.0 1745
1781190567750 1.0 1746
1781190567772 0.0 1747
1781190567785 1.0 1748
1781190567804 1.0 1749
1781190567825 0.0 1750
1781190567839 1.0 1751
1781190567860 0.0 1752
1781190567875 1.0 1753
1781190567896 0.0 1754
1781190567907 1.0 1755
1781190567934 0.0 1756
1781190567956 0.0 1757
1781190568004 1.0 1758
1781190568018 0.0 1759
1781190568034 1.0 1760
1781190568053 0.0 1761
1781190568080 0.0 1762
1781190568101 0.0 1763
1781190568118 1.0 1764
1781190568130 1.0 1765
1781190568141 1.0 1766
1781190568155 0.0 1767
1781190568172 1.0 1768
1781190568187 1.0 1769
1781190568203 0.0 1770
1781190568216 0.0 1771
1781190568233 1.0 1772
1781190568257 0.0 1773
1781190568281 0.0 1774
1781190568317 1.0 1775
1781190568339 1.0 1776
1781190568365 0.0 1777
1781190568378 1.0 1778
1781190568413 1.0 1779
1781190568437 0.0 1780
1781190568495 1.0 1781
1781190568531 1.0 1782
1781190568546 0.0 1783
1781190568557 1.0 1784
1781190568583 0.0 1785
1781190568620 1.0 1786
1781190568646 0.0 1787
1781190568680 0.0 1788
1781190568693 1.0 1789
1781190568711 1.0 1790
1781190568724 1.0 1791
1781190568742 1.0 1792
1781190568758 1.0 1793
1781190568773 1.0 1794
1781190568801 0.0 1795
1781190568830 0.0 1796
1781190568847 1.0 1797
1781190568860 0.0 1798
1781190568900 0.0 1799
1781190568931 0.0 1800
1781190568944 1.0 1801
1781190568963 0.0 1802
1781190568985 0.0 1803
1781190569008 1.0 1804
1781190569042 0.0 1805
1781190569054 1.0 1806
1781190569068 0.0 1807
1781190569100 0.0 1808
1781190569113 0.0 1809
1781190569177 1.0 1810
1781190569190 0.0 1811
1781190569212 0.0 1812
1781190569232 0.0 1813
1781190569246 1.0 1814
1781190569274 0.0 1815
1781190569294 0.0 1816
1781190569322 0.0 1817
1781190569340 0.0 1818
1781190569353 1.0 1819
1781190569367 1.0 1820
1781190569391 0.0 1821
1781190569403 1.0 1822
1781190569441 0.0 1823
1781190569457 0.0 1824
1781190569486 0.0 1825
1781190569506 0.0 1826
1781190569519 0.0 1827
1781190569532 1.0 1828
1781190569546 1.0 1829
1781190569565 1.0 1830
1781190569588 0.0 1831
1781190569601 1.0 1832
1781190569640 0.0 1833
1781190569677 0.0 1834
1781190569702 1.0 1835
1781190569729 0.0 1836
1781190569745 0.0 1837
1781190569757 1.0 1838
1781190569781 1.0 1839
1781190569798 1.0 1840
1781190569834 1.0 1841
1781190569861 0.0 1842
1781190569875 0.0 1843
1781190569900 0.0 1844
1781190569915 0.0 1845
1781190569959 0.0 1846
1781190569976 0.0 1847
1781190570003 0.0 1848
1781190570022 0.0 1849
1781190570042 0.0 1850
1781190570059 0.0 1851
1781190570071 1.0 1852
1781190570092 1.0 1853
1781190570122 0.0 1854
1781190570141 0.0 1855
1781190570157 1.0 1856
1781190570170 1.0 1857
1781190570182 0.0 1858
1781190570210 0.0 1859
1781190570225 1.0 1860
1781190570242 1.0 1861
1781190570259 0.0 1862
1781190570276 0.0 1863
1781190570330 1.0 1864
1781190570347 1.0 1865
1781190570370 0.0 1866
1781190570387 0.0 1867
1781190570401 0.0 1868
1781190570441 0.0 1869
1781190570477 0.0 1870
1781190570500 0.0 1871
1781190570521 0.0 1872
1781190570560 1.0 1873
1781190570573 0.0 1874
1781190570594 0.0 1875
1781190570615 1.0 1876
1781190570634 0.0 1877
1781190570653 0.0 1878
1781190570671 0.0 1879
1781190570734 0.0 1880
1781190570749 0.0 1881
1781190570763 1.0 1882
1781190570776 0.0 1883
1781190570792 0.0 1884
1781190570817 0.0 1885
1781190570829 1.0 1886
1781190570853 0.0 1887
1781190570881 0.0 1888
1781190570929 1.0 1889
1781190570980 0.0 1890
1781190570996 0.0 1891
1781190571011 1.0 1892
1781190571027 0.0 1893
1781190571040 1.0 1894
1781190571053 1.0 1895
1781190571069 0.0 1896
1781190571089 0.0 1897
1781190571112 0.0 1898
1781190571148 0.0 1899
1781190571161 1.0 1900
1781190571178 1.0 1901
1781190571197 0.0 1902
1781190571221 0.0 1903
1781190571250 0.0 1904
1781190571280 1.0 1905
1781190571315 0.0 1906
1781190571336 0.0 1907
1781190571349 1.0 1908
1781190571389 1.0 1909
1781190571404 0.0 1910
1781190571428 0.0 1911
1781190571455 0.0 1912
1781190571473 1.0 1913
1781190571489 1.0 1914
1781190571501 1.0 1915
1781190571514 0.0 1916
1781190571529 1.0 1917
1781190571567 1.0 1918
1781190571582 0.0 1919
1781190571602 0.0 1920
1781190571615 1.0 1921
1781190571631 1.0 1922
1781190571645 1.0 1923
1781190571656 1.0 1924
1781190571672 0.0 1925
1781190571692 0.0 1926
1781190571706 0.0 1927
1781190571724 0.0 1928
1781190571739 0.0 1929
1781190571768 0.0 1930
1781190571798 0.0 1931
1781190571813 1.0 1932
1781190571827 1.0 1933
1781190571845 0.0 1934
1781190571875 0.0 1935
1781190571892 0.0 1936
1781190571913 0.0 1937
1781190571956 0.0 1938
1781190571974 1.0 1939
1781190571987 1.0 1940
1781190572020 0.0 1941
1781190572050 0.0 1942
1781190572069 1.0 1943
1781190572098 0.0 1944
1781190572137 1.0 1945
1781190572158 0.0 1946
1781190572187 1.0 1947
1781190572210 0.0 1948
1781190572228 0.0 1949
1781190572239 1.0 1950
1781190572261 1.0 1951
1781190572302 0.0 1952
1781190572316 1.0 1953
1781190572341 0.0 1954
1781190572354 0.0 1955
1781190572368 0.0 1956
1781190572389 0.0 1957
1781190572410 1.0 1958
1781190572424 1.0 1959
1781190572452 0.0 1960
1781190572472 0.0 1961
1781190572486 0.0 1962
1781190572502 1.0 1963
1781190572537 0.0 1964
1781190572550 1.0 1965
1781190572588 0.0 1966
1781190572622 0.0 1967
1781190572635 1.0 1968
1781190572648 0.0 1969
1781190572668 0.0 1970
1781190572708 1.0 1971
1781190572756 0.0 1972
1781190572777 0.0 1973
1781190572798 0.0 1974
1781190572814 0.0 1975
1781190572837 0.0 1976
1781190572866 0.0 1977
1781190572889 0.0 1978
1781190572912 0.0 1979
1781190572942 0.0 1980
1781190572972 0.0 1981
1781190573010 1.0 1982
1781190573037 0.0 1983
1781190573057 0.0 1984
1781190573087 1.0 1985
1781190573117 0.0 1986
1781190573135 0.0 1987
1781190573148 1.0 1988
1781190573181 0.0 1989
1781190573197 1.0 1990
1781190573224 0.0 1991
1781190573242 1.0 1992
1781190573265 0.0 1993
1781190573294 1.0 1994
1781190573314 0.0 1995
1781190573347 1.0 1996
1781190573382 0.0 1997
1781190573418 0.0 1998
1781190573464 0.0 1999
1781190573500 1.0 2000
1781190573529 0.0 2001
1781190573544 0.0 2002
1781190573557 1.0 2003
1781190573590 1.0 2004
1781190573621 1.0 2005
1781190573665 0.0 2006
1781190573678 0.0 2007
1781190573703 1.0 2008
1781190573737 0.0 2009
1781190573758 1.0 2010
1781190573772 0.0 2011
1781190573814 1.0 2012
1781190573830 0.0 2013
1781190573846 1.0 2014
1781190573858 0.0 2015
1781190573884 0.0 2016
1781190573901 1.0 2017
1781190573917 1.0 2018
1781190573953 1.0 2019
1781190574000 0.0 2020
1781190574016 1.0 2021
1781190574035 0.0 2022
1781190574090 0.0 2023
1781190574101 0.0 2024
1781190574116 1.0 2025
1781190574154 0.0 2026
1781190574166 1.0 2027
1781190574198 0.0 2028
1781190574218 0.0 2029
1781190574238 0.0 2030
1781190574263 0.0 2031
1781190574307 0.0 2032
1781190574324 0.0 2033
1781190574346 1.0 2034
1781190574363 1.0 2035
1781190574375 1.0 2036
1781190574387 1.0 2037
1781190574405 0.0 2038
1781190574453 1.0 2039
1781190574466 1.0 2040
1781190574494 0.0 2041
1781190574506 1.0 2042
1781190574522 0.0 2043
1781190574546 0.0 2044
1781190574567 0.0 2045
1781190574580 1.0 2046
1781190574603 0.0 2047
1781190574646 0.0 2048
1781190574664 0.0 2049
1781190574693 1.0 2050
1781190574721 1.0 2051
1781190574737 1.0 2052
1781190574753 1.0 2053
1781190574783 0.0 2054
1781190574808 0.0 2055
1781190574833 0.0 2056
1781190574847 0.0 2057
1781190574863 1.0 2058
1781190574892 0.0 2059
1781190574906 1.0 2060
1781190574961 0.0 2061
1781190574975 1.0 2062
1781190574989 0.0 2063
1781190575013 0.0 2064
1781190575028 1.0 2065
1781190575063 0.0 2066
1781190575085 0.0 2067
1781190575119 1.0 2068
1781190575136 0.0 2069
1781190575163 1.0 2070
1781190575190 0.0 2071
1781190575203 0.0 2072
1781190575242 1.0 2073
1781190575261 0.0 2074
1781190575274 1.0 2075
1781190575299 1.0 2076
1781190575313 0.0 2077
1781190575332 1.0 2078
1781190575346 1.0 2079
1781190575358 0.0 2080
1781190575374 1.0 2081
1781190575393 0.0 2082
1781190575414 1.0 2083
1781190575439 0.0 2084
1781190575454 0.0 2085
1781190575498 0.0 2086
1781190575535 1.0 2087
1781190575548 1.0 2088
1781190575581 0.0 2089
1781190575597 0.0 2090
1781190575614 1.0 2091
1781190575637 0.0 2092
1781190575661 1.0 2093
1781190575693 0.0 2094
1781190575719 0.0 2095
1781190575736 0.0 2096
1781190575752 1.0 2097
1781190575767 0.0 2098
1781190575802 0.0 2099
1781190575814 0.0 2100
1781190575858 1.0 2101
1781190575872 0.0 2102
1781190575907 1.0 2103
1781190575921 1.0 2104
1781190575935 0.0 2105
1781190575968 1.0 2106
1781190575986 1.0 2107
1781190576016 0.0 2108
1781190576033 1.0 2109
1781190576046 1.0 2110
1781190576059 0.0 2111
1781190576115 0.0 2112
1781190576153 1.0 2113
1781190576167 0.0 2114
1781190576188 0.0 2115
1781190576204 1.0 2116
1781190576251 0.0 2117
1781190576274 0.0 2118
1781190576286 1.0 2119
1781190576305 0.0 2120
1781190576332 1.0 2121
1781190576352 0.0 2122
1781190576371 0.0 2123
1781190576388 0.0 2124
1781190576410 0.0 2125
1781190576432 0.0 2126
1781190576455 0.0 2127
1781190576469 1.0 2128
1781190576497 0.0 2129
1781190576514 1.0 2130
1781190576531 0.0 2131
1781190576561 0.0 2132
1781190576581 0.0 2133
1781190576604 0.0 2134
1781190576623 0.0 2135
1781190576653 0.0 2136
1781190576666 1.0 2137
1781190576684 1.0 2138
1781190576705 1.0 2139
1781190576721 0.0 2140
1781190576740 1.0 2141
1781190576790 0.0 2142
1781190576805 0.0 2143
1781190576821 1.0 2144
1781190576834 1.0 2145
1781190576853 1.0 2146
1781190576871 0.0 2147
1781190576906 1.0 2148
1781190576935 0.0 2149
1781190576951 0.0 2150
1781190576979 0.0 2151
1781190577010 0.0 2152
1781190577025 0.0 2153
1781190577038 1.0 2154
1781190577093 0.0 2155
1781190577109 0.0 2156
1781190577122 0.0 2157
1781190577159 0.0 2158
1781190577172 1.0 2159
1781190577212 0.0 2160
1781190577243 0.0 2161
1781190577261 1.0 2162
1781190577298 1.0 2163
1781190577333 0.0 2164
1781190577351 0.0 2165
1781190577365 0.0 2166
1781190577381 0.0 2167
1781190577396 0.0 2168
1781190577408 1.0 2169
1781190577445 1.0 2170
1781190577489 0.0 2171
1781190577531 0.0 2172
1781190577564 0.0 2173
1781190577596 0.0 2174
1781190577609 1.0 2175
1781190577628 0.0 2176
1781190577661 0.0 2177
1781190577673 1.0 2178
1781190577690 0.0 2179
1781190577719 0.0 2180
1781190577735 0.0 2181
1781190577777 0.0 2182
1781190577794 1.0 2183
1781190577810 0.0 2184
1781190577839 0.0 2185
1781190577853 0.0 2186
1781190577892 0.0 2187
1781190577936 0.0 2188
1781190577950 1.0 2189
1781190577963 0.0 2190
1781190577989 0.0 2191
1781190578014 0.0 2192
1781190578033 0.0 2193
1781190578065 0.0 2194
1781190578079 0.0 2195
1781190578091 1.0 2196
1781190578110 0.0 2197
1781190578126 0.0 2198
1781190578169 0.0 2199
1781190578216 0.0 2200
1781190578246 0.0 2201
1781190578261 0.0 2202
1781190578277 1.0 2203
1781190578300 0.0 2204
1781190578316 1.0 2205
1781190578328 0.0 2206
1781190578353 0.0 2207
1781190578399 1.0 2208
1781190578419 0.0 2209
1781190578444 0.0 2210
1781190578459 0.0 2211
1781190578495 0.0 2212
1781190578522 0.0 2213
1781190578552 0.0 2214
1781190578566 0.0 2215
1781190578580 0.0 2216
1781190578596 0.0 2217
1781190578608 0.0 2218
1781190578619 0.0 2219
1781190578637 1.0 2220
1781190578666 0.0 2221
1781190578703 1.0 2222
1781190578731 0.0 2223
1781190578747 0.0 2224
1781190578776 0.0 2225
1781190578818 0.0 2226
1781190578831 1.0 2227
1781190578844 0.0 2228
1781190578862 0.0 2229
1781190578896 0.0 2230
1781190578933 0.0 2231
1781190578952 1.0 2232
1781190578974 0.0 2233
1781190578996 0.0 2234
1781190579010 1.0 2235
1781190579036 0.0 2236
1781190579051 0.0 2237
1781190579073 0.0 2238
1781190579085 1.0 2239
1781190579098 1.0 2240
1781190579119 0.0 2241
1781190579142 0.0 2242
1781190579168 0.0 2243
1781190579196 0.0 2244
1781190579213 1.0 2245
1781190579255 0.0 2246
1781190579272 1.0 2247
1781190579292 1.0 2248
1781190579351 1.0 2249
1781190579385 0.0 2250
1781190579399 0.0 2251
1781190579420 0.0 2252
1781190579441 1.0 2253
1781190579473 0.0 2254
1781190579495 0.0 2255
1781190579509 0.0 2256
1781190579540 1.0 2257
1781190579554 0.0 2258
1781190579572 0.0 2259
1781190579610 1.0 2260
1781190579633 0.0 2261
1781190579644 1.0 2262
1781190579676 0.0 2263
1781190579691 0.0 2264
1781190579705 1.0 2265
1781190579725 0.0 2266
1781190579768 0.0 2267
1781190579783 1.0 2268
1781190579822 0.0 2269
1781190579838 1.0 2270
1781190579856 1.0 2271
1781190579901 0.0 2272
1781190579922 0.0 2273
1781190579952 1.0 2274
1781190579972 1.0 2275
1781190579994 0.0 2276
1781190580022 0.0 2277
1781190580039 1.0 2278
1781190580055 0.0 2279
1781190580075 0.0 2280
1781190580107 1.0 2281
1781190580142 1.0 2282
1781190580160 0.0 2283
1781190580174 1.0 2284
1781190580211 1.0 2285
1781190580226 1.0 2286
1781190580243 0.0 2287
1781190580258 1.0 2288
1781190580281 0.0 2289
1781190580305 1.0 2290
1781190580346 0.0 2291
1781190580360 1.0 2292
1781190580380 0.0 2293
1781190580451 1.0 2294
1781190580472 1.0 2295
1781190580506 0.0 2296
1781190580522 0.0 2297
1781190580552 0.0 2298
1781190580566 1.0 2299
1781190580580 0.0 2300
1781190580596 1.0 2301
1781190580610 1.0 2302
1781190580625 0.0 2303
1781190580646 1.0 2304
1781190580668 0.0 2305
1781190580686 0.0 2306
1781190580702 1.0 2307
1781190580719 1.0 2308
1781190580734 1.0 2309
1781190580746 1.0 2310
1781190580770 0.0 2311
1781190580804 0.0 2312
1781190580819 1.0 2313
1781190580855 1.0 2314
1781190580877 0.0 2315
1781190580893 0.0 2316
1781190580910 0.0 2317
1781190580924 0.0 2318
1781190580954 0.0 2319
1781190580970 0.0 2320
1781190581010 0.0 2321
1781190581024 1.0 2322
1781190581063 0.0 2323
1781190581085 0.0 2324
1781190581101 0.0 2325
1781190581134 0.0 2326
1781190581147 0.0 2327
1781190581160 0.0 2328
1781190581198 0.0 2329
1781190581221 0.0 2330
1781190581242 0.0 2331
1781190581257 1.0 2332
1781190581274 0.0 2333
1781190581286 0.0 2334
1781190581325 0.0 2335
1781190581340 1.0 2336
1781190581353 0.0 2337
1781190581404 0.0 2338
1781190581416 0.0 2339
1781190581438 0.0 2340
1781190581471 1.0 2341
1781190581497 0.0 2342
1781190581514 1.0 2343
1781190581553 1.0 2344
1781190581582 0.0 2345
1781190581594 1.0 2346
1781190581611 0.0 2347
1781190581630 1.0 2348
1781190581658 1.0 2349
1781190581685 0.0 2350
1781190581711 0.0 2351
1781190581753 1.0 2352
1781190581766 1.0 2353
1781190581783 0.0 2354
1781190581800 0.0 2355
1781190581821 1.0 2356
1781190581835 1.0 2357
1781190581865 0.0 2358
1781190581907 1.0 2359
1781190581922 1.0 2360
1781190581940 0.0 2361
1781190581954 0.0 2362
1781190581969 1.0 2363
1781190581983 1.0 2364
1781190581994 1.0 2365
1781190582015 0.0 2366
1781190582034 0.0 2367
1781190582052 0.0 2368
1781190582069 0.0 2369
1781190582081 0.0 2370
1781190582093 1.0 2371
1781190582125 0.0 2372
1781190582138 1.0 2373
1781190582154 0.0 2374
1781190582171 1.0 2375
1781190582193 0.0 2376
1781190582220 0.0 2377
1781190582235 0.0 2378
1781190582253 1.0 2379
1781190582283 0.0 2380
1781190582302 0.0 2381
1781190582320 1.0 2382
1781190582333 1.0 2383
1781190582354 1.0 2384
1781190582379 0.0 2385
1781190582412 0.0 2386
1781190582426 0.0 2387
1781190582440 0.0 2388
1781190582457 0.0 2389
1781190582470 1.0 2390
1781190582498 0.0 2391
1781190582519 1.0 2392
1781190582557 0.0 2393
1781190582576 0.0 2394
1781190582607 1.0 2395
1781190582623 0.0 2396
1781190582658 0.0 2397
1781190582680 0.0 2398
1781190582693 1.0 2399
1781190582706 0.0 2400
1781190582720 1.0 2401
1781190582739 0.0 2402
1781190582752 0.0 2403
1781190582782 0.0 2404
1781190582812 0.0 2405
1781190582834 0.0 2406
1781190582846 0.0 2407
1781190582858 0.0 2408
1781190582874 0.0 2409
1781190582891 1.0 2410
1781190582914 0.0 2411
1781190582925 1.0 2412
1781190582952 0.0 2413
1781190582973 0.0 2414
1781190582986 0.0 2415
1781190583003 0.0 2416
1781190583020 1.0 2417
1781190583062 0.0 2418
1781190583088 0.0 2419
1781190583110 1.0 2420
1781190583134 0.0 2421
1781190583149 1.0 2422
1781190583162 1.0 2423
1781190583176 0.0 2424
1781190583189 1.0 2425
1781190583206 1.0 2426
1781190583221 0.0 2427
1781190583238 0.0 2428
1781190583290 0.0 2429
1781190583310 0.0 2430
1781190583322 0.0 2431
1781190583350 0.0 2432
1781190583373 0.0 2433
1781190583385 0.0 2434
1781190583402 1.0 2435
1781190583414 0.0 2436
1781190583434 0.0 2437
1781190583468 1.0 2438
1781190583491 0.0 2439
1781190583504 0.0 2440
1781190583541 0.0 2441
1781190583555 0.0 2442
1781190583571 1.0 2443
1781190583589 1.0 2444
1781190583609 0.0 2445
1781190583622 0.0 2446
1781190583645 0.0 2447
1781190583658 0.0 2448
1781190583686 0.0 2449
1781190583706 0.0 2450
1781190583736 1.0 2451
1781190583751 0.0 2452
1781190583768 1.0 2453
1781190583798 0.0 2454
1781190583819 1.0 2455
1781190583842 0.0 2456
1781190583863 0.0 2457
1781190583875 0.0 2458
1781190583887 1.0 2459
1781190583908 0.0 2460
1781190583945 1.0 2461
1781190583961 0.0 2462
1781190583978 1.0 2463
1781190584006 0.0 2464
1781190584050 1.0 2465
1781190584065 0.0 2466
1781190584086 1.0 2467
1781190584103 1.0 2468
1781190584116 1.0 2469
1781190584130 0.0 2470
1781190584142 1.0 2471
1781190584169 0.0 2472
1781190584183 1.0 2473
1781190584198 1.0 2474
1781190584210 1.0 2475
1781190584244 1.0 2476
1781190584268 0.0 2477
1781190584299 0.0 2478
1781190584311 0.0 2479
1781190584338 0.0 2480
1781190584383 1.0 2481
1781190584399 1.0 2482
1781190584419 1.0 2483
1781190584456 0.0 2484
1781190584482 0.0 2485
1781190584504 0.0 2486
1781190584532 0.0 2487
1781190584548 0.0 2488
1781190584562 1.0 2489
1781190584602 0.0 2490
1781190584643 0.0 2491
1781190584659 1.0 2492
1781190584672 0.0 2493
1781190584688 1.0 2494
1781190584708 0.0 2495
1781190584732 0.0 2496
1781190584749 0.0 2497
1781190584771 0.0 2498
1781190584786 0.0 2499
1781190584808 0.0 2500
1781190584834 0.0 2501
1781190584849 1.0 2502
1781190584865 1.0 2503
1781190584879 0.0 2504
1781190584895 0.0 2505
1781190584910 0.0 2506
1781190584937 0.0 2507
1781190584951 1.0 2508
1781190584967 0.0 2509
1781190584989 0.0 2510
1781190585004 0.0 2511
1781190585019 0.0 2512
1781190585034 0.0 2513
1781190585049 0.0 2514
1781190585075 1.0 2515
1781190585090 0.0 2516
1781190585109 0.0 2517
1781190585133 0.0 2518
1781190585160 0.0 2519
1781190585181 0.0 2520
1781190585221 0.0 2521
1781190585241 1.0 2522
1781190585276 1.0 2523
1781190585311 1.0 2524
1781190585337 1.0 2525
1781190585351 1.0 2526
1781190585368 0.0 2527
1781190585382 1.0 2528
1781190585396 0.0 2529
1781190585407 0.0 2530
1781190585435 1.0 2531
1781190585454 0.0 2532
1781190585474 0.0 2533
1781190585490 0.0 2534
1781190585506 1.0 2535
1781190585519 0.0 2536
1781190585533 0.0 2537
1781190585571 1.0 2538
1781190585587 0.0 2539
1781190585615 1.0 2540
1781190585627 0.0 2541
1781190585683 0.0 2542
1781190585694 1.0 2543
1781190585712 0.0 2544
1781190585733 1.0 2545
1781190585755 0.0 2546
1781190585786 1.0 2547
1781190585806 0.0 2548
1781190585819 0.0 2549
1781190585833 0.0 2550
1781190585868 0.0 2551
1781190585885 1.0 2552
1781190585902 0.0 2553
1781190585919 1.0 2554
1781190585936 0.0 2555
1781190585958 1.0 2556
1781190585972 0.0 2557
1781190586000 0.0 2558
1781190586031 0.0 2559
1781190586066 1.0 2560
1781190586097 0.0 2561
1781190586117 0.0 2562
1781190586133 1.0 2563
1781190586152 0.0 2564
1781190586173 0.0 2565
1781190586187 0.0 2566
1781190586210 1.0 2567
1781190586231 0.0 2568
1781190586262 0.0 2569
1781190586281 0.0 2570
1781190586293 0.0 2571
1781190586331 0.0 2572
1781190586347 1.0 2573
1781190586360 1.0 2574
1781190586387 0.0 2575
1781190586400 1.0 2576
1781190586420 0.0 2577
1781190586460 1.0 2578
1781190586479 0.0 2579
1781190586499 0.0 2580
1781190586512 0.0 2581
1781190586531 0.0 2582
1781190586543 1.0 2583
1781190586567 0.0 2584
1781190586589 0.0 2585
1781190586603 0.0 2586
1781190586636 0.0 2587
1781190586686 1.0 2588
1781190586719 0.0 2589
1781190586734 1.0 2590
1781190586748 1.0 2591
1781190586772 1.0 2592
1781190586794 0.0 2593
1781190586843 1.0 2594
1781190586874 0.0 2595
1781190586915 0.0 2596
1781190586940 0.0 2597
1781190586952 1.0 2598
1781190586973 0.0 2599
1781190586999 0.0 2600
1781190587025 0.0 2601
1781190587037 0.0 2602
1781190587053 0.0 2603
1781190587067 1.0 2604
1781190587089 0.0 2605
1781190587111 0.0 2606
1781190587138 1.0 2607
1781190587151 0.0 2608
1781190587167 1.0 2609
1781190587188 0.0 2610
1781190587201 0.0 2611
1781190587245 0.0 2612
1781190587263 0.0 2613
1781190587287 0.0 2614
1781190587303 0.0 2615
1781190587331 1.0 2616
1781190587345 1.0 2617
1781190587364 1.0 2618
1781190587378 1.0 2619
1781190587418 1.0 2620
1781190587452 1.0 2621
1781190587476 0.0 2622
1781190587505 0.0 2623
1781190587523 1.0 2624
1781190587536 1.0 2625
1781190587558 0.0 2626
1781190587572 1.0 2627
1781190587595 0.0 2628
1781190587617 0.0 2629
1781190587640 0.0 2630
1781190587669 0.0 2631
1781190587689 0.0 2632
1781190587704 1.0 2633
1781190587746 0.0 2634
1781190587759 1.0 2635
1781190587792 0.0 2636
1781190587804 0.0 2637
1781190587821 0.0 2638
1781190587864 0.0 2639
1781190587904 0.0 2640
1781190587919 0.0 2641
1781190587933 1.0 2642
1781190587978 1.0 2643
1781190588009 0.0 2644
1781190588024 1.0 2645
1781190588048 0.0 2646
1781190588070 0.0 2647
1781190588085 1.0 2648
1781190588099 1.0 2649
1781190588128 0.0 2650
1781190588144 0.0 2651
1781190588157 0.0 2652
1781190588189 0.0 2653
1781190588203 0.0 2654
1781190588218 0.0 2655
1781190588233 1.0 2656
1781190588261 1.0 2657
1781190588276 0.0 2658
1781190588287 0.0 2659
1781190588302 1.0 2660
1781190588320 0.0 2661
1781190588341 0.0 2662
1781190588417 0.0 2663
1781190588433 0.0 2664
1781190588444 1.0 2665
1781190588486 0.0 2666
1781190588507 1.0 2667
1781190588525 1.0 2668
1781190588548 0.0 2669
1781190588580 0.0 2670
1781190588600 0.0 2671
1781190588634 1.0 2672
1781190588650 0.0 2673
1781190588662 1.0 2674
1781190588696 1.0 2675
1781190588731 0.0 2676
1781190588751 0.0 2677
1781190588777 0.0 2678
1781190588792 1.0 2679
1781190588804 1.0 2680
1781190588836 1.0 2681
1781190588850 0.0 2682
1781190588869 0.0 2683
1781190588891 0.0 2684
1781190588913 0.0 2685
1781190588950 1.0 2686
1781190588967 1.0 2687
1781190588982 1.0 2688
1781190589001 0.0 2689
1781190589028 0.0 2690
1781190589045 1.0 2691
1781190589056 0.0 2692
1781190589074 1.0 2693
1781190589104 0.0 2694
1781190589116 1.0 2695
1781190589132 1.0 2696
1781190589146 1.0 2697
1781190589185 1.0 2698
1781190589198 1.0 2699
1781190589234 1.0 2700
1781190589256 0.0 2701
1781190589269 1.0 2702
1781190589299 0.0 2703
1781190589320 0.0 2704
1781190589352 1.0 2705
1781190589365 1.0 2706
1781190589385 0.0 2707
1781190589399 1.0 2708
1781190589412 1.0 2709
1781190589436 0.0 2710
1781190589451 1.0 2711
1781190589480 0.0 2712
1781190589513 0.0 2713
1781190589525 0.0 2714
1781190589560 0.0 2715
1781190589585 0.0 2716
1781190589618 0.0 2717
1781190589634 0.0 2718
1781190589650 0.0 2719
1781190589681 0.0 2720
1781190589706 0.0 2721
1781190589725 0.0 2722
1781190589741 1.0 2723
1781190589761 0.0 2724
1781190589814 0.0 2725
1781190589836 0.0 2726
1781190589861 0.0 2727
1781190589901 0.0 2728
1781190589917 1.0 2729
1781190589947 1.0 2730
1781190589967 0.0 2731
1781190590000 0.0 2732
1781190590022 0.0 2733
1781190590038 0.0 2734
1781190590069 0.0 2735
1781190590101 0.0 2736
1781190590132 0.0 2737
1781190590145 1.0 2738
1781190590162 1.0 2739
1781190590178 1.0 2740
1781190590197 0.0 2741
1781190590237 0.0 2742
1781190590263 0.0 2743
1781190590281 0.0 2744
1781190590298 0.0 2745
1781190590339 1.0 2746
1781190590360 0.0 2747
1781190590379 1.0 2748
1781190590420 0.0 2749
1781190590433 0.0 2750
1781190590462 0.0 2751
1781190590493 0.0 2752
1781190590510 0.0 2753
1781190590533 0.0 2754
1781190590546 1.0 2755
1781190590565 0.0 2756
1781190590594 1.0 2757
1781190590607 1.0 2758
1781190590623 0.0 2759
1781190590638 1.0 2760
1781190590652 0.0 2761
1781190590667 0.0 2762
1781190590691 0.0 2763
1781190590711 0.0 2764
1781190590733 0.0 2765
1781190590752 0.0 2766
1781190590772 0.0 2767
1781190590796 0.0 2768
1781190590815 0.0 2769
1781190590835 0.0 2770
1781190590857 0.0 2771
1781190590895 0.0 2772
1781190590909 1.0 2773
1781190590923 1.0 2774
1781190590937 0.0 2775
1781190590955 0.0 2776
1781190590975 0.0 2777
1781190591016 0.0 2778
1781190591030 1.0 2779
1781190591053 1.0 2780
1781190591071 0.0 2781
1781190591097 0.0 2782
1781190591114 0.0 2783
1781190591139 1.0 2784
1781190591159 1.0 2785
1781190591193 0.0 2786
1781190591238 0.0 2787
1781190591264 0.0 2788
1781190591275 1.0 2789
1781190591295 0.0 2790
1781190591312 1.0 2791
1781190591333 0.0 2792
1781190591348 0.0 2793
1781190591368 1.0 2794
1781190591381 1.0 2795
1781190591406 0.0 2796
1781190591425 0.0 2797
1781190591466 1.0 2798
1781190591481 0.0 2799
1781190591498 1.0 2800
1781190591515 1.0 2801
1781190591537 1.0 2802
1781190591564 0.0 2803
1781190591582 0.0 2804
1781190591600 1.0 2805
1781190591613 0.0 2806
1781190591627 1.0 2807
1781190591652 0.0 2808
1781190591668 1.0 2809
1781190591700 0.0 2810
1781190591723 1.0 2811
1781190591769 1.0 2812
1781190591799 0.0 2813
1781190591827 1.0 2814
1781190591858 0.0 2815
1781190591878 0.0 2816
1781190591927 1.0 2817
1781190591953 0.0 2818
1781190591975 0.0 2819
1781190591993 1.0 2820
1781190592008 0.0 2821
1781190592029 0.0 2822
1781190592052 0.0 2823
1781190592084 0.0 2824
1781190592098 0.0 2825
1781190592126 0.0 2826
1781190592139 1.0 2827
1781190592151 1.0 2828
1781190592173 0.0 2829
1781190592187 1.0 2830
1781190592205 0.0 2831
1781190592224 1.0 2832
1781190592238 1.0 2833
1781190592253 0.0 2834
1781190592282 0.0 2835
1781190592298 1.0 2836
1781190592335 1.0 2837
1781190592357 0.0 2838
1781190592371 0.0 2839
1781190592392 0.0 2840
1781190592445 1.0 2841
1781190592484 0.0 2842
1781190592519 1.0 2843
1781190592531 0.0 2844
1781190592558 1.0 2845
1781190592571 0.0 2846
1781190592585 1.0 2847
1781190592602 0.0 2848
1781190592640 1.0 2849
1781190592663 0.0 2850
1781190592682 0.0 2851
1781190592693 1.0 2852
1781190592715 0.0 2853
1781190592728 1.0 2854
1781190592746 0.0 2855
1781190592776 1.0 2856
1781190592788 0.0 2857
1781190592815 0.0 2858
1781190592837 0.0 2859
1781190592851 1.0 2860
1781190592884 1.0 2861
1781190592901 0.0 2862
1781190592921 0.0 2863
1781190592936 0.0 2864
1781190592955 0.0 2865
1781190592974 1.0 2866
1781190592993 0.0 2867
1781190593024 1.0 2868
1781190593040 0.0 2869
1781190593058 0.0 2870
1781190593074 0.0 2871
1781190593096 0.0 2872
1781190593143 0.0 2873
1781190593182 1.0 2874
1781190593193 1.0 2875
1781190593223 1.0 2876
1781190593236 0.0 2877
1781190593252 1.0 2878
1781190593273 0.0 2879
1781190593305 0.0 2880
1781190593330 0.0 2881
1781190593344 1.0 2882
1781190593365 0.0 2883
1781190593385 0.0 2884
1781190593407 0.0 2885
1781190593424 0.0 2886
1781190593470 0.0 2887
1781190593501 0.0 2888
1781190593526 0.0 2889
1781190593546 0.0 2890
1781190593576 1.0 2891
1781190593599 0.0 2892
1781190593612 1.0 2893
1781190593640 1.0 2894
1781190593656 1.0 2895
1781190593683 0.0 2896
1781190593703 0.0 2897
1781190593720 0.0 2898
1781190593737 0.0 2899
1781190593756 0.0 2900
1781190593776 0.0 2901
1781190593820 1.0 2902
1781190593843 0.0 2903
1781190593875 0.0 2904
1781190593902 0.0 2905
1781190593919 0.0 2906
1781190593936 0.0 2907
1781190593977 0.0 2908
1781190594006 0.0 2909
1781190594026 0.0 2910
1781190594073 0.0 2911
1781190594108 0.0 2912
1781190594135 0.0 2913
1781190594157 0.0 2914
1781190594187 0.0 2915
1781190594226 1.0 2916
1781190594242 0.0 2917
1781190594254 0.0 2918
1781190594286 1.0 2919
1781190594302 0.0 2920
1781190594332 1.0 2921
1781190594363 0.0 2922
1781190594393 0.0 2923
1781190594408 1.0 2924
1781190594440 0.0 2925
1781190594458 0.0 2926
1781190594473 0.0 2927
1781190594501 0.0 2928
1781190594515 0.0 2929
1781190594531 0.0 2930
1781190594560 0.0 2931
1781190594581 0.0 2932
1781190594595 1.0 2933
1781190594611 1.0 2934
1781190594626 0.0 2935
1781190594663 0.0 2936
1781190594677 0.0 2937
1781190594714 1.0 2938
1781190594732 0.0 2939
1781190594754 0.0 2940
1781190594775 0.0 2941
1781190594794 0.0 2942
1781190594816 1.0 2943
1781190594827 1.0 2944
1781190594847 0.0 2945
1781190594859 1.0 2946
1781190594882 0.0 2947
1781190594906 0.0 2948
1781190594927 1.0 2949
1781190594948 0.0 2950
1781190594983 1.0 2951
1781190595002 0.0 2952
1781190595021 1.0 2953
1781190595039 0.0 2954
1781190595055 1.0 2955
1781190595075 0.0 2956
1781190595094 1.0 2957
1781190595116 0.0 2958
1781190595137 1.0 2959
1781190595152 0.0 2960
1781190595177 0.0 2961
1781190595215 0.0 2962
1781190595241 0.0 2963
1781190595255 0.0 2964
1781190595271 0.0 2965
1781190595295 0.0 2966
1781190595319 0.0 2967
1781190595332 1.0 2968
1781190595362 1.0 2969
1781190595376 0.0 2970
1781190595421 0.0 2971
1781190595433 0.0 2972
1781190595467 0.0 2973
1781190595479 1.0 2974
1781190595498 0.0 2975
1781190595521 0.0 2976
1781190595537 1.0 2977
1781190595554 1.0 2978
1781190595566 1.0 2979
1781190595582 0.0 2980
1781190595594 1.0 2981
1781190595608 0.0 2982
1781190595639 0.0 2983
1781190595658 0.0 2984
1781190595670 1.0 2985
1781190595718 0.0 2986
1781190595736 0.0 2987
1781190595750 1.0 2988
1781190595763 0.0 2989
1781190595787 0.0 2990
1781190595806 0.0 2991
1781190595821 1.0 2992
1781190595844 0.0 2993
1781190595868 0.0 2994
1781190595895 0.0 2995
1781190595923 0.0 2996
1781190595958 0.0 2997
1781190595979 0.0 2998
1781190595992 1.0 2999
1781190596009 1.0 3000
1781190596021 0.0 3001
1781190596040 1.0 3002
1781190596062 0.0 3003
1781190596075 1.0 3004
1781190596107 1.0 3005
1781190596123 0.0 3006
1781190596139 1.0 3007
1781190596155 1.0 3008
1781190596182 0.0 3009
1781190596200 0.0 3010
1781190596231 1.0 3011
1781190596259 0.0 3012
1781190596273 1.0 3013
1781190596290 0.0 3014
1781190596306 0.0 3015
1781190596339 0.0 3016
1781190596353 1.0 3017
1781190596374 0.0 3018
1781190596388 0.0 3019
1781190596401 1.0 3020
1781190596417 1.0 3021
1781190596435 0.0 3022
1781190596450 0.0 3023
1781190596509 0.0 3024
1781190596526 1.0 3025
1781190596545 0.0 3026
1781190596587 0.0 3027
1781190596628 0.0 3028
1781190596650 0.0 3029
1781190596664 1.0 3030
1781190596677 0.0 3031
1781190596739 0.0 3032
1781190596761 0.0 3033
1781190596778 1.0 3034
1781190596792 0.0 3035
1781190596830 0.0 3036
1781190596849 0.0 3037
1781190596888 0.0 3038
1781190596902 0.0 3039
1781190596929 0.0 3040
1781190596945 0.0 3041
1781190596961 0.0 3042
1781190596975 1.0 3043
1781190597009 1.0 3044
1781190597048 0.0 3045
1781190597095 1.0 3046
1781190597124 0.0 3047
1781190597147 1.0 3048
1781190597163 0.0 3049
1781190597174 1.0 3050
1781190597189 0.0 3051
1781190597228 0.0 3052
1781190597274 0.0 3053
1781190597286 1.0 3054
1781190597302 1.0 3055
1781190597318 1.0 3056
1781190597347 0.0 3057
1781190597387 0.0 3058
1781190597434 0.0 3059
1781190597457 0.0 3060
1781190597475 1.0 3061
1781190597506 1.0 3062
1781190597522 0.0 3063
1781190597539 1.0 3064
1781190597554 0.0 3065
1781190597585 0.0 3066
1781190597601 1.0 3067
1781190597622 0.0 3068
1781190597659 0.0 3069
1781190597675 1.0 3070
1781190597700 0.0 3071
1781190597723 0.0 3072
1781190597736 1.0 3073
1781190597752 0.0 3074
1781190597785 0.0 3075
1781190597816 0.0 3076
1781190597839 0.0 3077
1781190597853 1.0 3078
1781190597869 0.0 3079
1781190597887 0.0 3080
1781190597908 0.0 3081
1781190597929 0.0 3082
1781190597946 1.0 3083
1781190597958 0.0 3084
1781190597972 1.0 3085
1781190597988 1.0 3086
1781190598009 0.0 3087
1781190598026 0.0 3088
1781190598039 1.0 3089
1781190598054 0.0 3090
1781190598081 1.0 3091
1781190598123 1.0 3092
1781190598143 0.0 3093
1781190598156 0.0 3094
1781190598171 1.0 3095
1781190598184 0.0 3096
1781190598199 0.0 3097
1781190598221 1.0 3098
1781190598245 0.0 3099
1781190598273 1.0 3100
1781190598324 0.0 3101
1781190598342 0.0 3102
1781190598367 1.0 3103
1781190598393 0.0 3104
1781190598431 1.0 3105
1781190598466 0.0 3106
1781190598502 0.0 3107
1781190598515 0.0 3108
1781190598532 1.0 3109
1781190598558 0.0 3110
1781190598578 0.0 3111
1781190598592 1.0 3112
1781190598612 0.0 3113
1781190598657 0.0 3114
1781190598671 0.0 3115
1781190598689 0.0 3116
1781190598703 1.0 3117
1781190598739 0.0 3118
1781190598754 1.0 3119
1781190598770 1.0 3120
1781190598784 1.0 3121
1781190598797 1.0 3122
1781190598824 0.0 3123
1781190598840 1.0 3124
1781190598854 1.0 3125
1781190598885 1.0 3126
1781190598917 0.0 3127
1781190598932 0.0 3128
1781190598947 0.0 3129
1781190598984 1.0 3130
1781190598996 1.0 3131
1781190599012 0.0 3132
1781190599038 0.0 3133
1781190599050 1.0 3134
1781190599070 0.0 3135
1781190599088 0.0 3136
1781190599114 0.0 3137
1781190599127 0.0 3138
1781190599144 0.0 3139
1781190599168 0.0 3140
1781190599188 0.0 3141
1781190599217 0.0 3142
1781190599240 0.0 3143
1781190599257 0.0 3144
1781190599292 0.0 3145
1781190599305 0.0 3146
1781190599334 1.0 3147
1781190599354 0.0 3148
1781190599370 0.0 3149
1781190599389 0.0 3150
1781190599401 0.0 3151
1781190599416 0.0 3152
1781190599431 1.0 3153
1781190599460 0.0 3154
1781190599474 0.0 3155
1781190599503 0.0 3156
1781190599521 0.0 3157
1781190599533 0.0 3158
1781190599548 1.0 3159
1781190599581 0.0 3160
1781190599597 1.0 3161
1781190599612 1.0 3162
1781190599643 0.0 3163
1781190599663 1.0 3164
1781190599691 0.0 3165
1781190599714 0.0 3166
1781190599731 0.0 3167
1781190599742 0.0 3168
1781190599771 0.0 3169
1781190599786 0.0 3170
1781190599817 0.0 3171
1781190599840 0.0 3172
1781190599854 0.0 3173
1781190599868 1.0 3174
1781190599896 0.0 3175
1781190599912 0.0 3176
1781190599932 0.0 3177
1781190599972 0.0 3178
1781190600002 0.0 3179
1781190600025 0.0 3180
1781190600048 0.0 3181
1781190600076 0.0 3182
1781190600089 1.0 3183
1781190600117 0.0 3184
1781190600146 0.0 3185
1781190600191 1.0 3186
1781190600219 0.0 3187
1781190600234 1.0 3188
1781190600264 1.0 3189
1781190600285 0.0 3190
1781190600302 0.0 3191
1781190600320 0.0 3192
1781190600341 0.0 3193
1781190600368 0.0 3194
1781190600397 0.0 3195
1781190600427 0.0 3196
1781190600444 1.0 3197
1781190600477 1.0 3198
1781190600500 0.0 3199
1781190600524 0.0 3200
1781190600540 1.0 3201
1781190600602 0.0 3202
1781190600626 0.0 3203
1781190600641 0.0 3204
1781190600655 0.0 3205
1781190600691 1.0 3206
1781190600706 1.0 3207
1781190600720 1.0 3208
1781190600749 1.0 3209
1781190600771 0.0 3210
1781190600792 0.0 3211
1781190600825 0.0 3212
1781190600837 1.0 3213
1781190600863 0.0 3214
1781190600893 0.0 3215
1781190600911 1.0 3216
1781190600927 0.0 3217
1781190600940 0.0 3218
1781190600972 1.0 3219
1781190601018 0.0 3220
1781190601052 0.0 3221
1781190601086 0.0 3222
1781190601101 1.0 3223
1781190601136 0.0 3224
1781190601157 0.0 3225
1781190601172 1.0 3226
1781190601188 1.0 3227
1781190601206 1.0 3228
1781190601230 0.0 3229
1781190601247 0.0 3230
1781190601263 0.0 3231
1781190601282 1.0 3232
1781190601321 0.0 3233
1781190601344 0.0 3234
1781190601373 0.0 3235
1781190601385 1.0 3236
1781190601411 0.0 3237
1781190601432 0.0 3238
1781190601445 1.0 3239
1781190601469 0.0 3240
1781190601491 0.0 3241
1781190601519 0.0 3242
1781190601533 0.0 3243
1781190601549 1.0 3244
1781190601561 1.0 3245
1781190601586 1.0 3246
1781190601618 0.0 3247
1781190601636 1.0 3248
1781190601669 0.0 3249
1781190601705 1.0 3250
1781190601723 1.0 3251
1781190601746 0.0 3252
1781190601759 1.0 3253
1781190601771 1.0 3254
1781190601792 0.0 3255
1781190601836 1.0 3256
1781190601851 0.0 3257
1781190601898 0.0 3258
1781190601914 1.0 3259
1781190601933 0.0 3260
1781190601976 0.0 3261
1781190601991 0.0 3262
1781190602004 1.0 3263
1781190602018 0.0 3264
1781190602046 0.0 3265
1781190602066 0.0 3266
1781190602084 0.0 3267
1781190602098 1.0 3268
1781190602123 0.0 3269
1781190602156 1.0 3270
1781190602177 1.0 3271
1781190602198 0.0 3272
1781190602218 0.0 3273
1781190602234 1.0 3274
1781190602281 1.0 3275
1781190602295 0.0 3276
1781190602316 0.0 3277
1781190602337 0.0 3278
1781190602354 0.0 3279
1781190602383 0.0 3280
1781190602406 0.0 3281
1781190602447 1.0 3282
1781190602488 0.0 3283
1781190602508 1.0 3284
1781190602532 0.0 3285
1781190602548 1.0 3286
1781190602577 0.0 3287
1781190602609 0.0 3288
1781190602634 0.0 3289
1781190602651 0.0 3290
1781190602671 0.0 3291
1781190602684 0.0 3292
1781190602698 0.0 3293
1781190602718 0.0 3294
1781190602741 0.0 3295
1781190602776 1.0 3296
1781190602805 0.0 3297
1781190602826 0.0 3298
1781190602842 1.0 3299
1781190602866 0.0 3300
1781190602889 0.0 3301
1781190602908 1.0 3302
1781190602924 1.0 3303
1781190602947 0.0 3304
1781190602983 0.0 3305
1781190602997 1.0 3306
1781190603015 0.0 3307
1781190603036 0.0 3308
1781190603078 0.0 3309
1781190603092 1.0 3310
1781190603105 1.0 3311
1781190603126 0.0 3312
1781190603142 0.0 3313
1781190603158 0.0 3314
1781190603174 0.0 3315
1781190603199 1.0 3316
1781190603218 0.0 3317
1781190603246 0.0 3318
1781190603261 1.0 3319
1781190603274 0.0 3320
1781190603290 0.0 3321
1781190603328 0.0 3322
1781190603347 1.0 3323
1781190603376 0.0 3324
1781190603390 1.0 3325
1781190603405 1.0 3326
1781190603424 0.0 3327
1781190603448 0.0 3328
1781190603470 1.0 3329
1781190603486 1.0 3330
1781190603507 0.0 3331
1781190603520 0.0 3332
1781190603544 0.0 3333
1781190603557 1.0 3334
1781190603599 0.0 3335
1781190603625 0.0 3336
1781190603663 0.0 3337
1781190603700 0.0 3338
1781190603727 0.0 3339
1781190603750 0.0 3340
1781190603787 1.0 3341
1781190603809 0.0 3342
1781190603822 1.0 3343
1781190603846 0.0 3344
1781190603860 1.0 3345
1781190603874 1.0 3346
1781190603889 0.0 3347
1781190603902 0.0 3348
1781190603921 1.0 3349
1781190603957 0.0 3350
1781190603978 0.0 3351
1781190604002 0.0 3352
1781190604018 0.0 3353
1781190604038 0.0 3354
1781190604073 0.0 3355
1781190604101 0.0 3356
1781190604113 1.0 3357
1781190604126 1.0 3358
1781190604140 1.0 3359
1781190604169 1.0 3360
1781190604197 0.0 3361
1781190604209 0.0 3362
1781190604237 0.0 3363
1781190604273 0.0 3364
1781190604301 0.0 3365
1781190604317 1.0 3366
1781190604336 0.0 3367
1781190604357 0.0 3368
1781190604382 0.0 3369
1781190604417 0.0 3370
1781190604430 1.0 3371
1781190604460 0.0 3372
1781190604500 0.0 3373
1781190604530 0.0 3374
1781190604541 1.0 3375
1781190604554 1.0 3376
1781190604577 1.0 3377
1781190604591 1.0 3378
1781190604604 0.0 3379
1781190604642 0.0 3380
1781190604653 1.0 3381
1781190604700 1.0 3382
1781190604716 0.0 3383
1781190604731 1.0 3384
1781190604751 1.0 3385
1781190604788 1.0 3386
1781190604801 1.0 3387
1781190604832 0.0 3388
1781190604887 1.0 3389
1781190604907 0.0 3390
1781190604931 0.0 3391
1781190604942 1.0 3392
1781190604958 0.0 3393
1781190604974 0.0 3394
1781190604988 0.0 3395
1781190605004 0.0 3396
1781190605024 0.0 3397
1781190605038 0.0 3398
1781190605054 1.0 3399
1781190605074 0.0 3400
1781190605094 0.0 3401
1781190605110 0.0 3402
1781190605126 0.0 3403
1781190605143 1.0 3404
1781190605156 1.0 3405
1781190605174 1.0 3406
1781190605215 1.0 3407
1781190605241 0.0 3408
1781190605284 0.0 3409
1781190605303 1.0 3410
1781190605322 1.0 3411
1781190605335 0.0 3412
1781190605364 0.0 3413
1781190605400 0.0 3414
1781190605411 1.0 3415
1781190605425 1.0 3416
1781190605445 1.0 3417
1781190605461 0.0 3418
1781190605483 0.0 3419
1781190605499 0.0 3420
1781190605511 1.0 3421
1781190605542 1.0 3422
1781190605555 1.0 3423
1781190605573 0.0 3424
1781190605593 1.0 3425
1781190605609 1.0 3426
1781190605625 0.0 3427
1781190605646 0.0 3428
1781190605659 1.0 3429
1781190605674 0.0 3430
1781190605689 0.0 3431
1781190605719 0.0 3432
1781190605775 1.0 3433
1781190605791 0.0 3434
1781190605806 1.0 3435
1781190605832 0.0 3436
1781190605874 0.0 3437
1781190605886 1.0 3438
1781190605907 0.0 3439
1781190605935 0.0 3440
1781190605949 0.0 3441
1781190605963 0.0 3442
1781190605981 0.0 3443
1781190606002 1.0 3444
1781190606017 0.0 3445
1781190606036 0.0 3446
1781190606055 0.0 3447
1781190606070 1.0 3448
1781190606099 0.0 3449
1781190606126 0.0 3450
1781190606162 1.0 3451
1781190606186 0.0 3452
1781190606211 0.0 3453
1781190606249 0.0 3454
1781190606268 0.0 3455
1781190606286 1.0 3456
1781190606303 0.0 3457
1781190606345 0.0 3458
1781190606360 0.0 3459
1781190606372 1.0 3460
1781190606409 1.0 3461
1781190606424 0.0 3462
1781190606470 0.0 3463
1781190606485 1.0 3464
1781190606499 1.0 3465
1781190606528 0.0 3466
1781190606541 0.0 3467
1781190606554 0.0 3468
1781190606586 0.0 3469
1781190606607 0.0 3470
1781190606630 0.0 3471
1781190606642 0.0 3472
1781190606665 1.0 3473
1781190606677 0.0 3474
1781190606704 0.0 3475
1781190606732 1.0 3476
1781190606756 0.0 3477
1781190606789 0.0 3478
1781190606815 0.0 3479
1781190606834 0.0 3480
1781190606856 1.0 3481
1781190606875 0.0 3482
1781190606890 0.0 3483
1781190606924 1.0 3484
1781190606940 1.0 3485
1781190606953 0.0 3486
1781190606969 1.0 3487
1781190606985 0.0 3488
1781190607009 1.0 3489
1781190607023 0.0 3490
1781190607053 0.0 3491
1781190607090 0.0 3492
1781190607105 0.0 3493
1781190607123 0.0 3494
1781190607148 0.0 3495
1781190607191 1.0 3496
1781190607203 0.0 3497
1781190607262 1.0 3498
1781190607279 0.0 3499
1781190607290 1.0 3500
1781190607322 1.0 3501
1781190607336 1.0 3502
1781190607353 0.0 3503
1781190607401 0.0 3504
1781190607416 1.0 3505
1781190607429 0.0 3506
1781190607442 1.0 3507
1781190607456 0.0 3508
1781190607470 1.0 3509
1781190607496 1.0 3510
1781190607516 0.0 3511
1781190607528 1.0 3512
1781190607559 0.0 3513
1781190607574 0.0 3514
1781190607602 0.0 3515
1781190607636 1.0 3516
1781190607649 0.0 3517
1781190607679 1.0 3518
1781190607709 1.0 3519
1781190607724 1.0 3520
1781190607739 1.0 3521
1781190607753 1.0 3522
1781190607776 0.0 3523
1781190607791 0.0 3524
1781190607829 1.0 3525
1781190607849 0.0 3526
1781190607864 0.0 3527
1781190607889 0.0 3528
1781190607903 0.0 3529
1781190607940 0.0 3530
1781190607952 0.0 3531
1781190607968 0.0 3532
1781190607994 0.0 3533
1781190608013 1.0 3534
1781190608026 0.0 3535
1781190608043 1.0 3536
1781190608069 0.0 3537
1781190608090 0.0 3538
1781190608106 1.0 3539
1781190608118 1.0 3540
1781190608138 0.0 3541
1781190608174 1.0 3542
1781190608188 1.0 3543
1781190608234 0.0 3544
1781190608248 0.0 3545
1781190608265 1.0 3546
1781190608279 0.0 3547
1781190608311 1.0 3548
1781190608324 0.0 3549
1781190608350 0.0 3550
1781190608366 0.0 3551
1781190608378 1.0 3552
1781190608401 0.0 3553
1781190608435 0.0 3554
1781190608447 0.0 3555
1781190608470 1.0 3556
1781190608493 0.0 3557
1781190608509 1.0 3558
1781190608524 1.0 3559
1781190608575 0.0 3560
1781190608589 0.0 3561
1781190608606 0.0 3562
1781190608631 0.0 3563
1781190608652 0.0 3564
1781190608669 1.0 3565
1781190608684 1.0 3566
1781190608699 1.0 3567
1781190608715 1.0 3568
1781190608749 1.0 3569
1781190608770 0.0 3570
1781190608783 0.0 3571
1781190608799 0.0 3572
1781190608816 1.0 3573
1781190608851 0.0 3574
1781190608868 1.0 3575
1781190608889 0.0 3576
1781190608915 0.0 3577
1781190608973 1.0 3578
1781190608996 0.0 3579
1781190609009 0.0 3580
1781190609023 0.0 3581
1781190609043 0.0 3582
1781190609069 0.0 3583
1781190609083 1.0 3584
1781190609097 0.0 3585
1781190609147 1.0 3586
1781190609158 0.0 3587
1781190609187 0.0 3588
1781190609215 0.0 3589
1781190609237 0.0 3590
1781190609277 1.0 3591
1781190609301 0.0 3592
1781190609326 1.0 3593
1781190609361 0.0 3594
1781190609382 0.0 3595
1781190609394 1.0 3596
1781190609424 0.0 3597
1781190609436 0.0 3598
1781190609449 0.0 3599
1781190609466 0.0 3600
1781190609484 0.0 3601
1781190609500 1.0 3602
1781190609530 1.0 3603
1781190609543 0.0 3604
1781190609558 0.0 3605
1781190609591 0.0 3606
1781190609622 1.0 3607
1781190609642 0.0 3608
1781190609683 0.0 3609
1781190609722 0.0 3610
1781190609772 1.0 3611
1781190609799 0.0 3612
1781190609826 0.0 3613
1781190609838 0.0 3614
1781190609855 1.0 3615
1781190609879 1.0 3616
1781190609896 1.0 3617
1781190609909 1.0 3618
1781190609924 1.0 3619
1781190609953 0.0 3620
1781190609991 1.0 3621
1781190610017 0.0 3622
1781190610038 0.0 3623
1781190610055 1.0 3624
1781190610077 0.0 3625
1781190610124 0.0 3626
1781190610145 1.0 3627
1781190610162 1.0 3628
1781190610176 0.0 3629
1781190610191 1.0 3630
1781190610229 1.0 3631
1781190610243 1.0 3632
1781190610265 0.0 3633
1781190610285 1.0 3634
1781190610302 1.0 3635
1781190610339 0.0 3636
1781190610353 0.0 3637
1781190610378 1.0 3638
1781190610403 1.0 3639
1781190610420 0.0 3640
1781190610457 0.0 3641
1781190610473 0.0 3642
1781190610491 0.0 3643
1781190610514 0.0 3644
1781190610535 1.0 3645
1781190610551 0.0 3646
1781190610562 1.0 3647
1781190610581 1.0 3648
1781190610593 0.0 3649
1781190610608 1.0 3650
1781190610643 0.0 3651
1781190610669 0.0 3652
1781190610718 1.0 3653
1781190610749 0.0 3654
1781190610771 0.0 3655
1781190610800 0.0 3656
1781190610824 1.0 3657
1781190610840 1.0 3658
1781190610856 0.0 3659
1781190610871 0.0 3660
1781190610885 0.0 3661
1781190610896 0.0 3662
1781190610943 0.0 3663
1781190610972 0.0 3664
1781190610987 0.0 3665
1781190611004 0.0 3666
1781190611031 1.0 3667
1781190611078 0.0 3668
1781190611092 0.0 3669
1781190611107 1.0 3670
1781190611123 1.0 3671
1781190611138 0.0 3672
1781190611161 0.0 3673
1781190611204 0.0 3674
1781190611218 1.0 3675
1781190611235 1.0 3676
1781190611253 0.0 3677
1781190611274 0.0 3678
1781190611292 0.0 3679
1781190611304 0.0 3680
1781190611325 0.0 3681
1781190611342 0.0 3682
1781190611367 1.0 3683
1781190611389 0.0 3684
1781190611402 0.0 3685
1781190611434 0.0 3686
1781190611448 0.0 3687
1781190611462 1.0 3688
1781190611477 1.0 3689
1781190611516 0.0 3690
1781190611529 1.0 3691
1781190611549 0.0 3692
1781190611562 1.0 3693
1781190611595 1.0 3694
1781190611612 1.0 3695
1781190611632 0.0 3696
1781190611653 0.0 3697
1781190611666 0.0 3698
1781190611684 1.0 3699
1781190611705 1.0 3700
1781190611719 1.0 3701
1781190611739 0.0 3702
1781190611768 0.0 3703
1781190611795 0.0 3704
1781190611818 1.0 3705
1781190611857 0.0 3706
1781190611875 1.0 3707
1781190611908 1.0 3708
1781190611923 1.0 3709
1781190611937 1.0 3710
1781190611951 0.0 3711
1781190611965 1.0 3712
1781190611976 1.0 3713
1781190612000 0.0 3714
1781190612012 1.0 3715
1781190612037 1.0 3716
1781190612073 1.0 3717
1781190612099 0.0 3718
1781190612120 0.0 3719
1781190612156 1.0 3720
1781190612188 0.0 3721
1781190612220 0.0 3722
1781190612235 1.0 3723
1781190612246 0.0 3724
1781190612263 0.0 3725
1781190612286 0.0 3726
1781190612308 0.0 3727
1781190612331 0.0 3728
1781190612370 0.0 3729
1781190612417 0.0 3730
1781190612439 0.0 3731
1781190612453 0.0 3732
1781190612473 0.0 3733
1781190612498 0.0 3734
1781190612511 1.0 3735
1781190612526 1.0 3736
1781190612552 0.0 3737
1781190612568 1.0 3738
1781190612588 0.0 3739
1781190612604 1.0 3740
1781190612616 1.0 3741
1781190612629 0.0 3742
1781190612660 1.0 3743
1781190612674 1.0 3744
1781190612695 0.0 3745
1781190612715 0.0 3746
1781190612748 1.0 3747
1781190612768 0.0 3748
1781190612788 0.0 3749
1781190612804 1.0 3750
1781190612818 1.0 3751
1781190612846 1.0 3752
1781190612885 1.0 3753
1781190612920 0.0 3754
1781190612945 1.0 3755
1781190612964 0.0 3756
1781190612991 0.0 3757
1781190613006 0.0 3758
1781190613037 1.0 3759
1781190613065 1.0 3760
1781190613099 0.0 3761
1781190613128 1.0 3762
1781190613153 1.0 3763
1781190613168 1.0 3764
1781190613189 1.0 3765
1781190613212 1.0 3766
1781190613244 1.0 3767
1781190613263 0.0 3768
1781190613276 0.0 3769
1781190613319 0.0 3770
1781190613340 0.0 3771
1781190613355 1.0 3772
1781190613381 0.0 3773
1781190613417 1.0 3774
1781190613430 0.0 3775
1781190613448 1.0 3776
1781190613477 0.0 3777
1781190613498 0.0 3778
1781190613513 1.0 3779
1781190613526 0.0 3780
1781190613540 0.0 3781
1781190613552 1.0 3782
1781190613587 0.0 3783
1781190613607 0.0 3784
1781190613635 0.0 3785
1781190613656 0.0 3786
1781190613672 0.0 3787
1781190613686 0.0 3788
1781190613716 0.0 3789
1781190613737 0.0 3790
1781190613751 0.0 3791
1781190613766 1.0 3792
1781190613782 0.0 3793
1781190613817 0.0 3794
1781190613836 0.0 3795
1781190613861 0.0 3796
1781190613883 0.0 3797
1781190613923 1.0 3798
1781190613937 1.0 3799
1781190613973 0.0 3800
1781190613985 0.0 3801
1781190614023 0.0 3802
1781190614047 0.0 3803
1781190614061 0.0 3804
1781190614084 0.0 3805
1781190614105 0.0 3806
1781190614117 0.0 3807
1781190614137 1.0 3808
1781190614153 1.0 3809
1781190614201 1.0 3810
1781190614226 0.0 3811
1781190614256 0.0 3812
1781190614270 1.0 3813
1781190614294 0.0 3814
1781190614330 0.0 3815
1781190614341 1.0 3816
1781190614359 1.0 3817
1781190614396 1.0 3818
1781190614409 0.0 3819
1781190614425 0.0 3820
1781190614452 0.0 3821
1781190614474 0.0 3822
1781190614499 0.0 3823
1781190614540 0.0 3824
1781190614554 0.0 3825
1781190614599 0.0 3826
1781190614619 1.0 3827
1781190614638 0.0 3828
1781190614677 1.0 3829
1781190614694 1.0 3830
1781190614707 0.0 3831
1781190614725 0.0 3832
1781190614771 1.0 3833
1781190614804 0.0 3834
1781190614825 0.0 3835
1781190614849 0.0 3836
1781190614885 0.0 3837
1781190614920 1.0 3838
1781190614940 0.0 3839
1781190614952 0.0 3840
1781190614974 0.0 3841
1781190615001 0.0 3842
1781190615032 1.0 3843
1781190615047 0.0 3844
1781190615065 0.0 3845
1781190615083 0.0 3846
1781190615101 0.0 3847
1781190615115 1.0 3848
1781190615139 0.0 3849
1781190615153 0.0 3850
1781190615185 0.0 3851
1781190615197 1.0 3852
1781190615211 1.0 3853
1781190615231 0.0 3854
1781190615245 1.0 3855
1781190615258 0.0 3856
1781190615273 0.0 3857
1781190615288 1.0 3858
1781190615321 0.0 3859
1781190615344 0.0 3860
1781190615359 0.0 3861
1781190615370 1.0 3862
1781190615401 0.0 3863
1781190615421 0.0 3864
1781190615434 1.0 3865
1781190615452 0.0 3866
1781190615481 0.0 3867
1781190615501 0.0 3868
1781190615532 0.0 3869
1781190615551 0.0 3870
1781190615576 0.0 3871
1781190615615 1.0 3872
1781190615628 0.0 3873
1781190615642 0.0 3874
1781190615653 1.0 3875
1781190615669 1.0 3876
1781190615702 0.0 3877
1781190615717 0.0 3878
1781190615732 1.0 3879
1781190615776 1.0 3880
1781190615790 0.0 3881
1781190615804 1.0 3882
1781190615831 0.0 3883
1781190615849 0.0 3884
1781190615862 1.0 3885
1781190615891 0.0 3886
1781190615905 1.0 3887
1781190615927 0.0 3888
1781190615952 0.0 3889
1781190615972 0.0 3890
1781190615996 0.0 3891
1781190616008 1.0 3892
1781190616029 0.0 3893
1781190616064 1.0 3894
1781190616077 1.0 3895
1781190616089 1.0 3896
1781190616102 1.0 3897
1781190616120 1.0 3898
1781190616150 0.0 3899
1781190616180 0.0 3900
1781190616194 1.0 3901
1781190616234 0.0 3902
1781190616251 0.0 3903
1781190616272 0.0 3904
1781190616285 0.0 3905
1781190616300 0.0 3906
1781190616314 1.0 3907
1781190616326 1.0 3908
1781190616357 0.0 3909
1781190616369 0.0 3910
1781190616385 0.0 3911
1781190616402 1.0 3912
1781190616426 1.0 3913
1781190616438 1.0 3914
1781190616456 0.0 3915
1781190616469 0.0 3916
1781190616488 1.0 3917
1781190616508 0.0 3918
1781190616530 0.0 3919
1781190616565 0.0 3920
1781190616579 1.0 3921
1781190616598 1.0 3922
1781190616617 0.0 3923
1781190616643 1.0 3924
1781190616660 0.0 3925
1781190616681 0.0 3926
1781190616704 0.0 3927
1781190616735 1.0 3928
1781190616779 0.0 3929
1781190616815 0.0 3930
1781190616830 0.0 3931
1781190616844 1.0 3932
1781190616857 0.0 3933
1781190616871 1.0 3934
1781190616886 0.0 3935
1781190616919 0.0 3936
1781190616939 0.0 3937
1781190616955 1.0 3938
1781190616977 0.0 3939
1781190616991 0.0 3940
1781190617047 1.0 3941
1781190617062 1.0 3942
1781190617085 1.0 3943
1781190617099 0.0 3944
1781190617135 0.0 3945
1781190617149 1.0 3946
1781190617163 1.0 3947
1781190617184 1.0 3948
1781190617230 0.0 3949
1781190617262 0.0 3950
1781190617298 1.0 3951
1781190617320 1.0 3952
1781190617335 1.0 3953
1781190617347 0.0 3954
1781190617364 0.0 3955
1781190617392 0.0 3956
1781190617408 1.0 3957
1781190617431 0.0 3958
1781190617446 0.0 3959
1781190617468 0.0 3960
1781190617486 0.0 3961
1781190617499 0.0 3962
1781190617513 0.0 3963
1781190617532 0.0 3964
1781190617570 0.0 3965
1781190617588 0.0 3966
1781190617612 1.0 3967
1781190617639 1.0 3968
1781190617665 0.0 3969
1781190617683 0.0 3970
1781190617696 1.0 3971
1781190617726 0.0 3972
1781190617750 0.0 3973
1781190617766 0.0 3974
1781190617791 0.0 3975
1781190617803 1.0 3976
1781190617825 0.0 3977
1781190617839 1.0 3978
1781190617857 0.0 3979
1781190617874 1.0 3980
1781190617902 0.0 3981
1781190617935 0.0 3982
1781190617954 0.0 3983
1781190617967 0.0 3984
1781190618004 0.0 3985
1781190618019 0.0 3986
1781190618054 0.0 3987
1781190618102 1.0 3988
1781190618118 1.0 3989
1781190618134 1.0 3990
1781190618148 1.0 3991
1781190618160 1.0 3992
1781190618172 0.0 3993
1781190618203 1.0 3994
1781190618238 1.0 3995
1781190618276 1.0 3996
1781190618292 1.0 3997
1781190618312 0.0 3998
1781190618345 0.0 3999
1781190618367 1.0 4000
1781190618387 0.0 4001
1781190618402 0.0 4002
1781190618433 1.0 4003
1781190618452 0.0 4004
1781190618488 0.0 4005
1781190618515 0.0 4006
1781190618531 0.0 4007
1781190618544 0.0 4008
1781190618563 0.0 4009
1781190618579 1.0 4010
1781190618596 1.0 4011
1781190618617 0.0 4012
1781190618633 1.0 4013
1781190618650 1.0 4014
1781190618683 0.0 4015
1781190618697 1.0 4016
1781190618719 0.0 4017
1781190618765 0.0 4018
1781190618782 1.0 4019
1781190618803 0.0 4020
1781190618823 0.0 4021
1781190618839 0.0 4022
1781190618863 0.0 4023
1781190618877 0.0 4024
1781190618905 0.0 4025
1781190618921 0.0 4026
1781190618936 1.0 4027
1781190618950 1.0 4028
1781190618980 1.0 4029
1781190619006 0.0 4030
1781190619022 0.0 4031
1781190619038 0.0 4032
1781190619052 0.0 4033
1781190619067 1.0 4034
1781190619092 0.0 4035
1781190619127 0.0 4036
1781190619155 1.0 4037
1781190619170 0.0 4038
1781190619193 0.0 4039
1781190619220 0.0 4040
1781190619232 1.0 4041
1781190619263 0.0 4042
1781190619286 0.0 4043
1781190619324 0.0 4044
1781190619344 0.0 4045
1781190619357 0.0 4046
1781190619385 1.0 4047
1781190619409 0.0 4048
1781190619440 0.0 4049
1781190619456 0.0 4050
1781190619489 0.0 4051
1781190619505 0.0 4052
1781190619519 1.0 4053
1781190619539 1.0 4054
1781190619553 0.0 4055
1781190619578 0.0 4056
1781190619614 0.0 4057
1781190619638 1.0 4058
1781190619686 1.0 4059
1781190619703 0.0 4060
1781190619730 0.0 4061
1781190619743 1.0 4062
1781190619755 1.0 4063
1781190619771 0.0 4064
1781190619803 0.0 4065
1781190619836 1.0 4066
1781190619854 0.0 4067
1781190619881 0.0 4068
1781190619895 1.0 4069
1781190619920 0.0 4070
1781190619934 1.0 4071
1781190619959 1.0 4072
1781190619973 1.0 4073
1781190619993 1.0 4074
1781190620014 0.0 4075
1781190620030 1.0 4076
1781190620051 0.0 4077
1781190620069 0.0 4078
1781190620085 1.0 4079
1781190620099 1.0 4080
1781190620121 1.0 4081
1781190620152 0.0 4082
1781190620185 0.0 4083
1781190620199 0.0 4084
1781190620216 0.0 4085
1781190620229 1.0 4086
1781190620250 0.0 4087
1781190620276 0.0 4088
1781190620296 0.0 4089
1781190620326 0.0 4090
1781190620339 0.0 4091
1781190620358 1.0 4092
1781190620402 1.0 4093
1781190620429 1.0 4094
1781190620442 0.0 4095
1781190620462 0.0 4096
1781190620474 1.0 4097
1781190620503 0.0 4098
1781190620524 0.0 4099
1781190620555 0.0 4100
1781190620575 0.0 4101
1781190620601 0.0 4102
1781190620629 1.0 4103
1781190620646 1.0 4104
1781190620668 1.0 4105
1781190620682 1.0 4106
1781190620703 0.0 4107
1781190620723 0.0 4108
1781190620758 0.0 4109
1781190620774 0.0 4110
1781190620793 1.0 4111
1781190620808 1.0 4112
1781190620822 0.0 4113
1781190620836 1.0 4114
1781190620850 0.0 4115
1781190620876 0.0 4116
1781190620897 0.0 4117
1781190620954 1.0 4118
1781190620967 0.0 4119
1781190620998 0.0 4120
1781190621030 0.0 4121
1781190621043 0.0 4122
1781190621056 1.0 4123
1781190621070 0.0 4124
1781190621091 0.0 4125
1781190621115 0.0 4126
1781190621128 0.0 4127
1781190621211 1.0 4128
1781190621227 0.0 4129
1781190621251 1.0 4130
1781190621263 0.0 4131
1781190621293 0.0 4132
1781190621307 0.0 4133
1781190621323 1.0 4134
1781190621340 1.0 4135
1781190621382 1.0 4136
1781190621400 0.0 4137
1781190621436 0.0 4138
1781190621460 1.0 4139
1781190621473 1.0 4140
1781190621503 0.0 4141
1781190621518 0.0 4142
1781190621545 0.0 4143
1781190621570 1.0 4144
1781190621593 1.0 4145
1781190621611 0.0 4146
1781190621632 0.0 4147
1781190621648 0.0 4148
1781190621660 0.0 4149
1781190621691 0.0 4150
1781190621713 1.0 4151
1781190621735 0.0 4152
1781190621761 0.0 4153
1781190621776 1.0 4154
1781190621791 1.0 4155
1781190621822 0.0 4156
1781190621840 0.0 4157
1781190621854 0.0 4158
1781190621867 1.0 4159
1781190621886 0.0 4160
1781190621902 1.0 4161
1781190621934 1.0 4162
1781190621961 1.0 4163
1781190621983 0.0 4164
1781190622003 0.0 4165
1781190622019 1.0 4166
1781190622040 0.0 4167
1781190622055 0.0 4168
1781190622071 1.0 4169
1781190622093 1.0 4170
1781190622105 1.0 4171
1781190622125 0.0 4172
1781190622146 0.0 4173
1781190622172 0.0 4174
1781190622201 0.0 4175
1781190622220 1.0 4176
1781190622241 0.0 4177
1781190622254 0.0 4178
1781190622273 0.0 4179
1781190622294 0.0 4180
1781190622313 0.0 4181
1781190622326 1.0 4182
1781190622373 1.0 4183
1781190622391 0.0 4184
1781190622407 1.0 4185
1781190622437 0.0 4186
1781190622452 0.0 4187
1781190622469 0.0 4188
1781190622486 1.0 4189
1781190622499 0.0 4190
1781190622527 0.0 4191
1781190622550 0.0 4192
1781190622561 1.0 4193
1781190622575 1.0 4194
1781190622612 1.0 4195
1781190622627 1.0 4196
1781190622648 0.0 4197
1781190622665 0.0 4198
1781190622679 0.0 4199
1781190622699 0.0 4200
1781190622714 1.0 4201
1781190622751 1.0 4202
1781190622777 0.0 4203
1781190622808 1.0 4204
1781190622852 0.0 4205
1781190622867 1.0 4206
1781190622881 0.0 4207
1781190622921 0.0 4208
1781190622938 0.0 4209
1781190622951 0.0 4210
1781190622970 0.0 4211
1781190623001 1.0 4212
1781190623023 0.0 4213
1781190623034 1.0 4214
1781190623065 1.0 4215
1781190623101 0.0 4216
1781190623125 0.0 4217
1781190623139 0.0 4218
1781190623160 1.0 4219
1781190623176 1.0 4220
1781190623199 0.0 4221
1781190623213 0.0 4222
1781190623228 1.0 4223
1781190623249 0.0 4224
1781190623282 0.0 4225
1781190623299 0.0 4226
1781190623319 0.0 4227
1781190623331 0.0 4228
1781190623369 0.0 4229
1781190623396 0.0 4230
1781190623413 1.0 4231
1781190623425 1.0 4232
1781190623439 0.0 4233
1781190623453 1.0 4234
1781190623477 0.0 4235
1781190623507 1.0 4236
1781190623527 0.0 4237
1781190623546 1.0 4238
1781190623574 0.0 4239
1781190623593 0.0 4240
1781190623613 0.0 4241
1781190623630 0.0 4242
1781190623657 0.0 4243
1781190623682 0.0 4244
1781190623699 1.0 4245
1781190623744 0.0 4246
1781190623768 0.0 4247
1781190623787 0.0 4248
1781190623808 0.0 4249
1781190623833 0.0 4250
1781190623861 1.0 4251
1781190623880 0.0 4252
1781190623911 1.0 4253
1781190623929 0.0 4254
1781190623944 1.0 4255
1781190623959 1.0 4256
1781190623983 0.0 4257
1781190623998 0.0 4258
1781190624027 1.0 4259
1781190624041 0.0 4260
1781190624082 0.0 4261
1781190624116 0.0 4262
1781190624137 0.0 4263
1781190624159 0.0 4264
1781190624173 0.0 4265
1781190624217 0.0 4266
1781190624237 1.0 4267
1781190624251 0.0 4268
1781190624280 1.0 4269
1781190624299 0.0 4270
1781190624321 0.0 4271
1781190624336 0.0 4272
1781190624367 1.0 4273
1781190624390 0.0 4274
1781190624409 1.0 4275
1781190624420 1.0 4276
1781190624460 0.0 4277
1781190624497 0.0 4278
1781190624526 1.0 4279
1781190624540 1.0 4280
1781190624576 0.0 4281
1781190624588 1.0 4282
1781190624618 0.0 4283
1781190624637 1.0 4284
1781190624665 0.0 4285
1781190624693 0.0 4286
1781190624725 1.0 4287
1781190624756 1.0 4288
1781190624777 0.0 4289
1781190624806 0.0 4290
1781190624826 1.0 4291
1781190624857 0.0 4292
1781190624869 1.0 4293
1781190624897 0.0 4294
1781190624922 0.0 4295
1781190624944 1.0 4296
1781190624958 0.0 4297
1781190624978 0.0 4298
1781190625005 0.0 4299
1781190625021 1.0 4300
1781190625047 1.0 4301
1781190625079 0.0 4302
1781190625096 1.0 4303
1781190625110 1.0 4304
1781190625144 0.0 4305
1781190625169 1.0 4306
1781190625194 0.0 4307
1781190625217 0.0 4308
1781190625248 0.0 4309
1781190625260 1.0 4310
1781190625297 1.0 4311
1781190625323 0.0 4312
1781190625337 1.0 4313
1781190625359 1.0 4314
1781190625374 0.0 4315
1781190625394 0.0 4316
1781190625410 0.0 4317
1781190625425 1.0 4318
1781190625452 0.0 4319
1781190625466 1.0 4320
1781190625488 1.0 4321
1781190625509 0.0 4322
1781190625524 1.0 4323
1781190625544 1.0 4324
1781190625558 1.0 4325
1781190625574 0.0 4326
1781190625619 0.0 4327
1781190625635 0.0 4328
1781190625659 0.0 4329
1781190625688 0.0 4330
1781190625718 0.0 4331
1781190625738 0.0 4332
1781190625762 0.0 4333
1781190625795 0.0 4334
1781190625814 0.0 4335
1781190625833 0.0 4336
1781190625847 0.0 4337
1781190625891 1.0 4338
1781190625905 0.0 4339
1781190625924 1.0 4340
1781190625938 1.0 4341
1781190625961 0.0 4342
1781190625973 0.0 4343
1781190625997 0.0 4344
1781190626009 0.0 4345
1781190626029 0.0 4346
1781190626052 0.0 4347
1781190626073 0.0 4348
1781190626086 0.0 4349
1781190626107 0.0 4350
1781190626130 0.0 4351
1781190626155 1.0 4352
1781190626175 0.0 4353
1781190626188 1.0 4354
1781190626213 1.0 4355
1781190626242 0.0 4356
1781190626275 0.0 4357
1781190626310 0.0 4358
1781190626331 0.0 4359
1781190626345 1.0 4360
1781190626365 1.0 4361
1781190626409 0.0 4362
1781190626431 0.0 4363
1781190626454 0.0 4364
1781190626469 1.0 4365
1781190626483 1.0 4366
1781190626505 0.0 4367
1781190626523 0.0 4368
1781190626571 1.0 4369
1781190626606 0.0 4370
1781190626620 1.0 4371
1781190626655 0.0 4372
1781190626673 0.0 4373
1781190626699 1.0 4374
1781190626723 0.0 4375
1781190626738 0.0 4376
1781190626779 0.0 4377
1781190626806 0.0 4378
1781190626819 0.0 4379
1781190626831 1.0 4380
1781190626853 1.0 4381
1781190626867 0.0 4382
1781190626879 0.0 4383
1781190626892 1.0 4384
1781190626908 1.0 4385
1781190626931 0.0 4386
1781190626953 0.0 4387
1781190626978 1.0 4388
1781190626992 1.0 4389
1781190627013 0.0 4390
1781190627050 0.0 4391
1781190627061 0.0 4392
1781190627096 0.0 4393
1781190627114 0.0 4394
1781190627139 1.0 4395
1781190627153 1.0 4396
1781190627169 1.0 4397
1781190627186 0.0 4398
1781190627207 1.0 4399
1781190627232 1.0 4400
1781190627244 0.0 4401
1781190627294 1.0 4402
1781190627307 1.0 4403
1781190627320 0.0 4404
1781190627339 0.0 4405
1781190627381 0.0 4406
1781190627395 1.0 4407
1781190627426 0.0 4408
1781190627447 0.0 4409
1781190627484 0.0 4410
1781190627514 0.0 4411
1781190627527 1.0 4412
1781190627549 1.0 4413
1781190627568 0.0 4414
1781190627586 0.0 4415
1781190627600 1.0 4416
1781190627635 0.0 4417
1781190627649 1.0 4418
1781190627663 0.0 4419
1781190627677 0.0 4420
1781190627699 1.0 4421
1781190627718 1.0 4422
1781190627736 0.0 4423
1781190627755 0.0 4424
1781190627769 1.0 4425
1781190627783 0.0 4426
1781190627822 1.0 4427
1781190627835 1.0 4428
1781190627864 0.0 4429
1781190627882 1.0 4430
1781190627898 1.0 4431
1781190627911 1.0 4432
1781190627928 0.0 4433
1781190627940 1.0 4434
1781190627973 0.0 4435
1781190627994 0.0 4436
1781190628021 0.0 4437
1781190628034 1.0 4438
1781190628065 0.0 4439
1781190628081 0.0 4440
1781190628094 1.0 4441
1781190628106 1.0 4442
1781190628123 0.0 4443
1781190628145 0.0 4444
1781190628173 1.0 4445
1781190628185 1.0 4446
1781190628199 1.0 4447
1781190628213 0.0 4448
1781190628257 1.0 4449
1781190628290 1.0 4450
1781190628313 1.0 4451
1781190628325 0.0 4452
1781190628342 1.0 4453
1781190628364 0.0 4454
1781190628392 1.0 4455
1781190628422 1.0 4456
1781190628436 0.0 4457
1781190628466 1.0 4458
1781190628484 0.0 4459
1781190628498 1.0 4460
1781190628511 0.0 4461
1781190628526 0.0 4462
1781190628540 0.0 4463
1781190628561 0.0 4464
1781190628581 0.0 4465
1781190628594 1.0 4466
1781190628614 0.0 4467
1781190628631 1.0 4468
1781190628650 0.0 4469
1781190628662 0.0 4470
1781190628705 1.0 4471
1781190628720 0.0 4472
1781190628741 1.0 4473
1781190628767 0.0 4474
1781190628793 0.0 4475
1781190628813 0.0 4476
1781190628844 0.0 4477
1781190628858 0.0 4478
1781190628885 0.0 4479
1781190628910 0.0 4480
1781190628930 0.0 4481
1781190628942 1.0 4482
1781190628964 0.0 4483
1781190628976 0.0 4484
1781190629012 0.0 4485
1781190629025 0.0 4486
1781190629040 1.0 4487
1781190629068 0.0 4488
1781190629097 0.0 4489
1781190629115 0.0 4490
1781190629135 0.0 4491
1781190629149 0.0 4492
1781190629192 1.0 4493
1781190629228 1.0 4494
1781190629242 1.0 4495
1781190629264 1.0 4496
1781190629280 0.0 4497
1781190629296 0.0 4498
1781190629316 0.0 4499
1781190629330 0.0 4500
1781190629347 1.0 4501
1781190629366 0.0 4502
1781190629390 1.0 4503
1781190629413 1.0 4504
1781190629434 0.0 4505
1781190629446 0.0 4506
1781190629475 0.0 4507
1781190629494 0.0 4508
1781190629514 0.0 4509
1781190629534 0.0 4510
1781190629547 1.0 4511
1781190629582 0.0 4512
1781190629595 1.0 4513
1781190629632 1.0 4514
1781190629651 0.0 4515
1781190629671 0.0 4516
1781190629700 1.0 4517
1781190629715 1.0 4518
1781190629741 1.0 4519
1781190629755 0.0 4520
1781190629784 1.0 4521
1781190629806 0.0 4522
1781190629831 0.0 4523
1781190629872 1.0 4524
1781190629898 1.0 4525
1781190629932 0.0 4526
1781190629971 0.0 4527
1781190629994 0.0 4528
1781190630010 1.0 4529
1781190630059 1.0 4530
1781190630082 1.0 4531
1781190630116 0.0 4532
1781190630169 1.0 4533
1781190630187 0.0 4534
1781190630208 0.0 4535
1781190630226 0.0 4536
1781190630258 0.0 4537
1781190630291 1.0 4538
1781190630331 1.0 4539
1781190630370 0.0 4540
1781190630417 0.0 4541
1781190630430 1.0 4542
1781190630442 1.0 4543
1781190630459 0.0 4544
1781190630479 1.0 4545
1781190630496 0.0 4546
1781190630515 0.0 4547
1781190630533 1.0 4548
1781190630582 0.0 4549
1781190630609 1.0 4550
1781190630622 1.0 4551
1781190630659 1.0 4552
1781190630679 0.0 4553
1781190630693 0.0 4554
1781190630711 1.0 4555
1781190630746 0.0 4556
1781190630758 1.0 4557
1781190630777 0.0 4558
1781190630796 1.0 4559
1781190630819 0.0 4560
1781190630834 1.0 4561
1781190630856 0.0 4562
1781190630878 0.0 4563
1781190630894 1.0 4564
1781190630925 0.0 4565
1781190630966 0.0 4566
1781190631016 0.0 4567
1781190631043 1.0 4568
1781190631058 1.0 4569
1781190631073 1.0 4570
1781190631089 1.0 4571
1781190631107 0.0 4572
1781190631122 1.0 4573
1781190631135 1.0 4574
1781190631149 1.0 4575
1781190631161 1.0 4576
1781190631177 1.0 4577
1781190631192 1.0 4578
1781190631223 0.0 4579
1781190631246 1.0 4580
1781190631277 1.0 4581
1781190631318 0.0 4582
1781190631340 0.0 4583
1781190631360 0.0 4584
1781190631388 1.0 4585
1781190631410 0.0 4586
1781190631425 0.0 4587
1781190631447 0.0 4588
1781190631461 1.0 4589
1781190631474 1.0 4590
1781190631491 0.0 4591
1781190631505 1.0 4592
1781190631520 1.0 4593
1781190631535 1.0 4594
1781190631552 1.0 4595
1781190631568 1.0 4596
1781190631585 0.0 4597
1781190631602 1.0 4598
1781190631618 1.0 4599
1781190631632 1.0 4600
1781190631652 1.0 4601
1781190631665 1.0 4602
1781190631676 1.0 4603
1781190631711 1.0 4604
1781190631724 1.0 4605
1781190631753 0.0 4606
1781190631778 0.0 4607
1781190631810 1.0 4608
1781190631825 0.0 4609
1781190631847 0.0 4610
1781190631869 0.0 4611
1781190631921 0.0 4612
1781190631956 0.0 4613
1781190631975 0.0 4614
1781190632022 0.0 4615
1781190632059 1.0 4616
1781190632073 1.0 4617
1781190632098 0.0 4618
1781190632129 0.0 4619
1781190632145 0.0 4620
1781190632184 0.0 4621
1781190632220 0.0 4622
1781190632246 0.0 4623
1781190632262 1.0 4624
1781190632297 1.0 4625
1781190632321 0.0 4626
1781190632342 1.0 4627
1781190632355 1.0 4628
1781190632386 0.0 4629
1781190632400 0.0 4630
1781190632411 1.0 4631
1781190632428 0.0 4632
1781190632466 1.0 4633
1781190632497 0.0 4634
1781190632510 0.0 4635
1781190632535 1.0 4636
1781190632556 1.0 4637
1781190632584 0.0 4638
1781190632633 0.0 4639
1781190632655 0.0 4640
1781190632673 1.0 4641
1781190632703 0.0 4642
1781190632725 0.0 4643
1781190632739 0.0 4644
1781190632764 0.0 4645
1781190632796 0.0 4646
1781190632824 0.0 4647
1781190632838 0.0 4648
1781190632861 1.0 4649
1781190632883 0.0 4650
1781190632914 0.0 4651
1781190632939 1.0 4652
1781190632953 1.0 4653
1781190632969 1.0 4654
1781190632985 1.0 4655
1781190633018 0.0 4656
1781190633039 0.0 4657
1781190633057 0.0 4658
1781190633080 0.0 4659
1781190633122 1.0 4660
1781190633137 0.0 4661
1781190633151 0.0 4662
1781190633170 0.0 4663
1781190633196 0.0 4664
1781190633210 0.0 4665
1781190633232 0.0 4666
1781190633251 0.0 4667
1781190633267 0.0 4668
1781190633313 0.0 4669
1781190633337 1.0 4670
1781190633352 0.0 4671
1781190633373 0.0 4672
1781190633386 0.0 4673
1781190633407 0.0 4674
1781190633426 1.0 4675
1781190633448 0.0 4676
1781190633469 0.0 4677
1781190633485 0.0 4678
1781190633500 0.0 4679
1781190633513 0.0 4680
1781190633529 1.0 4681
1781190633544 0.0 4682
1781190633575 0.0 4683
1781190633591 0.0 4684
1781190633623 1.0 4685
1781190633651 0.0 4686
1781190633667 0.0 4687
1781190633686 0.0 4688
1781190633704 0.0 4689
1781190633733 0.0 4690
1781190633779 0.0 4691
1781190633812 0.0 4692
1781190633829 1.0 4693
1781190633871 0.0 4694
1781190633890 0.0 4695
1781190633930 0.0 4696
1781190633947 1.0 4697
1781190633961 1.0 4698
1781190633990 1.0 4699
1781190634023 0.0 4700
1781190634058 0.0 4701
1781190634072 0.0 4702
1781190634089 0.0 4703
1781190634122 1.0 4704
1781190634136 0.0 4705
1781190634182 1.0 4706
1781190634198 1.0 4707
1781190634222 0.0 4708
1781190634235 0.0 4709
1781190634249 1.0 4710
1781190634266 1.0 4711
1781190634281 1.0 4712
1781190634305 0.0 4713
1781190634320 0.0 4714
1781190634337 1.0 4715
1781190634354 0.0 4716
1781190634374 1.0 4717
1781190634387 0.0 4718
1781190634415 0.0 4719
1781190634427 0.0 4720
1781190634443 0.0 4721
1781190634457 1.0 4722
1781190634503 1.0 4723
1781190634517 1.0 4724
1781190634532 1.0 4725
1781190634565 1.0 4726
1781190634581 1.0 4727
1781190634610 0.0 4728
1781190634631 0.0 4729
1781190634678 0.0 4730
1781190634704 0.0 4731
1781190634732 0.0 4732
1781190634748 0.0 4733
1781190634764 1.0 4734
1781190634805 0.0 4735
1781190634818 1.0 4736
1781190634833 1.0 4737
1781190634848 1.0 4738
1781190634861 0.0 4739
1781190634890 0.0 4740
1781190634905 0.0 4741
1781190634927 1.0 4742
1781190634941 1.0 4743
1781190634955 0.0 4744
1781190634989 1.0 4745
1781190635008 1.0 4746
1781190635028 0.0 4747
1781190635049 1.0 4748
1781190635070 0.0 4749
1781190635119 0.0 4750
1781190635141 1.0 4751
1781190635176 0.0 4752
1781190635189 1.0 4753
1781190635205 1.0 4754
1781190635237 0.0 4755
1781190635256 1.0 4756
1781190635284 0.0 4757
1781190635322 1.0 4758
1781190635349 1.0 4759
1781190635364 0.0 4760
1781190635377 1.0 4761
1781190635414 0.0 4762
1781190635438 0.0 4763
1781190635475 0.0 4764
1781190635491 1.0 4765
1781190635504 1.0 4766
1781190635526 1.0 4767
1781190635555 0.0 4768
1781190635578 1.0 4769
1781190635592 1.0 4770
1781190635620 0.0 4771
1781190635637 0.0 4772
1781190635660 0.0 4773
1781190635680 0.0 4774
1781190635700 1.0 4775
1781190635714 0.0 4776
1781190635747 0.0 4777
1781190635762 0.0 4778
1781190635790 1.0 4779
1781190635823 0.0 4780
1781190635837 1.0 4781
1781190635862 0.0 4782
1781190635875 1.0 4783
1781190635889 1.0 4784
1781190635906 1.0 4785
1781190635921 1.0 4786
1781190635935 0.0 4787
1781190635956 0.0 4788
1781190635973 1.0 4789
1781190635990 0.0 4790
1781190636011 1.0 4791
1781190636028 0.0 4792
1781190636046 1.0 4793
1781190636086 1.0 4794
1781190636128 0.0 4795
1781190636143 1.0 4796
1781190636160 0.0 4797
1781190636210 1.0 4798
1781190636249 0.0 4799
1781190636291 1.0 4800
1781190636309 0.0 4801
1781190636322 0.0 4802
1781190636350 0.0 4803
1781190636406 1.0 4804
1781190636456 1.0 4805
1781190636488 1.0 4806
1781190636504 1.0 4807
1781190636544 0.0 4808
1781190636578 0.0 4809
1781190636616 1.0 4810
1781190636633 0.0 4811
1781190636649 0.0 4812
1781190636671 0.0 4813
1781190636687 1.0 4814
1781190636702 0.0 4815
1781190636716 0.0 4816
1781190636727 1.0 4817
1781190636757 0.0 4818
1781190636768 0.0 4819
1781190636785 0.0 4820
1781190636810 0.0 4821
1781190636834 0.0 4822
1781190636848 0.0 4823
1781190636865 0.0 4824
1781190636916 1.0 4825
1781190636938 0.0 4826
1781190636956 1.0 4827
1781190636972 0.0 4828
1781190636988 1.0 4829
1781190637002 0.0 4830
1781190637017 1.0 4831
1781190637033 1.0 4832
1781190637055 0.0 4833
1781190637085 0.0 4834
1781190637102 1.0 4835
1781190637123 0.0 4836
1781190637144 0.0 4837
1781190637187 1.0 4838
1781190637229 1.0 4839
1781190637252 0.0 4840
1781190637272 0.0 4841
1781190637288 1.0 4842
1781190637325 1.0 4843
1781190637341 0.0 4844
1781190637355 1.0 4845
1781190637376 0.0 4846
1781190637400 0.0 4847
1781190637413 0.0 4848
1781190637452 0.0 4849
1781190637474 0.0 4850
1781190637509 0.0 4851
1781190637534 0.0 4852
1781190637565 0.0 4853
1781190637582 0.0 4854
1781190637602 0.0 4855
1781190637614 0.0 4856
1781190637658 1.0 4857
1781190637685 1.0 4858
1781190637698 0.0 4859
1781190637720 1.0 4860
1781190637734 0.0 4861
1781190637770 1.0 4862
1781190637790 0.0 4863
1781190637825 1.0 4864
1781190637881 0.0 4865
1781190637905 0.0 4866
1781190637944 1.0 4867
1781190637980 1.0 4868
1781190637992 1.0 4869
1781190638011 1.0 4870
1781190638034 0.0 4871
1781190638049 0.0 4872
1781190638089 0.0 4873
1781190638115 0.0 4874
1781190638134 0.0 4875
1781190638167 0.0 4876
1781190638179 1.0 4877
1781190638212 1.0 4878
1781190638226 1.0 4879
1781190638238 1.0 4880
1781190638281 0.0 4881
1781190638293 1.0 4882
1781190638305 0.0 4883
1781190638322 1.0 4884
1781190638362 0.0 4885
1781190638388 0.0 4886
1781190638408 0.0 4887
1781190638427 0.0 4888
1781190638442 0.0 4889
1781190638458 1.0 4890
1781190638490 1.0 4891
1781190638504 0.0 4892
1781190638551 0.0 4893
1781190638570 0.0 4894
1781190638596 0.0 4895
1781190638619 0.0 4896
1781190638649 1.0 4897
1781190638662 1.0 4898
1781190638676 0.0 4899
1781190638697 0.0 4900
1781190638726 1.0 4901
1781190638755 0.0 4902
1781190638774 1.0 4903
1781190638791 0.0 4904
1781190638807 1.0 4905
1781190638823 0.0 4906
1781190638857 0.0 4907
1781190638890 1.0 4908
1781190638905 1.0 4909
1781190638929 0.0 4910
1781190638943 0.0 4911
1781190638958 1.0 4912
1781190638991 1.0 4913
1781190639006 0.0 4914
1781190639034 0.0 4915
1781190639058 0.0 4916
1781190639072 1.0 4917
1781190639103 1.0 4918
1781190639129 0.0 4919
1781190639145 1.0 4920
1781190639172 0.0 4921
1781190639186 1.0 4922
1781190639209 0.0 4923
1781190639241 0.0 4924
1781190639260 0.0 4925
1781190639279 0.0 4926
1781190639295 1.0 4927
1781190639319 0.0 4928
1781190639340 0.0 4929
1781190639359 1.0 4930
1781190639374 1.0 4931
1781190639410 0.0 4932
1781190639427 1.0 4933
1781190639443 1.0 4934
1781190639467 0.0 4935
1781190639481 0.0 4936
1781190639496 0.0 4937
1781190639509 1.0 4938
1781190639540 0.0 4939
1781190639573 0.0 4940
1781190639609 1.0 4941
1781190639623 1.0 4942
1781190639637 1.0 4943
1781190639651 1.0 4944
1781190639686 0.0 4945
1781190639705 0.0 4946
1781190639731 0.0 4947
1781190639760 0.0 4948
1781190639774 1.0 4949
1781190639792 0.0 4950
1781190639819 0.0 4951
1781190639854 0.0 4952
1781190639870 0.0 4953
1781190639884 0.0 4954
1781190639905 0.0 4955
1781190639924 0.0 4956
1781190639942 0.0 4957
1781190639982 0.0 4958
1781190640005 0.0 4959
1781190640018 1.0 4960
1781190640075 1.0 4961
1781190640094 0.0 4962
1781190640116 0.0 4963
1781190640130 1.0 4964
1781190640145 1.0 4965
1781190640169 1.0 4966
1781190640183 0.0 4967
1781190640197 0.0 4968
1781190640216 1.0 4969
1781190640228 1.0 4970
1781190640255 1.0 4971
1781190640267 1.0 4972
1781190640289 1.0 4973
1781190640325 0.0 4974
1781190640367 0.0 4975
1781190640399 1.0 4976
1781190640418 0.0 4977
1781190640442 1.0 4978
1781190640463 0.0 4979
1781190640505 1.0 4980
1781190640526 0.0 4981
1781190640561 0.0 4982
1781190640624 1.0 4983
1781190640648 0.0 4984
1781190640662 1.0 4985
1781190640694 0.0 4986
1781190640732 0.0 4987
1781190640770 1.0 4988
1781190640783 0.0 4989
1781190640796 0.0 4990
1781190640812 1.0 4991
1781190640840 0.0 4992
1781190640876 1.0 4993
1781190640890 0.0 4994
1781190640908 1.0 4995
1781190640937 0.0 4996
1781190640973 0.0 4997
1781190641005 0.0 4998
1781190641021 1.0 4999
1781190641043 0.0 5000
1781190641056 0.0 5001
1781190641072 1.0 5002
1781190641124 1.0 5003
1781190641147 0.0 5004
1781190641166 0.0 5005
1781190641219 0.0 5006
1781190641257 1.0 5007
1781190641284 1.0 5008
1781190641316 0.0 5009
1781190641343 0.0 5010
1781190641357 0.0 5011
1781190641372 1.0 5012
1781190641390 0.0 5013
1781190641414 0.0 5014
1781190641436 0.0 5015
1781190641478 0.0 5016
1781190641495 0.0 5017
1781190641509 1.0 5018
1781190641523 1.0 5019
1781190641557 0.0 5020
1781190641570 1.0 5021
1781190641584 1.0 5022
1781190641601 0.0 5023
1781190641617 0.0 5024
1781190641633 0.0 5025
1781190641649 0.0 5026
1781190641661 1.0 5027
1781190641677 0.0 5028
1781190641711 0.0 5029
1781190641725 0.0 5030
1781190641781 0.0 5031
1781190641804 1.0 5032
1781190641844 1.0 5033
1781190641884 0.0 5034
1781190641910 0.0 5035
1781190641935 0.0 5036
1781190641971 1.0 5037
1781190641986 1.0 5038
1781190642002 0.0 5039
1781190642016 1.0 5040
1781190642032 1.0 5041
1781190642044 0.0 5042
1781190642061 0.0 5043
1781190642074 1.0 5044
1781190642122 1.0 5045
1781190642137 0.0 5046
1781190642154 0.0 5047
1781190642170 0.0 5048
1781190642189 0.0 5049
1781190642214 1.0 5050
1781190642228 0.0 5051
1781190642247 0.0 5052
1781190642282 0.0 5053
1781190642298 0.0 5054
1781190642329 0.0 5055
1781190642349 0.0 5056
1781190642365 0.0 5057
1781190642396 0.0 5058
1781190642407 1.0 5059
1781190642425 1.0 5060
1781190642441 1.0 5061
1781190642456 0.0 5062
1781190642472 1.0 5063
1781190642503 0.0 5064
1781190642525 0.0 5065
1781190642537 1.0 5066
1781190642553 0.0 5067
1781190642584 0.0 5068
1781190642605 0.0 5069
1781190642640 0.0 5070
1781190642654 1.0 5071
1781190642670 0.0 5072
1781190642689 0.0 5073
1781190642708 0.0 5074
1781190642725 1.0 5075
1781190642740 1.0 5076
1781190642765 0.0 5077
1781190642786 0.0 5078
1781190642801 0.0 5079
1781190642831 0.0 5080
1781190642853 0.0 5081
1781190642882 0.0 5082
1781190642924 0.0 5083
1781190642936 0.0 5084
1781190642969 0.0 5085
1781190642982 1.0 5086
1781190643004 0.0 5087
1781190643022 0.0 5088
1781190643037 0.0 5089
1781190643060 1.0 5090
1781190643082 0.0 5091
1781190643096 0.0 5092
1781190643131 0.0 5093
1781190643153 1.0 5094
1781190643168 1.0 5095
1781190643180 1.0 5096
1781190643233 1.0 5097
1781190643252 0.0 5098
1781190643278 0.0 5099
1781190643292 0.0 5100
1781190643307 0.0 5101
1781190643333 0.0 5102
1781190643351 1.0 5103
1781190643375 0.0 5104
1781190643399 0.0 5105
1781190643451 1.0 5106
1781190643466 1.0 5107
1781190643490 1.0 5108
1781190643504 0.0 5109
1781190643523 1.0 5110
1781190643571 1.0 5111
1781190643614 0.0 5112
1781190643635 0.0 5113
1781190643657 1.0 5114
1781190643685 1.0 5115
1781190643701 0.0 5116
1781190643718 0.0 5117
1781190643732 1.0 5118
1781190643758 0.0 5119
1781190643784 1.0 5120
1781190643811 1.0 5121
1781190643839 0.0 5122
1781190643858 0.0 5123
1781190643879 0.0 5124
1781190643931 1.0 5125
1781190643947 0.0 5126
1781190643975 1.0 5127
1781190644008 0.0 5128
1781190644028 1.0 5129
1781190644057 0.0 5130
1781190644071 1.0 5131
1781190644086 0.0 5132
1781190644123 0.0 5133
1781190644138 1.0 5134
1781190644168 1.0 5135
1781190644188 0.0 5136
1781190644209 0.0 5137
1781190644221 1.0 5138
1781190644240 0.0 5139
1781190644265 1.0 5140
1781190644277 0.0 5141
1781190644297 0.0 5142
1781190644321 0.0 5143
1781190644341 0.0 5144
1781190644370 0.0 5145
1781190644386 1.0 5146
1781190644402 0.0 5147
1781190644423 0.0 5148
1781190644439 0.0 5149
1781190644466 0.0 5150
1781190644481 0.0 5151
1781190644508 1.0 5152
1781190644531 0.0 5153
1781190644580 0.0 5154
1781190644605 0.0 5155
1781190644620 0.0 5156
1781190644654 1.0 5157
1781190644676 0.0 5158
1781190644719 1.0 5159
1781190644752 0.0 5160
1781190644791 1.0 5161
1781190644838 0.0 5162
1781190644859 0.0 5163
1781190644882 0.0 5164
1781190644907 1.0 5165
1781190644920 1.0 5166
1781190644948 0.0 5167
1781190644976 1.0 5168
1781190644992 0.0 5169
1781190645008 1.0 5170
1781190645048 0.0 5171
1781190645069 0.0 5172
1781190645095 1.0 5173
1781190645112 1.0 5174
1781190645137 0.0 5175
1781190645164 0.0 5176
1781190645177 0.0 5177
1781190645196 0.0 5178
1781190645231 1.0 5179
1781190645244 0.0 5180
1781190645272 0.0 5181
1781190645306 0.0 5182
1781190645353 0.0 5183
1781190645365 0.0 5184
1781190645378 1.0 5185
1781190645390 1.0 5186
1781190645411 0.0 5187
1781190645435 0.0 5188
1781190645450 0.0 5189
1781190645465 0.0 5190
1781190645479 0.0 5191
1781190645512 0.0 5192
1781190645527 0.0 5193
1781190645554 0.0 5194
1781190645569 1.0 5195
1781190645585 0.0 5196
1781190645598 0.0 5197
1781190645611 1.0 5198
1781190645631 0.0 5199
1781190645685 0.0 5200
1781190645714 0.0 5201
1781190645737 0.0 5202
1781190645750 1.0 5203
1781190645763 0.0 5204
1781190645792 1.0 5205
1781190645816 1.0 5206
1781190645830 0.0 5207
1781190645845 0.0 5208
1781190645858 1.0 5209
1781190645888 0.0 5210
1781190645917 1.0 5211
1781190645936 0.0 5212
1781190645973 0.0 5213
1781190645986 0.0 5214
1781190646017 1.0 5215
1781190646054 0.0 5216
1781190646077 0.0 5217
1781190646096 0.0 5218
1781190646115 1.0 5219
1781190646127 0.0 5220
1781190646180 0.0 5221
1781190646218 0.0 5222
1781190646253 0.0 5223
1781190646267 0.0 5224
1781190646308 0.0 5225
1781190646320 1.0 5226
1781190646348 1.0 5227
1781190646367 1.0 5228
1781190646378 0.0 5229
1781190646419 1.0 5230
1781190646453 1.0 5231
1781190646477 0.0 5232
1781190646498 0.0 5233
1781190646520 0.0 5234
1781190646541 0.0 5235
1781190646557 0.0 5236
1781190646574 1.0 5237
1781190646604 1.0 5238
1781190646639 0.0 5239
1781190646655 0.0 5240
1781190646686 0.0 5241
1781190646704 0.0 5242
1781190646727 0.0 5243
1781190646748 0.0 5244
1781190646761 1.0 5245
1781190646788 1.0 5246
1781190646805 1.0 5247
1781190646828 0.0 5248
1781190646862 0.0 5249
1781190646879 0.0 5250
1781190646907 0.0 5251
1781190646935 1.0 5252
1781190646950 1.0 5253
1781190646978 0.0 5254
1781190647004 1.0 5255
1781190647020 0.0 5256
1781190647051 0.0 5257
1781190647074 0.0 5258
1781190647118 0.0 5259
1781190647142 0.0 5260
1781190647161 0.0 5261
1781190647187 0.0 5262
1781190647219 1.0 5263
1781190647244 0.0 5264
1781190647263 0.0 5265
1781190647313 0.0 5266
1781190647342 0.0 5267
1781190647356 0.0 5268
1781190647388 1.0 5269
1781190647401 1.0 5270
1781190647415 1.0 5271
1781190647438 1.0 5272
1781190647470 0.0 5273
1781190647506 0.0 5274
1781190647535 0.0 5275
1781190647562 1.0 5276
1781190647588 0.0 5277
1781190647604 0.0 5278
1781190647622 1.0 5279
1781190647650 1.0 5280
1781190647667 1.0 5281
1781190647679 1.0 5282
1781190647703 0.0 5283
1781190647729 0.0 5284
1781190647745 1.0 5285
1781190647778 1.0 5286
1781190647790 0.0 5287
1781190647805 1.0 5288
1781190647826 0.0 5289
1781190647838 1.0 5290
1781190647861 0.0 5291
1781190647886 0.0 5292
1781190647920 1.0 5293
1781190647942 0.0 5294
1781190647965 0.0 5295
1781190647978 0.0 5296
1781190647998 0.0 5297
1781190648013 1.0 5298
1781190648027 0.0 5299
1781190648051 0.0 5300
1781190648068 1.0 5301
1781190648088 0.0 5302
1781190648117 1.0 5303
1781190648138 0.0 5304
1781190648153 1.0 5305
1781190648173 0.0 5306
1781190648186 0.0 5307
1781190648216 1.0 5308
1781190648230 1.0 5309
1781190648246 1.0 5310
1781190648259 1.0 5311
1781190648274 0.0 5312
1781190648288 1.0 5313
1781190648313 0.0 5314
1781190648345 0.0 5315
1781190648390 1.0 5316
1781190648421 0.0 5317
1781190648457 0.0 5318
1781190648472 0.0 5319
1781190648506 0.0 5320
1781190648521 0.0 5321
1781190648536 0.0 5322
1781190648552 1.0 5323
1781190648568 0.0 5324
1781190648579 1.0 5325
1781190648601 0.0 5326
1781190648620 1.0 5327
1781190648654 0.0 5328
1781190648675 0.0 5329
1781190648696 0.0 5330
1781190648717 0.0 5331
1781190648740 1.0 5332
1781190648763 0.0 5333
1781190648791 1.0 5334
1781190648805 1.0 5335
1781190648825 0.0 5336
1781190648840 1.0 5337
1781190648881 0.0 5338
1781190648895 1.0 5339
1781190648907 0.0 5340
1781190648920 1.0 5341
1781190648962 0.0 5342
1781190648975 0.0 5343
1781190649023 1.0 5344
1781190649058 1.0 5345
1781190649082 0.0 5346
1781190649105 1.0 5347
1781190649121 0.0 5348
1781190649137 0.0 5349
1781190649153 1.0 5350
1781190649174 0.0 5351
1781190649205 0.0 5352
1781190649238 0.0 5353
1781190649264 1.0 5354
1781190649291 1.0 5355
1781190649303 0.0 5356
1781190649325 1.0 5357
1781190649346 0.0 5358
1781190649371 0.0 5359
1781190649397 1.0 5360
1781190649453 1.0 5361
1781190649472 0.0 5362
1781190649484 1.0 5363
1781190649504 0.0 5364
1781190649519 1.0 5365
1781190649549 1.0 5366
1781190649580 0.0 5367
1781190649594 0.0 5368
1781190649610 1.0 5369
1781190649625 0.0 5370
1781190649658 0.0 5371
1781190649675 1.0 5372
1781190649690 1.0 5373
1781190649719 1.0 5374
1781190649754 0.0 5375
1781190649769 0.0 5376
1781190649782 0.0 5377
1781190649796 1.0 5378
1781190649809 0.0 5379
1781190649827 0.0 5380
1781190649851 1.0 5381
1781190649863 1.0 5382
1781190649884 1.0 5383
1781190649906 0.0 5384
1781190649918 1.0 5385
1781190649934 0.0 5386
1781190649951 0.0 5387
1781190649966 1.0 5388
1781190649982 0.0 5389
1781190650024 1.0 5390
1781190650038 0.0 5391
1781190650051 1.0 5392
1781190650070 1.0 5393
1781190650087 0.0 5394
1781190650108 0.0 5395
1781190650121 0.0 5396
1781190650135 1.0 5397
1781190650151 1.0 5398
1781190650184 1.0 5399
1781190650205 0.0 5400
1781190650219 0.0 5401
1781190650250 0.0 5402
1781190650269 0.0 5403
1781190650284 0.0 5404
1781190650297 0.0 5405
1781190650314 1.0 5406
1781190650343 0.0 5407
1781190650374 1.0 5408
1781190650405 0.0 5409
1781190650419 1.0 5410
1781190650437 1.0 5411
1781190650461 0.0 5412
1781190650506 0.0 5413
1781190650534 0.0 5414
1781190650583 0.0 5415
1781190650630 0.0 5416
1781190650654 0.0 5417
1781190650700 1.0 5418
1781190650719 0.0 5419
1781190650733 0.0 5420
1781190650749 1.0 5421
1781190650785 1.0 5422
1781190650799 0.0 5423
1781190650822 0.0 5424
1781190650840 0.0 5425
1781190650855 1.0 5426
1781190650872 1.0 5427
1781190650894 0.0 5428
1781190650922 1.0 5429
1781190650944 0.0 5430
1781190650995 1.0 5431
1781190651013 0.0 5432
1781190651031 0.0 5433
1781190651042 1.0 5434
1781190651055 0.0 5435
1781190651091 0.0 5436
1781190651115 0.0 5437
1781190651143 0.0 5438
1781190651173 1.0 5439
1781190651187 0.0 5440
1781190651208 1.0 5441
1781190651227 1.0 5442
1781190651245 0.0 5443
1781190651261 0.0 5444
1781190651277 0.0 5445
1781190651308 0.0 5446
1781190651339 0.0 5447
1781190651376 0.0 5448
1781190651390 1.0 5449
1781190651429 0.0 5450
1781190651471 0.0 5451
1781190651491 0.0 5452
1781190651511 1.0 5453
1781190651526 1.0 5454
1781190651560 1.0 5455
1781190651574 1.0 5456
1781190651605 0.0 5457
1781190651617 1.0 5458
1781190651656 1.0 5459
1781190651670 1.0 5460
1781190651687 1.0 5461
1781190651716 1.0 5462
1781190651733 1.0 5463
1781190651767 0.0 5464
1781190651799 0.0 5465
1781190651832 0.0 5466
1781190651855 0.0 5467
1781190651875 0.0 5468
1781190651888 0.0 5469
1781190651902 1.0 5470
1781190651919 0.0 5471
1781190651931 1.0 5472
1781190651966 1.0 5473
1781190651979 1.0 5474
1781190651995 1.0 5475
1781190652010 1.0 5476
1781190652026 0.0 5477
1781190652039 1.0 5478
1781190652085 1.0 5479
1781190652100 0.0 5480
1781190652112 1.0 5481
1781190652128 0.0 5482
1781190652145 1.0 5483
1781190652167 0.0 5484
1781190652179 1.0 5485
1781190652198 0.0 5486
1781190652224 1.0 5487
1781190652241 1.0 5488
1781190652292 1.0 5489
1781190652328 0.0 5490
1781190652344 1.0 5491
1781190652373 0.0 5492
1781190652386 0.0 5493
1781190652399 0.0 5494
1781190652423 1.0 5495
1781190652448 0.0 5496
1781190652464 1.0 5497
1781190652507 1.0 5498
1781190652541 0.0 5499
1781190652554 1.0 5500
1781190652578 0.0 5501
1781190652620 1.0 5502
1781190652645 0.0 5503
1781190652662 0.0 5504
1781190652678 1.0 5505
1781190652694 0.0 5506
1781190652717 0.0 5507
1781190652745 0.0 5508
1781190652759 1.0 5509
1781190652785 0.0 5510
1781190652812 0.0 5511
1781190652826 1.0 5512
1781190652849 1.0 5513
1781190652879 0.0 5514
1781190652900 1.0 5515
1781190652937 1.0 5516
1781190652958 0.0 5517
1781190652985 0.0 5518
1781190652999 0.0 5519
1781190653018 0.0 5520
1781190653041 0.0 5521
1781190653052 1.0 5522
1781190653095 1.0 5523
1781190653117 0.0 5524
1781190653141 0.0 5525
1781190653156 0.0 5526
1781190653171 0.0 5527
1781190653192 1.0 5528
1781190653226 1.0 5529
1781190653241 1.0 5530
1781190653259 0.0 5531
1781190653276 1.0 5532
1781190653300 1.0 5533
1781190653315 1.0 5534
1781190653336 0.0 5535
1781190653356 0.0 5536
1781190653370 1.0 5537
1781190653390 1.0 5538
1781190653421 1.0 5539
1781190653433 1.0 5540
1781190653445 1.0 5541
1781190653458 0.0 5542
1781190653472 1.0 5543
1781190653524 0.0 5544
1781190653570 1.0 5545
1781190653591 0.0 5546
1781190653610 0.0 5547
1781190653626 1.0 5548
1781190653640 0.0 5549
1781190653678 1.0 5550
1781190653694 1.0 5551
1781190653714 0.0 5552
1781190653743 0.0 5553
1781190653755 0.0 5554
1781190653773 0.0 5555
1781190653788 1.0 5556
1781190653805 1.0 5557
1781190653822 0.0 5558
1781190653852 0.0 5559
1781190653885 0.0 5560
1781190653901 1.0 5561
1781190653921 1.0 5562
1781190653941 0.0 5563
1781190653967 1.0 5564
1781190653984 0.0 5565
1781190654016 1.0 5566
1781190654031 1.0 5567
1781190654059 0.0 5568
1781190654082 0.0 5569
1781190654096 1.0 5570
1781190654112 1.0 5571
1781190654133 0.0 5572
1781190654147 0.0 5573
1781190654172 1.0 5574
1781190654191 0.0 5575
1781190654215 0.0 5576
1781190654232 0.0 5577
1781190654245 0.0 5578
1781190654266 0.0 5579
1781190654280 1.0 5580
1781190654294 1.0 5581
1781190654323 0.0 5582
1781190654338 0.0 5583
1781190654395 0.0 5584
1781190654411 0.0 5585
1781190654423 0.0 5586
1781190654448 1.0 5587
1781190654487 0.0 5588
1781190654501 0.0 5589
1781190654524 0.0 5590
1781190654543 0.0 5591
1781190654565 0.0 5592
1781190654588 1.0 5593
1781190654617 0.0 5594
1781190654630 1.0 5595
1781190654667 0.0 5596
1781190654683 1.0 5597
1781190654698 0.0 5598
1781190654709 1.0 5599
1781190654730 0.0 5600
1781190654756 0.0 5601
1781190654772 0.0 5602
1781190654802 1.0 5603
1781190654816 0.0 5604
1781190654836 0.0 5605
1781190654852 1.0 5606
1781190654871 0.0 5607
1781190654883 1.0 5608
1781190654907 0.0 5609
1781190654922 1.0 5610
1781190654955 0.0 5611
1781190654970 0.0 5612
1781190654984 0.0 5613
1781190655014 0.0 5614
1781190655056 0.0 5615
1781190655071 0.0 5616
1781190655090 1.0 5617
1781190655104 1.0 5618
1781190655119 1.0 5619
1781190655134 0.0 5620
1781190655152 1.0 5621
1781190655165 0.0 5622
1781190655179 1.0 5623
1781190655193 1.0 5624
1781190655210 0.0 5625
1781190655225 1.0 5626
1781190655269 0.0 5627
1781190655286 1.0 5628
1781190655308 0.0 5629
1781190655336 0.0 5630
1781190655360 0.0 5631
1781190655374 0.0 5632
1781190655390 1.0 5633
1781190655439 1.0 5634
1781190655451 1.0 5635
1781190655469 0.0 5636
1781190655483 0.0 5637
1781190655503 0.0 5638
1781190655518 0.0 5639
1781190655530 0.0 5640
1781190655547 1.0 5641
1781190655561 0.0 5642
1781190655575 0.0 5643
1781190655600 0.0 5644
1781190655643 0.0 5645
1781190655658 1.0 5646
1781190655694 1.0 5647
1781190655732 1.0 5648
1781190655746 0.0 5649
1781190655763 0.0 5650
1781190655788 0.0 5651
1781190655801 1.0 5652
1781190655823 0.0 5653
1781190655851 1.0 5654
1781190655865 1.0 5655
1781190655879 1.0 5656
1781190655900 0.0 5657
1781190655913 0.0 5658
1781190655938 0.0 5659
1781190655959 0.0 5660
1781190655971 1.0 5661
1781190655984 0.0 5662
1781190656004 1.0 5663
1781190656024 0.0 5664
1781190656058 0.0 5665
1781190656106 0.0 5666
1781190656118 1.0 5667
1781190656134 1.0 5668
1781190656179 0.0 5669
1781190656208 0.0 5670
1781190656233 1.0 5671
1781190656251 0.0 5672
1781190656282 0.0 5673
1781190656314 0.0 5674
1781190656333 0.0 5675
1781190656360 0.0 5676
1781190656374 1.0 5677
1781190656389 1.0 5678
1781190656402 1.0 5679
1781190656424 1.0 5680
1781190656439 1.0 5681
1781190656460 0.0 5682
1781190656474 1.0 5683
1781190656500 0.0 5684
1781190656516 0.0 5685
1781190656529 0.0 5686
1781190656542 1.0 5687
1781190656576 0.0 5688
1781190656618 1.0 5689
1781190656656 0.0 5690
1781190656670 0.0 5691
1781190656694 1.0 5692
1781190656710 1.0 5693
1781190656736 1.0 5694
1781190656750 1.0 5695
1781190656777 0.0 5696
1781190656803 0.0 5697
1781190656832 0.0 5698
1781190656846 1.0 5699
1781190656873 0.0 5700
1781190656888 0.0 5701
1781190656901 1.0 5702
1781190656925 0.0 5703
1781190656942 0.0 5704
1781190656971 0.0 5705
1781190657001 0.0 5706
1781190657021 0.0 5707
1781190657045 1.0 5708
1781190657066 0.0 5709
1781190657085 0.0 5710
1781190657126 1.0 5711
1781190657151 0.0 5712
1781190657165 0.0 5713
1781190657183 1.0 5714
1781190657196 0.0 5715
1781190657214 1.0 5716
1781190657241 0.0 5717
1781190657257 0.0 5718
1781190657273 1.0 5719
1781190657302 0.0 5720
1781190657322 0.0 5721
1781190657338 1.0 5722
1781190657351 1.0 5723
1781190657391 0.0 5724
1781190657421 0.0 5725
1781190657436 1.0 5726
1781190657466 1.0 5727
1781190657488 0.0 5728
1781190657512 0.0 5729
1781190657539 1.0 5730
1781190657574 0.0 5731
1781190657608 0.0 5732
1781190657639 0.0 5733
1781190657653 1.0 5734
1781190657685 0.0 5735
1781190657717 1.0 5736
1781190657739 0.0 5737
1781190657754 1.0 5738
1781190657768 1.0 5739
1781190657782 0.0 5740
1781190657794 0.0 5741
1781190657834 0.0 5742
1781190657851 0.0 5743
1781190657874 0.0 5744
1781190657892 0.0 5745
1781190657908 0.0 5746
1781190657924 0.0 5747
1781190657946 1.0 5748
1781190657961 0.0 5749
1781190657987 0.0 5750
1781190658001 1.0 5751
1781190658023 0.0 5752
1781190658036 1.0 5753
1781190658054 0.0 5754
1781190658069 0.0 5755
1781190658089 0.0 5756
1781190658103 1.0 5757
1781190658118 1.0 5758
1781190658154 1.0 5759
1781190658181 0.0 5760
1781190658204 1.0 5761
1781190658219 0.0 5762
1781190658235 1.0 5763
1781190658248 1.0 5764
1781190658281 0.0 5765
1781190658320 1.0 5766
1781190658334 1.0 5767
1781190658347 1.0 5768
1781190658361 0.0 5769
1781190658379 0.0 5770
1781190658393 0.0 5771
1781190658415 0.0 5772
1781190658462 0.0 5773
1781190658480 1.0 5774
1781190658499 1.0 5775
1781190658513 0.0 5776
1781190658525 1.0 5777
1781190658541 1.0 5778
1781190658566 0.0 5779
1781190658584 0.0 5780
1781190658599 1.0 5781
1781190658610 0.0 5782
1781190658624 1.0 5783
1781190658655 0.0 5784
1781190658674 0.0 5785
1781190658692 0.0 5786
1781190658731 0.0 5787
1781190658758 1.0 5788
1781190658771 1.0 5789
1781190658797 0.0 5790
1781190658810 1.0 5791
1781190658823 1.0 5792
1781190658840 1.0 5793
1781190658862 0.0 5794
1781190658879 1.0 5795
1781190658898 0.0 5796
1781190658912 0.0 5797
1781190658930 0.0 5798
1781190658943 1.0 5799
1781190658992 0.0 5800
1781190659008 0.0 5801
1781190659038 1.0 5802
1781190659053 1.0 5803
1781190659069 0.0 5804
1781190659103 1.0 5805
1781190659117 0.0 5806
1781190659131 0.0 5807
1781190659148 0.0 5808
1781190659162 1.0 5809
1781190659190 0.0 5810
1781190659206 1.0 5811
1781190659220 1.0 5812
1781190659234 0.0 5813
1781190659268 0.0 5814
1781190659286 1.0 5815
1781190659341 0.0 5816
1781190659355 1.0 5817
1781190659370 1.0 5818
1781190659385 1.0 5819
1781190659399 0.0 5820
1781190659420 1.0 5821
1781190659433 0.0 5822
1781190659451 0.0 5823
1781190659479 1.0 5824
1781190659500 0.0 5825
1781190659514 0.0 5826
1781190659537 0.0 5827
1781190659551 1.0 5828
1781190659592 1.0 5829
1781190659605 1.0 5830
1781190659627 0.0 5831
1781190659666 1.0 5832
1781190659683 0.0 5833
1781190659716 1.0 5834
1781190659752 0.0 5835
1781190659792 1.0 5836
1781190659812 0.0 5837
1781190659847 1.0 5838
1781190659884 0.0 5839
1781190659910 0.0 5840
1781190659936 1.0 5841
1781190659956 0.0 5842
1781190659972 0.0 5843
1781190660008 0.0 5844
1781190660044 0.0 5845
1781190660068 1.0 5846
1781190660084 1.0 5847
1781190660120 1.0 5848
1781190660137 0.0 5849
1781190660154 0.0 5850
1781190660177 0.0 5851
1781190660190 1.0 5852
1781190660203 1.0 5853
1781190660226 0.0 5854
1781190660273 1.0 5855
1781190660288 1.0 5856
1781190660318 1.0 5857
1781190660330 1.0 5858
1781190660350 0.0 5859
1781190660364 1.0 5860
1781190660384 0.0 5861
1781190660416 1.0 5862
1781190660430 1.0 5863
1781190660484 1.0 5864
1781190660499 0.0 5865
1781190660534 0.0 5866
1781190660548 1.0 5867
1781190660565 0.0 5868
1781190660582 0.0 5869
1781190660601 1.0 5870
1781190660619 0.0 5871
1781190660635 1.0 5872
1781190660672 1.0 5873
1781190660686 0.0 5874
1781190660711 0.0 5875
1781190660736 0.0 5876
1781190660758 0.0 5877
1781190660773 0.0 5878
1781190660792 0.0 5879
1781190660806 1.0 5880
1781190660823 1.0 5881
1781190660840 1.0 5882
1781190660871 1.0 5883
1781190660897 0.0 5884
1781190660911 0.0 5885
1781190660924 0.0 5886
1781190660941 1.0 5887
1781190660958 0.0 5888
1781190660996 1.0 5889
1781190661013 0.0 5890
1781190661061 1.0 5891
1781190661085 0.0 5892
1781190661109 1.0 5893
1781190661145 0.0 5894
1781190661177 1.0 5895
1781190661197 0.0 5896
1781190661212 0.0 5897
1781190661228 1.0 5898
1781190661255 1.0 5899
1781190661269 0.0 5900
1781190661329 0.0 5901
1781190661351 0.0 5902
1781190661374 0.0 5903
1781190661395 0.0 5904
1781190661410 0.0 5905
1781190661426 1.0 5906
1781190661447 0.0 5907
1781190661471 0.0 5908
1781190661496 0.0 5909
1781190661525 0.0 5910
1781190661545 0.0 5911
1781190661562 0.0 5912
1781190661583 1.0 5913
1781190661597 0.0 5914
1781190661609 1.0 5915
1781190661634 1.0 5916
1781190661652 0.0 5917
1781190661693 1.0 5918
1781190661721 0.0 5919
1781190661733 1.0 5920
1781190661747 1.0 5921
1781190661768 0.0 5922
1781190661782 0.0 5923
1781190661794 1.0 5924
1781190661806 1.0 5925
1781190661832 0.0 5926
1781190661865 0.0 5927
1781190661885 0.0 5928
1781190661906 0.0 5929
1781190661940 0.0 5930
1781190661970 0.0 5931
1781190661994 0.0 5932
1781190662033 1.0 5933
1781190662050 0.0 5934
1781190662068 0.0 5935
1781190662083 1.0 5936
1781190662107 1.0 5937
1781190662127 0.0 5938
1781190662139 1.0 5939
1781190662156 0.0 5940
1781190662194 0.0 5941
1781190662231 1.0 5942
1781190662254 0.0 5943
1781190662272 0.0 5944
1781190662286 0.0 5945
1781190662302 1.0 5946
1781190662316 1.0 5947
1781190662337 0.0 5948
1781190662379 0.0 5949
1781190662396 1.0 5950
1781190662408 0.0 5951
1781190662449 1.0 5952
1781190662484 0.0 5953
1781190662508 1.0 5954
1781190662520 1.0 5955
1781190662540 0.0 5956
1781190662557 0.0 5957
1781190662579 0.0 5958
1781190662596 0.0 5959
1781190662616 1.0 5960
1781190662638 0.0 5961
1781190662653 0.0 5962
1781190662673 0.0 5963
1781190662694 0.0 5964
1781190662717 0.0 5965
1781190662736 1.0 5966
1781190662748 0.0 5967
1781190662761 1.0 5968
1781190662802 1.0 5969
1781190662821 0.0 5970
1781190662838 0.0 5971
1781190662855 1.0 5972
1781190662877 0.0 5973
1781190662893 1.0 5974
1781190662908 1.0 5975
1781190662938 0.0 5976
1781190662965 0.0 5977
1781190662980 0.0 5978
1781190663018 1.0 5979
1781190663043 1.0 5980
1781190663076 1.0 5981
1781190663098 0.0 5982
1781190663133 0.0 5983
1781190663161 0.0 5984
1781190663173 0.0 5985
1781190663187 1.0 5986
1781190663221 1.0 5987
1781190663255 0.0 5988
1781190663269 1.0 5989
1781190663300 1.0 5990
1781190663317 0.0 5991
1781190663335 0.0 5992
1781190663379 0.0 5993
1781190663419 1.0 5994
1781190663435 0.0 5995
1781190663471 1.0 5996
1781190663488 1.0 5997
1781190663506 0.0 5998
1781190663525 0.0 5999
1781190663542 0.0 6000
1781190663557 1.0 6001
1781190663571 1.0 6002
1781190663594 0.0 6003
1781190663610 0.0 6004
1781190663639 0.0 6005
1781190663676 0.0 6006
1781190663691 0.0 6007
1781190663715 1.0 6008
1781190663727 1.0 6009
1781190663752 0.0 6010
1781190663766 0.0 6011
1781190663803 0.0 6012
1781190663824 0.0 6013
1781190663847 0.0 6014
1781190663864 0.0 6015
1781190663878 0.0 6016
1781190663902 0.0 6017
1781190663925 0.0 6018
1781190663963 0.0 6019
1781190663976 0.0 6020
1781190663990 1.0 6021
1781190664009 0.0 6022
1781190664025 0.0 6023
1781190664042 1.0 6024
1781190664059 0.0 6025
1781190664079 0.0 6026
1781190664096 0.0 6027
1781190664120 0.0 6028
1781190664150 0.0 6029
1781190664186 0.0 6030
1781190664202 0.0 6031
1781190664216 1.0 6032
1781190664228 0.0 6033
1781190664256 0.0 6034
1781190664277 0.0 6035
1781190664289 1.0 6036
1781190664301 0.0 6037
1781190664319 1.0 6038
1781190664336 0.0 6039
1781190664369 0.0 6040
1781190664394 0.0 6041
1781190664407 1.0 6042
1781190664429 0.0 6043
1781190664441 0.0 6044
1781190664457 1.0 6045
1781190664485 1.0 6046
1781190664505 1.0 6047
1781190664527 0.0 6048
1781190664564 0.0 6049
1781190664591 0.0 6050
1781190664605 1.0 6051
1781190664641 0.0 6052
1781190664660 1.0 6053
1781190664696 0.0 6054
1781190664721 0.0 6055
1781190664756 1.0 6056
1781190664772 0.0 6057
1781190664795 0.0 6058
1781190664810 0.0 6059
1781190664838 0.0 6060
1781190664853 0.0 6061
1781190664877 0.0 6062
1781190664905 0.0 6063
1781190664923 1.0 6064
1781190664950 0.0 6065
1781190664979 0.0 6066
1781190665025 1.0 6067
1781190665058 0.0 6068
1781190665092 1.0 6069
1781190665105 1.0 6070
1781190665143 0.0 6071
1781190665177 0.0 6072
1781190665189 1.0 6073
1781190665203 1.0 6074
1781190665218 1.0 6075
1781190665233 0.0 6076
1781190665247 1.0 6077
1781190665269 0.0 6078
1781190665285 1.0 6079
1781190665316 0.0 6080
1781190665329 0.0 6081
1781190665347 1.0 6082
1781190665387 1.0 6083
1781190665407 0.0 6084
1781190665420 0.0 6085
1781190665443 0.0 6086
1781190665460 0.0 6087
1781190665474 1.0 6088
1781190665506 0.0 6089
1781190665520 1.0 6090
1781190665535 1.0 6091
1781190665549 0.0 6092
1781190665583 0.0 6093
1781190665610 0.0 6094
1781190665632 0.0 6095
1781190665672 1.0 6096
1781190665688 1.0 6097
1781190665711 0.0 6098
1781190665734 0.0 6099
1781190665747 1.0 6100
1781190665775 1.0 6101
1781190665790 1.0 6102
1781190665823 0.0 6103
1781190665839 0.0 6104
1781190665881 0.0 6105
1781190665909 1.0 6106
1781190665933 0.0 6107
1781190665966 0.0 6108
1781190665997 0.0 6109
1781190666011 0.0 6110
1781190666030 0.0 6111
1781190666057 1.0 6112
1781190666083 0.0 6113
1781190666111 0.0 6114
1781190666127 1.0 6115
1781190666143 0.0 6116
1781190666174 0.0 6117
1781190666195 1.0 6118
1781190666242 1.0 6119
1781190666258 0.0 6120
1781190666275 1.0 6121
1781190666290 1.0 6122
1781190666308 0.0 6123
1781190666349 1.0 6124
1781190666377 1.0 6125
1781190666416 0.0 6126
1781190666433 1.0 6127
1781190666455 0.0 6128
1781190666467 1.0 6129
1781190666489 0.0 6130
1781190666515 0.0 6131
1781190666543 0.0 6132
1781190666557 1.0 6133
1781190666602 0.0 6134
1781190666657 0.0 6135
1781190666684 0.0 6136
1781190666704 0.0 6137
1781190666725 0.0 6138
1781190666743 0.0 6139
1781190666764 0.0 6140
1781190666776 1.0 6141
1781190666802 0.0 6142
1781190666817 1.0 6143
1781190666844 0.0 6144
1781190666862 1.0 6145
1781190666884 0.0 6146
1781190666904 0.0 6147
1781190666923 0.0 6148
1781190666938 1.0 6149
1781190666961 0.0 6150
1781190666975 0.0 6151
1781190666991 1.0 6152
1781190667006 0.0 6153
1781190667035 0.0 6154
1781190667067 0.0 6155
1781190667081 1.0 6156
1781190667101 1.0 6157
1781190667113 1.0 6158
1781190667142 1.0 6159
1781190667165 0.0 6160
1781190667188 0.0 6161
1781190667224 0.0 6162
1781190667262 1.0 6163
1781190667291 0.0 6164
1781190667322 0.0 6165
1781190667336 0.0 6166
1781190667359 0.0 6167
1781190667378 0.0 6168
1781190667394 0.0 6169
1781190667436 1.0 6170
1781190667460 0.0 6171
1781190667477 1.0 6172
1781190667493 1.0 6173
1781190667516 0.0 6174
1781190667541 1.0 6175
1781190667560 0.0 6176
1781190667582 0.0 6177
1781190667593 0.0 6178
1781190667608 1.0 6179
1781190667657 0.0 6180
1781190667707 0.0 6181
1781190667721 1.0 6182
1781190667742 1.0 6183
1781190667763 0.0 6184
1781190667784 1.0 6185
1781190667800 0.0 6186
1781190667832 0.0 6187
1781190667845 0.0 6188
1781190667859 1.0 6189
1781190667872 1.0 6190
1781190667887 0.0 6191
1781190667901 0.0 6192
1781190667945 0.0 6193
1781190667963 1.0 6194
1781190667983 0.0 6195
1781190667996 1.0 6196
1781190668012 0.0 6197
1781190668033 0.0 6198
1781190668051 1.0 6199
1781190668064 0.0 6200
1781190668078 1.0 6201
1781190668109 0.0 6202
1781190668148 0.0 6203
1781190668164 1.0 6204
1781190668177 1.0 6205
1781190668205 0.0 6206
1781190668246 1.0 6207
1781190668260 0.0 6208
1781190668289 0.0 6209
1781190668303 1.0 6210
1781190668319 0.0 6211
1781190668335 1.0 6212
1781190668356 1.0 6213
1781190668384 0.0 6214
1781190668405 0.0 6215
1781190668420 1.0 6216
1781190668432 1.0 6217
1781190668454 0.0 6218
1781190668482 0.0 6219
1781190668496 1.0 6220
1781190668519 1.0 6221
1781190668549 0.0 6222
1781190668568 1.0 6223
1781190668591 0.0 6224
1781190668605 0.0 6225
1781190668620 0.0 6226
1781190668664 0.0 6227
1781190668680 0.0 6228
1781190668706 0.0 6229
1781190668720 1.0 6230
1781190668738 1.0 6231
1781190668778 0.0 6232
1781190668834 1.0 6233
1781190668848 1.0 6234
1781190668897 0.0 6235
1781190668923 0.0 6236
1781190668951 0.0 6237
1781190668965 0.0 6238
1781190668979 1.0 6239
1781190668995 0.0 6240
1781190669013 0.0 6241
1781190669030 0.0 6242
1781190669049 0.0 6243
1781190669067 0.0 6244
1781190669103 1.0 6245
1781190669114 1.0 6246
1781190669127 1.0 6247
1781190669143 0.0 6248
1781190669174 0.0 6249
1781190669201 1.0 6250
1781190669216 0.0 6251
1781190669269 1.0 6252
1781190669292 0.0 6253
1781190669320 0.0 6254
1781190669343 1.0 6255
1781190669357 0.0 6256
1781190669372 1.0 6257
1781190669390 0.0 6258
1781190669436 1.0 6259
1781190669473 1.0 6260
1781190669486 0.0 6261
1781190669506 0.0 6262
1781190669533 1.0 6263
1781190669571 0.0 6264
1781190669593 0.0 6265
1781190669625 0.0 6266
1781190669637 1.0 6267
1781190669652 0.0 6268
1781190669684 0.0 6269
1781190669697 1.0 6270
1781190669720 1.0 6271
1781190669736 1.0 6272
1781190669751 1.0 6273
1781190669765 1.0 6274
1781190669776 0.0 6275
1781190669800 0.0 6276
1781190669813 1.0 6277
1781190669843 0.0 6278
1781190669863 0.0 6279
1781190669882 0.0 6280
1781190669897 0.0 6281
1781190669917 0.0 6282
1781190669940 1.0 6283
1781190669959 1.0 6284
1781190669973 1.0 6285
1781190669996 0.0 6286
1781190670032 1.0 6287
1781190670064 0.0 6288
1781190670076 1.0 6289
1781190670103 1.0 6290
1781190670134 0.0 6291
1781190670177 0.0 6292
1781190670208 1.0 6293
1781190670225 1.0 6294
1781190670253 1.0 6295
1781190670268 1.0 6296
1781190670282 1.0 6297
1781190670296 0.0 6298
1781190670312 0.0 6299
1781190670331 0.0 6300
1781190670363 0.0 6301
1781190670377 1.0 6302
1781190670409 1.0 6303
1781190670457 0.0 6304
1781190670482 0.0 6305
1781190670505 0.0 6306
1781190670534 0.0 6307
1781190670571 1.0 6308
1781190670592 0.0 6309
1781190670604 1.0 6310
1781190670618 0.0 6311
1781190670638 0.0 6312
1781190670655 1.0 6313
1781190670691 1.0 6314
1781190670710 0.0 6315
1781190670736 1.0 6316
1781190670826 1.0 6317
1781190670860 0.0 6318
1781190670901 0.0 6319
1781190670921 1.0 6320
1781190670947 0.0 6321
1781190670959 1.0 6322
1781190670978 0.0 6323
1781190671014 0.0 6324
1781190671036 0.0 6325
1781190671058 0.0 6326
1781190671100 0.0 6327
1781190671111 0.0 6328
1781190671125 0.0 6329
1781190671141 1.0 6330
1781190671164 0.0 6331
1781190671187 0.0 6332
1781190671200 1.0 6333
1781190671230 0.0 6334
1781190671252 0.0 6335
1781190671267 0.0 6336
1781190671290 0.0 6337
1781190671307 0.0 6338
1781190671341 1.0 6339
1781190671371 0.0 6340
1781190671394 0.0 6341
1781190671419 0.0 6342
1781190671448 0.0 6343
1781190671468 1.0 6344
1781190671482 1.0 6345
1781190671497 0.0 6346
1781190671509 0.0 6347
1781190671541 0.0 6348
1781190671560 1.0 6349
1781190671586 0.0 6350
1781190671598 0.0 6351
1781190671618 0.0 6352
1781190671648 0.0 6353
1781190671677 0.0 6354
1781190671695 0.0 6355
1781190671714 0.0 6356
1781190671774 0.0 6357
1781190671790 1.0 6358
1781190671822 0.0 6359
1781190671846 0.0 6360
1781190671865 0.0 6361
1781190671893 0.0 6362
1781190671918 1.0 6363
1781190671931 1.0 6364
1781190671942 1.0 6365
1781190671972 0.0 6366
1781190671999 0.0 6367
1781190672020 0.0 6368
1781190672037 1.0 6369
1781190672051 1.0 6370
1781190672071 1.0 6371
1781190672099 0.0 6372
1781190672123 0.0 6373
1781190672136 1.0 6374
1781190672158 0.0 6375
1781190672176 1.0 6376
1781190672199 0.0 6377
1781190672217 1.0 6378
1781190672231 1.0 6379
1781190672256 0.0 6380
1781190672269 1.0 6381
1781190672283 0.0 6382
1781190672330 0.0 6383
1781190672353 0.0 6384
1781190672376 0.0 6385
1781190672390 0.0 6386
1781190672403 0.0 6387
1781190672425 0.0 6388
1781190672453 0.0 6389
1781190672471 0.0 6390
1781190672485 1.0 6391
1781190672503 1.0 6392
1781190672527 1.0 6393
1781190672541 0.0 6394
1781190672559 0.0 6395
1781190672576 1.0 6396
1781190672619 1.0 6397
1781190672646 0.0 6398
1781190672660 1.0 6399
1781190672686 0.0 6400
1781190672700 1.0 6401
1781190672718 0.0 6402
1781190672732 0.0 6403
1781190672752 0.0 6404
1781190672794 1.0 6405
1781190672806 1.0 6406
1781190672833 0.0 6407
1781190672851 1.0 6408
1781190672874 0.0 6409
1781190672906 0.0 6410
1781190672920 1.0 6411
1781190672945 0.0 6412
1781190672985 0.0 6413
1781190673009 1.0 6414
1781190673044 1.0 6415
1781190673079 1.0 6416
1781190673093 0.0 6417
1781190673108 0.0 6418
1781190673129 0.0 6419
1781190673142 0.0 6420
1781190673175 0.0 6421
1781190673191 1.0 6422
1781190673206 0.0 6423
1781190673221 0.0 6424
1781190673238 1.0 6425
1781190673263 1.0 6426
1781190673275 1.0 6427
1781190673292 1.0 6428
1781190673317 0.0 6429
1781190673330 0.0 6430
1781190673348 1.0 6431
1781190673370 1.0 6432
1781190673400 0.0 6433
1781190673420 0.0 6434
1781190673462 1.0 6435
1781190673476 1.0 6436
1781190673496 0.0 6437
1781190673512 1.0 6438
1781190673524 0.0 6439
1781190673555 0.0 6440
1781190673568 1.0 6441
1781190673599 0.0 6442
1781190673614 0.0 6443
1781190673645 1.0 6444
1781190673657 0.0 6445
1781190673679 0.0 6446
1781190673699 1.0 6447
1781190673735 1.0 6448
1781190673758 0.0 6449
1781190673798 0.0 6450
1781190673816 1.0 6451
1781190673861 0.0 6452
1781190673876 1.0 6453
1781190673897 0.0 6454
1781190673910 0.0 6455
1781190673935 0.0 6456
1781190673953 0.0 6457
1781190673968 1.0 6458
1781190673987 0.0 6459
1781190674010 1.0 6460
1781190674043 0.0 6461
1781190674063 0.0 6462
1781190674080 1.0 6463
1781190674104 0.0 6464
1781190674123 0.0 6465
1781190674138 1.0 6466
1781190674154 1.0 6467
1781190674171 0.0 6468
1781190674187 1.0 6469
1781190674209 0.0 6470
1781190674242 0.0 6471
1781190674257 1.0 6472
1781190674280 0.0 6473
1781190674310 0.0 6474
1781190674327 1.0 6475
1781190674353 1.0 6476
1781190674371 1.0 6477
1781190674385 1.0 6478
1781190674401 0.0 6479
1781190674417 0.0 6480
1781190674435 0.0 6481
1781190674459 0.0 6482
1781190674473 1.0 6483
1781190674490 0.0 6484
1781190674507 0.0 6485
1781190674535 0.0 6486
1781190674557 0.0 6487
1781190674570 1.0 6488
1781190674587 0.0 6489
1781190674607 0.0 6490
1781190674619 0.0 6491
1781190674646 0.0 6492
1781190674660 0.0 6493
1781190674673 0.0 6494
1781190674688 1.0 6495
1781190674711 0.0 6496
1781190674752 1.0 6497
1781190674772 0.0 6498
1781190674791 0.0 6499
1781190674807 1.0 6500
1781190674828 1.0 6501
1781190674877 0.0 6502
1781190674895 1.0 6503
1781190674934 0.0 6504
1781190674946 1.0 6505
1781190674965 1.0 6506
1781190675014 1.0 6507
1781190675033 0.0 6508
1781190675054 0.0 6509
1781190675066 1.0 6510
1781190675083 0.0 6511
1781190675103 0.0 6512
1781190675121 0.0 6513
1781190675138 0.0 6514
1781190675156 1.0 6515
1781190675176 0.0 6516
1781190675190 0.0 6517
1781190675224 0.0 6518
1781190675247 1.0 6519
1781190675278 0.0 6520
1781190675293 1.0 6521
1781190675348 0.0 6522
1781190675363 0.0 6523
1781190675377 1.0 6524
1781190675402 0.0 6525
1781190675419 0.0 6526
1781190675431 0.0 6527
1781190675469 1.0 6528
1781190675489 0.0 6529
1781190675504 1.0 6530
1781190675525 0.0 6531
1781190675542 0.0 6532
1781190675557 1.0 6533
1781190675571 1.0 6534
1781190675607 0.0 6535
1781190675620 1.0 6536
1781190675643 0.0 6537
1781190675680 0.0 6538
1781190675716 1.0 6539
1781190675732 1.0 6540
1781190675752 0.0 6541
1781190675772 1.0 6542
1781190675795 1.0 6543
1781190675850 1.0 6544
1781190675876 1.0 6545
1781190675896 0.0 6546
1781190675915 0.0 6547
1781190675942 0.0 6548
1781190675960 0.0 6549
1781190675980 0.0 6550
1781190676015 0.0 6551
1781190676029 1.0 6552
1781190676045 0.0 6553
1781190676078 1.0 6554
1781190676104 0.0 6555
1781190676129 0.0 6556
1781190676156 1.0 6557
1781190676171 0.0 6558
1781190676194 0.0 6559
1781190676216 0.0 6560
1781190676238 0.0 6561
1781190676262 0.0 6562
1781190676282 1.0 6563
1781190676294 0.0 6564
1781190676308 0.0 6565
1781190676323 0.0 6566
1781190676340 0.0 6567
1781190676360 0.0 6568
1781190676372 1.0 6569
1781190676395 0.0 6570
1781190676429 1.0 6571
1781190676456 0.0 6572
1781190676474 0.0 6573
1781190676506 1.0 6574
1781190676535 0.0 6575
1781190676550 1.0 6576
1781190676566 0.0 6577
1781190676593 0.0 6578
1781190676610 1.0 6579
1781190676635 0.0 6580
1781190676647 1.0 6581
1781190676679 0.0 6582
1781190676692 1.0 6583
1781190676716 0.0 6584
1781190676737 0.0 6585
1781190676769 1.0 6586
1781190676790 0.0 6587
1781190676807 0.0 6588
1781190676821 0.0 6589
1781190676835 1.0 6590
1781190676867 1.0 6591
1781190676881 0.0 6592
1781190676894 0.0 6593
1781190676928 0.0 6594
1781190676942 0.0 6595
1781190676959 1.0 6596
1781190676979 1.0 6597
1781190677006 0.0 6598
1781190677020 1.0 6599
1781190677034 0.0 6600
1781190677064 1.0 6601
1781190677090 0.0 6602
1781190677105 1.0 6603
1781190677128 1.0 6604
1781190677153 0.0 6605
1781190677172 0.0 6606
1781190677206 0.0 6607
1781190677234 0.0 6608
1781190677254 0.0 6609
1781190677275 0.0 6610
1781190677287 1.0 6611
1781190677304 0.0 6612
1781190677319 1.0 6613
1781190677333 1.0 6614
1781190677350 0.0 6615
1781190677372 0.0 6616
1781190677395 0.0 6617
1781190677412 1.0 6618
1781190677439 1.0 6619
1781190677452 1.0 6620
1781190677474 0.0 6621
1781190677496 0.0 6622
1781190677520 0.0 6623
1781190677541 0.0 6624
1781190677581 1.0 6625
1781190677598 1.0 6626
1781190677624 0.0 6627
1781190677640 1.0 6628
1781190677664 0.0 6629
1781190677677 1.0 6630
1781190677716 1.0 6631
1781190677740 0.0 6632
1781190677771 1.0 6633
1781190677803 0.0 6634
1781190677819 1.0 6635
1781190677837 0.0 6636
1781190677851 1.0 6637
1781190677863 1.0 6638
1781190677883 0.0 6639
1781190677898 0.0 6640
1781190677919 0.0 6641
1781190677938 0.0 6642
1781190677950 0.0 6643
1781190677963 0.0 6644
1781190677985 1.0 6645
1781190678016 1.0 6646
1781190678028 0.0 6647
1781190678072 0.0 6648
1781190678087 1.0 6649
1781190678117 0.0 6650
1781190678134 0.0 6651
1781190678167 1.0 6652
1781190678189 0.0 6653
1781190678229 0.0 6654
1781190678258 1.0 6655
1781190678277 0.0 6656
1781190678296 0.0 6657
1781190678311 1.0 6658
1781190678327 1.0 6659
1781190678339 0.0 6660
1781190678352 1.0 6661
1781190678394 0.0 6662
1781190678418 0.0 6663
1781190678432 1.0 6664
1781190678450 0.0 6665
1781190678471 0.0 6666
1781190678512 0.0 6667
1781190678534 0.0 6668
1781190678551 0.0 6669
1781190678572 1.0 6670
1781190678592 0.0 6671
1781190678626 0.0 6672
1781190678645 0.0 6673
1781190678677 0.0 6674
1781190678715 1.0 6675
1781190678743 0.0 6676
1781190678775 0.0 6677
1781190678789 1.0 6678
1781190678803 0.0 6679
1781190678824 0.0 6680
1781190678836 1.0 6681
1781190678849 1.0 6682
1781190678871 1.0 6683
1781190678899 0.0 6684
1781190678957 0.0 6685
1781190678985 0.0 6686
1781190679003 1.0 6687
1781190679025 0.0 6688
1781190679039 0.0 6689
1781190679069 0.0 6690
1781190679083 1.0 6691
1781190679100 1.0 6692
1781190679127 0.0 6693
1781190679140 1.0 6694
1781190679166 1.0 6695
1781190679211 1.0 6696
1781190679236 0.0 6697
1781190679255 1.0 6698
1781190679269 0.0 6699
1781190679299 0.0 6700
1781190679311 1.0 6701
1781190679325 1.0 6702
1781190679339 1.0 6703
1781190679354 1.0 6704
1781190679381 0.0 6705
1781190679400 0.0 6706
1781190679435 1.0 6707
1781190679458 0.0 6708
1781190679485 0.0 6709
1781190679499 1.0 6710
1781190679520 0.0 6711
1781190679569 0.0 6712
1781190679583 0.0 6713
1781190679603 0.0 6714
1781190679638 0.0 6715
1781190679660 0.0 6716
1781190679682 0.0 6717
1781190679700 1.0 6718
1781190679717 1.0 6719
1781190679739 0.0 6720
1781190679757 0.0 6721
1781190679771 1.0 6722
1781190679816 1.0 6723
1781190679829 0.0 6724
1781190679855 0.0 6725
1781190679870 0.0 6726
1781190679904 0.0 6727
1781190679926 0.0 6728
1781190679952 1.0 6729
1781190679973 0.0 6730
1781190679984 1.0 6731
1781190679999 0.0 6732
1781190680029 1.0 6733
1781190680045 0.0 6734
1781190680057 0.0 6735
1781190680100 1.0 6736
1781190680117 1.0 6737
1781190680155 0.0 6738
1781190680176 0.0 6739
1781190680194 0.0 6740
1781190680215 0.0 6741
1781190680232 0.0 6742
1781190680260 0.0 6743
1781190680272 0.0 6744
1781190680289 1.0 6745
1781190680309 0.0 6746
1781190680324 0.0 6747
1781190680337 0.0 6748
1781190680366 1.0 6749
1781190680382 1.0 6750
1781190680406 1.0 6751
1781190680422 1.0 6752
1781190680445 0.0 6753
1781190680459 0.0 6754
1781190680479 1.0 6755
1781190680493 0.0 6756
1781190680517 0.0 6757
1781190680541 0.0 6758
1781190680575 0.0 6759
1781190680598 0.0 6760
1781190680621 0.0 6761
1781190680642 0.0 6762
1781190680667 0.0 6763
1781190680686 0.0 6764
1781190680700 1.0 6765
1781190680718 1.0 6766
1781190680753 0.0 6767
1781190680782 0.0 6768
1781190680810 0.0 6769
1781190680824 1.0 6770
1781190680839 1.0 6771
1781190680859 0.0 6772
1781190680872 0.0 6773
1781190680887 0.0 6774
1781190680931 1.0 6775
1781190680951 0.0 6776
1781190680968 0.0 6777
1781190680994 0.0 6778
1781190681008 1.0 6779
1781190681027 1.0 6780
1781190681039 1.0 6781
1781190681054 1.0 6782
1781190681084 0.0 6783
1781190681106 0.0 6784
1781190681122 0.0 6785
1781190681166 1.0 6786
1781190681190 1.0 6787
1781190681202 1.0 6788
1781190681233 1.0 6789
1781190681253 1.0 6790
1781190681268 1.0 6791
1781190681291 1.0 6792
1781190681306 1.0 6793
1781190681334 0.0 6794
1781190681358 0.0 6795
1781190681382 0.0 6796
1781190681416 1.0 6797
1781190681431 0.0 6798
1781190681455 0.0 6799
1781190681469 0.0 6800
1781190681510 1.0 6801
1781190681533 0.0 6802
1781190681549 1.0 6803
1781190681572 0.0 6804
1781190681584 0.0 6805
1781190681598 0.0 6806
1781190681615 0.0 6807
1781190681637 0.0 6808
1781190681665 0.0 6809
1781190681702 0.0 6810
1781190681736 0.0 6811
1781190681755 0.0 6812
1781190681768 0.0 6813
1781190681804 1.0 6814
1781190681821 1.0 6815
1781190681840 1.0 6816
1781190681872 0.0 6817
1781190681885 0.0 6818
1781190681919 0.0 6819
1781190681931 0.0 6820
1781190681954 0.0 6821
1781190681970 1.0 6822
1781190681985 1.0 6823
1781190682002 0.0 6824
1781190682018 1.0 6825
1781190682045 0.0 6826
1781190682064 0.0 6827
1781190682079 1.0 6828
1781190682094 0.0 6829
1781190682114 1.0 6830
1781190682126 0.0 6831
1781190682141 1.0 6832
1781190682161 0.0 6833
1781190682174 1.0 6834
1781190682194 0.0 6835
1781190682210 0.0 6836
1781190682249 0.0 6837
1781190682269 0.0 6838
1781190682285 1.0 6839
1781190682299 1.0 6840
1781190682329 1.0 6841
1781190682344 1.0 6842
1781190682358 1.0 6843
1781190682373 0.0 6844
1781190682400 0.0 6845
1781190682430 1.0 6846
1781190682447 1.0 6847
1781190682467 0.0 6848
1781190682492 0.0 6849
1781190682522 0.0 6850
1781190682557 0.0 6851
1781190682577 0.0 6852
1781190682590 1.0 6853
1781190682613 1.0 6854
1781190682628 1.0 6855
1781190682658 0.0 6856
1781190682671 0.0 6857
1781190682686 0.0 6858
1781190682716 0.0 6859
1781190682741 0.0 6860
1781190682753 1.0 6861
1781190682777 0.0 6862
1781190682811 0.0 6863
1781190682836 0.0 6864
1781190682868 0.0 6865
1781190682884 1.0 6866
1781190682902 1.0 6867
1781190682942 1.0 6868
1781190682962 0.0 6869
1781190682993 1.0 6870
1781190683022 0.0 6871
1781190683048 0.0 6872
1781190683090 0.0 6873
1781190683105 0.0 6874
1781190683168 0.0 6875
1781190683183 1.0 6876
1781190683207 0.0 6877
1781190683252 0.0 6878
1781190683265 0.0 6879
1781190683312 0.0 6880
1781190683325 0.0 6881
1781190683347 1.0 6882
1781190683369 0.0 6883
1781190683420 1.0 6884
1781190683433 0.0 6885
1781190683447 1.0 6886
1781190683463 0.0 6887
1781190683479 1.0 6888
1781190683510 1.0 6889
1781190683528 0.0 6890
1781190683548 1.0 6891
1781190683574 0.0 6892
1781190683603 0.0 6893
1781190683621 0.0 6894
1781190683674 1.0 6895
1781190683717 1.0 6896
1781190683739 0.0 6897
1781190683753 1.0 6898
1781190683770 1.0 6899
1781190683790 0.0 6900
1781190683803 1.0 6901
1781190683824 0.0 6902
1781190683841 0.0 6903
1781190683862 0.0 6904
1781190683884 0.0 6905
1781190683900 0.0 6906
1781190683913 0.0 6907
1781190683949 0.0 6908
1781190683984 0.0 6909
1781190683997 1.0 6910
1781190684048 0.0 6911
1781190684065 1.0 6912
1781190684092 1.0 6913
1781190684125 0.0 6914
1781190684144 0.0 6915
1781190684187 1.0 6916
1781190684208 0.0 6917
1781190684224 0.0 6918
1781190684242 0.0 6919
1781190684257 0.0 6920
1781190684273 1.0 6921
1781190684291 0.0 6922
1781190684303 1.0 6923
1781190684338 0.0 6924
1781190684362 0.0 6925
1781190684383 1.0 6926
1781190684417 0.0 6927
1781190684443 0.0 6928
1781190684505 0.0 6929
1781190684530 1.0 6930
1781190684561 1.0 6931
1781190684575 0.0 6932
1781190684592 1.0 6933
1781190684642 1.0 6934
1781190684656 1.0 6935
1781190684672 1.0 6936
1781190684701 0.0 6937
1781190684715 0.0 6938
1781190684732 1.0 6939
1781190684754 1.0 6940
1781190684781 1.0 6941
1781190684811 0.0 6942
1781190684823 0.0 6943
1781190684851 0.0 6944
1781190684873 0.0 6945
1781190684905 1.0 6946
1781190684939 0.0 6947
1781190684957 1.0 6948
1781190684973 1.0 6949
1781190684989 0.0 6950
1781190685005 1.0 6951
1781190685022 1.0 6952
1781190685040 0.0 6953
1781190685080 0.0 6954
1781190685121 0.0 6955
1781190685142 0.0 6956
1781190685170 0.0 6957
1781190685184 0.0 6958
1781190685206 0.0 6959
1781190685234 0.0 6960
1781190685262 1.0 6961
1781190685280 0.0 6962
1781190685293 0.0 6963
1781190685307 1.0 6964
1781190685323 1.0 6965
1781190685337 0.0 6966
1781190685358 1.0 6967
1781190685374 0.0 6968
1781190685390 0.0 6969
1781190685405 0.0 6970
1781190685421 1.0 6971
1781190685442 0.0 6972
1781190685459 0.0 6973
1781190685488 0.0 6974
1781190685533 1.0 6975
1781190685554 0.0 6976
1781190685574 0.0 6977
1781190685586 1.0 6978
1781190685601 0.0 6979
1781190685640 0.0 6980
1781190685653 0.0 6981
1781190685676 0.0 6982
1781190685702 1.0 6983
1781190685718 0.0 6984
1781190685739 0.0 6985
1781190685757 0.0 6986
1781190685770 1.0 6987
1781190685787 0.0 6988
1781190685807 0.0 6989
1781190685820 0.0 6990
1781190685839 0.0 6991
1781190685872 0.0 6992
1781190685898 0.0 6993
1781190685910 1.0 6994
1781190685925 0.0 6995
1781190685942 0.0 6996
1781190685955 1.0 6997
1781190685972 0.0 6998
1781190685996 0.0 6999
1781190686012 0.0 7000
1781190686060 1.0 7001
1781190686076 1.0 7002
1781190686094 0.0 7003
1781190686129 0.0 7004
1781190686165 1.0 7005
1781190686183 0.0 7006
1781190686203 1.0 7007
1781190686227 0.0 7008
1781190686247 0.0 7009
1781190686261 1.0 7010
1781190686304 1.0 7011
1781190686324 0.0 7012
1781190686345 0.0 7013
1781190686369 0.0 7014
1781190686385 1.0 7015
1781190686413 0.0 7016
1781190686437 0.0 7017
1781190686462 0.0 7018
1781190686477 0.0 7019
1781190686513 1.0 7020
1781190686543 0.0 7021
1781190686557 0.0 7022
1781190686587 0.0 7023
1781190686621 1.0 7024
1781190686662 1.0 7025
1781190686719 1.0 7026
1781190686737 0.0 7027
1781190686753 1.0 7028
1781190686770 0.0 7029
1781190686812 0.0 7030
1781190686835 0.0 7031
1781190686851 1.0 7032
1781190686864 1.0 7033
1781190686889 0.0 7034
1781190686905 1.0 7035
1781190686923 0.0 7036
1781190686940 0.0 7037
1781190686960 0.0 7038
1781190686981 0.0 7039
1781190687001 1.0 7040
1781190687034 0.0 7041
1781190687062 1.0 7042
1781190687074 1.0 7043
1781190687096 1.0 7044
1781190687115 1.0 7045
1781190687139 1.0 7046
1781190687152 0.0 7047
1781190687222 0.0 7048
1781190687251 1.0 7049
1781190687275 1.0 7050
1781190687292 1.0 7051
1781190687307 1.0 7052
1781190687320 1.0 7053
1781190687341 0.0 7054
1781190687360 1.0 7055
1781190687376 1.0 7056
1781190687394 1.0 7057
1781190687412 1.0 7058
1781190687426 1.0 7059
1781190687445 1.0 7060
1781190687463 0.0 7061
1781190687477 0.0 7062
1781190687512 0.0 7063
1781190687533 0.0 7064
1781190687572 0.0 7065
1781190687598 0.0 7066
1781190687637 1.0 7067
1781190687689 0.0 7068
1781190687701 1.0 7069
1781190687725 0.0 7070
1781190687739 0.0 7071
1781190687754 1.0 7072
1781190687792 1.0 7073
1781190687834 0.0 7074
1781190687861 1.0 7075
1781190687882 0.0 7076
1781190687897 0.0 7077
1781190687921 1.0 7078
1781190687937 1.0 7079
1781190687951 0.0 7080
1781190687976 1.0 7081
1781190687990 0.0 7082
1781190688008 0.0 7083
1781190688043 1.0 7084
1781190688061 1.0 7085
1781190688078 1.0 7086
1781190688103 0.0 7087
1781190688120 1.0 7088
1781190688133 0.0 7089
1781190688153 0.0 7090
1781190688176 0.0 7091
1781190688191 1.0 7092
1781190688215 1.0 7093
1781190688232 1.0 7094
1781190688250 0.0 7095
1781190688290 1.0 7096
1781190688305 0.0 7097
1781190688318 0.0 7098
1781190688348 0.0 7099
1781190688380 1.0 7100
1781190688418 1.0 7101
1781190688430 0.0 7102
1781190688464 0.0 7103
1781190688480 0.0 7104
1781190688508 0.0 7105
1781190688524 1.0 7106
1781190688557 0.0 7107
1781190688577 0.0 7108
1781190688614 0.0 7109
1781190688631 1.0 7110
1781190688645 1.0 7111
1781190688659 1.0 7112
1781190688687 0.0 7113
1781190688704 1.0 7114
1781190688736 0.0 7115
1781190688748 1.0 7116
1781190688786 1.0 7117
1781190688799 1.0 7118
1781190688814 0.0 7119
1781190688826 1.0 7120
1781190688840 1.0 7121
1781190688863 0.0 7122
1781190688881 1.0 7123
1781190688897 1.0 7124
1781190688914 1.0 7125
1781190688939 0.0 7126
1781190688978 1.0 7127
1781190688991 0.0 7128
1781190689031 0.0 7129
1781190689049 0.0 7130
1781190689139 0.0 7131
1781190689151 1.0 7132
1781190689165 1.0 7133
1781190689184 0.0 7134
1781190689209 0.0 7135
1781190689243 0.0 7136
1781190689257 1.0 7137
1781190689278 0.0 7138
1781190689319 1.0 7139
1781190689334 1.0 7140
1781190689372 1.0 7141
1781190689388 1.0 7142
1781190689404 0.0 7143
1781190689422 1.0 7144
1781190689451 1.0 7145
1781190689467 0.0 7146
1781190689490 0.0 7147
1781190689534 1.0 7148
1781190689550 1.0 7149
1781190689567 1.0 7150
1781190689581 0.0 7151
1781190689596 0.0 7152
1781190689611 1.0 7153
1781190689650 0.0 7154
1781190689664 0.0 7155
1781190689689 0.0 7156
1781190689703 1.0 7157
1781190689723 1.0 7158
1781190689740 1.0 7159
1781190689763 1.0 7160
1781190689778 1.0 7161
1781190689824 0.0 7162
1781190689845 1.0 7163
1781190689882 0.0 7164
1781190689894 0.0 7165
1781190689926 0.0 7166
1781190689961 0.0 7167
1781190689995 0.0 7168
1781190690010 0.0 7169
1781190690023 0.0 7170
1781190690068 0.0 7171
1781190690088 0.0 7172
1781190690104 0.0 7173
1781190690121 0.0 7174
1781190690136 1.0 7175
1781190690222 1.0 7176
1781190690241 0.0 7177
1781190690259 0.0 7178
1781190690284 0.0 7179
1781190690301 1.0 7180
1781190690325 0.0 7181
1781190690343 1.0 7182
1781190690361 1.0 7183
1781190690377 0.0 7184
1781190690418 1.0 7185
1781190690438 0.0 7186
1781190690456 1.0 7187
1781190690485 0.0 7188
1781190690504 0.0 7189
1781190690539 1.0 7190
1781190690553 0.0 7191
1781190690584 0.0 7192
1781190690629 0.0 7193
1781190690656 0.0 7194
1781190690683 0.0 7195
1781190690703 1.0 7196
1781190690720 1.0 7197
1781190690747 1.0 7198
1781190690770 0.0 7199
1781190690805 1.0 7200
1781190690817 0.0 7201
1781190690842 0.0 7202
1781190690874 0.0 7203
1781190690898 0.0 7204
1781190690934 1.0 7205
1781190690946 0.0 7206
1781190690964 0.0 7207
1781190690978 1.0 7208
1781190691016 0.0 7209
1781190691041 0.0 7210
1781190691071 1.0 7211
1781190691083 1.0 7212
1781190691109 0.0 7213
1781190691125 0.0 7214
1781190691146 0.0 7215
1781190691184 1.0 7216
1781190691215 0.0 7217
1781190691247 0.0 7218
1781190691281 0.0 7219
1781190691302 1.0 7220
1781190691341 0.0 7221
1781190691356 0.0 7222
1781190691372 1.0 7223
1781190691394 0.0 7224
1781190691411 1.0 7225
1781190691425 0.0 7226
1781190691447 0.0 7227
1781190691467 0.0 7228
1781190691486 1.0 7229
1781190691530 0.0 7230
1781190691544 1.0 7231
1781190691577 1.0 7232
1781190691592 1.0 7233
1781190691611 0.0 7234
1781190691643 1.0 7235
1781190691663 0.0 7236
1781190691678 0.0 7237
1781190691697 0.0 7238
1781190691770 0.0 7239
1781190691805 0.0 7240
1781190691818 0.0 7241
1781190691828 0.0 7242
1781190691853 1.0 7243
1781190691883 1.0 7244
1781190691897 0.0 7245
1781190691919 1.0 7246
1781190691944 0.0 7247
1781190691983 0.0 7248
1781190691996 1.0 7249
1781190692020 1.0 7250
1781190692035 1.0 7251
1781190692196 0.0 7252
1781190692233 0.0 7253
1781190692251 1.0 7254
1781190692270 0.0 7255
1781190692526 0.0 7256
1781190692583 0.0 7257
1781190692618 1.0 7258
1781190692636 1.0 7259
1781190692712 0.0 7260
1781190692745 0.0 7261
1781190692762 0.0 7262
1781190692787 0.0 7263
1781190692806 0.0 7264
1781190692849 0.0 7265
1781190692868 0.0 7266
1781190692900 0.0 7267
1781190692918 1.0 7268
1781190692950 0.0 7269
1781190692970 1.0 7270
1781190693015 1.0 7271
1781190693042 1.0 7272
1781190693084 0.0 7273
1781190693105 0.0 7274
1781190693141 1.0 7275
1781190693169 0.0 7276
1781190693200 0.0 7277
1781190693229 0.0 7278
1781190693261 0.0 7279
1781190693300 0.0 7280
1781190693341 0.0 7281
1781190693387 1.0 7282
1781190693404 0.0 7283
1781190693425 0.0 7284
1781190693445 1.0 7285
1781190693479 0.0 7286
1781190693506 0.0 7287
1781190693533 0.0 7288
1781190693553 0.0 7289
1781190693597 1.0 7290
1781190693620 0.0 7291
1781190693637 0.0 7292
1781190693667 0.0 7293
1781190693697 0.0 7294
1781190693714 0.0 7295
1781190693737 0.0 7296
1781190693764 0.0 7297
1781190693787 0.0 7298
1781190693859 0.0 7299
1781190693913 1.0 7300
1781190693949 1.0 7301
1781190693971 0.0 7302
1781190693985 1.0 7303
1781190694001 1.0 7304
1781190694017 1.0 7305
1781190694037 0.0 7306
1781190694051 1.0 7307
1781190694068 1.0 7308
1781190694102 1.0 7309
1781190694125 0.0 7310
1781190694144 1.0 7311
1781190694187 0.0 7312
1781190694216 0.0 7313
1781190694266 0.0 7314
1781190694285 1.0 7315
1781190694308 0.0 7316
1781190694360 0.0 7317
1781190694387 0.0 7318
1781190694401 1.0 7319
1781190694419 0.0 7320
1781190694447 0.0 7321
1781190694472 0.0 7322
1781190694487 1.0 7323
1781190694510 0.0 7324
1781190694551 1.0 7325
1781190694615 1.0 7326
1781190694641 0.0 7327
1781190694659 0.0 7328
1781190694674 0.0 7329
1781190694702 0.0 7330
1781190694730 0.0 7331
1781190694762 0.0 7332
1781190694798 0.0 7333
1781190694818 0.0 7334
1781190694865 0.0 7335
1781190694903 1.0 7336
1781190694932 0.0 7337
1781190694974 0.0 7338
1781190695002 0.0 7339
1781190695020 1.0 7340
1781190695045 0.0 7341
1781190695061 0.0 7342
1781190695076 1.0 7343
1781190695100 0.0 7344
1781190695112 1.0 7345
1781190695141 0.0 7346
1781190695161 0.0 7347
1781190695173 1.0 7348
1781190695187 0.0 7349
1781190695210 0.0 7350
1781190695228 0.0 7351
1781190695248 1.0 7352
1781190695262 1.0 7353
1781190695277 1.0 7354
1781190695290 1.0 7355
1781190695336 1.0 7356
1781190695377 1.0 7357
1781190695389 1.0 7358
1781190695408 1.0 7359
1781190695421 0.0 7360
1781190695440 0.0 7361
1781190695456 0.0 7362
1781190695488 1.0 7363
1781190695512 0.0 7364
1781190695528 1.0 7365
1781190695544 1.0 7366
1781190695567 0.0 7367
1781190695586 0.0 7368
1781190695615 0.0 7369
1781190695653 1.0 7370
1781190695669 1.0 7371
1781190695689 1.0 7372
1781190695716 0.0 7373
1781190695749 0.0 7374
1781190695780 0.0 7375
1781190695809 0.0 7376
1781190695827 0.0 7377
1781190695849 1.0 7378
1781190695866 1.0 7379
1781190695894 0.0 7380
1781190695908 1.0 7381
1781190695934 0.0 7382
1781190695956 1.0 7383
1781190695975 1.0 7384
1781190695989 1.0 7385
1781190696003 0.0 7386
1781190696017 0.0 7387
1781190696054 0.0 7388
1781190696085 0.0 7389
1781190696105 0.0 7390
1781190696119 1.0 7391
1781190696135 0.0 7392
1781190696153 0.0 7393
1781190696172 1.0 7394
1781190696201 1.0 7395
1781190696235 0.0 7396
1781190696249 1.0 7397
1781190696262 0.0 7398
1781190696299 0.0 7399
1781190696315 0.0 7400
1781190696369 0.0 7401
1781190696402 0.0 7402
1781190696432 0.0 7403
1781190696450 0.0 7404
1781190696463 1.0 7405
1781190696488 0.0 7406
1781190696505 0.0 7407
1781190696520 1.0 7408
1781190696536 1.0 7409
1781190696575 0.0 7410
1781190696588 0.0 7411
1781190696605 1.0 7412
1781190696636 0.0 7413
1781190696654 0.0 7414
1781190696679 0.0 7415
1781190696695 1.0 7416
1781190696745 1.0 7417
1781190696782 0.0 7418
1781190696793 1.0 7419
1781190696824 0.0 7420
1781190696842 0.0 7421
1781190696855 1.0 7422
1781190696885 0.0 7423
1781190696913 0.0 7424
1781190696930 0.0 7425
1781190696948 1.0 7426
1781190696964 0.0 7427
1781190696977 1.0 7428
1781190696994 0.0 7429
1781190697015 0.0 7430
1781190697036 1.0 7431
1781190697054 0.0 7432
1781190697089 1.0 7433
1781190697101 0.0 7434
1781190697122 0.0 7435
1781190697137 0.0 7436
1781190697177 1.0 7437
1781190697190 1.0 7438
1781190697204 0.0 7439
1781190697221 1.0 7440
1781190697240 0.0 7441
1781190697258 1.0 7442
1781190697272 0.0 7443
1781190697300 0.0 7444
1781190697338 0.0 7445
1781190697352 1.0 7446
1781190697370 1.0 7447
1781190697391 1.0 7448
1781190697408 1.0 7449
1781190697423 1.0 7450
1781190697455 0.0 7451
1781190697493 1.0 7452
1781190697505 0.0 7453
1781190697521 1.0 7454
1781190697544 1.0 7455
1781190697558 0.0 7456
1781190697593 0.0 7457
1781190697606 1.0 7458
1781190697630 0.0 7459
1781190697668 0.0 7460
1781190697682 1.0 7461
1781190697702 1.0 7462
1781190697718 1.0 7463
1781190697747 0.0 7464
1781190697782 1.0 7465
1781190697803 0.0 7466
1781190697820 1.0 7467
1781190697841 0.0 7468
1781190697856 0.0 7469
1781190697877 0.0 7470
1781190697894 0.0 7471
1781190697919 1.0 7472
1781190697935 0.0 7473
1781190697966 0.0 7474
1781190697982 1.0 7475
1781190698001 1.0 7476
1781190698015 1.0 7477
1781190698029 1.0 7478
1781190698044 1.0 7479
1781190698060 0.0 7480
1781190698075 1.0 7481
1781190698089 1.0 7482
1781190698102 1.0 7483
1781190698127 0.0 7484
1781190698150 0.0 7485
1781190698184 0.0 7486
1781190698213 1.0 7487
1781190698246 1.0 7488
1781190698268 0.0 7489
1781190698290 0.0 7490
1781190698304 0.0 7491
1781190698321 0.0 7492
1781190698334 1.0 7493
1781190698372 1.0 7494
1781190698384 0.0 7495
1781190698406 0.0 7496
1781190698421 1.0 7497
1781190698436 0.0 7498
1781190698452 0.0 7499
1781190698466 1.0 7500
1781190698477 1.0 7501
1781190698507 0.0 7502
1781190698537 0.0 7503
1781190698554 0.0 7504
1781190698567 0.0 7505
1781190698595 0.0 7506
1781190698607 1.0 7507
1781190698630 1.0 7508
1781190698684 1.0 7509
1781190698705 0.0 7510
1781190698749 1.0 7511
1781190698764 1.0 7512
1781190698793 0.0 7513
1781190698807 0.0 7514
1781190698844 0.0 7515
1781190698859 1.0 7516
1781190698898 1.0 7517
1781190698918 0.0 7518
1781190698936 0.0 7519
1781190698974 0.0 7520
1781190698995 0.0 7521
1781190699014 1.0 7522
1781190699057 1.0 7523
1781190699086 1.0 7524
1781190699102 0.0 7525
1781190699122 1.0 7526
1781190699144 0.0 7527
1781190699163 0.0 7528
1781190699220 1.0 7529
1781190699245 0.0 7530
1781190699266 1.0 7531
1781190699280 0.0 7532
1781190699295 0.0 7533
1781190699326 0.0 7534
1781190699339 0.0 7535
1781190699356 0.0 7536
1781190699378 0.0 7537
1781190699397 1.0 7538
1781190699424 0.0 7539
1781190699442 0.0 7540
1781190699480 0.0 7541
1781190699499 0.0 7542
1781190699512 0.0 7543
1781190699527 1.0 7544
1781190699550 0.0 7545
1781190699565 0.0 7546
1781190699601 0.0 7547
1781190699616 1.0 7548
1781190699663 0.0 7549
1781190699676 1.0 7550
1781190699694 0.0 7551
1781190699726 0.0 7552
1781190699758 1.0 7553
1781190699777 0.0 7554
1781190699818 0.0 7555
1781190699828 0.0 7556
1781190699846 0.0 7557
1781190699863 1.0 7558
1781190699875 1.0 7559
1781190699905 0.0 7560
1781190699921 0.0 7561
1781190699939 1.0 7562
1781190699969 0.0 7563
1781190699989 0.0 7564
1781190700006 0.0 7565
1781190700039 0.0 7566
1781190700066 0.0 7567
1781190700080 0.0 7568
1781190700100 0.0 7569
1781190700121 0.0 7570
1781190700136 1.0 7571
1781190700165 0.0 7572
1781190700191 0.0 7573
1781190700215 1.0 7574
1781190700229 0.0 7575
1781190700243 1.0 7576
1781190700269 1.0 7577
1781190700297 0.0 7578
1781190700318 0.0 7579
1781190700336 0.0 7580
1781190700359 0.0 7581
1781190700372 0.0 7582
1781190700388 1.0 7583
1781190700405 0.0 7584
1781190700434 1.0 7585
1781190700449 0.0 7586
1781190700477 1.0 7587
1781190700489 1.0 7588
1781190700513 1.0 7589
1781190700545 0.0 7590
1781190700565 0.0 7591
1781190700586 0.0 7592
1781190700604 0.0 7593
1781190700638 0.0 7594
1781190700658 1.0 7595
1781190700677 0.0 7596
1781190700692 1.0 7597
1781190700713 0.0 7598
1781190700726 1.0 7599
1781190700782 1.0 7600
1781190700812 1.0 7601
1781190700868 0.0 7602
1781190700879 0.0 7603
1781190700895 0.0 7604
1781190700929 0.0 7605
1781190700958 0.0 7606
1781190700993 0.0 7607
1781190701006 1.0 7608
1781190701028 0.0 7609
1781190701043 1.0 7610
1781190701063 1.0 7611
1781190701120 1.0 7612
1781190701158 1.0 7613
1781190701193 0.0 7614
1781190701212 0.0 7615
1781190701240 0.0 7616
1781190701253 0.0 7617
1781190701266 0.0 7618
1781190701284 1.0 7619
1781190701304 1.0 7620
1781190701316 1.0 7621
1781190701343 0.0 7622
1781190701359 0.0 7623
1781190701388 0.0 7624
1781190701401 0.0 7625
1781190701415 0.0 7626
1781190701450 0.0 7627
1781190701494 0.0 7628
1781190701508 1.0 7629
1781190701522 1.0 7630
1781190701543 0.0 7631
1781190701568 0.0 7632
1781190701584 1.0 7633
1781190701612 0.0 7634
1781190701628 0.0 7635
1781190701659 1.0 7636
1781190701676 0.0 7637
1781190701708 0.0 7638
1781190701725 1.0 7639
1781190701748 0.0 7640
1781190701763 1.0 7641
1781190701779 1.0 7642
1781190701803 0.0 7643
1781190701832 0.0 7644
1781190701844 0.0 7645
1781190701882 1.0 7646
1781190701923 0.0 7647
1781190701950 0.0 7648
1781190701974 0.0 7649
1781190701987 1.0 7650
1781190702005 1.0 7651
1781190702050 0.0 7652
1781190702078 1.0 7653
1781190702094 0.0 7654
1781190702112 0.0 7655
1781190702137 0.0 7656
1781190702150 0.0 7657
1781190702168 0.0 7658
1781190702204 0.0 7659
1781190702237 1.0 7660
1781190702252 1.0 7661
1781190702267 0.0 7662
1781190702286 1.0 7663
1781190702306 0.0 7664
1781190702321 1.0 7665
1781190702341 0.0 7666
1781190702375 0.0 7667
1781190702394 0.0 7668
1781190702422 0.0 7669
1781190702460 0.0 7670
1781190702481 0.0 7671
1781190702520 1.0 7672
1781190702540 0.0 7673
1781190702575 1.0 7674
1781190702597 0.0 7675
1781190702614 0.0 7676
1781190702647 0.0 7677
1781190702661 1.0 7678
1781190702677 0.0 7679
1781190702720 0.0 7680
1781190702742 1.0 7681
1781190702753 1.0 7682
1781190702771 0.0 7683
1781190702789 1.0 7684
1781190702831 0.0 7685
1781190702872 0.0 7686
1781190702886 1.0 7687
1781190702929 0.0 7688
1781190702946 0.0 7689
1781190702960 0.0 7690
1781190702980 0.0 7691
1781190702993 1.0 7692
1781190703034 0.0 7693
1781190703056 1.0 7694
1781190703097 1.0 7695
1781190703119 0.0 7696
1781190703130 1.0 7697
1781190703159 1.0 7698
1781190703172 1.0 7699
1781190703193 0.0 7700
1781190703237 0.0 7701
1781190703259 0.0 7702
1781190703276 0.0 7703
1781190703306 0.0 7704
1781190703319 1.0 7705
1781190703340 0.0 7706
1781190703356 0.0 7707
1781190703396 0.0 7708
1781190703412 0.0 7709
1781190703425 0.0 7710
1781190703438 1.0 7711
1781190703452 1.0 7712
1781190703478 0.0 7713
1781190703491 1.0 7714
1781190703510 0.0 7715
1781190703524 1.0 7716
1781190703540 1.0 7717
1781190703558 0.0 7718
1781190703572 0.0 7719
1781190703586 1.0 7720
1781190703607 0.0 7721
1781190703628 0.0 7722
1781190703659 1.0 7723
1781190703671 0.0 7724
1781190703697 1.0 7725
1781190703721 0.0 7726
1781190703734 1.0 7727
1781190703755 1.0 7728
1781190703776 1.0 7729
1781190703803 1.0 7730
1781190703820 1.0 7731
1781190703841 1.0 7732
1781190703856 1.0 7733
1781190703897 0.0 7734
1781190703910 1.0 7735
1781190703931 0.0 7736
1781190703950 0.0 7737
1781190703965 0.0 7738
1781190703986 0.0 7739
1781190704007 0.0 7740
1781190704026 1.0 7741
1781190704040 1.0 7742
1781190704078 0.0 7743
1781190704090 1.0 7744
1781190704107 1.0 7745
1781190704124 1.0 7746
1781190704149 0.0 7747
1781190704185 0.0 7748
1781190704200 0.0 7749
1781190704217 1.0 7750
1781190704251 0.0 7751
1781190704275 0.0 7752
1781190704302 0.0 7753
1781190704324 0.0 7754
1781190704341 1.0 7755
1781190704358 1.0 7756
1781190704405 0.0 7757
1781190704447 0.0 7758
1781190704463 0.0 7759
1781190704475 0.0 7760
1781190704491 0.0 7761
1781190704520 0.0 7762
1781190704567 1.0 7763
1781190704584 1.0 7764
1781190704599 0.0 7765
1781190704625 0.0 7766
1781190704658 1.0 7767
1781190704677 0.0 7768
1781190704704 0.0 7769
1781190704722 1.0 7770
1781190704737 0.0 7771
1781190704758 0.0 7772
1781190704787 0.0 7773
1781190704827 1.0 7774
1781190704842 1.0 7775
1781190704894 1.0 7776
1781190704913 1.0 7777
1781190704929 1.0 7778
1781190704963 0.0 7779
1781190704981 0.0 7780
1781190705010 0.0 7781
1781190705050 0.0 7782
1781190705066 1.0 7783
1781190705087 0.0 7784
1781190705109 0.0 7785
1781190705125 1.0 7786
1781190705168 1.0 7787
1781190705197 0.0 7788
1781190705229 0.0 7789
1781190705263 1.0 7790
1781190705278 0.0 7791
1781190705316 0.0 7792
1781190705336 0.0 7793
1781190705372 0.0 7794
1781190705390 1.0 7795
1781190705412 0.0 7796
1781190705446 1.0 7797
1781190705463 1.0 7798
1781190705491 0.0 7799
1781190705509 1.0 7800
1781190705530 0.0 7801
1781190705547 1.0 7802
1781190705573 0.0 7803
1781190705595 0.0 7804
1781190705612 0.0 7805
1781190705641 1.0 7806
1781190705667 0.0 7807
1781190705692 0.0 7808
1781190705729 1.0 7809
1781190705744 1.0 7810
1781190705757 1.0 7811
1781190705786 0.0 7812
1781190705814 0.0 7813
1781190705830 0.0 7814
1781190705847 0.0 7815
1781190705897 0.0 7816
1781190705944 1.0 7817
1781190705975 0.0 7818
