episode,prefix,completion,valid,reward,grammar_reward,tag_reward,axis_reward,noun_tag_dist,verb_tag_dist,adj_tag_dist,loss,baseline
1,POISON FAIL,,1,0.2000,0.0000,0.6667,0.0000,1.0000,1.0000,0.0000,1.2884,0.0100
2,ELDER HELP CROWD KNOW SIMPLE BOOK,,1,0.3000,0.0000,1.0000,0.0000,1.0000,1.0000,1.0000,6.6827,0.0245
3,DOG ATTACK STRANGER SEE ACTIVE FIRE,BURN,1,0.3202,0.0000,1.0000,0.1012,1.0000,1.0000,1.0000,6.8114,0.0393
4,PATTERN,GROW,1,0.2465,0.0000,0.6667,0.2327,1.0000,1.0000,0.0000,1.0311,0.0496
5,ENGINE GENERATE ALGORITHM UPDATE ERROR SEE,KEY MOVE CORRUPTED SECRET LEADER,0,1.3395,1.0000,0.9583,0.2599,0.8750,1.0000,1.0000,22.5693,0.1141
6,FOREST,SPREAD,0,1.2487,1.0000,0.6667,0.2435,1.0000,1.0000,0.0000,5.4193,0.1709
7,WOMAN WARN DENSE DULL LEADER IMAGINE,WEAK DOG,1,0.2336,0.0000,0.7222,0.0847,0.6667,1.0000,0.5000,1.2045,0.1740
8,SENSOR,FAIL,1,0.2216,0.0000,0.6667,0.1078,1.0000,1.0000,0.0000,0.2196,0.1764
9,WATER,BURN,1,0.2030,0.0000,0.6667,0.0149,1.0000,1.0000,0.0000,0.1212,0.1777
10,GUARD SPREAD,,1,0.2000,0.0000,0.6667,0.0000,1.0000,1.0000,0.0000,0.1543,0.1788
11,DIRTY SOLDIER SEE LEADER KNOW ROAD,,1,0.3000,0.0000,1.0000,0.0000,1.0000,1.0000,1.0000,2.7559,0.1849
12,SMALL GUARD BURN,,1,0.3000,0.0000,1.0000,0.0000,1.0000,1.0000,1.0000,1.2326,0.1906
13,DUST,GROW,0,1.2198,1.0000,0.6667,0.0991,1.0000,1.0000,0.0000,4.6329,0.2421
14,RIVER,BURN,0,1.2080,1.0000,0.6667,0.0398,1.0000,1.0000,0.0000,4.5751,0.2904
15,TIME FAIL,,1,0.2000,0.0000,0.6667,0.0000,1.0000,1.0000,0.0000,-0.5156,0.2859
16,DOG ATTACK HORSE BREAK SHARP SIMPLE,ROBOT,0,1.3413,1.0000,1.0000,0.2067,1.0000,1.0000,1.0000,22.9773,0.3386
17,ALGORITHM FAIL,,1,0.2000,0.0000,0.6667,0.0000,1.0000,1.0000,0.0000,-0.7862,0.3317
18,SMALL KEY,GROW,1,0.3228,0.0000,1.0000,0.1142,1.0000,1.0000,1.0000,-0.0723,0.3313
19,OBEDIENT BIRD MOVE FOREST HEAR BOOK,,1,0.3000,0.0000,1.0000,0.0000,1.0000,1.0000,1.0000,-0.6578,0.3297
20,ALGORITHM SPREAD,,1,0.2000,0.0000,0.6667,0.0000,1.0000,1.0000,0.0000,-0.7680,0.3232
21,AUTOMATED IDENTITY SPREAD,,1,0.3000,0.0000,1.0000,0.0000,1.0000,1.0000,1.0000,-0.2112,0.3221
22,CLOCK GENERATE BORDER UPDATE ORDERED WEAPON,SEE BIG FIRE,1,0.3263,0.0000,0.9444,0.2146,0.8333,1.0000,1.0000,0.0820,0.3223
23,PHONE SEE METAL HEAR SIMPLE CLOCK,,1,0.3000,0.0000,1.0000,0.0000,1.0000,1.0000,1.0000,-0.4696,0.3212
24,ROAD,FALL,0,1.2333,1.0000,0.6667,0.1667,1.0000,1.0000,0.0000,4.0627,0.3668
25,VAST CHANCE GROW,,1,0.3000,0.0000,1.0000,0.0000,1.0000,1.0000,1.0000,-0.6798,0.3634
26,SLOW FIRE BURN,,1,0.3000,0.0000,1.0000,0.0000,1.0000,1.0000,1.0000,-0.5979,0.3603
27,PHONE SEE TRUSTED DEAD MAN,MOVE DULL POISON,1,0.3073,0.0000,1.0000,0.0366,1.0000,1.0000,1.0000,-0.8824,0.3576
28,STRONG WOMAN EAT BIG SLOW FIRE,WANT BIG STRONG WEAPON,1,0.2012,0.0000,0.6667,0.0058,0.8000,1.0000,0.2000,-3.0486,0.3498
29,POISON,FAIL,1,0.2465,0.0000,0.6667,0.2327,1.0000,1.0000,0.0000,-0.4479,0.3446
30,FOOD BURN,,1,0.2000,0.0000,0.6667,0.0000,1.0000,1.0000,0.0000,-0.8649,0.3374
31,TOOL GROW,,1,0.2000,0.0000,0.6667,0.0000,1.0000,1.0000,0.0000,-0.8791,0.3305
32,MEMORY SPREAD,,1,0.2000,0.0000,0.6667,0.0000,1.0000,1.0000,0.0000,-0.7875,0.3240
33,NETWORK GROW,,1,0.2000,0.0000,0.6667,0.0000,1.0000,1.0000,0.0000,-0.7798,0.3178
34,ISOLATED HOME,FALL,0,1.3184,1.0000,1.0000,0.0918,1.0000,1.0000,1.0000,8.2277,0.3678
35,CORRUPTED CAR,SEE CONNECTED WOMAN FALL,0,1.3349,1.0000,1.0000,0.1743,1.0000,1.0000,1.0000,8.1064,0.4162
36,PRISON,BURN,0,1.2489,1.0000,0.6667,0.2443,1.0000,1.0000,0.0000,3.7446,0.4578
37,BROKEN TOOL,GROW,0,1.3643,1.0000,1.0000,0.3214,1.0000,1.0000,1.0000,7.5312,0.5031
38,BIRD HELP VAST CONNECTED BIRD ATTACK,ACTIVE COMPLEX CAR BURN,0,1.3197,1.0000,0.9524,0.1701,1.0000,1.0000,0.8571,14.4595,0.5440
39,FOREST,SPREAD,0,1.2487,1.0000,0.6667,0.2435,1.0000,1.0000,0.0000,3.0272,0.5792
40,LEADER MOVE ENCRYPTED GUARD FALL,,1,0.3000,0.0000,1.0000,0.0000,1.0000,1.0000,1.0000,-4.6395,0.5652
41,ALGORITHM GROW,,1,0.2000,0.0000,0.6667,0.0000,1.0000,1.0000,0.0000,-2.6375,0.5470
42,ENGINE MOVE TOOL HEAR LIE GENERATE,SLOW PLAN,1,0.3218,0.0000,0.9444,0.1923,0.8333,1.0000,1.0000,-4.4919,0.5357
43,CROWD SPREAD,,1,0.2000,0.0000,0.6667,0.0000,1.0000,1.0000,0.0000,-2.3798,0.5189
44,PRISON,BURN,0,1.2489,1.0000,0.6667,0.2443,1.0000,1.0000,0.0000,3.1693,0.5554
45,TRAPPED STRANGER,FALL,0,1.3127,1.0000,1.0000,0.0636,1.0000,1.0000,1.0000,5.8630,0.5933
46,ROBOT HEAR WEAPON,,1,0.2000,0.0000,0.6667,0.0000,1.0000,1.0000,0.0000,-4.7344,0.5736
47,SAD CROWD HEAR FAMOUS SMALL WEAPON,,1,0.3000,0.0000,1.0000,0.0000,1.0000,1.0000,1.0000,-5.2174,0.5599
48,PATTERN GROW,,1,0.2000,0.0000,0.6667,0.0000,1.0000,1.0000,0.0000,-2.3861,0.5420
49,MARKET,SPREAD,0,1.2032,1.0000,0.6667,0.0162,1.0000,1.0000,0.0000,3.0967,0.5750
50,ASHAMED,LEADER MOVE WOOD FALL,1,0.4411,0.0000,1.0000,0.7055,1.0000,1.0000,1.0000,-0.6247,0.5683
51,CROWD FALL,,1,0.2000,0.0000,0.6667,0.0000,1.0000,1.0000,0.0000,-2.8167,0.5499
52,INSECT GROW,,1,0.2000,0.0000,0.6667,0.0000,1.0000,1.0000,0.0000,-2.3739,0.5324
53,ANGRY BIRD SEE ASHAMED PROUD MAN,EAT HOME BURN,0,1.3153,1.0000,1.0000,0.0765,1.0000,1.0000,1.0000,15.6328,0.5716
54,DOG WANT BROKEN CONNECTED WOLF CARRY,DENSE CONNECTED SEED,1,0.2729,0.0000,0.8889,0.0310,1.0000,1.0000,0.6667,-6.0851,0.5566
55,METAL FALL,,1,0.2000,0.0000,0.6667,0.0000,1.0000,1.0000,0.0000,-2.1944,0.5388
56,CALM CHILD MOVE CHILD,,1,0.3000,0.0000,1.0000,0.0000,1.0000,1.0000,1.0000,-3.3589,0.5268
57,BIRD BREAK SENSOR ATTACK SAD DIRTY,GUARD,1,0.2857,0.0000,0.9333,0.0286,0.8000,1.0000,1.0000,-5.3521,0.5148
58,ERROR SPREAD,,1,0.2000,0.0000,0.6667,0.0000,1.0000,1.0000,0.0000,-1.8424,0.4991
59,TRAPPED FIRE,FALL,0,1.3134,1.0000,1.0000,0.0670,1.0000,1.0000,1.0000,6.2343,0.5398
60,LAW SPREAD,,1,0.2000,0.0000,0.6667,0.0000,1.0000,1.0000,0.0000,-1.8877,0.5228
61,CAR,SEE OUTCAST HEAVY ELDER,1,0.3099,0.0000,1.0000,0.0493,1.0000,1.0000,1.0000,-0.9118,0.5121
62,KEY FALL,,1,0.2000,0.0000,0.6667,0.0000,1.0000,1.0000,0.0000,-2.1253,0.4965
63,COMPLEX GUARD SEE MARKET SPREAD,,1,0.3000,0.0000,1.0000,0.0000,1.0000,1.0000,1.0000,-3.3739,0.4867
64,BIG HOME,FALL,0,1.3412,1.0000,1.0000,0.2058,1.0000,1.0000,1.0000,7.6516,0.5294
65,RULE,SPREAD,1,0.2027,0.0000,0.6667,0.0133,1.0000,1.0000,0.0000,-1.4808,0.5131
66,HAPPY DOG TRADE PROUD OUTCAST WOMAN,,1,0.3000,0.0000,1.0000,0.0000,1.0000,1.0000,1.0000,-3.9358,0.5024
67,MAP FALL,,1,0.2000,0.0000,0.6667,0.0000,1.0000,1.0000,0.0000,-2.0124,0.4873
68,CORRUPTED COMPUTER,FALL,1,0.3272,0.0000,1.0000,0.1362,1.0000,1.0000,1.0000,-1.2910,0.4793
69,RIVER,BURN,0,1.2080,1.0000,0.6667,0.0398,1.0000,1.0000,0.0000,3.3641,0.5157
70,COMPUTER FAIL,,1,0.2000,0.0000,0.6667,0.0000,1.0000,1.0000,0.0000,-2.1277,0.5000
71,ROAD,BURN,0,1.2272,1.0000,0.6667,0.1362,1.0000,1.0000,0.0000,3.2106,0.5363
72,MOUNTAIN,FALL,0,1.2019,1.0000,0.6667,0.0097,1.0000,1.0000,0.0000,3.2568,0.5696
73,STONE,FALL,1,0.2000,0.0000,0.6667,0.0000,1.0000,1.0000,0.0000,-1.6977,0.5511
74,METAL,BURN,1,0.2030,0.0000,0.6667,0.0149,1.0000,1.0000,0.0000,-1.7762,0.5337
75,CAMERA FALL,,1,0.2000,0.0000,0.6667,0.0000,1.0000,1.0000,0.0000,-2.4116,0.5170
76,SIGNAL,SPREAD,1,0.2077,0.0000,0.6667,0.0383,1.0000,1.0000,0.0000,-1.4668,0.5016
77,WOMAN HEAR FIRE BURN,,1,0.2000,0.0000,0.6667,0.0000,1.0000,1.0000,0.0000,-4.9119,0.4865
78,SHARP WEAPON BURN,,1,0.3000,0.0000,1.0000,0.0000,1.0000,1.0000,1.0000,-1.9443,0.4772
79,GUARD BREAK OPTIMAL,CAMERA,0,1.3124,1.0000,1.0000,0.0622,1.0000,1.0000,1.0000,9.5767,0.5189
80,OBEDIENT CAT MOVE SOLDIER,,1,0.3000,0.0000,1.0000,0.0000,1.0000,1.0000,1.0000,-3.0671,0.5080
81,TOOL GROW,,1,0.2000,0.0000,0.6667,0.0000,1.0000,1.0000,0.0000,-2.0863,0.4926
82,MOUNTAIN,FALL,0,1.2019,1.0000,0.6667,0.0097,1.0000,1.0000,0.0000,3.3236,0.5280
83,OPTIMAL RULE GROW,,1,0.3000,0.0000,1.0000,0.0000,1.0000,1.0000,1.0000,-2.2734,0.5166
84,COMPUTER GENERATE PATTERN,FAIL,1,0.1726,0.0000,0.5556,0.0297,1.0000,0.6667,0.0000,-3.7578,0.4994
85,DEBT,GROW,1,0.2679,0.0000,0.6667,0.3396,1.0000,1.0000,0.0000,-1.0704,0.4879
86,SYSTEM,SPREAD,1,0.2105,0.0000,0.6667,0.0527,1.0000,1.0000,0.0000,-1.2712,0.4740
87,GUARD SPREAD,,1,0.2000,0.0000,0.6667,0.0000,1.0000,1.0000,0.0000,-1.9765,0.4603
88,DIRTY BRIDGE,BURN,0,1.3193,1.0000,1.0000,0.0964,1.0000,1.0000,1.0000,7.1323,0.5032
89,ROAD,BURN,0,1.2272,1.0000,0.6667,0.1362,1.0000,1.0000,0.0000,3.0816,0.5394
90,BIG MARKET,GROW,0,1.3389,1.0000,1.0000,0.1943,1.0000,1.0000,1.0000,6.9126,0.5794
91,POISON FAIL,,1,0.2000,0.0000,0.6667,0.0000,1.0000,1.0000,0.0000,-2.3469,0.5604
92,FREE CHOICE,GROW,0,1.3641,1.0000,1.0000,0.3207,1.0000,1.0000,1.0000,6.1946,0.6006
93,TOOL,FALL,1,0.2051,0.0000,0.6667,0.0257,1.0000,1.0000,0.0000,-1.8603,0.5809
94,CITY,FALL,0,1.2676,1.0000,0.6667,0.3378,1.0000,1.0000,0.0000,2.9784,0.6152
95,CAT FORGET VAST ENCRYPTED CHOICE FOLLOW,STRONG STRONG FOOD,0,1.2944,1.0000,0.9333,0.0721,1.0000,1.0000,0.8000,13.9860,0.6492
96,METAL,BURN,1,0.2030,0.0000,0.6667,0.0149,1.0000,1.0000,0.0000,-2.3491,0.6268
97,SMALL LEADER,HEAR FIRE HEAR DIRTY SMALL CHILD SEE SIMPLE CAMERA,0,1.2481,1.0000,0.7556,0.1072,0.6667,1.0000,0.6000,5.0230,0.6579
98,DEAD STONE,FALL,0,1.3385,1.0000,1.0000,0.1923,1.0000,1.0000,1.0000,5.3786,0.6919
99,TRUTH,GROW,1,0.2761,0.0000,0.6667,0.3805,1.0000,1.0000,0.0000,-1.8524,0.6711
100,ROBOT SEE MOUNTAIN FALL,,1,0.2000,0.0000,0.6667,0.0000,1.0000,1.0000,0.0000,-6.8737,0.6476
101,FAST CAMERA UPDATE SLOW FAST,SENSOR HEAR SECRET ASHAMED LEADER FALL,1,0.2490,0.0000,0.7667,0.0948,0.5000,1.0000,0.8000,-6.5791,0.6277
102,MARKET,GROW,0,1.2480,1.0000,0.6667,0.2399,1.0000,1.0000,0.0000,2.7263,0.6587
103,ROAD,FALL,0,1.2333,1.0000,0.6667,0.1667,1.0000,1.0000,0.0000,2.3362,0.6874
104,AUTOMATED CAMERA,SEE ELDER,0,1.3267,1.0000,1.0000,0.1337,1.0000,1.0000,1.0000,5.2199,0.7194
105,SLOW LEADER FORGET SMALL ISOLATED BOOK,,1,0.3000,0.0000,1.0000,0.0000,1.0000,1.0000,1.0000,-9.1217,0.6984
106,SYSTEM,GROW,1,0.2504,0.0000,0.6667,0.2519,1.0000,1.0000,0.0000,-2.1604,0.6760
107,CAT,WANT BIG OUTCAST ELDER BREAK COMPLEX CLOCK FALL,0,1.2857,1.0000,0.9333,0.0285,0.8000,1.0000,1.0000,2.9612,0.7065
108,CHANCE,GROW,1,0.2622,0.0000,0.6667,0.3110,1.0000,1.0000,0.0000,-2.1597,0.6843
109,CLEAN GUARD SEE ORDERED SEED GROW,,1,0.3000,0.0000,1.0000,0.0000,1.0000,1.0000,1.0000,-8.5860,0.6651
110,CHILD BREAK SMALL SAD CHILD,,1,0.3000,0.0000,1.0000,0.0000,1.0000,1.0000,1.0000,-6.2676,0.6468
111,CROWD FORGET BIRD BREAK SEED MOVE,DENSE CAMERA,1,0.3039,0.0000,1.0000,0.0193,1.0000,1.0000,1.0000,-7.5376,0.6297
112,GUARD MOVE AUTOMATED SAD GUARD MOVE,SECRET CORRUPTED BORDER,0,1.2767,1.0000,0.8667,0.0836,1.0000,1.0000,0.6000,12.8179,0.6620
113,BIG ROAD,FALL,0,1.3198,1.0000,1.0000,0.0991,1.0000,1.0000,1.0000,5.2266,0.6949
114,NETWORK,GROW,1,0.2330,0.0000,0.6667,0.1651,1.0000,1.0000,0.0000,-2.2408,0.6718
115,MOUNTAIN,BURN,0,1.2049,1.0000,0.6667,0.0243,1.0000,1.0000,0.0000,2.4435,0.6985
116,BOOK,FALL,1,0.2360,0.0000,0.6667,0.1802,1.0000,1.0000,0.0000,-2.2216,0.6753
117,VAST PRISON,BURN,0,1.3325,1.0000,1.0000,0.1627,1.0000,1.0000,1.0000,5.5042,0.7082
118,CITY,FALL,0,1.2676,1.0000,0.6667,0.3378,1.0000,1.0000,0.0000,2.3525,0.7362
119,LANGUAGE,SPREAD,1,0.2033,0.0000,0.6667,0.0163,1.0000,1.0000,0.0000,-2.4853,0.7095
120,CHOICE,GROW,1,0.2601,0.0000,0.6667,0.3006,1.0000,1.0000,0.0000,-1.9511,0.6871
121,ORDERED DRONE,UPDATE GUARD UPDATE WEAK AUTOMATED CAR,0,1.2015,1.0000,0.6667,0.0074,0.5000,1.0000,0.5000,4.4670,0.7128
122,WOOD,BURN,1,0.2030,0.0000,0.6667,0.0149,1.0000,1.0000,0.0000,-2.5885,0.6873
123,SMALL ELDER,BURN,0,1.3641,1.0000,1.0000,0.3206,1.0000,1.0000,1.0000,5.2671,0.7211
124,WOLF SEE SHARP TOOL KNOW ALGORITHM,,1,0.3000,0.0000,1.0000,0.0000,1.0000,1.0000,1.0000,-10.3719,0.7001
125,ROOM,BURN,0,1.2314,1.0000,0.6667,0.1570,1.0000,1.0000,0.0000,2.5006,0.7266
126,HOME,GROW,0,1.2533,1.0000,0.6667,0.2667,1.0000,1.0000,0.0000,2.3763,0.7530
127,MARKET,SPREAD,0,1.2032,1.0000,0.6667,0.0162,1.0000,1.0000,0.0000,1.9166,0.7755
128,METAL BURN,,1,0.2000,0.0000,0.6667,0.0000,1.0000,1.0000,0.0000,-4.2268,0.7467
129,DOG MOVE AUTOMATED BIG,KEY,1,0.3118,0.0000,1.0000,0.0590,1.0000,1.0000,1.0000,-6.5172,0.7250
130,ROOM,FALL,0,1.2293,1.0000,0.6667,0.1464,1.0000,1.0000,0.0000,2.2674,0.7502
131,SHARP CAR,FALL,1,0.3230,0.0000,1.0000,0.1151,1.0000,1.0000,1.0000,-3.4631,0.7288
132,ISOLATED ROAD,GROW,0,1.3127,1.0000,1.0000,0.0636,1.0000,1.0000,1.0000,4.3084,0.7580
133,INSECT GROW,,1,0.2000,0.0000,0.6667,0.0000,1.0000,1.0000,0.0000,-4.0564,0.7301
134,MARKET,FALL,0,1.2676,1.0000,0.6667,0.3378,1.0000,1.0000,0.0000,2.2614,0.7570
135,ELDER KNOW SIMPLE GUARD SEE CAT,,1,0.3000,0.0000,1.0000,0.0000,1.0000,1.0000,1.0000,-10.9320,0.7341
136,PROUD,STRANGER CHOOSE STRONG SAD CHILD RUN,1,0.3130,0.0000,0.8333,0.3152,1.0000,1.0000,0.5000,-1.9647,0.7131
137,BRIDGE,GROW,0,1.2326,1.0000,0.6667,0.1628,1.0000,1.0000,0.0000,2.3396,0.7391
138,TOOL,BURN,1,0.2003,0.0000,0.6667,0.0015,1.0000,1.0000,0.0000,-2.6155,0.7121
139,ERROR SPREAD,,1,0.2000,0.0000,0.6667,0.0000,1.0000,1.0000,0.0000,-3.4931,0.6865
140,DEBT,SPREAD,1,0.2036,0.0000,0.6667,0.0182,1.0000,1.0000,0.0000,-2.3424,0.6624
141,BIRD,CHOOSE PROUD MAN HEAR FAST ASHAMED WOMAN,0,1.2728,1.0000,0.8889,0.0309,0.6667,1.0000,1.0000,3.0044,0.6929
142,CLEAN GUARD FALL,,1,0.3000,0.0000,1.0000,0.0000,1.0000,1.0000,1.0000,-4.5389,0.6732
143,HEAVY,SENSOR FALL,1,0.3176,0.0000,1.0000,0.0879,1.0000,1.0000,1.0000,-1.4724,0.6555
144,CITY,FALL,0,1.2676,1.0000,0.6667,0.3378,1.0000,1.0000,0.0000,2.4523,0.6861
145,ASHAMED STRANGER,BURN,0,1.3334,1.0000,1.0000,0.1672,1.0000,1.0000,1.0000,4.8260,0.7184
146,FOOD,BURN,1,0.2132,0.0000,0.6667,0.0661,1.0000,1.0000,0.0000,-2.6631,0.6932
147,KEY,FALL,1,0.2272,0.0000,0.6667,0.1362,1.0000,1.0000,0.0000,-2.2839,0.6699
148,TRAPPED MAN SEE DOG HELP DOG,,1,0.3000,0.0000,1.0000,0.0000,1.0000,1.0000,1.0000,-8.0335,0.6514
149,PLAN FAIL,,1,0.2000,0.0000,0.6667,0.0000,1.0000,1.0000,0.0000,-2.9221,0.6288
150,OUTCAST POISON,BURN,0,1.3292,1.0000,1.0000,0.1460,1.0000,1.0000,1.0000,5.5113,0.6638
151,DULL,CLOCK FAIL,1,0.4898,0.0000,1.0000,0.9491,1.0000,1.0000,1.0000,-0.8119,0.6551
152,SHARP CHILD,WANT OUTCAST SAD WOMAN,0,1.2152,1.0000,0.6667,0.0760,0.0000,1.0000,1.0000,4.9558,0.6831
153,PROUD STRANGER ATTACK DEAD FREE,LEADER FALL,1,0.2070,0.0000,0.6667,0.0351,0.0000,1.0000,1.0000,-8.3360,0.6593
154,SLOW CAMERA FALL,,1,0.3000,0.0000,1.0000,0.0000,1.0000,1.0000,1.0000,-3.8942,0.6414
155,LIE,SPREAD,1,0.2129,0.0000,0.6667,0.0647,1.0000,1.0000,0.0000,-2.0606,0.6199
156,FIRE,MOVE SHARP SIMPLE DUST,0,1.2786,1.0000,0.8889,0.0598,0.6667,1.0000,1.0000,3.0371,0.6529
157,WOLF WARN DORMANT FREE CROWD,,1,0.3000,0.0000,1.0000,0.0000,1.0000,1.0000,1.0000,-6.3123,0.6352
158,DULL FIRE,GROW,0,1.3163,1.0000,1.0000,0.0817,1.0000,1.0000,1.0000,5.6897,0.6693
159,LANGUAGE,GROW,1,0.2666,0.0000,0.6667,0.3330,1.0000,1.0000,0.0000,-1.9855,0.6492
160,DORMANT DOG,FALL,0,1.3216,1.0000,1.0000,0.1078,1.0000,1.0000,1.0000,5.4529,0.6828
161,PRISON,BURN,0,1.2489,1.0000,0.6667,0.2443,1.0000,1.0000,0.0000,2.3878,0.7111
162,BROKEN,SOLDIER SEE OBEDIENT CHILD,1,0.4132,0.0000,0.8889,0.7327,1.0000,1.0000,0.6667,-1.3681,0.6962
163,DULL,CAMERA HEAR TRAPPED MAN,1,0.4783,0.0000,1.0000,0.8913,1.0000,1.0000,1.0000,-1.0594,0.6853
164,ACTIVE POWER,GROW,0,1.3474,1.0000,1.0000,0.2368,1.0000,1.0000,1.0000,5.2892,0.7184
165,ACTIVE ENGINE SEE OUTCAST SMALL LEADER,SEE SIMPLE SIMPLE PHONE,1,0.1887,0.0000,0.5524,0.1149,0.8000,0.0000,0.8571,-11.0224,0.6919
166,WEAK,HORSE MOVE ASHAMED ELDER,1,0.4597,0.0000,0.8889,0.9651,1.0000,1.0000,0.6667,-0.9923,0.6803
167,RIVER,BURN,0,1.2080,1.0000,0.6667,0.0398,1.0000,1.0000,0.0000,2.3153,0.7067
168,DULL ELDER HEAR MAP,,1,0.3000,0.0000,1.0000,0.0000,1.0000,1.0000,1.0000,-6.3151,0.6863
169,BRIDGE,GROW,0,1.2326,1.0000,0.6667,0.1628,1.0000,1.0000,0.0000,2.3839,0.7137
170,KEY SPREAD,,1,0.2000,0.0000,0.6667,0.0000,1.0000,1.0000,0.0000,-3.8312,0.6880
171,SIGNAL FAIL,,1,0.2000,0.0000,0.6667,0.0000,1.0000,1.0000,0.0000,-3.3022,0.6636
172,ACTIVE COMPUTER,FALL,0,1.3660,1.0000,1.0000,0.3302,1.0000,1.0000,1.0000,5.9168,0.6987
173,SHARP POISON BURN,,1,0.3000,0.0000,1.0000,0.0000,1.0000,1.0000,1.0000,-4.2953,0.6788
174,ELDER BETRAY FREE INSECT MOVE OPTIMAL,TIME,0,1.3470,1.0000,1.0000,0.2350,1.0000,1.0000,1.0000,15.2735,0.7122
175,DEBT,GROW,1,0.2679,0.0000,0.6667,0.3396,1.0000,1.0000,0.0000,-2.2731,0.6900
176,SECRET BIRD MOVE FAST ENGINE GROW,,1,0.3000,0.0000,1.0000,0.0000,1.0000,1.0000,1.0000,-8.8905,0.6705
177,CHAOTIC PRISON,BURN,0,1.3300,1.0000,1.0000,0.1499,1.0000,1.0000,1.0000,5.3250,0.7034
178,SMALL DRONE,FALL,0,1.3592,1.0000,1.0000,0.2959,1.0000,1.0000,1.0000,5.0736,0.7362
179,VAST HORSE,BREAK SHARP POISON RUN,0,1.3075,1.0000,1.0000,0.0373,1.0000,1.0000,1.0000,4.9546,0.7648
180,RIVER,BURN,0,1.2080,1.0000,0.6667,0.0398,1.0000,1.0000,0.0000,1.9185,0.7869
181,WOOD FALL,,1,0.2000,0.0000,0.6667,0.0000,1.0000,1.0000,0.0000,-4.5930,0.7576
182,HAPPY,SOLDIER SEE ELDER GENERATE CHAOTIC ALGORITHM FALL,0,1.3573,1.0000,1.0000,0.2865,1.0000,1.0000,1.0000,2.9257,0.7876
183,REBELLIOUS,SOLDIER BUILD ASHAMED COMPLEX LEADER,0,1.4091,1.0000,1.0000,0.5453,1.0000,1.0000,1.0000,2.7276,0.8187
184,SOLDIER SPREAD,,1,0.2000,0.0000,0.6667,0.0000,1.0000,1.0000,0.0000,-4.7199,0.7877
185,DEAD TOOL,BURN,0,1.3558,1.0000,1.0000,0.2792,1.0000,1.0000,1.0000,4.6918,0.8161
186,PRISON,BURN,0,1.2489,1.0000,0.6667,0.2443,1.0000,1.0000,0.0000,1.7413,0.8378
187,OBEDIENT,CAT HEAR DULL ASHAMED ELDER SEE WOLF SEE CAT,1,0.4043,0.0000,1.0000,0.5215,1.0000,1.0000,1.0000,-2.0205,0.8161
188,FOREST,FALL,0,1.2106,1.0000,0.6667,0.0528,1.0000,1.0000,0.0000,1.8234,0.8358
189,STONE,BURN,1,0.2030,0.0000,0.6667,0.0149,1.0000,1.0000,0.0000,-2.9059,0.8042
190,FAMOUS FEAR,GROW,0,1.3912,1.0000,1.0000,0.4561,1.0000,1.0000,1.0000,4.8798,0.8335
191,POWER,SPREAD,1,0.2134,0.0000,0.6667,0.0672,1.0000,1.0000,0.0000,-2.7405,0.8025
192,CAR,HEAR DULL STRONG DRONE,1,0.2051,0.0000,0.6667,0.0254,0.0000,1.0000,1.0000,-2.8571,0.7727
193,DEBT,GROW,1,0.2679,0.0000,0.6667,0.3396,1.0000,1.0000,0.0000,-2.6473,0.7474
194,CALM CROWD,HEAR DIRTY SOLDIER,0,1.2248,1.0000,0.6667,0.1238,0.0000,1.0000,1.0000,3.7799,0.7713
195,RULE,SPREAD,1,0.2027,0.0000,0.6667,0.0133,1.0000,1.0000,0.0000,-2.7726,0.7429
196,FEAR,GROW,1,0.2761,0.0000,0.6667,0.3805,1.0000,1.0000,0.0000,-1.9354,0.7195
197,FAMOUS POWER,SPREAD,0,1.3178,1.0000,1.0000,0.0889,1.0000,1.0000,1.0000,5.0976,0.7494
198,BORDER,GROW,1,0.2528,0.0000,0.6667,0.2641,1.0000,1.0000,0.0000,-2.3203,0.7246
199,WEAK COMPUTER,FAIL,1,0.3143,0.0000,1.0000,0.0713,1.0000,1.0000,1.0000,-3.4277,0.7041
200,RULE,SPREAD,1,0.2027,0.0000,0.6667,0.0133,1.0000,1.0000,0.0000,-2.4909,0.6790
201,CALM,SOLDIER FALL,1,0.3849,0.0000,1.0000,0.4246,1.0000,1.0000,1.0000,-1.3311,0.6643
202,HEAVY,CAR SEE ROBOT FALL,1,0.3221,0.0000,1.0000,0.1103,1.0000,1.0000,1.0000,-1.5001,0.6472
203,CITY,GROW,0,1.2480,1.0000,0.6667,0.2399,1.0000,1.0000,0.0000,2.3632,0.6772
204,POWER,GROW,1,0.2587,0.0000,0.6667,0.2937,1.0000,1.0000,0.0000,-1.9532,0.6563
205,AUTOMATED,POWER GROW,1,0.3416,0.0000,1.0000,0.2081,1.0000,1.0000,1.0000,-1.4621,0.6406
206,KEY,GROW,1,0.2157,0.0000,0.6667,0.0787,1.0000,1.0000,0.0000,-2.2584,0.6193
207,CHOICE,SPREAD,1,0.2266,0.0000,0.6667,0.1332,1.0000,1.0000,0.0000,-1.9036,0.5997
208,CITY,BURN,0,1.2567,1.0000,0.6667,0.2836,1.0000,1.0000,0.0000,2.4943,0.6325
209,FAST ELDER BREAK FIRE BURN,,1,0.3000,0.0000,1.0000,0.0000,1.0000,1.0000,1.0000,-5.6275,0.6159
210,PRISON,BURN,0,1.2489,1.0000,0.6667,0.2443,1.0000,1.0000,0.0000,2.3994,0.6476
211,BRIDGE,FALL,0,1.2312,1.0000,0.6667,0.1559,1.0000,1.0000,0.0000,2.4306,0.6767
212,TOOL,SPREAD,1,0.2565,0.0000,0.6667,0.2824,1.0000,1.0000,0.0000,-2.0247,0.6557
213,OPTIMAL LEADER,HEAR PROUD HAPPY STRANGER BREAK CONNECTED TRAPPED STRANGER,0,1.1944,1.0000,0.6111,0.0553,0.0000,1.0000,0.8333,4.4557,0.6827
214,BRIDGE,FALL,0,1.2312,1.0000,0.6667,0.1559,1.0000,1.0000,0.0000,2.2627,0.7101
215,AUTOMATED PHONE,SEE COMPLEX TRUSTED POISON UPDATE BROKEN COMPUTER,0,1.2124,1.0000,0.7000,0.0120,0.5000,1.0000,0.6000,4.2866,0.7352
216,TRUTH GROW,,1,0.2000,0.0000,0.6667,0.0000,1.0000,1.0000,0.0000,-3.8787,0.7084
217,DEAD ELDER,CARRY CAMERA,0,1.3274,1.0000,1.0000,0.1368,1.0000,1.0000,1.0000,4.7536,0.7394
218,ORDERED LAW,GROW,0,1.3622,1.0000,1.0000,0.3110,1.0000,1.0000,1.0000,5.5218,0.7705
219,CALM CHILD BURN,,1,0.3000,0.0000,1.0000,0.0000,1.0000,1.0000,1.0000,-5.0192,0.7470
220,FAST FIRE SPREAD,,1,0.3000,0.0000,1.0000,0.0000,1.0000,1.0000,1.0000,-4.7255,0.7247
221,PRISON,BURN,0,1.2489,1.0000,0.6667,0.2443,1.0000,1.0000,0.0000,1.9398,0.7509
222,VAST ELDER TRUST BIG FREE CAT,,1,0.3000,0.0000,1.0000,0.0000,1.0000,1.0000,1.0000,-10.1684,0.7283
223,BIG MAP,GROW,1,0.3107,0.0000,1.0000,0.0533,1.0000,1.0000,1.0000,-3.8424,0.7074
224,FIRE,MOVE TRAPPED CHAOTIC LEADER,0,1.3164,1.0000,1.0000,0.0822,1.0000,1.0000,1.0000,2.6888,0.7379
225,PRISON,BURN,0,1.2489,1.0000,0.6667,0.2443,1.0000,1.0000,0.0000,1.8470,0.7634
226,CLOCK,FALL,1,0.2329,0.0000,0.6667,0.1646,1.0000,1.0000,0.0000,-2.6737,0.7369
227,MARKET,SPREAD,0,1.2032,1.0000,0.6667,0.0162,1.0000,1.0000,0.0000,1.9488,0.7602
228,POWER,GROW,1,0.2587,0.0000,0.6667,0.2937,1.0000,1.0000,0.0000,-2.4406,0.7352
229,FREE CHOICE,GROW,0,1.3641,1.0000,1.0000,0.3207,1.0000,1.0000,1.0000,5.1270,0.7666
230,RIVER,FALL,0,1.2051,1.0000,0.6667,0.0257,1.0000,1.0000,0.0000,1.8613,0.7885
231,TRUSTED POISON,MOVE OBEDIENT CAT,1,0.3209,0.0000,1.0000,0.1044,1.0000,1.0000,1.0000,-3.9785,0.7651
232,CHAOTIC INSECT,HEAR DORMANT ACTIVE CROWD,0,1.3329,1.0000,0.8889,0.3312,0.6667,1.0000,1.0000,4.8917,0.7935
233,DEBT,GROW,1,0.2679,0.0000,0.6667,0.3396,1.0000,1.0000,0.0000,-2.9019,0.7673
234,FAMOUS PLAN,SPREAD,0,1.3087,1.0000,1.0000,0.0434,1.0000,1.0000,1.0000,4.6287,0.7943
235,PRISON,BURN,0,1.2489,1.0000,0.6667,0.2443,1.0000,1.0000,0.0000,1.5764,0.8171
236,DRONE GENERATE COMPLEX CHAOTIC,PLAN HEAR FAMOUS INSECT,0,1.3205,1.0000,0.9167,0.2276,1.0000,1.0000,0.7500,6.8020,0.8422
237,PROUD STRANGER TALK,,1,0.3000,0.0000,1.0000,0.0000,1.0000,1.0000,1.0000,-5.6891,0.8151
238,CORRUPTED CHOICE,SPREAD,0,1.4000,1.0000,1.0000,0.5000,1.0000,1.0000,1.0000,5.0662,0.8444
239,ROBOT,FALL,1,0.2548,0.0000,0.6667,0.2739,1.0000,1.0000,0.0000,-3.0132,0.8149
240,FIRE MOVE COMPLEX OUTCAST CROWD SPREAD,,1,0.3000,0.0000,1.0000,0.0000,1.0000,1.0000,1.0000,-10.0864,0.7891
241,SAD MAN THINK AUTOMATED HEAVY,SOLDIER,0,1.2003,1.0000,0.6667,0.0015,0.0000,1.0000,1.0000,7.9244,0.8097
242,SECRET MARKET,GROW,0,1.3305,1.0000,1.0000,0.1526,1.0000,1.0000,1.0000,4.0615,0.8357
243,SECRET KEY,FALL,1,0.3293,0.0000,1.0000,0.1464,1.0000,1.0000,1.0000,-4.6197,0.8104
244,BIG DOG KNOW WOMAN ATTACK ROAD,,1,0.3000,0.0000,1.0000,0.0000,1.0000,1.0000,1.0000,-12.4020,0.7849
245,BRIDGE,FALL,0,1.2312,1.0000,0.6667,0.1559,1.0000,1.0000,0.0000,1.7451,0.8072
246,DUST,FALL,0,1.2000,1.0000,0.6667,0.0000,1.0000,1.0000,0.0000,1.8831,0.8268
247,PHONE HEAR STONE,,1,0.2000,0.0000,0.6667,0.0000,1.0000,1.0000,0.0000,-7.6455,0.7955
248,SIGNAL,GROW,1,0.2522,0.0000,0.6667,0.2610,1.0000,1.0000,0.0000,-2.7970,0.7683
249,CAT,BURN,1,0.2153,0.0000,0.6667,0.0766,1.0000,1.0000,0.0000,-2.6994,0.7407
250,BRIDGE,FALL,0,1.2312,1.0000,0.6667,0.1559,1.0000,1.0000,0.0000,1.8945,0.7652
251,PATTERN,FAIL,1,0.2000,0.0000,0.6667,0.0000,1.0000,1.0000,0.0000,-2.7160,0.7370
252,MOUNTAIN,BURN,0,1.2049,1.0000,0.6667,0.0243,1.0000,1.0000,0.0000,2.1135,0.7603
253,DRONE,ENCODE SYSTEM ENCODE AUTOMATED MEMORY FAIL,0,1.3229,1.0000,1.0000,0.1143,1.0000,1.0000,1.0000,2.4191,0.7885
254,KEY,GROW,1,0.2157,0.0000,0.6667,0.0787,1.0000,1.0000,0.0000,-3.2142,0.7598
255,FOREST,SPREAD,0,1.2487,1.0000,0.6667,0.2435,1.0000,1.0000,0.0000,2.1706,0.7843
256,COMPLEX CHOICE,SPREAD,1,0.3174,0.0000,1.0000,0.0869,1.0000,1.0000,1.0000,-3.8446,0.7609
257,VAST FOREST,BURN,0,1.3028,1.0000,1.0000,0.0141,1.0000,1.0000,1.0000,4.5254,0.7880
258,PRISON,BURN,0,1.2489,1.0000,0.6667,0.2443,1.0000,1.0000,0.0000,1.5747,0.8111
259,PRISON,SPREAD,0,1.2032,1.0000,0.6667,0.0162,1.0000,1.0000,0.0000,1.3416,0.8307
260,DRONE SEE SHARP ISOLATED,ELDER,1,0.3589,0.0000,1.0000,0.2947,1.0000,1.0000,1.0000,-7.3585,0.8071
261,CHANCE,GROW,1,0.2622,0.0000,0.6667,0.3110,1.0000,1.0000,0.0000,-2.7627,0.7798
262,DEAD LEADER,MOVE CORRUPTED COMPUTER,0,1.3127,1.0000,1.0000,0.0636,1.0000,1.0000,1.0000,4.1513,0.8065
263,HORSE BREAK DULL SECRET FOOD,KNOW FOOD,1,0.2613,0.0000,0.8333,0.0564,0.5000,1.0000,1.0000,-9.8876,0.7792
264,DEAD LEADER,FALL,1,0.3127,0.0000,1.0000,0.0636,1.0000,1.0000,1.0000,-3.5807,0.7559
265,DEAD INSECT,FALL,0,1.3635,1.0000,1.0000,0.3174,1.0000,1.0000,1.0000,4.7515,0.7863
266,BRIDGE,FALL,0,1.2312,1.0000,0.6667,0.1559,1.0000,1.0000,0.0000,1.6092,0.8085
267,BIG BRIDGE,FALL,0,1.3216,1.0000,1.0000,0.1078,1.0000,1.0000,1.0000,4.1630,0.8342
268,HEAVY BIRD,FALL,1,0.3130,0.0000,1.0000,0.0648,1.0000,1.0000,1.0000,-4.4424,0.8081
269,CLOCK,MOVE OUTCAST DORMANT LEADER,1,0.3192,0.0000,1.0000,0.0959,1.0000,1.0000,1.0000,-2.6394,0.7837
270,RIVER,,0,1.1000,1.0000,0.3333,0.0000,1.0000,0.0000,0.0000,1.3106,0.7995
271,DIRTY MARKET,GROW,0,1.3454,1.0000,1.0000,0.2272,1.0000,1.0000,1.0000,4.1810,0.8268
272,PATTERN,GROW,1,0.2465,0.0000,0.6667,0.2327,1.0000,1.0000,0.0000,-2.9291,0.7978
273,SHARP SOLDIER SEE,ISOLATED ORDERED ELDER GROW,1,0.2030,0.0000,0.6667,0.0151,0.0000,1.0000,1.0000,-7.0079,0.7680
274,DOG FOLLOW IDENTITY FORGET,RULE,1,0.2105,0.0000,0.6000,0.1524,0.8000,1.0000,0.0000,-8.4187,0.7402
275,MARKET,BURN,0,1.2567,1.0000,0.6667,0.2836,1.0000,1.0000,0.0000,2.0353,0.7660
276,ROBOT,FALL,1,0.2548,0.0000,0.6667,0.2739,1.0000,1.0000,0.0000,-2.7682,0.7404
277,FOREST,BURN,0,1.2024,1.0000,0.6667,0.0119,1.0000,1.0000,0.0000,1.9196,0.7635
278,OPTIMAL KEY SPREAD,,1,0.3000,0.0000,1.0000,0.0000,1.0000,1.0000,1.0000,-5.6953,0.7403
279,SAD,LEADER FALL,1,0.4697,0.0000,1.0000,0.8484,1.0000,1.0000,1.0000,-1.3199,0.7268
280,CAR,FAIL,1,0.2484,0.0000,0.6667,0.2418,1.0000,1.0000,0.0000,-2.3615,0.7029
281,POISON,SPREAD,1,0.2264,0.0000,0.6667,0.1321,1.0000,1.0000,0.0000,-2.3800,0.6791
282,VAST,WEAPON FALL,1,0.3057,0.0000,1.0000,0.0284,1.0000,1.0000,1.0000,-1.6217,0.6604
283,CAMERA GENERATE TRUTH,UPDATE ORDERED POISON,1,0.2687,0.0000,0.8889,0.0099,1.0000,0.6667,1.0000,-4.3984,0.6408
284,WOMAN FORGET IDENTITY TRUST FAST ENCRYPTED,CLOCK,0,1.3218,1.0000,1.0000,0.1090,1.0000,1.0000,1.0000,17.3049,0.6749
285,RULE,SPREAD,1,0.2027,0.0000,0.6667,0.0133,1.0000,1.0000,0.0000,-2.4975,0.6513
286,POISON,BURN,1,0.2093,0.0000,0.6667,0.0463,1.0000,1.0000,0.0000,-2.2734,0.6292
287,SEED,MOVE FAST CAT,1,0.3042,0.0000,1.0000,0.0211,1.0000,1.0000,1.0000,-1.6613,0.6129
288,FREE IDENTITY,GROW,0,1.3714,1.0000,1.0000,0.3571,1.0000,1.0000,1.0000,6.2049,0.6508
289,POWER,SPREAD,1,0.2134,0.0000,0.6667,0.0672,1.0000,1.0000,0.0000,-2.1621,0.6290
290,FAMOUS BRIDGE,SPREAD,0,1.3194,1.0000,1.0000,0.0968,1.0000,1.0000,1.0000,4.8383,0.6635
291,REBELLIOUS WOLF,KNOW FOOD,0,1.3291,1.0000,1.0000,0.1456,1.0000,1.0000,1.0000,4.9032,0.6968
292,DIRTY MARKET,MOVE HAPPY CAT,0,1.3383,1.0000,1.0000,0.1915,1.0000,1.0000,1.0000,4.5798,0.7288
293,CITY,BURN,0,1.2567,1.0000,0.6667,0.2836,1.0000,1.0000,0.0000,1.9733,0.7552
294,SYSTEM,GROW,1,0.2504,0.0000,0.6667,0.2519,1.0000,1.0000,0.0000,-2.5624,0.7300
295,STRANGER BUILD NETWORK,,1,0.2000,0.0000,0.6667,0.0000,1.0000,1.0000,0.0000,-6.3554,0.7035
296,METAL,BURN,1,0.2030,0.0000,0.6667,0.0149,1.0000,1.0000,0.0000,-2.7369,0.6785
297,ROOM,BURN,0,1.2314,1.0000,0.6667,0.1570,1.0000,1.0000,0.0000,2.4620,0.7061
298,STRONG ELDER HELP DIRTY,GUARD RUN,1,0.2152,0.0000,0.6667,0.0758,0.0000,1.0000,1.0000,-7.0951,0.6816
299,TIME,GROW,1,0.2622,0.0000,0.6667,0.3110,1.0000,1.0000,0.0000,-2.0479,0.6606
300,DEAD GUARD,BURN,0,1.3175,1.0000,1.0000,0.0875,1.0000,1.0000,1.0000,5.3159,0.6934
301,DUST,BURN,0,1.2030,1.0000,0.6667,0.0149,1.0000,1.0000,0.0000,2.3613,0.7189
302,ASHAMED WOLF,GROW,1,0.3067,0.0000,1.0000,0.0334,1.0000,1.0000,1.0000,-3.2567,0.6983
303,DENSE,ROBOT FALL,1,0.3628,0.0000,1.0000,0.3142,1.0000,1.0000,1.0000,-1.5603,0.6815
304,SMALL,ELDER BURN,0,1.4759,1.0000,1.0000,0.8796,1.0000,1.0000,1.0000,3.3901,0.7213
305,METAL,BURN,1,0.2030,0.0000,0.6667,0.0149,1.0000,1.0000,0.0000,-2.9280,0.6953
306,ENGINE ENCODE TIME MOVE DRONE,,1,0.2000,0.0000,0.6667,0.0000,1.0000,1.0000,0.0000,-9.0179,0.6706
307,STONE,FALL,1,0.2000,0.0000,0.6667,0.0000,1.0000,1.0000,0.0000,-2.3268,0.6470
308,SIGNAL,GROW,1,0.2522,0.0000,0.6667,0.2610,1.0000,1.0000,0.0000,-2.1578,0.6273
309,ANGRY DOG,SEE DEAD LEADER,1,0.2925,0.0000,0.8889,0.1292,0.6667,1.0000,1.0000,-2.7726,0.6106
310,MARKET,BURN,0,1.2567,1.0000,0.6667,0.2836,1.0000,1.0000,0.0000,2.3211,0.6429
311,SECRET MARKET,FALL,0,1.3629,1.0000,1.0000,0.3143,1.0000,1.0000,1.0000,5.2392,0.6789
312,PRISON,FALL,0,1.2676,1.0000,0.6667,0.3378,1.0000,1.0000,0.0000,2.0054,0.7083
313,MOUNTAIN,FALL,0,1.2019,1.0000,0.6667,0.0097,1.0000,1.0000,0.0000,2.1956,0.7330
314,NETWORK,HEAR METAL,1,0.2509,0.0000,0.6667,0.2546,1.0000,1.0000,0.0000,-2.5184,0.7089
315,PRISON,FALL,0,1.2676,1.0000,0.6667,0.3378,1.0000,1.0000,0.0000,1.8768,0.7368
316,SECRET IDENTITY,GROW,1,0.3544,0.0000,1.0000,0.2721,1.0000,1.0000,1.0000,-3.2338,0.7177
317,PLAN GROW,,1,0.2000,0.0000,0.6667,0.0000,1.0000,1.0000,0.0000,-4.2709,0.6918
318,BROKEN CLOCK,FALL,0,1.3134,1.0000,1.0000,0.0670,1.0000,1.0000,1.0000,5.7215,0.7229
319,STRONG TOOL GROW,,1,0.3000,0.0000,1.0000,0.0000,1.0000,1.0000,1.0000,-5.1381,0.7017
320,DULL WOMAN,BURN,0,1.3549,1.0000,1.0000,0.2745,1.0000,1.0000,1.0000,5.7792,0.7344
321,SAD,BIRD MOVE CLEAN MOUNTAIN,1,0.4408,0.0000,1.0000,0.7041,1.0000,1.0000,1.0000,-1.5810,0.7197
322,MARKET,BURN,0,1.2567,1.0000,0.6667,0.2836,1.0000,1.0000,0.0000,1.8478,0.7466
323,ELDER TRUST CHOICE BURN,,1,0.2000,0.0000,0.6667,0.0000,1.0000,1.0000,0.0000,-8.9822,0.7192
324,DEAD,LEADER BUILD ANGRY CALM CAT,0,1.4740,1.0000,1.0000,0.8700,1.0000,1.0000,1.0000,3.1246,0.7570
325,AUTOMATED,GUARD FALL,1,0.3650,0.0000,1.0000,0.3248,1.0000,1.0000,1.0000,-1.8244,0.7374
326,DEAD KEY,BURN,0,1.3476,1.0000,1.0000,0.2380,1.0000,1.0000,1.0000,5.2630,0.7679
327,TRAPPED STRANGER,BURN,0,1.3153,1.0000,1.0000,0.0766,1.0000,1.0000,1.0000,4.6130,0.7953
328,RIVER,FALL,0,1.2051,1.0000,0.6667,0.0257,1.0000,1.0000,0.0000,1.6666,0.8158
329,CHANCE,SPREAD,1,0.2027,0.0000,0.6667,0.0133,1.0000,1.0000,0.0000,-3.3093,0.7851
330,WOOD,BURN,1,0.2030,0.0000,0.6667,0.0149,1.0000,1.0000,0.0000,-3.2277,0.7560
331,SENSOR HEAR PLAN,FAIL,1,0.2227,0.0000,0.6667,0.1133,1.0000,1.0000,0.0000,-6.8925,0.7293
332,CITY,FALL,0,1.2676,1.0000,0.6667,0.3378,1.0000,1.0000,0.0000,1.9178,0.7562
333,CORRUPTED RULE,SPREAD,0,1.3312,1.0000,1.0000,0.1559,1.0000,1.0000,1.0000,5.1598,0.7850
334,CALM CHILD,GROW,1,0.3312,0.0000,1.0000,0.1562,1.0000,1.0000,1.0000,-3.7596,0.7623
335,CHOICE,SPREAD,1,0.2266,0.0000,0.6667,0.1332,1.0000,1.0000,0.0000,-2.6934,0.7355
336,DIRTY,LEADER BETRAY ASHAMED MAN,0,1.4121,1.0000,0.8889,0.7272,1.0000,1.0000,0.6667,2.8847,0.7693
337,OUTCAST MAN,FALL,0,1.3216,1.0000,1.0000,0.1078,1.0000,1.0000,1.0000,4.5745,0.7970
338,NETWORK,HEAR CLEAN ISOLATED MAP,1,0.3182,0.0000,1.0000,0.0911,1.0000,1.0000,1.0000,-2.6242,0.7730
339,BROKEN DRONE,FALL,1,0.3168,0.0000,1.0000,0.0840,1.0000,1.0000,1.0000,-3.5416,0.7502
340,SMALL,CHILD HEAR TOOL,1,0.4887,0.0000,1.0000,0.9434,1.0000,1.0000,1.0000,-1.0715,0.7371
341,DEAD FOOD,FALL,0,1.3404,1.0000,1.0000,0.2019,1.0000,1.0000,1.0000,4.9214,0.7673
342,MOUNTAIN,BURN,0,1.2049,1.0000,0.6667,0.0243,1.0000,1.0000,0.0000,1.8852,0.7892
343,ACTIVE GUARD UPDATE CHAOTIC OPTIMAL RULE,FALL,1,0.3710,0.0000,1.0000,0.3549,1.0000,1.0000,1.0000,-8.3022,0.7683
344,WEAK CAT,HEAR CLEAN STRONG CAT FALL,1,0.1684,0.0000,0.5556,0.0089,0.0000,1.0000,0.6667,-5.1165,0.7383
345,REBELLIOUS WOLF,FORGET AUTOMATED IDENTITY BURN,0,1.3454,1.0000,1.0000,0.2269,1.0000,1.0000,1.0000,4.4375,0.7686
346,MARKET,SPREAD,0,1.2032,1.0000,0.6667,0.0162,1.0000,1.0000,0.0000,1.4716,0.7904
347,MARKET,FALL,0,1.2676,1.0000,0.6667,0.3378,1.0000,1.0000,0.0000,1.5937,0.8142
348,CHAOTIC BRIDGE,BURN,0,1.3412,1.0000,1.0000,0.2059,1.0000,1.0000,1.0000,3.7073,0.8406
349,CITY,FALL,0,1.2676,1.0000,0.6667,0.3378,1.0000,1.0000,0.0000,1.4533,0.8619
350,CALM CROWD,HEAR ENCRYPTED KEY,0,1.2899,1.0000,0.8889,0.1160,1.0000,1.0000,0.6667,3.5435,0.8833
351,CAT ATTACK CITY,CARRY TRAPPED BIG CHILD RUN,1,0.2942,0.0000,0.9333,0.0709,0.8000,1.0000,1.0000,-7.0128,0.8539
352,COMPLEX GUARD FALL,,1,0.3000,0.0000,1.0000,0.0000,1.0000,1.0000,1.0000,-6.9540,0.8262
353,HOME,GROW,0,1.2533,1.0000,0.6667,0.2667,1.0000,1.0000,0.0000,1.9140,0.8475
354,FIRE,SPREAD,1,0.2585,0.0000,0.6667,0.2925,1.0000,1.0000,0.0000,-2.6741,0.8181
355,MEMORY,GROW,1,0.2555,0.0000,0.6667,0.2776,1.0000,1.0000,0.0000,-2.7824,0.7899
356,PROUD WOMAN,TRUST FAMOUS WEAPON,0,1.2757,1.0000,0.8889,0.0452,1.0000,1.0000,0.6667,3.7625,0.8142
357,ANGRY WOMAN,CHOOSE PROUD BIG STRANGER,0,1.1855,1.0000,0.6000,0.0277,0.0000,1.0000,0.8000,3.1003,0.8328
358,ELDER FORGET SMALL COMPLEX,GUARD WANT POISON TRUST OBEDIENT BIG BIRD,1,0.2241,0.0000,0.7357,0.0167,0.6000,0.7500,0.8571,-9.9236,0.8024
359,HORSE RUN,,1,0.2000,0.0000,0.6667,0.0000,1.0000,1.0000,0.0000,-4.6152,0.7722
360,MARKET,FALL,0,1.2676,1.0000,0.6667,0.3378,1.0000,1.0000,0.0000,1.5535,0.7970
361,DUST,FALL,0,1.2000,1.0000,0.6667,0.0000,1.0000,1.0000,0.0000,1.7771,0.8172
362,FIRE,MOVE CALM GUARD,0,1.3106,1.0000,1.0000,0.0532,1.0000,1.0000,1.0000,2.3047,0.8418
363,MOUNTAIN,GROW,0,1.2214,1.0000,0.6667,0.1069,1.0000,1.0000,0.0000,1.5742,0.8608
364,COMPUTER SEE CONNECTED BIRD,HEAR WOOD,1,0.2166,0.0000,0.6667,0.0829,1.0000,0.0000,1.0000,-11.8460,0.8286
365,DRONE,FALL,1,0.2443,0.0000,0.6667,0.2215,1.0000,1.0000,0.0000,-2.6386,0.7994
366,WATER,BURN,1,0.2030,0.0000,0.6667,0.0149,1.0000,1.0000,0.0000,-2.9108,0.7696
367,STRANGER EAT,WEAK STRONG SEED,0,1.3100,1.0000,1.0000,0.0500,1.0000,1.0000,1.0000,4.0708,0.7966
368,TRUTH,GROW,1,0.2761,0.0000,0.6667,0.3805,1.0000,1.0000,0.0000,-2.6381,0.7706
369,CHAOTIC CAT,RUN,0,1.3170,1.0000,1.0000,0.0848,1.0000,1.0000,1.0000,4.8124,0.7979
370,HEAVY WATER,BURN,0,1.3030,1.0000,1.0000,0.0149,1.0000,1.0000,1.0000,4.3143,0.8231
371,ROAD,MOVE CHAOTIC ROBOT,0,1.3376,1.0000,1.0000,0.1882,1.0000,1.0000,1.0000,2.1115,0.8489
372,CHAOTIC TIME,FAIL,0,1.4707,1.0000,1.0000,0.8536,1.0000,1.0000,1.0000,5.3703,0.8800
373,SIGNAL,FAIL,1,0.2106,0.0000,0.6667,0.0528,1.0000,1.0000,0.0000,-3.7799,0.8465
374,PRISON,BURN,0,1.2489,1.0000,0.6667,0.2443,1.0000,1.0000,0.0000,1.3410,0.8666
375,RIVER,BURN,0,1.2080,1.0000,0.6667,0.0398,1.0000,1.0000,0.0000,1.3249,0.8837
376,CAT,ATTACK DORMANT ROBOT,1,0.3103,0.0000,1.0000,0.0515,1.0000,1.0000,1.0000,-3.0327,0.8550
377,HOME,MOVE OUTCAST SMALL ELDER,0,1.3630,1.0000,1.0000,0.3148,1.0000,1.0000,1.0000,2.1225,0.8804
378,MOUNTAIN,FALL,0,1.2019,1.0000,0.6667,0.0097,1.0000,1.0000,0.0000,1.2911,0.8965
379,ELDER FOLLOW CHAOTIC LANGUAGE MOVE COMPLEX,KEY,1,0.3156,0.0000,1.0000,0.0780,1.0000,1.0000,1.0000,-13.9195,0.8674
380,AUTOMATED,ENGINE SEE STONE BREAK ISOLATED METAL,0,1.3770,1.0000,1.0000,0.3848,1.0000,1.0000,1.0000,2.4560,0.8929
381,SIGNAL,FAIL,1,0.2106,0.0000,0.6667,0.0528,1.0000,1.0000,0.0000,-3.9175,0.8588
382,VAST,MAP GROW,1,0.3229,0.0000,1.0000,0.1147,1.0000,1.0000,1.0000,-2.4699,0.8320
383,ANGRY,WOLF EAT OPTIMAL DEAD LEADER,0,1.3953,1.0000,1.0000,0.4767,1.0000,1.0000,1.0000,2.8826,0.8602
384,ROAD,FALL,0,1.2333,1.0000,0.6667,0.1667,1.0000,1.0000,0.0000,1.4972,0.8788
385,STRONG FIRE WANT SLOW CHOICE,,1,0.3000,0.0000,1.0000,0.0000,1.0000,1.0000,1.0000,-12.0718,0.8499
386,HOME,,0,1.1000,1.0000,0.3333,0.0000,1.0000,0.0000,0.0000,1.0083,0.8624
387,MOUNTAIN,BURN,0,1.2049,1.0000,0.6667,0.0243,1.0000,1.0000,0.0000,1.3322,0.8795
388,REBELLIOUS WOLF,FALL,0,1.3390,1.0000,1.0000,0.1950,1.0000,1.0000,1.0000,3.2935,0.9025
389,DUST,BURN,0,1.2030,1.0000,0.6667,0.0149,1.0000,1.0000,0.0000,1.2699,0.9175
390,HOME,BURN,0,1.2524,1.0000,0.6667,0.2618,1.0000,1.0000,0.0000,1.2761,0.9343
391,LANGUAGE,SPREAD,1,0.2033,0.0000,0.6667,0.0163,1.0000,1.0000,0.0000,-3.7292,0.8977
392,ORDERED FOREST,SPREAD,0,1.3142,1.0000,1.0000,0.0708,1.0000,1.0000,1.0000,3.4369,0.9185
393,STRONG SENSOR,ENCODE LAW,0,1.3388,1.0000,1.0000,0.1939,1.0000,1.0000,1.0000,3.7425,0.9395
394,LIE,GROW,1,0.2831,0.0000,0.6667,0.4155,1.0000,1.0000,0.0000,-3.3418,0.9067
395,COMPUTER SEE WOMAN UPDATE TIME,HEAR REBELLIOUS CONNECTED DRONE FAIL,0,1.2328,1.0000,0.7524,0.0352,0.8571,0.4000,1.0000,6.4453,0.9230
396,REBELLIOUS,GUARD FALL,1,0.4071,0.0000,1.0000,0.5355,1.0000,1.0000,1.0000,-1.9853,0.8972
397,STRONG METAL,BURN,0,1.3043,1.0000,1.0000,0.0215,1.0000,1.0000,1.0000,3.8859,0.9176
398,DIRTY,WOLF FORGET RULE WANT ISOLATED COMPLEX TRUTH HEAR RULE BREAK CLEAN SEED,0,1.4317,1.0000,0.8667,0.8584,1.0000,1.0000,0.6000,2.1071,0.9433
399,PROUD STRANGER EAT BIG FOOD BETRAY,CONNECTED CHILD,1,0.2351,0.0000,0.7667,0.0255,0.5000,1.0000,0.8000,-14.5850,0.9079
400,HOME,,0,1.1000,1.0000,0.3333,0.0000,1.0000,0.0000,0.0000,0.6878,0.9175
401,VAST ERROR,GROW,1,0.3219,0.0000,1.0000,0.1096,1.0000,1.0000,1.0000,-5.6558,0.8877
402,DIRTY FIRE,BURN,0,1.3122,1.0000,1.0000,0.0612,1.0000,1.0000,1.0000,3.3927,0.9089
403,MAP FAIL,,1,0.2000,0.0000,0.6667,0.0000,1.0000,1.0000,0.0000,-5.3822,0.8735
404,TRAPPED,SOLDIER SEE OPTIMAL DORMANT COMPUTER,0,1.4220,1.0000,0.9333,0.7101,1.0000,1.0000,0.8000,2.5533,0.9009
405,SIMPLE IDENTITY,SPREAD,0,1.3361,1.0000,1.0000,0.1805,1.0000,1.0000,1.0000,3.8447,0.9227
406,TRAPPED,HORSE BURN,1,0.4283,0.0000,1.0000,0.6414,1.0000,1.0000,1.0000,-2.2694,0.8980
407,ANGRY SOLDIER,MOVE SECRET WEAK LEADER GENERATE CHAOTIC BORDER BREAK SECRET CONNECTED DUST,0,1.2631,1.0000,0.8333,0.0654,0.6667,1.0000,0.8333,3.0351,0.9162
408,MAN,BURN,1,0.2394,0.0000,0.6667,0.1970,1.0000,1.0000,0.0000,-3.3510,0.8824
409,WOOD,FALL,1,0.2000,0.0000,0.6667,0.0000,1.0000,1.0000,0.0000,-3.8752,0.8482
410,DRONE,ENCODE SLOW PLAN FALL,1,0.3088,0.0000,1.0000,0.0438,1.0000,1.0000,1.0000,-2.5608,0.8213
411,COMPLEX,BIRD BURN,0,1.3869,1.0000,1.0000,0.4343,1.0000,1.0000,1.0000,2.8853,0.8496
412,AUTOMATED PATTERN,FAIL,0,1.3014,1.0000,1.0000,0.0068,1.0000,1.0000,1.0000,3.7067,0.8721
413,HOME,FALL,0,1.2564,1.0000,0.6667,0.2818,1.0000,1.0000,0.0000,1.2743,0.8914
414,FOREST,BURN,0,1.2024,1.0000,0.6667,0.0119,1.0000,1.0000,0.0000,1.3518,0.9069
415,SYSTEM GROW,,1,0.2000,0.0000,0.6667,0.0000,1.0000,1.0000,0.0000,-5.7056,0.8716
416,ROAD,FALL,0,1.2333,1.0000,0.6667,0.1667,1.0000,1.0000,0.0000,1.4616,0.8896
417,SENSOR,MOVE OPTIMAL KEY FAIL,1,0.2684,0.0000,0.8889,0.0088,0.6667,1.0000,1.0000,-3.0182,0.8586
418,BRIDGE,BURN,0,1.2277,1.0000,0.6667,0.1383,1.0000,1.0000,0.0000,1.3908,0.8770
419,SIMPLE,LAW SPREAD,1,0.4656,0.0000,1.0000,0.8278,1.0000,1.0000,1.0000,-1.8623,0.8565
420,CLEAN FIRE,GROW,1,0.3034,0.0000,1.0000,0.0170,1.0000,1.0000,1.0000,-4.8856,0.8288
421,HOME,FALL,0,1.2564,1.0000,0.6667,0.2818,1.0000,1.0000,0.0000,1.3912,0.8502
422,MARKET,SPREAD,0,1.2032,1.0000,0.6667,0.0162,1.0000,1.0000,0.0000,1.1924,0.8678
423,OPTIMAL GUARD UPDATE TIME,,1,0.3000,0.0000,1.0000,0.0000,1.0000,1.0000,1.0000,-8.4634,0.8395
424,ROAD,FALL,0,1.2333,1.0000,0.6667,0.1667,1.0000,1.0000,0.0000,1.5378,0.8591
425,CITY,BURN,0,1.2567,1.0000,0.6667,0.2836,1.0000,1.0000,0.0000,1.3813,0.8790
426,CLOCK GENERATE COMPLEX,SECRET MEMORY FAIL,0,1.2730,1.0000,0.8889,0.0317,1.0000,0.6667,1.0000,4.8773,0.8987
427,PLAN FAIL,,1,0.2000,0.0000,0.6667,0.0000,1.0000,1.0000,0.0000,-5.5442,0.8638
428,ENCRYPTED GUARD MOVE FAST WEAK,SEED,1,0.3078,0.0000,1.0000,0.0391,1.0000,1.0000,1.0000,-11.6299,0.8360
429,CITY,TOOL BURN,0,1.2554,1.0000,0.6667,0.2772,1.0000,1.0000,0.0000,1.4154,0.8570
430,ROAD,BURN,0,1.2272,1.0000,0.6667,0.1362,1.0000,1.0000,0.0000,1.3910,0.8755
431,REBELLIOUS STRANGER,RUN,0,1.3192,1.0000,1.0000,0.0959,1.0000,1.0000,1.0000,3.1127,0.8977
432,CONNECTED FOREST,GROW,0,1.3228,1.0000,1.0000,0.1142,1.0000,1.0000,1.0000,3.6261,0.9189
433,PROUD WOMAN,BETRAY DORMANT ELDER,0,1.2018,1.0000,0.6667,0.0088,0.0000,1.0000,1.0000,2.0731,0.9331
434,ISOLATED MARKET,FALL,0,1.3515,1.0000,1.0000,0.2575,1.0000,1.0000,1.0000,2.8881,0.9540
435,CLEAN HOME,SPREAD,0,1.3081,1.0000,1.0000,0.0407,1.0000,1.0000,1.0000,2.7732,0.9717
436,HORSE EAT BROKEN BIG,GUARD FOLLOW CHOICE BURN,1,0.2872,0.0000,0.8667,0.1358,0.8000,0.8000,1.0000,-10.0096,0.9375
437,AUTOMATED,POWER GROW,1,0.3416,0.0000,1.0000,0.2081,1.0000,1.0000,1.0000,-2.6870,0.9077
438,CORRUPTED SEED,BURN,0,1.3428,1.0000,1.0000,0.2142,1.0000,1.0000,1.0000,3.7938,0.9294
439,MARKET,FALL,0,1.2676,1.0000,0.6667,0.3378,1.0000,1.0000,0.0000,1.0692,0.9463
440,DENSE CROWD,BURN,0,1.3222,1.0000,1.0000,0.1111,1.0000,1.0000,1.0000,3.2011,0.9651
441,COMPLEX ELDER,MOVE SIMPLE CAR,1,0.3004,0.0000,0.8889,0.1687,1.0000,1.0000,0.6667,-5.8360,0.9319
442,WOMAN IMAGINE MARKET WARN ISOLATED DORMANT,LEADER,1,0.2501,0.0000,0.8333,0.0005,0.5000,1.0000,1.0000,-14.5206,0.8978
443,HOME,,0,1.1000,1.0000,0.3333,0.0000,1.0000,0.0000,0.0000,0.6520,0.9079
444,FREE DOG IMAGINE ORDERED RIVER,,1,0.3000,0.0000,1.0000,0.0000,1.0000,1.0000,1.0000,-12.0272,0.8775
445,FAMOUS LEADER,MOVE OUTCAST SLOW CROWD,0,1.2334,1.0000,0.5833,0.2921,0.0000,1.0000,0.7500,3.1469,0.8953
446,ROOM,BURN,0,1.2314,1.0000,0.6667,0.1570,1.0000,1.0000,0.0000,1.4609,0.9121
447,SOLDIER,GROW,1,0.2116,0.0000,0.6667,0.0580,1.0000,1.0000,0.0000,-3.6702,0.8771
448,POWER,SPREAD,1,0.2134,0.0000,0.6667,0.0672,1.0000,1.0000,0.0000,-3.4139,0.8439
449,WATER,FALL,1,0.2000,0.0000,0.6667,0.0000,1.0000,1.0000,0.0000,-3.3359,0.8117
450,ROAD,BURN,0,1.2272,1.0000,0.6667,0.1362,1.0000,1.0000,0.0000,1.4629,0.8325
451,HOME,GROW,0,1.2533,1.0000,0.6667,0.2667,1.0000,1.0000,0.0000,1.3234,0.8535
452,HOME,BURN,0,1.2524,1.0000,0.6667,0.2618,1.0000,1.0000,0.0000,1.2631,0.8735
453,PRISON,BURN,0,1.2489,1.0000,0.6667,0.2443,1.0000,1.0000,0.0000,1.2744,0.8922
454,IDENTITY,GROW,1,0.2721,0.0000,0.6667,0.3604,1.0000,1.0000,0.0000,-3.0874,0.8612
455,CHAOTIC PATTERN,FAIL,0,1.4000,1.0000,1.0000,0.5000,1.0000,1.0000,1.0000,4.5405,0.8882
456,HOME,FALL,0,1.2564,1.0000,0.6667,0.2818,1.0000,1.0000,0.0000,1.0905,0.9066
457,MARKET,BURN,0,1.2567,1.0000,0.6667,0.2836,1.0000,1.0000,0.0000,1.0905,0.9241
458,POWER,GROW,1,0.2587,0.0000,0.6667,0.2937,1.0000,1.0000,0.0000,-3.5593,0.8908
459,MOUNTAIN,BURN,0,1.2049,1.0000,0.6667,0.0243,1.0000,1.0000,0.0000,1.2232,0.9065
460,SHARP WOLF,SPREAD,0,1.3331,1.0000,1.0000,0.1654,1.0000,1.0000,1.0000,3.9231,0.9279
461,CHAOTIC WATER,FALL,0,1.3216,1.0000,1.0000,0.1078,1.0000,1.0000,1.0000,3.4062,0.9475
462,OBEDIENT,CAT GROW,1,0.4000,0.0000,1.0000,0.5000,1.0000,1.0000,1.0000,-2.7932,0.9202
463,BOOK,FALL,1,0.2360,0.0000,0.6667,0.1802,1.0000,1.0000,0.0000,-3.5428,0.8860
464,ANGRY DOG SEE WOLF,,1,0.3000,0.0000,1.0000,0.0000,1.0000,1.0000,1.0000,-9.9032,0.8567
465,WOLF FOLLOW ALGORITHM,BETRAY CALM MAN,1,0.2648,0.0000,0.8222,0.0904,0.8000,0.6667,1.0000,-8.0125,0.8271
466,OBEDIENT,MAN KNOW LANGUAGE,1,0.3600,0.0000,1.0000,0.2998,1.0000,1.0000,1.0000,-2.4271,0.8037
467,CHAOTIC PLAN,SPREAD,0,1.3513,1.0000,1.0000,0.2567,1.0000,1.0000,1.0000,4.6424,0.8311
468,HOME,BURN,0,1.2524,1.0000,0.6667,0.2618,1.0000,1.0000,0.0000,1.1684,0.8522
469,WOLF,BREAK WATER,1,0.2221,0.0000,0.6667,0.1105,1.0000,1.0000,0.0000,-3.3582,0.8207
470,LEADER BURN,,1,0.2000,0.0000,0.6667,0.0000,1.0000,1.0000,0.0000,-5.2433,0.7896
471,DULL CLOCK,HEAR OPTIMAL POWER FAIL,1,0.3103,0.0000,1.0000,0.0514,1.0000,1.0000,1.0000,-4.3028,0.7657
472,ROOM,FALL,0,1.2293,1.0000,0.6667,0.1464,1.0000,1.0000,0.0000,1.9526,0.7888
473,PRISON,BURN,0,1.2489,1.0000,0.6667,0.2443,1.0000,1.0000,0.0000,1.4937,0.8118
474,BIRD HEAR TIME FOLLOW,FAST DIRTY WOLF SEE CLEAN SMALL GUARD,1,0.2164,0.0000,0.7000,0.0318,0.6000,0.5000,1.0000,-10.0495,0.7821
475,PLAN,FAIL,1,0.2198,0.0000,0.6667,0.0991,1.0000,1.0000,0.0000,-2.9222,0.7539
476,MARKET,GROW,0,1.2480,1.0000,0.6667,0.2399,1.0000,1.0000,0.0000,1.4688,0.7786
477,CALM DOG,MOVE CORRUPTED COMPUTER,1,0.3368,0.0000,1.0000,0.1841,1.0000,1.0000,1.0000,-3.9096,0.7566
478,RIVER,BURN,0,1.2080,1.0000,0.6667,0.0398,1.0000,1.0000,0.0000,1.8248,0.7791
479,VAST PRISON,BURN,0,1.3325,1.0000,1.0000,0.1627,1.0000,1.0000,1.0000,4.2670,0.8068
480,FOREST,SPREAD,0,1.2487,1.0000,0.6667,0.2435,1.0000,1.0000,0.0000,1.7726,0.8289
481,FAMOUS BRIDGE,GROW,0,1.3617,1.0000,1.0000,0.3086,1.0000,1.0000,1.0000,3.8556,0.8555
482,TIME,GROW,1,0.2622,0.0000,0.6667,0.3110,1.0000,1.0000,0.0000,-3.1318,0.8259
483,MOUNTAIN,GROW,0,1.2214,1.0000,0.6667,0.1069,1.0000,1.0000,0.0000,1.5152,0.8456
484,ROOM,BURN,0,1.2314,1.0000,0.6667,0.1570,1.0000,1.0000,0.0000,1.5786,0.8649
485,ASHAMED,WOLF WANT TIME SEE HAPPY CAT,1,0.4278,0.0000,0.8889,0.8056,1.0000,1.0000,0.6667,-2.3232,0.8431
486,DEAD CHILD,HEAR FAMOUS HEAVY PLAN,0,1.4081,1.0000,1.0000,0.5403,1.0000,1.0000,1.0000,4.4929,0.8713
487,ACTIVE,CAMERA FALL,1,0.3600,0.0000,1.0000,0.3000,1.0000,1.0000,1.0000,-2.4641,0.8458
488,MARKET,GROW,0,1.2480,1.0000,0.6667,0.2399,1.0000,1.0000,0.0000,1.1482,0.8659
489,LAW,GROW,1,0.2666,0.0000,0.6667,0.3330,1.0000,1.0000,0.0000,-3.0863,0.8359
490,DOG FALL,,1,0.2000,0.0000,0.6667,0.0000,1.0000,1.0000,0.0000,-6.2526,0.8041
491,DEAD,LEADER SEE CALM CAT,0,1.4662,1.0000,1.0000,0.8309,1.0000,1.0000,1.0000,2.6008,0.8372
492,NETWORK,SPREAD,1,0.2019,0.0000,0.6667,0.0095,1.0000,1.0000,0.0000,-3.6555,0.8054
493,FREE BIRD FORGET LIE,HEAR SMALL DRONE,1,0.2884,0.0000,0.8889,0.1085,1.0000,0.6667,1.0000,-8.8667,0.7796
494,DEAD,LEADER BUILD BROKEN COMPUTER,0,1.3694,1.0000,0.6667,0.8471,1.0000,1.0000,0.0000,2.2465,0.8091
495,DENSE,CAR FALL,1,0.3310,0.0000,1.0000,0.1550,1.0000,1.0000,1.0000,-2.3420,0.7852
496,VAST WOMAN,WANT SMALL KEY WANT TRUSTED INSECT,0,1.2641,1.0000,0.8667,0.0206,0.8000,1.0000,0.8000,4.2269,0.8091
497,ENGINE,MOVE DORMANT DRONE,1,0.2684,0.0000,0.8889,0.0084,0.6667,1.0000,1.0000,-2.9365,0.7821
498,WATER,BURN,1,0.2030,0.0000,0.6667,0.0149,1.0000,1.0000,0.0000,-3.0462,0.7531
499,OPTIMAL DRONE,FAIL,0,1.3184,1.0000,1.0000,0.0918,1.0000,1.0000,1.0000,4.7938,0.7814
500,BORDER,GROW,1,0.2528,0.0000,0.6667,0.2641,1.0000,1.0000,0.0000,-2.8358,0.7550
501,DORMANT SOLDIER,SEE SIMPLE AUTOMATED ENGINE SEE FAST BROKEN ROBOT,1,0.2814,0.0000,0.8889,0.0734,1.0000,1.0000,0.6667,-4.2692,0.7313
502,CORRUPTED RULE,GROW,0,1.4000,1.0000,1.0000,0.5000,1.0000,1.0000,1.0000,5.7734,0.7647
503,DIRTY MARKET,SPREAD,0,1.3063,1.0000,1.0000,0.0317,1.0000,1.0000,1.0000,3.3122,0.7918
504,MARKET,FALL,0,1.2676,1.0000,0.6667,0.3378,1.0000,1.0000,0.0000,1.3090,0.8156
505,CAMERA FAIL,,1,0.2000,0.0000,0.6667,0.0000,1.0000,1.0000,0.0000,-5.2701,0.7848
506,ANGRY,SOLDIER GENERATE CHAOTIC BORDER,0,1.3733,1.0000,0.8889,0.5330,1.0000,1.0000,0.6667,2.8828,0.8142
507,CONNECTED BRIDGE,SPREAD,0,1.3107,1.0000,1.0000,0.0534,1.0000,1.0000,1.0000,3.8427,0.8391
508,CROWD,BREAK POISON,1,0.2180,0.0000,0.6667,0.0899,1.0000,1.0000,0.0000,-3.0041,0.8080
509,FOREST,BURN,0,1.2024,1.0000,0.6667,0.0119,1.0000,1.0000,0.0000,1.5146,0.8277
510,POISON,GROW,1,0.2071,0.0000,0.6667,0.0357,1.0000,1.0000,0.0000,-3.3943,0.7967
511,PRISON,FALL,0,1.2676,1.0000,0.6667,0.3378,1.0000,1.0000,0.0000,1.4357,0.8202
512,ROOM,FALL,0,1.2293,1.0000,0.6667,0.1464,1.0000,1.0000,0.0000,1.5961,0.8407
513,TRAPPED CHILD,FALL,1,0.3030,0.0000,1.0000,0.0149,1.0000,1.0000,1.0000,-4.5629,0.8138
514,BORDER GROW,,1,0.2000,0.0000,0.6667,0.0000,1.0000,1.0000,0.0000,-5.8488,0.7831
515,FAMOUS ROAD,FALL,0,1.3688,1.0000,1.0000,0.3438,1.0000,1.0000,1.0000,4.1967,0.8124
516,FOOD,FALL,1,0.2106,0.0000,0.6667,0.0528,1.0000,1.0000,0.0000,-3.4469,0.7823
517,COMPUTER FALL,,1,0.2000,0.0000,0.6667,0.0000,1.0000,1.0000,0.0000,-5.6537,0.7532
518,MARKET,FALL,0,1.2676,1.0000,0.6667,0.3378,1.0000,1.0000,0.0000,1.3492,0.7789
519,BRIDGE,BURN,0,1.2277,1.0000,0.6667,0.1383,1.0000,1.0000,0.0000,1.5048,0.8013
520,ROAD,BURN,0,1.2272,1.0000,0.6667,0.1362,1.0000,1.0000,0.0000,1.5348,0.8226
521,PRISON,FALL,0,1.2676,1.0000,0.6667,0.3378,1.0000,1.0000,0.0000,1.3236,0.8449
522,DEAD,LEADER FALL,1,0.4692,0.0000,1.0000,0.8462,1.0000,1.0000,1.0000,-1.3304,0.8261
523,HEAVY,ROBOT UPDATE DULL DULL CAMERA UPDATE SECRET TIME UPDATE ENCRYPTED ISOLATED BORDER COMPUTE ENCRYPTED KEY,0,1.3786,1.0000,1.0000,0.3932,1.0000,1.0000,1.0000,2.6641,0.8537
524,DUST,BURN,0,1.2030,1.0000,0.6667,0.0149,1.0000,1.0000,0.0000,1.5243,0.8712
525,MOUNTAIN,FALL,0,1.2019,1.0000,0.6667,0.0097,1.0000,1.0000,0.0000,1.2430,0.8877
526,MOUNTAIN,FALL,0,1.2019,1.0000,0.6667,0.0097,1.0000,1.0000,0.0000,1.1790,0.9034
527,BRIDGE,BURN,0,1.2277,1.0000,0.6667,0.1383,1.0000,1.0000,0.0000,1.0625,0.9197
528,CHILD,KNOW SIMPLE BORDER MOVE SHARP CORRUPTED CAMERA,1,0.3055,0.0000,1.0000,0.0275,1.0000,1.0000,1.0000,-3.3672,0.8889
529,CROWD SEE HOME,BREAK SECRET WEAPON KNOW HAPPY MAN,0,1.2547,1.0000,0.8222,0.0403,0.6667,0.8000,1.0000,4.5475,0.9072
530,STRONG METAL,FALL,0,1.3014,1.0000,1.0000,0.0068,1.0000,1.0000,1.0000,3.8285,0.9269
531,BIRD MOVE INSECT,RUN,0,1.1724,1.0000,0.5556,0.0286,1.0000,0.6667,0.0000,3.4528,0.9392
532,SECRET ROAD,BURN,0,1.3143,1.0000,1.0000,0.0713,1.0000,1.0000,1.0000,2.8608,0.9580
533,RULE,SPREAD,1,0.2027,0.0000,0.6667,0.0133,1.0000,1.0000,0.0000,-4.1501,0.9202
534,PRISON,BURN,0,1.2489,1.0000,0.6667,0.2443,1.0000,1.0000,0.0000,0.9563,0.9366
535,ENCRYPTED,DEBT GROW,1,0.3624,0.0000,1.0000,0.3121,1.0000,1.0000,1.0000,-2.8468,0.9079
536,DUST,GROW,0,1.2198,1.0000,0.6667,0.0991,1.0000,1.0000,0.0000,1.3289,0.9235
537,HORSE EAT,SAD CAT,1,0.2058,0.0000,0.6667,0.0289,0.0000,1.0000,1.0000,-6.0195,0.8876
538,MARKET,GROW,0,1.2480,1.0000,0.6667,0.2399,1.0000,1.0000,0.0000,0.9329,0.9056
539,TRUTH,GROW,1,0.2761,0.0000,0.6667,0.3805,1.0000,1.0000,0.0000,-3.4023,0.8742
540,HOME,FALL,0,1.2564,1.0000,0.6667,0.2818,1.0000,1.0000,0.0000,1.2024,0.8933
541,FAMOUS,WEAPON SPREAD,1,0.3423,0.0000,1.0000,0.2113,1.0000,1.0000,1.0000,-2.1416,0.8657
542,HOME,BURN,0,1.2524,1.0000,0.6667,0.2618,1.0000,1.0000,0.0000,1.1964,0.8851
543,WEAK HORSE MOVE CHAOTIC ORDERED BRIDGE,,1,0.3000,0.0000,1.0000,0.0000,1.0000,1.0000,1.0000,-12.4816,0.8558
544,MARKET,SPREAD,0,1.2032,1.0000,0.6667,0.0162,1.0000,1.0000,0.0000,0.8920,0.8732
545,GUARD BUILD ROOM,,1,0.2000,0.0000,0.6667,0.0000,1.0000,1.0000,0.0000,-8.0402,0.8395
546,IDENTITY,SPREAD,1,0.2161,0.0000,0.6667,0.0807,1.0000,1.0000,0.0000,-3.3463,0.8083
547,ACTIVE,CROWD BURN,1,0.3698,0.0000,1.0000,0.3492,1.0000,1.0000,1.0000,-2.3109,0.7864
548,CORRUPTED CHOICE,GROW,0,1.3919,1.0000,1.0000,0.4597,1.0000,1.0000,1.0000,5.0915,0.8167
549,BRIDGE,FALL,0,1.2312,1.0000,0.6667,0.1559,1.0000,1.0000,0.0000,1.3169,0.8374
550,PRISON,FALL,0,1.2676,1.0000,0.6667,0.3378,1.0000,1.0000,0.0000,1.2139,0.8589
551,SAD CAT,SEE ROOM,1,0.3085,0.0000,1.0000,0.0426,1.0000,1.0000,1.0000,-5.3185,0.8314
552,WOMAN BETRAY WOMAN,,1,0.2000,0.0000,0.6667,0.0000,1.0000,1.0000,0.0000,-7.0025,0.7998
553,DIRTY,GUARD BURN,1,0.4381,0.0000,1.0000,0.6906,1.0000,1.0000,1.0000,-1.3666,0.7818
554,FIRE,FALL,1,0.2095,0.0000,0.6667,0.0477,1.0000,1.0000,0.0000,-2.7924,0.7531
555,FAMOUS INSECT,HEAR BIRD,1,0.2215,0.0000,0.6667,0.1074,0.0000,1.0000,1.0000,-4.5709,0.7266
556,CORRUPTED,COMPUTER FALL,1,0.4634,0.0000,1.0000,0.8172,1.0000,1.0000,1.0000,-1.0620,0.7134
557,RIVER,FALL,0,1.2051,1.0000,0.6667,0.0257,1.0000,1.0000,0.0000,1.9699,0.7380
558,SYSTEM,SPREAD,1,0.2105,0.0000,0.6667,0.0527,1.0000,1.0000,0.0000,-2.9777,0.7116
559,HOME,BURN,0,1.2524,1.0000,0.6667,0.2618,1.0000,1.0000,0.0000,1.4885,0.7387
560,MARKET,GROW,0,1.2480,1.0000,0.6667,0.2399,1.0000,1.0000,0.0000,1.2485,0.7641
561,TOOL,GROW,1,0.2070,0.0000,0.6667,0.0352,1.0000,1.0000,0.0000,-2.9991,0.7363
562,PRISON,FALL,0,1.2676,1.0000,0.6667,0.3378,1.0000,1.0000,0.0000,1.4749,0.7628
563,NETWORK,SPREAD,1,0.2019,0.0000,0.6667,0.0095,1.0000,1.0000,0.0000,-3.3889,0.7348
564,PROUD,STRANGER ASK CROWD,1,0.3384,0.0000,1.0000,0.1918,1.0000,1.0000,1.0000,-1.9885,0.7150
565,MARKET,GROW,0,1.2480,1.0000,0.6667,0.2399,1.0000,1.0000,0.0000,1.2764,0.7416
566,DENSE WATER,BURN,0,1.3083,1.0000,1.0000,0.0415,1.0000,1.0000,1.0000,5.3861,0.7699
567,PRISON,SPREAD,0,1.2032,1.0000,0.6667,0.0162,1.0000,1.0000,0.0000,1.1663,0.7916
568,ROOM,FALL,0,1.2293,1.0000,0.6667,0.1464,1.0000,1.0000,0.0000,1.7288,0.8135
569,DIRTY BRIDGE,FALL,0,1.3168,1.0000,1.0000,0.0840,1.0000,1.0000,1.0000,3.3377,0.8387
570,BRIDGE,FALL,0,1.2312,1.0000,0.6667,0.1559,1.0000,1.0000,0.0000,1.2152,0.8583
571,HOME,FALL,0,1.2564,1.0000,0.6667,0.2818,1.0000,1.0000,0.0000,1.0713,0.8782
572,WATER,BURN,1,0.2030,0.0000,0.6667,0.0149,1.0000,1.0000,0.0000,-3.7673,0.8444
573,HOME,BREAK SENSOR,0,1.2543,1.0000,0.6667,0.2717,1.0000,1.0000,0.0000,1.0880,0.8649
574,RIVER,BURN,0,1.2080,1.0000,0.6667,0.0398,1.0000,1.0000,0.0000,1.3537,0.8821
575,ANGRY,WOLF FALL,1,0.4000,0.0000,1.0000,0.5000,1.0000,1.0000,1.0000,-2.3191,0.8580
576,BROKEN,DRONE SEE SIMPLE OUTCAST ELDER,0,1.4613,1.0000,1.0000,0.8066,1.0000,1.0000,1.0000,3.1456,0.8881
577,BRIDGE,BURN,0,1.2277,1.0000,0.6667,0.1383,1.0000,1.0000,0.0000,1.0134,0.9051
578,RIVER,FALL,0,1.2051,1.0000,0.6667,0.0257,1.0000,1.0000,0.0000,1.1595,0.9201
579,DRONE,UPDATE SYSTEM UPDATE CORRUPTED OPTIMAL CLOCK FAIL,0,1.2935,1.0000,0.9333,0.0677,0.8000,1.0000,1.0000,1.8592,0.9388
580,OUTCAST,CROWD MOVE ENCRYPTED SOLDIER,1,0.4438,0.0000,1.0000,0.7191,1.0000,1.0000,1.0000,-2.4912,0.9140
581,MARKET,SPREAD,0,1.2032,1.0000,0.6667,0.0162,1.0000,1.0000,0.0000,0.6838,0.9285
582,FOREST,SPREAD,0,1.2487,1.0000,0.6667,0.2435,1.0000,1.0000,0.0000,1.2371,0.9445
583,POWER,GROW,1,0.2587,0.0000,0.6667,0.2937,1.0000,1.0000,0.0000,-3.8922,0.9102
584,ROBOT,FALL,1,0.2548,0.0000,0.6667,0.2739,1.0000,1.0000,0.0000,-3.9135,0.8775
585,SEED,MOVE DRONE,1,0.2035,0.0000,0.6667,0.0174,1.0000,1.0000,0.0000,-3.7545,0.8438
586,ROAD,FALL,0,1.2333,1.0000,0.6667,0.1667,1.0000,1.0000,0.0000,1.3634,0.8632
587,PATTERN,SPREAD,1,0.2312,0.0000,0.6667,0.1559,1.0000,1.0000,0.0000,-3.3349,0.8316
588,OBEDIENT WOMAN BUILD RIVER,,1,0.3000,0.0000,1.0000,0.0000,1.0000,1.0000,1.0000,-8.4602,0.8050
589,ISOLATED ROAD,BURN,0,1.3109,1.0000,1.0000,0.0544,1.0000,1.0000,1.0000,3.9227,0.8303
590,HOME,FALL,0,1.2564,1.0000,0.6667,0.2818,1.0000,1.0000,0.0000,1.0777,0.8516
591,DIRTY BRIDGE,FALL,0,1.3168,1.0000,1.0000,0.0840,1.0000,1.0000,1.0000,2.9205,0.8749
592,FOREST,BURN,0,1.2024,1.0000,0.6667,0.0119,1.0000,1.0000,0.0000,1.2277,0.8913
593,DUST,BURN,0,1.2030,1.0000,0.6667,0.0149,1.0000,1.0000,0.0000,1.2607,0.9069
594,BRIDGE,FALL,0,1.2312,1.0000,0.6667,0.1559,1.0000,1.0000,0.0000,0.9094,0.9231
595,MARKET,BURN,0,1.2567,1.0000,0.6667,0.2836,1.0000,1.0000,0.0000,0.7757,0.9398
596,SENSOR,MOVE HORSE ENCODE SIMPLE PLAN,1,0.3125,0.0000,1.0000,0.0623,1.0000,1.0000,1.0000,-3.4160,0.9084
597,HOME,BURN,0,1.2524,1.0000,0.6667,0.2618,1.0000,1.0000,0.0000,0.8583,0.9256
598,PRISON,BURN,0,1.2489,1.0000,0.6667,0.2443,1.0000,1.0000,0.0000,0.8676,0.9418
599,ROOM,FALL,0,1.2293,1.0000,0.6667,0.1464,1.0000,1.0000,0.0000,1.1156,0.9561
600,PRISON,BURN,0,1.2489,1.0000,0.6667,0.2443,1.0000,1.0000,0.0000,0.7792,0.9708
601,RIVER,FALL,0,1.2051,1.0000,0.6667,0.0257,1.0000,1.0000,0.0000,0.8671,0.9825
602,BRIDGE,GROW,0,1.2326,1.0000,0.6667,0.1628,1.0000,1.0000,0.0000,0.6760,0.9950
603,MARKET,FALL,0,1.2676,1.0000,0.6667,0.3378,1.0000,1.0000,0.0000,0.6277,1.0086
604,CHAOTIC CROWD,SEE WEAPON,0,1.3328,1.0000,1.0000,0.1642,1.0000,1.0000,1.0000,2.8136,1.0248
605,MARKET,FALL,0,1.2676,1.0000,0.6667,0.3378,1.0000,1.0000,0.0000,0.5640,1.0370
606,CHAOTIC ROAD,BURN,0,1.3515,1.0000,1.0000,0.2575,1.0000,1.0000,1.0000,2.1419,1.0527
607,REBELLIOUS LEADER,MOVE DENSE DIRTY BOOK HEAR SLOW WOLF,0,1.3049,1.0000,0.9333,0.1243,0.8000,1.0000,1.0000,1.9221,1.0653
608,VAST,FIRE BURN,1,0.3148,0.0000,1.0000,0.0740,1.0000,1.0000,1.0000,-3.6762,1.0278
609,CHAOTIC MARKET,BURN,0,1.3566,1.0000,1.0000,0.2831,1.0000,1.0000,1.0000,1.8574,1.0442
610,HAPPY STRANGER EAT,BROKEN GUARD,1,0.2111,0.0000,0.6667,0.0555,0.0000,1.0000,1.0000,-10.0968,1.0026
611,CLOCK,HEAR BIRD,1,0.2191,0.0000,0.6667,0.0955,1.0000,1.0000,0.0000,-4.6043,0.9634
612,MARKET,BURN,0,1.2567,1.0000,0.6667,0.2836,1.0000,1.0000,0.0000,0.6490,0.9781
613,MARKET,BURN,0,1.2567,1.0000,0.6667,0.2836,1.0000,1.0000,0.0000,0.5955,0.9920
614,METAL,BURN,1,0.2030,0.0000,0.6667,0.0149,1.0000,1.0000,0.0000,-4.7460,0.9525
615,PRISON,FALL,0,1.2676,1.0000,0.6667,0.3378,1.0000,1.0000,0.0000,0.8223,0.9683
616,METAL,BURN,1,0.2030,0.0000,0.6667,0.0149,1.0000,1.0000,0.0000,-4.6596,0.9300
617,PRISON,BURN,0,1.2489,1.0000,0.6667,0.2443,1.0000,1.0000,0.0000,0.8311,0.9460
618,HOME,FALL,0,1.2564,1.0000,0.6667,0.2818,1.0000,1.0000,0.0000,0.8042,0.9615
619,PATTERN SPREAD,,1,0.2000,0.0000,0.6667,0.0000,1.0000,1.0000,0.0000,-6.9240,0.9234
620,MOUNTAIN,SPREAD,0,1.2640,1.0000,0.6667,0.3200,1.0000,1.0000,0.0000,1.2852,0.9404
621,TRUTH,GROW,1,0.2761,0.0000,0.6667,0.3805,1.0000,1.0000,0.0000,-3.8983,0.9072
622,WEAK,DRONE UPDATE CORRUPTED ORDERED SYSTEM FAIL,0,1.3991,1.0000,0.9167,0.6203,1.0000,1.0000,0.7500,2.7439,0.9318
623,PRISON,GROW,0,1.2306,1.0000,0.6667,0.1532,1.0000,1.0000,0.0000,0.7448,0.9468
624,HOME,BURN,0,1.2524,1.0000,0.6667,0.2618,1.0000,1.0000,0.0000,0.7840,0.9620
625,MOUNTAIN,FALL,0,1.2019,1.0000,0.6667,0.0097,1.0000,1.0000,0.0000,0.8942,0.9740
626,HOME,,0,1.1000,1.0000,0.3333,0.0000,1.0000,0.0000,0.0000,0.3166,0.9803
627,MOUNTAIN,FALL,0,1.2019,1.0000,0.6667,0.0097,1.0000,1.0000,0.0000,0.8156,0.9914
628,REBELLIOUS,SOLDIER BURN,1,0.4125,0.0000,1.0000,0.5623,1.0000,1.0000,1.0000,-2.4347,0.9625
629,MARKET,BURN,0,1.2567,1.0000,0.6667,0.2836,1.0000,1.0000,0.0000,0.5695,0.9772
630,RIVER,BURN,0,1.2080,1.0000,0.6667,0.0398,1.0000,1.0000,0.0000,0.8605,0.9887
631,HOME,,0,1.1000,1.0000,0.3333,0.0000,1.0000,0.0000,0.0000,0.2653,0.9943
632,DEAD WOOD,FALL,0,1.3470,1.0000,1.0000,0.2351,1.0000,1.0000,1.0000,3.1263,1.0119
633,CITY,BURN,0,1.2567,1.0000,0.6667,0.2836,1.0000,1.0000,0.0000,0.9426,1.0242
634,MARKET,BURN,0,1.2567,1.0000,0.6667,0.2836,1.0000,1.0000,0.0000,0.4687,1.0358
635,MARKET,GROW,0,1.2480,1.0000,0.6667,0.2399,1.0000,1.0000,0.0000,0.4229,1.0464
636,CHAOTIC MARKET,BURN,0,1.3566,1.0000,1.0000,0.2831,1.0000,1.0000,1.0000,1.6224,1.0619
637,HOME,SPREAD,0,1.2149,1.0000,0.6667,0.0745,1.0000,1.0000,0.0000,0.3425,1.0696
638,BRIDGE,FALL,0,1.2312,1.0000,0.6667,0.1559,1.0000,1.0000,0.0000,0.4637,1.0776
639,FOREST,BURN,0,1.2024,1.0000,0.6667,0.0119,1.0000,1.0000,0.0000,0.4758,1.0839
640,MARKET,BURN,0,1.2567,1.0000,0.6667,0.2836,1.0000,1.0000,0.0000,0.3376,1.0925
641,BOOK,GROW,1,0.2259,0.0000,0.6667,0.1296,1.0000,1.0000,0.0000,-5.1832,1.0492
642,CROWD,FALL,1,0.2342,0.0000,0.6667,0.1712,1.0000,1.0000,0.0000,-4.1825,1.0084
643,DUST,FALL,0,1.2000,1.0000,0.6667,0.0000,1.0000,1.0000,0.0000,0.8076,1.0180
644,MARKET,FALL,0,1.2676,1.0000,0.6667,0.3378,1.0000,1.0000,0.0000,0.4681,1.0305
645,WOLF WANT HOME ATTACK HEAVY CHAOTIC,CAMERA,1,0.3267,0.0000,1.0000,0.1336,1.0000,1.0000,1.0000,-16.6990,0.9953
646,CAT,FOLLOW CALM DOG BURN,1,0.2127,0.0000,0.6667,0.0633,0.0000,1.0000,1.0000,-4.7134,0.9562
647,FIRE,FALL,1,0.2095,0.0000,0.6667,0.0477,1.0000,1.0000,0.0000,-4.0193,0.9188
648,HOME,BURN,0,1.2524,1.0000,0.6667,0.2618,1.0000,1.0000,0.0000,0.7381,0.9355
649,CHANCE,GROW,1,0.2622,0.0000,0.6667,0.3110,1.0000,1.0000,0.0000,-4.0316,0.9019
650,BRIDGE,FALL,0,1.2312,1.0000,0.6667,0.1559,1.0000,1.0000,0.0000,0.9534,0.9183
651,FOREST,SPREAD,0,1.2487,1.0000,0.6667,0.2435,1.0000,1.0000,0.0000,1.2461,0.9348
652,MARKET,,0,1.1000,1.0000,0.3333,0.0000,1.0000,0.0000,0.0000,0.2911,0.9431
653,FIRE,MOVE DENSE POISON,1,0.2709,0.0000,0.8889,0.0211,0.6667,1.0000,1.0000,-3.7203,0.9095
654,MARKET,GROW,0,1.2480,1.0000,0.6667,0.2399,1.0000,1.0000,0.0000,0.5764,0.9264
655,PRISON,FALL,0,1.2676,1.0000,0.6667,0.3378,1.0000,1.0000,0.0000,0.8744,0.9435
656,MARKET,BURN,0,1.2567,1.0000,0.6667,0.2836,1.0000,1.0000,0.0000,0.5299,0.9591
657,TRAPPED,GUARD BURN,1,0.4386,0.0000,1.0000,0.6929,1.0000,1.0000,1.0000,-2.7733,0.9331
658,MARKET,SPREAD,0,1.2032,1.0000,0.6667,0.0162,1.0000,1.0000,0.0000,0.4347,0.9466
659,PRISON,FALL,0,1.2676,1.0000,0.6667,0.3378,1.0000,1.0000,0.0000,0.8213,0.9627
660,REBELLIOUS STRANGER,FALL,0,1.3484,1.0000,1.0000,0.2418,1.0000,1.0000,1.0000,3.1195,0.9819
661,MARKET,FALL,0,1.2676,1.0000,0.6667,0.3378,1.0000,1.0000,0.0000,0.4346,0.9962
662,MARKET,GROW,0,1.2480,1.0000,0.6667,0.2399,1.0000,1.0000,0.0000,0.3782,1.0088
663,SIMPLE CAR,SEE DENSE ENCRYPTED CAMERA FALL,1,0.2583,0.0000,0.8222,0.0583,0.6667,1.0000,0.8000,-7.2607,0.9713
664,MARKET,BURN,0,1.2567,1.0000,0.6667,0.2836,1.0000,1.0000,0.0000,0.4056,0.9856
665,MARKET,BURN,0,1.2567,1.0000,0.6667,0.2836,1.0000,1.0000,0.0000,0.3866,0.9991
666,FOREST,BURN,0,1.2024,1.0000,0.6667,0.0119,1.0000,1.0000,0.0000,0.7611,1.0093
667,MARKET,BURN,0,1.2567,1.0000,0.6667,0.2836,1.0000,1.0000,0.0000,0.3284,1.0217
668,STRONG,DOG BETRAY CALM BROKEN SOLDIER WANT SMALL SHARP POISON,0,1.3024,1.0000,0.9167,0.1368,1.0000,1.0000,0.7500,1.4655,1.0357
669,CITY,BURN,0,1.2567,1.0000,0.6667,0.2836,1.0000,1.0000,0.0000,0.8759,1.0467
670,OPTIMAL PATTERN,SPREAD,1,0.3325,0.0000,1.0000,0.1626,1.0000,1.0000,1.0000,-6.7135,1.0110
671,PRISON,BURN,0,1.2489,1.0000,0.6667,0.2443,1.0000,1.0000,0.0000,0.6233,1.0229
672,RIVER,FALL,0,1.2051,1.0000,0.6667,0.0257,1.0000,1.0000,0.0000,0.7205,1.0320
673,PRISON,BURN,0,1.2489,1.0000,0.6667,0.2443,1.0000,1.0000,0.0000,0.5631,1.0429
674,MARKET,SPREAD,0,1.2032,1.0000,0.6667,0.0162,1.0000,1.0000,0.0000,0.1916,1.0509
675,ROOM,BURN,0,1.2314,1.0000,0.6667,0.1570,1.0000,1.0000,0.0000,0.7532,1.0599
676,MARKET,FALL,0,1.2676,1.0000,0.6667,0.3378,1.0000,1.0000,0.0000,0.2471,1.0703
677,PRISON,FALL,0,1.2676,1.0000,0.6667,0.3378,1.0000,1.0000,0.0000,0.5111,1.0802
678,MARKET,SPREAD,0,1.2032,1.0000,0.6667,0.0162,1.0000,1.0000,0.0000,0.1402,1.0863
679,MARKET,SPREAD,0,1.2032,1.0000,0.6667,0.0162,1.0000,1.0000,0.0000,0.1339,1.0922
680,ERROR,GROW,1,0.2465,0.0000,0.6667,0.2327,1.0000,1.0000,0.0000,-5.1877,1.0499
681,MARKET,GROW,0,1.2480,1.0000,0.6667,0.2399,1.0000,1.0000,0.0000,0.2160,1.0598
682,MOUNTAIN,BURN,0,1.2049,1.0000,0.6667,0.0243,1.0000,1.0000,0.0000,0.5624,1.0670
683,HOME,FALL,0,1.2564,1.0000,0.6667,0.2818,1.0000,1.0000,0.0000,0.5150,1.0765
684,HOME,BURN,0,1.2524,1.0000,0.6667,0.2618,1.0000,1.0000,0.0000,0.4818,1.0853
685,MARKET,SPREAD,0,1.2032,1.0000,0.6667,0.0162,1.0000,1.0000,0.0000,0.1259,1.0912
686,MARKET,BURN,0,1.2567,1.0000,0.6667,0.2836,1.0000,1.0000,0.0000,0.1713,1.0995
687,MARKET,FALL,0,1.2676,1.0000,0.6667,0.3378,1.0000,1.0000,0.0000,0.1714,1.1079
688,PRISON,BURN,0,1.2489,1.0000,0.6667,0.2443,1.0000,1.0000,0.0000,0.3618,1.1149
689,PRISON,FALL,0,1.2676,1.0000,0.6667,0.3378,1.0000,1.0000,0.0000,0.3898,1.1226
690,MARKET,BURN,0,1.2567,1.0000,0.6667,0.2836,1.0000,1.0000,0.0000,0.1282,1.1293
691,ROOM,FALL,0,1.2293,1.0000,0.6667,0.1464,1.0000,1.0000,0.0000,0.4152,1.1343
692,SMALL,STRANGER MOVE CAT BURN,1,0.4903,0.0000,1.0000,0.9514,1.0000,1.0000,1.0000,-3.2577,1.1021
693,OPTIMAL,MEMORY UPDATE SLOW CAMERA,1,0.3211,0.0000,1.0000,0.1055,1.0000,1.0000,1.0000,-4.4713,1.0630
694,DEAD,LEADER BREAK FIRE,0,1.4633,1.0000,1.0000,0.8166,1.0000,1.0000,1.0000,1.8160,1.0830
695,MARKET,MOVE OBEDIENT HORSE,0,1.3375,1.0000,1.0000,0.1877,1.0000,1.0000,1.0000,0.2356,1.0958
696,MARKET,GROW,0,1.2480,1.0000,0.6667,0.2399,1.0000,1.0000,0.0000,0.1412,1.1034
697,MAN CHOOSE STRANGER SEE HOME ASK,VAST COMPLEX BIRD TRUST DIRTY WOLF HEAR SAD CHILD BURN,0,1.2401,1.0000,0.7833,0.0255,0.6000,0.7500,1.0000,3.2137,1.1102
698,INSECT,HEAR ENCRYPTED DENSE CAMERA,1,0.3040,0.0000,1.0000,0.0200,1.0000,1.0000,1.0000,-4.6779,1.0699
699,MARKET,BURN,0,1.2567,1.0000,0.6667,0.2836,1.0000,1.0000,0.0000,0.1637,1.0792
700,MARKET,BURN,0,1.2567,1.0000,0.6667,0.2836,1.0000,1.0000,0.0000,0.1518,1.0881
701,RIVER,GROW,0,1.2239,1.0000,0.6667,0.1197,1.0000,1.0000,0.0000,0.5562,1.0949
702,MARKET,BURN,0,1.2567,1.0000,0.6667,0.2836,1.0000,1.0000,0.0000,0.1327,1.1030
703,BRIDGE,BURN,0,1.2277,1.0000,0.6667,0.1383,1.0000,1.0000,0.0000,0.4121,1.1092
704,MARKET,FALL,0,1.2676,1.0000,0.6667,0.3378,1.0000,1.0000,0.0000,0.1288,1.1171
705,MARKET,BURN,0,1.2567,1.0000,0.6667,0.2836,1.0000,1.0000,0.0000,0.1100,1.1241
706,DUST,BURN,0,1.2030,1.0000,0.6667,0.0149,1.0000,1.0000,0.0000,0.3601,1.1281
707,MARKET,GROW,0,1.2480,1.0000,0.6667,0.2399,1.0000,1.0000,0.0000,0.0901,1.1341
708,FAMOUS,WEAPON SPREAD,1,0.3423,0.0000,1.0000,0.2113,1.0000,1.0000,1.0000,-4.0312,1.0945
709,SMALL,CAMERA FAIL,1,0.4340,0.0000,1.0000,0.6698,1.0000,1.0000,1.0000,-3.5978,1.0614
710,MARKET,BURN,0,1.2567,1.0000,0.6667,0.2836,1.0000,1.0000,0.0000,0.1378,1.0712
711,MARKET,GROW,0,1.2480,1.0000,0.6667,0.2399,1.0000,1.0000,0.0000,0.1254,1.0800
712,MARKET,BURN,0,1.2567,1.0000,0.6667,0.2836,1.0000,1.0000,0.0000,0.1177,1.0889
713,DIRTY MARKET,FALL,0,1.3592,1.0000,1.0000,0.2959,1.0000,1.0000,1.0000,1.3879,1.1024
714,MARKET,BURN,0,1.2567,1.0000,0.6667,0.2836,1.0000,1.0000,0.0000,0.0986,1.1101
715,MARKET,,0,1.1000,1.0000,0.3333,0.0000,1.0000,0.0000,0.0000,-0.0062,1.1096
716,MARKET,FALL,0,1.2676,1.0000,0.6667,0.3378,1.0000,1.0000,0.0000,0.0951,1.1175
717,PRISON,BURN,0,1.2489,1.0000,0.6667,0.2443,1.0000,1.0000,0.0000,0.3777,1.1241
718,ROBOT BUILD CLEAN WEAK HORSE HEAR,ACTIVE DOG GENERATE LANGUAGE MOVE SLOW PLAN SEE RIVER,0,1.1746,1.0000,0.5704,0.0176,0.7778,0.3333,0.6000,1.0967,1.1266
719,KEY,FALL,1,0.2272,0.0000,0.6667,0.1362,1.0000,1.0000,0.0000,-6.1735,1.0816
720,MARKET,FALL,0,1.2676,1.0000,0.6667,0.3378,1.0000,1.0000,0.0000,0.1054,1.0909
721,MARKET,BURN,0,1.2567,1.0000,0.6667,0.2836,1.0000,1.0000,0.0000,0.0916,1.0992
722,MARKET,GROW,0,1.2480,1.0000,0.6667,0.2399,1.0000,1.0000,0.0000,0.0794,1.1067
723,ANGRY,SOLDIER MOVE ORDERED COMPLEX CAR,0,1.3951,1.0000,1.0000,0.4753,1.0000,1.0000,1.0000,1.6719,1.1211
724,HOME,BURN,0,1.2524,1.0000,0.6667,0.2618,1.0000,1.0000,0.0000,0.4201,1.1276
725,MARKET,SPREAD,0,1.2032,1.0000,0.6667,0.0162,1.0000,1.0000,0.0000,0.0390,1.1314
726,BRIDGE,GROW,0,1.2326,1.0000,0.6667,0.1628,1.0000,1.0000,0.0000,0.3617,1.1365
727,STRONG,CLOCK COMPUTE DORMANT IDENTITY,0,1.3690,1.0000,1.0000,0.3450,1.0000,1.0000,1.0000,1.2887,1.1481
728,MARKET,BURN,0,1.2567,1.0000,0.6667,0.2836,1.0000,1.0000,0.0000,0.0545,1.1535
729,MARKET,BURN,0,1.2567,1.0000,0.6667,0.2836,1.0000,1.0000,0.0000,0.0505,1.1587
730,FOREST,FALL,0,1.2106,1.0000,0.6667,0.0528,1.0000,1.0000,0.0000,0.2292,1.1613
731,ROOM,FALL,0,1.2293,1.0000,0.6667,0.1464,1.0000,1.0000,0.0000,0.3017,1.1647
732,MARKET,FALL,0,1.2676,1.0000,0.6667,0.3378,1.0000,1.0000,0.0000,0.0499,1.1698
733,MARKET,BURN,0,1.2567,1.0000,0.6667,0.2836,1.0000,1.0000,0.0000,0.0420,1.1742
734,MARKET,SPREAD,0,1.2032,1.0000,0.6667,0.0162,1.0000,1.0000,0.0000,0.0142,1.1756
735,MARKET,FALL,0,1.2676,1.0000,0.6667,0.3378,1.0000,1.0000,0.0000,0.0441,1.1802
736,MARKET,SPREAD,0,1.2032,1.0000,0.6667,0.0162,1.0000,1.0000,0.0000,0.0108,1.1814
737,MARKET,FALL,0,1.2676,1.0000,0.6667,0.3378,1.0000,1.0000,0.0000,0.0410,1.1857
738,PRISON,FALL,0,1.2676,1.0000,0.6667,0.3378,1.0000,1.0000,0.0000,0.2503,1.1898
739,MOUNTAIN,BURN,0,1.2049,1.0000,0.6667,0.0243,1.0000,1.0000,0.0000,0.0659,1.1905
740,MARKET,SPREAD,0,1.2032,1.0000,0.6667,0.0162,1.0000,1.0000,0.0000,0.0059,1.1912
741,MARKET,SPREAD,0,1.2032,1.0000,0.6667,0.0162,1.0000,1.0000,0.0000,0.0057,1.1918
742,MARKET,FALL,0,1.2676,1.0000,0.6667,0.3378,1.0000,1.0000,0.0000,0.0353,1.1956
743,AUTOMATED PATTERN,GROW,0,1.3429,1.0000,1.0000,0.2144,1.0000,1.0000,1.0000,1.4812,1.2029
744,MARKET,FALL,0,1.2676,1.0000,0.6667,0.3378,1.0000,1.0000,0.0000,0.0302,1.2062
745,MARKET,BURN,0,1.2567,1.0000,0.6667,0.2836,1.0000,1.0000,0.0000,0.0230,1.2087
746,HOME,FALL,0,1.2564,1.0000,0.6667,0.2818,1.0000,1.0000,0.0000,0.1559,1.2111
747,MARKET,GROW,0,1.2480,1.0000,0.6667,0.2399,1.0000,1.0000,0.0000,0.0170,1.2129
748,CITY,FALL,0,1.2676,1.0000,0.6667,0.3378,1.0000,1.0000,0.0000,0.2588,1.2156
749,MARKET,SPREAD,0,1.2032,1.0000,0.6667,0.0162,1.0000,1.0000,0.0000,-0.0056,1.2150
750,MARKET,SPREAD,0,1.2032,1.0000,0.6667,0.0162,1.0000,1.0000,0.0000,-0.0053,1.2144
751,MARKET,GROW,0,1.2480,1.0000,0.6667,0.2399,1.0000,1.0000,0.0000,0.0153,1.2161
752,PRISON,FALL,0,1.2676,1.0000,0.6667,0.3378,1.0000,1.0000,0.0000,0.1546,1.2187
753,CAR,FAIL,1,0.2484,0.0000,0.6667,0.2418,1.0000,1.0000,0.0000,-6.4129,1.1702
754,MARKET,SPREAD,0,1.2032,1.0000,0.6667,0.0162,1.0000,1.0000,0.0000,0.0154,1.1718
755,ROOM,BURN,0,1.2314,1.0000,0.6667,0.1570,1.0000,1.0000,0.0000,0.2621,1.1748
756,MARKET,FALL,0,1.2676,1.0000,0.6667,0.3378,1.0000,1.0000,0.0000,0.0433,1.1794
757,MARKET,GROW,0,1.2480,1.0000,0.6667,0.2399,1.0000,1.0000,0.0000,0.0320,1.1829
758,MARKET,GROW,0,1.2480,1.0000,0.6667,0.2399,1.0000,1.0000,0.0000,0.0301,1.1861
759,SEED GROW,,1,0.2000,0.0000,0.6667,0.0000,1.0000,1.0000,0.0000,-8.5065,1.1368
760,DULL,CAR HEAR CAT,1,0.4791,0.0000,1.0000,0.8956,1.0000,1.0000,1.0000,-4.2086,1.1039
761,MARKET,SPREAD,0,1.2032,1.0000,0.6667,0.0162,1.0000,1.0000,0.0000,0.0449,1.1089
762,ROAD,BURN,0,1.2272,1.0000,0.6667,0.1362,1.0000,1.0000,0.0000,0.5383,1.1148
763,MARKET,BURN,0,1.2567,1.0000,0.6667,0.2836,1.0000,1.0000,0.0000,0.0651,1.1219
764,BRIDGE,BURN,0,1.2277,1.0000,0.6667,0.1383,1.0000,1.0000,0.0000,0.3867,1.1272
765,WEAK,DRONE FAIL,1,0.4365,0.0000,1.0000,0.6823,1.0000,1.0000,1.0000,-4.4044,1.0927
766,MARKET,BURN,0,1.2567,1.0000,0.6667,0.2836,1.0000,1.0000,0.0000,0.0735,1.1009
767,MARKET,FALL,0,1.2676,1.0000,0.6667,0.3378,1.0000,1.0000,0.0000,0.0723,1.1092
768,MARKET,GROW,0,1.2480,1.0000,0.6667,0.2399,1.0000,1.0000,0.0000,0.0611,1.1161
769,MARKET,FALL,0,1.2676,1.0000,0.6667,0.3378,1.0000,1.0000,0.0000,0.0641,1.1237
770,MARKET,BURN,0,1.2567,1.0000,0.6667,0.2836,1.0000,1.0000,0.0000,0.0567,1.1304
771,MARKET,GROW,0,1.2480,1.0000,0.6667,0.2399,1.0000,1.0000,0.0000,0.0485,1.1362
772,MARKET,SPREAD,0,1.2032,1.0000,0.6667,0.0162,1.0000,1.0000,0.0000,0.0273,1.1396
773,MARKET,FALL,0,1.2676,1.0000,0.6667,0.3378,1.0000,1.0000,0.0000,0.0524,1.1460
774,MARKET,FALL,0,1.2676,1.0000,0.6667,0.3378,1.0000,1.0000,0.0000,0.0483,1.1521
775,MARKET,SPREAD,0,1.2032,1.0000,0.6667,0.0162,1.0000,1.0000,0.0000,0.0198,1.1546
776,SENSOR,MOVE ORDERED STRONG CAR ENCODE FAMOUS SIMPLE DEBT,0,1.3017,1.0000,0.9333,0.1085,0.8000,1.0000,1.0000,1.0193,1.1620
777,MARKET,FALL,0,1.2676,1.0000,0.6667,0.3378,1.0000,1.0000,0.0000,0.0395,1.1673
778,PROUD,STRANGER KNOW LIE,1,0.3355,0.0000,1.0000,0.1775,1.0000,1.0000,1.0000,-5.4531,1.1257
779,FOREST,FALL,0,1.2106,1.0000,0.6667,0.0528,1.0000,1.0000,0.0000,0.3957,1.1299
780,MARKET,BURN,0,1.2567,1.0000,0.6667,0.2836,1.0000,1.0000,0.0000,0.0454,1.1363
781,MARKET,BURN,0,1.2567,1.0000,0.6667,0.2836,1.0000,1.0000,0.0000,0.0425,1.1423
782,FEAR,GROW,1,0.2761,0.0000,0.6667,0.3805,1.0000,1.0000,0.0000,-5.6709,1.0990
783,MARKET,BURN,0,1.2567,1.0000,0.6667,0.2836,1.0000,1.0000,0.0000,0.0541,1.1069
784,MARKET,BURN,0,1.2567,1.0000,0.6667,0.2836,1.0000,1.0000,0.0000,0.0495,1.1143
785,MOUNTAIN,BURN,0,1.2049,1.0000,0.6667,0.0243,1.0000,1.0000,0.0000,0.4212,1.1189
786,MARKET,BURN,0,1.2567,1.0000,0.6667,0.2836,1.0000,1.0000,0.0000,0.0443,1.1258
787,MARKET,FALL,0,1.2676,1.0000,0.6667,0.3378,1.0000,1.0000,0.0000,0.0470,1.1329
788,MARKET,BURN,0,1.2567,1.0000,0.6667,0.2836,1.0000,1.0000,0.0000,0.0393,1.1390
789,MARKET,BURN,0,1.2567,1.0000,0.6667,0.2836,1.0000,1.0000,0.0000,0.0372,1.1449
790,MARKET,BURN,0,1.2567,1.0000,0.6667,0.2836,1.0000,1.0000,0.0000,0.0351,1.1505
791,MARKET,FAIL,0,1.2513,1.0000,0.6667,0.2567,1.0000,1.0000,0.0000,0.0305,1.1556
792,MARKET,SPREAD,0,1.2032,1.0000,0.6667,0.0162,1.0000,1.0000,0.0000,0.0144,1.1579
793,MARKET,BURN,0,1.2567,1.0000,0.6667,0.2836,1.0000,1.0000,0.0000,0.0294,1.1629
794,MARKET,GROW,0,1.2480,1.0000,0.6667,0.2399,1.0000,1.0000,0.0000,0.0251,1.1671
795,MARKET,GROW,0,1.2480,1.0000,0.6667,0.2399,1.0000,1.0000,0.0000,0.0236,1.1712
796,MARKET,GROW,0,1.2480,1.0000,0.6667,0.2399,1.0000,1.0000,0.0000,0.0219,1.1750
797,MARKET,GROW,0,1.2480,1.0000,0.6667,0.2399,1.0000,1.0000,0.0000,0.0204,1.1787
798,MARKET,FALL,0,1.2676,1.0000,0.6667,0.3378,1.0000,1.0000,0.0000,0.0245,1.1831
799,MARKET,SPREAD,0,1.2032,1.0000,0.6667,0.0162,1.0000,1.0000,0.0000,0.0054,1.1841
800,DIRTY MARKET,BURN,0,1.3505,1.0000,1.0000,0.2525,1.0000,1.0000,1.0000,0.9046,1.1924
801,MARKET,BURN,0,1.2567,1.0000,0.6667,0.2836,1.0000,1.0000,0.0000,0.0170,1.1957
802,MARKET,SPREAD,0,1.2032,1.0000,0.6667,0.0162,1.0000,1.0000,0.0000,0.0020,1.1960
803,MARKET,BURN,0,1.2567,1.0000,0.6667,0.2836,1.0000,1.0000,0.0000,0.0155,1.1991
804,MARKET,SPREAD,0,1.2032,1.0000,0.6667,0.0162,1.0000,1.0000,0.0000,0.0011,1.1993
805,CORRUPTED,BORDER SPREAD,0,1.4941,1.0000,1.0000,0.9704,1.0000,1.0000,1.0000,1.7647,1.2140
806,MARKET,GROW,0,1.2480,1.0000,0.6667,0.2399,1.0000,1.0000,0.0000,0.0086,1.2157
807,BRIDGE,FALL,0,1.2312,1.0000,0.6667,0.1559,1.0000,1.0000,0.0000,0.0626,1.2165
808,BRIDGE,BURN,0,1.2277,1.0000,0.6667,0.1383,1.0000,1.0000,0.0000,0.0458,1.2170
809,FOREST,BURN,0,1.2024,1.0000,0.6667,0.0119,1.0000,1.0000,0.0000,-0.0711,1.2163
810,MARKET,SPREAD,0,1.2032,1.0000,0.6667,0.0162,1.0000,1.0000,0.0000,-0.0033,1.2157
811,MARKET,SPREAD,0,1.2032,1.0000,0.6667,0.0162,1.0000,1.0000,0.0000,-0.0031,1.2150
812,ENGINE,FALL,1,0.2216,0.0000,0.6667,0.1078,1.0000,1.0000,0.0000,-7.2756,1.1654
813,MARKET,FALL,0,1.2676,1.0000,0.6667,0.3378,1.0000,1.0000,0.0000,0.0255,1.1705
814,DULL,COMPUTER UPDATE CORRUPTED SYSTEM,1,0.4480,0.0000,0.8889,0.9069,1.0000,1.0000,0.6667,-5.1708,1.1344
815,MARKET,GROW,0,1.2480,1.0000,0.6667,0.2399,1.0000,1.0000,0.0000,0.0289,1.1400
816,MARKET,GROW,0,1.2480,1.0000,0.6667,0.2399,1.0000,1.0000,0.0000,0.0266,1.1454
817,MARKET,SPREAD,0,1.2032,1.0000,0.6667,0.0162,1.0000,1.0000,0.0000,0.0140,1.1483
818,MARKET,SPREAD,0,1.2032,1.0000,0.6667,0.0162,1.0000,1.0000,0.0000,0.0131,1.1511
819,REBELLIOUS,GUARD BUILD ORDERED CLEAN TOOL BURN,1,0.4234,0.0000,1.0000,0.6168,1.0000,1.0000,1.0000,-4.2375,1.1147
820,MARKET,GROW,0,1.2480,1.0000,0.6667,0.2399,1.0000,1.0000,0.0000,0.0313,1.1213
821,MARKET,FALL,0,1.2676,1.0000,0.6667,0.3378,1.0000,1.0000,0.0000,0.0339,1.1287
822,MARKET,GROW,0,1.2480,1.0000,0.6667,0.2399,1.0000,1.0000,0.0000,0.0269,1.1346
823,MARKET,SPREAD,0,1.2032,1.0000,0.6667,0.0162,1.0000,1.0000,0.0000,0.0155,1.1381
824,MARKET,MOVE OPTIMAL CAMERA,0,1.3302,1.0000,1.0000,0.1511,1.0000,1.0000,1.0000,0.0426,1.1477
825,ROAD,BURN,0,1.2272,1.0000,0.6667,0.1362,1.0000,1.0000,0.0000,0.3985,1.1516
826,MARKET,FALL,0,1.2676,1.0000,0.6667,0.3378,1.0000,1.0000,0.0000,0.0246,1.1574
827,MARKET,SPREAD,0,1.2032,1.0000,0.6667,0.0162,1.0000,1.0000,0.0000,0.0097,1.1597
828,MARKET,BURN,0,1.2567,1.0000,0.6667,0.2836,1.0000,1.0000,0.0000,0.0207,1.1646
829,MARKET,GROW,0,1.2480,1.0000,0.6667,0.2399,1.0000,1.0000,0.0000,0.0174,1.1687
830,MARKET,FALL,0,1.2676,1.0000,0.6667,0.3378,1.0000,1.0000,0.0000,0.0207,1.1737
831,MARKET,BURN,0,1.2567,1.0000,0.6667,0.2836,1.0000,1.0000,0.0000,0.0171,1.1778
832,MARKET,FALL,0,1.2676,1.0000,0.6667,0.3378,1.0000,1.0000,0.0000,0.0181,1.1823
833,DUST,GROW,0,1.2198,1.0000,0.6667,0.0991,1.0000,1.0000,0.0000,0.2099,1.1842
834,MARKET,SPREAD,0,1.2032,1.0000,0.6667,0.0162,1.0000,1.0000,0.0000,0.0040,1.1852
835,MARKET,MOVE SAD SECRET HORSE FALL,0,1.3712,1.0000,1.0000,0.3561,1.0000,1.0000,1.0000,0.0368,1.1945
836,DEBT,GROW,1,0.2679,0.0000,0.6667,0.3396,1.0000,1.0000,0.0000,-6.9411,1.1481
837,MARKET,GROW,0,1.2480,1.0000,0.6667,0.2399,1.0000,1.0000,0.0000,0.0193,1.1531
838,MARKET,SPREAD,0,1.2032,1.0000,0.6667,0.0162,1.0000,1.0000,0.0000,0.0096,1.1556
839,MARKET,GROW,0,1.2480,1.0000,0.6667,0.2399,1.0000,1.0000,0.0000,0.0178,1.1602
840,DUST,SPREAD,0,1.2771,1.0000,0.6667,0.3853,1.0000,1.0000,0.0000,0.6542,1.1661
841,MARKET,BURN,0,1.2567,1.0000,0.6667,0.2836,1.0000,1.0000,0.0000,0.0167,1.1706
842,MARKET,SPREAD,0,1.2032,1.0000,0.6667,0.0162,1.0000,1.0000,0.0000,0.0061,1.1722
843,MARKET,GROW,0,1.2480,1.0000,0.6667,0.2399,1.0000,1.0000,0.0000,0.0139,1.1760
844,CAMERA UPDATE PLAN,,1,0.2000,0.0000,0.6667,0.0000,1.0000,1.0000,0.0000,-14.5827,1.1272
845,MARKET,GROW,0,1.2480,1.0000,0.6667,0.2399,1.0000,1.0000,0.0000,0.0220,1.1333
846,MARKET,SPREAD,0,1.2032,1.0000,0.6667,0.0162,1.0000,1.0000,0.0000,0.0129,1.1368
847,MARKET,SPREAD,0,1.2032,1.0000,0.6667,0.0162,1.0000,1.0000,0.0000,0.0119,1.1401
848,MARKET,GROW,0,1.2480,1.0000,0.6667,0.2399,1.0000,1.0000,0.0000,0.0193,1.1455
849,MARKET,BURN,0,1.2567,1.0000,0.6667,0.2836,1.0000,1.0000,0.0000,0.0201,1.1510
850,MARKET,SPREAD,0,1.2032,1.0000,0.6667,0.0162,1.0000,1.0000,0.0000,0.0093,1.1537
851,MARKET,BURN,0,1.2567,1.0000,0.6667,0.2836,1.0000,1.0000,0.0000,0.0177,1.1588
852,MARKET,GROW,0,1.2480,1.0000,0.6667,0.2399,1.0000,1.0000,0.0000,0.0157,1.1633
853,MARKET,,0,1.1000,1.0000,0.3333,0.0000,1.0000,0.0000,0.0000,-0.0108,1.1601
854,MARKET,BURN,0,1.2567,1.0000,0.6667,0.2836,1.0000,1.0000,0.0000,0.0163,1.1649
855,DIRTY MARKET,BURN,0,1.3505,1.0000,1.0000,0.2525,1.0000,1.0000,1.0000,1.0174,1.1742
856,MARKET,FALL,0,1.2676,1.0000,0.6667,0.3378,1.0000,1.0000,0.0000,0.0157,1.1789
857,MARKET,FALL,0,1.2676,1.0000,0.6667,0.3378,1.0000,1.0000,0.0000,0.0146,1.1833
858,MARKET,FALL,0,1.2676,1.0000,0.6667,0.3378,1.0000,1.0000,0.0000,0.0141,1.1875
859,MARKET,FALL,0,1.2676,1.0000,0.6667,0.3378,1.0000,1.0000,0.0000,0.0135,1.1915
860,PRISON,FALL,0,1.2676,1.0000,0.6667,0.3378,1.0000,1.0000,0.0000,0.3041,1.1953
861,MARKET,FALL,0,1.2676,1.0000,0.6667,0.3378,1.0000,1.0000,0.0000,0.0121,1.1989
862,MARKET,GROW,0,1.2480,1.0000,0.6667,0.2399,1.0000,1.0000,0.0000,0.0080,1.2014
863,MARKET,FALL,0,1.2676,1.0000,0.6667,0.3378,1.0000,1.0000,0.0000,0.0111,1.2047
864,MARKET,FALL,0,1.2676,1.0000,0.6667,0.3378,1.0000,1.0000,0.0000,0.0105,1.2078
865,MARKET,FALL,0,1.2676,1.0000,0.6667,0.3378,1.0000,1.0000,0.0000,0.0099,1.2108
866,MARKET,GROW,0,1.2480,1.0000,0.6667,0.2399,1.0000,1.0000,0.0000,0.0062,1.2127
867,MARKET,BURN,0,1.2567,1.0000,0.6667,0.2836,1.0000,1.0000,0.0000,0.0076,1.2149
868,MARKET,GROW,0,1.2480,1.0000,0.6667,0.2399,1.0000,1.0000,0.0000,0.0053,1.2165
869,MARKET,GROW,0,1.2480,1.0000,0.6667,0.2399,1.0000,1.0000,0.0000,0.0051,1.2181
870,MARKET,GROW,0,1.2480,1.0000,0.6667,0.2399,1.0000,1.0000,0.0000,0.0049,1.2196
871,MARKET,FALL,0,1.2676,1.0000,0.6667,0.3378,1.0000,1.0000,0.0000,0.0078,1.2220
872,BIG MARKET,GROW,0,1.3389,1.0000,1.0000,0.1943,1.0000,1.0000,1.0000,0.8787,1.2278
873,MARKET,SPREAD,0,1.2032,1.0000,0.6667,0.0162,1.0000,1.0000,0.0000,-0.0040,1.2266
874,MARKET,FALL,0,1.2676,1.0000,0.6667,0.3378,1.0000,1.0000,0.0000,0.0066,1.2287
875,MARKET,WANT INSECT MOVE COMPUTER,0,1.2314,1.0000,0.6667,0.1569,1.0000,1.0000,0.0000,0.0004,1.2288
876,MARKET,FALL,0,1.2676,1.0000,0.6667,0.3378,1.0000,1.0000,0.0000,0.0062,1.2307
877,MARKET,FALL,0,1.2676,1.0000,0.6667,0.3378,1.0000,1.0000,0.0000,0.0061,1.2326
878,MARKET,SPREAD,0,1.2032,1.0000,0.6667,0.0162,1.0000,1.0000,0.0000,-0.0047,1.2311
879,MARKET,SPREAD,0,1.2032,1.0000,0.6667,0.0162,1.0000,1.0000,0.0000,-0.0046,1.2297
880,MARKET,FALL,0,1.2676,1.0000,0.6667,0.3378,1.0000,1.0000,0.0000,0.0062,1.2316
881,SIMPLE DRONE,SEE HORSE,1,0.3121,0.0000,1.0000,0.0606,1.0000,1.0000,1.0000,-10.1215,1.1856
882,MARKET,GROW,0,1.2480,1.0000,0.6667,0.2399,1.0000,1.0000,0.0000,0.0102,1.1888
883,MARKET,,0,1.1000,1.0000,0.3333,0.0000,1.0000,0.0000,0.0000,-0.0148,1.1843
884,MARKET,GROW,0,1.2480,1.0000,0.6667,0.2399,1.0000,1.0000,0.0000,0.0101,1.1875
885,MARKET,GROW,0,1.2480,1.0000,0.6667,0.2399,1.0000,1.0000,0.0000,0.0096,1.1905
886,MARKET,GROW,0,1.2480,1.0000,0.6667,0.2399,1.0000,1.0000,0.0000,0.0092,1.1934
887,ROOM,BURN,0,1.2314,1.0000,0.6667,0.1570,1.0000,1.0000,0.0000,0.2006,1.1953
888,MARKET,SPREAD,0,1.2032,1.0000,0.6667,0.0162,1.0000,1.0000,0.0000,0.0013,1.1957
889,MARKET,BURN,0,1.2567,1.0000,0.6667,0.2836,1.0000,1.0000,0.0000,0.0098,1.1987
890,MARKET,MOVE DULL DORMANT ROBOT,0,1.3377,1.0000,1.0000,0.1883,1.0000,1.0000,1.0000,0.0219,1.2057
891,MARKET,BURN,0,1.2567,1.0000,0.6667,0.2836,1.0000,1.0000,0.0000,0.0083,1.2082
892,MARKET,SPREAD,0,1.2032,1.0000,0.6667,0.0162,1.0000,1.0000,0.0000,-0.0008,1.2080
893,MARKET,SPREAD,0,1.2032,1.0000,0.6667,0.0162,1.0000,1.0000,0.0000,-0.0007,1.2078
894,MARKET,BURN,0,1.2567,1.0000,0.6667,0.2836,1.0000,1.0000,0.0000,0.0077,1.2102
895,MARKET,BURN,0,1.2567,1.0000,0.6667,0.2836,1.0000,1.0000,0.0000,0.0071,1.2125
896,MARKET,SPREAD,0,1.2032,1.0000,0.6667,0.0162,1.0000,1.0000,0.0000,-0.0014,1.2121
897,MARKET,SPREAD,0,1.2032,1.0000,0.6667,0.0162,1.0000,1.0000,0.0000,-0.0014,1.2116
898,MARKET,BURN,0,1.2567,1.0000,0.6667,0.2836,1.0000,1.0000,0.0000,0.0070,1.2139
899,MARKET,SPREAD,0,1.2032,1.0000,0.6667,0.0162,1.0000,1.0000,0.0000,-0.0016,1.2133
900,MARKET,GROW,0,1.2480,1.0000,0.6667,0.2399,1.0000,1.0000,0.0000,0.0054,1.2151
901,MARKET,BURN,0,1.2567,1.0000,0.6667,0.2836,1.0000,1.0000,0.0000,0.0064,1.2172
902,MARKET,BURN,0,1.2567,1.0000,0.6667,0.2836,1.0000,1.0000,0.0000,0.0061,1.2191
903,MARKET,GROW,0,1.2480,1.0000,0.6667,0.2399,1.0000,1.0000,0.0000,0.0044,1.2206
904,MARKET,BURN,0,1.2567,1.0000,0.6667,0.2836,1.0000,1.0000,0.0000,0.0057,1.2224
905,MARKET,GROW,0,1.2480,1.0000,0.6667,0.2399,1.0000,1.0000,0.0000,0.0039,1.2237
906,MARKET,FALL,0,1.2676,1.0000,0.6667,0.3378,1.0000,1.0000,0.0000,0.0066,1.2259
907,MARKET,BURN,0,1.2567,1.0000,0.6667,0.2836,1.0000,1.0000,0.0000,0.0046,1.2274
908,MARKET,GROW,0,1.2480,1.0000,0.6667,0.2399,1.0000,1.0000,0.0000,0.0031,1.2284
909,TOOL,GROW,1,0.2070,0.0000,0.6667,0.0352,1.0000,1.0000,0.0000,-7.7918,1.1774
910,MARKET,MOVE SENSOR,0,1.2480,1.0000,0.6667,0.2399,1.0000,1.0000,0.0000,0.0104,1.1809
911,WEAK,DRONE FAIL,1,0.4365,0.0000,1.0000,0.6823,1.0000,1.0000,1.0000,-5.6051,1.1437
912,MARKET,MOVE CORRUPTED COMPLEX CAMERA,0,1.3560,1.0000,1.0000,0.2799,1.0000,1.0000,1.0000,0.0314,1.1543
913,MARKET,BURN,0,1.2567,1.0000,0.6667,0.2836,1.0000,1.0000,0.0000,0.0145,1.1594
914,MARKET,GROW,0,1.2480,1.0000,0.6667,0.2399,1.0000,1.0000,0.0000,0.0124,1.1638
915,MARKET,BURN,0,1.2567,1.0000,0.6667,0.2836,1.0000,1.0000,0.0000,0.0132,1.1685
916,MARKET,FALL,0,1.2676,1.0000,0.6667,0.3378,1.0000,1.0000,0.0000,0.0138,1.1734
917,MARKET,FALL,0,1.2676,1.0000,0.6667,0.3378,1.0000,1.0000,0.0000,0.0130,1.1781
918,MARKET,FALL,0,1.2676,1.0000,0.6667,0.3378,1.0000,1.0000,0.0000,0.0124,1.1826
919,BROKEN BOOK,BURN,0,1.3379,1.0000,1.0000,0.1897,1.0000,1.0000,1.0000,1.8578,1.1904
920,MARKET,GROW,0,1.2480,1.0000,0.6667,0.2399,1.0000,1.0000,0.0000,0.0076,1.1933
921,MARKET,GROW,0,1.2480,1.0000,0.6667,0.2399,1.0000,1.0000,0.0000,0.0072,1.1960
922,MARKET,BURN,0,1.2567,1.0000,0.6667,0.2836,1.0000,1.0000,0.0000,0.0083,1.1990
923,MARKET,FALL,0,1.2676,1.0000,0.6667,0.3378,1.0000,1.0000,0.0000,0.0090,1.2025
924,MARKET,GROW,0,1.2480,1.0000,0.6667,0.2399,1.0000,1.0000,0.0000,0.0058,1.2047
925,MARKET,SPREAD,0,1.2032,1.0000,0.6667,0.0162,1.0000,1.0000,0.0000,-0.0002,1.2047
926,MARKET,GROW,0,1.2480,1.0000,0.6667,0.2399,1.0000,1.0000,0.0000,0.0055,1.2068
927,MARKET,BURN,0,1.2567,1.0000,0.6667,0.2836,1.0000,1.0000,0.0000,0.0064,1.2093
928,SLOW PHONE,FALL,1,0.3486,0.0000,1.0000,0.2428,1.0000,1.0000,1.0000,-10.6184,1.1663
929,MARKET,SPREAD,0,1.2032,1.0000,0.6667,0.0162,1.0000,1.0000,0.0000,0.0047,1.1681
930,MARKET,BURN,0,1.2567,1.0000,0.6667,0.2836,1.0000,1.0000,0.0000,0.0110,1.1726
931,MARKET,GROW,0,1.2480,1.0000,0.6667,0.2399,1.0000,1.0000,0.0000,0.0092,1.1763
932,MARKET,FALL,0,1.2676,1.0000,0.6667,0.3378,1.0000,1.0000,0.0000,0.0111,1.1809
933,MARKET,GROW,0,1.2480,1.0000,0.6667,0.2399,1.0000,1.0000,0.0000,0.0080,1.1842
934,MARKET,GROW,0,1.2480,1.0000,0.6667,0.2399,1.0000,1.0000,0.0000,0.0076,1.1874
935,MARKET,BURN,0,1.2567,1.0000,0.6667,0.2836,1.0000,1.0000,0.0000,0.0085,1.1909
936,MARKET,BURN,0,1.2567,1.0000,0.6667,0.2836,1.0000,1.0000,0.0000,0.0078,1.1942
937,MARKET,BURN,0,1.2567,1.0000,0.6667,0.2836,1.0000,1.0000,0.0000,0.0074,1.1973
938,MARKET,FALL,0,1.2676,1.0000,0.6667,0.3378,1.0000,1.0000,0.0000,0.0081,1.2008
939,MARKET,BURN,0,1.2567,1.0000,0.6667,0.2836,1.0000,1.0000,0.0000,0.0066,1.2036
940,MARKET,BURN,0,1.2567,1.0000,0.6667,0.2836,1.0000,1.0000,0.0000,0.0061,1.2063
941,MARKET,BURN,0,1.2567,1.0000,0.6667,0.2836,1.0000,1.0000,0.0000,0.0057,1.2088
942,ROAD,BURN,0,1.2272,1.0000,0.6667,0.1362,1.0000,1.0000,0.0000,0.1010,1.2097
943,MARKET,GROW,0,1.2480,1.0000,0.6667,0.2399,1.0000,1.0000,0.0000,0.0044,1.2116
944,RIVER,BURN,0,1.2080,1.0000,0.6667,0.0398,1.0000,1.0000,0.0000,-0.0209,1.2114
945,MARKET,GROW,0,1.2480,1.0000,0.6667,0.2399,1.0000,1.0000,0.0000,0.0040,1.2133
946,MARKET,SPREAD,0,1.2032,1.0000,0.6667,0.0162,1.0000,1.0000,0.0000,-0.0011,1.2128
947,MARKET,BURN,0,1.2567,1.0000,0.6667,0.2836,1.0000,1.0000,0.0000,0.0049,1.2150
948,MARKET,GROW,0,1.2480,1.0000,0.6667,0.2399,1.0000,1.0000,0.0000,0.0037,1.2166
949,MARKET,GROW,0,1.2480,1.0000,0.6667,0.2399,1.0000,1.0000,0.0000,0.0035,1.2182
950,MARKET,GROW,0,1.2480,1.0000,0.6667,0.2399,1.0000,1.0000,0.0000,0.0033,1.2197
951,MARKET,FALL,0,1.2676,1.0000,0.6667,0.3378,1.0000,1.0000,0.0000,0.0052,1.2221
952,MARKET,GROW,0,1.2480,1.0000,0.6667,0.2399,1.0000,1.0000,0.0000,0.0029,1.2234
953,MARKET,GROW,0,1.2480,1.0000,0.6667,0.2399,1.0000,1.0000,0.0000,0.0027,1.2246
954,MARKET,BURN,0,1.2567,1.0000,0.6667,0.2836,1.0000,1.0000,0.0000,0.0036,1.2262
955,MARKET,GROW,0,1.2480,1.0000,0.6667,0.2399,1.0000,1.0000,0.0000,0.0023,1.2273
956,HAPPY,MAN TALK,1,0.3229,0.0000,1.0000,0.1147,1.0000,1.0000,1.0000,-7.0188,1.1821
957,MARKET,FALL,0,1.2676,1.0000,0.6667,0.3378,1.0000,1.0000,0.0000,0.0092,1.1863
958,MARKET,GROW,0,1.2480,1.0000,0.6667,0.2399,1.0000,1.0000,0.0000,0.0065,1.1894
959,MARKET,GROW,0,1.2480,1.0000,0.6667,0.2399,1.0000,1.0000,0.0000,0.0062,1.1924
960,MARKET,BURN,0,1.2567,1.0000,0.6667,0.2836,1.0000,1.0000,0.0000,0.0066,1.1956
961,MARKET,BURN,0,1.2567,1.0000,0.6667,0.2836,1.0000,1.0000,0.0000,0.0065,1.1986
962,MARKET,FALL,0,1.2676,1.0000,0.6667,0.3378,1.0000,1.0000,0.0000,0.0070,1.2021
963,MARKET,SPREAD,0,1.2032,1.0000,0.6667,0.0162,1.0000,1.0000,0.0000,0.0001,1.2021
964,MARKET,FALL,0,1.2676,1.0000,0.6667,0.3378,1.0000,1.0000,0.0000,0.0068,1.2054
965,MARKET,SPREAD,0,1.2032,1.0000,0.6667,0.0162,1.0000,1.0000,0.0000,-0.0002,1.2053
966,MARKET,BURN,0,1.2567,1.0000,0.6667,0.2836,1.0000,1.0000,0.0000,0.0051,1.2079
967,MARKET,FALL,0,1.2676,1.0000,0.6667,0.3378,1.0000,1.0000,0.0000,0.0060,1.2109
968,MARKET,BURN,0,1.2567,1.0000,0.6667,0.2836,1.0000,1.0000,0.0000,0.0045,1.2131
969,MARKET,GROW,0,1.2480,1.0000,0.6667,0.2399,1.0000,1.0000,0.0000,0.0035,1.2149
970,MARKET,GROW,0,1.2480,1.0000,0.6667,0.2399,1.0000,1.0000,0.0000,0.0033,1.2165
971,MARKET,BURN,0,1.2567,1.0000,0.6667,0.2836,1.0000,1.0000,0.0000,0.0040,1.2186
972,MARKET,SPREAD,0,1.2032,1.0000,0.6667,0.0162,1.0000,1.0000,0.0000,-0.0015,1.2178
973,MARKET,GROW,0,1.2480,1.0000,0.6667,0.2399,1.0000,1.0000,0.0000,0.0030,1.2193
974,MARKET,GROW,0,1.2480,1.0000,0.6667,0.2399,1.0000,1.0000,0.0000,0.0028,1.2207
975,MARKET,BURN,0,1.2567,1.0000,0.6667,0.2836,1.0000,1.0000,0.0000,0.0035,1.2225
976,MARKET,SPREAD,0,1.2032,1.0000,0.6667,0.0162,1.0000,1.0000,0.0000,-0.0018,1.2216
977,MARKET,BURN,0,1.2567,1.0000,0.6667,0.2836,1.0000,1.0000,0.0000,0.0034,1.2233
978,MARKET,BURN,0,1.2567,1.0000,0.6667,0.2836,1.0000,1.0000,0.0000,0.0032,1.2250
979,MARKET,BURN,0,1.2567,1.0000,0.6667,0.2836,1.0000,1.0000,0.0000,0.0031,1.2266
980,MARKET,SPREAD,0,1.2032,1.0000,0.6667,0.0162,1.0000,1.0000,0.0000,-0.0023,1.2254
981,MARKET,FALL,0,1.2676,1.0000,0.6667,0.3378,1.0000,1.0000,0.0000,0.0041,1.2275
982,MARKET,SPREAD,0,1.2032,1.0000,0.6667,0.0162,1.0000,1.0000,0.0000,-0.0023,1.2263
983,STRONG,ELDER HEAR SLOW CHOICE FOLLOW FAST TRUSTED ELDER,0,1.2825,1.0000,0.8333,0.1623,1.0000,1.0000,0.5000,0.3872,1.2291
984,MARKET,BURN,0,1.2567,1.0000,0.6667,0.2836,1.0000,1.0000,0.0000,0.0026,1.2305
985,MARKET,GROW,0,1.2480,1.0000,0.6667,0.2399,1.0000,1.0000,0.0000,0.0017,1.2314
986,MARKET,BURN,0,1.2567,1.0000,0.6667,0.2836,1.0000,1.0000,0.0000,0.0024,1.2326
987,MARKET,SPREAD,0,1.2032,1.0000,0.6667,0.0162,1.0000,1.0000,0.0000,-0.0028,1.2312
988,MARKET,SPREAD,0,1.2032,1.0000,0.6667,0.0162,1.0000,1.0000,0.0000,-0.0027,1.2298
989,MARKET,GROW,0,1.2480,1.0000,0.6667,0.2399,1.0000,1.0000,0.0000,0.0018,1.2307
990,MARKET,BURN,0,1.2567,1.0000,0.6667,0.2836,1.0000,1.0000,0.0000,0.0026,1.2320
991,MARKET,FALL,0,1.2676,1.0000,0.6667,0.3378,1.0000,1.0000,0.0000,0.0035,1.2338
992,MARKET,MOVE BIG DRONE,0,1.3510,1.0000,1.0000,0.2548,1.0000,1.0000,1.0000,0.0115,1.2396
993,MARKET,SPREAD,0,1.2032,1.0000,0.6667,0.0162,1.0000,1.0000,0.0000,-0.0035,1.2378
994,MARKET,GROW,0,1.2480,1.0000,0.6667,0.2399,1.0000,1.0000,0.0000,0.0010,1.2383
995,MARKET,BURN,0,1.2567,1.0000,0.6667,0.2836,1.0000,1.0000,0.0000,0.0018,1.2392
996,HAPPY,CHILD FALL,1,0.3645,0.0000,1.0000,0.3223,1.0000,1.0000,1.0000,-7.2615,1.1955
997,MARKET,FALL,0,1.2676,1.0000,0.6667,0.3378,1.0000,1.0000,0.0000,0.0068,1.1991
998,VAST MARKET,GROW,0,1.3384,1.0000,1.0000,0.1920,1.0000,1.0000,1.0000,1.0409,1.2061
999,MARKET,GROW,0,1.2480,1.0000,0.6667,0.2399,1.0000,1.0000,0.0000,0.0041,1.2082
1000,MARKET,BURN,0,1.2567,1.0000,0.6667,0.2836,1.0000,1.0000,0.0000,0.0047,1.2106
1001,MARKET,GROW,0,1.2480,1.0000,0.6667,0.2399,1.0000,1.0000,0.0000,0.0035,1.2125
1002,MARKET,SPREAD,0,1.2032,1.0000,0.6667,0.0162,1.0000,1.0000,0.0000,-0.0009,1.2120
1003,MARKET,GROW,0,1.2480,1.0000,0.6667,0.2399,1.0000,1.0000,0.0000,0.0034,1.2138
1004,MARKET,BURN,0,1.2567,1.0000,0.6667,0.2836,1.0000,1.0000,0.0000,0.0040,1.2159
1005,MARKET,FALL,0,1.2676,1.0000,0.6667,0.3378,1.0000,1.0000,0.0000,0.0049,1.2185
1006,MARKET,GROW,0,1.2480,1.0000,0.6667,0.2399,1.0000,1.0000,0.0000,0.0028,1.2200
1007,MARKET,BURN,0,1.2567,1.0000,0.6667,0.2836,1.0000,1.0000,0.0000,0.0035,1.2218
1008,TOOL,GROW,1,0.2070,0.0000,0.6667,0.0352,1.0000,1.0000,0.0000,-8.3725,1.1711
1009,MARKET,FALL,0,1.2676,1.0000,0.6667,0.3378,1.0000,1.0000,0.0000,0.0091,1.1759
1010,MARKET,SEE MOUNTAIN,0,1.2191,1.0000,0.5556,0.2622,0.6667,1.0000,0.0000,0.0040,1.1781
1011,MARKET,BURN,0,1.2567,1.0000,0.6667,0.2836,1.0000,1.0000,0.0000,0.0072,1.1820
1012,MARKET,SPREAD,0,1.2032,1.0000,0.6667,0.0162,1.0000,1.0000,0.0000,0.0020,1.1831
1013,MARKET,BURN,0,1.2567,1.0000,0.6667,0.2836,1.0000,1.0000,0.0000,0.0067,1.1867
1014,STRANGER,BUILD ENCRYPTED KEY CARRY COMPUTER HEAR CALM CAT SEE COMPLEX DULL KEY,0,1.3092,1.0000,0.9444,0.1293,0.8333,1.0000,1.0000,0.9123,1.1929
1015,MARKET,FALL,0,1.2676,1.0000,0.6667,0.3378,1.0000,1.0000,0.0000,0.0069,1.1966
1016,MARKET,GROW,0,1.2480,1.0000,0.6667,0.2399,1.0000,1.0000,0.0000,0.0049,1.1992
1017,MARKET,GROW,0,1.2480,1.0000,0.6667,0.2399,1.0000,1.0000,0.0000,0.0044,1.2016
1018,MARKET,FALL,0,1.2676,1.0000,0.6667,0.3378,1.0000,1.0000,0.0000,0.0060,1.2049
1019,MARKET,BURN,0,1.2567,1.0000,0.6667,0.2836,1.0000,1.0000,0.0000,0.0047,1.2075
1020,MARKET,BURN,0,1.2567,1.0000,0.6667,0.2836,1.0000,1.0000,0.0000,0.0043,1.2100
1021,MARKET,BURN,0,1.2567,1.0000,0.6667,0.2836,1.0000,1.0000,0.0000,0.0043,1.2123
1022,MARKET,SPREAD,0,1.2032,1.0000,0.6667,0.0162,1.0000,1.0000,0.0000,-0.0008,1.2118
1023,MARKET,BURN,0,1.2567,1.0000,0.6667,0.2836,1.0000,1.0000,0.0000,0.0040,1.2141
1024,MARKET,GROW,0,1.2480,1.0000,0.6667,0.2399,1.0000,1.0000,0.0000,0.0030,1.2158
1025,MARKET,GROW,0,1.2480,1.0000,0.6667,0.2399,1.0000,1.0000,0.0000,0.0029,1.2174
1026,STRONG DRONE UPDATE CORRUPTED,LANGUAGE,0,1.3692,1.0000,1.0000,0.3462,1.0000,1.0000,1.0000,2.5636,1.2250
1027,MARKET,BURN,0,1.2567,1.0000,0.6667,0.2836,1.0000,1.0000,0.0000,0.0028,1.2266
1028,MARKET,GROW,0,1.2480,1.0000,0.6667,0.2399,1.0000,1.0000,0.0000,0.0019,1.2276
1029,MARKET,GROW,0,1.2480,1.0000,0.6667,0.2399,1.0000,1.0000,0.0000,0.0018,1.2287
1030,MARKET,SPREAD,0,1.2032,1.0000,0.6667,0.0162,1.0000,1.0000,0.0000,-0.0023,1.2274
1031,MARKET,BURN,0,1.2567,1.0000,0.6667,0.2836,1.0000,1.0000,0.0000,0.0026,1.2289
1032,MARKET,FALL,0,1.2676,1.0000,0.6667,0.3378,1.0000,1.0000,0.0000,0.0035,1.2308
1033,MARKET,BURN,0,1.2567,1.0000,0.6667,0.2836,1.0000,1.0000,0.0000,0.0023,1.2321
1034,MARKET,SPREAD,0,1.2032,1.0000,0.6667,0.0162,1.0000,1.0000,0.0000,-0.0026,1.2306
1035,MARKET,SPREAD,0,1.2032,1.0000,0.6667,0.0162,1.0000,1.0000,0.0000,-0.0024,1.2293
1036,MARKET,FALL,0,1.2676,1.0000,0.6667,0.3378,1.0000,1.0000,0.0000,0.0035,1.2312
1037,MARKET,FALL,0,1.2676,1.0000,0.6667,0.3378,1.0000,1.0000,0.0000,0.0032,1.2330
1038,MARKET,FALL,0,1.2676,1.0000,0.6667,0.3378,1.0000,1.0000,0.0000,0.0031,1.2347
1039,MARKET,FALL,0,1.2676,1.0000,0.6667,0.3378,1.0000,1.0000,0.0000,0.0030,1.2364
1040,MARKET,BURN,0,1.2567,1.0000,0.6667,0.2836,1.0000,1.0000,0.0000,0.0019,1.2374
1041,MARKET,FALL,0,1.2676,1.0000,0.6667,0.3378,1.0000,1.0000,0.0000,0.0028,1.2389
1042,MARKET,BURN,0,1.2567,1.0000,0.6667,0.2836,1.0000,1.0000,0.0000,0.0016,1.2398
1043,MARKET,SPREAD,0,1.2032,1.0000,0.6667,0.0162,1.0000,1.0000,0.0000,-0.0032,1.2380
1044,MARKET,FALL,0,1.2676,1.0000,0.6667,0.3378,1.0000,1.0000,0.0000,0.0027,1.2394
1045,RULE,GROW,1,0.2622,0.0000,0.6667,0.3110,1.0000,1.0000,0.0000,-7.9948,1.1906
1046,MARKET,GROW,0,1.2480,1.0000,0.6667,0.2399,1.0000,1.0000,0.0000,0.0051,1.1935
1047,MARKET,BURN,0,1.2567,1.0000,0.6667,0.2836,1.0000,1.0000,0.0000,0.0055,1.1966
1048,MARKET,FALL,0,1.2676,1.0000,0.6667,0.3378,1.0000,1.0000,0.0000,0.0062,1.2002
1049,MARKET,BURN,0,1.2567,1.0000,0.6667,0.2836,1.0000,1.0000,0.0000,0.0051,1.2030
1050,MARKET,FALL,0,1.2676,1.0000,0.6667,0.3378,1.0000,1.0000,0.0000,0.0056,1.2062
1051,MARKET,FALL,0,1.2676,1.0000,0.6667,0.3378,1.0000,1.0000,0.0000,0.0056,1.2093
1052,MEMORY,GROW,1,0.2555,0.0000,0.6667,0.2776,1.0000,1.0000,0.0000,-7.7144,1.1616
1053,MARKET,GROW,0,1.2480,1.0000,0.6667,0.2399,1.0000,1.0000,0.0000,0.0072,1.1659
1054,STRANGER,BURN,1,0.2314,0.0000,0.6667,0.1570,1.0000,1.0000,0.0000,-6.7320,1.1192
1055,MARKET,FALL,0,1.2676,1.0000,0.6667,0.3378,1.0000,1.0000,0.0000,0.0127,1.1266
1056,MARKET,BURN,0,1.2567,1.0000,0.6667,0.2836,1.0000,1.0000,0.0000,0.0105,1.1331
1057,MARKET,SPREAD,0,1.2032,1.0000,0.6667,0.0162,1.0000,1.0000,0.0000,0.0058,1.1366
1058,MARKET,FALL,0,1.2676,1.0000,0.6667,0.3378,1.0000,1.0000,0.0000,0.0103,1.1432
1059,MARKET,FALL,0,1.2676,1.0000,0.6667,0.3378,1.0000,1.0000,0.0000,0.0100,1.1494
1060,MARKET,BURN,0,1.2567,1.0000,0.6667,0.2836,1.0000,1.0000,0.0000,0.0081,1.1548
1061,MARKET,SPREAD,0,1.2032,1.0000,0.6667,0.0162,1.0000,1.0000,0.0000,0.0036,1.1572
1062,MARKET,SPREAD,0,1.2032,1.0000,0.6667,0.0162,1.0000,1.0000,0.0000,0.0034,1.1595
1063,MARKET,BURN,0,1.2567,1.0000,0.6667,0.2836,1.0000,1.0000,0.0000,0.0071,1.1643
1064,MARKET,FALL,0,1.2676,1.0000,0.6667,0.3378,1.0000,1.0000,0.0000,0.0076,1.1695
1065,MARKET,GROW,0,1.2480,1.0000,0.6667,0.2399,1.0000,1.0000,0.0000,0.0057,1.1734
1066,MARKET,BURN,0,1.2567,1.0000,0.6667,0.2836,1.0000,1.0000,0.0000,0.0061,1.1776
1067,MARKET,,0,1.1000,1.0000,0.3333,0.0000,1.0000,0.0000,0.0000,-0.0057,1.1737
1068,MARKET,FALL,0,1.2676,1.0000,0.6667,0.3378,1.0000,1.0000,0.0000,0.0067,1.1784
1069,MARKET,FALL,0,1.2676,1.0000,0.6667,0.3378,1.0000,1.0000,0.0000,0.0065,1.1829
1070,MARKET,FALL,0,1.2676,1.0000,0.6667,0.3378,1.0000,1.0000,0.0000,0.0059,1.1871
1071,DUST,GROW,0,1.2198,1.0000,0.6667,0.0991,1.0000,1.0000,0.0000,0.2057,1.1887
1072,MARKET,FALL,0,1.2676,1.0000,0.6667,0.3378,1.0000,1.0000,0.0000,0.0054,1.1927
1073,MARKET,BURN,0,1.2567,1.0000,0.6667,0.2836,1.0000,1.0000,0.0000,0.0044,1.1959
1074,MARKET,SPREAD,0,1.2032,1.0000,0.6667,0.0162,1.0000,1.0000,0.0000,0.0005,1.1962
1075,FEAR,SPREAD,1,0.2077,0.0000,0.6667,0.0383,1.0000,1.0000,0.0000,-8.3010,1.1468
1076,MARKET,SPREAD,0,1.2032,1.0000,0.6667,0.0162,1.0000,1.0000,0.0000,0.0040,1.1496
1077,MARKET,GROW,0,1.2480,1.0000,0.6667,0.2399,1.0000,1.0000,0.0000,0.0069,1.1546
1078,MARKET,BURN,0,1.2567,1.0000,0.6667,0.2836,1.0000,1.0000,0.0000,0.0068,1.1597
1079,MARKET,GROW,0,1.2480,1.0000,0.6667,0.2399,1.0000,1.0000,0.0000,0.0057,1.1641
1080,MARKET,SPREAD,0,1.2032,1.0000,0.6667,0.0162,1.0000,1.0000,0.0000,0.0026,1.1660
1081,MARKET,GROW,0,1.2480,1.0000,0.6667,0.2399,1.0000,1.0000,0.0000,0.0053,1.1701
1082,MARKET,FALL,0,1.2676,1.0000,0.6667,0.3378,1.0000,1.0000,0.0000,0.0063,1.1750
1083,MARKET,GROW,0,1.2480,1.0000,0.6667,0.2399,1.0000,1.0000,0.0000,0.0048,1.1787
1084,MARKET,GROW,0,1.2480,1.0000,0.6667,0.2399,1.0000,1.0000,0.0000,0.0043,1.1821
1085,MARKET,FALL,0,1.2676,1.0000,0.6667,0.3378,1.0000,1.0000,0.0000,0.0055,1.1864
1086,MARKET,FALL,0,1.2676,1.0000,0.6667,0.3378,1.0000,1.0000,0.0000,0.0052,1.1904
1087,MARKET,BURN,0,1.2567,1.0000,0.6667,0.2836,1.0000,1.0000,0.0000,0.0041,1.1938
1088,MARKET,SPREAD,0,1.2032,1.0000,0.6667,0.0162,1.0000,1.0000,0.0000,0.0006,1.1942
1089,MARKET,FALL,0,1.2676,1.0000,0.6667,0.3378,1.0000,1.0000,0.0000,0.0044,1.1979
1090,MARKET,FALL,0,1.2676,1.0000,0.6667,0.3378,1.0000,1.0000,0.0000,0.0043,1.2014
1091,MARKET,SPREAD,0,1.2032,1.0000,0.6667,0.0162,1.0000,1.0000,0.0000,0.0001,1.2015
1092,MARKET,SPREAD,0,1.2032,1.0000,0.6667,0.0162,1.0000,1.0000,0.0000,0.0001,1.2016
1093,MARKET,SPREAD,0,1.2032,1.0000,0.6667,0.0162,1.0000,1.0000,0.0000,0.0001,1.2016
1094,MARKET,BURN,0,1.2567,1.0000,0.6667,0.2836,1.0000,1.0000,0.0000,0.0034,1.2044
1095,MARKET,BURN,0,1.2567,1.0000,0.6667,0.2836,1.0000,1.0000,0.0000,0.0031,1.2070
1096,MARKET,BURN,0,1.2567,1.0000,0.6667,0.2836,1.0000,1.0000,0.0000,0.0030,1.2095
1097,MARKET,SPREAD,0,1.2032,1.0000,0.6667,0.0162,1.0000,1.0000,0.0000,-0.0004,1.2092
1098,MARKET,GROW,0,1.2480,1.0000,0.6667,0.2399,1.0000,1.0000,0.0000,0.0023,1.2111
1099,MARKET,BURN,0,1.2567,1.0000,0.6667,0.2836,1.0000,1.0000,0.0000,0.0027,1.2134
1100,MARKET,FALL,0,1.2676,1.0000,0.6667,0.3378,1.0000,1.0000,0.0000,0.0032,1.2161
1101,MARKET,SPREAD,0,1.2032,1.0000,0.6667,0.0162,1.0000,1.0000,0.0000,-0.0008,1.2155
1102,MARKET,BURN,0,1.2567,1.0000,0.6667,0.2836,1.0000,1.0000,0.0000,0.0024,1.2175
1103,AUTOMATED LEADER,BREAK BIG SHARP POISON,0,1.3309,1.0000,1.0000,0.1546,1.0000,1.0000,1.0000,1.2684,1.2232
1104,MARKET,FALL,0,1.2676,1.0000,0.6667,0.3378,1.0000,1.0000,0.0000,0.0027,1.2254
1105,MARKET,GROW,0,1.2480,1.0000,0.6667,0.2399,1.0000,1.0000,0.0000,0.0013,1.2265
1106,MARKET,BURN,0,1.2567,1.0000,0.6667,0.2836,1.0000,1.0000,0.0000,0.0018,1.2281
1107,MARKET,FALL,0,1.2676,1.0000,0.6667,0.3378,1.0000,1.0000,0.0000,0.0023,1.2300
1108,MARKET,SPREAD,0,1.2032,1.0000,0.6667,0.0162,1.0000,1.0000,0.0000,-0.0016,1.2287
1109,MARKET,SPREAD,0,1.2032,1.0000,0.6667,0.0162,1.0000,1.0000,0.0000,-0.0016,1.2274
1110,MARKET,FALL,0,1.2676,1.0000,0.6667,0.3378,1.0000,1.0000,0.0000,0.0024,1.2294
1111,MARKET,,0,1.1000,1.0000,0.3333,0.0000,1.0000,0.0000,0.0000,-0.0076,1.2230
1112,MARKET,FALL,0,1.2676,1.0000,0.6667,0.3378,1.0000,1.0000,0.0000,0.0027,1.2252
1113,MARKET,GROW,0,1.2480,1.0000,0.6667,0.2399,1.0000,1.0000,0.0000,0.0014,1.2263
1114,MARKET,SPREAD,0,1.2032,1.0000,0.6667,0.0162,1.0000,1.0000,0.0000,-0.0014,1.2252
1115,MARKET,SPREAD,0,1.2032,1.0000,0.6667,0.0162,1.0000,1.0000,0.0000,-0.0013,1.2241
1116,MARKET,FALL,0,1.2676,1.0000,0.6667,0.3378,1.0000,1.0000,0.0000,0.0026,1.2262
1117,MARKET,FALL,0,1.2676,1.0000,0.6667,0.3378,1.0000,1.0000,0.0000,0.0026,1.2283
1118,MARKET,BURN,0,1.2567,1.0000,0.6667,0.2836,1.0000,1.0000,0.0000,0.0017,1.2297
1119,MARKET,MOVE SHARP WEAK CAMERA,0,1.3269,1.0000,1.0000,0.1347,1.0000,1.0000,1.0000,0.0058,1.2346
1120,MARKET,BURN,0,1.2567,1.0000,0.6667,0.2836,1.0000,1.0000,0.0000,0.0014,1.2357
1121,MARKET,GROW,0,1.2480,1.0000,0.6667,0.2399,1.0000,1.0000,0.0000,0.0008,1.2363
1122,MARKET,SPREAD,0,1.2032,1.0000,0.6667,0.0162,1.0000,1.0000,0.0000,-0.0020,1.2347
1123,MARKET,GROW,0,1.2480,1.0000,0.6667,0.2399,1.0000,1.0000,0.0000,0.0008,1.2353
1124,MARKET,,0,1.1000,1.0000,0.3333,0.0000,1.0000,0.0000,0.0000,-0.0080,1.2286
1125,MARKET,BURN,0,1.2567,1.0000,0.6667,0.2836,1.0000,1.0000,0.0000,0.0017,1.2300
1126,MARKET,BURN,0,1.2567,1.0000,0.6667,0.2836,1.0000,1.0000,0.0000,0.0016,1.2313
1127,MARKET,FALL,0,1.2676,1.0000,0.6667,0.3378,1.0000,1.0000,0.0000,0.0022,1.2331
1128,MARKET,SPREAD,0,1.2032,1.0000,0.6667,0.0162,1.0000,1.0000,0.0000,-0.0017,1.2316
1129,MARKET,MOVE ISOLATED BROKEN WOLF,0,1.3757,1.0000,1.0000,0.3786,1.0000,1.0000,1.0000,0.0084,1.2388
1130,MARKET,FALL,0,1.2676,1.0000,0.6667,0.3378,1.0000,1.0000,0.0000,0.0017,1.2403
1131,MARKET,SPREAD,0,1.2032,1.0000,0.6667,0.0162,1.0000,1.0000,0.0000,-0.0022,1.2384
1132,MARKET,BURN,0,1.2567,1.0000,0.6667,0.2836,1.0000,1.0000,0.0000,0.0011,1.2393
1133,MARKET,BURN,0,1.2567,1.0000,0.6667,0.2836,1.0000,1.0000,0.0000,0.0010,1.2402
1134,MARKET,BURN,0,1.2567,1.0000,0.6667,0.2836,1.0000,1.0000,0.0000,0.0010,1.2410
1135,MARKET,BURN,0,1.2567,1.0000,0.6667,0.2836,1.0000,1.0000,0.0000,0.0009,1.2418
1136,MARKET,BURN,0,1.2567,1.0000,0.6667,0.2836,1.0000,1.0000,0.0000,0.0009,1.2426
1137,PRISON,BURN,0,1.2489,1.0000,0.6667,0.2443,1.0000,1.0000,0.0000,0.0318,1.2429
1138,PRISON,BURN,0,1.2489,1.0000,0.6667,0.2443,1.0000,1.0000,0.0000,0.0302,1.2432
1139,MARKET,GROW,0,1.2480,1.0000,0.6667,0.2399,1.0000,1.0000,0.0000,0.0003,1.2434
1140,MARKET,BURN,0,1.2567,1.0000,0.6667,0.2836,1.0000,1.0000,0.0000,0.0008,1.2441
1141,MARKET,BURN,0,1.2567,1.0000,0.6667,0.2836,1.0000,1.0000,0.0000,0.0007,1.2447
1142,MARKET,FALL,0,1.2676,1.0000,0.6667,0.3378,1.0000,1.0000,0.0000,0.0014,1.2458
1143,MARKET,BURN,0,1.2567,1.0000,0.6667,0.2836,1.0000,1.0000,0.0000,0.0007,1.2464
1144,MARKET,BURN,0,1.2567,1.0000,0.6667,0.2836,1.0000,1.0000,0.0000,0.0006,1.2469
1145,MARKET,FALL,0,1.2676,1.0000,0.6667,0.3378,1.0000,1.0000,0.0000,0.0012,1.2479
1146,MARKET,MOVE TRAPPED CAT,0,1.3679,1.0000,1.0000,0.3394,1.0000,1.0000,1.0000,0.0072,1.2539
1147,MARKET,BURN,0,1.2567,1.0000,0.6667,0.2836,1.0000,1.0000,0.0000,0.0002,1.2541
1148,MARKET,GROW,0,1.2480,1.0000,0.6667,0.2399,1.0000,1.0000,0.0000,-0.0004,1.2538
1149,MARKET,FALL,0,1.2676,1.0000,0.6667,0.3378,1.0000,1.0000,0.0000,0.0008,1.2545
1150,MARKET,BURN,0,1.2567,1.0000,0.6667,0.2836,1.0000,1.0000,0.0000,0.0001,1.2546
1151,MARKET,FALL,0,1.2676,1.0000,0.6667,0.3378,1.0000,1.0000,0.0000,0.0008,1.2552
1152,MARKET,GROW,0,1.2480,1.0000,0.6667,0.2399,1.0000,1.0000,0.0000,-0.0004,1.2549
1153,MARKET,BURN,0,1.2567,1.0000,0.6667,0.2836,1.0000,1.0000,0.0000,0.0001,1.2550
1154,MARKET,GROW,0,1.2480,1.0000,0.6667,0.2399,1.0000,1.0000,0.0000,-0.0004,1.2546
1155,MARKET,BURN,0,1.2567,1.0000,0.6667,0.2836,1.0000,1.0000,0.0000,0.0001,1.2547
1156,MARKET,MOVE WEAPON,0,1.2480,1.0000,0.6667,0.2402,1.0000,1.0000,0.0000,-0.0004,1.2544
1157,MARKET,BURN,0,1.2567,1.0000,0.6667,0.2836,1.0000,1.0000,0.0000,0.0001,1.2545
1158,MARKET,GROW,0,1.2480,1.0000,0.6667,0.2399,1.0000,1.0000,0.0000,-0.0004,1.2542
1159,MARKET,FALL,0,1.2676,1.0000,0.6667,0.3378,1.0000,1.0000,0.0000,0.0008,1.2548
1160,MARKET,GROW,0,1.2480,1.0000,0.6667,0.2399,1.0000,1.0000,0.0000,-0.0004,1.2545
1161,MARKET,SPREAD,0,1.2032,1.0000,0.6667,0.0162,1.0000,1.0000,0.0000,-0.0030,1.2519
1162,MARKET,BURN,0,1.2567,1.0000,0.6667,0.2836,1.0000,1.0000,0.0000,0.0003,1.2522
1163,MARKET,GROW,0,1.2480,1.0000,0.6667,0.2399,1.0000,1.0000,0.0000,-0.0002,1.2520
1164,CORRUPTED,BOOK GROW,0,1.4634,1.0000,1.0000,0.8170,1.0000,1.0000,1.0000,1.4510,1.2625
1165,MARKET,BURN,0,1.2567,1.0000,0.6667,0.2836,1.0000,1.0000,0.0000,-0.0003,1.2622
1166,MARKET,BURN,0,1.2567,1.0000,0.6667,0.2836,1.0000,1.0000,0.0000,-0.0003,1.2620
1167,MARKET,BURN,0,1.2567,1.0000,0.6667,0.2836,1.0000,1.0000,0.0000,-0.0003,1.2617
1168,MARKET,FALL,0,1.2676,1.0000,0.6667,0.3378,1.0000,1.0000,0.0000,0.0004,1.2620
1169,MARKET,BURN,0,1.2567,1.0000,0.6667,0.2836,1.0000,1.0000,0.0000,-0.0003,1.2617
1170,MARKET,BURN,0,1.2567,1.0000,0.6667,0.2836,1.0000,1.0000,0.0000,-0.0003,1.2615
1171,MARKET,SPREAD,0,1.2032,1.0000,0.6667,0.0162,1.0000,1.0000,0.0000,-0.0037,1.2586
1172,MARKET,GROW,0,1.2480,1.0000,0.6667,0.2399,1.0000,1.0000,0.0000,-0.0006,1.2580
1173,MARKET,GROW,0,1.2480,1.0000,0.6667,0.2399,1.0000,1.0000,0.0000,-0.0006,1.2575
1174,MARKET,FALL,0,1.2676,1.0000,0.6667,0.3378,1.0000,1.0000,0.0000,0.0006,1.2580
1175,MARKET,BURN,0,1.2567,1.0000,0.6667,0.2836,1.0000,1.0000,0.0000,-0.0001,1.2580
1176,MARKET,GROW,0,1.2480,1.0000,0.6667,0.2399,1.0000,1.0000,0.0000,-0.0006,1.2575
1177,MARKET,SPREAD,0,1.2032,1.0000,0.6667,0.0162,1.0000,1.0000,0.0000,-0.0035,1.2548
1178,MARKET,FALL,0,1.2676,1.0000,0.6667,0.3378,1.0000,1.0000,0.0000,0.0008,1.2554
1179,MARKET,GROW,0,1.2480,1.0000,0.6667,0.2399,1.0000,1.0000,0.0000,-0.0005,1.2550
1180,MARKET,SPREAD,0,1.2032,1.0000,0.6667,0.0162,1.0000,1.0000,0.0000,-0.0033,1.2524
1181,MARKET,GROW,0,1.2480,1.0000,0.6667,0.2399,1.0000,1.0000,0.0000,-0.0003,1.2522
1182,MARKET,SPREAD,0,1.2032,1.0000,0.6667,0.0162,1.0000,1.0000,0.0000,-0.0032,1.2498
1183,MARKET,SPREAD,0,1.2032,1.0000,0.6667,0.0162,1.0000,1.0000,0.0000,-0.0029,1.2474
1184,MARKET,GROW,0,1.2480,1.0000,0.6667,0.2399,1.0000,1.0000,0.0000,0.0000,1.2475
1185,MARKET,GROW,0,1.2480,1.0000,0.6667,0.2399,1.0000,1.0000,0.0000,0.0000,1.2475
1186,MARKET,GROW,0,1.2480,1.0000,0.6667,0.2399,1.0000,1.0000,0.0000,0.0000,1.2475
1187,MARKET,GROW,0,1.2480,1.0000,0.6667,0.2399,1.0000,1.0000,0.0000,0.0000,1.2475
1188,MARKET,GROW,0,1.2480,1.0000,0.6667,0.2399,1.0000,1.0000,0.0000,0.0000,1.2476
1189,MARKET,BURN,0,1.2567,1.0000,0.6667,0.2836,1.0000,1.0000,0.0000,0.0006,1.2480
1190,MARKET,FALL,0,1.2676,1.0000,0.6667,0.3378,1.0000,1.0000,0.0000,0.0013,1.2490
1191,MARKET,GROW,0,1.2480,1.0000,0.6667,0.2399,1.0000,1.0000,0.0000,-0.0001,1.2489
1192,MARKET,FALL,0,1.2676,1.0000,0.6667,0.3378,1.0000,1.0000,0.0000,0.0012,1.2499
1193,MARKET,BURN,0,1.2567,1.0000,0.6667,0.2836,1.0000,1.0000,0.0000,0.0005,1.2502
1194,MARKET,BURN,0,1.2567,1.0000,0.6667,0.2836,1.0000,1.0000,0.0000,0.0004,1.2505
1195,MARKET,BURN,0,1.2567,1.0000,0.6667,0.2836,1.0000,1.0000,0.0000,0.0004,1.2509
1196,CROWD SEE MARKET,WANT TRAPPED GUARD,1,0.2274,0.0000,0.7222,0.0536,0.5000,0.6667,1.0000,-11.5672,1.1997
1197,MARKET,GROW,0,1.2480,1.0000,0.6667,0.2399,1.0000,1.0000,0.0000,0.0031,1.2021
1198,MARKET,FALL,0,1.2676,1.0000,0.6667,0.3378,1.0000,1.0000,0.0000,0.0042,1.2054
1199,MARKET,BURN,0,1.2567,1.0000,0.6667,0.2836,1.0000,1.0000,0.0000,0.0033,1.2079
1200,MARKET,,0,1.1000,1.0000,0.3333,0.0000,1.0000,0.0000,0.0000,-0.0069,1.2025
1201,MARKET,SPREAD,0,1.2032,1.0000,0.6667,0.0162,1.0000,1.0000,0.0000,0.0000,1.2026
1202,MARKET,SPREAD,0,1.2032,1.0000,0.6667,0.0162,1.0000,1.0000,0.0000,0.0000,1.2026
1203,MARKET,FALL,0,1.2676,1.0000,0.6667,0.3378,1.0000,1.0000,0.0000,0.0045,1.2059
1204,MARKET,FALL,0,1.2676,1.0000,0.6667,0.3378,1.0000,1.0000,0.0000,0.0038,1.2089
1205,MARKET,GROW,0,1.2480,1.0000,0.6667,0.2399,1.0000,1.0000,0.0000,0.0025,1.2109
1206,MARKET,GROW,0,1.2480,1.0000,0.6667,0.2399,1.0000,1.0000,0.0000,0.0024,1.2127
1207,MARKET,FALL,0,1.2676,1.0000,0.6667,0.3378,1.0000,1.0000,0.0000,0.0034,1.2155
1208,MARKET,GROW,0,1.2480,1.0000,0.6667,0.2399,1.0000,1.0000,0.0000,0.0020,1.2171
1209,MARKET,BURN,0,1.2567,1.0000,0.6667,0.2836,1.0000,1.0000,0.0000,0.0025,1.2191
1210,MARKET,GROW,0,1.2480,1.0000,0.6667,0.2399,1.0000,1.0000,0.0000,0.0018,1.2205
1211,MARKET,BURN,0,1.2567,1.0000,0.6667,0.2836,1.0000,1.0000,0.0000,0.0022,1.2223
1212,MARKET,FALL,0,1.2676,1.0000,0.6667,0.3378,1.0000,1.0000,0.0000,0.0028,1.2246
1213,MARKET,BURN,0,1.2567,1.0000,0.6667,0.2836,1.0000,1.0000,0.0000,0.0020,1.2262
1214,MARKET,FALL,0,1.2676,1.0000,0.6667,0.3378,1.0000,1.0000,0.0000,0.0025,1.2283
1215,MARKET,FALL,0,1.2676,1.0000,0.6667,0.3378,1.0000,1.0000,0.0000,0.0025,1.2302
1216,MARKET,GROW,0,1.2480,1.0000,0.6667,0.2399,1.0000,1.0000,0.0000,0.0011,1.2311
1217,MARKET,BURN,0,1.2567,1.0000,0.6667,0.2836,1.0000,1.0000,0.0000,0.0016,1.2324
1218,MARKET,BURN,0,1.2567,1.0000,0.6667,0.2836,1.0000,1.0000,0.0000,0.0015,1.2336
1219,MARKET,FALL,0,1.2676,1.0000,0.6667,0.3378,1.0000,1.0000,0.0000,0.0020,1.2353
1220,MARKET,BURN,0,1.2567,1.0000,0.6667,0.2836,1.0000,1.0000,0.0000,0.0013,1.2364
1221,MARKET,BURN,0,1.2567,1.0000,0.6667,0.2836,1.0000,1.0000,0.0000,0.0012,1.2374
1222,MARKET,BURN,0,1.2567,1.0000,0.6667,0.2836,1.0000,1.0000,0.0000,0.0012,1.2384
1223,MARKET,FALL,0,1.2676,1.0000,0.6667,0.3378,1.0000,1.0000,0.0000,0.0018,1.2398
1224,MARKET,BURN,0,1.2567,1.0000,0.6667,0.2836,1.0000,1.0000,0.0000,0.0010,1.2407
1225,MARKET,GROW,0,1.2480,1.0000,0.6667,0.2399,1.0000,1.0000,0.0000,0.0004,1.2410
1226,MARKET,GROW,0,1.2480,1.0000,0.6667,0.2399,1.0000,1.0000,0.0000,0.0004,1.2414
1227,MARKET,FALL,0,1.2676,1.0000,0.6667,0.3378,1.0000,1.0000,0.0000,0.0016,1.2427
1228,MARKET,GROW,0,1.2480,1.0000,0.6667,0.2399,1.0000,1.0000,0.0000,0.0003,1.2430
1229,MARKET,MOVE TRAPPED DULL GUARD,0,1.3499,1.0000,1.0000,0.2497,1.0000,1.0000,1.0000,0.0068,1.2483
1230,MARKET,FALL,0,1.2676,1.0000,0.6667,0.3378,1.0000,1.0000,0.0000,0.0012,1.2493
1231,MARKET,FALL,0,1.2676,1.0000,0.6667,0.3378,1.0000,1.0000,0.0000,0.0011,1.2502
1232,MARKET,BURN,0,1.2567,1.0000,0.6667,0.2836,1.0000,1.0000,0.0000,0.0004,1.2505
1233,MARKET,FALL,0,1.2676,1.0000,0.6667,0.3378,1.0000,1.0000,0.0000,0.0010,1.2514
1234,MARKET,FALL,0,1.2676,1.0000,0.6667,0.3378,1.0000,1.0000,0.0000,0.0009,1.2522
1235,MARKET,GROW,0,1.2480,1.0000,0.6667,0.2399,1.0000,1.0000,0.0000,-0.0003,1.2520
1236,MARKET,BURN,0,1.2567,1.0000,0.6667,0.2836,1.0000,1.0000,0.0000,0.0003,1.2522
1237,MARKET,FALL,0,1.2676,1.0000,0.6667,0.3378,1.0000,1.0000,0.0000,0.0009,1.2530
1238,MARKET,GROW,0,1.2480,1.0000,0.6667,0.2399,1.0000,1.0000,0.0000,-0.0003,1.2527
1239,MARKET,SPREAD,0,1.2032,1.0000,0.6667,0.0162,1.0000,1.0000,0.0000,-0.0029,1.2502
1240,MARKET,GROW,0,1.2480,1.0000,0.6667,0.2399,1.0000,1.0000,0.0000,-0.0001,1.2501
1241,MARKET,SPREAD,0,1.2032,1.0000,0.6667,0.0162,1.0000,1.0000,0.0000,-0.0028,1.2478
1242,MARKET,GROW,0,1.2480,1.0000,0.6667,0.2399,1.0000,1.0000,0.0000,0.0000,1.2478
1243,MARKET,BURN,0,1.2567,1.0000,0.6667,0.2836,1.0000,1.0000,0.0000,0.0005,1.2482
1244,MARKET,GROW,0,1.2480,1.0000,0.6667,0.2399,1.0000,1.0000,0.0000,-0.0000,1.2482
1245,MARKET,BURN,0,1.2567,1.0000,0.6667,0.2836,1.0000,1.0000,0.0000,0.0005,1.2487
1246,PRISON,FALL,0,1.2676,1.0000,0.6667,0.3378,1.0000,1.0000,0.0000,0.0946,1.2496
1247,MARKET,FALL,0,1.2676,1.0000,0.6667,0.3378,1.0000,1.0000,0.0000,0.0010,1.2505
1248,MARKET,BURN,0,1.2567,1.0000,0.6667,0.2836,1.0000,1.0000,0.0000,0.0004,1.2508
1249,MARKET,GROW,0,1.2480,1.0000,0.6667,0.2399,1.0000,1.0000,0.0000,-0.0002,1.2507
1250,MARKET,FALL,0,1.2676,1.0000,0.6667,0.3378,1.0000,1.0000,0.0000,0.0010,1.2515
1251,MARKET,FALL,0,1.2676,1.0000,0.6667,0.3378,1.0000,1.0000,0.0000,0.0009,1.2523
1252,MARKET,GROW,0,1.2480,1.0000,0.6667,0.2399,1.0000,1.0000,0.0000,-0.0003,1.2521
1253,MARKET,BURN,0,1.2567,1.0000,0.6667,0.2836,1.0000,1.0000,0.0000,0.0003,1.2523
1254,MARKET,BURN,0,1.2567,1.0000,0.6667,0.2836,1.0000,1.0000,0.0000,0.0003,1.2525
1255,MARKET,FALL,0,1.2676,1.0000,0.6667,0.3378,1.0000,1.0000,0.0000,0.0009,1.2533
1256,MARKET,BURN,0,1.2567,1.0000,0.6667,0.2836,1.0000,1.0000,0.0000,0.0002,1.2535
1257,MARKET,MOVE CALM MAN,0,1.3286,1.0000,1.0000,0.1429,1.0000,1.0000,1.0000,0.0045,1.2572
1258,MARKET,FALL,0,1.2676,1.0000,0.6667,0.3378,1.0000,1.0000,0.0000,0.0006,1.2577
1259,MARKET,GROW,0,1.2480,1.0000,0.6667,0.2399,1.0000,1.0000,0.0000,-0.0006,1.2573
1260,MARKET,BURN,0,1.2567,1.0000,0.6667,0.2836,1.0000,1.0000,0.0000,-0.0000,1.2572
1261,MARKET,FALL,0,1.2676,1.0000,0.6667,0.3378,1.0000,1.0000,0.0000,0.0006,1.2577
1262,MARKET,GROW,0,1.2480,1.0000,0.6667,0.2399,1.0000,1.0000,0.0000,-0.0006,1.2573
1263,MARKET,FALL,0,1.2676,1.0000,0.6667,0.3378,1.0000,1.0000,0.0000,0.0006,1.2578
1264,MARKET,FALL,0,1.2676,1.0000,0.6667,0.3378,1.0000,1.0000,0.0000,0.0006,1.2583
1265,MARKET,GROW,0,1.2480,1.0000,0.6667,0.2399,1.0000,1.0000,0.0000,-0.0006,1.2577
1266,MARKET,BURN,0,1.2567,1.0000,0.6667,0.2836,1.0000,1.0000,0.0000,-0.0001,1.2577
1267,MARKET,SPREAD,0,1.2032,1.0000,0.6667,0.0162,1.0000,1.0000,0.0000,-0.0032,1.2550
1268,MARKET,FALL,0,1.2676,1.0000,0.6667,0.3378,1.0000,1.0000,0.0000,0.0007,1.2556
1269,MARKET,FALL,0,1.2676,1.0000,0.6667,0.3378,1.0000,1.0000,0.0000,0.0007,1.2562
1270,MARKET,BURN,0,1.2567,1.0000,0.6667,0.2836,1.0000,1.0000,0.0000,0.0000,1.2562
1271,MARKET,SPREAD,0,1.2032,1.0000,0.6667,0.0162,1.0000,1.0000,0.0000,-0.0031,1.2536
1272,MARKET,GROW,0,1.2480,1.0000,0.6667,0.2399,1.0000,1.0000,0.0000,-0.0003,1.2533
1273,MAN ASK DENSE ASHAMED,WOMAN,0,1.2024,1.0000,0.6667,0.0122,0.0000,1.0000,1.0000,-0.9356,1.2508
1274,MARKET,FALL,0,1.2676,1.0000,0.6667,0.3378,1.0000,1.0000,0.0000,0.0010,1.2516
1275,FOREST,FALL,0,1.2106,1.0000,0.6667,0.0528,1.0000,1.0000,0.0000,-0.2578,1.2495
1276,MARKET,GROW,0,1.2480,1.0000,0.6667,0.2399,1.0000,1.0000,0.0000,-0.0001,1.2495
1277,MARKET,BURN,0,1.2567,1.0000,0.6667,0.2836,1.0000,1.0000,0.0000,0.0004,1.2498
1278,MARKET,SPREAD,0,1.2032,1.0000,0.6667,0.0162,1.0000,1.0000,0.0000,-0.0027,1.2475
1279,MARKET,GROW,0,1.2480,1.0000,0.6667,0.2399,1.0000,1.0000,0.0000,0.0000,1.2475
1280,MARKET,FALL,0,1.2676,1.0000,0.6667,0.3378,1.0000,1.0000,0.0000,0.0011,1.2485
1281,MARKET,FALL,0,1.2676,1.0000,0.6667,0.3378,1.0000,1.0000,0.0000,0.0011,1.2495
1282,MARKET,GROW,0,1.2480,1.0000,0.6667,0.2399,1.0000,1.0000,0.0000,-0.0001,1.2494
1283,MARKET,BURN,0,1.2567,1.0000,0.6667,0.2836,1.0000,1.0000,0.0000,0.0004,1.2498
1284,MARKET,BURN,0,1.2567,1.0000,0.6667,0.2836,1.0000,1.0000,0.0000,0.0004,1.2501
1285,MARKET,FALL,0,1.2676,1.0000,0.6667,0.3378,1.0000,1.0000,0.0000,0.0010,1.2510
1286,MARKET,BURN,0,1.2567,1.0000,0.6667,0.2836,1.0000,1.0000,0.0000,0.0003,1.2513
1287,MARKET,SPREAD,0,1.2032,1.0000,0.6667,0.0162,1.0000,1.0000,0.0000,-0.0026,1.2489
1288,MARKET,SPREAD,0,1.2032,1.0000,0.6667,0.0162,1.0000,1.0000,0.0000,-0.0026,1.2466
1289,MARKET,GROW,0,1.2480,1.0000,0.6667,0.2399,1.0000,1.0000,0.0000,0.0001,1.2467
1290,MARKET,FALL,0,1.2676,1.0000,0.6667,0.3378,1.0000,1.0000,0.0000,0.0012,1.2477
1291,MARKET,BURN,0,1.2567,1.0000,0.6667,0.2836,1.0000,1.0000,0.0000,0.0005,1.2482
1292,MARKET,FALL,0,1.2676,1.0000,0.6667,0.3378,1.0000,1.0000,0.0000,0.0011,1.2491
1293,MARKET,MOVE HAPPY ISOLATED HORSE,0,1.3621,1.0000,1.0000,0.3107,1.0000,1.0000,1.0000,0.0067,1.2548
1294,MARKET,FALL,0,1.2676,1.0000,0.6667,0.3378,1.0000,1.0000,0.0000,0.0007,1.2554
1295,MARKET,FALL,0,1.2676,1.0000,0.6667,0.3378,1.0000,1.0000,0.0000,0.0007,1.2560
1296,MARKET,GROW,0,1.2480,1.0000,0.6667,0.2399,1.0000,1.0000,0.0000,-0.0005,1.2556
1297,MARKET,FALL,0,1.2676,1.0000,0.6667,0.3378,1.0000,1.0000,0.0000,0.0007,1.2562
1298,MARKET,FALL,0,1.2676,1.0000,0.6667,0.3378,1.0000,1.0000,0.0000,0.0006,1.2568
1299,MARKET,BURN,0,1.2567,1.0000,0.6667,0.2836,1.0000,1.0000,0.0000,-0.0000,1.2568
1300,MARKET,GROW,0,1.2480,1.0000,0.6667,0.2399,1.0000,1.0000,0.0000,-0.0005,1.2563
1301,MARKET,BURN,0,1.2567,1.0000,0.6667,0.2836,1.0000,1.0000,0.0000,0.0000,1.2564
1302,MARKET,BURN,0,1.2567,1.0000,0.6667,0.2836,1.0000,1.0000,0.0000,0.0000,1.2564
1303,MARKET,SPREAD,0,1.2032,1.0000,0.6667,0.0162,1.0000,1.0000,0.0000,-0.0030,1.2537
1304,MARKET,GROW,0,1.2480,1.0000,0.6667,0.2399,1.0000,1.0000,0.0000,-0.0003,1.2534
1305,MARKET,GROW,0,1.2480,1.0000,0.6667,0.2399,1.0000,1.0000,0.0000,-0.0003,1.2532
1306,MARKET,GROW,0,1.2480,1.0000,0.6667,0.2399,1.0000,1.0000,0.0000,-0.0003,1.2529
1307,MARKET,SPREAD,0,1.2032,1.0000,0.6667,0.0162,1.0000,1.0000,0.0000,-0.0027,1.2504
1308,MARKET,FALL,0,1.2676,1.0000,0.6667,0.3378,1.0000,1.0000,0.0000,0.0010,1.2513
1309,MARKET,GROW,0,1.2480,1.0000,0.6667,0.2399,1.0000,1.0000,0.0000,-0.0002,1.2511
1310,MARKET,SPREAD,0,1.2032,1.0000,0.6667,0.0162,1.0000,1.0000,0.0000,-0.0026,1.2487
1311,MARKET,BURN,0,1.2567,1.0000,0.6667,0.2836,1.0000,1.0000,0.0000,0.0004,1.2491
1312,MARKET,FALL,0,1.2676,1.0000,0.6667,0.3378,1.0000,1.0000,0.0000,0.0010,1.2500
1313,MARKET,FALL,0,1.2676,1.0000,0.6667,0.3378,1.0000,1.0000,0.0000,0.0010,1.2509
1314,MARKET,SPREAD,0,1.2032,1.0000,0.6667,0.0162,1.0000,1.0000,0.0000,-0.0026,1.2485
1315,MARKET,FALL,0,1.2676,1.0000,0.6667,0.3378,1.0000,1.0000,0.0000,0.0010,1.2495
1316,MARKET,BURN,0,1.2567,1.0000,0.6667,0.2836,1.0000,1.0000,0.0000,0.0004,1.2498
1317,MARKET,FALL,0,1.2676,1.0000,0.6667,0.3378,1.0000,1.0000,0.0000,0.0010,1.2507
1318,MARKET,FALL,0,1.2676,1.0000,0.6667,0.3378,1.0000,1.0000,0.0000,0.0009,1.2516
1319,BRIDGE,GROW,0,1.2326,1.0000,0.6667,0.1628,1.0000,1.0000,0.0000,-0.1057,1.2506
1320,MARKET,GROW,0,1.2480,1.0000,0.6667,0.2399,1.0000,1.0000,0.0000,-0.0001,1.2505
1321,MARKET,FALL,0,1.2676,1.0000,0.6667,0.3378,1.0000,1.0000,0.0000,0.0009,1.2513
1322,MARKET,GROW,0,1.2480,1.0000,0.6667,0.2399,1.0000,1.0000,0.0000,-0.0002,1.2512
1323,MARKET,FALL,0,1.2676,1.0000,0.6667,0.3378,1.0000,1.0000,0.0000,0.0009,1.2520
1324,MARKET,SPREAD,0,1.2032,1.0000,0.6667,0.0162,1.0000,1.0000,0.0000,-0.0027,1.2496
1325,MARKET,BURN,0,1.2567,1.0000,0.6667,0.2836,1.0000,1.0000,0.0000,0.0004,1.2499
1326,MARKET,SPREAD,0,1.2032,1.0000,0.6667,0.0162,1.0000,1.0000,0.0000,-0.0025,1.2476
1327,REBELLIOUS,SOLDIER FALL,1,0.4071,0.0000,1.0000,0.5355,1.0000,1.0000,1.0000,-6.2414,1.2056
1328,MARKET,BURN,0,1.2567,1.0000,0.6667,0.2836,1.0000,1.0000,0.0000,0.0027,1.2081
1329,MARKET,BURN,0,1.2567,1.0000,0.6667,0.2836,1.0000,1.0000,0.0000,0.0026,1.2105
1330,MARKET,BURN,0,1.2567,1.0000,0.6667,0.2836,1.0000,1.0000,0.0000,0.0024,1.2129
1331,MARKET,SPREAD,0,1.2032,1.0000,0.6667,0.0162,1.0000,1.0000,0.0000,-0.0005,1.2124
1332,MARKET,SPREAD,0,1.2032,1.0000,0.6667,0.0162,1.0000,1.0000,0.0000,-0.0005,1.2119
1333,MARKET,FALL,0,1.2676,1.0000,0.6667,0.3378,1.0000,1.0000,0.0000,0.0030,1.2147
1334,MARKET,FALL,0,1.2676,1.0000,0.6667,0.3378,1.0000,1.0000,0.0000,0.0027,1.2173
1335,MARKET,SPREAD,0,1.2032,1.0000,0.6667,0.0162,1.0000,1.0000,0.0000,-0.0007,1.2166
1336,MARKET,SPREAD,0,1.2032,1.0000,0.6667,0.0162,1.0000,1.0000,0.0000,-0.0007,1.2160
1337,MARKET,FALL,0,1.2676,1.0000,0.6667,0.3378,1.0000,1.0000,0.0000,0.0026,1.2185
1338,MARKET,FALL,0,1.2676,1.0000,0.6667,0.3378,1.0000,1.0000,0.0000,0.0025,1.2210
1339,MARKET,SPREAD,0,1.2032,1.0000,0.6667,0.0162,1.0000,1.0000,0.0000,-0.0009,1.2201
1340,MARKET,SPREAD,0,1.2032,1.0000,0.6667,0.0162,1.0000,1.0000,0.0000,-0.0009,1.2193
1341,MARKET,BURN,0,1.2567,1.0000,0.6667,0.2836,1.0000,1.0000,0.0000,0.0019,1.2211
1342,MARKET,MOVE OUTCAST ORDERED BIRD,0,1.3686,1.0000,1.0000,0.3428,1.0000,1.0000,1.0000,0.0075,1.2285
1343,MARKET,FALL,0,1.2676,1.0000,0.6667,0.3378,1.0000,1.0000,0.0000,0.0020,1.2305
1344,MARKET,GROW,0,1.2480,1.0000,0.6667,0.2399,1.0000,1.0000,0.0000,0.0009,1.2313
1345,MARKET,BURN,0,1.2567,1.0000,0.6667,0.2836,1.0000,1.0000,0.0000,0.0013,1.2326
1346,MARKET,FALL,0,1.2676,1.0000,0.6667,0.3378,1.0000,1.0000,0.0000,0.0017,1.2344
1347,MARKET,GROW,0,1.2480,1.0000,0.6667,0.2399,1.0000,1.0000,0.0000,0.0007,1.2350
1348,MARKET,SPREAD,0,1.2032,1.0000,0.6667,0.0162,1.0000,1.0000,0.0000,-0.0016,1.2334
1349,MARKET,BURN,0,1.2567,1.0000,0.6667,0.2836,1.0000,1.0000,0.0000,0.0012,1.2346
1350,MARKET,MOVE DORMANT ROBOT HEAR ANGRY WEAK SOLDIER,0,1.3424,1.0000,1.0000,0.2121,1.0000,1.0000,1.0000,0.0055,1.2400
1351,MARKET,BURN,0,1.2567,1.0000,0.6667,0.2836,1.0000,1.0000,0.0000,0.0008,1.2408
1352,MARKET,BURN,0,1.2567,1.0000,0.6667,0.2836,1.0000,1.0000,0.0000,0.0008,1.2416
1353,MARKET,FALL,0,1.2676,1.0000,0.6667,0.3378,1.0000,1.0000,0.0000,0.0012,1.2429
1354,MARKET,FALL,0,1.2676,1.0000,0.6667,0.3378,1.0000,1.0000,0.0000,0.0012,1.2442
1355,PRISON,FALL,0,1.2676,1.0000,0.6667,0.3378,1.0000,1.0000,0.0000,0.1203,1.2453
1356,MARKET,BURN,0,1.2567,1.0000,0.6667,0.2836,1.0000,1.0000,0.0000,0.0006,1.2459
1357,MARKET,BURN,0,1.2567,1.0000,0.6667,0.2836,1.0000,1.0000,0.0000,0.0005,1.2464
1358,MARKET,GROW,0,1.2480,1.0000,0.6667,0.2399,1.0000,1.0000,0.0000,0.0001,1.2465
1359,MARKET,MOVE DEAD LEADER,0,1.3453,1.0000,1.0000,0.2266,1.0000,1.0000,1.0000,0.0046,1.2515
1360,MARKET,GROW,0,1.2480,1.0000,0.6667,0.2399,1.0000,1.0000,0.0000,-0.0002,1.2513
1361,MARKET,BURN,0,1.2567,1.0000,0.6667,0.2836,1.0000,1.0000,0.0000,0.0003,1.2516
1362,MARKET,SPREAD,0,1.2032,1.0000,0.6667,0.0162,1.0000,1.0000,0.0000,-0.0024,1.2491
1363,MARKET,BURN,0,1.2567,1.0000,0.6667,0.2836,1.0000,1.0000,0.0000,0.0004,1.2495
1364,MARKET,GROW,0,1.2480,1.0000,0.6667,0.2399,1.0000,1.0000,0.0000,-0.0001,1.2494
1365,MARKET,MOVE DULL OUTCAST CROWD,0,1.3692,1.0000,1.0000,0.3461,1.0000,1.0000,1.0000,0.0059,1.2554
1366,MARKET,BURN,0,1.2567,1.0000,0.6667,0.2836,1.0000,1.0000,0.0000,0.0001,1.2555
1367,MARKET,GROW,0,1.2480,1.0000,0.6667,0.2399,1.0000,1.0000,0.0000,-0.0004,1.2551
1368,MARKET,FALL,0,1.2676,1.0000,0.6667,0.3378,1.0000,1.0000,0.0000,0.0006,1.2557
1369,MARKET,BURN,0,1.2567,1.0000,0.6667,0.2836,1.0000,1.0000,0.0000,0.0000,1.2558
1370,DIRTY MARKET,BURN,0,1.3505,1.0000,1.0000,0.2525,1.0000,1.0000,1.0000,0.6131,1.2605
1371,MARKET,SPREAD,0,1.2032,1.0000,0.6667,0.0162,1.0000,1.0000,0.0000,-0.0028,1.2577
1372,HOME,BURN,0,1.2524,1.0000,0.6667,0.2618,1.0000,1.0000,0.0000,-0.0289,1.2574
1373,ROAD,BURN,0,1.2272,1.0000,0.6667,0.1362,1.0000,1.0000,0.0000,-0.1888,1.2559
1374,MARKET,GROW,0,1.2480,1.0000,0.6667,0.2399,1.0000,1.0000,0.0000,-0.0004,1.2555
1375,MARKET,BURN,0,1.2567,1.0000,0.6667,0.2836,1.0000,1.0000,0.0000,0.0001,1.2556
1376,MARKET,BURN,0,1.2567,1.0000,0.6667,0.2836,1.0000,1.0000,0.0000,0.0001,1.2556
1377,MARKET,BURN,0,1.2567,1.0000,0.6667,0.2836,1.0000,1.0000,0.0000,0.0001,1.2557
1378,MARKET,SPREAD,0,1.2032,1.0000,0.6667,0.0162,1.0000,1.0000,0.0000,-0.0026,1.2530
1379,MARKET,BURN,0,1.2567,1.0000,0.6667,0.2836,1.0000,1.0000,0.0000,0.0002,1.2532
1380,MARKET,FALL,0,1.2676,1.0000,0.6667,0.3378,1.0000,1.0000,0.0000,0.0007,1.2539
1381,MARKET,SPREAD,0,1.2032,1.0000,0.6667,0.0162,1.0000,1.0000,0.0000,-0.0025,1.2514
1382,MARKET,GROW,0,1.2480,1.0000,0.6667,0.2399,1.0000,1.0000,0.0000,-0.0002,1.2512
1383,MARKET,FALL,0,1.2676,1.0000,0.6667,0.3378,1.0000,1.0000,0.0000,0.0008,1.2521
1384,MARKET,BURN,0,1.2567,1.0000,0.6667,0.2836,1.0000,1.0000,0.0000,0.0002,1.2523
1385,MARKET,SPREAD,0,1.2032,1.0000,0.6667,0.0162,1.0000,1.0000,0.0000,-0.0025,1.2498
1386,MARKET,BURN,0,1.2567,1.0000,0.6667,0.2836,1.0000,1.0000,0.0000,0.0003,1.2502
1387,MARKET,GROW,0,1.2480,1.0000,0.6667,0.2399,1.0000,1.0000,0.0000,-0.0001,1.2501
1388,MARKET,BURN,0,1.2567,1.0000,0.6667,0.2836,1.0000,1.0000,0.0000,0.0003,1.2504
1389,MARKET,GROW,0,1.2480,1.0000,0.6667,0.2399,1.0000,1.0000,0.0000,-0.0001,1.2503
1390,MARKET,SPREAD,0,1.2032,1.0000,0.6667,0.0162,1.0000,1.0000,0.0000,-0.0024,1.2479
1391,RIVER,FALL,0,1.2051,1.0000,0.6667,0.0257,1.0000,1.0000,0.0000,-0.2792,1.2458
1392,MARKET,FALL,0,1.2676,1.0000,0.6667,0.3378,1.0000,1.0000,0.0000,0.0011,1.2469
1393,MARKET,GROW,0,1.2480,1.0000,0.6667,0.2399,1.0000,1.0000,0.0000,0.0001,1.2469
1394,MARKET,BURN,0,1.2567,1.0000,0.6667,0.2836,1.0000,1.0000,0.0000,0.0005,1.2474
1395,MARKET,BURN,0,1.2567,1.0000,0.6667,0.2836,1.0000,1.0000,0.0000,0.0005,1.2479
1396,HEAVY,CLOCK HEAR TRUSTED ORDERED SEED,0,1.3377,1.0000,1.0000,0.1886,1.0000,1.0000,1.0000,0.7083,1.2524
1397,MARKET,GROW,0,1.2480,1.0000,0.6667,0.2399,1.0000,1.0000,0.0000,-0.0002,1.2522
1398,MARKET,FALL,0,1.2676,1.0000,0.6667,0.3378,1.0000,1.0000,0.0000,0.0008,1.2529
1399,MARKET,FALL,0,1.2676,1.0000,0.6667,0.3378,1.0000,1.0000,0.0000,0.0008,1.2537
1400,MARKET,GROW,0,1.2480,1.0000,0.6667,0.2399,1.0000,1.0000,0.0000,-0.0003,1.2534
1401,MARKET,BURN,0,1.2567,1.0000,0.6667,0.2836,1.0000,1.0000,0.0000,0.0002,1.2535
1402,MARKET,GROW,0,1.2480,1.0000,0.6667,0.2399,1.0000,1.0000,0.0000,-0.0003,1.2533
1403,MARKET,BURN,0,1.2567,1.0000,0.6667,0.2836,1.0000,1.0000,0.0000,0.0002,1.2534
1404,MARKET,SPREAD,0,1.2032,1.0000,0.6667,0.0162,1.0000,1.0000,0.0000,-0.0026,1.2509
1405,MARKET,GROW,0,1.2480,1.0000,0.6667,0.2399,1.0000,1.0000,0.0000,-0.0002,1.2508
1406,MARKET,SPREAD,0,1.2032,1.0000,0.6667,0.0162,1.0000,1.0000,0.0000,-0.0025,1.2484
1407,MARKET,GROW,0,1.2480,1.0000,0.6667,0.2399,1.0000,1.0000,0.0000,-0.0000,1.2484
1408,MARKET,GROW,0,1.2480,1.0000,0.6667,0.2399,1.0000,1.0000,0.0000,-0.0000,1.2484
1409,MARKET,GROW,0,1.2480,1.0000,0.6667,0.2399,1.0000,1.0000,0.0000,-0.0000,1.2483
1410,MARKET,SPREAD,0,1.2032,1.0000,0.6667,0.0162,1.0000,1.0000,0.0000,-0.0023,1.2461
1411,MARKET,BURN,0,1.2567,1.0000,0.6667,0.2836,1.0000,1.0000,0.0000,0.0006,1.2466
1412,MARKET,BURN,0,1.2567,1.0000,0.6667,0.2836,1.0000,1.0000,0.0000,0.0005,1.2471
1413,MARKET,SPREAD,0,1.2032,1.0000,0.6667,0.0162,1.0000,1.0000,0.0000,-0.0023,1.2449
1414,MARKET,SPREAD,0,1.2032,1.0000,0.6667,0.0162,1.0000,1.0000,0.0000,-0.0022,1.2428
1415,MARKET,GROW,0,1.2480,1.0000,0.6667,0.2399,1.0000,1.0000,0.0000,0.0003,1.2431
1416,MARKET,GROW,0,1.2480,1.0000,0.6667,0.2399,1.0000,1.0000,0.0000,0.0003,1.2433
1417,MARKET,FALL,0,1.2676,1.0000,0.6667,0.3378,1.0000,1.0000,0.0000,0.0013,1.2446
1418,MARKET,GROW,0,1.2480,1.0000,0.6667,0.2399,1.0000,1.0000,0.0000,0.0002,1.2447
1419,MARKET,FALL,0,1.2676,1.0000,0.6667,0.3378,1.0000,1.0000,0.0000,0.0013,1.2459
1420,MARKET,FALL,0,1.2676,1.0000,0.6667,0.3378,1.0000,1.0000,0.0000,0.0012,1.2470
1421,MARKET,SPREAD,0,1.2032,1.0000,0.6667,0.0162,1.0000,1.0000,0.0000,-0.0023,1.2448
1422,MARKET,BURN,0,1.2567,1.0000,0.6667,0.2836,1.0000,1.0000,0.0000,0.0006,1.2454
1423,MARKET,FALL,0,1.2676,1.0000,0.6667,0.3378,1.0000,1.0000,0.0000,0.0012,1.2465
1424,MARKET,FALL,0,1.2676,1.0000,0.6667,0.3378,1.0000,1.0000,0.0000,0.0011,1.2475
1425,MARKET,SPREAD,0,1.2032,1.0000,0.6667,0.0162,1.0000,1.0000,0.0000,-0.0025,1.2453
1426,MARKET,BURN,0,1.2567,1.0000,0.6667,0.2836,1.0000,1.0000,0.0000,0.0006,1.2459
1427,MARKET,BURN,0,1.2567,1.0000,0.6667,0.2836,1.0000,1.0000,0.0000,0.0006,1.2464
1428,ROAD,BURN,0,1.2272,1.0000,0.6667,0.1362,1.0000,1.0000,0.0000,-0.1217,1.2455
1429,MARKET,SPREAD,0,1.2032,1.0000,0.6667,0.0162,1.0000,1.0000,0.0000,-0.0022,1.2434
1430,MARKET,FALL,0,1.2676,1.0000,0.6667,0.3378,1.0000,1.0000,0.0000,0.0013,1.2446
1431,MARKET,SPREAD,0,1.2032,1.0000,0.6667,0.0162,1.0000,1.0000,0.0000,-0.0022,1.2425
1432,MARKET,BURN,0,1.2567,1.0000,0.6667,0.2836,1.0000,1.0000,0.0000,0.0007,1.2432
1433,MARKET,GROW,0,1.2480,1.0000,0.6667,0.2399,1.0000,1.0000,0.0000,0.0003,1.2434
1434,MARKET,BURN,0,1.2567,1.0000,0.6667,0.2836,1.0000,1.0000,0.0000,0.0007,1.2441
1435,MARKET,BURN,0,1.2567,1.0000,0.6667,0.2836,1.0000,1.0000,0.0000,0.0007,1.2447
1436,MARKET,FALL,0,1.2676,1.0000,0.6667,0.3378,1.0000,1.0000,0.0000,0.0013,1.2459
1437,MARKET,GROW,0,1.2480,1.0000,0.6667,0.2399,1.0000,1.0000,0.0000,0.0001,1.2460
1438,MARKET,BURN,0,1.2567,1.0000,0.6667,0.2836,1.0000,1.0000,0.0000,0.0006,1.2465
1439,MARKET,GROW,0,1.2480,1.0000,0.6667,0.2399,1.0000,1.0000,0.0000,0.0001,1.2466
1440,MARKET,BURN,0,1.2567,1.0000,0.6667,0.2836,1.0000,1.0000,0.0000,0.0005,1.2471
1441,MARKET,SPREAD,0,1.2032,1.0000,0.6667,0.0162,1.0000,1.0000,0.0000,-0.0024,1.2449
1442,MARKET,BURN,0,1.2567,1.0000,0.6667,0.2836,1.0000,1.0000,0.0000,0.0006,1.2455
1443,MARKET,SPREAD,0,1.2032,1.0000,0.6667,0.0162,1.0000,1.0000,0.0000,-0.0022,1.2434
1444,MARKET,FALL,0,1.2676,1.0000,0.6667,0.3378,1.0000,1.0000,0.0000,0.0013,1.2446
1445,SECRET MARKET,GROW,0,1.3305,1.0000,1.0000,0.1526,1.0000,1.0000,1.0000,0.6631,1.2489
1446,MARKET,FALL,0,1.2676,1.0000,0.6667,0.3378,1.0000,1.0000,0.0000,0.0010,1.2498
1447,MARKET,BURN,0,1.2567,1.0000,0.6667,0.2836,1.0000,1.0000,0.0000,0.0004,1.2502
1448,MARKET,FALL,0,1.2676,1.0000,0.6667,0.3378,1.0000,1.0000,0.0000,0.0010,1.2510
1449,MARKET,BURN,0,1.2567,1.0000,0.6667,0.2836,1.0000,1.0000,0.0000,0.0003,1.2513
1450,MARKET,SPREAD,0,1.2032,1.0000,0.6667,0.0162,1.0000,1.0000,0.0000,-0.0026,1.2489
1451,MARKET,GROW,0,1.2480,1.0000,0.6667,0.2399,1.0000,1.0000,0.0000,-0.0001,1.2489
1452,MARKET,GROW,0,1.2480,1.0000,0.6667,0.2399,1.0000,1.0000,0.0000,-0.0001,1.2488
1453,MARKET,SPREAD,0,1.2032,1.0000,0.6667,0.0162,1.0000,1.0000,0.0000,-0.0026,1.2465
1454,MARKET,FALL,0,1.2676,1.0000,0.6667,0.3378,1.0000,1.0000,0.0000,0.0012,1.2476
1455,MARKET,SPREAD,0,1.2032,1.0000,0.6667,0.0162,1.0000,1.0000,0.0000,-0.0025,1.2454
1456,MARKET,SPREAD,0,1.2032,1.0000,0.6667,0.0162,1.0000,1.0000,0.0000,-0.0025,1.2433
1457,MARKET,GROW,0,1.2480,1.0000,0.6667,0.2399,1.0000,1.0000,0.0000,0.0003,1.2435
1458,DUST,BURN,0,1.2030,1.0000,0.6667,0.0149,1.0000,1.0000,0.0000,-0.2629,1.2415
1459,MARKET,SPREAD,0,1.2032,1.0000,0.6667,0.0162,1.0000,1.0000,0.0000,-0.0023,1.2396
1460,MARKET,BURN,0,1.2567,1.0000,0.6667,0.2836,1.0000,1.0000,0.0000,0.0010,1.2404
1461,MARKET,GROW,0,1.2480,1.0000,0.6667,0.2399,1.0000,1.0000,0.0000,0.0004,1.2408
1462,MARKET,BURN,0,1.2567,1.0000,0.6667,0.2836,1.0000,1.0000,0.0000,0.0010,1.2416
1463,MARKET,FALL,0,1.2676,1.0000,0.6667,0.3378,1.0000,1.0000,0.0000,0.0015,1.2429
1464,MARKET,BURN,0,1.2567,1.0000,0.6667,0.2836,1.0000,1.0000,0.0000,0.0009,1.2436
1465,MARKET,GROW,0,1.2480,1.0000,0.6667,0.2399,1.0000,1.0000,0.0000,0.0003,1.2438
1466,MARKET,FALL,0,1.2676,1.0000,0.6667,0.3378,1.0000,1.0000,0.0000,0.0014,1.2450
1467,MARKET,BURN,0,1.2567,1.0000,0.6667,0.2836,1.0000,1.0000,0.0000,0.0007,1.2456
1468,MARKET,FALL,0,1.2676,1.0000,0.6667,0.3378,1.0000,1.0000,0.0000,0.0013,1.2467
1469,MARKET,GROW,0,1.2480,1.0000,0.6667,0.2399,1.0000,1.0000,0.0000,0.0001,1.2467
1470,MARKET,SPREAD,0,1.2032,1.0000,0.6667,0.0162,1.0000,1.0000,0.0000,-0.0025,1.2446
1471,MARKET,GROW,0,1.2480,1.0000,0.6667,0.2399,1.0000,1.0000,0.0000,0.0002,1.2447
1472,MARKET,SPREAD,0,1.2032,1.0000,0.6667,0.0162,1.0000,1.0000,0.0000,-0.0025,1.2427
1473,MARKET,FALL,0,1.2676,1.0000,0.6667,0.3378,1.0000,1.0000,0.0000,0.0014,1.2439
1474,MARKET,BURN,0,1.2567,1.0000,0.6667,0.2836,1.0000,1.0000,0.0000,0.0007,1.2445
1475,MARKET,BURN,0,1.2567,1.0000,0.6667,0.2836,1.0000,1.0000,0.0000,0.0007,1.2452
1476,MARKET,FALL,0,1.2676,1.0000,0.6667,0.3378,1.0000,1.0000,0.0000,0.0013,1.2463
1477,MARKET,SPREAD,0,1.2032,1.0000,0.6667,0.0162,1.0000,1.0000,0.0000,-0.0024,1.2441
1478,MARKET,GROW,0,1.2480,1.0000,0.6667,0.2399,1.0000,1.0000,0.0000,0.0002,1.2443
1479,MARKET,GROW,0,1.2480,1.0000,0.6667,0.2399,1.0000,1.0000,0.0000,0.0002,1.2445
1480,MARKET,FALL,0,1.2676,1.0000,0.6667,0.3378,1.0000,1.0000,0.0000,0.0013,1.2457
1481,MARKET,BURN,0,1.2567,1.0000,0.6667,0.2836,1.0000,1.0000,0.0000,0.0006,1.2462
1482,DUST,BURN,0,1.2030,1.0000,0.6667,0.0149,1.0000,1.0000,0.0000,-0.2881,1.2440
1483,OPTIMAL,TIME SPREAD,1,0.3374,0.0000,1.0000,0.1869,1.0000,1.0000,1.0000,-7.5317,1.1987
1484,MARKET,GROW,0,1.2480,1.0000,0.6667,0.2399,1.0000,1.0000,0.0000,0.0029,1.2012
1485,MARKET,BURN,0,1.2567,1.0000,0.6667,0.2836,1.0000,1.0000,0.0000,0.0032,1.2040
1486,MARKET,BURN,0,1.2567,1.0000,0.6667,0.2836,1.0000,1.0000,0.0000,0.0028,1.2066
1487,MARKET,BURN,0,1.2567,1.0000,0.6667,0.2836,1.0000,1.0000,0.0000,0.0026,1.2091
1488,BRIDGE,BURN,0,1.2277,1.0000,0.6667,0.1383,1.0000,1.0000,0.0000,0.1058,1.2100
1489,MARKET,BURN,0,1.2567,1.0000,0.6667,0.2836,1.0000,1.0000,0.0000,0.0024,1.2124
1490,MARKET,FALL,0,1.2676,1.0000,0.6667,0.3378,1.0000,1.0000,0.0000,0.0028,1.2151
1491,MARKET,BURN,0,1.2567,1.0000,0.6667,0.2836,1.0000,1.0000,0.0000,0.0021,1.2172
1492,MARKET,GROW,0,1.2480,1.0000,0.6667,0.2399,1.0000,1.0000,0.0000,0.0016,1.2187
1493,DENSE BOOK,FALL,1,0.3155,0.0000,1.0000,0.0774,1.0000,1.0000,1.0000,-11.8212,1.1736
1494,MARKET,SPREAD,0,1.2032,1.0000,0.6667,0.0162,1.0000,1.0000,0.0000,0.0015,1.1751
1495,MARKET,BURN,0,1.2567,1.0000,0.6667,0.2836,1.0000,1.0000,0.0000,0.0040,1.1791
1496,MARKET,GROW,0,1.2480,1.0000,0.6667,0.2399,1.0000,1.0000,0.0000,0.0034,1.1826
1497,MARKET,GROW,0,1.2480,1.0000,0.6667,0.2399,1.0000,1.0000,0.0000,0.0031,1.1859
1498,MARKET,BURN,0,1.2567,1.0000,0.6667,0.2836,1.0000,1.0000,0.0000,0.0033,1.1894
1499,MARKET,BURN,0,1.2567,1.0000,0.6667,0.2836,1.0000,1.0000,0.0000,0.0033,1.1928
1500,MARKET,BURN,0,1.2567,1.0000,0.6667,0.2836,1.0000,1.0000,0.0000,0.0029,1.1960
1501,MARKET,FALL,0,1.2676,1.0000,0.6667,0.3378,1.0000,1.0000,0.0000,0.0033,1.1995
1502,MARKET,BURN,0,1.2567,1.0000,0.6667,0.2836,1.0000,1.0000,0.0000,0.0027,1.2024
1503,MARKET,FALL,0,1.2676,1.0000,0.6667,0.3378,1.0000,1.0000,0.0000,0.0030,1.2057
1504,MARKET,FALL,0,1.2676,1.0000,0.6667,0.3378,1.0000,1.0000,0.0000,0.0028,1.2088
1505,MARKET,SPREAD,0,1.2032,1.0000,0.6667,0.0162,1.0000,1.0000,0.0000,-0.0003,1.2085
1506,MARKET,FALL,0,1.2676,1.0000,0.6667,0.3378,1.0000,1.0000,0.0000,0.0028,1.2114
1507,DUST,FALL,0,1.2000,1.0000,0.6667,0.0000,1.0000,1.0000,0.0000,-0.0805,1.2109
1508,MARKET,GROW,0,1.2480,1.0000,0.6667,0.2399,1.0000,1.0000,0.0000,0.0017,1.2127
1509,MARKET,FALL,0,1.2676,1.0000,0.6667,0.3378,1.0000,1.0000,0.0000,0.0024,1.2155
1510,MARKET,FALL,0,1.2676,1.0000,0.6667,0.3378,1.0000,1.0000,0.0000,0.0023,1.2181
1511,MARKET,GROW,0,1.2480,1.0000,0.6667,0.2399,1.0000,1.0000,0.0000,0.0014,1.2196
1512,ENCRYPTED,CLOCK FAIL,1,0.3225,0.0000,1.0000,0.1127,1.0000,1.0000,1.0000,-7.8354,1.1747
1513,MARKET,BURN,0,1.2567,1.0000,0.6667,0.2836,1.0000,1.0000,0.0000,0.0036,1.1788
1514,MARKET,GROW,0,1.2480,1.0000,0.6667,0.2399,1.0000,1.0000,0.0000,0.0031,1.1823
1515,MARKET,SPREAD,0,1.2032,1.0000,0.6667,0.0162,1.0000,1.0000,0.0000,0.0009,1.1833
1516,MARKET,SPREAD,0,1.2032,1.0000,0.6667,0.0162,1.0000,1.0000,0.0000,0.0009,1.1843
1517,MARKET,GROW,0,1.2480,1.0000,0.6667,0.2399,1.0000,1.0000,0.0000,0.0027,1.1875
1518,MARKET,GROW,0,1.2480,1.0000,0.6667,0.2399,1.0000,1.0000,0.0000,0.0025,1.1905
1519,MARKET,GROW,0,1.2480,1.0000,0.6667,0.2399,1.0000,1.0000,0.0000,0.0024,1.1934
1520,MARKET,GROW,0,1.2480,1.0000,0.6667,0.2399,1.0000,1.0000,0.0000,0.0023,1.1961
1521,SOLDIER BURN,,1,0.2000,0.0000,0.6667,0.0000,1.0000,1.0000,0.0000,-13.6960,1.1463
1522,MARKET,FALL,0,1.2676,1.0000,0.6667,0.3378,1.0000,1.0000,0.0000,0.0048,1.1524
1523,MARKET,GROW,0,1.2480,1.0000,0.6667,0.2399,1.0000,1.0000,0.0000,0.0039,1.1572
1524,MARKET,FALL,0,1.2676,1.0000,0.6667,0.3378,1.0000,1.0000,0.0000,0.0046,1.1627
1525,MARKET,GROW,0,1.2480,1.0000,0.6667,0.2399,1.0000,1.0000,0.0000,0.0034,1.1669
1526,MARKET,BURN,0,1.2567,1.0000,0.6667,0.2836,1.0000,1.0000,0.0000,0.0034,1.1714
1527,MARKET,SPREAD,0,1.2032,1.0000,0.6667,0.0162,1.0000,1.0000,0.0000,0.0012,1.1730
1528,COMPLEX,PATTERN GROW,1,0.3155,0.0000,1.0000,0.0774,1.0000,1.0000,1.0000,-7.3858,1.1301
1529,MARKET,BURN,0,1.2567,1.0000,0.6667,0.2836,1.0000,1.0000,0.0000,0.0047,1.1365
1530,MARKET,FALL,0,1.2676,1.0000,0.6667,0.3378,1.0000,1.0000,0.0000,0.0049,1.1430
1531,MARKET,GROW,0,1.2480,1.0000,0.6667,0.2399,1.0000,1.0000,0.0000,0.0037,1.1483
1532,MARKET,GROW,0,1.2480,1.0000,0.6667,0.2399,1.0000,1.0000,0.0000,0.0034,1.1533
1533,MARKET,SPREAD,0,1.2032,1.0000,0.6667,0.0162,1.0000,1.0000,0.0000,0.0017,1.1558
1534,MARKET,GROW,0,1.2480,1.0000,0.6667,0.2399,1.0000,1.0000,0.0000,0.0032,1.1604
1535,MARKET,BURN,0,1.2567,1.0000,0.6667,0.2836,1.0000,1.0000,0.0000,0.0033,1.1652
1536,MARKET,MOVE CROWD,0,1.2307,1.0000,0.6667,0.1535,1.0000,1.0000,0.0000,0.0023,1.1685
1537,MARKET,BURN,0,1.2567,1.0000,0.6667,0.2836,1.0000,1.0000,0.0000,0.0029,1.1729
1538,MARKET,MOVE TRAPPED DULL ELDER,0,1.3382,1.0000,1.0000,0.1908,1.0000,1.0000,1.0000,0.0056,1.1811
1539,MARKET,BURN,0,1.2567,1.0000,0.6667,0.2836,1.0000,1.0000,0.0000,0.0026,1.1849
1540,MARKET,GROW,0,1.2480,1.0000,0.6667,0.2399,1.0000,1.0000,0.0000,0.0021,1.1881
1541,MARKET,BURN,0,1.2567,1.0000,0.6667,0.2836,1.0000,1.0000,0.0000,0.0023,1.1915
1542,MARKET,MOVE SHARP CORRUPTED PHONE HEAR SAD HORSE MOVE FREE TRUSTED SOLDIER,0,1.3338,1.0000,1.0000,0.1689,1.0000,1.0000,1.0000,0.0045,1.1986
1543,MARKET,GROW,0,1.2480,1.0000,0.6667,0.2399,1.0000,1.0000,0.0000,0.0015,1.2011
1544,MARKET,BURN,0,1.2567,1.0000,0.6667,0.2836,1.0000,1.0000,0.0000,0.0017,1.2039
1545,MARKET,SPREAD,0,1.2032,1.0000,0.6667,0.0162,1.0000,1.0000,0.0000,-0.0000,1.2038
1546,MARKET,SPREAD,0,1.2032,1.0000,0.6667,0.0162,1.0000,1.0000,0.0000,-0.0000,1.2038
1547,MARKET,SPREAD,0,1.2032,1.0000,0.6667,0.0162,1.0000,1.0000,0.0000,-0.0000,1.2038
1548,MARKET,BURN,0,1.2567,1.0000,0.6667,0.2836,1.0000,1.0000,0.0000,0.0016,1.2064
1549,MARKET,BUILD ENCRYPTED CAR,0,1.3362,1.0000,1.0000,0.1809,1.0000,1.0000,1.0000,0.0040,1.2129
1550,MARKET,GROW,0,1.2480,1.0000,0.6667,0.2399,1.0000,1.0000,0.0000,0.0011,1.2147
1551,MARKET,BURN,0,1.2567,1.0000,0.6667,0.2836,1.0000,1.0000,0.0000,0.0013,1.2168
1552,MARKET,FALL,0,1.2676,1.0000,0.6667,0.3378,1.0000,1.0000,0.0000,0.0016,1.2193
1553,MARKET,BURN,0,1.2567,1.0000,0.6667,0.2836,1.0000,1.0000,0.0000,0.0011,1.2212
1554,MARKET,SPREAD,0,1.2032,1.0000,0.6667,0.0162,1.0000,1.0000,0.0000,-0.0005,1.2203
1555,FOREST,FALL,0,1.2106,1.0000,0.6667,0.0528,1.0000,1.0000,0.0000,-0.0685,1.2198
1556,MARKET,SPREAD,0,1.2032,1.0000,0.6667,0.0162,1.0000,1.0000,0.0000,-0.0005,1.2190
1557,MARKET,BURN,0,1.2567,1.0000,0.6667,0.2836,1.0000,1.0000,0.0000,0.0011,1.2209
1558,MARKET,SPREAD,0,1.2032,1.0000,0.6667,0.0162,1.0000,1.0000,0.0000,-0.0005,1.2200
1559,MARKET,FALL,0,1.2676,1.0000,0.6667,0.3378,1.0000,1.0000,0.0000,0.0014,1.2224
1560,MARKET,FALL,0,1.2676,1.0000,0.6667,0.3378,1.0000,1.0000,0.0000,0.0014,1.2246
1561,MARKET,FALL,0,1.2676,1.0000,0.6667,0.3378,1.0000,1.0000,0.0000,0.0013,1.2268
1562,MARKET,SPREAD,0,1.2032,1.0000,0.6667,0.0162,1.0000,1.0000,0.0000,-0.0007,1.2256
1563,MARKET,SPREAD,0,1.2032,1.0000,0.6667,0.0162,1.0000,1.0000,0.0000,-0.0007,1.2245
1564,MARKET,,0,1.1000,1.0000,0.3333,0.0000,1.0000,0.0000,0.0000,-0.0036,1.2182
1565,MARKET,BURN,0,1.2567,1.0000,0.6667,0.2836,1.0000,1.0000,0.0000,0.0011,1.2202
1566,MARKET,FALL,0,1.2676,1.0000,0.6667,0.3378,1.0000,1.0000,0.0000,0.0014,1.2225
1567,MARKET,SPREAD,0,1.2032,1.0000,0.6667,0.0162,1.0000,1.0000,0.0000,-0.0006,1.2216
1568,MARKET,FALL,0,1.2676,1.0000,0.6667,0.3378,1.0000,1.0000,0.0000,0.0013,1.2239
1569,MARKET,FALL,0,1.2676,1.0000,0.6667,0.3378,1.0000,1.0000,0.0000,0.0013,1.2261
1570,MARKET,BUILD ENCRYPTED KEY,0,1.3273,1.0000,1.0000,0.1365,1.0000,1.0000,1.0000,0.0029,1.2311
1571,MARKET,FALL,0,1.2676,1.0000,0.6667,0.3378,1.0000,1.0000,0.0000,0.0011,1.2329
1572,MARKET,FALL,0,1.2676,1.0000,0.6667,0.3378,1.0000,1.0000,0.0000,0.0010,1.2347
1573,MARKET,BURN,0,1.2567,1.0000,0.6667,0.2836,1.0000,1.0000,0.0000,0.0006,1.2358
1574,MARKET,FALL,0,1.2676,1.0000,0.6667,0.3378,1.0000,1.0000,0.0000,0.0009,1.2374
1575,MARKET,SPREAD,0,1.2032,1.0000,0.6667,0.0162,1.0000,1.0000,0.0000,-0.0010,1.2357
1576,MARKET,BURN,0,1.2567,1.0000,0.6667,0.2836,1.0000,1.0000,0.0000,0.0006,1.2367
1577,MARKET,FALL,0,1.2676,1.0000,0.6667,0.3378,1.0000,1.0000,0.0000,0.0009,1.2383
1578,MARKET,FALL,0,1.2676,1.0000,0.6667,0.3378,1.0000,1.0000,0.0000,0.0009,1.2397
1579,MARKET,SPREAD,0,1.2032,1.0000,0.6667,0.0162,1.0000,1.0000,0.0000,-0.0011,1.2379
1580,MARKET,FALL,0,1.2676,1.0000,0.6667,0.3378,1.0000,1.0000,0.0000,0.0009,1.2394
1581,MARKET,GROW,0,1.2480,1.0000,0.6667,0.2399,1.0000,1.0000,0.0000,0.0002,1.2398
1582,MARKET,SPREAD,0,1.2032,1.0000,0.6667,0.0162,1.0000,1.0000,0.0000,-0.0010,1.2380
1583,MARKET,GROW,0,1.2480,1.0000,0.6667,0.2399,1.0000,1.0000,0.0000,0.0003,1.2385
1584,MARKET,GROW,0,1.2480,1.0000,0.6667,0.2399,1.0000,1.0000,0.0000,0.0003,1.2390
1585,MARKET,BURN,0,1.2567,1.0000,0.6667,0.2836,1.0000,1.0000,0.0000,0.0005,1.2398
1586,MARKET,FALL,0,1.2676,1.0000,0.6667,0.3378,1.0000,1.0000,0.0000,0.0008,1.2412
1587,MARKET,BURN,0,1.2567,1.0000,0.6667,0.2836,1.0000,1.0000,0.0000,0.0004,1.2420
1588,MARKET,FALL,0,1.2676,1.0000,0.6667,0.3378,1.0000,1.0000,0.0000,0.0007,1.2433
1589,MARKET,BURN,0,1.2567,1.0000,0.6667,0.2836,1.0000,1.0000,0.0000,0.0004,1.2440
1590,MARKET,SPREAD,0,1.2032,1.0000,0.6667,0.0162,1.0000,1.0000,0.0000,-0.0012,1.2419
1591,MARKET,SPREAD,0,1.2032,1.0000,0.6667,0.0162,1.0000,1.0000,0.0000,-0.0011,1.2400
1592,MARKET,FALL,0,1.2676,1.0000,0.6667,0.3378,1.0000,1.0000,0.0000,0.0008,1.2414
1593,MARKET,SPREAD,0,1.2032,1.0000,0.6667,0.0162,1.0000,1.0000,0.0000,-0.0011,1.2395
1594,MARKET,BURN,0,1.2567,1.0000,0.6667,0.2836,1.0000,1.0000,0.0000,0.0005,1.2403
1595,MARKET,GROW,0,1.2480,1.0000,0.6667,0.2399,1.0000,1.0000,0.0000,0.0002,1.2407
1596,MARKET,GROW,0,1.2480,1.0000,0.6667,0.2399,1.0000,1.0000,0.0000,0.0002,1.2411
1597,PRISON,SPREAD,0,1.2032,1.0000,0.6667,0.0162,1.0000,1.0000,0.0000,-0.2122,1.2392
1598,MARKET,FALL,0,1.2676,1.0000,0.6667,0.3378,1.0000,1.0000,0.0000,0.0008,1.2406
1599,MARKET,SPREAD,0,1.2032,1.0000,0.6667,0.0162,1.0000,1.0000,0.0000,-0.0011,1.2387
1600,MEMORY,SPREAD,1,0.2046,0.0000,0.6667,0.0228,1.0000,1.0000,0.0000,-9.9338,1.1870
1601,MARKET,SPREAD,0,1.2032,1.0000,0.6667,0.0162,1.0000,1.0000,0.0000,0.0005,1.1878
1602,MARKET,FALL,0,1.2676,1.0000,0.6667,0.3378,1.0000,1.0000,0.0000,0.0022,1.1918
1603,MARKET,FALL,0,1.2676,1.0000,0.6667,0.3378,1.0000,1.0000,0.0000,0.0021,1.1956
1604,MARKET,BURN,0,1.2567,1.0000,0.6667,0.2836,1.0000,1.0000,0.0000,0.0017,1.1987
1605,MARKET,GROW,0,1.2480,1.0000,0.6667,0.2399,1.0000,1.0000,0.0000,0.0014,1.2011
1606,MARKET,GROW,0,1.2480,1.0000,0.6667,0.2399,1.0000,1.0000,0.0000,0.0012,1.2035
1607,MARKET,SPREAD,0,1.2032,1.0000,0.6667,0.0162,1.0000,1.0000,0.0000,-0.0000,1.2035
1608,MARKET,BURN,0,1.2567,1.0000,0.6667,0.2836,1.0000,1.0000,0.0000,0.0014,1.2061
1609,MARKET,SPREAD,0,1.2032,1.0000,0.6667,0.0162,1.0000,1.0000,0.0000,-0.0001,1.2060
1610,MARKET,FALL,0,1.2676,1.0000,0.6667,0.3378,1.0000,1.0000,0.0000,0.0016,1.2091
1611,MARKET,BURN,0,1.2567,1.0000,0.6667,0.2836,1.0000,1.0000,0.0000,0.0012,1.2114
1612,MARKET,FALL,0,1.2676,1.0000,0.6667,0.3378,1.0000,1.0000,0.0000,0.0014,1.2142
1613,MARKET,FALL,0,1.2676,1.0000,0.6667,0.3378,1.0000,1.0000,0.0000,0.0014,1.2169
1614,MARKET,SPREAD,0,1.2032,1.0000,0.6667,0.0162,1.0000,1.0000,0.0000,-0.0003,1.2162
1615,MARKET,FALL,0,1.2676,1.0000,0.6667,0.3378,1.0000,1.0000,0.0000,0.0013,1.2188
1616,MARKET,SPREAD,0,1.2032,1.0000,0.6667,0.0162,1.0000,1.0000,0.0000,-0.0004,1.2180
1617,MARKET,MOVE DIRTY ISOLATED CROWD MOVE BROKEN ROBOT MOVE WOLF,0,1.3484,1.0000,1.0000,0.2422,1.0000,1.0000,1.0000,0.0032,1.2245
1618,MARKET,FALL,0,1.2676,1.0000,0.6667,0.3378,1.0000,1.0000,0.0000,0.0011,1.2267
1619,MARKET,FALL,0,1.2676,1.0000,0.6667,0.3378,1.0000,1.0000,0.0000,0.0010,1.2287
1620,MARKET,BURN,0,1.2567,1.0000,0.6667,0.2836,1.0000,1.0000,0.0000,0.0007,1.2301
1621,MARKET,GROW,0,1.2480,1.0000,0.6667,0.2399,1.0000,1.0000,0.0000,0.0004,1.2310
1622,MARKET,BURN,0,1.2567,1.0000,0.6667,0.2836,1.0000,1.0000,0.0000,0.0006,1.2323
1623,MARKET,SPREAD,0,1.2032,1.0000,0.6667,0.0162,1.0000,1.0000,0.0000,-0.0007,1.2309
1624,MARKET,SPREAD,0,1.2032,1.0000,0.6667,0.0162,1.0000,1.0000,0.0000,-0.0007,1.2295
1625,MARKET,SPREAD,0,1.2032,1.0000,0.6667,0.0162,1.0000,1.0000,0.0000,-0.0006,1.2282
1626,MARKET,BURN,0,1.2567,1.0000,0.6667,0.2836,1.0000,1.0000,0.0000,0.0007,1.2296
1627,MARKET,FALL,0,1.2676,1.0000,0.6667,0.3378,1.0000,1.0000,0.0000,0.0009,1.2315
1628,MARKET,BURN,0,1.2567,1.0000,0.6667,0.2836,1.0000,1.0000,0.0000,0.0006,1.2327
1629,MARKET,BURN,0,1.2567,1.0000,0.6667,0.2836,1.0000,1.0000,0.0000,0.0006,1.2339
1630,MARKET,SPREAD,0,1.2032,1.0000,0.6667,0.0162,1.0000,1.0000,0.0000,-0.0007,1.2324
1631,MARKET,GROW,0,1.2480,1.0000,0.6667,0.2399,1.0000,1.0000,0.0000,0.0004,1.2332
1632,MARKET,FALL,0,1.2676,1.0000,0.6667,0.3378,1.0000,1.0000,0.0000,0.0008,1.2349
1633,MARKET,GROW,0,1.2480,1.0000,0.6667,0.2399,1.0000,1.0000,0.0000,0.0003,1.2356
1634,MARKET,BURN,0,1.2567,1.0000,0.6667,0.2836,1.0000,1.0000,0.0000,0.0005,1.2366
1635,MARKET,GROW,0,1.2480,1.0000,0.6667,0.2399,1.0000,1.0000,0.0000,0.0003,1.2372
1636,MARKET,GROW,0,1.2480,1.0000,0.6667,0.2399,1.0000,1.0000,0.0000,0.0003,1.2377
1637,MARKET,BURN,0,1.2567,1.0000,0.6667,0.2836,1.0000,1.0000,0.0000,0.0005,1.2387
1638,MARKET,GROW,0,1.2480,1.0000,0.6667,0.2399,1.0000,1.0000,0.0000,0.0002,1.2391
1639,MARKET,SPREAD,0,1.2032,1.0000,0.6667,0.0162,1.0000,1.0000,0.0000,-0.0009,1.2373
1640,HEAVY LEADER,SEE HAPPY HAPPY STRANGER FALL,0,1.2043,1.0000,0.6667,0.0214,0.0000,1.0000,1.0000,-0.3973,1.2357
1641,MARKET,BURN,0,1.2567,1.0000,0.6667,0.2836,1.0000,1.0000,0.0000,0.0005,1.2367
1642,MARKET,FALL,0,1.2676,1.0000,0.6667,0.3378,1.0000,1.0000,0.0000,0.0007,1.2383
1643,MARKET,SPREAD,0,1.2032,1.0000,0.6667,0.0162,1.0000,1.0000,0.0000,-0.0008,1.2365
1644,MARKET,BURN,0,1.2567,1.0000,0.6667,0.2836,1.0000,1.0000,0.0000,0.0005,1.2375
1645,MARKET,GROW,0,1.2480,1.0000,0.6667,0.2399,1.0000,1.0000,0.0000,0.0003,1.2381
1646,MARKET,MOVE SAD DEAD LEADER BURN,0,1.3559,1.0000,1.0000,0.2795,1.0000,1.0000,1.0000,0.0028,1.2440
1647,MARKET,GROW,0,1.2480,1.0000,0.6667,0.2399,1.0000,1.0000,0.0000,0.0001,1.2442
1648,MARKET,FALL,0,1.2676,1.0000,0.6667,0.3378,1.0000,1.0000,0.0000,0.0005,1.2453
1649,MARKET,SPREAD,0,1.2032,1.0000,0.6667,0.0162,1.0000,1.0000,0.0000,-0.0010,1.2432
1650,MARKET,GROW,0,1.2480,1.0000,0.6667,0.2399,1.0000,1.0000,0.0000,0.0001,1.2435
1651,MARKET,GROW,0,1.2480,1.0000,0.6667,0.2399,1.0000,1.0000,0.0000,0.0001,1.2437
1652,MARKET,BURN,0,1.2567,1.0000,0.6667,0.2836,1.0000,1.0000,0.0000,0.0003,1.2443
1653,MARKET,BURN,0,1.2567,1.0000,0.6667,0.2836,1.0000,1.0000,0.0000,0.0003,1.2450
1654,MARKET,,0,1.1000,1.0000,0.3333,0.0000,1.0000,0.0000,0.0000,-0.0034,1.2377
1655,MARKET,GROW,0,1.2480,1.0000,0.6667,0.2399,1.0000,1.0000,0.0000,0.0002,1.2382
1656,MARKET,BURN,0,1.2567,1.0000,0.6667,0.2836,1.0000,1.0000,0.0000,0.0004,1.2391
1657,MARKET,BURN,0,1.2567,1.0000,0.6667,0.2836,1.0000,1.0000,0.0000,0.0004,1.2400
1658,MARKET,GROW,0,1.2480,1.0000,0.6667,0.2399,1.0000,1.0000,0.0000,0.0002,1.2404
1659,MARKET,SPREAD,0,1.2032,1.0000,0.6667,0.0162,1.0000,1.0000,0.0000,-0.0009,1.2386
1660,MARKET,BURN,0,1.2567,1.0000,0.6667,0.2836,1.0000,1.0000,0.0000,0.0004,1.2395
1661,MARKET,FALL,0,1.2676,1.0000,0.6667,0.3378,1.0000,1.0000,0.0000,0.0006,1.2409
1662,MARKET,SPREAD,0,1.2032,1.0000,0.6667,0.0162,1.0000,1.0000,0.0000,-0.0009,1.2390
1663,MARKET,FALL,0,1.2676,1.0000,0.6667,0.3378,1.0000,1.0000,0.0000,0.0007,1.2404
1664,MARKET,BURN,0,1.2567,1.0000,0.6667,0.2836,1.0000,1.0000,0.0000,0.0004,1.2412
1665,MARKET,GROW,0,1.2480,1.0000,0.6667,0.2399,1.0000,1.0000,0.0000,0.0002,1.2416
1666,MARKET,FALL,0,1.2676,1.0000,0.6667,0.3378,1.0000,1.0000,0.0000,0.0006,1.2429
1667,MARKET,SPREAD,0,1.2032,1.0000,0.6667,0.0162,1.0000,1.0000,0.0000,-0.0009,1.2409
1668,MARKET,SPREAD,0,1.2032,1.0000,0.6667,0.0162,1.0000,1.0000,0.0000,-0.0009,1.2390
1669,MARKET,SPREAD,0,1.2032,1.0000,0.6667,0.0162,1.0000,1.0000,0.0000,-0.0008,1.2372
1670,MARKET,SPREAD,0,1.2032,1.0000,0.6667,0.0162,1.0000,1.0000,0.0000,-0.0008,1.2355
1671,PRISON,BURN,0,1.2489,1.0000,0.6667,0.2443,1.0000,1.0000,0.0000,0.0787,1.2362
1672,MARKET,BURN,0,1.2567,1.0000,0.6667,0.2836,1.0000,1.0000,0.0000,0.0005,1.2372
1673,MARKET,FALL,0,1.2676,1.0000,0.6667,0.3378,1.0000,1.0000,0.0000,0.0007,1.2387
1674,MARKET,FALL,0,1.2676,1.0000,0.6667,0.3378,1.0000,1.0000,0.0000,0.0006,1.2402
1675,MARKET,SPREAD,0,1.2032,1.0000,0.6667,0.0162,1.0000,1.0000,0.0000,-0.0008,1.2383
1676,MARKET,BURN,0,1.2567,1.0000,0.6667,0.2836,1.0000,1.0000,0.0000,0.0004,1.2392
1677,MARKET,SPREAD,0,1.2032,1.0000,0.6667,0.0162,1.0000,1.0000,0.0000,-0.0008,1.2374
1678,MARKET,BURN,0,1.2567,1.0000,0.6667,0.2836,1.0000,1.0000,0.0000,0.0004,1.2384
1679,MARKET,GROW,0,1.2480,1.0000,0.6667,0.2399,1.0000,1.0000,0.0000,0.0002,1.2389
1680,MARKET,BURN,0,1.2567,1.0000,0.6667,0.2836,1.0000,1.0000,0.0000,0.0004,1.2398
1681,MARKET,FALL,0,1.2676,1.0000,0.6667,0.3378,1.0000,1.0000,0.0000,0.0006,1.2412
1682,MARKET,GROW,0,1.2480,1.0000,0.6667,0.2399,1.0000,1.0000,0.0000,0.0002,1.2415
1683,MARKET,GROW,0,1.2480,1.0000,0.6667,0.2399,1.0000,1.0000,0.0000,0.0002,1.2418
1684,MARKET,GROW,0,1.2480,1.0000,0.6667,0.2399,1.0000,1.0000,0.0000,0.0001,1.2421
1685,MARKET,BURN,0,1.2567,1.0000,0.6667,0.2836,1.0000,1.0000,0.0000,0.0003,1.2429
1686,MARKET,GROW,0,1.2480,1.0000,0.6667,0.2399,1.0000,1.0000,0.0000,0.0001,1.2431
1687,MARKET,BURN,0,1.2567,1.0000,0.6667,0.2836,1.0000,1.0000,0.0000,0.0003,1.2438
1688,MARKET,BURN,0,1.2567,1.0000,0.6667,0.2836,1.0000,1.0000,0.0000,0.0003,1.2444
1689,BRIDGE,BURN,0,1.2277,1.0000,0.6667,0.1383,1.0000,1.0000,0.0000,-0.1076,1.2436
1690,MARKET,SPREAD,0,1.2032,1.0000,0.6667,0.0162,1.0000,1.0000,0.0000,-0.0010,1.2416
1691,MARKET,SPREAD,0,1.2032,1.0000,0.6667,0.0162,1.0000,1.0000,0.0000,-0.0009,1.2397
1692,MARKET,SPREAD,0,1.2032,1.0000,0.6667,0.0162,1.0000,1.0000,0.0000,-0.0009,1.2379
1693,MARKET,FALL,0,1.2676,1.0000,0.6667,0.3378,1.0000,1.0000,0.0000,0.0007,1.2393
1694,MARKET,GROW,0,1.2480,1.0000,0.6667,0.2399,1.0000,1.0000,0.0000,0.0002,1.2398
1695,MARKET,FALL,0,1.2676,1.0000,0.6667,0.3378,1.0000,1.0000,0.0000,0.0006,1.2412
1696,MARKET,GROW,0,1.2480,1.0000,0.6667,0.2399,1.0000,1.0000,0.0000,0.0002,1.2415
1697,MARKET,FALL,0,1.2676,1.0000,0.6667,0.3378,1.0000,1.0000,0.0000,0.0006,1.2428
1698,MARKET,GROW,0,1.2480,1.0000,0.6667,0.2399,1.0000,1.0000,0.0000,0.0001,1.2431
1699,MARKET,BURN,0,1.2567,1.0000,0.6667,0.2836,1.0000,1.0000,0.0000,0.0003,1.2437
1700,MARKET,BURN,0,1.2567,1.0000,0.6667,0.2836,1.0000,1.0000,0.0000,0.0003,1.2444
1701,MARKET,SPREAD,0,1.2032,1.0000,0.6667,0.0162,1.0000,1.0000,0.0000,-0.0010,1.2423
1702,MARKET,GROW,0,1.2480,1.0000,0.6667,0.2399,1.0000,1.0000,0.0000,0.0001,1.2426
1703,MARKET,BURN,0,1.2567,1.0000,0.6667,0.2836,1.0000,1.0000,0.0000,0.0003,1.2433
1704,MARKET,BURN,0,1.2567,1.0000,0.6667,0.2836,1.0000,1.0000,0.0000,0.0003,1.2440
1705,MARKET,GROW,0,1.2480,1.0000,0.6667,0.2399,1.0000,1.0000,0.0000,0.0001,1.2442
1706,MARKET,SPREAD,0,1.2032,1.0000,0.6667,0.0162,1.0000,1.0000,0.0000,-0.0009,1.2421
1707,MARKET,BURN,0,1.2567,1.0000,0.6667,0.2836,1.0000,1.0000,0.0000,0.0003,1.2429
1708,MARKET,SPREAD,0,1.2032,1.0000,0.6667,0.0162,1.0000,1.0000,0.0000,-0.0009,1.2409
1709,MARKET,BURN,0,1.2567,1.0000,0.6667,0.2836,1.0000,1.0000,0.0000,0.0004,1.2417
1710,MARKET,GROW,0,1.2480,1.0000,0.6667,0.2399,1.0000,1.0000,0.0000,0.0001,1.2420
1711,MOUNTAIN,FALL,0,1.2019,1.0000,0.6667,0.0097,1.0000,1.0000,0.0000,-0.2825,1.2400
1712,MARKET,GROW,0,1.2480,1.0000,0.6667,0.2399,1.0000,1.0000,0.0000,0.0002,1.2404
1713,MARKET,SPREAD,0,1.2032,1.0000,0.6667,0.0162,1.0000,1.0000,0.0000,-0.0009,1.2385
1714,MARKET,FALL,0,1.2676,1.0000,0.6667,0.3378,1.0000,1.0000,0.0000,0.0007,1.2400
1715,MARKET,BURN,0,1.2567,1.0000,0.6667,0.2836,1.0000,1.0000,0.0000,0.0004,1.2408
1716,MARKET,,0,1.1000,1.0000,0.3333,0.0000,1.0000,0.0000,0.0000,-0.0031,1.2338
1717,MARKET,GROW,0,1.2480,1.0000,0.6667,0.2399,1.0000,1.0000,0.0000,0.0003,1.2345
1718,MARKET,FALL,0,1.2676,1.0000,0.6667,0.3378,1.0000,1.0000,0.0000,0.0007,1.2361
1719,MARKET,FALL,0,1.2676,1.0000,0.6667,0.3378,1.0000,1.0000,0.0000,0.0007,1.2377
1720,MARKET,BURN,0,1.2567,1.0000,0.6667,0.2836,1.0000,1.0000,0.0000,0.0004,1.2387
1721,MARKET,BURN,0,1.2567,1.0000,0.6667,0.2836,1.0000,1.0000,0.0000,0.0004,1.2396
1722,MARKET,SPREAD,0,1.2032,1.0000,0.6667,0.0162,1.0000,1.0000,0.0000,-0.0008,1.2378
1723,MARKET,BURN,0,1.2567,1.0000,0.6667,0.2836,1.0000,1.0000,0.0000,0.0004,1.2387
1724,MARKET,MOVE BIG FAST FIRE,0,1.3588,1.0000,1.0000,0.2940,1.0000,1.0000,1.0000,0.0026,1.2447
1725,MARKET,BURN,0,1.2567,1.0000,0.6667,0.2836,1.0000,1.0000,0.0000,0.0003,1.2453
1726,MARKET,GROW,0,1.2480,1.0000,0.6667,0.2399,1.0000,1.0000,0.0000,0.0001,1.2454
1727,MARKET,,0,1.1000,1.0000,0.3333,0.0000,1.0000,0.0000,0.0000,-0.0033,1.2382
1728,MARKET,FALL,0,1.2676,1.0000,0.6667,0.3378,1.0000,1.0000,0.0000,0.0007,1.2396
1729,MARKET,SPREAD,0,1.2032,1.0000,0.6667,0.0162,1.0000,1.0000,0.0000,-0.0008,1.2378
1730,MARKET,BURN,0,1.2567,1.0000,0.6667,0.2836,1.0000,1.0000,0.0000,0.0004,1.2388
1731,MARKET,FALL,0,1.2676,1.0000,0.6667,0.3378,1.0000,1.0000,0.0000,0.0007,1.2402
1732,MARKET,BURN,0,1.2567,1.0000,0.6667,0.2836,1.0000,1.0000,0.0000,0.0004,1.2410
1733,MARKET,BURN,0,1.2567,1.0000,0.6667,0.2836,1.0000,1.0000,0.0000,0.0003,1.2418
1734,MARKET,GROW,0,1.2480,1.0000,0.6667,0.2399,1.0000,1.0000,0.0000,0.0001,1.2421
1735,MARKET,BURN,0,1.2567,1.0000,0.6667,0.2836,1.0000,1.0000,0.0000,0.0003,1.2429
1736,MARKET,BURN,0,1.2567,1.0000,0.6667,0.2836,1.0000,1.0000,0.0000,0.0003,1.2435
1737,MARKET,BURN,0,1.2567,1.0000,0.6667,0.2836,1.0000,1.0000,0.0000,0.0003,1.2442
1738,MARKET,SPREAD,0,1.2032,1.0000,0.6667,0.0162,1.0000,1.0000,0.0000,-0.0009,1.2422
1739,MARKET,BURN,0,1.2567,1.0000,0.6667,0.2836,1.0000,1.0000,0.0000,0.0003,1.2429
1740,MARKET,FALL,0,1.2676,1.0000,0.6667,0.3378,1.0000,1.0000,0.0000,0.0005,1.2441
1741,MARKET,GROW,0,1.2480,1.0000,0.6667,0.2399,1.0000,1.0000,0.0000,0.0001,1.2443
1742,MARKET,FALL,0,1.2676,1.0000,0.6667,0.3378,1.0000,1.0000,0.0000,0.0005,1.2455
1743,MARKET,FALL,0,1.2676,1.0000,0.6667,0.3378,1.0000,1.0000,0.0000,0.0005,1.2466
1744,MARKET,GROW,0,1.2480,1.0000,0.6667,0.2399,1.0000,1.0000,0.0000,0.0000,1.2466
1745,MARKET,BURN,0,1.2567,1.0000,0.6667,0.2836,1.0000,1.0000,0.0000,0.0002,1.2471
1746,MARKET,GROW,0,1.2480,1.0000,0.6667,0.2399,1.0000,1.0000,0.0000,0.0000,1.2472
1747,MARKET,BURN,0,1.2567,1.0000,0.6667,0.2836,1.0000,1.0000,0.0000,0.0002,1.2477
1748,MARKET,BURN,0,1.2567,1.0000,0.6667,0.2836,1.0000,1.0000,0.0000,0.0002,1.2481
1749,MARKET,FALL,0,1.2676,1.0000,0.6667,0.3378,1.0000,1.0000,0.0000,0.0004,1.2491
1750,MARKET,BURN,0,1.2567,1.0000,0.6667,0.2836,1.0000,1.0000,0.0000,0.0002,1.2495
1751,MARKET,BURN,0,1.2567,1.0000,0.6667,0.2836,1.0000,1.0000,0.0000,0.0002,1.2498
1752,MARKET,FALL,0,1.2676,1.0000,0.6667,0.3378,1.0000,1.0000,0.0000,0.0004,1.2507
1753,MARKET,FALL,0,1.2676,1.0000,0.6667,0.3378,1.0000,1.0000,0.0000,0.0004,1.2516
1754,MARKET,SPREAD,0,1.2032,1.0000,0.6667,0.0162,1.0000,1.0000,0.0000,-0.0011,1.2491
1755,MARKET,SPREAD,0,1.2032,1.0000,0.6667,0.0162,1.0000,1.0000,0.0000,-0.0010,1.2469
1756,MARKET,BURN,0,1.2567,1.0000,0.6667,0.2836,1.0000,1.0000,0.0000,0.0002,1.2473
1757,MARKET,BURN,0,1.2567,1.0000,0.6667,0.2836,1.0000,1.0000,0.0000,0.0002,1.2478
1758,MARKET,SPREAD,0,1.2032,1.0000,0.6667,0.0162,1.0000,1.0000,0.0000,-0.0010,1.2456
1759,MARKET,FALL,0,1.2676,1.0000,0.6667,0.3378,1.0000,1.0000,0.0000,0.0005,1.2467
1760,MARKET,FALL,0,1.2676,1.0000,0.6667,0.3378,1.0000,1.0000,0.0000,0.0005,1.2477
1761,MARKET,FALL,0,1.2676,1.0000,0.6667,0.3378,1.0000,1.0000,0.0000,0.0004,1.2487
1762,MARKET,FALL,0,1.2676,1.0000,0.6667,0.3378,1.0000,1.0000,0.0000,0.0004,1.2497
1763,MARKET,FALL,0,1.2676,1.0000,0.6667,0.3378,1.0000,1.0000,0.0000,0.0004,1.2506
1764,MARKET,GROW,0,1.2480,1.0000,0.6667,0.2399,1.0000,1.0000,0.0000,-0.0001,1.2504
1765,MARKET,BURN,0,1.2567,1.0000,0.6667,0.2836,1.0000,1.0000,0.0000,0.0001,1.2507
1766,MARKET,BURN,0,1.2567,1.0000,0.6667,0.2836,1.0000,1.0000,0.0000,0.0001,1.2510
1767,MARKET,BURN,0,1.2567,1.0000,0.6667,0.2836,1.0000,1.0000,0.0000,0.0001,1.2513
1768,MARKET,SPREAD,0,1.2032,1.0000,0.6667,0.0162,1.0000,1.0000,0.0000,-0.0010,1.2489
1769,MARKET,MOVE SLOW ROBOT,0,1.3403,1.0000,1.0000,0.2013,1.0000,1.0000,1.0000,0.0020,1.2535
1770,MARKET,BURN,0,1.2567,1.0000,0.6667,0.2836,1.0000,1.0000,0.0000,0.0001,1.2536
1771,MARKET,SPREAD,0,1.2032,1.0000,0.6667,0.0162,1.0000,1.0000,0.0000,-0.0011,1.2511
1772,MARKET,BURN,0,1.2567,1.0000,0.6667,0.2836,1.0000,1.0000,0.0000,0.0001,1.2514
1773,MARKET,SPREAD,0,1.2032,1.0000,0.6667,0.0162,1.0000,1.0000,0.0000,-0.0010,1.2490
1774,MARKET,SPREAD,0,1.2032,1.0000,0.6667,0.0162,1.0000,1.0000,0.0000,-0.0010,1.2467
1775,MARKET,BURN,0,1.2567,1.0000,0.6667,0.2836,1.0000,1.0000,0.0000,0.0002,1.2472
1776,MARKET,BURN,0,1.2567,1.0000,0.6667,0.2836,1.0000,1.0000,0.0000,0.0002,1.2477
1777,MARKET,FALL,0,1.2676,1.0000,0.6667,0.3378,1.0000,1.0000,0.0000,0.0004,1.2487
1778,MARKET,GROW,0,1.2480,1.0000,0.6667,0.2399,1.0000,1.0000,0.0000,-0.0000,1.2486
1779,MARKET,SPREAD,0,1.2032,1.0000,0.6667,0.0162,1.0000,1.0000,0.0000,-0.0010,1.2464
1780,MARKET,BURN,0,1.2567,1.0000,0.6667,0.2836,1.0000,1.0000,0.0000,0.0002,1.2469
1781,MARKET,GROW,0,1.2480,1.0000,0.6667,0.2399,1.0000,1.0000,0.0000,0.0000,1.2469
1782,MARKET,BURN,0,1.2567,1.0000,0.6667,0.2836,1.0000,1.0000,0.0000,0.0002,1.2474
1783,MARKET,BUILD OBEDIENT CAT,0,1.3316,1.0000,1.0000,0.1581,1.0000,1.0000,1.0000,0.0018,1.2516
1784,MARKET,SPREAD,0,1.2032,1.0000,0.6667,0.0162,1.0000,1.0000,0.0000,-0.0011,1.2492
1785,MARKET,GROW,0,1.2480,1.0000,0.6667,0.2399,1.0000,1.0000,0.0000,-0.0000,1.2492
1786,MARKET,BURN,0,1.2567,1.0000,0.6667,0.2836,1.0000,1.0000,0.0000,0.0002,1.2495
1787,MARKET,BURN,0,1.2567,1.0000,0.6667,0.2836,1.0000,1.0000,0.0000,0.0002,1.2499
1788,MARKET,SPREAD,0,1.2032,1.0000,0.6667,0.0162,1.0000,1.0000,0.0000,-0.0010,1.2476
1789,MARKET,SPREAD,0,1.2032,1.0000,0.6667,0.0162,1.0000,1.0000,0.0000,-0.0009,1.2453
1790,MARKET,BURN,0,1.2567,1.0000,0.6667,0.2836,1.0000,1.0000,0.0000,0.0002,1.2459
1791,MARKET,GROW,0,1.2480,1.0000,0.6667,0.2399,1.0000,1.0000,0.0000,0.0000,1.2460
1792,MARKET,FALL,0,1.2676,1.0000,0.6667,0.3378,1.0000,1.0000,0.0000,0.0005,1.2471
1793,MARKET,GROW,0,1.2480,1.0000,0.6667,0.2399,1.0000,1.0000,0.0000,0.0000,1.2471
1794,MARKET,FALL,0,1.2676,1.0000,0.6667,0.3378,1.0000,1.0000,0.0000,0.0004,1.2482
1795,MARKET,GROW,0,1.2480,1.0000,0.6667,0.2399,1.0000,1.0000,0.0000,-0.0000,1.2482
1796,MARKET,BURN,0,1.2567,1.0000,0.6667,0.2836,1.0000,1.0000,0.0000,0.0002,1.2486
1797,MARKET,SPREAD,0,1.2032,1.0000,0.6667,0.0162,1.0000,1.0000,0.0000,-0.0010,1.2463
1798,MARKET,FALL,0,1.2676,1.0000,0.6667,0.3378,1.0000,1.0000,0.0000,0.0005,1.2474
1799,MARKET,SPREAD,0,1.2032,1.0000,0.6667,0.0162,1.0000,1.0000,0.0000,-0.0010,1.2452
1800,MARKET,GROW,0,1.2480,1.0000,0.6667,0.2399,1.0000,1.0000,0.0000,0.0001,1.2453
1801,MARKET,SPREAD,0,1.2032,1.0000,0.6667,0.0162,1.0000,1.0000,0.0000,-0.0009,1.2432
1802,MARKET,GROW,0,1.2480,1.0000,0.6667,0.2399,1.0000,1.0000,0.0000,0.0001,1.2434
1803,MARKET,BURN,0,1.2567,1.0000,0.6667,0.2836,1.0000,1.0000,0.0000,0.0003,1.2441
1804,MARKET,BURN,0,1.2567,1.0000,0.6667,0.2836,1.0000,1.0000,0.0000,0.0003,1.2447
1805,MARKET,GROW,0,1.2480,1.0000,0.6667,0.2399,1.0000,1.0000,0.0000,0.0001,1.2449
1806,MARKET,GROW,0,1.2480,1.0000,0.6667,0.2399,1.0000,1.0000,0.0000,0.0001,1.2451
1807,MARKET,SPREAD,0,1.2032,1.0000,0.6667,0.0162,1.0000,1.0000,0.0000,-0.0009,1.2430
1808,MARKET,GROW,0,1.2480,1.0000,0.6667,0.2399,1.0000,1.0000,0.0000,0.0001,1.2432
1809,MARKET,SPREAD,0,1.2032,1.0000,0.6667,0.0162,1.0000,1.0000,0.0000,-0.0009,1.2412
1810,MARKET,BURN,0,1.2567,1.0000,0.6667,0.2836,1.0000,1.0000,0.0000,0.0003,1.2420
1811,MARKET,SPREAD,0,1.2032,1.0000,0.6667,0.0162,1.0000,1.0000,0.0000,-0.0008,1.2401
1812,MARKET,FALL,0,1.2676,1.0000,0.6667,0.3378,1.0000,1.0000,0.0000,0.0006,1.2414
1813,MARKET,FALL,0,1.2676,1.0000,0.6667,0.3378,1.0000,1.0000,0.0000,0.0006,1.2427
1814,MARKET,FALL,0,1.2676,1.0000,0.6667,0.3378,1.0000,1.0000,0.0000,0.0005,1.2440
1815,MARKET,BURN,0,1.2567,1.0000,0.6667,0.2836,1.0000,1.0000,0.0000,0.0003,1.2446
1816,MARKET,BURN,0,1.2567,1.0000,0.6667,0.2836,1.0000,1.0000,0.0000,0.0003,1.2452
1817,MARKET,FALL,0,1.2676,1.0000,0.6667,0.3378,1.0000,1.0000,0.0000,0.0005,1.2463
1818,MARKET,FALL,0,1.2676,1.0000,0.6667,0.3378,1.0000,1.0000,0.0000,0.0005,1.2474
1819,MARKET,GROW,0,1.2480,1.0000,0.6667,0.2399,1.0000,1.0000,0.0000,0.0000,1.2474
1820,MARKET,,0,1.1000,1.0000,0.3333,0.0000,1.0000,0.0000,0.0000,-0.0031,1.2401
1821,MARKET,GROW,0,1.2480,1.0000,0.6667,0.2399,1.0000,1.0000,0.0000,0.0002,1.2404
1822,MARKET,GROW,0,1.2480,1.0000,0.6667,0.2399,1.0000,1.0000,0.0000,0.0002,1.2408
1823,MARKET,GROW,0,1.2480,1.0000,0.6667,0.2399,1.0000,1.0000,0.0000,0.0002,1.2412
1824,MARKET,FALL,0,1.2676,1.0000,0.6667,0.3378,1.0000,1.0000,0.0000,0.0006,1.2425
1825,MARKET,BURN,0,1.2567,1.0000,0.6667,0.2836,1.0000,1.0000,0.0000,0.0003,1.2432
1826,MARKET,SPREAD,0,1.2032,1.0000,0.6667,0.0162,1.0000,1.0000,0.0000,-0.0009,1.2412
1827,MARKET,FALL,0,1.2676,1.0000,0.6667,0.3378,1.0000,1.0000,0.0000,0.0006,1.2425
1828,MARKET,SPREAD,0,1.2032,1.0000,0.6667,0.0162,1.0000,1.0000,0.0000,-0.0009,1.2406
1829,MARKET,FALL,0,1.2676,1.0000,0.6667,0.3378,1.0000,1.0000,0.0000,0.0006,1.2419
1830,MARKET,GROW,0,1.2480,1.0000,0.6667,0.2399,1.0000,1.0000,0.0000,0.0001,1.2422
1831,MARKET,MOVE RIVER,0,1.2219,1.0000,0.5556,0.2763,0.6667,1.0000,0.0000,-0.0004,1.2412
1832,MARKET,FALL,0,1.2676,1.0000,0.6667,0.3378,1.0000,1.0000,0.0000,0.0006,1.2425
1833,MARKET,BURN,0,1.2567,1.0000,0.6667,0.2836,1.0000,1.0000,0.0000,0.0003,1.2432
1834,MARKET,BURN,0,1.2567,1.0000,0.6667,0.2836,1.0000,1.0000,0.0000,0.0003,1.2439
1835,MARKET,FALL,0,1.2676,1.0000,0.6667,0.3378,1.0000,1.0000,0.0000,0.0005,1.2451
1836,MARKET,GROW,0,1.2480,1.0000,0.6667,0.2399,1.0000,1.0000,0.0000,0.0001,1.2452
1837,MARKET,BURN,0,1.2567,1.0000,0.6667,0.2836,1.0000,1.0000,0.0000,0.0002,1.2458
1838,MARKET,BURN,0,1.2567,1.0000,0.6667,0.2836,1.0000,1.0000,0.0000,0.0002,1.2464
1839,MARKET,GROW,0,1.2480,1.0000,0.6667,0.2399,1.0000,1.0000,0.0000,0.0000,1.2464
1840,MARKET,GROW,0,1.2480,1.0000,0.6667,0.2399,1.0000,1.0000,0.0000,0.0000,1.2465
1841,MARKET,SPREAD,0,1.2032,1.0000,0.6667,0.0162,1.0000,1.0000,0.0000,-0.0009,1.2443
1842,MARKET,BURN,0,1.2567,1.0000,0.6667,0.2836,1.0000,1.0000,0.0000,0.0003,1.2450
1843,MARKET,GROW,0,1.2480,1.0000,0.6667,0.2399,1.0000,1.0000,0.0000,0.0001,1.2451
1844,MARKET,SPREAD,0,1.2032,1.0000,0.6667,0.0162,1.0000,1.0000,0.0000,-0.0009,1.2430
1845,MARKET,BURN,0,1.2567,1.0000,0.6667,0.2836,1.0000,1.0000,0.0000,0.0003,1.2437
1846,MARKET,GROW,0,1.2480,1.0000,0.6667,0.2399,1.0000,1.0000,0.0000,0.0001,1.2439
1847,MARKET,GROW,0,1.2480,1.0000,0.6667,0.2399,1.0000,1.0000,0.0000,0.0001,1.2441
1848,MARKET,SPREAD,0,1.2032,1.0000,0.6667,0.0162,1.0000,1.0000,0.0000,-0.0009,1.2421
1849,MARKET,FALL,0,1.2676,1.0000,0.6667,0.3378,1.0000,1.0000,0.0000,0.0006,1.2434
1850,MARKET,GROW,0,1.2480,1.0000,0.6667,0.2399,1.0000,1.0000,0.0000,0.0001,1.2436
1851,MARKET,FALL,0,1.2676,1.0000,0.6667,0.3378,1.0000,1.0000,0.0000,0.0005,1.2448
1852,MARKET,BURN,0,1.2567,1.0000,0.6667,0.2836,1.0000,1.0000,0.0000,0.0003,1.2454
1853,MARKET,FALL,0,1.2676,1.0000,0.6667,0.3378,1.0000,1.0000,0.0000,0.0005,1.2465
1854,MARKET,GROW,0,1.2480,1.0000,0.6667,0.2399,1.0000,1.0000,0.0000,0.0000,1.2466
1855,MARKET,SPREAD,0,1.2032,1.0000,0.6667,0.0162,1.0000,1.0000,0.0000,-0.0009,1.2444
1856,MARKET,MOVE CORRUPTED MAP,0,1.3680,1.0000,1.0000,0.3400,1.0000,1.0000,1.0000,0.0026,1.2506
1857,MARKET,GROW,0,1.2480,1.0000,0.6667,0.2399,1.0000,1.0000,0.0000,-0.0001,1.2504
1858,MARKET,FALL,0,1.2676,1.0000,0.6667,0.3378,1.0000,1.0000,0.0000,0.0004,1.2513
1859,MARKET,GROW,0,1.2480,1.0000,0.6667,0.2399,1.0000,1.0000,0.0000,-0.0001,1.2511
1860,MARKET,FALL,0,1.2676,1.0000,0.6667,0.3378,1.0000,1.0000,0.0000,0.0003,1.2520
1861,MARKET,FALL,0,1.2676,1.0000,0.6667,0.3378,1.0000,1.0000,0.0000,0.0003,1.2527
1862,MARKET,BURN,0,1.2567,1.0000,0.6667,0.2836,1.0000,1.0000,0.0000,0.0001,1.2529
1863,MARKET,GROW,0,1.2480,1.0000,0.6667,0.2399,1.0000,1.0000,0.0000,-0.0001,1.2527
1864,MARKET,SPREAD,0,1.2032,1.0000,0.6667,0.0162,1.0000,1.0000,0.0000,-0.0011,1.2502
1865,MARKET,GROW,0,1.2480,1.0000,0.6667,0.2399,1.0000,1.0000,0.0000,-0.0000,1.2501
1866,MARKET,BURN,0,1.2567,1.0000,0.6667,0.2836,1.0000,1.0000,0.0000,0.0001,1.2504
1867,MARKET,BURN,0,1.2567,1.0000,0.6667,0.2836,1.0000,1.0000,0.0000,0.0001,1.2507
1868,MARKET,BURN,0,1.2567,1.0000,0.6667,0.2836,1.0000,1.0000,0.0000,0.0001,1.2510
1869,MARKET,FALL,0,1.2676,1.0000,0.6667,0.3378,1.0000,1.0000,0.0000,0.0003,1.2519
1870,MARKET,GROW,0,1.2480,1.0000,0.6667,0.2399,1.0000,1.0000,0.0000,-0.0001,1.2517
1871,MARKET,GROW,0,1.2480,1.0000,0.6667,0.2399,1.0000,1.0000,0.0000,-0.0001,1.2515
1872,MARKET,SPREAD,0,1.2032,1.0000,0.6667,0.0162,1.0000,1.0000,0.0000,-0.0010,1.2491
1873,MARKET,BURN,0,1.2567,1.0000,0.6667,0.2836,1.0000,1.0000,0.0000,0.0002,1.2495
1874,MARKET,FALL,0,1.2676,1.0000,0.6667,0.3378,1.0000,1.0000,0.0000,0.0004,1.2504
1875,MARKET,FALL,0,1.2676,1.0000,0.6667,0.3378,1.0000,1.0000,0.0000,0.0004,1.2512
1876,MARKET,SPREAD,0,1.2032,1.0000,0.6667,0.0162,1.0000,1.0000,0.0000,-0.0010,1.2488
1877,MARKET,SPREAD,0,1.2032,1.0000,0.6667,0.0162,1.0000,1.0000,0.0000,-0.0010,1.2465
1878,MARKET,SPREAD,0,1.2032,1.0000,0.6667,0.0162,1.0000,1.0000,0.0000,-0.0010,1.2444
1879,MARKET,BURN,0,1.2567,1.0000,0.6667,0.2836,1.0000,1.0000,0.0000,0.0003,1.2450
1880,MARKET,FALL,0,1.2676,1.0000,0.6667,0.3378,1.0000,1.0000,0.0000,0.0005,1.2461
1881,MARKET,BURN,0,1.2567,1.0000,0.6667,0.2836,1.0000,1.0000,0.0000,0.0002,1.2467
1882,MARKET,FALL,0,1.2676,1.0000,0.6667,0.3378,1.0000,1.0000,0.0000,0.0005,1.2477
1883,MARKET,SPREAD,0,1.2032,1.0000,0.6667,0.0162,1.0000,1.0000,0.0000,-0.0010,1.2455
1884,MARKET,BURN,0,1.2567,1.0000,0.6667,0.2836,1.0000,1.0000,0.0000,0.0002,1.2460
1885,MARKET,GROW,0,1.2480,1.0000,0.6667,0.2399,1.0000,1.0000,0.0000,0.0000,1.2461
1886,MARKET,MOVE SEED,0,1.2620,1.0000,0.6667,0.3100,1.0000,1.0000,0.0000,0.0004,1.2469
1887,MARKET,BURN,0,1.2567,1.0000,0.6667,0.2836,1.0000,1.0000,0.0000,0.0002,1.2474
1888,MARKET,BURN,0,1.2567,1.0000,0.6667,0.2836,1.0000,1.0000,0.0000,0.0002,1.2479
1889,MARKET,GROW,0,1.2480,1.0000,0.6667,0.2399,1.0000,1.0000,0.0000,0.0000,1.2479
1890,MARKET,,0,1.1000,1.0000,0.3333,0.0000,1.0000,0.0000,0.0000,-0.0032,1.2405
1891,MARKET,BURN,0,1.2567,1.0000,0.6667,0.2836,1.0000,1.0000,0.0000,0.0003,1.2413
1892,MARKET,BURN,0,1.2567,1.0000,0.6667,0.2836,1.0000,1.0000,0.0000,0.0003,1.2421
1893,MARKET,FALL,0,1.2676,1.0000,0.6667,0.3378,1.0000,1.0000,0.0000,0.0005,1.2434
1894,MARKET,GROW,0,1.2480,1.0000,0.6667,0.2399,1.0000,1.0000,0.0000,0.0001,1.2436
1895,MARKET,BURN,0,1.2567,1.0000,0.6667,0.2836,1.0000,1.0000,0.0000,0.0003,1.2442
1896,MARKET,SPREAD,0,1.2032,1.0000,0.6667,0.0162,1.0000,1.0000,0.0000,-0.0009,1.2422
1897,MARKET,FALL,0,1.2676,1.0000,0.6667,0.3378,1.0000,1.0000,0.0000,0.0005,1.2435
1898,MARKET,GROW,0,1.2480,1.0000,0.6667,0.2399,1.0000,1.0000,0.0000,0.0001,1.2437
1899,MARKET,MOVE BROKEN SOLDIER FALL,0,1.3532,1.0000,1.0000,0.2659,1.0000,1.0000,1.0000,0.0023,1.2492
1900,MARKET,FALL,0,1.2676,1.0000,0.6667,0.3378,1.0000,1.0000,0.0000,0.0004,1.2501
1901,MARKET,GROW,0,1.2480,1.0000,0.6667,0.2399,1.0000,1.0000,0.0000,-0.0000,1.2500
1902,MARKET,BURN,0,1.2567,1.0000,0.6667,0.2836,1.0000,1.0000,0.0000,0.0001,1.2503
1903,MARKET,BURN,0,1.2567,1.0000,0.6667,0.2836,1.0000,1.0000,0.0000,0.0001,1.2506
1904,MARKET,SPREAD,0,1.2032,1.0000,0.6667,0.0162,1.0000,1.0000,0.0000,-0.0010,1.2483
1905,MARKET,SPREAD,0,1.2032,1.0000,0.6667,0.0162,1.0000,1.0000,0.0000,-0.0010,1.2460
1906,MARKET,FALL,0,1.2676,1.0000,0.6667,0.3378,1.0000,1.0000,0.0000,0.0005,1.2471
1907,MARKET,FALL,0,1.2676,1.0000,0.6667,0.3378,1.0000,1.0000,0.0000,0.0004,1.2481
1908,MARKET,GROW,0,1.2480,1.0000,0.6667,0.2399,1.0000,1.0000,0.0000,-0.0000,1.2481
1909,MARKET,SPREAD,0,1.2032,1.0000,0.6667,0.0162,1.0000,1.0000,0.0000,-0.0010,1.2459
1910,MARKET,GROW,0,1.2480,1.0000,0.6667,0.2399,1.0000,1.0000,0.0000,0.0000,1.2460
1911,MARKET,BURN,0,1.2567,1.0000,0.6667,0.2836,1.0000,1.0000,0.0000,0.0002,1.2465
1912,MARKET,FALL,0,1.2676,1.0000,0.6667,0.3378,1.0000,1.0000,0.0000,0.0004,1.2476
1913,MARKET,BURN,0,1.2567,1.0000,0.6667,0.2836,1.0000,1.0000,0.0000,0.0002,1.2480
1914,MARKET,SPREAD,0,1.2032,1.0000,0.6667,0.0162,1.0000,1.0000,0.0000,-0.0010,1.2458
1915,MARKET,FALL,0,1.2676,1.0000,0.6667,0.3378,1.0000,1.0000,0.0000,0.0005,1.2469
1916,MARKET,SPREAD,0,1.2032,1.0000,0.6667,0.0162,1.0000,1.0000,0.0000,-0.0009,1.2447
1917,MARKET,FALL,0,1.2676,1.0000,0.6667,0.3378,1.0000,1.0000,0.0000,0.0005,1.2458
1918,MARKET,GROW,0,1.2480,1.0000,0.6667,0.2399,1.0000,1.0000,0.0000,0.0000,1.2459
1919,MARKET,GROW,0,1.2480,1.0000,0.6667,0.2399,1.0000,1.0000,0.0000,0.0000,1.2460
1920,MARKET,BURN,0,1.2567,1.0000,0.6667,0.2836,1.0000,1.0000,0.0000,0.0002,1.2466
1921,MARKET,FALL,0,1.2676,1.0000,0.6667,0.3378,1.0000,1.0000,0.0000,0.0005,1.2476
1922,MARKET,BURN,0,1.2567,1.0000,0.6667,0.2836,1.0000,1.0000,0.0000,0.0002,1.2481
1923,MARKET,FALL,0,1.2676,1.0000,0.6667,0.3378,1.0000,1.0000,0.0000,0.0004,1.2490
1924,MARKET,FALL,0,1.2676,1.0000,0.6667,0.3378,1.0000,1.0000,0.0000,0.0004,1.2500
1925,MARKET,FALL,0,1.2676,1.0000,0.6667,0.3378,1.0000,1.0000,0.0000,0.0004,1.2509
1926,MARKET,SPREAD,0,1.2032,1.0000,0.6667,0.0162,1.0000,1.0000,0.0000,-0.0010,1.2485
1927,MARKET,SPREAD,0,1.2032,1.0000,0.6667,0.0162,1.0000,1.0000,0.0000,-0.0010,1.2462
1928,MARKET,BURN,0,1.2567,1.0000,0.6667,0.2836,1.0000,1.0000,0.0000,0.0002,1.2467
1929,MARKET,BURN,0,1.2567,1.0000,0.6667,0.2836,1.0000,1.0000,0.0000,0.0002,1.2472
1930,MARKET,BURN,0,1.2567,1.0000,0.6667,0.2836,1.0000,1.0000,0.0000,0.0002,1.2477
1931,MARKET,GROW,0,1.2480,1.0000,0.6667,0.2399,1.0000,1.0000,0.0000,0.0000,1.2477
1932,MARKET,SPREAD,0,1.2032,1.0000,0.6667,0.0162,1.0000,1.0000,0.0000,-0.0009,1.2455
1933,MARKET,BURN,0,1.2567,1.0000,0.6667,0.2836,1.0000,1.0000,0.0000,0.0002,1.2461
1934,MARKET,SPREAD,0,1.2032,1.0000,0.6667,0.0162,1.0000,1.0000,0.0000,-0.0009,1.2439
1935,MARKET,BURN,0,1.2567,1.0000,0.6667,0.2836,1.0000,1.0000,0.0000,0.0003,1.2446
1936,MARKET,FALL,0,1.2676,1.0000,0.6667,0.3378,1.0000,1.0000,0.0000,0.0005,1.2457
1937,MARKET,GROW,0,1.2480,1.0000,0.6667,0.2399,1.0000,1.0000,0.0000,0.0000,1.2458
1938,MARKET,GROW,0,1.2480,1.0000,0.6667,0.2399,1.0000,1.0000,0.0000,0.0000,1.2459
1939,MARKET,BURN,0,1.2567,1.0000,0.6667,0.2836,1.0000,1.0000,0.0000,0.0002,1.2465
1940,MARKET,GROW,0,1.2480,1.0000,0.6667,0.2399,1.0000,1.0000,0.0000,0.0000,1.2465
1941,MARKET,BURN,0,1.2567,1.0000,0.6667,0.2836,1.0000,1.0000,0.0000,0.0002,1.2471
1942,MARKET,FALL,0,1.2676,1.0000,0.6667,0.3378,1.0000,1.0000,0.0000,0.0004,1.2481
1943,MARKET,BURN,0,1.2567,1.0000,0.6667,0.2836,1.0000,1.0000,0.0000,0.0002,1.2485
1944,MARKET,FALL,0,1.2676,1.0000,0.6667,0.3378,1.0000,1.0000,0.0000,0.0004,1.2495
1945,MARKET,FALL,0,1.2676,1.0000,0.6667,0.3378,1.0000,1.0000,0.0000,0.0004,1.2504
1946,MARKET,SPREAD,0,1.2032,1.0000,0.6667,0.0162,1.0000,1.0000,0.0000,-0.0010,1.2480
1947,MARKET,GROW,0,1.2480,1.0000,0.6667,0.2399,1.0000,1.0000,0.0000,-0.0000,1.2480
1948,MARKET,,0,1.1000,1.0000,0.3333,0.0000,1.0000,0.0000,0.0000,-0.0032,1.2406
1949,MARKET,FALL,0,1.2676,1.0000,0.6667,0.3378,1.0000,1.0000,0.0000,0.0006,1.2420
1950,MARKET,BURN,0,1.2567,1.0000,0.6667,0.2836,1.0000,1.0000,0.0000,0.0003,1.2427
1951,MARKET,GROW,0,1.2480,1.0000,0.6667,0.2399,1.0000,1.0000,0.0000,0.0001,1.2430
1952,MARKET,SPREAD,0,1.2032,1.0000,0.6667,0.0162,1.0000,1.0000,0.0000,-0.0009,1.2410
1953,MARKET,GROW,0,1.2480,1.0000,0.6667,0.2399,1.0000,1.0000,0.0000,0.0002,1.2413
1954,MARKET,SPREAD,0,1.2032,1.0000,0.6667,0.0162,1.0000,1.0000,0.0000,-0.0008,1.2394
1955,MARKET,BURN,0,1.2567,1.0000,0.6667,0.2836,1.0000,1.0000,0.0000,0.0004,1.2403
1956,MARKET,FALL,0,1.2676,1.0000,0.6667,0.3378,1.0000,1.0000,0.0000,0.0006,1.2416
1957,MARKET,FALL,0,1.2676,1.0000,0.6667,0.3378,1.0000,1.0000,0.0000,0.0006,1.2429
1958,MARKET,BURN,0,1.2567,1.0000,0.6667,0.2836,1.0000,1.0000,0.0000,0.0003,1.2436
1959,MARKET,GROW,0,1.2480,1.0000,0.6667,0.2399,1.0000,1.0000,0.0000,0.0001,1.2438
1960,MARKET,BURN,0,1.2567,1.0000,0.6667,0.2836,1.0000,1.0000,0.0000,0.0003,1.2445
1961,MARKET,BURN,0,1.2567,1.0000,0.6667,0.2836,1.0000,1.0000,0.0000,0.0003,1.2451
1962,MARKET,BURN,0,1.2567,1.0000,0.6667,0.2836,1.0000,1.0000,0.0000,0.0002,1.2457
1963,MARKET,FALL,0,1.2676,1.0000,0.6667,0.3378,1.0000,1.0000,0.0000,0.0005,1.2468
1964,MARKET,SPREAD,0,1.2032,1.0000,0.6667,0.0162,1.0000,1.0000,0.0000,-0.0009,1.2446
1965,MARKET,GROW,0,1.2480,1.0000,0.6667,0.2399,1.0000,1.0000,0.0000,0.0001,1.2448
1966,MARKET,FALL,0,1.2676,1.0000,0.6667,0.3378,1.0000,1.0000,0.0000,0.0005,1.2459
1967,MARKET,FALL,0,1.2676,1.0000,0.6667,0.3378,1.0000,1.0000,0.0000,0.0005,1.2470
1968,MARKET,SPREAD,0,1.2032,1.0000,0.6667,0.0162,1.0000,1.0000,0.0000,-0.0009,1.2448
1969,MARKET,FALL,0,1.2676,1.0000,0.6667,0.3378,1.0000,1.0000,0.0000,0.0005,1.2459
1970,DUST,BURN,0,1.2030,1.0000,0.6667,0.0149,1.0000,1.0000,0.0000,-0.3296,1.2438
1971,MARKET,BURN,0,1.2567,1.0000,0.6667,0.2836,1.0000,1.0000,0.0000,0.0003,1.2444
1972,MARKET,GROW,0,1.2480,1.0000,0.6667,0.2399,1.0000,1.0000,0.0000,0.0001,1.2446
1973,MARKET,FALL,0,1.2676,1.0000,0.6667,0.3378,1.0000,1.0000,0.0000,0.0005,1.2458
1974,MARKET,BURN,0,1.2567,1.0000,0.6667,0.2836,1.0000,1.0000,0.0000,0.0002,1.2463
1975,MARKET,FALL,0,1.2676,1.0000,0.6667,0.3378,1.0000,1.0000,0.0000,0.0004,1.2474
1976,MARKET,SPREAD,0,1.2032,1.0000,0.6667,0.0162,1.0000,1.0000,0.0000,-0.0009,1.2452
1977,MARKET,BREAK TOOL,0,1.2625,1.0000,0.6667,0.3124,1.0000,1.0000,0.0000,0.0004,1.2460
1978,MARKET,BURN,0,1.2567,1.0000,0.6667,0.2836,1.0000,1.0000,0.0000,0.0002,1.2466
1979,MARKET,FALL,0,1.2676,1.0000,0.6667,0.3378,1.0000,1.0000,0.0000,0.0004,1.2476
1980,MARKET,BURN,0,1.2567,1.0000,0.6667,0.2836,1.0000,1.0000,0.0000,0.0002,1.2481
1981,MARKET,BURN,0,1.2567,1.0000,0.6667,0.2836,1.0000,1.0000,0.0000,0.0002,1.2485
1982,MARKET,SPREAD,0,1.2032,1.0000,0.6667,0.0162,1.0000,1.0000,0.0000,-0.0009,1.2462
1983,MARKET,GROW,0,1.2480,1.0000,0.6667,0.2399,1.0000,1.0000,0.0000,0.0000,1.2463
1984,MARKET,,0,1.1000,1.0000,0.3333,0.0000,1.0000,0.0000,0.0000,-0.0029,1.2390
1985,MARKET,FALL,0,1.2676,1.0000,0.6667,0.3378,1.0000,1.0000,0.0000,0.0006,1.2404
1986,MARKET,FALL,0,1.2676,1.0000,0.6667,0.3378,1.0000,1.0000,0.0000,0.0006,1.2418
1987,MARKET,GROW,0,1.2480,1.0000,0.6667,0.2399,1.0000,1.0000,0.0000,0.0001,1.2421
1988,MARKET,SPREAD,0,1.2032,1.0000,0.6667,0.0162,1.0000,1.0000,0.0000,-0.0008,1.2402
1989,MARKET,GROW,0,1.2480,1.0000,0.6667,0.2399,1.0000,1.0000,0.0000,0.0002,1.2406
1990,MARKET,BURN,0,1.2567,1.0000,0.6667,0.2836,1.0000,1.0000,0.0000,0.0003,1.2414
1991,MARKET,BURN,0,1.2567,1.0000,0.6667,0.2836,1.0000,1.0000,0.0000,0.0003,1.2421
1992,MARKET,GROW,0,1.2480,1.0000,0.6667,0.2399,1.0000,1.0000,0.0000,0.0001,1.2424
1993,MARKET,SPREAD,0,1.2032,1.0000,0.6667,0.0162,1.0000,1.0000,0.0000,-0.0008,1.2405
1994,MARKET,BURN,0,1.2567,1.0000,0.6667,0.2836,1.0000,1.0000,0.0000,0.0003,1.2413
1995,MARKET,SPREAD,0,1.2032,1.0000,0.6667,0.0162,1.0000,1.0000,0.0000,-0.0008,1.2394
1996,MARKET,FAIL,0,1.2513,1.0000,0.6667,0.2567,1.0000,1.0000,0.0000,0.0002,1.2400
1997,MARKET,FALL,0,1.2676,1.0000,0.6667,0.3378,1.0000,1.0000,0.0000,0.0005,1.2413
1998,MARKET,FALL,0,1.2676,1.0000,0.6667,0.3378,1.0000,1.0000,0.0000,0.0005,1.2427
1999,MARKET,BURN,0,1.2567,1.0000,0.6667,0.2836,1.0000,1.0000,0.0000,0.0003,1.2434
2000,MARKET,BURN,0,1.2567,1.0000,0.6667,0.2836,1.0000,1.0000,0.0000,0.0003,1.2440
2001,MARKET,GROW,0,1.2480,1.0000,0.6667,0.2399,1.0000,1.0000,0.0000,0.0001,1.2442
2002,MARKET,BURN,0,1.2567,1.0000,0.6667,0.2836,1.0000,1.0000,0.0000,0.0002,1.2449
2003,MARKET,FALL,0,1.2676,1.0000,0.6667,0.3378,1.0000,1.0000,0.0000,0.0005,1.2460
2004,MARKET,GROW,0,1.2480,1.0000,0.6667,0.2399,1.0000,1.0000,0.0000,0.0000,1.2461
2005,MARKET,BURN,0,1.2567,1.0000,0.6667,0.2836,1.0000,1.0000,0.0000,0.0002,1.2466
2006,MARKET,GROW,0,1.2480,1.0000,0.6667,0.2399,1.0000,1.0000,0.0000,0.0000,1.2467
2007,MARKET,FALL,0,1.2676,1.0000,0.6667,0.3378,1.0000,1.0000,0.0000,0.0004,1.2477
2008,MARKET,FALL,0,1.2676,1.0000,0.6667,0.3378,1.0000,1.0000,0.0000,0.0004,1.2487
2009,MARKET,FALL,0,1.2676,1.0000,0.6667,0.3378,1.0000,1.0000,0.0000,0.0004,1.2497
2010,MARKET,BURN,0,1.2567,1.0000,0.6667,0.2836,1.0000,1.0000,0.0000,0.0001,1.2500
2011,MARKET,GROW,0,1.2480,1.0000,0.6667,0.2399,1.0000,1.0000,0.0000,-0.0000,1.2499
2012,MARKET,GROW,0,1.2480,1.0000,0.6667,0.2399,1.0000,1.0000,0.0000,-0.0000,1.2498
2013,MARKET,FALL,0,1.2676,1.0000,0.6667,0.3378,1.0000,1.0000,0.0000,0.0003,1.2507
2014,MARKET,FALL,0,1.2676,1.0000,0.6667,0.3378,1.0000,1.0000,0.0000,0.0003,1.2515
2015,MARKET,GROW,0,1.2480,1.0000,0.6667,0.2399,1.0000,1.0000,0.0000,-0.0001,1.2514
2016,MARKET,BURN,0,1.2567,1.0000,0.6667,0.2836,1.0000,1.0000,0.0000,0.0001,1.2516
2017,MARKET,FAIL,0,1.2513,1.0000,0.6667,0.2567,1.0000,1.0000,0.0000,-0.0000,1.2516
2018,MARKET,GROW,0,1.2480,1.0000,0.6667,0.2399,1.0000,1.0000,0.0000,-0.0001,1.2514
2019,MARKET,FALL,0,1.2676,1.0000,0.6667,0.3378,1.0000,1.0000,0.0000,0.0003,1.2522
2020,MARKET,FALL,0,1.2676,1.0000,0.6667,0.3378,1.0000,1.0000,0.0000,0.0003,1.2530
2021,MARKET,GROW,0,1.2480,1.0000,0.6667,0.2399,1.0000,1.0000,0.0000,-0.0001,1.2528
2022,MARKET,BURN,0,1.2567,1.0000,0.6667,0.2836,1.0000,1.0000,0.0000,0.0001,1.2530
2023,MARKET,BURN,0,1.2567,1.0000,0.6667,0.2836,1.0000,1.0000,0.0000,0.0001,1.2531
2024,MARKET,BURN,0,1.2567,1.0000,0.6667,0.2836,1.0000,1.0000,0.0000,0.0001,1.2533
2025,MARKET,SPREAD,0,1.2032,1.0000,0.6667,0.0162,1.0000,1.0000,0.0000,-0.0010,1.2508
2026,MARKET,BURN,0,1.2567,1.0000,0.6667,0.2836,1.0000,1.0000,0.0000,0.0001,1.2511
2027,MARKET,FALL,0,1.2676,1.0000,0.6667,0.3378,1.0000,1.0000,0.0000,0.0003,1.2519
2028,MARKET,SPREAD,0,1.2032,1.0000,0.6667,0.0162,1.0000,1.0000,0.0000,-0.0010,1.2495
2029,MARKET,BURN,0,1.2567,1.0000,0.6667,0.2836,1.0000,1.0000,0.0000,0.0001,1.2499
2030,MARKET,FALL,0,1.2676,1.0000,0.6667,0.3378,1.0000,1.0000,0.0000,0.0004,1.2507
2031,MARKET,FALL,0,1.2676,1.0000,0.6667,0.3378,1.0000,1.0000,0.0000,0.0003,1.2516
2032,MARKET,SPREAD,0,1.2032,1.0000,0.6667,0.0162,1.0000,1.0000,0.0000,-0.0009,1.2492
2033,MARKET,BURN,0,1.2567,1.0000,0.6667,0.2836,1.0000,1.0000,0.0000,0.0002,1.2495
2034,MARKET,SPREAD,0,1.2032,1.0000,0.6667,0.0162,1.0000,1.0000,0.0000,-0.0009,1.2472
2035,MARKET,GROW,0,1.2480,1.0000,0.6667,0.2399,1.0000,1.0000,0.0000,0.0000,1.2473
2036,MARKET,SPREAD,0,1.2032,1.0000,0.6667,0.0162,1.0000,1.0000,0.0000,-0.0009,1.2451
2037,MARKET,GROW,0,1.2480,1.0000,0.6667,0.2399,1.0000,1.0000,0.0000,0.0001,1.2452
2038,MARKET,GROW,0,1.2480,1.0000,0.6667,0.2399,1.0000,1.0000,0.0000,0.0001,1.2454
2039,MARKET,SPREAD,0,1.2032,1.0000,0.6667,0.0162,1.0000,1.0000,0.0000,-0.0009,1.2432
2040,MARKET,SPREAD,0,1.2032,1.0000,0.6667,0.0162,1.0000,1.0000,0.0000,-0.0008,1.2412
2041,MARKET,FALL,0,1.2676,1.0000,0.6667,0.3378,1.0000,1.0000,0.0000,0.0005,1.2426
2042,MARKET,BURN,0,1.2567,1.0000,0.6667,0.2836,1.0000,1.0000,0.0000,0.0003,1.2433
2043,MARKET,SPREAD,0,1.2032,1.0000,0.6667,0.0162,1.0000,1.0000,0.0000,-0.0008,1.2413
2044,MARKET,SPREAD,0,1.2032,1.0000,0.6667,0.0162,1.0000,1.0000,0.0000,-0.0008,1.2394
2045,MARKET,GROW,0,1.2480,1.0000,0.6667,0.2399,1.0000,1.0000,0.0000,0.0002,1.2398
2046,MARKET,FALL,0,1.2676,1.0000,0.6667,0.3378,1.0000,1.0000,0.0000,0.0005,1.2412
2047,MARKET,GROW,0,1.2480,1.0000,0.6667,0.2399,1.0000,1.0000,0.0000,0.0001,1.2415
2048,MARKET,FALL,0,1.2676,1.0000,0.6667,0.3378,1.0000,1.0000,0.0000,0.0005,1.2428
2049,MARKET,FALL,0,1.2676,1.0000,0.6667,0.3378,1.0000,1.0000,0.0000,0.0005,1.2441
2050,MARKET,FALL,0,1.2676,1.0000,0.6667,0.3378,1.0000,1.0000,0.0000,0.0005,1.2452
2051,MARKET,FALL,0,1.2676,1.0000,0.6667,0.3378,1.0000,1.0000,0.0000,0.0005,1.2464
2052,MARKET,GROW,0,1.2480,1.0000,0.6667,0.2399,1.0000,1.0000,0.0000,0.0000,1.2464
2053,MARKET,BURN,0,1.2567,1.0000,0.6667,0.2836,1.0000,1.0000,0.0000,0.0002,1.2469
2054,MARKET,BURN,0,1.2567,1.0000,0.6667,0.2836,1.0000,1.0000,0.0000,0.0002,1.2474
2055,MARKET,SPREAD,0,1.2032,1.0000,0.6667,0.0162,1.0000,1.0000,0.0000,-0.0009,1.2452
2056,MARKET,SPREAD,0,1.2032,1.0000,0.6667,0.0162,1.0000,1.0000,0.0000,-0.0008,1.2431
2057,MARKET,FALL,0,1.2676,1.0000,0.6667,0.3378,1.0000,1.0000,0.0000,0.0005,1.2443
2058,MARKET,FALL,0,1.2676,1.0000,0.6667,0.3378,1.0000,1.0000,0.0000,0.0005,1.2455
2059,MARKET,GROW,0,1.2480,1.0000,0.6667,0.2399,1.0000,1.0000,0.0000,0.0000,1.2456
2060,MARKET,BURN,0,1.2567,1.0000,0.6667,0.2836,1.0000,1.0000,0.0000,0.0002,1.2462
2061,MARKET,GROW,0,1.2480,1.0000,0.6667,0.2399,1.0000,1.0000,0.0000,0.0000,1.2463
2062,MARKET,GROW,0,1.2480,1.0000,0.6667,0.2399,1.0000,1.0000,0.0000,0.0000,1.2464
2063,MARKET,SPREAD,0,1.2032,1.0000,0.6667,0.0162,1.0000,1.0000,0.0000,-0.0009,1.2442
2064,MARKET,MOVE OBEDIENT FREE CHILD,0,1.3337,1.0000,1.0000,0.1686,1.0000,1.0000,1.0000,0.0018,1.2487
2065,MARKET,FALL,0,1.2676,1.0000,0.6667,0.3378,1.0000,1.0000,0.0000,0.0004,1.2496
2066,MARKET,FALL,0,1.2676,1.0000,0.6667,0.3378,1.0000,1.0000,0.0000,0.0004,1.2505
2067,MARKET,FALL,0,1.2676,1.0000,0.6667,0.3378,1.0000,1.0000,0.0000,0.0003,1.2514
2068,MARKET,BURN,0,1.2567,1.0000,0.6667,0.2836,1.0000,1.0000,0.0000,0.0001,1.2516
2069,MARKET,BURN,0,1.2567,1.0000,0.6667,0.2836,1.0000,1.0000,0.0000,0.0001,1.2519
2070,MARKET,SPREAD,0,1.2032,1.0000,0.6667,0.0162,1.0000,1.0000,0.0000,-0.0010,1.2495
2071,MARKET,SPREAD,0,1.2032,1.0000,0.6667,0.0162,1.0000,1.0000,0.0000,-0.0009,1.2471
2072,MARKET,GROW,0,1.2480,1.0000,0.6667,0.2399,1.0000,1.0000,0.0000,0.0000,1.2472
2073,MARKET,BURN,0,1.2567,1.0000,0.6667,0.2836,1.0000,1.0000,0.0000,0.0002,1.2477
2074,MARKET,MOVE WOOD FALL,0,1.2677,1.0000,0.6667,0.3386,1.0000,1.0000,0.0000,0.0004,1.2487
2075,MARKET,BURN,0,1.2567,1.0000,0.6667,0.2836,1.0000,1.0000,0.0000,0.0002,1.2491
2076,MARKET,BURN,0,1.2567,1.0000,0.6667,0.2836,1.0000,1.0000,0.0000,0.0002,1.2495
2077,MARKET,BURN,0,1.2567,1.0000,0.6667,0.2836,1.0000,1.0000,0.0000,0.0001,1.2498
2078,MARKET,FALL,0,1.2676,1.0000,0.6667,0.3378,1.0000,1.0000,0.0000,0.0004,1.2507
2079,MARKET,GROW,0,1.2480,1.0000,0.6667,0.2399,1.0000,1.0000,0.0000,-0.0001,1.2506
2080,MARKET,GROW,0,1.2480,1.0000,0.6667,0.2399,1.0000,1.0000,0.0000,-0.0001,1.2504
2081,MARKET,BURN,0,1.2567,1.0000,0.6667,0.2836,1.0000,1.0000,0.0000,0.0001,1.2508
2082,MARKET,BURN,0,1.2567,1.0000,0.6667,0.2836,1.0000,1.0000,0.0000,0.0001,1.2511
2083,MARKET,FALL,0,1.2676,1.0000,0.6667,0.3378,1.0000,1.0000,0.0000,0.0003,1.2519
2084,MARKET,GROW,0,1.2480,1.0000,0.6667,0.2399,1.0000,1.0000,0.0000,-0.0001,1.2517
2085,MARKET,GROW,0,1.2480,1.0000,0.6667,0.2399,1.0000,1.0000,0.0000,-0.0001,1.2515
2086,MARKET,GROW,0,1.2480,1.0000,0.6667,0.2399,1.0000,1.0000,0.0000,-0.0001,1.2513
2087,MARKET,SPREAD,0,1.2032,1.0000,0.6667,0.0162,1.0000,1.0000,0.0000,-0.0010,1.2489
2088,MARKET,FALL,0,1.2676,1.0000,0.6667,0.3378,1.0000,1.0000,0.0000,0.0004,1.2498
2089,MARKET,FALL,0,1.2676,1.0000,0.6667,0.3378,1.0000,1.0000,0.0000,0.0004,1.2507
2090,MARKET,SPREAD,0,1.2032,1.0000,0.6667,0.0162,1.0000,1.0000,0.0000,-0.0009,1.2484
2091,MARKET,BURN,0,1.2567,1.0000,0.6667,0.2836,1.0000,1.0000,0.0000,0.0002,1.2488
2092,MARKET,FALL,0,1.2676,1.0000,0.6667,0.3378,1.0000,1.0000,0.0000,0.0004,1.2497
2093,MARKET,BURN,0,1.2567,1.0000,0.6667,0.2836,1.0000,1.0000,0.0000,0.0001,1.2501
2094,MARKET,FALL,0,1.2676,1.0000,0.6667,0.3378,1.0000,1.0000,0.0000,0.0003,1.2509
2095,MARKET,GROW,0,1.2480,1.0000,0.6667,0.2399,1.0000,1.0000,0.0000,-0.0001,1.2508
2096,MARKET,SPREAD,0,1.2032,1.0000,0.6667,0.0162,1.0000,1.0000,0.0000,-0.0010,1.2484
2097,RULE,SPREAD,1,0.2027,0.0000,0.6667,0.0133,1.0000,1.0000,0.0000,-10.4147,1.1961
2098,MARKET,BURN,0,1.2567,1.0000,0.6667,0.2836,1.0000,1.0000,0.0000,0.0012,1.1992
2099,MARKET,BURN,0,1.2567,1.0000,0.6667,0.2836,1.0000,1.0000,0.0000,0.0011,1.2020
2100,MARKET,BURN,0,1.2567,1.0000,0.6667,0.2836,1.0000,1.0000,0.0000,0.0011,1.2048
2101,MARKET,SPREAD,0,1.2032,1.0000,0.6667,0.0162,1.0000,1.0000,0.0000,-0.0000,1.2047
2102,MARKET,SPREAD,0,1.2032,1.0000,0.6667,0.0162,1.0000,1.0000,0.0000,-0.0000,1.2046
2103,MARKET,GROW,0,1.2480,1.0000,0.6667,0.2399,1.0000,1.0000,0.0000,0.0008,1.2068
2104,MARKET,BURN,0,1.2567,1.0000,0.6667,0.2836,1.0000,1.0000,0.0000,0.0010,1.2093
2105,MARKET,BURN,0,1.2567,1.0000,0.6667,0.2836,1.0000,1.0000,0.0000,0.0009,1.2117
2106,MARKET,FALL,0,1.2676,1.0000,0.6667,0.3378,1.0000,1.0000,0.0000,0.0010,1.2145
2107,MARKET,BURN,0,1.2567,1.0000,0.6667,0.2836,1.0000,1.0000,0.0000,0.0008,1.2166
2108,MARKET,FALL,0,1.2676,1.0000,0.6667,0.3378,1.0000,1.0000,0.0000,0.0009,1.2191
2109,MARKET,BURN,0,1.2567,1.0000,0.6667,0.2836,1.0000,1.0000,0.0000,0.0007,1.2210
2110,MARKET,FALL,0,1.2676,1.0000,0.6667,0.3378,1.0000,1.0000,0.0000,0.0009,1.2233
2111,MARKET,FALL,0,1.2676,1.0000,0.6667,0.3378,1.0000,1.0000,0.0000,0.0008,1.2255
2112,MARKET,GROW,0,1.2480,1.0000,0.6667,0.2399,1.0000,1.0000,0.0000,0.0004,1.2267
2113,MARKET,SPREAD,0,1.2032,1.0000,0.6667,0.0162,1.0000,1.0000,0.0000,-0.0004,1.2255
2114,MARKET,SPREAD,0,1.2032,1.0000,0.6667,0.0162,1.0000,1.0000,0.0000,-0.0004,1.2244
2115,MARKET,GROW,0,1.2480,1.0000,0.6667,0.2399,1.0000,1.0000,0.0000,0.0004,1.2256
2116,MARKET,FALL,0,1.2676,1.0000,0.6667,0.3378,1.0000,1.0000,0.0000,0.0008,1.2277
2117,MARKET,FALL,0,1.2676,1.0000,0.6667,0.3378,1.0000,1.0000,0.0000,0.0007,1.2296
2118,MARKET,GROW,0,1.2480,1.0000,0.6667,0.2399,1.0000,1.0000,0.0000,0.0003,1.2306
2119,MARKET,GROW,0,1.2480,1.0000,0.6667,0.2399,1.0000,1.0000,0.0000,0.0003,1.2314
2120,MARKET,GROW,0,1.2480,1.0000,0.6667,0.2399,1.0000,1.0000,0.0000,0.0003,1.2323
2121,MARKET,GROW,0,1.2480,1.0000,0.6667,0.2399,1.0000,1.0000,0.0000,0.0003,1.2330
2122,MARKET,GROW,0,1.2480,1.0000,0.6667,0.2399,1.0000,1.0000,0.0000,0.0003,1.2338
2123,MARKET,BURN,0,1.2567,1.0000,0.6667,0.2836,1.0000,1.0000,0.0000,0.0004,1.2349
2124,MARKET,GROW,0,1.2480,1.0000,0.6667,0.2399,1.0000,1.0000,0.0000,0.0002,1.2356
2125,MARKET,SPREAD,0,1.2032,1.0000,0.6667,0.0162,1.0000,1.0000,0.0000,-0.0006,1.2340
2126,MARKET,GROW,0,1.2480,1.0000,0.6667,0.2399,1.0000,1.0000,0.0000,0.0002,1.2347
2127,MARKET,BURN,0,1.2567,1.0000,0.6667,0.2836,1.0000,1.0000,0.0000,0.0004,1.2358
2128,MARKET,,0,1.1000,1.0000,0.3333,0.0000,1.0000,0.0000,0.0000,-0.0024,1.2290
2129,MARKET,BURN,0,1.2567,1.0000,0.6667,0.2836,1.0000,1.0000,0.0000,0.0005,1.2304
2130,MARKET,GROW,0,1.2480,1.0000,0.6667,0.2399,1.0000,1.0000,0.0000,0.0003,1.2313
2131,MARKET,FALL,0,1.2676,1.0000,0.6667,0.3378,1.0000,1.0000,0.0000,0.0007,1.2331
2132,MARKET,BURN,0,1.2567,1.0000,0.6667,0.2836,1.0000,1.0000,0.0000,0.0004,1.2343
2133,MARKET,GROW,0,1.2480,1.0000,0.6667,0.2399,1.0000,1.0000,0.0000,0.0002,1.2349
2134,MARKET,BURN,0,1.2567,1.0000,0.6667,0.2836,1.0000,1.0000,0.0000,0.0004,1.2360
2135,MARKET,BURN,0,1.2567,1.0000,0.6667,0.2836,1.0000,1.0000,0.0000,0.0004,1.2371
2136,MARKET,SPREAD,0,1.2032,1.0000,0.6667,0.0162,1.0000,1.0000,0.0000,-0.0006,1.2354
2137,MARKET,BURN,0,1.2567,1.0000,0.6667,0.2836,1.0000,1.0000,0.0000,0.0004,1.2364
2138,MARKET,BURN,0,1.2567,1.0000,0.6667,0.2836,1.0000,1.0000,0.0000,0.0004,1.2375
2139,MARKET,BURN,0,1.2567,1.0000,0.6667,0.2836,1.0000,1.0000,0.0000,0.0003,1.2384
2140,MARKET,GROW,0,1.2480,1.0000,0.6667,0.2399,1.0000,1.0000,0.0000,0.0002,1.2389
2141,MARKET,SPREAD,0,1.2032,1.0000,0.6667,0.0162,1.0000,1.0000,0.0000,-0.0006,1.2371
2142,ROAD,BURN,0,1.2272,1.0000,0.6667,0.1362,1.0000,1.0000,0.0000,-0.0731,1.2366
2143,MARKET,FALL,0,1.2676,1.0000,0.6667,0.3378,1.0000,1.0000,0.0000,0.0005,1.2382
2144,MARKET,SPREAD,0,1.2032,1.0000,0.6667,0.0162,1.0000,1.0000,0.0000,-0.0006,1.2364
2145,MARKET,GROW,0,1.2480,1.0000,0.6667,0.2399,1.0000,1.0000,0.0000,0.0002,1.2370
2146,BIG MARKET,BURN,0,1.3445,1.0000,1.0000,0.2226,1.0000,1.0000,1.0000,0.9883,1.2424
2147,MARKET,GROW,0,1.2480,1.0000,0.6667,0.2399,1.0000,1.0000,0.0000,0.0001,1.2427
2148,MARKET,FALL,0,1.2676,1.0000,0.6667,0.3378,1.0000,1.0000,0.0000,0.0004,1.2439
2149,MARKET,BURN,0,1.2567,1.0000,0.6667,0.2836,1.0000,1.0000,0.0000,0.0002,1.2445
2150,MARKET,GROW,0,1.2480,1.0000,0.6667,0.2399,1.0000,1.0000,0.0000,0.0001,1.2447
2151,MARKET,SPREAD,0,1.2032,1.0000,0.6667,0.0162,1.0000,1.0000,0.0000,-0.0007,1.2426
2152,MARKET,GROW,0,1.2480,1.0000,0.6667,0.2399,1.0000,1.0000,0.0000,0.0001,1.2429
2153,MARKET,BURN,0,1.2567,1.0000,0.6667,0.2836,1.0000,1.0000,0.0000,0.0003,1.2436
2154,MARKET,BURN,0,1.2567,1.0000,0.6667,0.2836,1.0000,1.0000,0.0000,0.0002,1.2443
2155,MARKET,FALL,0,1.2676,1.0000,0.6667,0.3378,1.0000,1.0000,0.0000,0.0004,1.2454
2156,MARKET,GROW,0,1.2480,1.0000,0.6667,0.2399,1.0000,1.0000,0.0000,0.0000,1.2455
2157,MARKET,BURN,0,1.2567,1.0000,0.6667,0.2836,1.0000,1.0000,0.0000,0.0002,1.2461
2158,MARKET,BURN,0,1.2567,1.0000,0.6667,0.2836,1.0000,1.0000,0.0000,0.0002,1.2466
2159,MARKET,BURN,0,1.2567,1.0000,0.6667,0.2836,1.0000,1.0000,0.0000,0.0002,1.2471
2160,MARKET,FALL,0,1.2676,1.0000,0.6667,0.3378,1.0000,1.0000,0.0000,0.0004,1.2482
2161,MARKET,GROW,0,1.2480,1.0000,0.6667,0.2399,1.0000,1.0000,0.0000,-0.0000,1.2481
2162,MARKET,SPREAD,0,1.2032,1.0000,0.6667,0.0162,1.0000,1.0000,0.0000,-0.0009,1.2459
2163,MARKET,GROW,0,1.2480,1.0000,0.6667,0.2399,1.0000,1.0000,0.0000,0.0000,1.2460
2164,MARKET,FALL,0,1.2676,1.0000,0.6667,0.3378,1.0000,1.0000,0.0000,0.0004,1.2471
2165,MARKET,GROW,0,1.2480,1.0000,0.6667,0.2399,1.0000,1.0000,0.0000,0.0000,1.2471
2166,MARKET,FALL,0,1.2676,1.0000,0.6667,0.3378,1.0000,1.0000,0.0000,0.0004,1.2482
2167,MARKET,BURN,0,1.2567,1.0000,0.6667,0.2836,1.0000,1.0000,0.0000,0.0002,1.2486
2168,MARKET,SPREAD,0,1.2032,1.0000,0.6667,0.0162,1.0000,1.0000,0.0000,-0.0009,1.2463
2169,MARKET,FALL,0,1.2676,1.0000,0.6667,0.3378,1.0000,1.0000,0.0000,0.0004,1.2474
2170,MARKET,BURN,0,1.2567,1.0000,0.6667,0.2836,1.0000,1.0000,0.0000,0.0002,1.2478
2171,MARKET,BURN,0,1.2567,1.0000,0.6667,0.2836,1.0000,1.0000,0.0000,0.0002,1.2483
2172,MARKET,BURN,0,1.2567,1.0000,0.6667,0.2836,1.0000,1.0000,0.0000,0.0002,1.2487
2173,MARKET,FALL,0,1.2676,1.0000,0.6667,0.3378,1.0000,1.0000,0.0000,0.0004,1.2496
2174,MARKET,GROW,0,1.2480,1.0000,0.6667,0.2399,1.0000,1.0000,0.0000,-0.0000,1.2496
2175,MARKET,SPREAD,0,1.2032,1.0000,0.6667,0.0162,1.0000,1.0000,0.0000,-0.0009,1.2472
2176,MARKET,GROW,0,1.2480,1.0000,0.6667,0.2399,1.0000,1.0000,0.0000,0.0000,1.2473
2177,MARKET,FALL,0,1.2676,1.0000,0.6667,0.3378,1.0000,1.0000,0.0000,0.0004,1.2483
2178,MARKET,BURN,0,1.2567,1.0000,0.6667,0.2836,1.0000,1.0000,0.0000,0.0002,1.2487
2179,MARKET,FALL,0,1.2676,1.0000,0.6667,0.3378,1.0000,1.0000,0.0000,0.0004,1.2497
2180,MARKET,FALL,0,1.2676,1.0000,0.6667,0.3378,1.0000,1.0000,0.0000,0.0004,1.2506
2181,MARKET,BURN,0,1.2567,1.0000,0.6667,0.2836,1.0000,1.0000,0.0000,0.0001,1.2509
2182,MARKET,FALL,0,1.2676,1.0000,0.6667,0.3378,1.0000,1.0000,0.0000,0.0003,1.2517
2183,MARKET,GROW,0,1.2480,1.0000,0.6667,0.2399,1.0000,1.0000,0.0000,-0.0001,1.2515
2184,MARKET,BURN,0,1.2567,1.0000,0.6667,0.2836,1.0000,1.0000,0.0000,0.0001,1.2518
2185,MARKET,GROW,0,1.2480,1.0000,0.6667,0.2399,1.0000,1.0000,0.0000,-0.0001,1.2516
2186,MARKET,MOVE CAT,0,1.2599,1.0000,0.6667,0.2994,1.0000,1.0000,0.0000,0.0002,1.2520
2187,MARKET,FALL,0,1.2676,1.0000,0.6667,0.3378,1.0000,1.0000,0.0000,0.0003,1.2528
2188,MARKET,FALL,0,1.2676,1.0000,0.6667,0.3378,1.0000,1.0000,0.0000,0.0003,1.2535
2189,MARKET,FALL,0,1.2676,1.0000,0.6667,0.3378,1.0000,1.0000,0.0000,0.0003,1.2542
2190,MARKET,FALL,0,1.2676,1.0000,0.6667,0.3378,1.0000,1.0000,0.0000,0.0003,1.2549
2191,TRUTH,SPREAD,1,0.2077,0.0000,0.6667,0.0383,1.0000,1.0000,0.0000,-10.2567,1.2025
2192,MARKET,SPREAD,0,1.2032,1.0000,0.6667,0.0162,1.0000,1.0000,0.0000,0.0000,1.2026
2193,MARKET,FALL,0,1.2676,1.0000,0.6667,0.3378,1.0000,1.0000,0.0000,0.0012,1.2058
2194,MARKET,FALL,0,1.2676,1.0000,0.6667,0.3378,1.0000,1.0000,0.0000,0.0012,1.2089
2195,MARKET,BURN,0,1.2567,1.0000,0.6667,0.2836,1.0000,1.0000,0.0000,0.0009,1.2113
2196,MARKET,BURN,0,1.2567,1.0000,0.6667,0.2836,1.0000,1.0000,0.0000,0.0009,1.2136
2197,MARKET,GROW,0,1.2480,1.0000,0.6667,0.2399,1.0000,1.0000,0.0000,0.0007,1.2153
2198,MARKET,GROW,0,1.2480,1.0000,0.6667,0.2399,1.0000,1.0000,0.0000,0.0006,1.2169
2199,MARKET,GROW,0,1.2480,1.0000,0.6667,0.2399,1.0000,1.0000,0.0000,0.0006,1.2185
2200,MARKET,BURN,0,1.2567,1.0000,0.6667,0.2836,1.0000,1.0000,0.0000,0.0007,1.2204
2201,MARKET,BURN,0,1.2567,1.0000,0.6667,0.2836,1.0000,1.0000,0.0000,0.0006,1.2222
2202,MARKET,BURN,0,1.2567,1.0000,0.6667,0.2836,1.0000,1.0000,0.0000,0.0006,1.2239
2203,MARKET,SPREAD,0,1.2032,1.0000,0.6667,0.0162,1.0000,1.0000,0.0000,-0.0004,1.2229
2204,MARKET,FALL,0,1.2676,1.0000,0.6667,0.3378,1.0000,1.0000,0.0000,0.0008,1.2251
2205,MARKET,SPREAD,0,1.2032,1.0000,0.6667,0.0162,1.0000,1.0000,0.0000,-0.0004,1.2240
2206,MARKET,FALL,0,1.2676,1.0000,0.6667,0.3378,1.0000,1.0000,0.0000,0.0008,1.2262
2207,MARKET,SPREAD,0,1.2032,1.0000,0.6667,0.0162,1.0000,1.0000,0.0000,-0.0004,1.2251
2208,MARKET,GROW,0,1.2480,1.0000,0.6667,0.2399,1.0000,1.0000,0.0000,0.0004,1.2262
2209,MARKET,GROW,0,1.2480,1.0000,0.6667,0.2399,1.0000,1.0000,0.0000,0.0004,1.2273
2210,MARKET,SPREAD,0,1.2032,1.0000,0.6667,0.0162,1.0000,1.0000,0.0000,-0.0004,1.2261
2211,MARKET,GROW,0,1.2480,1.0000,0.6667,0.2399,1.0000,1.0000,0.0000,0.0004,1.2272
2212,HOME,BURN,0,1.2524,1.0000,0.6667,0.2618,1.0000,1.0000,0.0000,0.1634,1.2284
2213,MARKET,SPREAD,0,1.2032,1.0000,0.6667,0.0162,1.0000,1.0000,0.0000,-0.0005,1.2272
2214,MARKET,GROW,0,1.2480,1.0000,0.6667,0.2399,1.0000,1.0000,0.0000,0.0004,1.2282
2215,MARKET,GROW,0,1.2480,1.0000,0.6667,0.2399,1.0000,1.0000,0.0000,0.0003,1.2292
2216,MARKET,BURN,0,1.2567,1.0000,0.6667,0.2836,1.0000,1.0000,0.0000,0.0005,1.2306
2217,MARKET,GROW,0,1.2480,1.0000,0.6667,0.2399,1.0000,1.0000,0.0000,0.0003,1.2315
2218,MARKET,FALL,0,1.2676,1.0000,0.6667,0.3378,1.0000,1.0000,0.0000,0.0006,1.2333
2219,MARKET,GROW,0,1.2480,1.0000,0.6667,0.2399,1.0000,1.0000,0.0000,0.0003,1.2340
2220,MARKET,GROW,0,1.2480,1.0000,0.6667,0.2399,1.0000,1.0000,0.0000,0.0003,1.2347
2221,MARKET,BURN,0,1.2567,1.0000,0.6667,0.2836,1.0000,1.0000,0.0000,0.0004,1.2358
2222,MARKET,SPREAD,0,1.2032,1.0000,0.6667,0.0162,1.0000,1.0000,0.0000,-0.0006,1.2342
2223,MARKET,BURN,0,1.2567,1.0000,0.6667,0.2836,1.0000,1.0000,0.0000,0.0004,1.2353
2224,MARKET,MOVE CHILD,0,1.2506,1.0000,0.6667,0.2528,1.0000,1.0000,0.0000,0.0003,1.2361
2225,MARKET,SPREAD,0,1.2032,1.0000,0.6667,0.0162,1.0000,1.0000,0.0000,-0.0006,1.2344
2226,MARKET,SPREAD,0,1.2032,1.0000,0.6667,0.0162,1.0000,1.0000,0.0000,-0.0006,1.2329
2227,MARKET,SPREAD,0,1.2032,1.0000,0.6667,0.0162,1.0000,1.0000,0.0000,-0.0005,1.2314
2228,MARKET,SPREAD,0,1.2032,1.0000,0.6667,0.0162,1.0000,1.0000,0.0000,-0.0005,1.2300
2229,MARKET,SPREAD,0,1.2032,1.0000,0.6667,0.0162,1.0000,1.0000,0.0000,-0.0005,1.2286
2230,MARKET,SPREAD,0,1.2032,1.0000,0.6667,0.0162,1.0000,1.0000,0.0000,-0.0005,1.2274
2231,MARKET,FALL,0,1.2676,1.0000,0.6667,0.3378,1.0000,1.0000,0.0000,0.0007,1.2294
2232,MARKET,SPREAD,0,1.2032,1.0000,0.6667,0.0162,1.0000,1.0000,0.0000,-0.0005,1.2281
2233,MARKET,BURN,0,1.2567,1.0000,0.6667,0.2836,1.0000,1.0000,0.0000,0.0005,1.2295
2234,MARKET,BURN,0,1.2567,1.0000,0.6667,0.2836,1.0000,1.0000,0.0000,0.0005,1.2309
2235,MARKET,GROW,0,1.2480,1.0000,0.6667,0.2399,1.0000,1.0000,0.0000,0.0003,1.2317
2236,MARKET,SPREAD,0,1.2032,1.0000,0.6667,0.0162,1.0000,1.0000,0.0000,-0.0005,1.2303
2237,MARKET,FALL,0,1.2676,1.0000,0.6667,0.3378,1.0000,1.0000,0.0000,0.0007,1.2322
2238,MARKET,BURN,0,1.2567,1.0000,0.6667,0.2836,1.0000,1.0000,0.0000,0.0004,1.2334
2239,MARKET,BURN,0,1.2567,1.0000,0.6667,0.2836,1.0000,1.0000,0.0000,0.0004,1.2346
2240,MARKET,BURN,0,1.2567,1.0000,0.6667,0.2836,1.0000,1.0000,0.0000,0.0004,1.2357
2241,MARKET,GROW,0,1.2480,1.0000,0.6667,0.2399,1.0000,1.0000,0.0000,0.0002,1.2363
2242,MARKET,BURN,0,1.2567,1.0000,0.6667,0.2836,1.0000,1.0000,0.0000,0.0004,1.2373
2243,MARKET,BURN,0,1.2567,1.0000,0.6667,0.2836,1.0000,1.0000,0.0000,0.0003,1.2383
2244,MARKET,SPREAD,0,1.2032,1.0000,0.6667,0.0162,1.0000,1.0000,0.0000,-0.0006,1.2365
2245,CORRUPTED,CLOCK HEAR ERROR HEAR FREE TRAPPED BIRD MOVE SECRET WEAPON,0,1.4374,1.0000,0.9333,0.7870,1.0000,1.0000,0.8000,1.5724,1.2466
2246,MARKET,GROW,0,1.2480,1.0000,0.6667,0.2399,1.0000,1.0000,0.0000,0.0000,1.2466
2247,MARKET,GROW,0,1.2480,1.0000,0.6667,0.2399,1.0000,1.0000,0.0000,0.0000,1.2467
2248,MARKET,BURN,0,1.2567,1.0000,0.6667,0.2836,1.0000,1.0000,0.0000,0.0002,1.2472
2249,MARKET,FALL,0,1.2676,1.0000,0.6667,0.3378,1.0000,1.0000,0.0000,0.0004,1.2482
2250,MARKET,BURN,0,1.2567,1.0000,0.6667,0.2836,1.0000,1.0000,0.0000,0.0002,1.2486
2251,MARKET,FALL,0,1.2676,1.0000,0.6667,0.3378,1.0000,1.0000,0.0000,0.0004,1.2496
2252,MARKET,SPREAD,0,1.2032,1.0000,0.6667,0.0162,1.0000,1.0000,0.0000,-0.0010,1.2473
2253,MARKET,MOVE DIRTY ROAD,0,1.2532,1.0000,0.6667,0.2659,0.0000,1.0000,1.0000,0.0001,1.2476
2254,MARKET,FALL,0,1.2676,1.0000,0.6667,0.3378,1.0000,1.0000,0.0000,0.0004,1.2486
2255,MARKET,FALL,0,1.2676,1.0000,0.6667,0.3378,1.0000,1.0000,0.0000,0.0004,1.2495
2256,MARKET,FALL,0,1.2676,1.0000,0.6667,0.3378,1.0000,1.0000,0.0000,0.0004,1.2504
2257,MARKET,SPREAD,0,1.2032,1.0000,0.6667,0.0162,1.0000,1.0000,0.0000,-0.0010,1.2481
2258,MARKET,GROW,0,1.2480,1.0000,0.6667,0.2399,1.0000,1.0000,0.0000,-0.0000,1.2481
2259,CONNECTED MOUNTAIN,BURN,0,1.3139,1.0000,1.0000,0.0695,1.0000,1.0000,1.0000,0.8039,1.2513
2260,MARKET,BURN,0,1.2567,1.0000,0.6667,0.2836,1.0000,1.0000,0.0000,0.0001,1.2516
2261,MARKET,GROW,0,1.2480,1.0000,0.6667,0.2399,1.0000,1.0000,0.0000,-0.0001,1.2514
2262,MARKET,BURN,0,1.2567,1.0000,0.6667,0.2836,1.0000,1.0000,0.0000,0.0001,1.2517
2263,MARKET,FALL,0,1.2676,1.0000,0.6667,0.3378,1.0000,1.0000,0.0000,0.0004,1.2525
2264,MARKET,FALL,0,1.2676,1.0000,0.6667,0.3378,1.0000,1.0000,0.0000,0.0003,1.2532
2265,MARKET,BURN,0,1.2567,1.0000,0.6667,0.2836,1.0000,1.0000,0.0000,0.0001,1.2534
2266,MARKET,SPREAD,0,1.2032,1.0000,0.6667,0.0162,1.0000,1.0000,0.0000,-0.0012,1.2509
2267,MARKET,BURN,0,1.2567,1.0000,0.6667,0.2836,1.0000,1.0000,0.0000,0.0001,1.2512
2268,MARKET,GROW,0,1.2480,1.0000,0.6667,0.2399,1.0000,1.0000,0.0000,-0.0001,1.2510
2269,MARKET,SPREAD,0,1.2032,1.0000,0.6667,0.0162,1.0000,1.0000,0.0000,-0.0012,1.2486
2270,MARKET,FALL,0,1.2676,1.0000,0.6667,0.3378,1.0000,1.0000,0.0000,0.0005,1.2496
2271,MARKET,BURN,0,1.2567,1.0000,0.6667,0.2836,1.0000,1.0000,0.0000,0.0002,1.2499
2272,MARKET,BURN,0,1.2567,1.0000,0.6667,0.2836,1.0000,1.0000,0.0000,0.0002,1.2503
2273,MARKET,GROW,0,1.2480,1.0000,0.6667,0.2399,1.0000,1.0000,0.0000,-0.0001,1.2502
2274,MARKET,GROW,0,1.2480,1.0000,0.6667,0.2399,1.0000,1.0000,0.0000,-0.0001,1.2501
2275,MARKET,FALL,0,1.2676,1.0000,0.6667,0.3378,1.0000,1.0000,0.0000,0.0005,1.2509
2276,MARKET,FALL,0,1.2676,1.0000,0.6667,0.3378,1.0000,1.0000,0.0000,0.0005,1.2518
2277,MARKET,FALL,0,1.2676,1.0000,0.6667,0.3378,1.0000,1.0000,0.0000,0.0004,1.2526
2278,MARKET,FALL,0,1.2676,1.0000,0.6667,0.3378,1.0000,1.0000,0.0000,0.0004,1.2533
2279,MARKET,GROW,0,1.2480,1.0000,0.6667,0.2399,1.0000,1.0000,0.0000,-0.0001,1.2530
2280,MARKET,BURN,0,1.2567,1.0000,0.6667,0.2836,1.0000,1.0000,0.0000,0.0001,1.2532
2281,MARKET,BURN,0,1.2567,1.0000,0.6667,0.2836,1.0000,1.0000,0.0000,0.0001,1.2534
2282,MARKET,BURN,0,1.2567,1.0000,0.6667,0.2836,1.0000,1.0000,0.0000,0.0001,1.2536
2283,MARKET,GROW,0,1.2480,1.0000,0.6667,0.2399,1.0000,1.0000,0.0000,-0.0002,1.2533
2284,MARKET,BURN,0,1.2567,1.0000,0.6667,0.2836,1.0000,1.0000,0.0000,0.0001,1.2535
2285,TRUTH GROW,,1,0.2000,0.0000,0.6667,0.0000,1.0000,1.0000,0.0000,-15.4296,1.2008
2286,MARKET,GROW,0,1.2480,1.0000,0.6667,0.2399,1.0000,1.0000,0.0000,0.0013,1.2031
2287,MARKET,SPREAD,0,1.2032,1.0000,0.6667,0.0162,1.0000,1.0000,0.0000,0.0000,1.2031
2288,MARKET,BURN,0,1.2567,1.0000,0.6667,0.2836,1.0000,1.0000,0.0000,0.0014,1.2058
2289,MARKET,FALL,0,1.2676,1.0000,0.6667,0.3378,1.0000,1.0000,0.0000,0.0016,1.2089
2290,MARKET,BURN,0,1.2567,1.0000,0.6667,0.2836,1.0000,1.0000,0.0000,0.0012,1.2113
2291,MARKET,SPREAD,0,1.2032,1.0000,0.6667,0.0162,1.0000,1.0000,0.0000,-0.0002,1.2109
2292,MARKET,GROW,0,1.2480,1.0000,0.6667,0.2399,1.0000,1.0000,0.0000,0.0010,1.2128
2293,MARKET,SPREAD,0,1.2032,1.0000,0.6667,0.0162,1.0000,1.0000,0.0000,-0.0002,1.2123
2294,MARKET,SPREAD,0,1.2032,1.0000,0.6667,0.0162,1.0000,1.0000,0.0000,-0.0002,1.2118
2295,MARKET,BURN,0,1.2567,1.0000,0.6667,0.2836,1.0000,1.0000,0.0000,0.0010,1.2141
2296,MARKET,FALL,0,1.2676,1.0000,0.6667,0.3378,1.0000,1.0000,0.0000,0.0013,1.2167
2297,MARKET,GROW,0,1.2480,1.0000,0.6667,0.2399,1.0000,1.0000,0.0000,0.0008,1.2183
2298,MARKET,SPREAD,0,1.2032,1.0000,0.6667,0.0162,1.0000,1.0000,0.0000,-0.0004,1.2176
2299,PRISON,GROW,0,1.2306,1.0000,0.6667,0.1532,1.0000,1.0000,0.0000,0.0760,1.2182
2300,MARKET,GROW,0,1.2480,1.0000,0.6667,0.2399,1.0000,1.0000,0.0000,0.0007,1.2197
2301,MARKET,,0,1.1000,1.0000,0.3333,0.0000,1.0000,0.0000,0.0000,-0.0028,1.2137
2302,MARKET,GROW,0,1.2480,1.0000,0.6667,0.2399,1.0000,1.0000,0.0000,0.0008,1.2154
2303,MARKET,GROW,0,1.2480,1.0000,0.6667,0.2399,1.0000,1.0000,0.0000,0.0008,1.2171
2304,MARKET,MOVE STRONG BIG SENSOR,0,1.3519,1.0000,1.0000,0.2593,1.0000,1.0000,1.0000,0.0031,1.2238
2305,MARKET,BURN,0,1.2567,1.0000,0.6667,0.2836,1.0000,1.0000,0.0000,0.0008,1.2254
2306,MARKET,BURN,0,1.2567,1.0000,0.6667,0.2836,1.0000,1.0000,0.0000,0.0008,1.2270
2307,MARKET,SPREAD,0,1.2032,1.0000,0.6667,0.0162,1.0000,1.0000,0.0000,-0.0006,1.2258
2308,MARKET,BURN,0,1.2567,1.0000,0.6667,0.2836,1.0000,1.0000,0.0000,0.0007,1.2274
2309,MARKET,GROW,0,1.2480,1.0000,0.6667,0.2399,1.0000,1.0000,0.0000,0.0005,1.2284
2310,MARKET,BURN,0,1.2567,1.0000,0.6667,0.2836,1.0000,1.0000,0.0000,0.0007,1.2298
2311,MARKET,FALL,0,1.2676,1.0000,0.6667,0.3378,1.0000,1.0000,0.0000,0.0009,1.2317
2312,MARKET,FALL,0,1.2676,1.0000,0.6667,0.3378,1.0000,1.0000,0.0000,0.0008,1.2335
2313,MARKET,SPREAD,0,1.2032,1.0000,0.6667,0.0162,1.0000,1.0000,0.0000,-0.0007,1.2320
2314,MARKET,GROW,0,1.2480,1.0000,0.6667,0.2399,1.0000,1.0000,0.0000,0.0004,1.2328
2315,MARKET,BURN,0,1.2567,1.0000,0.6667,0.2836,1.0000,1.0000,0.0000,0.0005,1.2340
2316,MARKET,BURN,0,1.2567,1.0000,0.6667,0.2836,1.0000,1.0000,0.0000,0.0005,1.2351
2317,MARKET,FALL,0,1.2676,1.0000,0.6667,0.3378,1.0000,1.0000,0.0000,0.0008,1.2367
2318,MARKET,BURN,0,1.2567,1.0000,0.6667,0.2836,1.0000,1.0000,0.0000,0.0005,1.2377
2319,MARKET,FALL,0,1.2676,1.0000,0.6667,0.3378,1.0000,1.0000,0.0000,0.0007,1.2392
2320,MARKET,SPREAD,0,1.2032,1.0000,0.6667,0.0162,1.0000,1.0000,0.0000,-0.0008,1.2374
2321,MARKET,GROW,0,1.2480,1.0000,0.6667,0.2399,1.0000,1.0000,0.0000,0.0002,1.2380
2322,MARKET,GROW,0,1.2480,1.0000,0.6667,0.2399,1.0000,1.0000,0.0000,0.0002,1.2385
2323,MARKET,SPREAD,0,1.2032,1.0000,0.6667,0.0162,1.0000,1.0000,0.0000,-0.0008,1.2367
2324,MARKET,BURN,0,1.2567,1.0000,0.6667,0.2836,1.0000,1.0000,0.0000,0.0005,1.2377
2325,MARKET,FALL,0,1.2676,1.0000,0.6667,0.3378,1.0000,1.0000,0.0000,0.0007,1.2392
2326,MARKET,FALL,0,1.2676,1.0000,0.6667,0.3378,1.0000,1.0000,0.0000,0.0007,1.2406
2327,MARKET,FALL,0,1.2676,1.0000,0.6667,0.3378,1.0000,1.0000,0.0000,0.0006,1.2420
2328,MARKET,BURN,0,1.2567,1.0000,0.6667,0.2836,1.0000,1.0000,0.0000,0.0004,1.2427
2329,MARKET,BURN,0,1.2567,1.0000,0.6667,0.2836,1.0000,1.0000,0.0000,0.0003,1.2434
2330,MARKET,SPREAD,0,1.2032,1.0000,0.6667,0.0162,1.0000,1.0000,0.0000,-0.0009,1.2414
2331,MARKET,SPREAD,0,1.2032,1.0000,0.6667,0.0162,1.0000,1.0000,0.0000,-0.0009,1.2395
2332,MARKET,FALL,0,1.2676,1.0000,0.6667,0.3378,1.0000,1.0000,0.0000,0.0006,1.2409
2333,MARKET,FALL,0,1.2676,1.0000,0.6667,0.3378,1.0000,1.0000,0.0000,0.0006,1.2422
2334,PHONE,MOVE SEED UPDATE VAST COMPLEX TRUTH,0,1.3026,1.0000,1.0000,0.0130,1.0000,1.0000,1.0000,0.5996,1.2452
2335,MARKET,GROW,0,1.2480,1.0000,0.6667,0.2399,1.0000,1.0000,0.0000,0.0001,1.2454
2336,MARKET,SPREAD,0,1.2032,1.0000,0.6667,0.0162,1.0000,1.0000,0.0000,-0.0011,1.2433
2337,MARKET,GROW,0,1.2480,1.0000,0.6667,0.2399,1.0000,1.0000,0.0000,0.0001,1.2435
2338,MARKET,SPREAD,0,1.2032,1.0000,0.6667,0.0162,1.0000,1.0000,0.0000,-0.0010,1.2415
2339,MARKET,GROW,0,1.2480,1.0000,0.6667,0.2399,1.0000,1.0000,0.0000,0.0002,1.2418
2340,MARKET,SPREAD,0,1.2032,1.0000,0.6667,0.0162,1.0000,1.0000,0.0000,-0.0010,1.2399
2341,MARKET,SPREAD,0,1.2032,1.0000,0.6667,0.0162,1.0000,1.0000,0.0000,-0.0009,1.2381
2342,MARKET,FALL,0,1.2676,1.0000,0.6667,0.3378,1.0000,1.0000,0.0000,0.0008,1.2395
2343,MARKET,GROW,0,1.2480,1.0000,0.6667,0.2399,1.0000,1.0000,0.0000,0.0002,1.2399
2344,MARKET,BURN,0,1.2567,1.0000,0.6667,0.2836,1.0000,1.0000,0.0000,0.0005,1.2408
2345,MARKET,BURN,0,1.2567,1.0000,0.6667,0.2836,1.0000,1.0000,0.0000,0.0004,1.2416
2346,MARKET,BURN,0,1.2567,1.0000,0.6667,0.2836,1.0000,1.0000,0.0000,0.0004,1.2423
2347,MARKET,BURN,0,1.2567,1.0000,0.6667,0.2836,1.0000,1.0000,0.0000,0.0004,1.2431
2348,MARKET,BURN,0,1.2567,1.0000,0.6667,0.2836,1.0000,1.0000,0.0000,0.0004,1.2437
2349,MARKET,BURN,0,1.2567,1.0000,0.6667,0.2836,1.0000,1.0000,0.0000,0.0003,1.2444
2350,MARKET,SPREAD,0,1.2032,1.0000,0.6667,0.0162,1.0000,1.0000,0.0000,-0.0011,1.2423
2351,MARKET,FALL,0,1.2676,1.0000,0.6667,0.3378,1.0000,1.0000,0.0000,0.0007,1.2436
2352,MARKET,BURN,0,1.2567,1.0000,0.6667,0.2836,1.0000,1.0000,0.0000,0.0004,1.2443
2353,DIRTY,CROWD MOVE STONE,1,0.4271,0.0000,1.0000,0.6356,1.0000,1.0000,1.0000,-5.5309,1.2034
2354,MARKET,FALL,0,1.2676,1.0000,0.6667,0.3378,1.0000,1.0000,0.0000,0.0017,1.2066
2355,MARKET,FALL,0,1.2676,1.0000,0.6667,0.3378,1.0000,1.0000,0.0000,0.0016,1.2097
2356,MARKET,BURN,0,1.2567,1.0000,0.6667,0.2836,1.0000,1.0000,0.0000,0.0012,1.2120
2357,MARKET,SPREAD,0,1.2032,1.0000,0.6667,0.0162,1.0000,1.0000,0.0000,-0.0002,1.2116
2358,MARKET,BURN,0,1.2567,1.0000,0.6667,0.2836,1.0000,1.0000,0.0000,0.0011,1.2138
2359,MARKET,BURN,0,1.2567,1.0000,0.6667,0.2836,1.0000,1.0000,0.0000,0.0011,1.2160
2360,MARKET,BURN,0,1.2567,1.0000,0.6667,0.2836,1.0000,1.0000,0.0000,0.0010,1.2180
2361,MARKET,FALL,0,1.2676,1.0000,0.6667,0.3378,1.0000,1.0000,0.0000,0.0012,1.2205
2362,MARKET,GROW,0,1.2480,1.0000,0.6667,0.2399,1.0000,1.0000,0.0000,0.0007,1.2219
2363,MARKET,BURN,0,1.2567,1.0000,0.6667,0.2836,1.0000,1.0000,0.0000,0.0008,1.2236
2364,MARKET,SPREAD,0,1.2032,1.0000,0.6667,0.0162,1.0000,1.0000,0.0000,-0.0005,1.2226
2365,MARKET,SPREAD,0,1.2032,1.0000,0.6667,0.0162,1.0000,1.0000,0.0000,-0.0005,1.2216
2366,MARKET,SPREAD,0,1.2032,1.0000,0.6667,0.0162,1.0000,1.0000,0.0000,-0.0004,1.2207
2367,MARKET,BURN,0,1.2567,1.0000,0.6667,0.2836,1.0000,1.0000,0.0000,0.0008,1.2225
2368,MARKET,SPREAD,0,1.2032,1.0000,0.6667,0.0162,1.0000,1.0000,0.0000,-0.0004,1.2215
2369,MARKET,BURN,0,1.2567,1.0000,0.6667,0.2836,1.0000,1.0000,0.0000,0.0008,1.2233
2370,MARKET,BURN,0,1.2567,1.0000,0.6667,0.2836,1.0000,1.0000,0.0000,0.0007,1.2250
2371,MARKET,SPREAD,0,1.2032,1.0000,0.6667,0.0162,1.0000,1.0000,0.0000,-0.0005,1.2239
2372,MARKET,FALL,0,1.2676,1.0000,0.6667,0.3378,1.0000,1.0000,0.0000,0.0009,1.2261
2373,MARKET,GROW,0,1.2480,1.0000,0.6667,0.2399,1.0000,1.0000,0.0000,0.0005,1.2272
2374,MARKET,GROW,0,1.2480,1.0000,0.6667,0.2399,1.0000,1.0000,0.0000,0.0005,1.2282
2375,MARKET,BURN,0,1.2567,1.0000,0.6667,0.2836,1.0000,1.0000,0.0000,0.0006,1.2296
2376,MARKET,FALL,0,1.2676,1.0000,0.6667,0.3378,1.0000,1.0000,0.0000,0.0008,1.2315
2377,MARKET,GROW,0,1.2480,1.0000,0.6667,0.2399,1.0000,1.0000,0.0000,0.0004,1.2323
2378,MARKET,BURN,0,1.2567,1.0000,0.6667,0.2836,1.0000,1.0000,0.0000,0.0006,1.2336
2379,MARKET,GROW,0,1.2480,1.0000,0.6667,0.2399,1.0000,1.0000,0.0000,0.0003,1.2343
2380,MARKET,GROW,0,1.2480,1.0000,0.6667,0.2399,1.0000,1.0000,0.0000,0.0003,1.2350
2381,MARKET,FALL,0,1.2676,1.0000,0.6667,0.3378,1.0000,1.0000,0.0000,0.0007,1.2366
2382,MARKET,BURN,0,1.2567,1.0000,0.6667,0.2836,1.0000,1.0000,0.0000,0.0004,1.2376
2383,MARKET,BURN,0,1.2567,1.0000,0.6667,0.2836,1.0000,1.0000,0.0000,0.0004,1.2386
2384,MARKET,FALL,0,1.2676,1.0000,0.6667,0.3378,1.0000,1.0000,0.0000,0.0007,1.2400
2385,MARKET,FALL,0,1.2676,1.0000,0.6667,0.3378,1.0000,1.0000,0.0000,0.0006,1.2414
2386,MARKET,BURN,0,1.2567,1.0000,0.6667,0.2836,1.0000,1.0000,0.0000,0.0003,1.2422
2387,MARKET,GROW,0,1.2480,1.0000,0.6667,0.2399,1.0000,1.0000,0.0000,0.0001,1.2424
2388,MARKET,BURN,0,1.2567,1.0000,0.6667,0.2836,1.0000,1.0000,0.0000,0.0003,1.2432
2389,MARKET,FALL,0,1.2676,1.0000,0.6667,0.3378,1.0000,1.0000,0.0000,0.0005,1.2444
2390,MARKET,BURN,0,1.2567,1.0000,0.6667,0.2836,1.0000,1.0000,0.0000,0.0003,1.2450
2391,MARKET,BURN,0,1.2567,1.0000,0.6667,0.2836,1.0000,1.0000,0.0000,0.0002,1.2456
2392,MARKET,FALL,0,1.2676,1.0000,0.6667,0.3378,1.0000,1.0000,0.0000,0.0005,1.2467
2393,MARKET,BURN,0,1.2567,1.0000,0.6667,0.2836,1.0000,1.0000,0.0000,0.0002,1.2472
2394,MARKET,MOVE ISOLATED STRONG DOG,0,1.3710,1.0000,1.0000,0.3549,1.0000,1.0000,1.0000,0.0027,1.2534
2395,MARKET,GROW,0,1.2480,1.0000,0.6667,0.2399,1.0000,1.0000,0.0000,-0.0001,1.2531
2396,MARKET,MOVE ENCRYPTED TRAPPED GUARD,0,1.3492,1.0000,1.0000,0.2461,1.0000,1.0000,1.0000,0.0020,1.2579
2397,MARKET,FALL,0,1.2676,1.0000,0.6667,0.3378,1.0000,1.0000,0.0000,0.0002,1.2584
2398,MARKET,SPREAD,0,1.2032,1.0000,0.6667,0.0162,1.0000,1.0000,0.0000,-0.0012,1.2556
2399,MARKET,SPREAD,0,1.2032,1.0000,0.6667,0.0162,1.0000,1.0000,0.0000,-0.0011,1.2530
2400,MARKET,GROW,0,1.2480,1.0000,0.6667,0.2399,1.0000,1.0000,0.0000,-0.0001,1.2528
2401,MARKET,FALL,0,1.2676,1.0000,0.6667,0.3378,1.0000,1.0000,0.0000,0.0003,1.2535
2402,MARKET,,0,1.1000,1.0000,0.3333,0.0000,1.0000,0.0000,0.0000,-0.0033,1.2458
2403,MARKET,BURN,0,1.2567,1.0000,0.6667,0.2836,1.0000,1.0000,0.0000,0.0002,1.2464
2404,MARKET,FALL,0,1.2676,1.0000,0.6667,0.3378,1.0000,1.0000,0.0000,0.0004,1.2474
2405,MARKET,GROW,0,1.2480,1.0000,0.6667,0.2399,1.0000,1.0000,0.0000,0.0000,1.2475
2406,MARKET,FALL,0,1.2676,1.0000,0.6667,0.3378,1.0000,1.0000,0.0000,0.0004,1.2485
2407,MARKET,FALL,0,1.2676,1.0000,0.6667,0.3378,1.0000,1.0000,0.0000,0.0004,1.2494
2408,MARKET,BURN,0,1.2567,1.0000,0.6667,0.2836,1.0000,1.0000,0.0000,0.0002,1.2498
2409,MARKET,FALL,0,1.2676,1.0000,0.6667,0.3378,1.0000,1.0000,0.0000,0.0004,1.2507
2410,MARKET,SPREAD,0,1.2032,1.0000,0.6667,0.0162,1.0000,1.0000,0.0000,-0.0010,1.2483
2411,MARKET,BURN,0,1.2567,1.0000,0.6667,0.2836,1.0000,1.0000,0.0000,0.0002,1.2487
2412,MARKET,GROW,0,1.2480,1.0000,0.6667,0.2399,1.0000,1.0000,0.0000,-0.0000,1.2487
2413,MARKET,GROW,0,1.2480,1.0000,0.6667,0.2399,1.0000,1.0000,0.0000,-0.0000,1.2486
2414,MARKET,FALL,0,1.2676,1.0000,0.6667,0.3378,1.0000,1.0000,0.0000,0.0004,1.2496
2415,MARKET,GROW,0,1.2480,1.0000,0.6667,0.2399,1.0000,1.0000,0.0000,-0.0000,1.2495
2416,MARKET,BURN,0,1.2567,1.0000,0.6667,0.2836,1.0000,1.0000,0.0000,0.0001,1.2499
2417,MARKET,GROW,0,1.2480,1.0000,0.6667,0.2399,1.0000,1.0000,0.0000,-0.0000,1.2498
2418,MARKET,FALL,0,1.2676,1.0000,0.6667,0.3378,1.0000,1.0000,0.0000,0.0004,1.2507
2419,MARKET,SPREAD,0,1.2032,1.0000,0.6667,0.0162,1.0000,1.0000,0.0000,-0.0010,1.2483
2420,MARKET,BURN,0,1.2567,1.0000,0.6667,0.2836,1.0000,1.0000,0.0000,0.0002,1.2487
2421,MARKET,SPREAD,0,1.2032,1.0000,0.6667,0.0162,1.0000,1.0000,0.0000,-0.0010,1.2464
2422,MARKET,BURN,0,1.2567,1.0000,0.6667,0.2836,1.0000,1.0000,0.0000,0.0002,1.2470
2423,MARKET,FALL,0,1.2676,1.0000,0.6667,0.3378,1.0000,1.0000,0.0000,0.0004,1.2480
2424,MARKET,GROW,0,1.2480,1.0000,0.6667,0.2399,1.0000,1.0000,0.0000,-0.0000,1.2480
2425,MARKET,FALL,0,1.2676,1.0000,0.6667,0.3378,1.0000,1.0000,0.0000,0.0004,1.2490
2426,MARKET,FALL,0,1.2676,1.0000,0.6667,0.3378,1.0000,1.0000,0.0000,0.0004,1.2499
2427,MARKET,BURN,0,1.2567,1.0000,0.6667,0.2836,1.0000,1.0000,0.0000,0.0001,1.2502
2428,MARKET,FALL,0,1.2676,1.0000,0.6667,0.3378,1.0000,1.0000,0.0000,0.0004,1.2511
2429,MARKET,BURN,0,1.2567,1.0000,0.6667,0.2836,1.0000,1.0000,0.0000,0.0001,1.2514
2430,MARKET,SPREAD,0,1.2032,1.0000,0.6667,0.0162,1.0000,1.0000,0.0000,-0.0011,1.2490
2431,MARKET,BURN,0,1.2567,1.0000,0.6667,0.2836,1.0000,1.0000,0.0000,0.0002,1.2494
2432,MARKET,SPREAD,0,1.2032,1.0000,0.6667,0.0162,1.0000,1.0000,0.0000,-0.0010,1.2471
2433,MARKET,SPREAD,0,1.2032,1.0000,0.6667,0.0162,1.0000,1.0000,0.0000,-0.0010,1.2449
2434,MARKET,BURN,0,1.2567,1.0000,0.6667,0.2836,1.0000,1.0000,0.0000,0.0002,1.2455
2435,MARKET,GROW,0,1.2480,1.0000,0.6667,0.2399,1.0000,1.0000,0.0000,0.0001,1.2456
2436,MARKET,GROW,0,1.2480,1.0000,0.6667,0.2399,1.0000,1.0000,0.0000,0.0001,1.2457
2437,MARKET,BURN,0,1.2567,1.0000,0.6667,0.2836,1.0000,1.0000,0.0000,0.0002,1.2463
2438,MARKET,SPREAD,0,1.2032,1.0000,0.6667,0.0162,1.0000,1.0000,0.0000,-0.0009,1.2441
2439,MARKET,SPREAD,0,1.2032,1.0000,0.6667,0.0162,1.0000,1.0000,0.0000,-0.0009,1.2421
2440,MARKET,BURN,0,1.2567,1.0000,0.6667,0.2836,1.0000,1.0000,0.0000,0.0003,1.2428
2441,MARKET,BURN,0,1.2567,1.0000,0.6667,0.2836,1.0000,1.0000,0.0000,0.0003,1.2435
2442,MARKET,BURN,0,1.2567,1.0000,0.6667,0.2836,1.0000,1.0000,0.0000,0.0003,1.2442
2443,MARKET,SPREAD,0,1.2032,1.0000,0.6667,0.0162,1.0000,1.0000,0.0000,-0.0009,1.2421
2444,MARKET,GROW,0,1.2480,1.0000,0.6667,0.2399,1.0000,1.0000,0.0000,0.0001,1.2424
2445,MARKET,FALL,0,1.2676,1.0000,0.6667,0.3378,1.0000,1.0000,0.0000,0.0005,1.2437
2446,MARKET,BURN,0,1.2567,1.0000,0.6667,0.2836,1.0000,1.0000,0.0000,0.0003,1.2443
2447,MARKET,BURN,0,1.2567,1.0000,0.6667,0.2836,1.0000,1.0000,0.0000,0.0003,1.2449
2448,MARKET,BURN,0,1.2567,1.0000,0.6667,0.2836,1.0000,1.0000,0.0000,0.0003,1.2455
2449,MARKET,SEE HORSE,0,1.2467,1.0000,0.6667,0.2337,1.0000,1.0000,0.0000,0.0000,1.2456
2450,MARKET,BURN,0,1.2567,1.0000,0.6667,0.2836,1.0000,1.0000,0.0000,0.0002,1.2461
2451,MARKET,GROW,0,1.2480,1.0000,0.6667,0.2399,1.0000,1.0000,0.0000,0.0000,1.2462
2452,MARKET,GROW,0,1.2480,1.0000,0.6667,0.2399,1.0000,1.0000,0.0000,0.0000,1.2463
2453,MARKET,BURN,0,1.2567,1.0000,0.6667,0.2836,1.0000,1.0000,0.0000,0.0002,1.2468
2454,MARKET,GROW,0,1.2480,1.0000,0.6667,0.2399,1.0000,1.0000,0.0000,0.0000,1.2469
2455,MARKET,BURN,0,1.2567,1.0000,0.6667,0.2836,1.0000,1.0000,0.0000,0.0002,1.2474
2456,MARKET,BURN,0,1.2567,1.0000,0.6667,0.2836,1.0000,1.0000,0.0000,0.0002,1.2479
2457,MARKET,GROW,0,1.2480,1.0000,0.6667,0.2399,1.0000,1.0000,0.0000,0.0000,1.2479
2458,MARKET,FALL,0,1.2676,1.0000,0.6667,0.3378,1.0000,1.0000,0.0000,0.0004,1.2488
2459,MARKET,BURN,0,1.2567,1.0000,0.6667,0.2836,1.0000,1.0000,0.0000,0.0002,1.2492
2460,MARKET,GROW,0,1.2480,1.0000,0.6667,0.2399,1.0000,1.0000,0.0000,-0.0000,1.2492
2461,MARKET,BURN,0,1.2567,1.0000,0.6667,0.2836,1.0000,1.0000,0.0000,0.0002,1.2496
2462,MARKET,SPREAD,0,1.2032,1.0000,0.6667,0.0162,1.0000,1.0000,0.0000,-0.0010,1.2472
2463,MARKET,GROW,0,1.2480,1.0000,0.6667,0.2399,1.0000,1.0000,0.0000,0.0000,1.2473
2464,MARKET,BURN,0,1.2567,1.0000,0.6667,0.2836,1.0000,1.0000,0.0000,0.0002,1.2477
2465,MARKET,SPREAD,0,1.2032,1.0000,0.6667,0.0162,1.0000,1.0000,0.0000,-0.0009,1.2455
2466,MARKET,GROW,0,1.2480,1.0000,0.6667,0.2399,1.0000,1.0000,0.0000,0.0001,1.2456
2467,MARKET,SPREAD,0,1.2032,1.0000,0.6667,0.0162,1.0000,1.0000,0.0000,-0.0009,1.2435
2468,MARKET,BURN,0,1.2567,1.0000,0.6667,0.2836,1.0000,1.0000,0.0000,0.0003,1.2442
2469,MARKET,FALL,0,1.2676,1.0000,0.6667,0.3378,1.0000,1.0000,0.0000,0.0005,1.2454
2470,MARKET,FALL,0,1.2676,1.0000,0.6667,0.3378,1.0000,1.0000,0.0000,0.0005,1.2465
2471,MARKET,FALL,0,1.2676,1.0000,0.6667,0.3378,1.0000,1.0000,0.0000,0.0004,1.2475
2472,MARKET,BURN,0,1.2567,1.0000,0.6667,0.2836,1.0000,1.0000,0.0000,0.0002,1.2480
2473,MARKET,SPREAD,0,1.2032,1.0000,0.6667,0.0162,1.0000,1.0000,0.0000,-0.0009,1.2457
2474,MARKET,SPREAD,0,1.2032,1.0000,0.6667,0.0162,1.0000,1.0000,0.0000,-0.0009,1.2436
2475,MARKET,SPREAD,0,1.2032,1.0000,0.6667,0.0162,1.0000,1.0000,0.0000,-0.0008,1.2416
2476,MARKET,FALL,0,1.2676,1.0000,0.6667,0.3378,1.0000,1.0000,0.0000,0.0005,1.2429
2477,MARKET,FALL,0,1.2676,1.0000,0.6667,0.3378,1.0000,1.0000,0.0000,0.0005,1.2441
2478,MARKET,BURN,0,1.2567,1.0000,0.6667,0.2836,1.0000,1.0000,0.0000,0.0003,1.2448
2479,MARKET,FALL,0,1.2676,1.0000,0.6667,0.3378,1.0000,1.0000,0.0000,0.0005,1.2459
2480,MARKET,BURN,0,1.2567,1.0000,0.6667,0.2836,1.0000,1.0000,0.0000,0.0003,1.2464
2481,MARKET,BURN,0,1.2567,1.0000,0.6667,0.2836,1.0000,1.0000,0.0000,0.0002,1.2470
2482,MARKET,FALL,0,1.2676,1.0000,0.6667,0.3378,1.0000,1.0000,0.0000,0.0005,1.2480
2483,MARKET,GROW,0,1.2480,1.0000,0.6667,0.2399,1.0000,1.0000,0.0000,-0.0000,1.2480
2484,MARKET,SPREAD,0,1.2032,1.0000,0.6667,0.0162,1.0000,1.0000,0.0000,-0.0009,1.2457
2485,MARKET,GROW,0,1.2480,1.0000,0.6667,0.2399,1.0000,1.0000,0.0000,0.0000,1.2459
2486,MARKET,FALL,0,1.2676,1.0000,0.6667,0.3378,1.0000,1.0000,0.0000,0.0005,1.2469
2487,MARKET,FALL,0,1.2676,1.0000,0.6667,0.3378,1.0000,1.0000,0.0000,0.0004,1.2480
2488,MARKET,FALL,0,1.2676,1.0000,0.6667,0.3378,1.0000,1.0000,0.0000,0.0004,1.2490
2489,MARKET,GROW,0,1.2480,1.0000,0.6667,0.2399,1.0000,1.0000,0.0000,-0.0000,1.2489
2490,MARKET,FALL,0,1.2676,1.0000,0.6667,0.3378,1.0000,1.0000,0.0000,0.0004,1.2498
2491,MARKET,FALL,0,1.2676,1.0000,0.6667,0.3378,1.0000,1.0000,0.0000,0.0004,1.2507
2492,MARKET,BURN,0,1.2567,1.0000,0.6667,0.2836,1.0000,1.0000,0.0000,0.0001,1.2510
2493,MARKET,GROW,0,1.2480,1.0000,0.6667,0.2399,1.0000,1.0000,0.0000,-0.0001,1.2509
2494,MARKET,BURN,0,1.2567,1.0000,0.6667,0.2836,1.0000,1.0000,0.0000,0.0001,1.2512
2495,MARKET,SPREAD,0,1.2032,1.0000,0.6667,0.0162,1.0000,1.0000,0.0000,-0.0010,1.2488
2496,MARKET,BURN,0,1.2567,1.0000,0.6667,0.2836,1.0000,1.0000,0.0000,0.0002,1.2492
2497,MARKET,FALL,0,1.2676,1.0000,0.6667,0.3378,1.0000,1.0000,0.0000,0.0004,1.2501
2498,MARKET,FALL,0,1.2676,1.0000,0.6667,0.3378,1.0000,1.0000,0.0000,0.0004,1.2510
2499,MARKET,SPREAD,0,1.2032,1.0000,0.6667,0.0162,1.0000,1.0000,0.0000,-0.0010,1.2486
2500,MARKET,BURN,0,1.2567,1.0000,0.6667,0.2836,1.0000,1.0000,0.0000,0.0002,1.2490
2501,MARKET,GROW,0,1.2480,1.0000,0.6667,0.2399,1.0000,1.0000,0.0000,-0.0000,1.2489
2502,MARKET,FALL,0,1.2676,1.0000,0.6667,0.3378,1.0000,1.0000,0.0000,0.0004,1.2499
2503,MARKET,FALL,0,1.2676,1.0000,0.6667,0.3378,1.0000,1.0000,0.0000,0.0004,1.2507
2504,MARKET,BURN,0,1.2567,1.0000,0.6667,0.2836,1.0000,1.0000,0.0000,0.0001,1.2510
2505,MARKET,FALL,0,1.2676,1.0000,0.6667,0.3378,1.0000,1.0000,0.0000,0.0004,1.2519
2506,MARKET,BURN,0,1.2567,1.0000,0.6667,0.2836,1.0000,1.0000,0.0000,0.0001,1.2521
2507,MARKET,GROW,0,1.2480,1.0000,0.6667,0.2399,1.0000,1.0000,0.0000,-0.0001,1.2519
2508,MARKET,FALL,0,1.2676,1.0000,0.6667,0.3378,1.0000,1.0000,0.0000,0.0003,1.2527
2509,MARKET,SPREAD,0,1.2032,1.0000,0.6667,0.0162,1.0000,1.0000,0.0000,-0.0010,1.2502
2510,MARKET,FALL,0,1.2676,1.0000,0.6667,0.3378,1.0000,1.0000,0.0000,0.0004,1.2511
2511,MARKET,GROW,0,1.2480,1.0000,0.6667,0.2399,1.0000,1.0000,0.0000,-0.0001,1.2509
2512,MARKET,SPREAD,0,1.2032,1.0000,0.6667,0.0162,1.0000,1.0000,0.0000,-0.0010,1.2485
2513,FOREST,FALL,0,1.2106,1.0000,0.6667,0.0528,1.0000,1.0000,0.0000,-0.2776,1.2466
2514,MARKET,BURN,0,1.2567,1.0000,0.6667,0.2836,1.0000,1.0000,0.0000,0.0002,1.2471
2515,MARKET,GROW,0,1.2480,1.0000,0.6667,0.2399,1.0000,1.0000,0.0000,0.0000,1.2472
2516,HOME,GROW,0,1.2533,1.0000,0.6667,0.2667,1.0000,1.0000,0.0000,0.0384,1.2475
2517,MARKET,FALL,0,1.2676,1.0000,0.6667,0.3378,1.0000,1.0000,0.0000,0.0004,1.2485
2518,MARKET,FALL,0,1.2676,1.0000,0.6667,0.3378,1.0000,1.0000,0.0000,0.0004,1.2495
2519,MARKET,FALL,0,1.2676,1.0000,0.6667,0.3378,1.0000,1.0000,0.0000,0.0004,1.2504
2520,MARKET,BURN,0,1.2567,1.0000,0.6667,0.2836,1.0000,1.0000,0.0000,0.0001,1.2507
2521,MARKET,BURN,0,1.2567,1.0000,0.6667,0.2836,1.0000,1.0000,0.0000,0.0001,1.2510
2522,MARKET,GROW,0,1.2480,1.0000,0.6667,0.2399,1.0000,1.0000,0.0000,-0.0001,1.2508
2523,MARKET,GROW,0,1.2480,1.0000,0.6667,0.2399,1.0000,1.0000,0.0000,-0.0001,1.2507
2524,MARKET,SPREAD,0,1.2032,1.0000,0.6667,0.0162,1.0000,1.0000,0.0000,-0.0009,1.2483
2525,MARKET,GROW,0,1.2480,1.0000,0.6667,0.2399,1.0000,1.0000,0.0000,-0.0000,1.2483
2526,MARKET,GROW,0,1.2480,1.0000,0.6667,0.2399,1.0000,1.0000,0.0000,-0.0000,1.2483
2527,MARKET,BURN,0,1.2567,1.0000,0.6667,0.2836,1.0000,1.0000,0.0000,0.0002,1.2487
2528,MARKET,GROW,0,1.2480,1.0000,0.6667,0.2399,1.0000,1.0000,0.0000,-0.0000,1.2487
2529,MARKET,GROW,0,1.2480,1.0000,0.6667,0.2399,1.0000,1.0000,0.0000,-0.0000,1.2486
2530,MARKET,SPREAD,0,1.2032,1.0000,0.6667,0.0162,1.0000,1.0000,0.0000,-0.0009,1.2464
2531,MARKET,FALL,0,1.2676,1.0000,0.6667,0.3378,1.0000,1.0000,0.0000,0.0004,1.2474
2532,MARKET,FALL,0,1.2676,1.0000,0.6667,0.3378,1.0000,1.0000,0.0000,0.0004,1.2484
2533,MARKET,GROW,0,1.2480,1.0000,0.6667,0.2399,1.0000,1.0000,0.0000,-0.0000,1.2484
2534,MARKET,BURN,0,1.2567,1.0000,0.6667,0.2836,1.0000,1.0000,0.0000,0.0002,1.2488
2535,MARKET,FALL,0,1.2676,1.0000,0.6667,0.3378,1.0000,1.0000,0.0000,0.0004,1.2498
2536,MARKET,FALL,0,1.2676,1.0000,0.6667,0.3378,1.0000,1.0000,0.0000,0.0003,1.2506
2537,MARKET,GROW,0,1.2480,1.0000,0.6667,0.2399,1.0000,1.0000,0.0000,-0.0001,1.2505
2538,MARKET,SPREAD,0,1.2032,1.0000,0.6667,0.0162,1.0000,1.0000,0.0000,-0.0009,1.2481
2539,MARKET,GROW,0,1.2480,1.0000,0.6667,0.2399,1.0000,1.0000,0.0000,-0.0000,1.2481
2540,MARKET,FALL,0,1.2676,1.0000,0.6667,0.3378,1.0000,1.0000,0.0000,0.0004,1.2491
2541,MARKET,SPREAD,0,1.2032,1.0000,0.6667,0.0162,1.0000,1.0000,0.0000,-0.0009,1.2468
2542,MARKET,BURN,0,1.2567,1.0000,0.6667,0.2836,1.0000,1.0000,0.0000,0.0002,1.2473
2543,MARKET,FALL,0,1.2676,1.0000,0.6667,0.3378,1.0000,1.0000,0.0000,0.0004,1.2483
2544,MARKET,GROW,0,1.2480,1.0000,0.6667,0.2399,1.0000,1.0000,0.0000,-0.0000,1.2483
2545,MARKET,SPREAD,0,1.2032,1.0000,0.6667,0.0162,1.0000,1.0000,0.0000,-0.0009,1.2461
2546,MARKET,SPREAD,0,1.2032,1.0000,0.6667,0.0162,1.0000,1.0000,0.0000,-0.0008,1.2439
2547,MARKET,BURN,0,1.2567,1.0000,0.6667,0.2836,1.0000,1.0000,0.0000,0.0003,1.2446
2548,MARKET,SPREAD,0,1.2032,1.0000,0.6667,0.0162,1.0000,1.0000,0.0000,-0.0008,1.2425
2549,MARKET,GROW,0,1.2480,1.0000,0.6667,0.2399,1.0000,1.0000,0.0000,0.0001,1.2428
2550,MARKET,BURN,0,1.2567,1.0000,0.6667,0.2836,1.0000,1.0000,0.0000,0.0003,1.2435
2551,HOME,FALL,0,1.2564,1.0000,0.6667,0.2818,1.0000,1.0000,0.0000,0.0810,1.2441
2552,MARKET,BURN,0,1.2567,1.0000,0.6667,0.2836,1.0000,1.0000,0.0000,0.0002,1.2447
2553,MARKET,FALL,0,1.2676,1.0000,0.6667,0.3378,1.0000,1.0000,0.0000,0.0004,1.2459
2554,MARKET,SPREAD,0,1.2032,1.0000,0.6667,0.0162,1.0000,1.0000,0.0000,-0.0008,1.2437
2555,MARKET,SPREAD,0,1.2032,1.0000,0.6667,0.0162,1.0000,1.0000,0.0000,-0.0008,1.2417
2556,MARKET,FALL,0,1.2676,1.0000,0.6667,0.3378,1.0000,1.0000,0.0000,0.0005,1.2430
2557,MARKET,BURN,0,1.2567,1.0000,0.6667,0.2836,1.0000,1.0000,0.0000,0.0003,1.2437
2558,MARKET,GROW,0,1.2480,1.0000,0.6667,0.2399,1.0000,1.0000,0.0000,0.0001,1.2439
2559,MARKET,FALL,0,1.2676,1.0000,0.6667,0.3378,1.0000,1.0000,0.0000,0.0005,1.2451
2560,MARKET,SPREAD,0,1.2032,1.0000,0.6667,0.0162,1.0000,1.0000,0.0000,-0.0008,1.2430
2561,MARKET,FALL,0,1.2676,1.0000,0.6667,0.3378,1.0000,1.0000,0.0000,0.0005,1.2442
2562,MARKET,BURN,0,1.2567,1.0000,0.6667,0.2836,1.0000,1.0000,0.0000,0.0002,1.2449
2563,MARKET,SPREAD,0,1.2032,1.0000,0.6667,0.0162,1.0000,1.0000,0.0000,-0.0008,1.2428
2564,MARKET,GROW,0,1.2480,1.0000,0.6667,0.2399,1.0000,1.0000,0.0000,0.0001,1.2430
2565,MARKET,GROW,0,1.2480,1.0000,0.6667,0.2399,1.0000,1.0000,0.0000,0.0001,1.2433
2566,MARKET,FALL,0,1.2676,1.0000,0.6667,0.3378,1.0000,1.0000,0.0000,0.0005,1.2445
2567,MARKET,FALL,0,1.2676,1.0000,0.6667,0.3378,1.0000,1.0000,0.0000,0.0004,1.2456
2568,MARKET,SPREAD,0,1.2032,1.0000,0.6667,0.0162,1.0000,1.0000,0.0000,-0.0009,1.2435
2569,MARKET,BURN,0,1.2567,1.0000,0.6667,0.2836,1.0000,1.0000,0.0000,0.0003,1.2442
2570,MARKET,FALL,0,1.2676,1.0000,0.6667,0.3378,1.0000,1.0000,0.0000,0.0005,1.2454
2571,MARKET,FALL,0,1.2676,1.0000,0.6667,0.3378,1.0000,1.0000,0.0000,0.0004,1.2465
2572,MARKET,GROW,0,1.2480,1.0000,0.6667,0.2399,1.0000,1.0000,0.0000,0.0000,1.2465
2573,MARKET,FALL,0,1.2676,1.0000,0.6667,0.3378,1.0000,1.0000,0.0000,0.0004,1.2476
2574,MARKET,BURN,0,1.2567,1.0000,0.6667,0.2836,1.0000,1.0000,0.0000,0.0002,1.2480
2575,MARKET,BURN,0,1.2567,1.0000,0.6667,0.2836,1.0000,1.0000,0.0000,0.0002,1.2485
2576,MARKET,BURN,0,1.2567,1.0000,0.6667,0.2836,1.0000,1.0000,0.0000,0.0002,1.2489
2577,MARKET,GROW,0,1.2480,1.0000,0.6667,0.2399,1.0000,1.0000,0.0000,-0.0000,1.2488
2578,MARKET,BURN,0,1.2567,1.0000,0.6667,0.2836,1.0000,1.0000,0.0000,0.0002,1.2492
2579,MARKET,GROW,0,1.2480,1.0000,0.6667,0.2399,1.0000,1.0000,0.0000,-0.0000,1.2492
2580,MARKET,SPREAD,0,1.2032,1.0000,0.6667,0.0162,1.0000,1.0000,0.0000,-0.0010,1.2469
2581,MARKET,GROW,0,1.2480,1.0000,0.6667,0.2399,1.0000,1.0000,0.0000,0.0000,1.2469
2582,MARKET,FALL,0,1.2676,1.0000,0.6667,0.3378,1.0000,1.0000,0.0000,0.0004,1.2480
2583,MARKET,SPREAD,0,1.2032,1.0000,0.6667,0.0162,1.0000,1.0000,0.0000,-0.0009,1.2457
2584,MARKET,BURN,0,1.2567,1.0000,0.6667,0.2836,1.0000,1.0000,0.0000,0.0002,1.2463
2585,MARKET,SPREAD,0,1.2032,1.0000,0.6667,0.0162,1.0000,1.0000,0.0000,-0.0008,1.2441
2586,MARKET,GROW,0,1.2480,1.0000,0.6667,0.2399,1.0000,1.0000,0.0000,0.0001,1.2443
2587,MARKET,SPREAD,0,1.2032,1.0000,0.6667,0.0162,1.0000,1.0000,0.0000,-0.0008,1.2423
2588,MARKET,GROW,0,1.2480,1.0000,0.6667,0.2399,1.0000,1.0000,0.0000,0.0001,1.2426
2589,MARKET,SPREAD,0,1.2032,1.0000,0.6667,0.0162,1.0000,1.0000,0.0000,-0.0008,1.2406
2590,MARKET,FALL,0,1.2676,1.0000,0.6667,0.3378,1.0000,1.0000,0.0000,0.0005,1.2419
2591,MARKET,SPREAD,0,1.2032,1.0000,0.6667,0.0162,1.0000,1.0000,0.0000,-0.0008,1.2400
2592,MARKET,FALL,0,1.2676,1.0000,0.6667,0.3378,1.0000,1.0000,0.0000,0.0005,1.2414
2593,MARKET,BURN,0,1.2567,1.0000,0.6667,0.2836,1.0000,1.0000,0.0000,0.0003,1.2421
2594,MARKET,SPREAD,0,1.2032,1.0000,0.6667,0.0162,1.0000,1.0000,0.0000,-0.0008,1.2402
2595,MARKET,GROW,0,1.2480,1.0000,0.6667,0.2399,1.0000,1.0000,0.0000,0.0002,1.2406
2596,MARKET,BURN,0,1.2567,1.0000,0.6667,0.2836,1.0000,1.0000,0.0000,0.0003,1.2414
2597,MARKET,SPREAD,0,1.2032,1.0000,0.6667,0.0162,1.0000,1.0000,0.0000,-0.0008,1.2395
2598,MARKET,BURN,0,1.2567,1.0000,0.6667,0.2836,1.0000,1.0000,0.0000,0.0003,1.2403
2599,MARKET,FALL,0,1.2676,1.0000,0.6667,0.3378,1.0000,1.0000,0.0000,0.0005,1.2417
2600,MARKET,FALL,0,1.2676,1.0000,0.6667,0.3378,1.0000,1.0000,0.0000,0.0005,1.2430
2601,MARKET,GROW,0,1.2480,1.0000,0.6667,0.2399,1.0000,1.0000,0.0000,0.0001,1.2432
2602,MARKET,SPREAD,0,1.2032,1.0000,0.6667,0.0162,1.0000,1.0000,0.0000,-0.0009,1.2412
2603,MARKET,SPREAD,0,1.2032,1.0000,0.6667,0.0162,1.0000,1.0000,0.0000,-0.0008,1.2393
2604,MARKET,BURN,0,1.2567,1.0000,0.6667,0.2836,1.0000,1.0000,0.0000,0.0003,1.2402
2605,MARKET,BURN,0,1.2567,1.0000,0.6667,0.2836,1.0000,1.0000,0.0000,0.0003,1.2410
2606,MARKET,BURN,0,1.2567,1.0000,0.6667,0.2836,1.0000,1.0000,0.0000,0.0003,1.2418
2607,MARKET,FALL,0,1.2676,1.0000,0.6667,0.3378,1.0000,1.0000,0.0000,0.0005,1.2431
2608,MARKET,SPREAD,0,1.2032,1.0000,0.6667,0.0162,1.0000,1.0000,0.0000,-0.0008,1.2411
2609,MARKET,GROW,0,1.2480,1.0000,0.6667,0.2399,1.0000,1.0000,0.0000,0.0001,1.2415
2610,MARKET,BURN,0,1.2567,1.0000,0.6667,0.2836,1.0000,1.0000,0.0000,0.0003,1.2422
2611,MARKET,BURN,0,1.2567,1.0000,0.6667,0.2836,1.0000,1.0000,0.0000,0.0003,1.2429
2612,MARKET,SPREAD,0,1.2032,1.0000,0.6667,0.0162,1.0000,1.0000,0.0000,-0.0008,1.2410
2613,MARKET,SPREAD,0,1.2032,1.0000,0.6667,0.0162,1.0000,1.0000,0.0000,-0.0008,1.2391
2614,MARKET,BURN,0,1.2567,1.0000,0.6667,0.2836,1.0000,1.0000,0.0000,0.0003,1.2400
2615,MARKET,GROW,0,1.2480,1.0000,0.6667,0.2399,1.0000,1.0000,0.0000,0.0002,1.2404
2616,MARKET,GROW,0,1.2480,1.0000,0.6667,0.2399,1.0000,1.0000,0.0000,0.0002,1.2407
2617,MARKET,SPREAD,0,1.2032,1.0000,0.6667,0.0162,1.0000,1.0000,0.0000,-0.0008,1.2389
2618,MARKET,BURN,0,1.2567,1.0000,0.6667,0.2836,1.0000,1.0000,0.0000,0.0003,1.2398
2619,MARKET,FALL,0,1.2676,1.0000,0.6667,0.3378,1.0000,1.0000,0.0000,0.0006,1.2411
2620,MARKET,GROW,0,1.2480,1.0000,0.6667,0.2399,1.0000,1.0000,0.0000,0.0001,1.2415
2621,MARKET,GROW,0,1.2480,1.0000,0.6667,0.2399,1.0000,1.0000,0.0000,0.0001,1.2418
2622,MARKET,BURN,0,1.2567,1.0000,0.6667,0.2836,1.0000,1.0000,0.0000,0.0003,1.2426
2623,MARKET,FALL,0,1.2676,1.0000,0.6667,0.3378,1.0000,1.0000,0.0000,0.0005,1.2438
2624,MARKET,BURN,0,1.2567,1.0000,0.6667,0.2836,1.0000,1.0000,0.0000,0.0003,1.2445
2625,MARKET,MOVE HAPPY CHILD RUN,0,1.3482,1.0000,1.0000,0.2410,1.0000,1.0000,1.0000,0.0021,1.2496
2626,MARKET,SPREAD,0,1.2032,1.0000,0.6667,0.0162,1.0000,1.0000,0.0000,-0.0010,1.2473
2627,MARKET,SPREAD,0,1.2032,1.0000,0.6667,0.0162,1.0000,1.0000,0.0000,-0.0009,1.2451
2628,MARKET,GROW,0,1.2480,1.0000,0.6667,0.2399,1.0000,1.0000,0.0000,0.0001,1.2453
2629,MARKET,FALL,0,1.2676,1.0000,0.6667,0.3378,1.0000,1.0000,0.0000,0.0004,1.2464
2630,MARKET,SPREAD,0,1.2032,1.0000,0.6667,0.0162,1.0000,1.0000,0.0000,-0.0009,1.2442
2631,MARKET,SPREAD,0,1.2032,1.0000,0.6667,0.0162,1.0000,1.0000,0.0000,-0.0008,1.2422
2632,MARKET,BURN,0,1.2567,1.0000,0.6667,0.2836,1.0000,1.0000,0.0000,0.0003,1.2429
2633,MARKET,FALL,0,1.2676,1.0000,0.6667,0.3378,1.0000,1.0000,0.0000,0.0005,1.2441
2634,MARKET,BURN,0,1.2567,1.0000,0.6667,0.2836,1.0000,1.0000,0.0000,0.0002,1.2448
2635,MARKET,FALL,0,1.2676,1.0000,0.6667,0.3378,1.0000,1.0000,0.0000,0.0005,1.2459
2636,MARKET,BURN,0,1.2567,1.0000,0.6667,0.2836,1.0000,1.0000,0.0000,0.0002,1.2464
2637,MARKET,BURN,0,1.2567,1.0000,0.6667,0.2836,1.0000,1.0000,0.0000,0.0002,1.2470
2638,MARKET,BURN,0,1.2567,1.0000,0.6667,0.2836,1.0000,1.0000,0.0000,0.0002,1.2474
2639,MARKET,BURN,0,1.2567,1.0000,0.6667,0.2836,1.0000,1.0000,0.0000,0.0002,1.2479
2640,MARKET,BURN,0,1.2567,1.0000,0.6667,0.2836,1.0000,1.0000,0.0000,0.0002,1.2483
2641,MARKET,BURN,0,1.2567,1.0000,0.6667,0.2836,1.0000,1.0000,0.0000,0.0002,1.2488
2642,MARKET,FALL,0,1.2676,1.0000,0.6667,0.3378,1.0000,1.0000,0.0000,0.0004,1.2497
2643,MARKET,GROW,0,1.2480,1.0000,0.6667,0.2399,1.0000,1.0000,0.0000,-0.0000,1.2496
2644,MARKET,BURN,0,1.2567,1.0000,0.6667,0.2836,1.0000,1.0000,0.0000,0.0001,1.2500
2645,MARKET,SPREAD,0,1.2032,1.0000,0.6667,0.0162,1.0000,1.0000,0.0000,-0.0010,1.2476
2646,MARKET,BURN,0,1.2567,1.0000,0.6667,0.2836,1.0000,1.0000,0.0000,0.0002,1.2481
2647,MARKET,BURN,0,1.2567,1.0000,0.6667,0.2836,1.0000,1.0000,0.0000,0.0002,1.2485
2648,MARKET,BURN,0,1.2567,1.0000,0.6667,0.2836,1.0000,1.0000,0.0000,0.0002,1.2489
2649,MARKET,GROW,0,1.2480,1.0000,0.6667,0.2399,1.0000,1.0000,0.0000,-0.0000,1.2489
2650,MARKET,SPREAD,0,1.2032,1.0000,0.6667,0.0162,1.0000,1.0000,0.0000,-0.0009,1.2466
2651,MARKET,BURN,0,1.2567,1.0000,0.6667,0.2836,1.0000,1.0000,0.0000,0.0002,1.2471
2652,MARKET,SPREAD,0,1.2032,1.0000,0.6667,0.0162,1.0000,1.0000,0.0000,-0.0009,1.2449
2653,MARKET,FALL,0,1.2676,1.0000,0.6667,0.3378,1.0000,1.0000,0.0000,0.0005,1.2460
2654,MARKET,BURN,0,1.2567,1.0000,0.6667,0.2836,1.0000,1.0000,0.0000,0.0002,1.2466
2655,MARKET,GROW,0,1.2480,1.0000,0.6667,0.2399,1.0000,1.0000,0.0000,0.0000,1.2467
2656,MARKET,BURN,0,1.2567,1.0000,0.6667,0.2836,1.0000,1.0000,0.0000,0.0002,1.2472
2657,MARKET,FALL,0,1.2676,1.0000,0.6667,0.3378,1.0000,1.0000,0.0000,0.0004,1.2482
2658,MARKET,BURN,0,1.2567,1.0000,0.6667,0.2836,1.0000,1.0000,0.0000,0.0002,1.2486
2659,MARKET,GROW,0,1.2480,1.0000,0.6667,0.2399,1.0000,1.0000,0.0000,-0.0000,1.2486
2660,MARKET,SPREAD,0,1.2032,1.0000,0.6667,0.0162,1.0000,1.0000,0.0000,-0.0009,1.2463
2661,MARKET,FALL,0,1.2676,1.0000,0.6667,0.3378,1.0000,1.0000,0.0000,0.0004,1.2474
2662,MARKET,BURN,0,1.2567,1.0000,0.6667,0.2836,1.0000,1.0000,0.0000,0.0002,1.2478
2663,MARKET,SPREAD,0,1.2032,1.0000,0.6667,0.0162,1.0000,1.0000,0.0000,-0.0009,1.2456
2664,MARKET,SPREAD,0,1.2032,1.0000,0.6667,0.0162,1.0000,1.0000,0.0000,-0.0009,1.2435
2665,MARKET,GROW,0,1.2480,1.0000,0.6667,0.2399,1.0000,1.0000,0.0000,0.0001,1.2437
2666,MARKET,BURN,0,1.2567,1.0000,0.6667,0.2836,1.0000,1.0000,0.0000,0.0003,1.2444
2667,MARKET,GROW,0,1.2480,1.0000,0.6667,0.2399,1.0000,1.0000,0.0000,0.0001,1.2445
2668,MARKET,GROW,0,1.2480,1.0000,0.6667,0.2399,1.0000,1.0000,0.0000,0.0001,1.2447
2669,MARKET,GROW,0,1.2480,1.0000,0.6667,0.2399,1.0000,1.0000,0.0000,0.0001,1.2449
2670,MARKET,GROW,0,1.2480,1.0000,0.6667,0.2399,1.0000,1.0000,0.0000,0.0001,1.2450
2671,MARKET,GROW,0,1.2480,1.0000,0.6667,0.2399,1.0000,1.0000,0.0000,0.0001,1.2452
2672,MARKET,GROW,0,1.2480,1.0000,0.6667,0.2399,1.0000,1.0000,0.0000,0.0001,1.2453
2673,MARKET,SPREAD,0,1.2032,1.0000,0.6667,0.0162,1.0000,1.0000,0.0000,-0.0009,1.2432
2674,MARKET,BURN,0,1.2567,1.0000,0.6667,0.2836,1.0000,1.0000,0.0000,0.0003,1.2439
2675,MARKET,BURN,0,1.2567,1.0000,0.6667,0.2836,1.0000,1.0000,0.0000,0.0003,1.2445
2676,MARKET,GROW,0,1.2480,1.0000,0.6667,0.2399,1.0000,1.0000,0.0000,0.0001,1.2447
2677,MARKET,FALL,0,1.2676,1.0000,0.6667,0.3378,1.0000,1.0000,0.0000,0.0005,1.2458
2678,BRIDGE,FALL,0,1.2312,1.0000,0.6667,0.1559,1.0000,1.0000,0.0000,-0.0968,1.2451
2679,MARKET,GROW,0,1.2480,1.0000,0.6667,0.2399,1.0000,1.0000,0.0000,0.0001,1.2453
2680,MARKET,SEE ORDERED WEAPON,0,1.3269,1.0000,1.0000,0.1347,1.0000,1.0000,1.0000,0.0016,1.2493
2681,MARKET,GROW,0,1.2480,1.0000,0.6667,0.2399,1.0000,1.0000,0.0000,-0.0000,1.2493
2682,MARKET,SPREAD,0,1.2032,1.0000,0.6667,0.0162,1.0000,1.0000,0.0000,-0.0009,1.2470
2683,MARKET,BURN,0,1.2567,1.0000,0.6667,0.2836,1.0000,1.0000,0.0000,0.0002,1.2475
2684,MARKET,FALL,0,1.2676,1.0000,0.6667,0.3378,1.0000,1.0000,0.0000,0.0004,1.2485
2685,MARKET,SPREAD,0,1.2032,1.0000,0.6667,0.0162,1.0000,1.0000,0.0000,-0.0009,1.2462
2686,MARKET,SPREAD,0,1.2032,1.0000,0.6667,0.0162,1.0000,1.0000,0.0000,-0.0008,1.2441
2687,MARKET,FALL,0,1.2676,1.0000,0.6667,0.3378,1.0000,1.0000,0.0000,0.0005,1.2452
2688,MARKET,FALL,0,1.2676,1.0000,0.6667,0.3378,1.0000,1.0000,0.0000,0.0004,1.2463
2689,MARKET,BUILD HAPPY CAT,0,1.3360,1.0000,1.0000,0.1801,1.0000,1.0000,1.0000,0.0017,1.2508
2690,MARKET,FALL,0,1.2676,1.0000,0.6667,0.3378,1.0000,1.0000,0.0000,0.0003,1.2517
2691,MARKET,SPREAD,0,1.2032,1.0000,0.6667,0.0162,1.0000,1.0000,0.0000,-0.0009,1.2492
2692,MARKET,FALL,0,1.2676,1.0000,0.6667,0.3378,1.0000,1.0000,0.0000,0.0004,1.2502
2693,MARKET,BURN,0,1.2567,1.0000,0.6667,0.2836,1.0000,1.0000,0.0000,0.0001,1.2505
2694,MARKET,GROW,0,1.2480,1.0000,0.6667,0.2399,1.0000,1.0000,0.0000,-0.0000,1.2504
2695,MARKET,GROW,0,1.2480,1.0000,0.6667,0.2399,1.0000,1.0000,0.0000,-0.0000,1.2502
2696,MARKET,BURN,0,1.2567,1.0000,0.6667,0.2836,1.0000,1.0000,0.0000,0.0001,1.2506
2697,MARKET,BURN,0,1.2567,1.0000,0.6667,0.2836,1.0000,1.0000,0.0000,0.0001,1.2509
2698,MARKET,SPREAD,0,1.2032,1.0000,0.6667,0.0162,1.0000,1.0000,0.0000,-0.0009,1.2485
2699,MARKET,SPREAD,0,1.2032,1.0000,0.6667,0.0162,1.0000,1.0000,0.0000,-0.0008,1.2462
2700,MARKET,FALL,0,1.2676,1.0000,0.6667,0.3378,1.0000,1.0000,0.0000,0.0004,1.2473
2701,MARKET,BURN,0,1.2567,1.0000,0.6667,0.2836,1.0000,1.0000,0.0000,0.0002,1.2478
2702,MARKET,SPREAD,0,1.2032,1.0000,0.6667,0.0162,1.0000,1.0000,0.0000,-0.0008,1.2455
2703,MARKET,FALL,0,1.2676,1.0000,0.6667,0.3378,1.0000,1.0000,0.0000,0.0004,1.2466
2704,MARKET,SPREAD,0,1.2032,1.0000,0.6667,0.0162,1.0000,1.0000,0.0000,-0.0008,1.2445
2705,MARKET,BURN,0,1.2567,1.0000,0.6667,0.2836,1.0000,1.0000,0.0000,0.0002,1.2451
2706,MARKET,FAIL,0,1.2513,1.0000,0.6667,0.2567,1.0000,1.0000,0.0000,0.0001,1.2454
2707,MARKET,SPREAD,0,1.2032,1.0000,0.6667,0.0162,1.0000,1.0000,0.0000,-0.0008,1.2433
2708,MARKET,BURN,0,1.2567,1.0000,0.6667,0.2836,1.0000,1.0000,0.0000,0.0003,1.2440
2709,MARKET,BURN,0,1.2567,1.0000,0.6667,0.2836,1.0000,1.0000,0.0000,0.0002,1.2446
2710,MARKET,BURN,0,1.2567,1.0000,0.6667,0.2836,1.0000,1.0000,0.0000,0.0002,1.2452
2711,MARKET,FALL,0,1.2676,1.0000,0.6667,0.3378,1.0000,1.0000,0.0000,0.0004,1.2463
2712,MARKET,FALL,0,1.2676,1.0000,0.6667,0.3378,1.0000,1.0000,0.0000,0.0004,1.2474
2713,MARKET,FALL,0,1.2676,1.0000,0.6667,0.3378,1.0000,1.0000,0.0000,0.0004,1.2484
2714,MARKET,SPREAD,0,1.2032,1.0000,0.6667,0.0162,1.0000,1.0000,0.0000,-0.0009,1.2461
2715,MARKET,FALL,0,1.2676,1.0000,0.6667,0.3378,1.0000,1.0000,0.0000,0.0004,1.2472
2716,BRIDGE,BURN,0,1.2277,1.0000,0.6667,0.1383,1.0000,1.0000,0.0000,-0.1311,1.2462
2717,MARKET,FALL,0,1.2676,1.0000,0.6667,0.3378,1.0000,1.0000,0.0000,0.0004,1.2473
2718,MARKET,GROW,0,1.2480,1.0000,0.6667,0.2399,1.0000,1.0000,0.0000,0.0000,1.2473
2719,MARKET,GROW,0,1.2480,1.0000,0.6667,0.2399,1.0000,1.0000,0.0000,0.0000,1.2474
2720,MARKET,SPREAD,0,1.2032,1.0000,0.6667,0.0162,1.0000,1.0000,0.0000,-0.0009,1.2452
2721,MARKET,BURN,0,1.2567,1.0000,0.6667,0.2836,1.0000,1.0000,0.0000,0.0002,1.2457
2722,MARKET,BURN,0,1.2567,1.0000,0.6667,0.2836,1.0000,1.0000,0.0000,0.0002,1.2463
2723,MARKET,FALL,0,1.2676,1.0000,0.6667,0.3378,1.0000,1.0000,0.0000,0.0004,1.2473
2724,MARKET,BURN,0,1.2567,1.0000,0.6667,0.2836,1.0000,1.0000,0.0000,0.0002,1.2478
2725,MARKET,FALL,0,1.2676,1.0000,0.6667,0.3378,1.0000,1.0000,0.0000,0.0004,1.2488
2726,MARKET,,0,1.1000,1.0000,0.3333,0.0000,1.0000,0.0000,0.0000,-0.0027,1.2414
2727,MARKET,FALL,0,1.2676,1.0000,0.6667,0.3378,1.0000,1.0000,0.0000,0.0005,1.2427
2728,MARKET,GROW,0,1.2480,1.0000,0.6667,0.2399,1.0000,1.0000,0.0000,0.0001,1.2429
2729,MARKET,SPREAD,0,1.2032,1.0000,0.6667,0.0162,1.0000,1.0000,0.0000,-0.0007,1.2410
2730,MARKET,BURN,0,1.2567,1.0000,0.6667,0.2836,1.0000,1.0000,0.0000,0.0003,1.2417
2731,CONNECTED WATER,BURN,1,0.3100,0.0000,1.0000,0.0501,1.0000,1.0000,1.0000,-13.1213,1.1952
2732,MARKET,SPREAD,0,1.2032,1.0000,0.6667,0.0162,1.0000,1.0000,0.0000,0.0001,1.1956
2733,MARKET,BURN,0,1.2567,1.0000,0.6667,0.2836,1.0000,1.0000,0.0000,0.0011,1.1986
2734,MARKET,FALL,0,1.2676,1.0000,0.6667,0.3378,1.0000,1.0000,0.0000,0.0012,1.2021
2735,MARKET,FALL,0,1.2676,1.0000,0.6667,0.3378,1.0000,1.0000,0.0000,0.0011,1.2053
2736,MARKET,GROW,0,1.2480,1.0000,0.6667,0.2399,1.0000,1.0000,0.0000,0.0007,1.2075
2737,MARKET,BURN,0,1.2567,1.0000,0.6667,0.2836,1.0000,1.0000,0.0000,0.0008,1.2099
2738,BRIDGE,FALL,0,1.2312,1.0000,0.6667,0.1559,1.0000,1.0000,0.0000,0.1484,1.2110
2739,MARKET,BURN,0,1.2567,1.0000,0.6667,0.2836,1.0000,1.0000,0.0000,0.0008,1.2133
2740,MARKET,BURN,0,1.2567,1.0000,0.6667,0.2836,1.0000,1.0000,0.0000,0.0007,1.2155
2741,MARKET,GROW,0,1.2480,1.0000,0.6667,0.2399,1.0000,1.0000,0.0000,0.0006,1.2171
2742,MARKET,SPREAD,0,1.2032,1.0000,0.6667,0.0162,1.0000,1.0000,0.0000,-0.0002,1.2164
2743,MARKET,BURN,0,1.2567,1.0000,0.6667,0.2836,1.0000,1.0000,0.0000,0.0007,1.2184
2744,MARKET,BURN,0,1.2567,1.0000,0.6667,0.2836,1.0000,1.0000,0.0000,0.0006,1.2203
2745,MARKET,GROW,0,1.2480,1.0000,0.6667,0.2399,1.0000,1.0000,0.0000,0.0005,1.2217
2746,MARKET,BURN,0,1.2567,1.0000,0.6667,0.2836,1.0000,1.0000,0.0000,0.0006,1.2235
2747,MARKET,FALL,0,1.2676,1.0000,0.6667,0.3378,1.0000,1.0000,0.0000,0.0008,1.2257
2748,MARKET,BURN,0,1.2567,1.0000,0.6667,0.2836,1.0000,1.0000,0.0000,0.0005,1.2272
2749,MARKET,BURN,0,1.2567,1.0000,0.6667,0.2836,1.0000,1.0000,0.0000,0.0005,1.2287
2750,MARKET,BURN,0,1.2567,1.0000,0.6667,0.2836,1.0000,1.0000,0.0000,0.0005,1.2301
2751,MARKET,GROW,0,1.2480,1.0000,0.6667,0.2399,1.0000,1.0000,0.0000,0.0003,1.2310
2752,MARKET,BURN,0,1.2567,1.0000,0.6667,0.2836,1.0000,1.0000,0.0000,0.0005,1.2323
2753,MARKET,SPREAD,0,1.2032,1.0000,0.6667,0.0162,1.0000,1.0000,0.0000,-0.0005,1.2308
2754,MARKET,FALL,0,1.2676,1.0000,0.6667,0.3378,1.0000,1.0000,0.0000,0.0006,1.2327
2755,MARKET,BURN,0,1.2567,1.0000,0.6667,0.2836,1.0000,1.0000,0.0000,0.0004,1.2339
2756,MARKET,FALL,0,1.2676,1.0000,0.6667,0.3378,1.0000,1.0000,0.0000,0.0006,1.2355
2757,MARKET,SPREAD,0,1.2032,1.0000,0.6667,0.0162,1.0000,1.0000,0.0000,-0.0005,1.2339
2758,MARKET,BURN,0,1.2567,1.0000,0.6667,0.2836,1.0000,1.0000,0.0000,0.0004,1.2351
2759,MARKET,GROW,0,1.2480,1.0000,0.6667,0.2399,1.0000,1.0000,0.0000,0.0002,1.2357
2760,MARKET,BURN,0,1.2567,1.0000,0.6667,0.2836,1.0000,1.0000,0.0000,0.0003,1.2368
2761,MARKET,GROW,0,1.2480,1.0000,0.6667,0.2399,1.0000,1.0000,0.0000,0.0002,1.2373
2762,MARKET,FALL,0,1.2676,1.0000,0.6667,0.3378,1.0000,1.0000,0.0000,0.0005,1.2388
2763,MARKET,SPREAD,0,1.2032,1.0000,0.6667,0.0162,1.0000,1.0000,0.0000,-0.0006,1.2371
2764,MARKET,GROW,0,1.2480,1.0000,0.6667,0.2399,1.0000,1.0000,0.0000,0.0002,1.2376
2765,MARKET,BURN,0,1.2567,1.0000,0.6667,0.2836,1.0000,1.0000,0.0000,0.0003,1.2386
2766,MARKET,FALL,0,1.2676,1.0000,0.6667,0.3378,1.0000,1.0000,0.0000,0.0005,1.2400
2767,STRONG,FOOD MOVE BIRD,1,0.3178,0.0000,1.0000,0.0889,1.0000,1.0000,1.0000,-7.6252,1.1939
2768,MARKET,BURN,0,1.2567,1.0000,0.6667,0.2836,1.0000,1.0000,0.0000,0.0010,1.1970
2769,MARKET,SPREAD,0,1.2032,1.0000,0.6667,0.0162,1.0000,1.0000,0.0000,0.0001,1.1973
2770,MARKET,BURN,0,1.2567,1.0000,0.6667,0.2836,1.0000,1.0000,0.0000,0.0010,1.2003
2771,MARKET,FALL,0,1.2676,1.0000,0.6667,0.3378,1.0000,1.0000,0.0000,0.0011,1.2037
2772,CORRUPTED,PHONE SEE OBEDIENT STRANGER MOVE OPTIMAL KEY HEAR STONE HEAR VAST INSECT,1,0.4339,0.0000,0.9524,0.7411,1.0000,1.0000,0.8571,-5.8875,1.1652
2773,MARKET,FALL,0,1.2676,1.0000,0.6667,0.3378,1.0000,1.0000,0.0000,0.0015,1.1703
2774,MARKET,SPREAD,0,1.2032,1.0000,0.6667,0.0162,1.0000,1.0000,0.0000,0.0005,1.1720
2775,MARKET,SPREAD,0,1.2032,1.0000,0.6667,0.0162,1.0000,1.0000,0.0000,0.0004,1.1735
2776,MARKET,GROW,0,1.2480,1.0000,0.6667,0.2399,1.0000,1.0000,0.0000,0.0010,1.1772
2777,MARKET,FALL,0,1.2676,1.0000,0.6667,0.3378,1.0000,1.0000,0.0000,0.0012,1.1818
2778,MARKET,BURN,0,1.2567,1.0000,0.6667,0.2836,1.0000,1.0000,0.0000,0.0010,1.1855
2779,MARKET,BURN,0,1.2567,1.0000,0.6667,0.2836,1.0000,1.0000,0.0000,0.0009,1.1891
2780,MARKET,GROW,0,1.2480,1.0000,0.6667,0.2399,1.0000,1.0000,0.0000,0.0007,1.1920
2781,MARKET,GROW,0,1.2480,1.0000,0.6667,0.2399,1.0000,1.0000,0.0000,0.0007,1.1948
2782,MARKET,FALL,0,1.2676,1.0000,0.6667,0.3378,1.0000,1.0000,0.0000,0.0009,1.1984
2783,MARKET,FALL,0,1.2676,1.0000,0.6667,0.3378,1.0000,1.0000,0.0000,0.0009,1.2019
2784,MARKET,MOVE DENSE DUST,0,1.3750,1.0000,1.0000,0.3751,1.0000,1.0000,1.0000,0.0021,1.2106
2785,MARKET,GROW,0,1.2480,1.0000,0.6667,0.2399,1.0000,1.0000,0.0000,0.0005,1.2124
2786,MARKET,BURN,0,1.2567,1.0000,0.6667,0.2836,1.0000,1.0000,0.0000,0.0005,1.2146
2787,MARKET,FALL,0,1.2676,1.0000,0.6667,0.3378,1.0000,1.0000,0.0000,0.0006,1.2173
2788,MARKET,BURN,0,1.2567,1.0000,0.6667,0.2836,1.0000,1.0000,0.0000,0.0005,1.2193
2789,MARKET,SPREAD,0,1.2032,1.0000,0.6667,0.0162,1.0000,1.0000,0.0000,-0.0002,1.2185
2790,MARKET,FALL,0,1.2676,1.0000,0.6667,0.3378,1.0000,1.0000,0.0000,0.0006,1.2209
2791,MARKET,GROW,0,1.2480,1.0000,0.6667,0.2399,1.0000,1.0000,0.0000,0.0003,1.2223
2792,MARKET,GROW,0,1.2480,1.0000,0.6667,0.2399,1.0000,1.0000,0.0000,0.0003,1.2236
2793,CHAOTIC MARKET,BURN,0,1.3566,1.0000,1.0000,0.2831,1.0000,1.0000,1.0000,1.0876,1.2302
2794,MARKET,GROW,0,1.2480,1.0000,0.6667,0.2399,1.0000,1.0000,0.0000,0.0002,1.2311
2795,MARKET,SPREAD,0,1.2032,1.0000,0.6667,0.0162,1.0000,1.0000,0.0000,-0.0003,1.2297
2796,FREE STRANGER,SEE WOLF,0,1.2811,1.0000,0.8889,0.0723,0.6667,1.0000,1.0000,0.7129,1.2323
2797,MARKET,GROW,0,1.2480,1.0000,0.6667,0.2399,1.0000,1.0000,0.0000,0.0002,1.2331
2798,MARKET,BURN,0,1.2567,1.0000,0.6667,0.2836,1.0000,1.0000,0.0000,0.0003,1.2342
2799,MARKET,SPREAD,0,1.2032,1.0000,0.6667,0.0162,1.0000,1.0000,0.0000,-0.0004,1.2327
2800,MARKET,FALL,0,1.2676,1.0000,0.6667,0.3378,1.0000,1.0000,0.0000,0.0005,1.2344
2801,MARKET,GROW,0,1.2480,1.0000,0.6667,0.2399,1.0000,1.0000,0.0000,0.0002,1.2351
2802,MARKET,FALL,0,1.2676,1.0000,0.6667,0.3378,1.0000,1.0000,0.0000,0.0005,1.2367
2803,MARKET,SPREAD,0,1.2032,1.0000,0.6667,0.0162,1.0000,1.0000,0.0000,-0.0005,1.2351
2804,MARKET,BURN,0,1.2567,1.0000,0.6667,0.2836,1.0000,1.0000,0.0000,0.0003,1.2361
2805,MARKET,GROW,0,1.2480,1.0000,0.6667,0.2399,1.0000,1.0000,0.0000,0.0002,1.2367
2806,MARKET,FALL,0,1.2676,1.0000,0.6667,0.3378,1.0000,1.0000,0.0000,0.0005,1.2383
2807,MARKET,SPREAD,0,1.2032,1.0000,0.6667,0.0162,1.0000,1.0000,0.0000,-0.0006,1.2365
2808,MARKET,BURN,0,1.2567,1.0000,0.6667,0.2836,1.0000,1.0000,0.0000,0.0003,1.2375
2809,MARKET,FALL,0,1.2676,1.0000,0.6667,0.3378,1.0000,1.0000,0.0000,0.0005,1.2390
2810,MARKET,FALL,0,1.2676,1.0000,0.6667,0.3378,1.0000,1.0000,0.0000,0.0004,1.2405
2811,MARKET,SPREAD,0,1.2032,1.0000,0.6667,0.0162,1.0000,1.0000,0.0000,-0.0006,1.2386
2812,MARKET,SPREAD,0,1.2032,1.0000,0.6667,0.0162,1.0000,1.0000,0.0000,-0.0006,1.2368
2813,MARKET,GROW,0,1.2480,1.0000,0.6667,0.2399,1.0000,1.0000,0.0000,0.0002,1.2374
2814,MARKET,BURN,0,1.2567,1.0000,0.6667,0.2836,1.0000,1.0000,0.0000,0.0003,1.2384
2815,MARKET,FALL,0,1.2676,1.0000,0.6667,0.3378,1.0000,1.0000,0.0000,0.0005,1.2398
2816,MARKET,FALL,0,1.2676,1.0000,0.6667,0.3378,1.0000,1.0000,0.0000,0.0005,1.2412
2817,MARKET,FALL,0,1.2676,1.0000,0.6667,0.3378,1.0000,1.0000,0.0000,0.0004,1.2425
2818,MARKET,GROW,0,1.2480,1.0000,0.6667,0.2399,1.0000,1.0000,0.0000,0.0001,1.2428
2819,MARKET,BURN,0,1.2567,1.0000,0.6667,0.2836,1.0000,1.0000,0.0000,0.0002,1.2435
2820,MARKET,FALL,0,1.2676,1.0000,0.6667,0.3378,1.0000,1.0000,0.0000,0.0004,1.2447
2821,MARKET,BURN,0,1.2567,1.0000,0.6667,0.2836,1.0000,1.0000,0.0000,0.0002,1.2453
2822,MARKET,FALL,0,1.2676,1.0000,0.6667,0.3378,1.0000,1.0000,0.0000,0.0004,1.2464
2823,MARKET,BURN,0,1.2567,1.0000,0.6667,0.2836,1.0000,1.0000,0.0000,0.0002,1.2469
2824,MARKET,FALL,0,1.2676,1.0000,0.6667,0.3378,1.0000,1.0000,0.0000,0.0004,1.2480
2825,MARKET,MOVE TRAPPED DENSE LEADER,0,1.3377,1.0000,1.0000,0.1885,1.0000,1.0000,1.0000,0.0015,1.2524
2826,MARKET,SPREAD,0,1.2032,1.0000,0.6667,0.0162,1.0000,1.0000,0.0000,-0.0008,1.2500
2827,MARKET,BURN,0,1.2567,1.0000,0.6667,0.2836,1.0000,1.0000,0.0000,0.0001,1.2503
2828,MARKET,FALL,0,1.2676,1.0000,0.6667,0.3378,1.0000,1.0000,0.0000,0.0003,1.2512
2829,MARKET,BURN,0,1.2567,1.0000,0.6667,0.2836,1.0000,1.0000,0.0000,0.0001,1.2515
2830,MARKET,GROW,0,1.2480,1.0000,0.6667,0.2399,1.0000,1.0000,0.0000,-0.0001,1.2513
2831,MARKET,MOVE BIG VAST MAP,0,1.3319,1.0000,1.0000,0.1593,1.0000,1.0000,1.0000,0.0013,1.2553
2832,MARKET,GROW,0,1.2480,1.0000,0.6667,0.2399,1.0000,1.0000,0.0000,-0.0001,1.2549
2833,MARKET,GROW,0,1.2480,1.0000,0.6667,0.2399,1.0000,1.0000,0.0000,-0.0001,1.2546
2834,MARKET,SPREAD,0,1.2032,1.0000,0.6667,0.0162,1.0000,1.0000,0.0000,-0.0009,1.2520
2835,MARKET,SPREAD,0,1.2032,1.0000,0.6667,0.0162,1.0000,1.0000,0.0000,-0.0008,1.2496
2836,MARKET,FALL,0,1.2676,1.0000,0.6667,0.3378,1.0000,1.0000,0.0000,0.0003,1.2505
2837,MARKET,BURN,0,1.2567,1.0000,0.6667,0.2836,1.0000,1.0000,0.0000,0.0001,1.2508
2838,MARKET,BURN,0,1.2567,1.0000,0.6667,0.2836,1.0000,1.0000,0.0000,0.0001,1.2511
2839,MARKET,GROW,0,1.2480,1.0000,0.6667,0.2399,1.0000,1.0000,0.0000,-0.0001,1.2509
2840,MARKET,BURN,0,1.2567,1.0000,0.6667,0.2836,1.0000,1.0000,0.0000,0.0001,1.2512
2841,MARKET,BURN,0,1.2567,1.0000,0.6667,0.2836,1.0000,1.0000,0.0000,0.0001,1.2515
2842,MARKET,FALL,0,1.2676,1.0000,0.6667,0.3378,1.0000,1.0000,0.0000,0.0003,1.2523
2843,MARKET,BURN,0,1.2567,1.0000,0.6667,0.2836,1.0000,1.0000,0.0000,0.0001,1.2525
2844,MARKET,FALL,0,1.2676,1.0000,0.6667,0.3378,1.0000,1.0000,0.0000,0.0003,1.2533
2845,MARKET,BURN,0,1.2567,1.0000,0.6667,0.2836,1.0000,1.0000,0.0000,0.0001,1.2534
2846,MARKET,GROW,0,1.2480,1.0000,0.6667,0.2399,1.0000,1.0000,0.0000,-0.0001,1.2532
2847,MARKET,GROW,0,1.2480,1.0000,0.6667,0.2399,1.0000,1.0000,0.0000,-0.0001,1.2529
2848,MARKET,BURN,0,1.2567,1.0000,0.6667,0.2836,1.0000,1.0000,0.0000,0.0001,1.2531
2849,MARKET,FALL,0,1.2676,1.0000,0.6667,0.3378,1.0000,1.0000,0.0000,0.0002,1.2538
2850,MARKET,BURN,0,1.2567,1.0000,0.6667,0.2836,1.0000,1.0000,0.0000,0.0001,1.2540
2851,MARKET,FALL,0,1.2676,1.0000,0.6667,0.3378,1.0000,1.0000,0.0000,0.0002,1.2547
2852,MARKET,FALL,0,1.2676,1.0000,0.6667,0.3378,1.0000,1.0000,0.0000,0.0002,1.2553
2853,MARKET,GROW,0,1.2480,1.0000,0.6667,0.2399,1.0000,1.0000,0.0000,-0.0001,1.2549
2854,MARKET,GROW,0,1.2480,1.0000,0.6667,0.2399,1.0000,1.0000,0.0000,-0.0001,1.2546
2855,MARKET,FALL,0,1.2676,1.0000,0.6667,0.3378,1.0000,1.0000,0.0000,0.0002,1.2552
2856,MARKET,SPREAD,0,1.2032,1.0000,0.6667,0.0162,1.0000,1.0000,0.0000,-0.0009,1.2526
2857,MARKET,GROW,0,1.2480,1.0000,0.6667,0.2399,1.0000,1.0000,0.0000,-0.0001,1.2524
2858,MARKET,,0,1.1000,1.0000,0.3333,0.0000,1.0000,0.0000,0.0000,-0.0026,1.2448
2859,MARKET,BURN,0,1.2567,1.0000,0.6667,0.2836,1.0000,1.0000,0.0000,0.0002,1.2454
2860,MARKET,GROW,0,1.2480,1.0000,0.6667,0.2399,1.0000,1.0000,0.0000,0.0000,1.2455
2861,MARKET,GROW,0,1.2480,1.0000,0.6667,0.2399,1.0000,1.0000,0.0000,0.0000,1.2456
2862,MARKET,SPREAD,0,1.2032,1.0000,0.6667,0.0162,1.0000,1.0000,0.0000,-0.0007,1.2435
2863,MARKET,BURN,0,1.2567,1.0000,0.6667,0.2836,1.0000,1.0000,0.0000,0.0002,1.2442
2864,MARKET,SPREAD,0,1.2032,1.0000,0.6667,0.0162,1.0000,1.0000,0.0000,-0.0007,1.2421
2865,MARKET,BURN,0,1.2567,1.0000,0.6667,0.2836,1.0000,1.0000,0.0000,0.0002,1.2429
2866,MARKET,BURN,0,1.2567,1.0000,0.6667,0.2836,1.0000,1.0000,0.0000,0.0003,1.2435
2867,MARKET,BURN,0,1.2567,1.0000,0.6667,0.2836,1.0000,1.0000,0.0000,0.0002,1.2442
2868,MARKET,SPREAD,0,1.2032,1.0000,0.6667,0.0162,1.0000,1.0000,0.0000,-0.0007,1.2422
2869,MARKET,FALL,0,1.2676,1.0000,0.6667,0.3378,1.0000,1.0000,0.0000,0.0004,1.2434
2870,MARKET,BURN,0,1.2567,1.0000,0.6667,0.2836,1.0000,1.0000,0.0000,0.0002,1.2441
2871,MARKET,FALL,0,1.2676,1.0000,0.6667,0.3378,1.0000,1.0000,0.0000,0.0004,1.2453
2872,MARKET,BURN,0,1.2567,1.0000,0.6667,0.2836,1.0000,1.0000,0.0000,0.0002,1.2458
2873,MARKET,SPREAD,0,1.2032,1.0000,0.6667,0.0162,1.0000,1.0000,0.0000,-0.0008,1.2437
2874,MARKET,BURN,0,1.2567,1.0000,0.6667,0.2836,1.0000,1.0000,0.0000,0.0002,1.2444
2875,MARKET,GROW,0,1.2480,1.0000,0.6667,0.2399,1.0000,1.0000,0.0000,0.0001,1.2445
2876,MARKET,FALL,0,1.2676,1.0000,0.6667,0.3378,1.0000,1.0000,0.0000,0.0004,1.2457
2877,PATTERN,FAIL,1,0.2000,0.0000,0.6667,0.0000,1.0000,1.0000,0.0000,-10.1720,1.1934
2878,MARKET,FALL,0,1.2676,1.0000,0.6667,0.3378,1.0000,1.0000,0.0000,0.0013,1.1971
2879,MARKET,FALL,0,1.2676,1.0000,0.6667,0.3378,1.0000,1.0000,0.0000,0.0012,1.2006
2880,MARKET,MOVE WOOD,0,1.2679,1.0000,0.6667,0.3394,1.0000,1.0000,0.0000,0.0010,1.2040
2881,MARKET,FALL,0,1.2676,1.0000,0.6667,0.3378,1.0000,1.0000,0.0000,0.0010,1.2072
2882,MARKET,SPREAD,0,1.2032,1.0000,0.6667,0.0162,1.0000,1.0000,0.0000,-0.0001,1.2070
2883,MARKET,SPREAD,0,1.2032,1.0000,0.6667,0.0162,1.0000,1.0000,0.0000,-0.0001,1.2068
2884,MARKET,GROW,0,1.2480,1.0000,0.6667,0.2399,1.0000,1.0000,0.0000,0.0006,1.2089
2885,MARKET,SPREAD,0,1.2032,1.0000,0.6667,0.0162,1.0000,1.0000,0.0000,-0.0001,1.2086
2886,MARKET,FALL,0,1.2676,1.0000,0.6667,0.3378,1.0000,1.0000,0.0000,0.0009,1.2115
2887,MARKET,BURN,0,1.2567,1.0000,0.6667,0.2836,1.0000,1.0000,0.0000,0.0006,1.2138
2888,MARKET,FALL,0,1.2676,1.0000,0.6667,0.3378,1.0000,1.0000,0.0000,0.0007,1.2165
2889,MARKET,MOVE OUTCAST ACTIVE CROWD,0,1.3566,1.0000,1.0000,0.2831,1.0000,1.0000,1.0000,0.0021,1.2235
2890,MARKET,SPREAD,0,1.2032,1.0000,0.6667,0.0162,1.0000,1.0000,0.0000,-0.0003,1.2225
2891,MARKET,GROW,0,1.2480,1.0000,0.6667,0.2399,1.0000,1.0000,0.0000,0.0003,1.2237
2892,MARKET,GROW,0,1.2480,1.0000,0.6667,0.2399,1.0000,1.0000,0.0000,0.0003,1.2250
2893,MARKET,BURN,0,1.2567,1.0000,0.6667,0.2836,1.0000,1.0000,0.0000,0.0004,1.2265
2894,MARKET,GROW,0,1.2480,1.0000,0.6667,0.2399,1.0000,1.0000,0.0000,0.0003,1.2276
2895,MARKET,GROW,0,1.2480,1.0000,0.6667,0.2399,1.0000,1.0000,0.0000,0.0003,1.2286
2896,MARKET,FALL,0,1.2676,1.0000,0.6667,0.3378,1.0000,1.0000,0.0000,0.0005,1.2306
2897,MARKET,BURN,0,1.2567,1.0000,0.6667,0.2836,1.0000,1.0000,0.0000,0.0004,1.2319
2898,MARKET,SPREAD,0,1.2032,1.0000,0.6667,0.0162,1.0000,1.0000,0.0000,-0.0004,1.2305
2899,MARKET,BURN,0,1.2567,1.0000,0.6667,0.2836,1.0000,1.0000,0.0000,0.0003,1.2318
2900,MARKET,BURN,0,1.2567,1.0000,0.6667,0.2836,1.0000,1.0000,0.0000,0.0003,1.2330
2901,MARKET,BURN,0,1.2567,1.0000,0.6667,0.2836,1.0000,1.0000,0.0000,0.0003,1.2342
2902,MARKET,FALL,0,1.2676,1.0000,0.6667,0.3378,1.0000,1.0000,0.0000,0.0005,1.2359
2903,MARKET,GROW,0,1.2480,1.0000,0.6667,0.2399,1.0000,1.0000,0.0000,0.0002,1.2365
2904,MARKET,FALL,0,1.2676,1.0000,0.6667,0.3378,1.0000,1.0000,0.0000,0.0004,1.2380
2905,MARKET,SPREAD,0,1.2032,1.0000,0.6667,0.0162,1.0000,1.0000,0.0000,-0.0005,1.2363
2906,MARKET,BURN,0,1.2567,1.0000,0.6667,0.2836,1.0000,1.0000,0.0000,0.0003,1.2373
2907,MARKET,GROW,0,1.2480,1.0000,0.6667,0.2399,1.0000,1.0000,0.0000,0.0001,1.2378
2908,MARKET,GROW,0,1.2480,1.0000,0.6667,0.2399,1.0000,1.0000,0.0000,0.0001,1.2383
2909,MARKET,,0,1.1000,1.0000,0.3333,0.0000,1.0000,0.0000,0.0000,-0.0018,1.2314
2910,MARKET,GROW,0,1.2480,1.0000,0.6667,0.2399,1.0000,1.0000,0.0000,0.0002,1.2323
2911,MARKET,MOVE SLOW FIRE,0,1.3680,1.0000,1.0000,0.3400,1.0000,1.0000,1.0000,0.0018,1.2390
2912,MARKET,BURN,0,1.2567,1.0000,0.6667,0.2836,1.0000,1.0000,0.0000,0.0002,1.2399
2913,MARKET,SPREAD,0,1.2032,1.0000,0.6667,0.0162,1.0000,1.0000,0.0000,-0.0005,1.2381
2914,MARKET,BURN,0,1.2567,1.0000,0.6667,0.2836,1.0000,1.0000,0.0000,0.0002,1.2390
2915,MARKET,BURN,0,1.2567,1.0000,0.6667,0.2836,1.0000,1.0000,0.0000,0.0002,1.2399
2916,MARKET,SPREAD,0,1.2032,1.0000,0.6667,0.0162,1.0000,1.0000,0.0000,-0.0005,1.2381
2917,MARKET,SPREAD,0,1.2032,1.0000,0.6667,0.0162,1.0000,1.0000,0.0000,-0.0005,1.2363
2918,MARKET,FALL,0,1.2676,1.0000,0.6667,0.3378,1.0000,1.0000,0.0000,0.0004,1.2379
2919,MARKET,FALL,0,1.2676,1.0000,0.6667,0.3378,1.0000,1.0000,0.0000,0.0004,1.2394
2920,MARKET,GROW,0,1.2480,1.0000,0.6667,0.2399,1.0000,1.0000,0.0000,0.0001,1.2398
2921,MARKET,,0,1.1000,1.0000,0.3333,0.0000,1.0000,0.0000,0.0000,-0.0019,1.2328
2922,MARKET,FALL,0,1.2676,1.0000,0.6667,0.3378,1.0000,1.0000,0.0000,0.0005,1.2346
2923,MARKET,BURN,0,1.2567,1.0000,0.6667,0.2836,1.0000,1.0000,0.0000,0.0003,1.2357
2924,HOME,BURN,0,1.2524,1.0000,0.6667,0.2618,1.0000,1.0000,0.0000,0.1099,1.2365
2925,MARKET,BURN,0,1.2567,1.0000,0.6667,0.2836,1.0000,1.0000,0.0000,0.0003,1.2375
2926,MARKET,SPREAD,0,1.2032,1.0000,0.6667,0.0162,1.0000,1.0000,0.0000,-0.0004,1.2358
2927,MARKET,SPREAD,0,1.2032,1.0000,0.6667,0.0162,1.0000,1.0000,0.0000,-0.0004,1.2342
2928,MARKET,BURN,0,1.2567,1.0000,0.6667,0.2836,1.0000,1.0000,0.0000,0.0003,1.2353
2929,MARKET,SPREAD,0,1.2032,1.0000,0.6667,0.0162,1.0000,1.0000,0.0000,-0.0004,1.2337
2930,MARKET,FALL,0,1.2676,1.0000,0.6667,0.3378,1.0000,1.0000,0.0000,0.0004,1.2354
2931,MARKET,SPREAD,0,1.2032,1.0000,0.6667,0.0162,1.0000,1.0000,0.0000,-0.0004,1.2338
2932,MARKET,FALL,0,1.2676,1.0000,0.6667,0.3378,1.0000,1.0000,0.0000,0.0004,1.2355
2933,MARKET,SPREAD,0,1.2032,1.0000,0.6667,0.0162,1.0000,1.0000,0.0000,-0.0004,1.2339
2934,MARKET,SPREAD,0,1.2032,1.0000,0.6667,0.0162,1.0000,1.0000,0.0000,-0.0004,1.2323
2935,MARKET,GROW,0,1.2480,1.0000,0.6667,0.2399,1.0000,1.0000,0.0000,0.0002,1.2331
2936,MARKET,SPREAD,0,1.2032,1.0000,0.6667,0.0162,1.0000,1.0000,0.0000,-0.0004,1.2316
2937,MARKET,BURN,0,1.2567,1.0000,0.6667,0.2836,1.0000,1.0000,0.0000,0.0003,1.2329
2938,MARKET,GROW,0,1.2480,1.0000,0.6667,0.2399,1.0000,1.0000,0.0000,0.0002,1.2336
2939,MARKET,SPREAD,0,1.2032,1.0000,0.6667,0.0162,1.0000,1.0000,0.0000,-0.0004,1.2321
2940,MARKET,MOVE WATER,0,1.2679,1.0000,0.6667,0.3394,1.0000,1.0000,0.0000,0.0005,1.2339
2941,MARKET,BURN,0,1.2567,1.0000,0.6667,0.2836,1.0000,1.0000,0.0000,0.0003,1.2350
2942,MARKET,BURN,0,1.2567,1.0000,0.6667,0.2836,1.0000,1.0000,0.0000,0.0003,1.2361
2943,MARKET,FALL,0,1.2676,1.0000,0.6667,0.3378,1.0000,1.0000,0.0000,0.0005,1.2377
2944,MARKET,GROW,0,1.2480,1.0000,0.6667,0.2399,1.0000,1.0000,0.0000,0.0001,1.2382
2945,MARKET,FALL,0,1.2676,1.0000,0.6667,0.3378,1.0000,1.0000,0.0000,0.0004,1.2397
2946,MARKET,FALL,0,1.2676,1.0000,0.6667,0.3378,1.0000,1.0000,0.0000,0.0004,1.2411
2947,MARKET,GROW,0,1.2480,1.0000,0.6667,0.2399,1.0000,1.0000,0.0000,0.0001,1.2414
2948,MARKET,FALL,0,1.2676,1.0000,0.6667,0.3378,1.0000,1.0000,0.0000,0.0004,1.2427
2949,MARKET,BURN,0,1.2567,1.0000,0.6667,0.2836,1.0000,1.0000,0.0000,0.0002,1.2434
2950,MARKET,BURN,0,1.2567,1.0000,0.6667,0.2836,1.0000,1.0000,0.0000,0.0002,1.2441
2951,MARKET,GROW,0,1.2480,1.0000,0.6667,0.2399,1.0000,1.0000,0.0000,0.0001,1.2443
2952,MARKET,GROW,0,1.2480,1.0000,0.6667,0.2399,1.0000,1.0000,0.0000,0.0001,1.2445
2953,MARKET,BURN,0,1.2567,1.0000,0.6667,0.2836,1.0000,1.0000,0.0000,0.0002,1.2451
2954,MARKET,,0,1.1000,1.0000,0.3333,0.0000,1.0000,0.0000,0.0000,-0.0020,1.2378
2955,MARKET,FALL,0,1.2676,1.0000,0.6667,0.3378,1.0000,1.0000,0.0000,0.0004,1.2393
2956,MARKET,FALL,0,1.2676,1.0000,0.6667,0.3378,1.0000,1.0000,0.0000,0.0004,1.2407
2957,MARKET,FALL,0,1.2676,1.0000,0.6667,0.3378,1.0000,1.0000,0.0000,0.0004,1.2421
2958,MARKET,GROW,0,1.2480,1.0000,0.6667,0.2399,1.0000,1.0000,0.0000,0.0001,1.2424
2959,MARKET,GROW,0,1.2480,1.0000,0.6667,0.2399,1.0000,1.0000,0.0000,0.0001,1.2426
2960,MARKET,FALL,0,1.2676,1.0000,0.6667,0.3378,1.0000,1.0000,0.0000,0.0003,1.2439
2961,MARKET,SPREAD,0,1.2032,1.0000,0.6667,0.0162,1.0000,1.0000,0.0000,-0.0006,1.2419
2962,MARKET,GROW,0,1.2480,1.0000,0.6667,0.2399,1.0000,1.0000,0.0000,0.0001,1.2422
2963,MARKET,FALL,0,1.2676,1.0000,0.6667,0.3378,1.0000,1.0000,0.0000,0.0003,1.2434
2964,MARKET,FALL,0,1.2676,1.0000,0.6667,0.3378,1.0000,1.0000,0.0000,0.0003,1.2446
2965,MARKET,BURN,0,1.2567,1.0000,0.6667,0.2836,1.0000,1.0000,0.0000,0.0002,1.2452
2966,MARKET,SPREAD,0,1.2032,1.0000,0.6667,0.0162,1.0000,1.0000,0.0000,-0.0006,1.2431
2967,MARKET,SPREAD,0,1.2032,1.0000,0.6667,0.0162,1.0000,1.0000,0.0000,-0.0005,1.2411
2968,MARKET,GROW,0,1.2480,1.0000,0.6667,0.2399,1.0000,1.0000,0.0000,0.0001,1.2415
2969,MARKET,FALL,0,1.2676,1.0000,0.6667,0.3378,1.0000,1.0000,0.0000,0.0004,1.2428
2970,MARKET,BURN,0,1.2567,1.0000,0.6667,0.2836,1.0000,1.0000,0.0000,0.0002,1.2435
2971,MARKET,MOVE SOLDIER,0,1.2430,1.0000,0.6667,0.2152,1.0000,1.0000,0.0000,-0.0000,1.2435
2972,MARKET,GROW,0,1.2480,1.0000,0.6667,0.2399,1.0000,1.0000,0.0000,0.0001,1.2437
2973,MARKET,FALL,0,1.2676,1.0000,0.6667,0.3378,1.0000,1.0000,0.0000,0.0003,1.2449
2974,MARKET,GROW,0,1.2480,1.0000,0.6667,0.2399,1.0000,1.0000,0.0000,0.0000,1.2450
2975,MARKET,GROW,0,1.2480,1.0000,0.6667,0.2399,1.0000,1.0000,0.0000,0.0000,1.2452
2976,MARKET,GROW,0,1.2480,1.0000,0.6667,0.2399,1.0000,1.0000,0.0000,0.0000,1.2453
2977,MARKET,SPREAD,0,1.2032,1.0000,0.6667,0.0162,1.0000,1.0000,0.0000,-0.0006,1.2432
2978,MARKET,GROW,0,1.2480,1.0000,0.6667,0.2399,1.0000,1.0000,0.0000,0.0001,1.2435
2979,MARKET,SPREAD,0,1.2032,1.0000,0.6667,0.0162,1.0000,1.0000,0.0000,-0.0005,1.2414
2980,MARKET,FALL,0,1.2676,1.0000,0.6667,0.3378,1.0000,1.0000,0.0000,0.0003,1.2428
2981,MARKET,FALL,0,1.2676,1.0000,0.6667,0.3378,1.0000,1.0000,0.0000,0.0003,1.2440
2982,MARKET,BURN,0,1.2567,1.0000,0.6667,0.2836,1.0000,1.0000,0.0000,0.0002,1.2446
2983,MARKET,BURN,0,1.2567,1.0000,0.6667,0.2836,1.0000,1.0000,0.0000,0.0002,1.2452
2984,MARKET,FALL,0,1.2676,1.0000,0.6667,0.3378,1.0000,1.0000,0.0000,0.0003,1.2463
2985,MARKET,BURN,0,1.2567,1.0000,0.6667,0.2836,1.0000,1.0000,0.0000,0.0001,1.2469
2986,MARKET,BURN,0,1.2567,1.0000,0.6667,0.2836,1.0000,1.0000,0.0000,0.0001,1.2474
2987,MARKET,GROW,0,1.2480,1.0000,0.6667,0.2399,1.0000,1.0000,0.0000,0.0000,1.2474
2988,MARKET,SPREAD,0,1.2032,1.0000,0.6667,0.0162,1.0000,1.0000,0.0000,-0.0006,1.2452
2989,MARKET,BURN,0,1.2567,1.0000,0.6667,0.2836,1.0000,1.0000,0.0000,0.0002,1.2458
2990,MARKET,FALL,0,1.2676,1.0000,0.6667,0.3378,1.0000,1.0000,0.0000,0.0003,1.2468
2991,MARKET,FALL,0,1.2676,1.0000,0.6667,0.3378,1.0000,1.0000,0.0000,0.0003,1.2479
2992,MARKET,GROW,0,1.2480,1.0000,0.6667,0.2399,1.0000,1.0000,0.0000,0.0000,1.2479
2993,MARKET,SPREAD,0,1.2032,1.0000,0.6667,0.0162,1.0000,1.0000,0.0000,-0.0006,1.2457
2994,MARKET,FALL,0,1.2676,1.0000,0.6667,0.3378,1.0000,1.0000,0.0000,0.0003,1.2468
2995,MARKET,FALL,0,1.2676,1.0000,0.6667,0.3378,1.0000,1.0000,0.0000,0.0003,1.2478
2996,MARKET,BURN,0,1.2567,1.0000,0.6667,0.2836,1.0000,1.0000,0.0000,0.0001,1.2482
2997,MARKET,SPREAD,0,1.2032,1.0000,0.6667,0.0162,1.0000,1.0000,0.0000,-0.0006,1.2460
2998,MARKET,GROW,0,1.2480,1.0000,0.6667,0.2399,1.0000,1.0000,0.0000,0.0000,1.2461
2999,MARKET,BURN,0,1.2567,1.0000,0.6667,0.2836,1.0000,1.0000,0.0000,0.0001,1.2466
3000,MARKET,GROW,0,1.2480,1.0000,0.6667,0.2399,1.0000,1.0000,0.0000,0.0000,1.2467
3001,MARKET,,0,1.1000,1.0000,0.3333,0.0000,1.0000,0.0000,0.0000,-0.0019,1.2394
3002,MARKET,FALL,0,1.2676,1.0000,0.6667,0.3378,1.0000,1.0000,0.0000,0.0004,1.2408
3003,MARKET,FALL,0,1.2676,1.0000,0.6667,0.3378,1.0000,1.0000,0.0000,0.0004,1.2421
3004,MARKET,FALL,0,1.2676,1.0000,0.6667,0.3378,1.0000,1.0000,0.0000,0.0004,1.2434
3005,MARKET,FALL,0,1.2676,1.0000,0.6667,0.3378,1.0000,1.0000,0.0000,0.0003,1.2446
3006,MARKET,SPREAD,0,1.2032,1.0000,0.6667,0.0162,1.0000,1.0000,0.0000,-0.0006,1.2425
3007,MARKET,BURN,0,1.2567,1.0000,0.6667,0.2836,1.0000,1.0000,0.0000,0.0002,1.2432
3008,MARKET,BURN,0,1.2567,1.0000,0.6667,0.2836,1.0000,1.0000,0.0000,0.0002,1.2439
3009,MARKET,SPREAD,0,1.2032,1.0000,0.6667,0.0162,1.0000,1.0000,0.0000,-0.0005,1.2419
3010,MARKET,FALL,0,1.2676,1.0000,0.6667,0.3378,1.0000,1.0000,0.0000,0.0004,1.2432
3011,MARKET,SPREAD,0,1.2032,1.0000,0.6667,0.0162,1.0000,1.0000,0.0000,-0.0005,1.2412
3012,MARKET,FALL,0,1.2676,1.0000,0.6667,0.3378,1.0000,1.0000,0.0000,0.0004,1.2425
3013,MARKET,BURN,0,1.2567,1.0000,0.6667,0.2836,1.0000,1.0000,0.0000,0.0002,1.2432
3014,MARKET,BURN,0,1.2567,1.0000,0.6667,0.2836,1.0000,1.0000,0.0000,0.0002,1.2439
3015,MARKET,SPREAD,0,1.2032,1.0000,0.6667,0.0162,1.0000,1.0000,0.0000,-0.0006,1.2418
3016,MARKET,BURN,0,1.2567,1.0000,0.6667,0.2836,1.0000,1.0000,0.0000,0.0002,1.2426
3017,MARKET,,0,1.1000,1.0000,0.3333,0.0000,1.0000,0.0000,0.0000,-0.0020,1.2354
3018,MARKET,GROW,0,1.2480,1.0000,0.6667,0.2399,1.0000,1.0000,0.0000,0.0002,1.2361
3019,MARKET,FALL,0,1.2676,1.0000,0.6667,0.3378,1.0000,1.0000,0.0000,0.0004,1.2377
3020,MARKET,BURN,0,1.2567,1.0000,0.6667,0.2836,1.0000,1.0000,0.0000,0.0003,1.2386
3021,MARKET,GROW,0,1.2480,1.0000,0.6667,0.2399,1.0000,1.0000,0.0000,0.0001,1.2391
3022,MARKET,SPREAD,0,1.2032,1.0000,0.6667,0.0162,1.0000,1.0000,0.0000,-0.0005,1.2373
3023,MARKET,FALL,0,1.2676,1.0000,0.6667,0.3378,1.0000,1.0000,0.0000,0.0004,1.2388
3024,MARKET,GROW,0,1.2480,1.0000,0.6667,0.2399,1.0000,1.0000,0.0000,0.0001,1.2393
3025,MARKET,BURN,0,1.2567,1.0000,0.6667,0.2836,1.0000,1.0000,0.0000,0.0002,1.2401
3026,MARKET,BURN,0,1.2567,1.0000,0.6667,0.2836,1.0000,1.0000,0.0000,0.0002,1.2410
3027,MARKET,FALL,0,1.2676,1.0000,0.6667,0.3378,1.0000,1.0000,0.0000,0.0004,1.2423
3028,MARKET,BURN,0,1.2567,1.0000,0.6667,0.2836,1.0000,1.0000,0.0000,0.0002,1.2430
3029,MARKET,GROW,0,1.2480,1.0000,0.6667,0.2399,1.0000,1.0000,0.0000,0.0001,1.2433
3030,MARKET,GROW,0,1.2480,1.0000,0.6667,0.2399,1.0000,1.0000,0.0000,0.0001,1.2435
3031,MARKET,FALL,0,1.2676,1.0000,0.6667,0.3378,1.0000,1.0000,0.0000,0.0003,1.2447
3032,MARKET,SPREAD,0,1.2032,1.0000,0.6667,0.0162,1.0000,1.0000,0.0000,-0.0005,1.2426
3033,MARKET,GROW,0,1.2480,1.0000,0.6667,0.2399,1.0000,1.0000,0.0000,0.0001,1.2429
3034,MARKET,GROW,0,1.2480,1.0000,0.6667,0.2399,1.0000,1.0000,0.0000,0.0001,1.2431
3035,MARKET,FALL,0,1.2676,1.0000,0.6667,0.3378,1.0000,1.0000,0.0000,0.0003,1.2444
3036,MARKET,GROW,0,1.2480,1.0000,0.6667,0.2399,1.0000,1.0000,0.0000,0.0001,1.2445
3037,MARKET,FALL,0,1.2676,1.0000,0.6667,0.3378,1.0000,1.0000,0.0000,0.0003,1.2457
3038,MARKET,SPREAD,0,1.2032,1.0000,0.6667,0.0162,1.0000,1.0000,0.0000,-0.0006,1.2436
3039,MARKET,BURN,0,1.2567,1.0000,0.6667,0.2836,1.0000,1.0000,0.0000,0.0002,1.2442
3040,MARKET,SPREAD,0,1.2032,1.0000,0.6667,0.0162,1.0000,1.0000,0.0000,-0.0006,1.2422
3041,MARKET,BURN,0,1.2567,1.0000,0.6667,0.2836,1.0000,1.0000,0.0000,0.0002,1.2429
3042,MARKET,FALL,0,1.2676,1.0000,0.6667,0.3378,1.0000,1.0000,0.0000,0.0003,1.2441
3043,MARKET,GROW,0,1.2480,1.0000,0.6667,0.2399,1.0000,1.0000,0.0000,0.0001,1.2443
3044,MARKET,BURN,0,1.2567,1.0000,0.6667,0.2836,1.0000,1.0000,0.0000,0.0002,1.2450
3045,MARKET,BURN,0,1.2567,1.0000,0.6667,0.2836,1.0000,1.0000,0.0000,0.0002,1.2455
3046,MARKET,FALL,0,1.2676,1.0000,0.6667,0.3378,1.0000,1.0000,0.0000,0.0003,1.2466
3047,MARKET,GROW,0,1.2480,1.0000,0.6667,0.2399,1.0000,1.0000,0.0000,0.0000,1.2467
3048,MARKET,MOVE OUTCAST SAD CROWD,0,1.3730,1.0000,1.0000,0.3650,1.0000,1.0000,1.0000,0.0017,1.2530
3049,MARKET,BURN,0,1.2567,1.0000,0.6667,0.2836,1.0000,1.0000,0.0000,0.0000,1.2532
3050,MARKET,FALL,0,1.2676,1.0000,0.6667,0.3378,1.0000,1.0000,0.0000,0.0002,1.2539
3051,MARKET,SPREAD,0,1.2032,1.0000,0.6667,0.0162,1.0000,1.0000,0.0000,-0.0007,1.2514
3052,MARKET,MOVE DENSE CAMERA,0,1.3405,1.0000,1.0000,0.2023,1.0000,1.0000,1.0000,0.0013,1.2558
3053,MARKET,FALL,0,1.2676,1.0000,0.6667,0.3378,1.0000,1.0000,0.0000,0.0002,1.2564
3054,MARKET,BURN,0,1.2567,1.0000,0.6667,0.2836,1.0000,1.0000,0.0000,0.0000,1.2564
3055,MARKET,SPREAD,0,1.2032,1.0000,0.6667,0.0162,1.0000,1.0000,0.0000,-0.0007,1.2538
3056,MARKET,,0,1.1000,1.0000,0.3333,0.0000,1.0000,0.0000,0.0000,-0.0021,1.2461
3057,MARKET,FALL,0,1.2676,1.0000,0.6667,0.3378,1.0000,1.0000,0.0000,0.0003,1.2472
3058,MARKET,SPREAD,0,1.2032,1.0000,0.6667,0.0162,1.0000,1.0000,0.0000,-0.0006,1.2450
3059,MARKET,BURN,0,1.2567,1.0000,0.6667,0.2836,1.0000,1.0000,0.0000,0.0002,1.2456
3060,MARKET,BURN,0,1.2567,1.0000,0.6667,0.2836,1.0000,1.0000,0.0000,0.0002,1.2461
3061,MARKET,FALL,0,1.2676,1.0000,0.6667,0.3378,1.0000,1.0000,0.0000,0.0003,1.2472
3062,MARKET,BURN,0,1.2567,1.0000,0.6667,0.2836,1.0000,1.0000,0.0000,0.0001,1.2477
3063,MARKET,GROW,0,1.2480,1.0000,0.6667,0.2399,1.0000,1.0000,0.0000,0.0000,1.2477
3064,MARKET,BURN,0,1.2567,1.0000,0.6667,0.2836,1.0000,1.0000,0.0000,0.0001,1.2481
3065,MARKET,BURN,0,1.2567,1.0000,0.6667,0.2836,1.0000,1.0000,0.0000,0.0001,1.2486
3066,MARKET,FALL,0,1.2676,1.0000,0.6667,0.3378,1.0000,1.0000,0.0000,0.0003,1.2495
3067,MARKET,BURN,0,1.2567,1.0000,0.6667,0.2836,1.0000,1.0000,0.0000,0.0001,1.2499
3068,MARKET,FALL,0,1.2676,1.0000,0.6667,0.3378,1.0000,1.0000,0.0000,0.0003,1.2508
3069,MARKET,FALL,0,1.2676,1.0000,0.6667,0.3378,1.0000,1.0000,0.0000,0.0002,1.2516
3070,MARKET,SPREAD,0,1.2032,1.0000,0.6667,0.0162,1.0000,1.0000,0.0000,-0.0007,1.2492
3071,BRIDGE,BURN,0,1.2277,1.0000,0.6667,0.1383,1.0000,1.0000,0.0000,-0.1518,1.2481
3072,MARKET,BURN,0,1.2567,1.0000,0.6667,0.2836,1.0000,1.0000,0.0000,0.0001,1.2485
3073,MARKET,BURN,0,1.2567,1.0000,0.6667,0.2836,1.0000,1.0000,0.0000,0.0001,1.2489
3074,MARKET,GROW,0,1.2480,1.0000,0.6667,0.2399,1.0000,1.0000,0.0000,-0.0000,1.2489
3075,MARKET,FALL,0,1.2676,1.0000,0.6667,0.3378,1.0000,1.0000,0.0000,0.0003,1.2498
3076,MARKET,SPREAD,0,1.2032,1.0000,0.6667,0.0162,1.0000,1.0000,0.0000,-0.0006,1.2475
3077,MARKET,GROW,0,1.2480,1.0000,0.6667,0.2399,1.0000,1.0000,0.0000,0.0000,1.2475
3078,MARKET,SPREAD,0,1.2032,1.0000,0.6667,0.0162,1.0000,1.0000,0.0000,-0.0006,1.2453
3079,MARKET,SPREAD,0,1.2032,1.0000,0.6667,0.0162,1.0000,1.0000,0.0000,-0.0005,1.2432
3080,MARKET,GROW,0,1.2480,1.0000,0.6667,0.2399,1.0000,1.0000,0.0000,0.0001,1.2434
3081,MARKET,SPREAD,0,1.2032,1.0000,0.6667,0.0162,1.0000,1.0000,0.0000,-0.0005,1.2414
3082,MARKET,GROW,0,1.2480,1.0000,0.6667,0.2399,1.0000,1.0000,0.0000,0.0001,1.2418
3083,MARKET,GROW,0,1.2480,1.0000,0.6667,0.2399,1.0000,1.0000,0.0000,0.0001,1.2421
3084,MARKET,GROW,0,1.2480,1.0000,0.6667,0.2399,1.0000,1.0000,0.0000,0.0001,1.2424
3085,MARKET,SPREAD,0,1.2032,1.0000,0.6667,0.0162,1.0000,1.0000,0.0000,-0.0005,1.2404
3086,MARKET,GROW,0,1.2480,1.0000,0.6667,0.2399,1.0000,1.0000,0.0000,0.0001,1.2408
3087,MARKET,FALL,0,1.2676,1.0000,0.6667,0.3378,1.0000,1.0000,0.0000,0.0004,1.2421
3088,MARKET,SPREAD,0,1.2032,1.0000,0.6667,0.0162,1.0000,1.0000,0.0000,-0.0005,1.2402
3089,MARKET,GROW,0,1.2480,1.0000,0.6667,0.2399,1.0000,1.0000,0.0000,0.0001,1.2406
3090,MARKET,GROW,0,1.2480,1.0000,0.6667,0.2399,1.0000,1.0000,0.0000,0.0001,1.2409
3091,MARKET,GROW,0,1.2480,1.0000,0.6667,0.2399,1.0000,1.0000,0.0000,0.0001,1.2413
3092,MARKET,BURN,0,1.2567,1.0000,0.6667,0.2836,1.0000,1.0000,0.0000,0.0002,1.2421
3093,MARKET,GROW,0,1.2480,1.0000,0.6667,0.2399,1.0000,1.0000,0.0000,0.0001,1.2424
3094,MARKET,BURN,0,1.2567,1.0000,0.6667,0.2836,1.0000,1.0000,0.0000,0.0002,1.2431
3095,MARKET,BURN,0,1.2567,1.0000,0.6667,0.2836,1.0000,1.0000,0.0000,0.0002,1.2438
3096,MARKET,MOVE DIRTY OBEDIENT CAT,0,1.3581,1.0000,1.0000,0.2903,1.0000,1.0000,1.0000,0.0015,1.2495
3097,MARKET,BURN,0,1.2567,1.0000,0.6667,0.2836,1.0000,1.0000,0.0000,0.0001,1.2498
3098,MARKET,SPREAD,0,1.2032,1.0000,0.6667,0.0162,1.0000,1.0000,0.0000,-0.0006,1.2475
3099,MARKET,BURN,0,1.2567,1.0000,0.6667,0.2836,1.0000,1.0000,0.0000,0.0001,1.2480
3100,MARKET,GROW,0,1.2480,1.0000,0.6667,0.2399,1.0000,1.0000,0.0000,0.0000,1.2480
3101,MARKET,FALL,0,1.2676,1.0000,0.6667,0.3378,1.0000,1.0000,0.0000,0.0002,1.2489
3102,MARKET,FALL,0,1.2676,1.0000,0.6667,0.3378,1.0000,1.0000,0.0000,0.0002,1.2499
3103,MARKET,BURN,0,1.2567,1.0000,0.6667,0.2836,1.0000,1.0000,0.0000,0.0001,1.2502
3104,MARKET,BURN,0,1.2567,1.0000,0.6667,0.2836,1.0000,1.0000,0.0000,0.0001,1.2505
3105,PRISON,GROW,0,1.2306,1.0000,0.6667,0.1532,1.0000,1.0000,0.0000,-0.1268,1.2495
3106,MARKET,GROW,0,1.2480,1.0000,0.6667,0.2399,1.0000,1.0000,0.0000,-0.0000,1.2495
3107,MARKET,GROW,0,1.2480,1.0000,0.6667,0.2399,1.0000,1.0000,0.0000,-0.0000,1.2494
3108,MARKET,SPREAD,0,1.2032,1.0000,0.6667,0.0162,1.0000,1.0000,0.0000,-0.0006,1.2471
3109,MARKET,BURN,0,1.2567,1.0000,0.6667,0.2836,1.0000,1.0000,0.0000,0.0001,1.2476
3110,MARKET,BURN,0,1.2567,1.0000,0.6667,0.2836,1.0000,1.0000,0.0000,0.0001,1.2480
3111,MARKET,SPREAD,0,1.2032,1.0000,0.6667,0.0162,1.0000,1.0000,0.0000,-0.0005,1.2458
3112,MARKET,SPREAD,0,1.2032,1.0000,0.6667,0.0162,1.0000,1.0000,0.0000,-0.0005,1.2437
3113,MARKET,UPDATE TIME,0,1.2211,1.0000,0.6667,0.1053,1.0000,1.0000,0.0000,-0.0003,1.2425
3114,MARKET,BURN,0,1.2567,1.0000,0.6667,0.2836,1.0000,1.0000,0.0000,0.0002,1.2432
3115,MARKET,BURN,0,1.2567,1.0000,0.6667,0.2836,1.0000,1.0000,0.0000,0.0002,1.2439
3116,MARKET,FALL,0,1.2676,1.0000,0.6667,0.3378,1.0000,1.0000,0.0000,0.0003,1.2451
3117,MARKET,GROW,0,1.2480,1.0000,0.6667,0.2399,1.0000,1.0000,0.0000,0.0000,1.2452
3118,MARKET,GROW,0,1.2480,1.0000,0.6667,0.2399,1.0000,1.0000,0.0000,0.0000,1.2454
3119,MARKET,GROW,0,1.2480,1.0000,0.6667,0.2399,1.0000,1.0000,0.0000,0.0000,1.2455
3120,MARKET,FALL,0,1.2676,1.0000,0.6667,0.3378,1.0000,1.0000,0.0000,0.0003,1.2466
3121,MARKET,GROW,0,1.2480,1.0000,0.6667,0.2399,1.0000,1.0000,0.0000,0.0000,1.2467
3122,MARKET,BURN,0,1.2567,1.0000,0.6667,0.2836,1.0000,1.0000,0.0000,0.0001,1.2472
3123,MARKET,SPREAD,0,1.2032,1.0000,0.6667,0.0162,1.0000,1.0000,0.0000,-0.0005,1.2450
3124,MARKET,FALL,0,1.2676,1.0000,0.6667,0.3378,1.0000,1.0000,0.0000,0.0003,1.2461
3125,MARKET,SPREAD,0,1.2032,1.0000,0.6667,0.0162,1.0000,1.0000,0.0000,-0.0005,1.2440
3126,MARKET,SPREAD,0,1.2032,1.0000,0.6667,0.0162,1.0000,1.0000,0.0000,-0.0005,1.2419
3127,MARKET,GROW,0,1.2480,1.0000,0.6667,0.2399,1.0000,1.0000,0.0000,0.0001,1.2422
3128,MARKET,GROW,0,1.2480,1.0000,0.6667,0.2399,1.0000,1.0000,0.0000,0.0001,1.2425
3129,MARKET,SPREAD,0,1.2032,1.0000,0.6667,0.0162,1.0000,1.0000,0.0000,-0.0005,1.2406
3130,MARKET,FALL,0,1.2676,1.0000,0.6667,0.3378,1.0000,1.0000,0.0000,0.0003,1.2419
3131,MARKET,BURN,0,1.2567,1.0000,0.6667,0.2836,1.0000,1.0000,0.0000,0.0002,1.2426
3132,MARKET,FALL,0,1.2676,1.0000,0.6667,0.3378,1.0000,1.0000,0.0000,0.0003,1.2439
3133,NETWORK,HEAR WEAPON HEAR BIG OPTIMAL CAMERA HEAR SHARP FOOD HEAR OPTIMAL KEY,1,0.2966,0.0000,0.9333,0.0829,0.8000,1.0000,1.0000,-10.0902,1.1965
3134,MARKET,GROW,0,1.2480,1.0000,0.6667,0.2399,1.0000,1.0000,0.0000,0.0006,1.1991
3135,MARKET,BURN,0,1.2567,1.0000,0.6667,0.2836,1.0000,1.0000,0.0000,0.0006,1.2020
3136,MARKET,GROW,0,1.2480,1.0000,0.6667,0.2399,1.0000,1.0000,0.0000,0.0005,1.2043
3137,MARKET,SPREAD,0,1.2032,1.0000,0.6667,0.0162,1.0000,1.0000,0.0000,-0.0000,1.2042
3138,MARKET,FALL,0,1.2676,1.0000,0.6667,0.3378,1.0000,1.0000,0.0000,0.0007,1.2074
3139,MARKET,MOVE CLEAN STRONG CAT HEAR ISOLATED HEAVY LEADER,0,1.3438,1.0000,1.0000,0.2191,1.0000,1.0000,1.0000,0.0015,1.2142
3140,MARKET,BURN,0,1.2567,1.0000,0.6667,0.2836,1.0000,1.0000,0.0000,0.0005,1.2163
3141,MARKET,GROW,0,1.2480,1.0000,0.6667,0.2399,1.0000,1.0000,0.0000,0.0003,1.2179
3142,MARKET,FALL,0,1.2676,1.0000,0.6667,0.3378,1.0000,1.0000,0.0000,0.0005,1.2204
3143,MARKET,SPREAD,0,1.2032,1.0000,0.6667,0.0162,1.0000,1.0000,0.0000,-0.0002,1.2195
3144,MARKET,FALL,0,1.2676,1.0000,0.6667,0.3378,1.0000,1.0000,0.0000,0.0005,1.2219
3145,MARKET,BURN,0,1.2567,1.0000,0.6667,0.2836,1.0000,1.0000,0.0000,0.0003,1.2237
3146,MARKET,FALL,0,1.2676,1.0000,0.6667,0.3378,1.0000,1.0000,0.0000,0.0004,1.2259
3147,MARKET,GROW,0,1.2480,1.0000,0.6667,0.2399,1.0000,1.0000,0.0000,0.0002,1.2270
3148,MARKET,FALL,0,1.2676,1.0000,0.6667,0.3378,1.0000,1.0000,0.0000,0.0004,1.2290
3149,MARKET,FALL,0,1.2676,1.0000,0.6667,0.3378,1.0000,1.0000,0.0000,0.0004,1.2309
3150,MARKET,FALL,0,1.2676,1.0000,0.6667,0.3378,1.0000,1.0000,0.0000,0.0004,1.2328
3151,MARKET,SPREAD,0,1.2032,1.0000,0.6667,0.0162,1.0000,1.0000,0.0000,-0.0003,1.2313
3152,MARKET,BURN,0,1.2567,1.0000,0.6667,0.2836,1.0000,1.0000,0.0000,0.0002,1.2326
3153,MARKET,SPREAD,0,1.2032,1.0000,0.6667,0.0162,1.0000,1.0000,0.0000,-0.0003,1.2311
3154,MARKET,BURN,0,1.2567,1.0000,0.6667,0.2836,1.0000,1.0000,0.0000,0.0003,1.2324
3155,MARKET,GROW,0,1.2480,1.0000,0.6667,0.2399,1.0000,1.0000,0.0000,0.0001,1.2332
3156,MARKET,SPREAD,0,1.2032,1.0000,0.6667,0.0162,1.0000,1.0000,0.0000,-0.0003,1.2317
3157,MARKET,FALL,0,1.2676,1.0000,0.6667,0.3378,1.0000,1.0000,0.0000,0.0003,1.2335
3158,MARKET,BURN,0,1.2567,1.0000,0.6667,0.2836,1.0000,1.0000,0.0000,0.0002,1.2346
3159,MARKET,GROW,0,1.2480,1.0000,0.6667,0.2399,1.0000,1.0000,0.0000,0.0001,1.2353
3160,MARKET,FALL,0,1.2676,1.0000,0.6667,0.3378,1.0000,1.0000,0.0000,0.0003,1.2369
3161,MARKET,GROW,0,1.2480,1.0000,0.6667,0.2399,1.0000,1.0000,0.0000,0.0001,1.2375
3162,MARKET,BURN,0,1.2567,1.0000,0.6667,0.2836,1.0000,1.0000,0.0000,0.0002,1.2384
3163,MARKET,GROW,0,1.2480,1.0000,0.6667,0.2399,1.0000,1.0000,0.0000,0.0001,1.2389
3164,MARKET,GROW,0,1.2480,1.0000,0.6667,0.2399,1.0000,1.0000,0.0000,0.0001,1.2394
3165,MARKET,GROW,0,1.2480,1.0000,0.6667,0.2399,1.0000,1.0000,0.0000,0.0001,1.2398
3166,MARKET,BURN,0,1.2567,1.0000,0.6667,0.2836,1.0000,1.0000,0.0000,0.0002,1.2406
3167,MARKET,BURN,0,1.2567,1.0000,0.6667,0.2836,1.0000,1.0000,0.0000,0.0002,1.2414
3168,MARKET,BURN,0,1.2567,1.0000,0.6667,0.2836,1.0000,1.0000,0.0000,0.0001,1.2422
3169,MARKET,BURN,0,1.2567,1.0000,0.6667,0.2836,1.0000,1.0000,0.0000,0.0001,1.2429
3170,MARKET,GROW,0,1.2480,1.0000,0.6667,0.2399,1.0000,1.0000,0.0000,0.0001,1.2432
3171,MARKET,FALL,0,1.2676,1.0000,0.6667,0.3378,1.0000,1.0000,0.0000,0.0002,1.2444
3172,MARKET,GROW,0,1.2480,1.0000,0.6667,0.2399,1.0000,1.0000,0.0000,0.0000,1.2446
3173,MARKET,GROW,0,1.2480,1.0000,0.6667,0.2399,1.0000,1.0000,0.0000,0.0000,1.2447
3174,MARKET,,0,1.1000,1.0000,0.3333,0.0000,1.0000,0.0000,0.0000,-0.0013,1.2375
3175,MARKET,BURN,0,1.2567,1.0000,0.6667,0.2836,1.0000,1.0000,0.0000,0.0002,1.2385
3176,MARKET,SPREAD,0,1.2032,1.0000,0.6667,0.0162,1.0000,1.0000,0.0000,-0.0003,1.2367
3177,MARKET,SPREAD,0,1.2032,1.0000,0.6667,0.0162,1.0000,1.0000,0.0000,-0.0003,1.2350
3178,MARKET,SPREAD,0,1.2032,1.0000,0.6667,0.0162,1.0000,1.0000,0.0000,-0.0003,1.2334
3179,MARKET,MOVE METAL BURN,0,1.2638,1.0000,0.6667,0.3188,1.0000,1.0000,0.0000,0.0003,1.2350
3180,MARKET,SPREAD,0,1.2032,1.0000,0.6667,0.0162,1.0000,1.0000,0.0000,-0.0003,1.2334
3181,MARKET,FALL,0,1.2676,1.0000,0.6667,0.3378,1.0000,1.0000,0.0000,0.0003,1.2351
3182,MARKET,SPREAD,0,1.2032,1.0000,0.6667,0.0162,1.0000,1.0000,0.0000,-0.0003,1.2335
3183,MARKET,BURN,0,1.2567,1.0000,0.6667,0.2836,1.0000,1.0000,0.0000,0.0002,1.2347
3184,MARKET,SPREAD,0,1.2032,1.0000,0.6667,0.0162,1.0000,1.0000,0.0000,-0.0003,1.2331
3185,MARKET,FALL,0,1.2676,1.0000,0.6667,0.3378,1.0000,1.0000,0.0000,0.0003,1.2348
3186,MARKET,SPREAD,0,1.2032,1.0000,0.6667,0.0162,1.0000,1.0000,0.0000,-0.0003,1.2332
3187,MARKET,SPREAD,0,1.2032,1.0000,0.6667,0.0162,1.0000,1.0000,0.0000,-0.0003,1.2317
3188,MARKET,GROW,0,1.2480,1.0000,0.6667,0.2399,1.0000,1.0000,0.0000,0.0002,1.2325
3189,MARKET,SPREAD,0,1.2032,1.0000,0.6667,0.0162,1.0000,1.0000,0.0000,-0.0003,1.2311
3190,MARKET,BURN,0,1.2567,1.0000,0.6667,0.2836,1.0000,1.0000,0.0000,0.0002,1.2324
3191,MARKET,FALL,0,1.2676,1.0000,0.6667,0.3378,1.0000,1.0000,0.0000,0.0003,1.2341
3192,MARKET,FALL,0,1.2676,1.0000,0.6667,0.3378,1.0000,1.0000,0.0000,0.0003,1.2358
3193,MARKET,BURN,0,1.2567,1.0000,0.6667,0.2836,1.0000,1.0000,0.0000,0.0002,1.2368
3194,MARKET,SPREAD,0,1.2032,1.0000,0.6667,0.0162,1.0000,1.0000,0.0000,-0.0003,1.2352
3195,MARKET,FALL,0,1.2676,1.0000,0.6667,0.3378,1.0000,1.0000,0.0000,0.0003,1.2368
3196,MARKET,BURN,0,1.2567,1.0000,0.6667,0.2836,1.0000,1.0000,0.0000,0.0002,1.2378
3197,MARKET,BURN,0,1.2567,1.0000,0.6667,0.2836,1.0000,1.0000,0.0000,0.0002,1.2387
3198,MARKET,SPREAD,0,1.2032,1.0000,0.6667,0.0162,1.0000,1.0000,0.0000,-0.0003,1.2369
3199,MARKET,SPREAD,0,1.2032,1.0000,0.6667,0.0162,1.0000,1.0000,0.0000,-0.0003,1.2353
3200,MARKET,SPREAD,0,1.2032,1.0000,0.6667,0.0162,1.0000,1.0000,0.0000,-0.0003,1.2337
3201,PRISON,BURN,0,1.2489,1.0000,0.6667,0.2443,1.0000,1.0000,0.0000,0.1025,1.2344
3202,MARKET,MOVE SHARP TOOL BURN,0,1.3561,1.0000,1.0000,0.2803,1.0000,1.0000,1.0000,0.0012,1.2405
3203,MARKET,FALL,0,1.2676,1.0000,0.6667,0.3378,1.0000,1.0000,0.0000,0.0003,1.2419
3204,MARKET,FALL,0,1.2676,1.0000,0.6667,0.3378,1.0000,1.0000,0.0000,0.0003,1.2431
3205,MARKET,GROW,0,1.2480,1.0000,0.6667,0.2399,1.0000,1.0000,0.0000,0.0000,1.2434
3206,MARKET,FALL,0,1.2676,1.0000,0.6667,0.3378,1.0000,1.0000,0.0000,0.0002,1.2446
3207,MARKET,FALL,0,1.2676,1.0000,0.6667,0.3378,1.0000,1.0000,0.0000,0.0002,1.2457
3208,MARKET,GROW,0,1.2480,1.0000,0.6667,0.2399,1.0000,1.0000,0.0000,0.0000,1.2458
3209,MARKET,GROW,0,1.2480,1.0000,0.6667,0.2399,1.0000,1.0000,0.0000,0.0000,1.2460
3210,MARKET,FALL,0,1.2676,1.0000,0.6667,0.3378,1.0000,1.0000,0.0000,0.0002,1.2470
3211,MARKET,SPREAD,0,1.2032,1.0000,0.6667,0.0162,1.0000,1.0000,0.0000,-0.0004,1.2448
3212,MARKET,FALL,0,1.2676,1.0000,0.6667,0.3378,1.0000,1.0000,0.0000,0.0002,1.2460
3213,MARKET,GROW,0,1.2480,1.0000,0.6667,0.2399,1.0000,1.0000,0.0000,0.0000,1.2461
3214,MARKET,SPREAD,0,1.2032,1.0000,0.6667,0.0162,1.0000,1.0000,0.0000,-0.0004,1.2439
3215,MARKET,FALL,0,1.2676,1.0000,0.6667,0.3378,1.0000,1.0000,0.0000,0.0002,1.2451
3216,MARKET,SPREAD,0,1.2032,1.0000,0.6667,0.0162,1.0000,1.0000,0.0000,-0.0004,1.2430
3217,MARKET,BURN,0,1.2567,1.0000,0.6667,0.2836,1.0000,1.0000,0.0000,0.0001,1.2437
3218,MARKET,BURN,0,1.2567,1.0000,0.6667,0.2836,1.0000,1.0000,0.0000,0.0001,1.2444
3219,MARKET,GROW,0,1.2480,1.0000,0.6667,0.2399,1.0000,1.0000,0.0000,0.0000,1.2445
3220,MARKET,GROW,0,1.2480,1.0000,0.6667,0.2399,1.0000,1.0000,0.0000,0.0000,1.2447
3221,MARKET,FALL,0,1.2676,1.0000,0.6667,0.3378,1.0000,1.0000,0.0000,0.0002,1.2459
3222,MARKET,BURN,0,1.2567,1.0000,0.6667,0.2836,1.0000,1.0000,0.0000,0.0001,1.2464
3223,MARKET,GROW,0,1.2480,1.0000,0.6667,0.2399,1.0000,1.0000,0.0000,0.0000,1.2465
3224,MARKET,BURN,0,1.2567,1.0000,0.6667,0.2836,1.0000,1.0000,0.0000,0.0001,1.2470
3225,MARKET,FALL,0,1.2676,1.0000,0.6667,0.3378,1.0000,1.0000,0.0000,0.0002,1.2480
3226,MARKET,BURN,0,1.2567,1.0000,0.6667,0.2836,1.0000,1.0000,0.0000,0.0001,1.2485
3227,MARKET,FALL,0,1.2676,1.0000,0.6667,0.3378,1.0000,1.0000,0.0000,0.0002,1.2494
3228,MARKET,BURN,0,1.2567,1.0000,0.6667,0.2836,1.0000,1.0000,0.0000,0.0001,1.2498
3229,MARKET,FALL,0,1.2676,1.0000,0.6667,0.3378,1.0000,1.0000,0.0000,0.0002,1.2507
3230,MARKET,SPREAD,0,1.2032,1.0000,0.6667,0.0162,1.0000,1.0000,0.0000,-0.0005,1.2483
3231,MARKET,FALL,0,1.2676,1.0000,0.6667,0.3378,1.0000,1.0000,0.0000,0.0002,1.2493
3232,MARKET,SPREAD,0,1.2032,1.0000,0.6667,0.0162,1.0000,1.0000,0.0000,-0.0004,1.2470
3233,MARKET,BURN,0,1.2567,1.0000,0.6667,0.2836,1.0000,1.0000,0.0000,0.0001,1.2474
3234,MARKET,FALL,0,1.2676,1.0000,0.6667,0.3378,1.0000,1.0000,0.0000,0.0002,1.2484
3235,MARKET,GROW,0,1.2480,1.0000,0.6667,0.2399,1.0000,1.0000,0.0000,-0.0000,1.2484
3236,MARKET,SPREAD,0,1.2032,1.0000,0.6667,0.0162,1.0000,1.0000,0.0000,-0.0005,1.2462
3237,MARKET,SPREAD,0,1.2032,1.0000,0.6667,0.0162,1.0000,1.0000,0.0000,-0.0004,1.2440
3238,MARKET,GROW,0,1.2480,1.0000,0.6667,0.2399,1.0000,1.0000,0.0000,0.0000,1.2442
3239,MARKET,BURN,0,1.2567,1.0000,0.6667,0.2836,1.0000,1.0000,0.0000,0.0001,1.2448
3240,MARKET,SPREAD,0,1.2032,1.0000,0.6667,0.0162,1.0000,1.0000,0.0000,-0.0004,1.2428
3241,MARKET,BURN,0,1.2567,1.0000,0.6667,0.2836,1.0000,1.0000,0.0000,0.0001,1.2435
3242,MARKET,SPREAD,0,1.2032,1.0000,0.6667,0.0162,1.0000,1.0000,0.0000,-0.0004,1.2414
3243,MARKET,FALL,0,1.2676,1.0000,0.6667,0.3378,1.0000,1.0000,0.0000,0.0003,1.2428
3244,MARKET,BURN,0,1.2567,1.0000,0.6667,0.2836,1.0000,1.0000,0.0000,0.0001,1.2435
3245,MARKET,BURN,0,1.2567,1.0000,0.6667,0.2836,1.0000,1.0000,0.0000,0.0001,1.2441
3246,MARKET,FALL,0,1.2676,1.0000,0.6667,0.3378,1.0000,1.0000,0.0000,0.0002,1.2453
3247,MARKET,GROW,0,1.2480,1.0000,0.6667,0.2399,1.0000,1.0000,0.0000,0.0000,1.2454
3248,MARKET,BURN,0,1.2567,1.0000,0.6667,0.2836,1.0000,1.0000,0.0000,0.0001,1.2460
3249,MARKET,GROW,0,1.2480,1.0000,0.6667,0.2399,1.0000,1.0000,0.0000,0.0000,1.2461
3250,MARKET,SPREAD,0,1.2032,1.0000,0.6667,0.0162,1.0000,1.0000,0.0000,-0.0004,1.2439
3251,MARKET,BURN,0,1.2567,1.0000,0.6667,0.2836,1.0000,1.0000,0.0000,0.0001,1.2446
3252,MARKET,FALL,0,1.2676,1.0000,0.6667,0.3378,1.0000,1.0000,0.0000,0.0002,1.2457
3253,MARKET,GROW,0,1.2480,1.0000,0.6667,0.2399,1.0000,1.0000,0.0000,0.0000,1.2458
3254,MARKET,BURN,0,1.2567,1.0000,0.6667,0.2836,1.0000,1.0000,0.0000,0.0001,1.2464
3255,MARKET,SPREAD,0,1.2032,1.0000,0.6667,0.0162,1.0000,1.0000,0.0000,-0.0004,1.2442
3256,MARKET,BURN,0,1.2567,1.0000,0.6667,0.2836,1.0000,1.0000,0.0000,0.0001,1.2449
3257,MARKET,GROW,0,1.2480,1.0000,0.6667,0.2399,1.0000,1.0000,0.0000,0.0000,1.2450
3258,MARKET,GROW,0,1.2480,1.0000,0.6667,0.2399,1.0000,1.0000,0.0000,0.0000,1.2452
3259,MARKET,FALL,0,1.2676,1.0000,0.6667,0.3378,1.0000,1.0000,0.0000,0.0002,1.2463
3260,MARKET,FALL,0,1.2676,1.0000,0.6667,0.3378,1.0000,1.0000,0.0000,0.0002,1.2473
3261,MARKET,FALL,0,1.2676,1.0000,0.6667,0.3378,1.0000,1.0000,0.0000,0.0002,1.2484
3262,MARKET,BURN,0,1.2567,1.0000,0.6667,0.2836,1.0000,1.0000,0.0000,0.0001,1.2488
3263,MARKET,BURN,0,1.2567,1.0000,0.6667,0.2836,1.0000,1.0000,0.0000,0.0001,1.2492
3264,MARKET,BURN,0,1.2567,1.0000,0.6667,0.2836,1.0000,1.0000,0.0000,0.0001,1.2495
3265,MARKET,SPREAD,0,1.2032,1.0000,0.6667,0.0162,1.0000,1.0000,0.0000,-0.0005,1.2472
3266,MARKET,FALL,0,1.2676,1.0000,0.6667,0.3378,1.0000,1.0000,0.0000,0.0002,1.2482
3267,MARKET,SPREAD,0,1.2032,1.0000,0.6667,0.0162,1.0000,1.0000,0.0000,-0.0004,1.2460
3268,MARKET,GROW,0,1.2480,1.0000,0.6667,0.2399,1.0000,1.0000,0.0000,0.0000,1.2461
3269,MARKET,BURN,0,1.2567,1.0000,0.6667,0.2836,1.0000,1.0000,0.0000,0.0001,1.2466
3270,MARKET,GROW,0,1.2480,1.0000,0.6667,0.2399,1.0000,1.0000,0.0000,0.0000,1.2467
3271,MARKET,FALL,0,1.2676,1.0000,0.6667,0.3378,1.0000,1.0000,0.0000,0.0002,1.2477
3272,MARKET,SPREAD,0,1.2032,1.0000,0.6667,0.0162,1.0000,1.0000,0.0000,-0.0005,1.2455
3273,MARKET,FALL,0,1.2676,1.0000,0.6667,0.3378,1.0000,1.0000,0.0000,0.0002,1.2466
3274,DRONE,UPDATE PHONE MOVE SEED FALL,0,1.1889,1.0000,0.6000,0.0446,0.8000,1.0000,0.0000,-0.5449,1.2437
3275,MARKET,FALL,0,1.2676,1.0000,0.6667,0.3378,1.0000,1.0000,0.0000,0.0002,1.2449
3276,MARKET,SPREAD,0,1.2032,1.0000,0.6667,0.0162,1.0000,1.0000,0.0000,-0.0004,1.2428
3277,MARKET,FALL,0,1.2676,1.0000,0.6667,0.3378,1.0000,1.0000,0.0000,0.0002,1.2441
3278,MARKET,BURN,0,1.2567,1.0000,0.6667,0.2836,1.0000,1.0000,0.0000,0.0001,1.2447
3279,MARKET,FALL,0,1.2676,1.0000,0.6667,0.3378,1.0000,1.0000,0.0000,0.0002,1.2458
3280,MARKET,FALL,0,1.2676,1.0000,0.6667,0.3378,1.0000,1.0000,0.0000,0.0002,1.2469
3281,MARKET,BURN,0,1.2567,1.0000,0.6667,0.2836,1.0000,1.0000,0.0000,0.0001,1.2474
3282,MARKET,BURN,0,1.2567,1.0000,0.6667,0.2836,1.0000,1.0000,0.0000,0.0001,1.2479
3283,MARKET,GROW,0,1.2480,1.0000,0.6667,0.2399,1.0000,1.0000,0.0000,0.0000,1.2479
3284,MARKET,GROW,0,1.2480,1.0000,0.6667,0.2399,1.0000,1.0000,0.0000,0.0000,1.2479
3285,MARKET,FALL,0,1.2676,1.0000,0.6667,0.3378,1.0000,1.0000,0.0000,0.0002,1.2489
3286,MARKET,BURN,0,1.2567,1.0000,0.6667,0.2836,1.0000,1.0000,0.0000,0.0001,1.2493
3287,MARKET,GROW,0,1.2480,1.0000,0.6667,0.2399,1.0000,1.0000,0.0000,-0.0000,1.2492
3288,MARKET,FALL,0,1.2676,1.0000,0.6667,0.3378,1.0000,1.0000,0.0000,0.0002,1.2501
3289,MARKET,,0,1.1000,1.0000,0.3333,0.0000,1.0000,0.0000,0.0000,-0.0012,1.2426
3290,MARKET,FALL,0,1.2676,1.0000,0.6667,0.3378,1.0000,1.0000,0.0000,0.0002,1.2439
3291,MARKET,FALL,0,1.2676,1.0000,0.6667,0.3378,1.0000,1.0000,0.0000,0.0002,1.2450
3292,MARKET,BURN,0,1.2567,1.0000,0.6667,0.2836,1.0000,1.0000,0.0000,0.0001,1.2456
3293,MARKET,BURN,0,1.2567,1.0000,0.6667,0.2836,1.0000,1.0000,0.0000,0.0001,1.2462
3294,MARKET,SPREAD,0,1.2032,1.0000,0.6667,0.0162,1.0000,1.0000,0.0000,-0.0004,1.2440
3295,MARKET,BURN,0,1.2567,1.0000,0.6667,0.2836,1.0000,1.0000,0.0000,0.0001,1.2447
3296,MARKET,BURN,0,1.2567,1.0000,0.6667,0.2836,1.0000,1.0000,0.0000,0.0001,1.2453
3297,MARKET,FALL,0,1.2676,1.0000,0.6667,0.3378,1.0000,1.0000,0.0000,0.0002,1.2464
3298,MARKET,BURN,0,1.2567,1.0000,0.6667,0.2836,1.0000,1.0000,0.0000,0.0001,1.2469
3299,MARKET,FALL,0,1.2676,1.0000,0.6667,0.3378,1.0000,1.0000,0.0000,0.0002,1.2479
3300,MARKET,BURN,0,1.2567,1.0000,0.6667,0.2836,1.0000,1.0000,0.0000,0.0001,1.2484
3301,MARKET,GROW,0,1.2480,1.0000,0.6667,0.2399,1.0000,1.0000,0.0000,-0.0000,1.2484
3302,MARKET,BURN,0,1.2567,1.0000,0.6667,0.2836,1.0000,1.0000,0.0000,0.0001,1.2488
3303,MARKET,BURN,0,1.2567,1.0000,0.6667,0.2836,1.0000,1.0000,0.0000,0.0001,1.2492
3304,MARKET,MOVE CHAOTIC ROBOT MOVE CORRUPTED LANGUAGE BREAK SIMPLE TOOL,0,1.3518,1.0000,1.0000,0.2589,1.0000,1.0000,1.0000,0.0009,1.2543
3305,MARKET,GROW,0,1.2480,1.0000,0.6667,0.2399,1.0000,1.0000,0.0000,-0.0001,1.2540
3306,MARKET,BURN,0,1.2567,1.0000,0.6667,0.2836,1.0000,1.0000,0.0000,0.0000,1.2541
3307,MARKET,BURN,0,1.2567,1.0000,0.6667,0.2836,1.0000,1.0000,0.0000,0.0000,1.2543
3308,MARKET,FALL,0,1.2676,1.0000,0.6667,0.3378,1.0000,1.0000,0.0000,0.0001,1.2549
3309,MARKET,BURN,0,1.2567,1.0000,0.6667,0.2836,1.0000,1.0000,0.0000,0.0000,1.2550
3310,MARKET,MOVE DORMANT ROBOT,0,1.3377,1.0000,1.0000,0.1884,1.0000,1.0000,1.0000,0.0007,1.2591
3311,MARKET,BURN,0,1.2567,1.0000,0.6667,0.2836,1.0000,1.0000,0.0000,-0.0000,1.2590
3312,MARKET,SPREAD,0,1.2032,1.0000,0.6667,0.0162,1.0000,1.0000,0.0000,-0.0005,1.2562
3313,MARKET,GROW,0,1.2480,1.0000,0.6667,0.2399,1.0000,1.0000,0.0000,-0.0001,1.2558
3314,MARKET,SPREAD,0,1.2032,1.0000,0.6667,0.0162,1.0000,1.0000,0.0000,-0.0004,1.2532
3315,MARKET,SPREAD,0,1.2032,1.0000,0.6667,0.0162,1.0000,1.0000,0.0000,-0.0004,1.2507
3316,MARKET,FALL,0,1.2676,1.0000,0.6667,0.3378,1.0000,1.0000,0.0000,0.0001,1.2515
3317,MARKET,GROW,0,1.2480,1.0000,0.6667,0.2399,1.0000,1.0000,0.0000,-0.0000,1.2514
3318,MARKET,GROW,0,1.2480,1.0000,0.6667,0.2399,1.0000,1.0000,0.0000,-0.0000,1.2512
3319,MARKET,GROW,0,1.2480,1.0000,0.6667,0.2399,1.0000,1.0000,0.0000,-0.0000,1.2510
3320,MARKET,GROW,0,1.2480,1.0000,0.6667,0.2399,1.0000,1.0000,0.0000,-0.0000,1.2509
3321,MARKET,BURN,0,1.2567,1.0000,0.6667,0.2836,1.0000,1.0000,0.0000,0.0000,1.2512
3322,MARKET,SPREAD,0,1.2032,1.0000,0.6667,0.0162,1.0000,1.0000,0.0000,-0.0004,1.2488
3323,MARKET,SPREAD,0,1.2032,1.0000,0.6667,0.0162,1.0000,1.0000,0.0000,-0.0004,1.2465
3324,MARKET,BURN,0,1.2567,1.0000,0.6667,0.2836,1.0000,1.0000,0.0000,0.0001,1.2470
3325,MARKET,FALL,0,1.2676,1.0000,0.6667,0.3378,1.0000,1.0000,0.0000,0.0002,1.2480
3326,MARKET,BURN,0,1.2567,1.0000,0.6667,0.2836,1.0000,1.0000,0.0000,0.0001,1.2485
3327,MARKET,SPREAD,0,1.2032,1.0000,0.6667,0.0162,1.0000,1.0000,0.0000,-0.0004,1.2462
3328,MARKET,GROW,0,1.2480,1.0000,0.6667,0.2399,1.0000,1.0000,0.0000,0.0000,1.2463
3329,MARKET,GROW,0,1.2480,1.0000,0.6667,0.2399,1.0000,1.0000,0.0000,0.0000,1.2464
3330,MARKET,BURN,0,1.2567,1.0000,0.6667,0.2836,1.0000,1.0000,0.0000,0.0001,1.2469
3331,MARKET,GROW,0,1.2480,1.0000,0.6667,0.2399,1.0000,1.0000,0.0000,0.0000,1.2469
3332,MARKET,FALL,0,1.2676,1.0000,0.6667,0.3378,1.0000,1.0000,0.0000,0.0002,1.2480
3333,MARKET,SPREAD,0,1.2032,1.0000,0.6667,0.0162,1.0000,1.0000,0.0000,-0.0004,1.2457
3334,MARKET,SPREAD,0,1.2032,1.0000,0.6667,0.0162,1.0000,1.0000,0.0000,-0.0004,1.2436
3335,MARKET,BURN,0,1.2567,1.0000,0.6667,0.2836,1.0000,1.0000,0.0000,0.0001,1.2443
3336,MARKET,SPREAD,0,1.2032,1.0000,0.6667,0.0162,1.0000,1.0000,0.0000,-0.0003,1.2422
3337,MARKET,FALL,0,1.2676,1.0000,0.6667,0.3378,1.0000,1.0000,0.0000,0.0002,1.2435
3338,MARKET,GROW,0,1.2480,1.0000,0.6667,0.2399,1.0000,1.0000,0.0000,0.0000,1.2437
3339,MARKET,GROW,0,1.2480,1.0000,0.6667,0.2399,1.0000,1.0000,0.0000,0.0000,1.2439
3340,MARKET,FALL,0,1.2676,1.0000,0.6667,0.3378,1.0000,1.0000,0.0000,0.0002,1.2451
3341,MARKET,MOVE SLOW FAST CAT,0,1.3599,1.0000,1.0000,0.2994,1.0000,1.0000,1.0000,0.0010,1.2508
3342,MARKET,FALL,0,1.2676,1.0000,0.6667,0.3378,1.0000,1.0000,0.0000,0.0001,1.2517
3343,MARKET,FALL,0,1.2676,1.0000,0.6667,0.3378,1.0000,1.0000,0.0000,0.0001,1.2525
3344,MARKET,FALL,0,1.2676,1.0000,0.6667,0.3378,1.0000,1.0000,0.0000,0.0001,1.2532
3345,MARKET,FALL,0,1.2676,1.0000,0.6667,0.3378,1.0000,1.0000,0.0000,0.0001,1.2539
3346,MARKET,GROW,0,1.2480,1.0000,0.6667,0.2399,1.0000,1.0000,0.0000,-0.0001,1.2536
3347,MARKET,SPREAD,0,1.2032,1.0000,0.6667,0.0162,1.0000,1.0000,0.0000,-0.0004,1.2511
3348,MARKET,BURN,0,1.2567,1.0000,0.6667,0.2836,1.0000,1.0000,0.0000,0.0000,1.2514
3349,MARKET,FALL,0,1.2676,1.0000,0.6667,0.3378,1.0000,1.0000,0.0000,0.0001,1.2522
3350,MARKET,,0,1.1000,1.0000,0.3333,0.0000,1.0000,0.0000,0.0000,-0.0013,1.2446
3351,MARKET,FALL,0,1.2676,1.0000,0.6667,0.3378,1.0000,1.0000,0.0000,0.0002,1.2457
3352,MARKET,BURN,0,1.2567,1.0000,0.6667,0.2836,1.0000,1.0000,0.0000,0.0001,1.2463
3353,MARKET,BURN,0,1.2567,1.0000,0.6667,0.2836,1.0000,1.0000,0.0000,0.0001,1.2468
3354,MARKET,BURN,0,1.2567,1.0000,0.6667,0.2836,1.0000,1.0000,0.0000,0.0001,1.2473
3355,MARKET,FALL,0,1.2676,1.0000,0.6667,0.3378,1.0000,1.0000,0.0000,0.0002,1.2483
3356,MARKET,GROW,0,1.2480,1.0000,0.6667,0.2399,1.0000,1.0000,0.0000,-0.0000,1.2483
3357,MARKET,GROW,0,1.2480,1.0000,0.6667,0.2399,1.0000,1.0000,0.0000,-0.0000,1.2483
3358,MARKET,BURN,0,1.2567,1.0000,0.6667,0.2836,1.0000,1.0000,0.0000,0.0001,1.2487
3359,MARKET,SPREAD,0,1.2032,1.0000,0.6667,0.0162,1.0000,1.0000,0.0000,-0.0004,1.2464
3360,CITY,BURN,0,1.2567,1.0000,0.6667,0.2836,1.0000,1.0000,0.0000,0.0871,1.2470
3361,MARKET,BURN,0,1.2567,1.0000,0.6667,0.2836,1.0000,1.0000,0.0000,0.0001,1.2474
3362,MARKET,GROW,0,1.2480,1.0000,0.6667,0.2399,1.0000,1.0000,0.0000,0.0000,1.2475
3363,MARKET,FALL,0,1.2676,1.0000,0.6667,0.3378,1.0000,1.0000,0.0000,0.0002,1.2485
3364,MARKET,SPREAD,0,1.2032,1.0000,0.6667,0.0162,1.0000,1.0000,0.0000,-0.0004,1.2462
3365,MARKET,GROW,0,1.2480,1.0000,0.6667,0.2399,1.0000,1.0000,0.0000,0.0000,1.2463
3366,MARKET,SPREAD,0,1.2032,1.0000,0.6667,0.0162,1.0000,1.0000,0.0000,-0.0004,1.2441
3367,MARKET,FALL,0,1.2676,1.0000,0.6667,0.3378,1.0000,1.0000,0.0000,0.0002,1.2453
3368,MARKET,MOVE DEAD FAMOUS LEADER SEE WEAK SLOW DRONE,0,1.3248,1.0000,1.0000,0.1241,1.0000,1.0000,1.0000,0.0007,1.2493
3369,MARKET,FALL,0,1.2676,1.0000,0.6667,0.3378,1.0000,1.0000,0.0000,0.0002,1.2502
3370,MARKET,GROW,0,1.2480,1.0000,0.6667,0.2399,1.0000,1.0000,0.0000,-0.0000,1.2501
3371,MARKET,FALL,0,1.2676,1.0000,0.6667,0.3378,1.0000,1.0000,0.0000,0.0002,1.2510
3372,MARKET,FALL,0,1.2676,1.0000,0.6667,0.3378,1.0000,1.0000,0.0000,0.0001,1.2518
3373,MARKET,FALL,0,1.2676,1.0000,0.6667,0.3378,1.0000,1.0000,0.0000,0.0001,1.2526
3374,MARKET,,0,1.1000,1.0000,0.3333,0.0000,1.0000,0.0000,0.0000,-0.0013,1.2450
3375,MARKET,FALL,0,1.2676,1.0000,0.6667,0.3378,1.0000,1.0000,0.0000,0.0002,1.2461
3376,MARKET,BURN,0,1.2567,1.0000,0.6667,0.2836,1.0000,1.0000,0.0000,0.0001,1.2466
3377,MARKET,GROW,0,1.2480,1.0000,0.6667,0.2399,1.0000,1.0000,0.0000,0.0000,1.2467
3378,MARKET,BURN,0,1.2567,1.0000,0.6667,0.2836,1.0000,1.0000,0.0000,0.0001,1.2472
3379,MARKET,BURN,0,1.2567,1.0000,0.6667,0.2836,1.0000,1.0000,0.0000,0.0001,1.2477
3380,MARKET,FALL,0,1.2676,1.0000,0.6667,0.3378,1.0000,1.0000,0.0000,0.0002,1.2487
3381,MARKET,FALL,0,1.2676,1.0000,0.6667,0.3378,1.0000,1.0000,0.0000,0.0002,1.2496
3382,MARKET,GROW,0,1.2480,1.0000,0.6667,0.2399,1.0000,1.0000,0.0000,-0.0000,1.2495
3383,MARKET,BURN,0,1.2567,1.0000,0.6667,0.2836,1.0000,1.0000,0.0000,0.0001,1.2499
3384,MARKET,BURN,0,1.2567,1.0000,0.6667,0.2836,1.0000,1.0000,0.0000,0.0001,1.2502
3385,MARKET,SPREAD,0,1.2032,1.0000,0.6667,0.0162,1.0000,1.0000,0.0000,-0.0004,1.2479
3386,MARKET,SPREAD,0,1.2032,1.0000,0.6667,0.0162,1.0000,1.0000,0.0000,-0.0004,1.2456
3387,MARKET,GROW,0,1.2480,1.0000,0.6667,0.2399,1.0000,1.0000,0.0000,0.0000,1.2458
3388,MARKET,GROW,0,1.2480,1.0000,0.6667,0.2399,1.0000,1.0000,0.0000,0.0000,1.2459
3389,MARKET,SPREAD,0,1.2032,1.0000,0.6667,0.0162,1.0000,1.0000,0.0000,-0.0004,1.2437
3390,MARKET,GROW,0,1.2480,1.0000,0.6667,0.2399,1.0000,1.0000,0.0000,0.0000,1.2439
3391,HOME,BURN,0,1.2524,1.0000,0.6667,0.2618,1.0000,1.0000,0.0000,0.0581,1.2444
3392,MARKET,FALL,0,1.2676,1.0000,0.6667,0.3378,1.0000,1.0000,0.0000,0.0002,1.2455
3393,MARKET,FALL,0,1.2676,1.0000,0.6667,0.3378,1.0000,1.0000,0.0000,0.0002,1.2466
3394,MARKET,BURN,0,1.2567,1.0000,0.6667,0.2836,1.0000,1.0000,0.0000,0.0001,1.2471
3395,MARKET,FALL,0,1.2676,1.0000,0.6667,0.3378,1.0000,1.0000,0.0000,0.0002,1.2482
3396,MARKET,SPREAD,0,1.2032,1.0000,0.6667,0.0162,1.0000,1.0000,0.0000,-0.0004,1.2459
3397,MARKET,FALL,0,1.2676,1.0000,0.6667,0.3378,1.0000,1.0000,0.0000,0.0002,1.2470
3398,MARKET,BURN,0,1.2567,1.0000,0.6667,0.2836,1.0000,1.0000,0.0000,0.0001,1.2475
3399,MARKET,SPREAD,0,1.2032,1.0000,0.6667,0.0162,1.0000,1.0000,0.0000,-0.0004,1.2453
3400,MARKET,BURN,0,1.2567,1.0000,0.6667,0.2836,1.0000,1.0000,0.0000,0.0001,1.2458
3401,MARKET,GROW,0,1.2480,1.0000,0.6667,0.2399,1.0000,1.0000,0.0000,0.0000,1.2459
3402,MARKET,SPREAD,0,1.2032,1.0000,0.6667,0.0162,1.0000,1.0000,0.0000,-0.0004,1.2438
3403,MARKET,GROW,0,1.2480,1.0000,0.6667,0.2399,1.0000,1.0000,0.0000,0.0000,1.2440
3404,MARKET,SPREAD,0,1.2032,1.0000,0.6667,0.0162,1.0000,1.0000,0.0000,-0.0004,1.2420
3405,MARKET,FALL,0,1.2676,1.0000,0.6667,0.3378,1.0000,1.0000,0.0000,0.0002,1.2433
3406,MARKET,GROW,0,1.2480,1.0000,0.6667,0.2399,1.0000,1.0000,0.0000,0.0000,1.2435
3407,MARKET,BURN,0,1.2567,1.0000,0.6667,0.2836,1.0000,1.0000,0.0000,0.0001,1.2442
3408,MARKET,GROW,0,1.2480,1.0000,0.6667,0.2399,1.0000,1.0000,0.0000,0.0000,1.2443
3409,MARKET,MOVE FAST SAD CAT,0,1.3641,1.0000,1.0000,0.3205,1.0000,1.0000,1.0000,0.0011,1.2503
3410,MARKET,SPREAD,0,1.2032,1.0000,0.6667,0.0162,1.0000,1.0000,0.0000,-0.0004,1.2480
3411,MARKET,BURN,0,1.2567,1.0000,0.6667,0.2836,1.0000,1.0000,0.0000,0.0001,1.2484
3412,MARKET,BURN,0,1.2567,1.0000,0.6667,0.2836,1.0000,1.0000,0.0000,0.0001,1.2488
3413,MARKET,BURN,0,1.2567,1.0000,0.6667,0.2836,1.0000,1.0000,0.0000,0.0001,1.2492
3414,MARKET,SPREAD,0,1.2032,1.0000,0.6667,0.0162,1.0000,1.0000,0.0000,-0.0004,1.2469
3415,MARKET,SPREAD,0,1.2032,1.0000,0.6667,0.0162,1.0000,1.0000,0.0000,-0.0004,1.2447
3416,MARKET,SPREAD,0,1.2032,1.0000,0.6667,0.0162,1.0000,1.0000,0.0000,-0.0004,1.2427
3417,MARKET,SPREAD,0,1.2032,1.0000,0.6667,0.0162,1.0000,1.0000,0.0000,-0.0004,1.2407
3418,MARKET,GROW,0,1.2480,1.0000,0.6667,0.2399,1.0000,1.0000,0.0000,0.0001,1.2411
3419,MARKET,FALL,0,1.2676,1.0000,0.6667,0.3378,1.0000,1.0000,0.0000,0.0002,1.2424
3420,MARKET,SPREAD,0,1.2032,1.0000,0.6667,0.0162,1.0000,1.0000,0.0000,-0.0004,1.2404
3421,MARKET,BURN,0,1.2567,1.0000,0.6667,0.2836,1.0000,1.0000,0.0000,0.0002,1.2412
3422,MARKET,FALL,0,1.2676,1.0000,0.6667,0.3378,1.0000,1.0000,0.0000,0.0002,1.2426
3423,MARKET,BURN,0,1.2567,1.0000,0.6667,0.2836,1.0000,1.0000,0.0000,0.0001,1.2433
3424,MARKET,SPREAD,0,1.2032,1.0000,0.6667,0.0162,1.0000,1.0000,0.0000,-0.0004,1.2413
3425,MARKET,SPREAD,0,1.2032,1.0000,0.6667,0.0162,1.0000,1.0000,0.0000,-0.0003,1.2394
3426,MARKET,BURN,0,1.2567,1.0000,0.6667,0.2836,1.0000,1.0000,0.0000,0.0002,1.2402
3427,MARKET,BURN,0,1.2567,1.0000,0.6667,0.2836,1.0000,1.0000,0.0000,0.0001,1.2411
3428,MARKET,BURN,0,1.2567,1.0000,0.6667,0.2836,1.0000,1.0000,0.0000,0.0001,1.2418
3429,MARKET,MOVE CAR,0,1.2444,1.0000,0.6667,0.2219,1.0000,1.0000,0.0000,0.0000,1.2420
3430,MARKET,SPREAD,0,1.2032,1.0000,0.6667,0.0162,1.0000,1.0000,0.0000,-0.0004,1.2400
3431,MARKET,BURN,0,1.2567,1.0000,0.6667,0.2836,1.0000,1.0000,0.0000,0.0002,1.2409
3432,MARKET,SPREAD,0,1.2032,1.0000,0.6667,0.0162,1.0000,1.0000,0.0000,-0.0004,1.2390
3433,MARKET,FALL,0,1.2676,1.0000,0.6667,0.3378,1.0000,1.0000,0.0000,0.0003,1.2404
3434,MARKET,FALL,0,1.2676,1.0000,0.6667,0.3378,1.0000,1.0000,0.0000,0.0003,1.2418
3435,MARKET,SPREAD,0,1.2032,1.0000,0.6667,0.0162,1.0000,1.0000,0.0000,-0.0004,1.2398
3436,MARKET,GROW,0,1.2480,1.0000,0.6667,0.2399,1.0000,1.0000,0.0000,0.0001,1.2402
3437,MARKET,SPREAD,0,1.2032,1.0000,0.6667,0.0162,1.0000,1.0000,0.0000,-0.0003,1.2384
3438,MARKET,BURN,0,1.2567,1.0000,0.6667,0.2836,1.0000,1.0000,0.0000,0.0002,1.2393
3439,MARKET,BURN,0,1.2567,1.0000,0.6667,0.2836,1.0000,1.0000,0.0000,0.0002,1.2402
3440,MARKET,BURN,0,1.2567,1.0000,0.6667,0.2836,1.0000,1.0000,0.0000,0.0002,1.2410
3441,MARKET,FALL,0,1.2676,1.0000,0.6667,0.3378,1.0000,1.0000,0.0000,0.0002,1.2423
3442,MARKET,SPREAD,0,1.2032,1.0000,0.6667,0.0162,1.0000,1.0000,0.0000,-0.0004,1.2404
3443,MARKET,BURN,0,1.2567,1.0000,0.6667,0.2836,1.0000,1.0000,0.0000,0.0002,1.2412
3444,MARKET,FALL,0,1.2676,1.0000,0.6667,0.3378,1.0000,1.0000,0.0000,0.0002,1.2425
3445,MARKET,SPREAD,0,1.2032,1.0000,0.6667,0.0162,1.0000,1.0000,0.0000,-0.0004,1.2406
3446,MARKET,GROW,0,1.2480,1.0000,0.6667,0.2399,1.0000,1.0000,0.0000,0.0001,1.2409
3447,MARKET,FALL,0,1.2676,1.0000,0.6667,0.3378,1.0000,1.0000,0.0000,0.0002,1.2423
3448,MARKET,GROW,0,1.2480,1.0000,0.6667,0.2399,1.0000,1.0000,0.0000,0.0001,1.2425
3449,MARKET,FALL,0,1.2676,1.0000,0.6667,0.3378,1.0000,1.0000,0.0000,0.0002,1.2438
3450,MARKET,FALL,0,1.2676,1.0000,0.6667,0.3378,1.0000,1.0000,0.0000,0.0002,1.2450
3451,MARKET,BURN,0,1.2567,1.0000,0.6667,0.2836,1.0000,1.0000,0.0000,0.0001,1.2456
3452,MARKET,SPREAD,0,1.2032,1.0000,0.6667,0.0162,1.0000,1.0000,0.0000,-0.0004,1.2435
3453,MARKET,GROW,0,1.2480,1.0000,0.6667,0.2399,1.0000,1.0000,0.0000,0.0000,1.2437
3454,MARKET,GROW,0,1.2480,1.0000,0.6667,0.2399,1.0000,1.0000,0.0000,0.0000,1.2439
3455,MARKET,FALL,0,1.2676,1.0000,0.6667,0.3378,1.0000,1.0000,0.0000,0.0002,1.2451
3456,MARKET,FALL,0,1.2676,1.0000,0.6667,0.3378,1.0000,1.0000,0.0000,0.0002,1.2462
3457,MARKET,SPREAD,0,1.2032,1.0000,0.6667,0.0162,1.0000,1.0000,0.0000,-0.0004,1.2441
3458,MARKET,FALL,0,1.2676,1.0000,0.6667,0.3378,1.0000,1.0000,0.0000,0.0002,1.2452
3459,MARKET,SPREAD,0,1.2032,1.0000,0.6667,0.0162,1.0000,1.0000,0.0000,-0.0004,1.2431
3460,MARKET,MOVE DEAD LEADER,0,1.3453,1.0000,1.0000,0.2266,1.0000,1.0000,1.0000,0.0010,1.2482
3461,MARKET,FALL,0,1.2676,1.0000,0.6667,0.3378,1.0000,1.0000,0.0000,0.0002,1.2492
3462,MARKET,BURN,0,1.2567,1.0000,0.6667,0.2836,1.0000,1.0000,0.0000,0.0001,1.2496
3463,MARKET,SPREAD,0,1.2032,1.0000,0.6667,0.0162,1.0000,1.0000,0.0000,-0.0004,1.2473
3464,MARKET,BURN,0,1.2567,1.0000,0.6667,0.2836,1.0000,1.0000,0.0000,0.0001,1.2477
3465,MARKET,BURN,0,1.2567,1.0000,0.6667,0.2836,1.0000,1.0000,0.0000,0.0001,1.2482
3466,MARKET,BURN,0,1.2567,1.0000,0.6667,0.2836,1.0000,1.0000,0.0000,0.0001,1.2486
3467,MARKET,BURN,0,1.2567,1.0000,0.6667,0.2836,1.0000,1.0000,0.0000,0.0001,1.2490
3468,MARKET,SPREAD,0,1.2032,1.0000,0.6667,0.0162,1.0000,1.0000,0.0000,-0.0004,1.2467
3469,MARKET,GROW,0,1.2480,1.0000,0.6667,0.2399,1.0000,1.0000,0.0000,0.0000,1.2468
3470,MARKET,FALL,0,1.2676,1.0000,0.6667,0.3378,1.0000,1.0000,0.0000,0.0002,1.2478
3471,MARKET,FALL,0,1.2676,1.0000,0.6667,0.3378,1.0000,1.0000,0.0000,0.0002,1.2488
3472,MARKET,FALL,0,1.2676,1.0000,0.6667,0.3378,1.0000,1.0000,0.0000,0.0002,1.2498
3473,MARKET,FALL,0,1.2676,1.0000,0.6667,0.3378,1.0000,1.0000,0.0000,0.0002,1.2506
3474,MARKET,SPREAD,0,1.2032,1.0000,0.6667,0.0162,1.0000,1.0000,0.0000,-0.0004,1.2483
3475,MARKET,FALL,0,1.2676,1.0000,0.6667,0.3378,1.0000,1.0000,0.0000,0.0002,1.2492
3476,MARKET,FALL,0,1.2676,1.0000,0.6667,0.3378,1.0000,1.0000,0.0000,0.0002,1.2502
3477,MARKET,SPREAD,0,1.2032,1.0000,0.6667,0.0162,1.0000,1.0000,0.0000,-0.0004,1.2478
3478,MARKET,GROW,0,1.2480,1.0000,0.6667,0.2399,1.0000,1.0000,0.0000,0.0000,1.2478
3479,MARKET,SPREAD,0,1.2032,1.0000,0.6667,0.0162,1.0000,1.0000,0.0000,-0.0004,1.2456
3480,MARKET,GROW,0,1.2480,1.0000,0.6667,0.2399,1.0000,1.0000,0.0000,0.0000,1.2457
3481,MARKET,FALL,0,1.2676,1.0000,0.6667,0.3378,1.0000,1.0000,0.0000,0.0002,1.2468
3482,MARKET,FALL,0,1.2676,1.0000,0.6667,0.3378,1.0000,1.0000,0.0000,0.0002,1.2478
3483,MARKET,GROW,0,1.2480,1.0000,0.6667,0.2399,1.0000,1.0000,0.0000,0.0000,1.2478
3484,MARKET,GROW,0,1.2480,1.0000,0.6667,0.2399,1.0000,1.0000,0.0000,0.0000,1.2478
3485,MARKET,MOVE HORSE,0,1.2519,1.0000,0.6667,0.2597,1.0000,1.0000,0.0000,0.0000,1.2481
3486,MARKET,FALL,0,1.2676,1.0000,0.6667,0.3378,1.0000,1.0000,0.0000,0.0002,1.2490
3487,MARKET,SPREAD,0,1.2032,1.0000,0.6667,0.0162,1.0000,1.0000,0.0000,-0.0004,1.2467
3488,MARKET,GROW,0,1.2480,1.0000,0.6667,0.2399,1.0000,1.0000,0.0000,0.0000,1.2468
3489,MARKET,GROW,0,1.2480,1.0000,0.6667,0.2399,1.0000,1.0000,0.0000,0.0000,1.2469
3490,MARKET,SPREAD,0,1.2032,1.0000,0.6667,0.0162,1.0000,1.0000,0.0000,-0.0004,1.2447
3491,MARKET,BURN,0,1.2567,1.0000,0.6667,0.2836,1.0000,1.0000,0.0000,0.0001,1.2453
3492,MARKET,GROW,0,1.2480,1.0000,0.6667,0.2399,1.0000,1.0000,0.0000,0.0000,1.2454
3493,MARKET,FALL,0,1.2676,1.0000,0.6667,0.3378,1.0000,1.0000,0.0000,0.0002,1.2465
3494,MARKET,BURN,0,1.2567,1.0000,0.6667,0.2836,1.0000,1.0000,0.0000,0.0001,1.2470
3495,MARKET,GROW,0,1.2480,1.0000,0.6667,0.2399,1.0000,1.0000,0.0000,0.0000,1.2471
3496,MARKET,FALL,0,1.2676,1.0000,0.6667,0.3378,1.0000,1.0000,0.0000,0.0002,1.2481
3497,MARKET,BURN,0,1.2567,1.0000,0.6667,0.2836,1.0000,1.0000,0.0000,0.0001,1.2485
3498,MARKET,BURN,0,1.2567,1.0000,0.6667,0.2836,1.0000,1.0000,0.0000,0.0001,1.2489
3499,MARKET,FALL,0,1.2676,1.0000,0.6667,0.3378,1.0000,1.0000,0.0000,0.0002,1.2499
3500,MARKET,GROW,0,1.2480,1.0000,0.6667,0.2399,1.0000,1.0000,0.0000,-0.0000,1.2498
3501,MARKET,GROW,0,1.2480,1.0000,0.6667,0.2399,1.0000,1.0000,0.0000,-0.0000,1.2497
3502,MARKET,GROW,0,1.2480,1.0000,0.6667,0.2399,1.0000,1.0000,0.0000,-0.0000,1.2496
3503,MARKET,BURN,0,1.2567,1.0000,0.6667,0.2836,1.0000,1.0000,0.0000,0.0001,1.2500
3504,MARKET,MOVE OPTIMAL KEY GROW,0,1.3346,1.0000,1.0000,0.1728,1.0000,1.0000,1.0000,0.0008,1.2542
3505,MARKET,FALL,0,1.2676,1.0000,0.6667,0.3378,1.0000,1.0000,0.0000,0.0001,1.2549
3506,MARKET,BURN,0,1.2567,1.0000,0.6667,0.2836,1.0000,1.0000,0.0000,0.0000,1.2549
3507,MARKET,BURN,0,1.2567,1.0000,0.6667,0.2836,1.0000,1.0000,0.0000,0.0000,1.2550
3508,MARKET,BURN,0,1.2567,1.0000,0.6667,0.2836,1.0000,1.0000,0.0000,0.0000,1.2551
3509,MARKET,GROW,0,1.2480,1.0000,0.6667,0.2399,1.0000,1.0000,0.0000,-0.0001,1.2548
3510,MARKET,BURN,0,1.2567,1.0000,0.6667,0.2836,1.0000,1.0000,0.0000,0.0000,1.2549
3511,MARKET,SPREAD,0,1.2032,1.0000,0.6667,0.0162,1.0000,1.0000,0.0000,-0.0005,1.2523
3512,MARKET,GROW,0,1.2480,1.0000,0.6667,0.2399,1.0000,1.0000,0.0000,-0.0000,1.2521
3513,MARKET,GROW,0,1.2480,1.0000,0.6667,0.2399,1.0000,1.0000,0.0000,-0.0000,1.2519
3514,MARKET,BURN,0,1.2567,1.0000,0.6667,0.2836,1.0000,1.0000,0.0000,0.0000,1.2521
3515,MARKET,BURN,0,1.2567,1.0000,0.6667,0.2836,1.0000,1.0000,0.0000,0.0000,1.2523
3516,MARKET,BURN,0,1.2567,1.0000,0.6667,0.2836,1.0000,1.0000,0.0000,0.0000,1.2526
3517,MARKET,BURN,0,1.2567,1.0000,0.6667,0.2836,1.0000,1.0000,0.0000,0.0000,1.2528
3518,MARKET,BURN,0,1.2567,1.0000,0.6667,0.2836,1.0000,1.0000,0.0000,0.0000,1.2530
3519,MARKET,GROW,0,1.2480,1.0000,0.6667,0.2399,1.0000,1.0000,0.0000,-0.0000,1.2527
3520,MARKET,SPREAD,0,1.2032,1.0000,0.6667,0.0162,1.0000,1.0000,0.0000,-0.0004,1.2502
3521,MARKET,SPREAD,0,1.2032,1.0000,0.6667,0.0162,1.0000,1.0000,0.0000,-0.0004,1.2479
3522,MARKET,BURN,0,1.2567,1.0000,0.6667,0.2836,1.0000,1.0000,0.0000,0.0001,1.2483
3523,MARKET,BURN,0,1.2567,1.0000,0.6667,0.2836,1.0000,1.0000,0.0000,0.0001,1.2487
3524,MARKET,GROW,0,1.2480,1.0000,0.6667,0.2399,1.0000,1.0000,0.0000,-0.0000,1.2487
3525,MARKET,GROW,0,1.2480,1.0000,0.6667,0.2399,1.0000,1.0000,0.0000,-0.0000,1.2487
3526,MARKET,MOVE SHARP SENSOR,0,1.3467,1.0000,1.0000,0.2337,1.0000,1.0000,1.0000,0.0009,1.2536
3527,MARKET,SPREAD,0,1.2032,1.0000,0.6667,0.0162,1.0000,1.0000,0.0000,-0.0005,1.2511
3528,MARKET,GROW,0,1.2480,1.0000,0.6667,0.2399,1.0000,1.0000,0.0000,-0.0000,1.2509
3529,MARKET,BURN,0,1.2567,1.0000,0.6667,0.2836,1.0000,1.0000,0.0000,0.0001,1.2512
3530,MARKET,GROW,0,1.2480,1.0000,0.6667,0.2399,1.0000,1.0000,0.0000,-0.0000,1.2510
3531,MARKET,FALL,0,1.2676,1.0000,0.6667,0.3378,1.0000,1.0000,0.0000,0.0002,1.2519
3532,MARKET,GROW,0,1.2480,1.0000,0.6667,0.2399,1.0000,1.0000,0.0000,-0.0000,1.2517
3533,MARKET,FALL,0,1.2676,1.0000,0.6667,0.3378,1.0000,1.0000,0.0000,0.0001,1.2525
3534,MARKET,FALL,0,1.2676,1.0000,0.6667,0.3378,1.0000,1.0000,0.0000,0.0001,1.2532
3535,MARKET,GROW,0,1.2480,1.0000,0.6667,0.2399,1.0000,1.0000,0.0000,-0.0000,1.2530
3536,MARKET,FALL,0,1.2676,1.0000,0.6667,0.3378,1.0000,1.0000,0.0000,0.0001,1.2537
3537,MARKET,SPREAD,0,1.2032,1.0000,0.6667,0.0162,1.0000,1.0000,0.0000,-0.0004,1.2512
3538,MARKET,GROW,0,1.2480,1.0000,0.6667,0.2399,1.0000,1.0000,0.0000,-0.0000,1.2510
3539,MARKET,FALL,0,1.2676,1.0000,0.6667,0.3378,1.0000,1.0000,0.0000,0.0002,1.2518
3540,MARKET,FALL,0,1.2676,1.0000,0.6667,0.3378,1.0000,1.0000,0.0000,0.0001,1.2526
3541,MARKET,BURN,0,1.2567,1.0000,0.6667,0.2836,1.0000,1.0000,0.0000,0.0000,1.2528
3542,MARKET,GROW,0,1.2480,1.0000,0.6667,0.2399,1.0000,1.0000,0.0000,-0.0000,1.2526
3543,MARKET,GROW,0,1.2480,1.0000,0.6667,0.2399,1.0000,1.0000,0.0000,-0.0000,1.2523
3544,MARKET,FALL,0,1.2676,1.0000,0.6667,0.3378,1.0000,1.0000,0.0000,0.0001,1.2531
3545,MARKET,GROW,0,1.2480,1.0000,0.6667,0.2399,1.0000,1.0000,0.0000,-0.0000,1.2529
3546,MARKET,GROW,0,1.2480,1.0000,0.6667,0.2399,1.0000,1.0000,0.0000,-0.0000,1.2526
3547,MARKET,GROW,0,1.2480,1.0000,0.6667,0.2399,1.0000,1.0000,0.0000,-0.0000,1.2524
3548,MARKET,FALL,0,1.2676,1.0000,0.6667,0.3378,1.0000,1.0000,0.0000,0.0001,1.2531
3549,MARKET,BURN,0,1.2567,1.0000,0.6667,0.2836,1.0000,1.0000,0.0000,0.0000,1.2533
3550,MARKET,BURN,0,1.2567,1.0000,0.6667,0.2836,1.0000,1.0000,0.0000,0.0000,1.2535
3551,MARKET,FALL,0,1.2676,1.0000,0.6667,0.3378,1.0000,1.0000,0.0000,0.0001,1.2542
3552,MARKET,SPREAD,0,1.2032,1.0000,0.6667,0.0162,1.0000,1.0000,0.0000,-0.0005,1.2516
3553,MARKET,GROW,0,1.2480,1.0000,0.6667,0.2399,1.0000,1.0000,0.0000,-0.0000,1.2515
3554,MARKET,GROW,0,1.2480,1.0000,0.6667,0.2399,1.0000,1.0000,0.0000,-0.0000,1.2513
3555,MARKET,FALL,0,1.2676,1.0000,0.6667,0.3378,1.0000,1.0000,0.0000,0.0002,1.2521
3556,MARKET,BURN,0,1.2567,1.0000,0.6667,0.2836,1.0000,1.0000,0.0000,0.0000,1.2523
3557,MARKET,FIRE SPREAD,0,1.2124,1.0000,0.6667,0.0620,1.0000,1.0000,0.0000,-0.0004,1.2503
3558,MARKET,BURN,0,1.2567,1.0000,0.6667,0.2836,1.0000,1.0000,0.0000,0.0001,1.2507
3559,MARKET,SPREAD,0,1.2032,1.0000,0.6667,0.0162,1.0000,1.0000,0.0000,-0.0004,1.2483
3560,MARKET,,0,1.1000,1.0000,0.3333,0.0000,1.0000,0.0000,0.0000,-0.0014,1.2409
3561,MARKET,SPREAD,0,1.2032,1.0000,0.6667,0.0162,1.0000,1.0000,0.0000,-0.0004,1.2390
3562,MARKET,BURN,0,1.2567,1.0000,0.6667,0.2836,1.0000,1.0000,0.0000,0.0002,1.2399
3563,MARKET,BURN,0,1.2567,1.0000,0.6667,0.2836,1.0000,1.0000,0.0000,0.0002,1.2407
3564,MARKET,FALL,0,1.2676,1.0000,0.6667,0.3378,1.0000,1.0000,0.0000,0.0002,1.2421
3565,MARKET,BURN,0,1.2567,1.0000,0.6667,0.2836,1.0000,1.0000,0.0000,0.0001,1.2428
3566,MARKET,BURN,0,1.2567,1.0000,0.6667,0.2836,1.0000,1.0000,0.0000,0.0001,1.2435
3567,MARKET,FALL,0,1.2676,1.0000,0.6667,0.3378,1.0000,1.0000,0.0000,0.0002,1.2447
3568,MARKET,GROW,0,1.2480,1.0000,0.6667,0.2399,1.0000,1.0000,0.0000,0.0000,1.2449
3569,MARKET,BURN,0,1.2567,1.0000,0.6667,0.2836,1.0000,1.0000,0.0000,0.0001,1.2454
3570,MARKET,SPREAD,0,1.2032,1.0000,0.6667,0.0162,1.0000,1.0000,0.0000,-0.0004,1.2433
3571,CITY,BURN,0,1.2567,1.0000,0.6667,0.2836,1.0000,1.0000,0.0000,0.1101,1.2440
3572,MARKET,SPREAD,0,1.2032,1.0000,0.6667,0.0162,1.0000,1.0000,0.0000,-0.0004,1.2420
3573,MARKET,GROW,0,1.2480,1.0000,0.6667,0.2399,1.0000,1.0000,0.0000,0.0001,1.2423
3574,MARKET,GROW,0,1.2480,1.0000,0.6667,0.2399,1.0000,1.0000,0.0000,0.0001,1.2426
3575,MARKET,SPREAD,0,1.2032,1.0000,0.6667,0.0162,1.0000,1.0000,0.0000,-0.0004,1.2406
3576,MARKET,BURN,0,1.2567,1.0000,0.6667,0.2836,1.0000,1.0000,0.0000,0.0002,1.2414
3577,MARKET,FALL,0,1.2676,1.0000,0.6667,0.3378,1.0000,1.0000,0.0000,0.0002,1.2427
3578,MARKET,GROW,0,1.2480,1.0000,0.6667,0.2399,1.0000,1.0000,0.0000,0.0001,1.2430
3579,MARKET,BURN,0,1.2567,1.0000,0.6667,0.2836,1.0000,1.0000,0.0000,0.0001,1.2437
3580,MARKET,FALL,0,1.2676,1.0000,0.6667,0.3378,1.0000,1.0000,0.0000,0.0002,1.2448
3581,MARKET,SPREAD,0,1.2032,1.0000,0.6667,0.0162,1.0000,1.0000,0.0000,-0.0004,1.2428
3582,MARKET,GROW,0,1.2480,1.0000,0.6667,0.2399,1.0000,1.0000,0.0000,0.0000,1.2430
3583,MARKET,SPREAD,0,1.2032,1.0000,0.6667,0.0162,1.0000,1.0000,0.0000,-0.0004,1.2410
3584,MARKET,FALL,0,1.2676,1.0000,0.6667,0.3378,1.0000,1.0000,0.0000,0.0003,1.2424
3585,MARKET,BURN,0,1.2567,1.0000,0.6667,0.2836,1.0000,1.0000,0.0000,0.0001,1.2431
3586,MARKET,FALL,0,1.2676,1.0000,0.6667,0.3378,1.0000,1.0000,0.0000,0.0002,1.2443
3587,MARKET,GROW,0,1.2480,1.0000,0.6667,0.2399,1.0000,1.0000,0.0000,0.0000,1.2445
3588,MARKET,SPREAD,0,1.2032,1.0000,0.6667,0.0162,1.0000,1.0000,0.0000,-0.0004,1.2424
3589,MARKET,SPREAD,0,1.2032,1.0000,0.6667,0.0162,1.0000,1.0000,0.0000,-0.0004,1.2405
3590,MARKET,FALL,0,1.2676,1.0000,0.6667,0.3378,1.0000,1.0000,0.0000,0.0003,1.2418
3591,MARKET,GROW,0,1.2480,1.0000,0.6667,0.2399,1.0000,1.0000,0.0000,0.0001,1.2421
3592,MARKET,FALL,0,1.2676,1.0000,0.6667,0.3378,1.0000,1.0000,0.0000,0.0003,1.2434
3593,MARKET,,0,1.1000,1.0000,0.3333,0.0000,1.0000,0.0000,0.0000,-0.0014,1.2362
3594,MARKET,FALL,0,1.2676,1.0000,0.6667,0.3378,1.0000,1.0000,0.0000,0.0003,1.2378
3595,MARKET,FALL,0,1.2676,1.0000,0.6667,0.3378,1.0000,1.0000,0.0000,0.0003,1.2393
3596,MARKET,BURN,0,1.2567,1.0000,0.6667,0.2836,1.0000,1.0000,0.0000,0.0002,1.2402
3597,MARKET,BURN,0,1.2567,1.0000,0.6667,0.2836,1.0000,1.0000,0.0000,0.0002,1.2410
3598,MARKET,BURN,0,1.2567,1.0000,0.6667,0.2836,1.0000,1.0000,0.0000,0.0002,1.2418
3599,MARKET,BURN,0,1.2567,1.0000,0.6667,0.2836,1.0000,1.0000,0.0000,0.0001,1.2425
3600,MARKET,GROW,0,1.2480,1.0000,0.6667,0.2399,1.0000,1.0000,0.0000,0.0001,1.2428
3601,MARKET,BURN,0,1.2567,1.0000,0.6667,0.2836,1.0000,1.0000,0.0000,0.0001,1.2435
3602,MARKET,BURN,0,1.2567,1.0000,0.6667,0.2836,1.0000,1.0000,0.0000,0.0001,1.2441
3603,MARKET,BURN,0,1.2567,1.0000,0.6667,0.2836,1.0000,1.0000,0.0000,0.0001,1.2448
3604,MARKET,SPREAD,0,1.2032,1.0000,0.6667,0.0162,1.0000,1.0000,0.0000,-0.0004,1.2427
3605,MARKET,FALL,0,1.2676,1.0000,0.6667,0.3378,1.0000,1.0000,0.0000,0.0002,1.2439
3606,MARKET,SPREAD,0,1.2032,1.0000,0.6667,0.0162,1.0000,1.0000,0.0000,-0.0004,1.2419
3607,MARKET,SPREAD,0,1.2032,1.0000,0.6667,0.0162,1.0000,1.0000,0.0000,-0.0004,1.2400
3608,MARKET,BURN,0,1.2567,1.0000,0.6667,0.2836,1.0000,1.0000,0.0000,0.0002,1.2408
3609,MARKET,BURN,0,1.2567,1.0000,0.6667,0.2836,1.0000,1.0000,0.0000,0.0002,1.2416
3610,MARKET,FALL,0,1.2676,1.0000,0.6667,0.3378,1.0000,1.0000,0.0000,0.0002,1.2429
3611,MARKET,SPREAD,0,1.2032,1.0000,0.6667,0.0162,1.0000,1.0000,0.0000,-0.0004,1.2409
3612,MARKET,BURN,0,1.2567,1.0000,0.6667,0.2836,1.0000,1.0000,0.0000,0.0002,1.2417
3613,MARKET,GROW,0,1.2480,1.0000,0.6667,0.2399,1.0000,1.0000,0.0000,0.0001,1.2420
3614,MARKET,GROW,0,1.2480,1.0000,0.6667,0.2399,1.0000,1.0000,0.0000,0.0001,1.2423
3615,MARKET,FALL,0,1.2676,1.0000,0.6667,0.3378,1.0000,1.0000,0.0000,0.0002,1.2436
3616,MARKET,SPREAD,0,1.2032,1.0000,0.6667,0.0162,1.0000,1.0000,0.0000,-0.0004,1.2416
3617,MARKET,GROW,0,1.2480,1.0000,0.6667,0.2399,1.0000,1.0000,0.0000,0.0001,1.2419
3618,MARKET,GROW,0,1.2480,1.0000,0.6667,0.2399,1.0000,1.0000,0.0000,0.0001,1.2422
3619,MARKET,FALL,0,1.2676,1.0000,0.6667,0.3378,1.0000,1.0000,0.0000,0.0002,1.2435
3620,MARKET,FALL,0,1.2676,1.0000,0.6667,0.3378,1.0000,1.0000,0.0000,0.0003,1.2447
3621,MARKET,SPREAD,0,1.2032,1.0000,0.6667,0.0162,1.0000,1.0000,0.0000,-0.0004,1.2426
3622,MARKET,GROW,0,1.2480,1.0000,0.6667,0.2399,1.0000,1.0000,0.0000,0.0001,1.2429
3623,MARKET,GROW,0,1.2480,1.0000,0.6667,0.2399,1.0000,1.0000,0.0000,0.0000,1.2431
3624,MARKET,FALL,0,1.2676,1.0000,0.6667,0.3378,1.0000,1.0000,0.0000,0.0002,1.2443
3625,MARKET,BURN,0,1.2567,1.0000,0.6667,0.2836,1.0000,1.0000,0.0000,0.0001,1.2450
3626,MARKET,GROW,0,1.2480,1.0000,0.6667,0.2399,1.0000,1.0000,0.0000,0.0000,1.2451
3627,MARKET,BURN,0,1.2567,1.0000,0.6667,0.2836,1.0000,1.0000,0.0000,0.0001,1.2457
3628,MARKET,FALL,0,1.2676,1.0000,0.6667,0.3378,1.0000,1.0000,0.0000,0.0002,1.2468
3629,MARKET,BURN,0,1.2567,1.0000,0.6667,0.2836,1.0000,1.0000,0.0000,0.0001,1.2473
3630,MARKET,BURN,0,1.2567,1.0000,0.6667,0.2836,1.0000,1.0000,0.0000,0.0001,1.2478
3631,MARKET,GROW,0,1.2480,1.0000,0.6667,0.2399,1.0000,1.0000,0.0000,0.0000,1.2478
3632,MARKET,BURN,0,1.2567,1.0000,0.6667,0.2836,1.0000,1.0000,0.0000,0.0001,1.2482
3633,MARKET,GROW,0,1.2480,1.0000,0.6667,0.2399,1.0000,1.0000,0.0000,-0.0000,1.2482
3634,MARKET,SPREAD,0,1.2032,1.0000,0.6667,0.0162,1.0000,1.0000,0.0000,-0.0005,1.2460
3635,MARKET,FALL,0,1.2676,1.0000,0.6667,0.3378,1.0000,1.0000,0.0000,0.0002,1.2470
3636,MARKET,SPREAD,0,1.2032,1.0000,0.6667,0.0162,1.0000,1.0000,0.0000,-0.0005,1.2448
3637,MARKET,BURN,0,1.2567,1.0000,0.6667,0.2836,1.0000,1.0000,0.0000,0.0001,1.2454
3638,MARKET,GROW,0,1.2480,1.0000,0.6667,0.2399,1.0000,1.0000,0.0000,0.0000,1.2456
3639,MARKET,BURN,0,1.2567,1.0000,0.6667,0.2836,1.0000,1.0000,0.0000,0.0001,1.2461
3640,MARKET,BURN,0,1.2567,1.0000,0.6667,0.2836,1.0000,1.0000,0.0000,0.0001,1.2467
3641,MARKET,FALL,0,1.2676,1.0000,0.6667,0.3378,1.0000,1.0000,0.0000,0.0002,1.2477
3642,MARKET,BURN,0,1.2567,1.0000,0.6667,0.2836,1.0000,1.0000,0.0000,0.0001,1.2481
3643,MARKET,GROW,0,1.2480,1.0000,0.6667,0.2399,1.0000,1.0000,0.0000,-0.0000,1.2481
3644,MARKET,BURN,0,1.2567,1.0000,0.6667,0.2836,1.0000,1.0000,0.0000,0.0001,1.2486
3645,MARKET,BURN,0,1.2567,1.0000,0.6667,0.2836,1.0000,1.0000,0.0000,0.0001,1.2490
3646,MARKET,FALL,0,1.2676,1.0000,0.6667,0.3378,1.0000,1.0000,0.0000,0.0002,1.2499
3647,MARKET,SPREAD,0,1.2032,1.0000,0.6667,0.0162,1.0000,1.0000,0.0000,-0.0005,1.2476
3648,MARKET,GROW,0,1.2480,1.0000,0.6667,0.2399,1.0000,1.0000,0.0000,0.0000,1.2476
3649,MARKET,BURN,0,1.2567,1.0000,0.6667,0.2836,1.0000,1.0000,0.0000,0.0001,1.2480
3650,MARKET,FALL,0,1.2676,1.0000,0.6667,0.3378,1.0000,1.0000,0.0000,0.0002,1.2490
3651,MARKET,SPREAD,0,1.2032,1.0000,0.6667,0.0162,1.0000,1.0000,0.0000,-0.0005,1.2467
3652,MARKET,FALL,0,1.2676,1.0000,0.6667,0.3378,1.0000,1.0000,0.0000,0.0002,1.2478
3653,MARKET,SPREAD,0,1.2032,1.0000,0.6667,0.0162,1.0000,1.0000,0.0000,-0.0005,1.2455
3654,MARKET,FALL,0,1.2676,1.0000,0.6667,0.3378,1.0000,1.0000,0.0000,0.0002,1.2466
3655,MARKET,FALL,0,1.2676,1.0000,0.6667,0.3378,1.0000,1.0000,0.0000,0.0002,1.2477
3656,MARKET,FALL,0,1.2676,1.0000,0.6667,0.3378,1.0000,1.0000,0.0000,0.0002,1.2487
3657,MARKET,FALL,0,1.2676,1.0000,0.6667,0.3378,1.0000,1.0000,0.0000,0.0002,1.2496
3658,MARKET,FALL,0,1.2676,1.0000,0.6667,0.3378,1.0000,1.0000,0.0000,0.0002,1.2505
3659,MARKET,SPREAD,0,1.2032,1.0000,0.6667,0.0162,1.0000,1.0000,0.0000,-0.0005,1.2482
3660,MARKET,BURN,0,1.2567,1.0000,0.6667,0.2836,1.0000,1.0000,0.0000,0.0001,1.2486
3661,MARKET,BURN,0,1.2567,1.0000,0.6667,0.2836,1.0000,1.0000,0.0000,0.0001,1.2490
3662,MARKET,SPREAD,0,1.2032,1.0000,0.6667,0.0162,1.0000,1.0000,0.0000,-0.0004,1.2467
3663,MARKET,FALL,0,1.2676,1.0000,0.6667,0.3378,1.0000,1.0000,0.0000,0.0002,1.2478
3664,MARKET,FAIL,0,1.2513,1.0000,0.6667,0.2567,1.0000,1.0000,0.0000,0.0000,1.2479
3665,MARKET,BURN,0,1.2567,1.0000,0.6667,0.2836,1.0000,1.0000,0.0000,0.0001,1.2484
3666,MARKET,BURN,0,1.2567,1.0000,0.6667,0.2836,1.0000,1.0000,0.0000,0.0001,1.2488
3667,MARKET,FALL,0,1.2676,1.0000,0.6667,0.3378,1.0000,1.0000,0.0000,0.0002,1.2497
3668,MARKET,BURN,0,1.2567,1.0000,0.6667,0.2836,1.0000,1.0000,0.0000,0.0001,1.2501
3669,MARKET,GROW,0,1.2480,1.0000,0.6667,0.2399,1.0000,1.0000,0.0000,-0.0000,1.2500
3670,MARKET,GROW,0,1.2480,1.0000,0.6667,0.2399,1.0000,1.0000,0.0000,-0.0000,1.2499
3671,MARKET,FALL,0,1.2676,1.0000,0.6667,0.3378,1.0000,1.0000,0.0000,0.0002,1.2508
3672,MARKET,GROW,0,1.2480,1.0000,0.6667,0.2399,1.0000,1.0000,0.0000,-0.0000,1.2506
3673,MARKET,FALL,0,1.2676,1.0000,0.6667,0.3378,1.0000,1.0000,0.0000,0.0002,1.2515
3674,MARKET,BURN,0,1.2567,1.0000,0.6667,0.2836,1.0000,1.0000,0.0000,0.0001,1.2517
3675,MARKET,BURN,0,1.2567,1.0000,0.6667,0.2836,1.0000,1.0000,0.0000,0.0001,1.2520
3676,MARKET,FALL,0,1.2676,1.0000,0.6667,0.3378,1.0000,1.0000,0.0000,0.0002,1.2528
3677,MARKET,BURN,0,1.2567,1.0000,0.6667,0.2836,1.0000,1.0000,0.0000,0.0000,1.2530
3678,MARKET,FALL,0,1.2676,1.0000,0.6667,0.3378,1.0000,1.0000,0.0000,0.0002,1.2537
3679,MARKET,GROW,0,1.2480,1.0000,0.6667,0.2399,1.0000,1.0000,0.0000,-0.0001,1.2534
3680,MARKET,FALL,0,1.2676,1.0000,0.6667,0.3378,1.0000,1.0000,0.0000,0.0001,1.2541
3681,MARKET,GROW,0,1.2480,1.0000,0.6667,0.2399,1.0000,1.0000,0.0000,-0.0001,1.2538
3682,MARKET,BURN,0,1.2567,1.0000,0.6667,0.2836,1.0000,1.0000,0.0000,0.0000,1.2539
3683,MARKET,GROW,0,1.2480,1.0000,0.6667,0.2399,1.0000,1.0000,0.0000,-0.0001,1.2536
3684,MARKET,BURN,0,1.2567,1.0000,0.6667,0.2836,1.0000,1.0000,0.0000,0.0000,1.2538
3685,MARKET,GROW,0,1.2480,1.0000,0.6667,0.2399,1.0000,1.0000,0.0000,-0.0001,1.2535
3686,MARKET,FALL,0,1.2676,1.0000,0.6667,0.3378,1.0000,1.0000,0.0000,0.0001,1.2542
3687,MARKET,FALL,0,1.2676,1.0000,0.6667,0.3378,1.0000,1.0000,0.0000,0.0001,1.2549
3688,MARKET,BURN,0,1.2567,1.0000,0.6667,0.2836,1.0000,1.0000,0.0000,0.0000,1.2550
3689,MARKET,FALL,0,1.2676,1.0000,0.6667,0.3378,1.0000,1.0000,0.0000,0.0001,1.2556
3690,MARKET,BURN,0,1.2567,1.0000,0.6667,0.2836,1.0000,1.0000,0.0000,0.0000,1.2557
3691,MARKET,MOVE COMPLEX DRONE,0,1.3459,1.0000,1.0000,0.2296,1.0000,1.0000,1.0000,0.0009,1.2602
3692,MARKET,GROW,0,1.2480,1.0000,0.6667,0.2399,1.0000,1.0000,0.0000,-0.0001,1.2596
3693,MARKET,GROW,0,1.2480,1.0000,0.6667,0.2399,1.0000,1.0000,0.0000,-0.0001,1.2590
3694,MARKET,FALL,0,1.2676,1.0000,0.6667,0.3378,1.0000,1.0000,0.0000,0.0001,1.2594
3695,MARKET,GROW,0,1.2480,1.0000,0.6667,0.2399,1.0000,1.0000,0.0000,-0.0001,1.2588
3696,MARKET,FALL,0,1.2676,1.0000,0.6667,0.3378,1.0000,1.0000,0.0000,0.0001,1.2593
3697,MARKET,FALL,0,1.2676,1.0000,0.6667,0.3378,1.0000,1.0000,0.0000,0.0001,1.2597
3698,MARKET,GROW,0,1.2480,1.0000,0.6667,0.2399,1.0000,1.0000,0.0000,-0.0001,1.2591
3699,MARKET,BURN,0,1.2567,1.0000,0.6667,0.2836,1.0000,1.0000,0.0000,-0.0000,1.2590
3700,MARKET,BURN,0,1.2567,1.0000,0.6667,0.2836,1.0000,1.0000,0.0000,-0.0000,1.2589
3701,MARKET,GROW,0,1.2480,1.0000,0.6667,0.2399,1.0000,1.0000,0.0000,-0.0001,1.2583
3702,MARKET,BURN,0,1.2567,1.0000,0.6667,0.2836,1.0000,1.0000,0.0000,-0.0000,1.2582
3703,MARKET,BURN,0,1.2567,1.0000,0.6667,0.2836,1.0000,1.0000,0.0000,-0.0000,1.2582
3704,MARKET,BURN,0,1.2567,1.0000,0.6667,0.2836,1.0000,1.0000,0.0000,-0.0000,1.2581
3705,MARKET,FALL,0,1.2676,1.0000,0.6667,0.3378,1.0000,1.0000,0.0000,0.0001,1.2586
3706,MARKET,GROW,0,1.2480,1.0000,0.6667,0.2399,1.0000,1.0000,0.0000,-0.0001,1.2580
3707,MARKET,SPREAD,0,1.2032,1.0000,0.6667,0.0162,1.0000,1.0000,0.0000,-0.0005,1.2553
3708,MARKET,GROW,0,1.2480,1.0000,0.6667,0.2399,1.0000,1.0000,0.0000,-0.0001,1.2549
3709,MARKET,FALL,0,1.2676,1.0000,0.6667,0.3378,1.0000,1.0000,0.0000,0.0001,1.2556
3710,MARKET,GROW,0,1.2480,1.0000,0.6667,0.2399,1.0000,1.0000,0.0000,-0.0001,1.2552
3711,MARKET,BURN,0,1.2567,1.0000,0.6667,0.2836,1.0000,1.0000,0.0000,0.0000,1.2553
3712,MARKET,BURN,0,1.2567,1.0000,0.6667,0.2836,1.0000,1.0000,0.0000,0.0000,1.2553
3713,MARKET,GROW,0,1.2480,1.0000,0.6667,0.2399,1.0000,1.0000,0.0000,-0.0001,1.2550
3714,MARKET,SPREAD,0,1.2032,1.0000,0.6667,0.0162,1.0000,1.0000,0.0000,-0.0005,1.2524
3715,MARKET,SPREAD,0,1.2032,1.0000,0.6667,0.0162,1.0000,1.0000,0.0000,-0.0005,1.2499
3716,MARKET,SPREAD,0,1.2032,1.0000,0.6667,0.0162,1.0000,1.0000,0.0000,-0.0005,1.2476
3717,MARKET,SPREAD,0,1.2032,1.0000,0.6667,0.0162,1.0000,1.0000,0.0000,-0.0004,1.2454
3718,MARKET,BURN,0,1.2567,1.0000,0.6667,0.2836,1.0000,1.0000,0.0000,0.0001,1.2459
3719,MARKET,GROW,0,1.2480,1.0000,0.6667,0.2399,1.0000,1.0000,0.0000,0.0000,1.2460
3720,MARKET,GROW,0,1.2480,1.0000,0.6667,0.2399,1.0000,1.0000,0.0000,0.0000,1.2461
3721,MARKET,GROW,0,1.2480,1.0000,0.6667,0.2399,1.0000,1.0000,0.0000,0.0000,1.2462
3722,MARKET,FAIL,0,1.2513,1.0000,0.6667,0.2567,1.0000,1.0000,0.0000,0.0001,1.2465
3723,MARKET,BURN,0,1.2567,1.0000,0.6667,0.2836,1.0000,1.0000,0.0000,0.0001,1.2470
3724,MARKET,BURN,0,1.2567,1.0000,0.6667,0.2836,1.0000,1.0000,0.0000,0.0001,1.2475
3725,MARKET,SPREAD,0,1.2032,1.0000,0.6667,0.0162,1.0000,1.0000,0.0000,-0.0004,1.2453
3726,MARKET,BURN,0,1.2567,1.0000,0.6667,0.2836,1.0000,1.0000,0.0000,0.0001,1.2458
3727,MARKET,SPREAD,0,1.2032,1.0000,0.6667,0.0162,1.0000,1.0000,0.0000,-0.0004,1.2437
3728,MARKET,SPREAD,0,1.2032,1.0000,0.6667,0.0162,1.0000,1.0000,0.0000,-0.0004,1.2417
3729,MARKET,GROW,0,1.2480,1.0000,0.6667,0.2399,1.0000,1.0000,0.0000,0.0001,1.2420
3730,MARKET,BURN,0,1.2567,1.0000,0.6667,0.2836,1.0000,1.0000,0.0000,0.0001,1.2427
3731,MARKET,GROW,0,1.2480,1.0000,0.6667,0.2399,1.0000,1.0000,0.0000,0.0001,1.2430
3732,MARKET,FALL,0,1.2676,1.0000,0.6667,0.3378,1.0000,1.0000,0.0000,0.0003,1.2442
3733,MARKET,GROW,0,1.2480,1.0000,0.6667,0.2399,1.0000,1.0000,0.0000,0.0000,1.2444
3734,MARKET,FALL,0,1.2676,1.0000,0.6667,0.3378,1.0000,1.0000,0.0000,0.0002,1.2456
3735,MARKET,BURN,0,1.2567,1.0000,0.6667,0.2836,1.0000,1.0000,0.0000,0.0001,1.2461
3736,MARKET,SPREAD,0,1.2032,1.0000,0.6667,0.0162,1.0000,1.0000,0.0000,-0.0004,1.2440
3737,MARKET,FALL,0,1.2676,1.0000,0.6667,0.3378,1.0000,1.0000,0.0000,0.0002,1.2452
3738,MARKET,BURN,0,1.2567,1.0000,0.6667,0.2836,1.0000,1.0000,0.0000,0.0001,1.2457
3739,MARKET,BURN,0,1.2567,1.0000,0.6667,0.2836,1.0000,1.0000,0.0000,0.0001,1.2463
3740,MARKET,FALL,0,1.2676,1.0000,0.6667,0.3378,1.0000,1.0000,0.0000,0.0002,1.2474
3741,MARKET,SPREAD,0,1.2032,1.0000,0.6667,0.0162,1.0000,1.0000,0.0000,-0.0005,1.2451
3742,MARKET,GROW,0,1.2480,1.0000,0.6667,0.2399,1.0000,1.0000,0.0000,0.0000,1.2453
3743,MARKET,FALL,0,1.2676,1.0000,0.6667,0.3378,1.0000,1.0000,0.0000,0.0002,1.2464
3744,MARKET,GROW,0,1.2480,1.0000,0.6667,0.2399,1.0000,1.0000,0.0000,0.0000,1.2465
3745,MARKET,SPREAD,0,1.2032,1.0000,0.6667,0.0162,1.0000,1.0000,0.0000,-0.0004,1.2443
3746,MARKET,GROW,0,1.2480,1.0000,0.6667,0.2399,1.0000,1.0000,0.0000,0.0000,1.2445
3747,MARKET,GROW,0,1.2480,1.0000,0.6667,0.2399,1.0000,1.0000,0.0000,0.0000,1.2447
3748,MARKET,SPREAD,0,1.2032,1.0000,0.6667,0.0162,1.0000,1.0000,0.0000,-0.0004,1.2426
3749,MARKET,FALL,0,1.2676,1.0000,0.6667,0.3378,1.0000,1.0000,0.0000,0.0002,1.2439
3750,MARKET,FALL,0,1.2676,1.0000,0.6667,0.3378,1.0000,1.0000,0.0000,0.0002,1.2450
3751,MARKET,FALL,0,1.2676,1.0000,0.6667,0.3378,1.0000,1.0000,0.0000,0.0002,1.2462
3752,MARKET,BURN,0,1.2567,1.0000,0.6667,0.2836,1.0000,1.0000,0.0000,0.0001,1.2467
3753,MARKET,BURN,0,1.2567,1.0000,0.6667,0.2836,1.0000,1.0000,0.0000,0.0001,1.2472
3754,MARKET,,0,1.1000,1.0000,0.3333,0.0000,1.0000,0.0000,0.0000,-0.0015,1.2398
3755,MARKET,SPREAD,0,1.2032,1.0000,0.6667,0.0162,1.0000,1.0000,0.0000,-0.0004,1.2380
3756,MARKET,GROW,0,1.2480,1.0000,0.6667,0.2399,1.0000,1.0000,0.0000,0.0001,1.2385
3757,MARKET,BURN,0,1.2567,1.0000,0.6667,0.2836,1.0000,1.0000,0.0000,0.0002,1.2394
3758,MARKET,GROW,0,1.2480,1.0000,0.6667,0.2399,1.0000,1.0000,0.0000,0.0001,1.2398
3759,MARKET,GROW,0,1.2480,1.0000,0.6667,0.2399,1.0000,1.0000,0.0000,0.0001,1.2402
3760,MARKET,SPREAD,0,1.2032,1.0000,0.6667,0.0162,1.0000,1.0000,0.0000,-0.0004,1.2384
3761,MARKET,GROW,0,1.2480,1.0000,0.6667,0.2399,1.0000,1.0000,0.0000,0.0001,1.2389
3762,MARKET,SPREAD,0,1.2032,1.0000,0.6667,0.0162,1.0000,1.0000,0.0000,-0.0004,1.2371
3763,MARKET,SPREAD,0,1.2032,1.0000,0.6667,0.0162,1.0000,1.0000,0.0000,-0.0004,1.2354
3764,MARKET,SPREAD,0,1.2032,1.0000,0.6667,0.0162,1.0000,1.0000,0.0000,-0.0003,1.2338
3765,MARKET,FALL,0,1.2676,1.0000,0.6667,0.3378,1.0000,1.0000,0.0000,0.0003,1.2355
3766,MARKET,BURN,0,1.2567,1.0000,0.6667,0.2836,1.0000,1.0000,0.0000,0.0002,1.2365
3767,MARKET,BURN,0,1.2567,1.0000,0.6667,0.2836,1.0000,1.0000,0.0000,0.0002,1.2376
3768,MARKET,BURN,0,1.2567,1.0000,0.6667,0.2836,1.0000,1.0000,0.0000,0.0002,1.2385
3769,MARKET,BURN,0,1.2567,1.0000,0.6667,0.2836,1.0000,1.0000,0.0000,0.0002,1.2394
3770,MARKET,SPREAD,0,1.2032,1.0000,0.6667,0.0162,1.0000,1.0000,0.0000,-0.0004,1.2376
3771,MARKET,SPREAD,0,1.2032,1.0000,0.6667,0.0162,1.0000,1.0000,0.0000,-0.0004,1.2359
3772,MARKET,FALL,0,1.2676,1.0000,0.6667,0.3378,1.0000,1.0000,0.0000,0.0003,1.2375
3773,MARKET,BURN,0,1.2567,1.0000,0.6667,0.2836,1.0000,1.0000,0.0000,0.0002,1.2384
3774,MARKET,GROW,0,1.2480,1.0000,0.6667,0.2399,1.0000,1.0000,0.0000,0.0001,1.2389
3775,MARKET,FALL,0,1.2676,1.0000,0.6667,0.3378,1.0000,1.0000,0.0000,0.0003,1.2403
3776,MARKET,SPREAD,0,1.2032,1.0000,0.6667,0.0162,1.0000,1.0000,0.0000,-0.0004,1.2385
3777,MARKET,BURN,0,1.2567,1.0000,0.6667,0.2836,1.0000,1.0000,0.0000,0.0002,1.2394
3778,MARKET,BURN,0,1.2567,1.0000,0.6667,0.2836,1.0000,1.0000,0.0000,0.0002,1.2403
3779,MARKET,SPREAD,0,1.2032,1.0000,0.6667,0.0162,1.0000,1.0000,0.0000,-0.0004,1.2384
3780,MARKET,SPREAD,0,1.2032,1.0000,0.6667,0.0162,1.0000,1.0000,0.0000,-0.0003,1.2367
3781,MARKET,SPREAD,0,1.2032,1.0000,0.6667,0.0162,1.0000,1.0000,0.0000,-0.0003,1.2350
3782,MARKET,BURN,0,1.2567,1.0000,0.6667,0.2836,1.0000,1.0000,0.0000,0.0002,1.2361
3783,MARKET,MOVE ROBOT,0,1.2412,1.0000,0.6667,0.2061,1.0000,1.0000,0.0000,0.0001,1.2363
3784,MARKET,SPREAD,0,1.2032,1.0000,0.6667,0.0162,1.0000,1.0000,0.0000,-0.0003,1.2347
3785,MARKET,FALL,0,1.2676,1.0000,0.6667,0.3378,1.0000,1.0000,0.0000,0.0003,1.2363
3786,MARKET,GROW,0,1.2480,1.0000,0.6667,0.2399,1.0000,1.0000,0.0000,0.0001,1.2369
3787,MARKET,GROW,0,1.2480,1.0000,0.6667,0.2399,1.0000,1.0000,0.0000,0.0001,1.2375
3788,HOME,FALL,0,1.2564,1.0000,0.6667,0.2818,1.0000,1.0000,0.0000,0.1253,1.2384
3789,MARKET,BURN,0,1.2567,1.0000,0.6667,0.2836,1.0000,1.0000,0.0000,0.0002,1.2393
3790,MARKET,FALL,0,1.2676,1.0000,0.6667,0.3378,1.0000,1.0000,0.0000,0.0003,1.2407
3791,MARKET,GROW,0,1.2480,1.0000,0.6667,0.2399,1.0000,1.0000,0.0000,0.0001,1.2411
3792,MARKET,BURN,0,1.2567,1.0000,0.6667,0.2836,1.0000,1.0000,0.0000,0.0002,1.2419
3793,MARKET,BURN,0,1.2567,1.0000,0.6667,0.2836,1.0000,1.0000,0.0000,0.0002,1.2426
3794,MARKET,FALL,0,1.2676,1.0000,0.6667,0.3378,1.0000,1.0000,0.0000,0.0003,1.2439
3795,MARKET,BURN,0,1.2567,1.0000,0.6667,0.2836,1.0000,1.0000,0.0000,0.0001,1.2445
3796,MARKET,GROW,0,1.2480,1.0000,0.6667,0.2399,1.0000,1.0000,0.0000,0.0000,1.2447
3797,MARKET,GROW,0,1.2480,1.0000,0.6667,0.2399,1.0000,1.0000,0.0000,0.0000,1.2448
3798,MARKET,SPREAD,0,1.2032,1.0000,0.6667,0.0162,1.0000,1.0000,0.0000,-0.0005,1.2428
3799,MARKET,BURN,0,1.2567,1.0000,0.6667,0.2836,1.0000,1.0000,0.0000,0.0002,1.2435
3800,MARKET,BURN,0,1.2567,1.0000,0.6667,0.2836,1.0000,1.0000,0.0000,0.0002,1.2441
3801,MARKET,FALL,0,1.2676,1.0000,0.6667,0.3378,1.0000,1.0000,0.0000,0.0003,1.2453
3802,MARKET,SPREAD,0,1.2032,1.0000,0.6667,0.0162,1.0000,1.0000,0.0000,-0.0005,1.2432
3803,MARKET,GROW,0,1.2480,1.0000,0.6667,0.2399,1.0000,1.0000,0.0000,0.0001,1.2434
3804,MARKET,FALL,0,1.2676,1.0000,0.6667,0.3378,1.0000,1.0000,0.0000,0.0003,1.2446
3805,MARKET,SPREAD,0,1.2032,1.0000,0.6667,0.0162,1.0000,1.0000,0.0000,-0.0005,1.2426
3806,MARKET,FALL,0,1.2676,1.0000,0.6667,0.3378,1.0000,1.0000,0.0000,0.0003,1.2438
3807,MARKET,BURN,0,1.2567,1.0000,0.6667,0.2836,1.0000,1.0000,0.0000,0.0002,1.2445
3808,MARKET,BURN,0,1.2567,1.0000,0.6667,0.2836,1.0000,1.0000,0.0000,0.0001,1.2451
3809,MARKET,GROW,0,1.2480,1.0000,0.6667,0.2399,1.0000,1.0000,0.0000,0.0000,1.2452
3810,MARKET,SPREAD,0,1.2032,1.0000,0.6667,0.0162,1.0000,1.0000,0.0000,-0.0005,1.2431
3811,MARKET,SPREAD,0,1.2032,1.0000,0.6667,0.0162,1.0000,1.0000,0.0000,-0.0005,1.2411
3812,MARKET,FALL,0,1.2676,1.0000,0.6667,0.3378,1.0000,1.0000,0.0000,0.0003,1.2424
3813,MARKET,FALL,0,1.2676,1.0000,0.6667,0.3378,1.0000,1.0000,0.0000,0.0003,1.2437
3814,MARKET,SPREAD,0,1.2032,1.0000,0.6667,0.0162,1.0000,1.0000,0.0000,-0.0005,1.2417
3815,BRIDGE,BURN,0,1.2277,1.0000,0.6667,0.1383,1.0000,1.0000,0.0000,-0.1028,1.2410
3816,MARKET,BURN,0,1.2567,1.0000,0.6667,0.2836,1.0000,1.0000,0.0000,0.0002,1.2418
3817,MARKET,BURN,0,1.2567,1.0000,0.6667,0.2836,1.0000,1.0000,0.0000,0.0002,1.2425
3818,MARKET,GROW,0,1.2480,1.0000,0.6667,0.2399,1.0000,1.0000,0.0000,0.0001,1.2428
3819,MARKET,FALL,0,1.2676,1.0000,0.6667,0.3378,1.0000,1.0000,0.0000,0.0003,1.2440
3820,MARKET,GROW,0,1.2480,1.0000,0.6667,0.2399,1.0000,1.0000,0.0000,0.0000,1.2442
3821,MARKET,FALL,0,1.2676,1.0000,0.6667,0.3378,1.0000,1.0000,0.0000,0.0003,1.2454
3822,MARKET,FALL,0,1.2676,1.0000,0.6667,0.3378,1.0000,1.0000,0.0000,0.0003,1.2465
3823,MARKET,BURN,0,1.2567,1.0000,0.6667,0.2836,1.0000,1.0000,0.0000,0.0001,1.2470
3824,MARKET,BURN,0,1.2567,1.0000,0.6667,0.2836,1.0000,1.0000,0.0000,0.0001,1.2475
3825,MARKET,BURN,0,1.2567,1.0000,0.6667,0.2836,1.0000,1.0000,0.0000,0.0001,1.2480
3826,MARKET,FALL,0,1.2676,1.0000,0.6667,0.3378,1.0000,1.0000,0.0000,0.0002,1.2489
3827,MARKET,SPREAD,0,1.2032,1.0000,0.6667,0.0162,1.0000,1.0000,0.0000,-0.0005,1.2467
3828,MARKET,FALL,0,1.2676,1.0000,0.6667,0.3378,1.0000,1.0000,0.0000,0.0002,1.2477
3829,MARKET,SPREAD,0,1.2032,1.0000,0.6667,0.0162,1.0000,1.0000,0.0000,-0.0005,1.2455
3830,MARKET,SPREAD,0,1.2032,1.0000,0.6667,0.0162,1.0000,1.0000,0.0000,-0.0005,1.2434
3831,MARKET,BURN,0,1.2567,1.0000,0.6667,0.2836,1.0000,1.0000,0.0000,0.0002,1.2440
3832,MARKET,FALL,0,1.2676,1.0000,0.6667,0.3378,1.0000,1.0000,0.0000,0.0003,1.2452
3833,MARKET,MOVE OUTCAST HOME,0,1.2586,1.0000,0.6667,0.2932,0.0000,1.0000,1.0000,0.0001,1.2459
3834,MARKET,BURN,0,1.2567,1.0000,0.6667,0.2836,1.0000,1.0000,0.0000,0.0001,1.2464
3835,MARKET,FALL,0,1.2676,1.0000,0.6667,0.3378,1.0000,1.0000,0.0000,0.0002,1.2475
3836,MARKET,BURN,0,1.2567,1.0000,0.6667,0.2836,1.0000,1.0000,0.0000,0.0001,1.2479
3837,MARKET,SPREAD,0,1.2032,1.0000,0.6667,0.0162,1.0000,1.0000,0.0000,-0.0005,1.2457
3838,MARKET,FALL,0,1.2676,1.0000,0.6667,0.3378,1.0000,1.0000,0.0000,0.0002,1.2468
3839,MARKET,MOVE DORMANT GUARD,0,1.3425,1.0000,1.0000,0.2124,1.0000,1.0000,1.0000,0.0010,1.2516
3840,MARKET,FALL,0,1.2676,1.0000,0.6667,0.3378,1.0000,1.0000,0.0000,0.0002,1.2524
3841,MARKET,SPREAD,0,1.2032,1.0000,0.6667,0.0162,1.0000,1.0000,0.0000,-0.0005,1.2499
3842,MARKET,BURN,0,1.2567,1.0000,0.6667,0.2836,1.0000,1.0000,0.0000,0.0001,1.2503
3843,MARKET,FALL,0,1.2676,1.0000,0.6667,0.3378,1.0000,1.0000,0.0000,0.0002,1.2511
3844,MARKET,BURN,0,1.2567,1.0000,0.6667,0.2836,1.0000,1.0000,0.0000,0.0001,1.2514
3845,MARKET,FALL,0,1.2676,1.0000,0.6667,0.3378,1.0000,1.0000,0.0000,0.0002,1.2522
3846,MARKET,GROW,0,1.2480,1.0000,0.6667,0.2399,1.0000,1.0000,0.0000,-0.0000,1.2520
3847,MARKET,FALL,0,1.2676,1.0000,0.6667,0.3378,1.0000,1.0000,0.0000,0.0002,1.2528
3848,MARKET,SPREAD,0,1.2032,1.0000,0.6667,0.0162,1.0000,1.0000,0.0000,-0.0006,1.2503
3849,MARKET,SPREAD,0,1.2032,1.0000,0.6667,0.0162,1.0000,1.0000,0.0000,-0.0005,1.2479
3850,MARKET,FALL,0,1.2676,1.0000,0.6667,0.3378,1.0000,1.0000,0.0000,0.0002,1.2489
3851,MARKET,BURN,0,1.2567,1.0000,0.6667,0.2836,1.0000,1.0000,0.0000,0.0001,1.2493
3852,MARKET,GROW,0,1.2480,1.0000,0.6667,0.2399,1.0000,1.0000,0.0000,-0.0000,1.2493
3853,MARKET,BURN,0,1.2567,1.0000,0.6667,0.2836,1.0000,1.0000,0.0000,0.0001,1.2496
3854,MARKET,BURN,0,1.2567,1.0000,0.6667,0.2836,1.0000,1.0000,0.0000,0.0001,1.2500
3855,MARKET,GROW,0,1.2480,1.0000,0.6667,0.2399,1.0000,1.0000,0.0000,-0.0000,1.2499
3856,MARKET,BURN,0,1.2567,1.0000,0.6667,0.2836,1.0000,1.0000,0.0000,0.0001,1.2502
3857,MARKET,FALL,0,1.2676,1.0000,0.6667,0.3378,1.0000,1.0000,0.0000,0.0002,1.2511
3858,MARKET,GROW,0,1.2480,1.0000,0.6667,0.2399,1.0000,1.0000,0.0000,-0.0000,1.2509
3859,MARKET,SPREAD,0,1.2032,1.0000,0.6667,0.0162,1.0000,1.0000,0.0000,-0.0005,1.2485
3860,MARKET,GROW,0,1.2480,1.0000,0.6667,0.2399,1.0000,1.0000,0.0000,-0.0000,1.2485
3861,MARKET,GROW,0,1.2480,1.0000,0.6667,0.2399,1.0000,1.0000,0.0000,-0.0000,1.2485
3862,MARKET,BURN,0,1.2567,1.0000,0.6667,0.2836,1.0000,1.0000,0.0000,0.0001,1.2489
3863,MARKET,GROW,0,1.2480,1.0000,0.6667,0.2399,1.0000,1.0000,0.0000,-0.0000,1.2489
3864,MARKET,SPREAD,0,1.2032,1.0000,0.6667,0.0162,1.0000,1.0000,0.0000,-0.0005,1.2466
3865,MARKET,SPREAD,0,1.2032,1.0000,0.6667,0.0162,1.0000,1.0000,0.0000,-0.0005,1.2444
3866,MARKET,SPREAD,0,1.2032,1.0000,0.6667,0.0162,1.0000,1.0000,0.0000,-0.0004,1.2424
3867,MARKET,BURN,0,1.2567,1.0000,0.6667,0.2836,1.0000,1.0000,0.0000,0.0002,1.2431
3868,MARKET,SPREAD,0,1.2032,1.0000,0.6667,0.0162,1.0000,1.0000,0.0000,-0.0004,1.2411
3869,MARKET,SPREAD,0,1.2032,1.0000,0.6667,0.0162,1.0000,1.0000,0.0000,-0.0004,1.2392
3870,MARKET,SPREAD,0,1.2032,1.0000,0.6667,0.0162,1.0000,1.0000,0.0000,-0.0004,1.2374
3871,MARKET,FALL,0,1.2676,1.0000,0.6667,0.3378,1.0000,1.0000,0.0000,0.0003,1.2389
3872,MARKET,BURN,0,1.2567,1.0000,0.6667,0.2836,1.0000,1.0000,0.0000,0.0002,1.2398
3873,MARKET,SPREAD,0,1.2032,1.0000,0.6667,0.0162,1.0000,1.0000,0.0000,-0.0004,1.2380
3874,MARKET,BURN,0,1.2567,1.0000,0.6667,0.2836,1.0000,1.0000,0.0000,0.0002,1.2389
3875,MARKET,SPREAD,0,1.2032,1.0000,0.6667,0.0162,1.0000,1.0000,0.0000,-0.0004,1.2371
3876,MARKET,BURN,0,1.2567,1.0000,0.6667,0.2836,1.0000,1.0000,0.0000,0.0002,1.2381
3877,MARKET,BURN,0,1.2567,1.0000,0.6667,0.2836,1.0000,1.0000,0.0000,0.0002,1.2390
3878,MARKET,FALL,0,1.2676,1.0000,0.6667,0.3378,1.0000,1.0000,0.0000,0.0003,1.2405
3879,MARKET,FALL,0,1.2676,1.0000,0.6667,0.3378,1.0000,1.0000,0.0000,0.0003,1.2418
3880,MARKET,GROW,0,1.2480,1.0000,0.6667,0.2399,1.0000,1.0000,0.0000,0.0001,1.2421
3881,MARKET,GROW,0,1.2480,1.0000,0.6667,0.2399,1.0000,1.0000,0.0000,0.0001,1.2424
3882,MARKET,GROW,0,1.2480,1.0000,0.6667,0.2399,1.0000,1.0000,0.0000,0.0001,1.2427
3883,MARKET,FAIL,0,1.2513,1.0000,0.6667,0.2567,1.0000,1.0000,0.0000,0.0001,1.2431
3884,MARKET,BURN,0,1.2567,1.0000,0.6667,0.2836,1.0000,1.0000,0.0000,0.0001,1.2438
3885,MARKET,SPREAD,0,1.2032,1.0000,0.6667,0.0162,1.0000,1.0000,0.0000,-0.0005,1.2418
3886,MARKET,FALL,0,1.2676,1.0000,0.6667,0.3378,1.0000,1.0000,0.0000,0.0003,1.2431
3887,MARKET,GROW,0,1.2480,1.0000,0.6667,0.2399,1.0000,1.0000,0.0000,0.0001,1.2433
3888,MARKET,FALL,0,1.2676,1.0000,0.6667,0.3378,1.0000,1.0000,0.0000,0.0003,1.2445
3889,MARKET,FALL,0,1.2676,1.0000,0.6667,0.3378,1.0000,1.0000,0.0000,0.0003,1.2457
3890,MARKET,MOVE AUTOMATED OUTCAST CROWD SEE ENCRYPTED AUTOMATED SOLDIER,0,1.3444,1.0000,1.0000,0.2219,1.0000,1.0000,1.0000,0.0011,1.2506
3891,MARKET,,0,1.1000,1.0000,0.3333,0.0000,1.0000,0.0000,0.0000,-0.0016,1.2431
3892,MARKET,BURN,0,1.2567,1.0000,0.6667,0.2836,1.0000,1.0000,0.0000,0.0001,1.2438
3893,MARKET,GROW,0,1.2480,1.0000,0.6667,0.2399,1.0000,1.0000,0.0000,0.0000,1.2440
3894,MARKET,GROW,0,1.2480,1.0000,0.6667,0.2399,1.0000,1.0000,0.0000,0.0000,1.2442
3895,MARKET,SPREAD,0,1.2032,1.0000,0.6667,0.0162,1.0000,1.0000,0.0000,-0.0004,1.2421
3896,MARKET,FALL,0,1.2676,1.0000,0.6667,0.3378,1.0000,1.0000,0.0000,0.0003,1.2434
3897,MARKET,BURN,0,1.2567,1.0000,0.6667,0.2836,1.0000,1.0000,0.0000,0.0001,1.2441
3898,MARKET,FALL,0,1.2676,1.0000,0.6667,0.3378,1.0000,1.0000,0.0000,0.0003,1.2452
3899,MARKET,BURN,0,1.2567,1.0000,0.6667,0.2836,1.0000,1.0000,0.0000,0.0001,1.2458
3900,MARKET,BURN,0,1.2567,1.0000,0.6667,0.2836,1.0000,1.0000,0.0000,0.0001,1.2464
3901,MARKET,BURN,0,1.2567,1.0000,0.6667,0.2836,1.0000,1.0000,0.0000,0.0001,1.2469
3902,MARKET,GROW,0,1.2480,1.0000,0.6667,0.2399,1.0000,1.0000,0.0000,0.0000,1.2469
3903,MARKET,FALL,0,1.2676,1.0000,0.6667,0.3378,1.0000,1.0000,0.0000,0.0002,1.2480
3904,MARKET,FALL,0,1.2676,1.0000,0.6667,0.3378,1.0000,1.0000,0.0000,0.0002,1.2489
3905,MARKET,FALL,0,1.2676,1.0000,0.6667,0.3378,1.0000,1.0000,0.0000,0.0002,1.2499
3906,MARKET,SPREAD,0,1.2032,1.0000,0.6667,0.0162,1.0000,1.0000,0.0000,-0.0005,1.2475
3907,MARKET,FALL,0,1.2676,1.0000,0.6667,0.3378,1.0000,1.0000,0.0000,0.0002,1.2485
3908,MARKET,BURN,0,1.2567,1.0000,0.6667,0.2836,1.0000,1.0000,0.0000,0.0001,1.2489
3909,MARKET,GROW,0,1.2480,1.0000,0.6667,0.2399,1.0000,1.0000,0.0000,-0.0000,1.2489
3910,MARKET,FALL,0,1.2676,1.0000,0.6667,0.3378,1.0000,1.0000,0.0000,0.0002,1.2498
3911,MARKET,SPREAD,0,1.2032,1.0000,0.6667,0.0162,1.0000,1.0000,0.0000,-0.0005,1.2475
3912,CHAOTIC MARKET,SPREAD,0,1.3282,1.0000,1.0000,0.1409,1.0000,1.0000,1.0000,0.6294,1.2515
3913,MARKET,GROW,0,1.2480,1.0000,0.6667,0.2399,1.0000,1.0000,0.0000,-0.0000,1.2514
3914,MARKET,SPREAD,0,1.2032,1.0000,0.6667,0.0162,1.0000,1.0000,0.0000,-0.0005,1.2490
3915,MARKET,BURN,0,1.2567,1.0000,0.6667,0.2836,1.0000,1.0000,0.0000,0.0001,1.2493
3916,MARKET,GROW,0,1.2480,1.0000,0.6667,0.2399,1.0000,1.0000,0.0000,-0.0000,1.2493
3917,MARKET,FALL,0,1.2676,1.0000,0.6667,0.3378,1.0000,1.0000,0.0000,0.0003,1.2502
3918,MARKET,GROW,0,1.2480,1.0000,0.6667,0.2399,1.0000,1.0000,0.0000,-0.0000,1.2501
3919,MARKET,BURN,0,1.2567,1.0000,0.6667,0.2836,1.0000,1.0000,0.0000,0.0001,1.2504
3920,MARKET,FALL,0,1.2676,1.0000,0.6667,0.3378,1.0000,1.0000,0.0000,0.0003,1.2513
3921,MARKET,FALL,0,1.2676,1.0000,0.6667,0.3378,1.0000,1.0000,0.0000,0.0002,1.2521
3922,MARKET,BURN,0,1.2567,1.0000,0.6667,0.2836,1.0000,1.0000,0.0000,0.0001,1.2523
3923,MARKET,GROW,0,1.2480,1.0000,0.6667,0.2399,1.0000,1.0000,0.0000,-0.0001,1.2521
3924,MARKET,GROW,0,1.2480,1.0000,0.6667,0.2399,1.0000,1.0000,0.0000,-0.0001,1.2519
3925,MARKET,FALL,0,1.2676,1.0000,0.6667,0.3378,1.0000,1.0000,0.0000,0.0003,1.2527
3926,MARKET,BURN,0,1.2567,1.0000,0.6667,0.2836,1.0000,1.0000,0.0000,0.0001,1.2529
3927,MARKET,BUILD TRAPPED CALM CAT,0,1.3263,1.0000,1.0000,0.1313,1.0000,1.0000,1.0000,0.0013,1.2565
3928,MARKET,SPREAD,0,1.2032,1.0000,0.6667,0.0162,1.0000,1.0000,0.0000,-0.0009,1.2539
3929,MARKET,,0,1.1000,1.0000,0.3333,0.0000,1.0000,0.0000,0.0000,-0.0028,1.2462
3930,MARKET,FALL,0,1.2676,1.0000,0.6667,0.3378,1.0000,1.0000,0.0000,0.0004,1.2473
3931,MARKET,SPREAD,0,1.2032,1.0000,0.6667,0.0162,1.0000,1.0000,0.0000,-0.0008,1.2451
3932,MARKET,GROW,0,1.2480,1.0000,0.6667,0.2399,1.0000,1.0000,0.0000,0.0001,1.2452
3933,MARKET,GROW,0,1.2480,1.0000,0.6667,0.2399,1.0000,1.0000,0.0000,0.0001,1.2453
3934,MARKET,SPREAD,0,1.2032,1.0000,0.6667,0.0162,1.0000,1.0000,0.0000,-0.0009,1.2432
3935,MARKET,GROW,0,1.2480,1.0000,0.6667,0.2399,1.0000,1.0000,0.0000,0.0001,1.2435
3936,MARKET,GROW,0,1.2480,1.0000,0.6667,0.2399,1.0000,1.0000,0.0000,0.0001,1.2437
3937,MARKET,FALL,0,1.2676,1.0000,0.6667,0.3378,1.0000,1.0000,0.0000,0.0005,1.2449
3938,MARKET,FALL,0,1.2676,1.0000,0.6667,0.3378,1.0000,1.0000,0.0000,0.0005,1.2460
3939,MARKET,SPREAD,0,1.2032,1.0000,0.6667,0.0162,1.0000,1.0000,0.0000,-0.0008,1.2439
3940,MARKET,GROW,0,1.2480,1.0000,0.6667,0.2399,1.0000,1.0000,0.0000,0.0001,1.2441
3941,MARKET,BURN,0,1.2567,1.0000,0.6667,0.2836,1.0000,1.0000,0.0000,0.0002,1.2447
3942,MARKET,FALL,0,1.2676,1.0000,0.6667,0.3378,1.0000,1.0000,0.0000,0.0005,1.2459
3943,MARKET,BURN,0,1.2567,1.0000,0.6667,0.2836,1.0000,1.0000,0.0000,0.0002,1.2464
3944,MARKET,FALL,0,1.2676,1.0000,0.6667,0.3378,1.0000,1.0000,0.0000,0.0005,1.2475
3945,MARKET,SPREAD,0,1.2032,1.0000,0.6667,0.0162,1.0000,1.0000,0.0000,-0.0009,1.2452
3946,MARKET,BURN,0,1.2567,1.0000,0.6667,0.2836,1.0000,1.0000,0.0000,0.0002,1.2458
3947,MARKET,FALL,0,1.2676,1.0000,0.6667,0.3378,1.0000,1.0000,0.0000,0.0004,1.2469
3948,MARKET,GROW,0,1.2480,1.0000,0.6667,0.2399,1.0000,1.0000,0.0000,0.0000,1.2470
3949,MARKET,SPREAD,0,1.2032,1.0000,0.6667,0.0162,1.0000,1.0000,0.0000,-0.0009,1.2448
3950,MARKET,GROW,0,1.2480,1.0000,0.6667,0.2399,1.0000,1.0000,0.0000,0.0001,1.2449
3951,MARKET,BURN,0,1.2567,1.0000,0.6667,0.2836,1.0000,1.0000,0.0000,0.0002,1.2455
3952,MARKET,GROW,0,1.2480,1.0000,0.6667,0.2399,1.0000,1.0000,0.0000,0.0001,1.2456
3953,MARKET,BURN,0,1.2567,1.0000,0.6667,0.2836,1.0000,1.0000,0.0000,0.0002,1.2462
3954,MARKET,FALL,0,1.2676,1.0000,0.6667,0.3378,1.0000,1.0000,0.0000,0.0004,1.2473
3955,MARKET,SPREAD,0,1.2032,1.0000,0.6667,0.0162,1.0000,1.0000,0.0000,-0.0009,1.2451
3956,MARKET,SPREAD,0,1.2032,1.0000,0.6667,0.0162,1.0000,1.0000,0.0000,-0.0009,1.2430
3957,MARKET,BURN,0,1.2567,1.0000,0.6667,0.2836,1.0000,1.0000,0.0000,0.0003,1.2437
3958,MARKET,SPREAD,0,1.2032,1.0000,0.6667,0.0162,1.0000,1.0000,0.0000,-0.0008,1.2416
3959,MARKET,FALL,0,1.2676,1.0000,0.6667,0.3378,1.0000,1.0000,0.0000,0.0006,1.2429
3960,MARKET,SPREAD,0,1.2032,1.0000,0.6667,0.0162,1.0000,1.0000,0.0000,-0.0009,1.2410
3961,MARKET,FALL FAIL,0,1.2416,1.0000,0.6667,0.2079,1.0000,1.0000,0.0000,0.0000,1.2410
3962,MARKET,BURN,0,1.2567,1.0000,0.6667,0.2836,1.0000,1.0000,0.0000,0.0003,1.2418
3963,MARKET,FALL,0,1.2676,1.0000,0.6667,0.3378,1.0000,1.0000,0.0000,0.0006,1.2431
3964,MARKET,BURN,0,1.2567,1.0000,0.6667,0.2836,1.0000,1.0000,0.0000,0.0003,1.2437
3965,MARKET,BURN,0,1.2567,1.0000,0.6667,0.2836,1.0000,1.0000,0.0000,0.0003,1.2444
3966,MARKET,SPREAD,0,1.2032,1.0000,0.6667,0.0162,1.0000,1.0000,0.0000,-0.0009,1.2423
3967,MARKET,SPREAD,0,1.2032,1.0000,0.6667,0.0162,1.0000,1.0000,0.0000,-0.0008,1.2404
3968,MARKET,FALL,0,1.2676,1.0000,0.6667,0.3378,1.0000,1.0000,0.0000,0.0006,1.2417
3969,MARKET,BURN,0,1.2567,1.0000,0.6667,0.2836,1.0000,1.0000,0.0000,0.0003,1.2425
3970,MARKET,GROW,0,1.2480,1.0000,0.6667,0.2399,1.0000,1.0000,0.0000,0.0001,1.2428
3971,MARKET,FALL,0,1.2676,1.0000,0.6667,0.3378,1.0000,1.0000,0.0000,0.0005,1.2440
3972,MARKET,FALL,0,1.2676,1.0000,0.6667,0.3378,1.0000,1.0000,0.0000,0.0005,1.2452
3973,MARKET,BURN,0,1.2567,1.0000,0.6667,0.2836,1.0000,1.0000,0.0000,0.0002,1.2458
3974,MARKET,GROW,0,1.2480,1.0000,0.6667,0.2399,1.0000,1.0000,0.0000,0.0000,1.2459
3975,MARKET,GROW,0,1.2480,1.0000,0.6667,0.2399,1.0000,1.0000,0.0000,0.0000,1.2460
3976,MARKET,BURN,0,1.2567,1.0000,0.6667,0.2836,1.0000,1.0000,0.0000,0.0002,1.2465
3977,MARKET,SPREAD,0,1.2032,1.0000,0.6667,0.0162,1.0000,1.0000,0.0000,-0.0008,1.2443
3978,MARKET,GROW,0,1.2480,1.0000,0.6667,0.2399,1.0000,1.0000,0.0000,0.0001,1.2445
3979,MARKET,FALL,0,1.2676,1.0000,0.6667,0.3378,1.0000,1.0000,0.0000,0.0005,1.2457
3980,MARKET,GROW,0,1.2480,1.0000,0.6667,0.2399,1.0000,1.0000,0.0000,0.0000,1.2458
3981,MARKET,SPREAD,0,1.2032,1.0000,0.6667,0.0162,1.0000,1.0000,0.0000,-0.0009,1.2437
3982,MARKET,FALL,0,1.2676,1.0000,0.6667,0.3378,1.0000,1.0000,0.0000,0.0005,1.2449
3983,MARKET,FALL,0,1.2676,1.0000,0.6667,0.3378,1.0000,1.0000,0.0000,0.0005,1.2460
3984,MARKET,FALL,0,1.2676,1.0000,0.6667,0.3378,1.0000,1.0000,0.0000,0.0005,1.2471
3985,MARKET,FALL,0,1.2676,1.0000,0.6667,0.3378,1.0000,1.0000,0.0000,0.0004,1.2481
3986,MARKET,SPREAD,0,1.2032,1.0000,0.6667,0.0162,1.0000,1.0000,0.0000,-0.0009,1.2459
3987,MARKET,FALL,0,1.2676,1.0000,0.6667,0.3378,1.0000,1.0000,0.0000,0.0004,1.2469
3988,MARKET,FALL,0,1.2676,1.0000,0.6667,0.3378,1.0000,1.0000,0.0000,0.0004,1.2480
3989,MARKET,BURN,0,1.2567,1.0000,0.6667,0.2836,1.0000,1.0000,0.0000,0.0002,1.2484
3990,NETWORK,HEAR AUTOMATED OPTIMAL SOLDIER,0,1.3143,1.0000,1.0000,0.0714,1.0000,1.0000,1.0000,0.7079,1.2517
3991,MARKET,GROW,0,1.2480,1.0000,0.6667,0.2399,1.0000,1.0000,0.0000,-0.0001,1.2515
3992,MARKET,FALL,0,1.2676,1.0000,0.6667,0.3378,1.0000,1.0000,0.0000,0.0004,1.2523
3993,MARKET,SPREAD,0,1.2032,1.0000,0.6667,0.0162,1.0000,1.0000,0.0000,-0.0013,1.2499
3994,MARKET,GROW,0,1.2480,1.0000,0.6667,0.2399,1.0000,1.0000,0.0000,-0.0001,1.2498
3995,MARKET,BURN,0,1.2567,1.0000,0.6667,0.2836,1.0000,1.0000,0.0000,0.0002,1.2501
3996,MARKET,SPREAD,0,1.2032,1.0000,0.6667,0.0162,1.0000,1.0000,0.0000,-0.0017,1.2478
3997,MARKET,FALL,0,1.2676,1.0000,0.6667,0.3378,1.0000,1.0000,0.0000,0.0008,1.2488
3998,MARKET,SPREAD,0,1.2032,1.0000,0.6667,0.0162,1.0000,1.0000,0.0000,-0.0018,1.2465
3999,MARKET,GROW,0,1.2480,1.0000,0.6667,0.2399,1.0000,1.0000,0.0000,0.0001,1.2466
4000,MARKET,MOVE POISON MOVE HEAVY DIRTY KEY,0,1.3478,1.0000,1.0000,0.2388,1.0000,1.0000,1.0000,0.0048,1.2516
4001,MARKET,GROW,0,1.2480,1.0000,0.6667,0.2399,1.0000,1.0000,0.0000,-0.0002,1.2514
4002,MARKET,FALL,0,1.2676,1.0000,0.6667,0.3378,1.0000,1.0000,0.0000,0.0009,1.2522
4003,MARKET,SPREAD,0,1.2032,1.0000,0.6667,0.0162,1.0000,1.0000,0.0000,-0.0027,1.2498
4004,MARKET,FALL,0,1.2676,1.0000,0.6667,0.3378,1.0000,1.0000,0.0000,0.0009,1.2507
4005,MARKET,FALL,0,1.2676,1.0000,0.6667,0.3378,1.0000,1.0000,0.0000,0.0010,1.2515
4006,MARKET,BURN,0,1.2567,1.0000,0.6667,0.2836,1.0000,1.0000,0.0000,0.0003,1.2518
4007,MARKET,FALL,0,1.2676,1.0000,0.6667,0.3378,1.0000,1.0000,0.0000,0.0010,1.2526
4008,MARKET,FALL,0,1.2676,1.0000,0.6667,0.3378,1.0000,1.0000,0.0000,0.0011,1.2533
4009,STONE,FALL,1,0.2000,0.0000,0.6667,0.0000,1.0000,1.0000,0.0000,-8.8242,1.2007
4010,MARKET,SPREAD,0,1.2032,1.0000,0.6667,0.0162,1.0000,1.0000,0.0000,0.0001,1.2008
4011,MARKET,GROW,0,1.2480,1.0000,0.6667,0.2399,1.0000,1.0000,0.0000,0.0019,1.2031
4012,MARKET,GROW,0,1.2480,1.0000,0.6667,0.2399,1.0000,1.0000,0.0000,0.0017,1.2054
4013,MARKET,BURN,0,1.2567,1.0000,0.6667,0.2836,1.0000,1.0000,0.0000,0.0018,1.2080
4014,MARKET,BURN,0,1.2567,1.0000,0.6667,0.2836,1.0000,1.0000,0.0000,0.0015,1.2104
4015,MARKET,FALL,0,1.2676,1.0000,0.6667,0.3378,1.0000,1.0000,0.0000,0.0016,1.2132
4016,MARKET,GROW,0,1.2480,1.0000,0.6667,0.2399,1.0000,1.0000,0.0000,0.0009,1.2150
4017,MARKET,BURN,0,1.2567,1.0000,0.6667,0.2836,1.0000,1.0000,0.0000,0.0011,1.2171
4018,MARKET,GROW,0,1.2480,1.0000,0.6667,0.2399,1.0000,1.0000,0.0000,0.0007,1.2186
4019,MARKET,GROW,0,1.2480,1.0000,0.6667,0.2399,1.0000,1.0000,0.0000,0.0007,1.2201
4020,MARKET,GROW,0,1.2480,1.0000,0.6667,0.2399,1.0000,1.0000,0.0000,0.0006,1.2215
4021,MARKET,GROW,0,1.2480,1.0000,0.6667,0.2399,1.0000,1.0000,0.0000,0.0005,1.2228
4022,MARKET,GROW,0,1.2480,1.0000,0.6667,0.2399,1.0000,1.0000,0.0000,0.0005,1.2241
4023,MARKET,FALL,0,1.2676,1.0000,0.6667,0.3378,1.0000,1.0000,0.0000,0.0009,1.2262
4024,MARKET,BURN,0,1.2567,1.0000,0.6667,0.2836,1.0000,1.0000,0.0000,0.0007,1.2278
4025,MARKET,SPREAD,0,1.2032,1.0000,0.6667,0.0162,1.0000,1.0000,0.0000,-0.0004,1.2265
4026,MARKET,MOVE BIG ORDERED GUARD,0,1.3319,1.0000,1.0000,0.1596,1.0000,1.0000,1.0000,0.0020,1.2318
4027,MARKET,GROW,0,1.2480,1.0000,0.6667,0.2399,1.0000,1.0000,0.0000,0.0003,1.2326
4028,MARKET,SPREAD,0,1.2032,1.0000,0.6667,0.0162,1.0000,1.0000,0.0000,-0.0005,1.2311
4029,MARKET,GROW,0,1.2480,1.0000,0.6667,0.2399,1.0000,1.0000,0.0000,0.0003,1.2320
4030,MARKET,,0,1.1000,1.0000,0.3333,0.0000,1.0000,0.0000,0.0000,-0.0024,1.2254
4031,MARKET,GROW,0,1.2480,1.0000,0.6667,0.2399,1.0000,1.0000,0.0000,0.0004,1.2265
4032,MARKET,SPREAD,0,1.2032,1.0000,0.6667,0.0162,1.0000,1.0000,0.0000,-0.0004,1.2254
4033,MARKET,FALL,0,1.2676,1.0000,0.6667,0.3378,1.0000,1.0000,0.0000,0.0007,1.2275
4034,MARKET,BURN,0,1.2567,1.0000,0.6667,0.2836,1.0000,1.0000,0.0000,0.0005,1.2289
4035,MARKET,FALL,0,1.2676,1.0000,0.6667,0.3378,1.0000,1.0000,0.0000,0.0006,1.2309
4036,MARKET,GROW,0,1.2480,1.0000,0.6667,0.2399,1.0000,1.0000,0.0000,0.0003,1.2317
4037,MARKET,BURN,0,1.2567,1.0000,0.6667,0.2836,1.0000,1.0000,0.0000,0.0004,1.2330
4038,MARKET,FALL,0,1.2676,1.0000,0.6667,0.3378,1.0000,1.0000,0.0000,0.0006,1.2347
4039,MARKET,BURN,0,1.2567,1.0000,0.6667,0.2836,1.0000,1.0000,0.0000,0.0004,1.2358
4040,MARKET,GROW,0,1.2480,1.0000,0.6667,0.2399,1.0000,1.0000,0.0000,0.0002,1.2364
4041,MARKET,GROW,0,1.2480,1.0000,0.6667,0.2399,1.0000,1.0000,0.0000,0.0002,1.2370
4042,MARKET,BURN,0,1.2567,1.0000,0.6667,0.2836,1.0000,1.0000,0.0000,0.0003,1.2380
4043,MARKET,FALL,0,1.2676,1.0000,0.6667,0.3378,1.0000,1.0000,0.0000,0.0005,1.2394
4044,MARKET,BURN,0,1.2567,1.0000,0.6667,0.2836,1.0000,1.0000,0.0000,0.0003,1.2403
4045,MARKET,GROW,0,1.2480,1.0000,0.6667,0.2399,1.0000,1.0000,0.0000,0.0001,1.2407
4046,MARKET,FALL,0,1.2676,1.0000,0.6667,0.3378,1.0000,1.0000,0.0000,0.0004,1.2420
4047,MARKET,BURN,0,1.2567,1.0000,0.6667,0.2836,1.0000,1.0000,0.0000,0.0003,1.2428
4048,MARKET,SPREAD,0,1.2032,1.0000,0.6667,0.0162,1.0000,1.0000,0.0000,-0.0007,1.2408
4049,MARKET,GROW,0,1.2480,1.0000,0.6667,0.2399,1.0000,1.0000,0.0000,0.0001,1.2412
4050,MARKET,SPREAD,0,1.2032,1.0000,0.6667,0.0162,1.0000,1.0000,0.0000,-0.0006,1.2393
4051,MARKET,FALL,0,1.2676,1.0000,0.6667,0.3378,1.0000,1.0000,0.0000,0.0005,1.2407
4052,MARKET,FALL,0,1.2676,1.0000,0.6667,0.3378,1.0000,1.0000,0.0000,0.0004,1.2420
4053,MARKET,GROW,0,1.2480,1.0000,0.6667,0.2399,1.0000,1.0000,0.0000,0.0001,1.2423
4054,MARKET,BURN,0,1.2567,1.0000,0.6667,0.2836,1.0000,1.0000,0.0000,0.0002,1.2430
4055,MARKET,SPREAD,0,1.2032,1.0000,0.6667,0.0162,1.0000,1.0000,0.0000,-0.0006,1.2410
4056,MARKET,SPREAD,0,1.2032,1.0000,0.6667,0.0162,1.0000,1.0000,0.0000,-0.0006,1.2392
4057,MARKET,SPREAD,0,1.2032,1.0000,0.6667,0.0162,1.0000,1.0000,0.0000,-0.0006,1.2374
4058,MARKET,SPREAD,0,1.2032,1.0000,0.6667,0.0162,1.0000,1.0000,0.0000,-0.0005,1.2357
4059,MARKET,BURN,0,1.2567,1.0000,0.6667,0.2836,1.0000,1.0000,0.0000,0.0003,1.2367
4060,MARKET,BURN,0,1.2567,1.0000,0.6667,0.2836,1.0000,1.0000,0.0000,0.0003,1.2377
4061,MARKET,GROW,0,1.2480,1.0000,0.6667,0.2399,1.0000,1.0000,0.0000,0.0002,1.2382
4062,MARKET,SPREAD,0,1.2032,1.0000,0.6667,0.0162,1.0000,1.0000,0.0000,-0.0005,1.2365
4063,MARKET,SPREAD,0,1.2032,1.0000,0.6667,0.0162,1.0000,1.0000,0.0000,-0.0005,1.2348
4064,MARKET,FALL,0,1.2676,1.0000,0.6667,0.3378,1.0000,1.0000,0.0000,0.0005,1.2364
4065,MARKET,FALL,0,1.2676,1.0000,0.6667,0.3378,1.0000,1.0000,0.0000,0.0005,1.2380
4066,MARKET,BURN,0,1.2567,1.0000,0.6667,0.2836,1.0000,1.0000,0.0000,0.0003,1.2389
4067,MARKET,GROW,0,1.2480,1.0000,0.6667,0.2399,1.0000,1.0000,0.0000,0.0001,1.2394
4068,MARKET,FALL,0,1.2676,1.0000,0.6667,0.3378,1.0000,1.0000,0.0000,0.0004,1.2408
4069,MARKET,SPREAD,0,1.2032,1.0000,0.6667,0.0162,1.0000,1.0000,0.0000,-0.0006,1.2389
4070,MARKET,GROW,0,1.2480,1.0000,0.6667,0.2399,1.0000,1.0000,0.0000,0.0001,1.2394
4071,MARKET,GROW,0,1.2480,1.0000,0.6667,0.2399,1.0000,1.0000,0.0000,0.0001,1.2398
4072,MARKET,FALL,0,1.2676,1.0000,0.6667,0.3378,1.0000,1.0000,0.0000,0.0004,1.2412
4073,MARKET,FALL,0,1.2676,1.0000,0.6667,0.3378,1.0000,1.0000,0.0000,0.0004,1.2425
4074,MARKET,GROW,0,1.2480,1.0000,0.6667,0.2399,1.0000,1.0000,0.0000,0.0001,1.2428
4075,MARKET,GROW,0,1.2480,1.0000,0.6667,0.2399,1.0000,1.0000,0.0000,0.0001,1.2430
4076,MARKET,FALL,0,1.2676,1.0000,0.6667,0.3378,1.0000,1.0000,0.0000,0.0004,1.2443
4077,MARKET,GROW,0,1.2480,1.0000,0.6667,0.2399,1.0000,1.0000,0.0000,0.0001,1.2445
4078,MARKET,BURN,0,1.2567,1.0000,0.6667,0.2836,1.0000,1.0000,0.0000,0.0002,1.2451
4079,MARKET,SPREAD,0,1.2032,1.0000,0.6667,0.0162,1.0000,1.0000,0.0000,-0.0007,1.2430
4080,MARKET,FALL,0,1.2676,1.0000,0.6667,0.3378,1.0000,1.0000,0.0000,0.0004,1.2442
4081,MARKET,BURN,0,1.2567,1.0000,0.6667,0.2836,1.0000,1.0000,0.0000,0.0002,1.2448
4082,MARKET,GROW,0,1.2480,1.0000,0.6667,0.2399,1.0000,1.0000,0.0000,0.0000,1.2450
4083,MARKET,BURN,0,1.2567,1.0000,0.6667,0.2836,1.0000,1.0000,0.0000,0.0002,1.2456
4084,MARKET,BURN,0,1.2567,1.0000,0.6667,0.2836,1.0000,1.0000,0.0000,0.0002,1.2461
4085,MARKET,GROW,0,1.2480,1.0000,0.6667,0.2399,1.0000,1.0000,0.0000,0.0000,1.2462
4086,MARKET,GROW,0,1.2480,1.0000,0.6667,0.2399,1.0000,1.0000,0.0000,0.0000,1.2463
4087,MARKET,BURN,0,1.2567,1.0000,0.6667,0.2836,1.0000,1.0000,0.0000,0.0002,1.2468
4088,MARKET,FALL,0,1.2676,1.0000,0.6667,0.3378,1.0000,1.0000,0.0000,0.0003,1.2479
4089,MARKET,SPREAD,0,1.2032,1.0000,0.6667,0.0162,1.0000,1.0000,0.0000,-0.0007,1.2456
4090,MARKET,BURN,0,1.2567,1.0000,0.6667,0.2836,1.0000,1.0000,0.0000,0.0002,1.2462
4091,MARKET,GROW,0,1.2480,1.0000,0.6667,0.2399,1.0000,1.0000,0.0000,0.0000,1.2463
4092,MARKET,FALL,0,1.2676,1.0000,0.6667,0.3378,1.0000,1.0000,0.0000,0.0003,1.2473
4093,MARKET,BURN,0,1.2567,1.0000,0.6667,0.2836,1.0000,1.0000,0.0000,0.0001,1.2478
4094,MARKET,BURN,0,1.2567,1.0000,0.6667,0.2836,1.0000,1.0000,0.0000,0.0001,1.2483
4095,MARKET,BURN,0,1.2567,1.0000,0.6667,0.2836,1.0000,1.0000,0.0000,0.0001,1.2487
4096,MARKET,GROW,0,1.2480,1.0000,0.6667,0.2399,1.0000,1.0000,0.0000,-0.0000,1.2486
4097,MARKET,SPREAD,0,1.2032,1.0000,0.6667,0.0162,1.0000,1.0000,0.0000,-0.0007,1.2464
4098,MARKET,BURN,0,1.2567,1.0000,0.6667,0.2836,1.0000,1.0000,0.0000,0.0002,1.2469
4099,MARKET,SPREAD,0,1.2032,1.0000,0.6667,0.0162,1.0000,1.0000,0.0000,-0.0007,1.2447
4100,MARKET,BURN,0,1.2567,1.0000,0.6667,0.2836,1.0000,1.0000,0.0000,0.0002,1.2453
4101,MARKET,BURN,0,1.2567,1.0000,0.6667,0.2836,1.0000,1.0000,0.0000,0.0002,1.2459
4102,OBEDIENT WOMAN,RUN,1,0.3241,0.0000,1.0000,0.1205,1.0000,1.0000,1.0000,-13.0274,1.1998
4103,MARKET,GROW,0,1.2480,1.0000,0.6667,0.2399,1.0000,1.0000,0.0000,0.0007,1.2022
4104,MARKET,FALL,0,1.2676,1.0000,0.6667,0.3378,1.0000,1.0000,0.0000,0.0010,1.2055
4105,MARKET,BURN,0,1.2567,1.0000,0.6667,0.2836,1.0000,1.0000,0.0000,0.0007,1.2080
4106,MARKET,FALL,0,1.2676,1.0000,0.6667,0.3378,1.0000,1.0000,0.0000,0.0008,1.2110
4107,MARKET,FALL,0,1.2676,1.0000,0.6667,0.3378,1.0000,1.0000,0.0000,0.0008,1.2138
4108,MARKET,SPREAD,0,1.2032,1.0000,0.6667,0.0162,1.0000,1.0000,0.0000,-0.0001,1.2133
4109,MARKET,GROW,0,1.2480,1.0000,0.6667,0.2399,1.0000,1.0000,0.0000,0.0004,1.2150
4110,MARKET,GROW,0,1.2480,1.0000,0.6667,0.2399,1.0000,1.0000,0.0000,0.0004,1.2167
4111,MARKET,SPREAD,0,1.2032,1.0000,0.6667,0.0162,1.0000,1.0000,0.0000,-0.0002,1.2160
4112,MARKET,BURN,0,1.2567,1.0000,0.6667,0.2836,1.0000,1.0000,0.0000,0.0005,1.2180
4113,SECRET MARKET,FALL,0,1.3629,1.0000,1.0000,0.3143,1.0000,1.0000,1.0000,1.2836,1.2253
4114,MARKET,FALL,0,1.2676,1.0000,0.6667,0.3378,1.0000,1.0000,0.0000,0.0005,1.2274
4115,MARKET,FALL,0,1.2676,1.0000,0.6667,0.3378,1.0000,1.0000,0.0000,0.0005,1.2294
4116,MARKET,BURN,0,1.2567,1.0000,0.6667,0.2836,1.0000,1.0000,0.0000,0.0004,1.2308
4117,MARKET,GROW,0,1.2480,1.0000,0.6667,0.2399,1.0000,1.0000,0.0000,0.0002,1.2316
4118,RULE,SPREAD,1,0.2027,0.0000,0.6667,0.0133,1.0000,1.0000,0.0000,-11.0855,1.1802
4119,MARKET,GROW,0,1.2480,1.0000,0.6667,0.2399,1.0000,1.0000,0.0000,0.0009,1.1836
4120,MARKET,BURN,0,1.2567,1.0000,0.6667,0.2836,1.0000,1.0000,0.0000,0.0010,1.1872
4121,MARKET,FALL,0,1.2676,1.0000,0.6667,0.3378,1.0000,1.0000,0.0000,0.0011,1.1912
4122,MARKET,SPREAD,0,1.2032,1.0000,0.6667,0.0162,1.0000,1.0000,0.0000,0.0002,1.1918
4123,MARKET,FALL,0,1.2676,1.0000,0.6667,0.3378,1.0000,1.0000,0.0000,0.0010,1.1956
4124,MARKET,FALL,0,1.2676,1.0000,0.6667,0.3378,1.0000,1.0000,0.0000,0.0008,1.1992
4125,MARKET,FALL,0,1.2676,1.0000,0.6667,0.3378,1.0000,1.0000,0.0000,0.0008,1.2026
4126,MARKET,SPREAD,0,1.2032,1.0000,0.6667,0.0162,1.0000,1.0000,0.0000,0.0000,1.2027
4127,MARKET,GROW,0,1.2480,1.0000,0.6667,0.2399,1.0000,1.0000,0.0000,0.0006,1.2049
4128,MARKET,BURN,0,1.2567,1.0000,0.6667,0.2836,1.0000,1.0000,0.0000,0.0006,1.2075
4129,MARKET,GROW,0,1.2480,1.0000,0.6667,0.2399,1.0000,1.0000,0.0000,0.0004,1.2096
4130,MARKET,FALL,0,1.2676,1.0000,0.6667,0.3378,1.0000,1.0000,0.0000,0.0006,1.2125
4131,MARKET,BURN,0,1.2567,1.0000,0.6667,0.2836,1.0000,1.0000,0.0000,0.0005,1.2147
4132,MARKET,FALL,0,1.2676,1.0000,0.6667,0.3378,1.0000,1.0000,0.0000,0.0006,1.2173
4133,MARKET,BURN,0,1.2567,1.0000,0.6667,0.2836,1.0000,1.0000,0.0000,0.0004,1.2193
4134,MARKET,FALL,0,1.2676,1.0000,0.6667,0.3378,1.0000,1.0000,0.0000,0.0006,1.2217
4135,MARKET,FALL,0,1.2676,1.0000,0.6667,0.3378,1.0000,1.0000,0.0000,0.0005,1.2240
4136,MARKET,GROW,0,1.2480,1.0000,0.6667,0.2399,1.0000,1.0000,0.0000,0.0003,1.2252
4137,MARKET,BURN,0,1.2567,1.0000,0.6667,0.2836,1.0000,1.0000,0.0000,0.0004,1.2268
4138,MARKET,SPREAD,0,1.2032,1.0000,0.6667,0.0162,1.0000,1.0000,0.0000,-0.0003,1.2256
4139,MARKET,BURN,0,1.2567,1.0000,0.6667,0.2836,1.0000,1.0000,0.0000,0.0003,1.2271
4140,HORSE,RUN,1,0.2066,0.0000,0.6667,0.0329,1.0000,1.0000,0.0000,-11.0141,1.1761
4141,MARKET,GROW,0,1.2480,1.0000,0.6667,0.2399,1.0000,1.0000,0.0000,0.0008,1.1797
4142,MARKET,GROW,0,1.2480,1.0000,0.6667,0.2399,1.0000,1.0000,0.0000,0.0007,1.1831
4143,MARKET,MOVE FAST CAT,0,1.3564,1.0000,1.0000,0.2820,1.0000,1.0000,1.0000,0.0017,1.1918
4144,MARKET,BURN,0,1.2567,1.0000,0.6667,0.2836,1.0000,1.0000,0.0000,0.0006,1.1950
4145,MARKET,GROW,0,1.2480,1.0000,0.6667,0.2399,1.0000,1.0000,0.0000,0.0005,1.1977
4146,MARKET,GROW,0,1.2480,1.0000,0.6667,0.2399,1.0000,1.0000,0.0000,0.0005,1.2002
4147,MARKET,BURN,0,1.2567,1.0000,0.6667,0.2836,1.0000,1.0000,0.0000,0.0005,1.2030
4148,MARKET,BURN,0,1.2567,1.0000,0.6667,0.2836,1.0000,1.0000,0.0000,0.0005,1.2057
4149,MARKET,SPREAD,0,1.2032,1.0000,0.6667,0.0162,1.0000,1.0000,0.0000,-0.0000,1.2056
4150,MARKET,SPREAD,0,1.2032,1.0000,0.6667,0.0162,1.0000,1.0000,0.0000,-0.0000,1.2055
4151,MARKET,GROW,0,1.2480,1.0000,0.6667,0.2399,1.0000,1.0000,0.0000,0.0003,1.2076
4152,MARKET,BURN,0,1.2567,1.0000,0.6667,0.2836,1.0000,1.0000,0.0000,0.0004,1.2100
4153,MARKET,FALL,0,1.2676,1.0000,0.6667,0.3378,1.0000,1.0000,0.0000,0.0005,1.2129
4154,MARKET,GROW,0,1.2480,1.0000,0.6667,0.2399,1.0000,1.0000,0.0000,0.0003,1.2147
4155,MARKET,SPREAD,0,1.2032,1.0000,0.6667,0.0162,1.0000,1.0000,0.0000,-0.0001,1.2141
4156,ENGINE,SEE FAST BIRD FALL,1,0.3120,0.0000,1.0000,0.0598,1.0000,1.0000,1.0000,-10.0680,1.1690
4157,MARKET,BURN,0,1.2567,1.0000,0.6667,0.2836,1.0000,1.0000,0.0000,0.0007,1.1734
4158,MARKET,BURN,0,1.2567,1.0000,0.6667,0.2836,1.0000,1.0000,0.0000,0.0006,1.1775
4159,MARKET,SPREAD,0,1.2032,1.0000,0.6667,0.0162,1.0000,1.0000,0.0000,0.0002,1.1788
4160,MARKET,BURN,0,1.2567,1.0000,0.6667,0.2836,1.0000,1.0000,0.0000,0.0005,1.1827
4161,MARKET,FALL,0,1.2676,1.0000,0.6667,0.3378,1.0000,1.0000,0.0000,0.0006,1.1870
4162,MARKET,GROW,0,1.2480,1.0000,0.6667,0.2399,1.0000,1.0000,0.0000,0.0004,1.1900
4163,MARKET,SPREAD,0,1.2032,1.0000,0.6667,0.0162,1.0000,1.0000,0.0000,0.0001,1.1907
4164,MARKET,BURN,0,1.2567,1.0000,0.6667,0.2836,1.0000,1.0000,0.0000,0.0004,1.1940
4165,MARKET,BURN,0,1.2567,1.0000,0.6667,0.2836,1.0000,1.0000,0.0000,0.0004,1.1971
4166,MARKET,BURN,0,1.2567,1.0000,0.6667,0.2836,1.0000,1.0000,0.0000,0.0004,1.2001
4167,MARKET,BURN,0,1.2567,1.0000,0.6667,0.2836,1.0000,1.0000,0.0000,0.0004,1.2029
4168,MARKET,BURN,0,1.2567,1.0000,0.6667,0.2836,1.0000,1.0000,0.0000,0.0003,1.2056
4169,MARKET,GROW,0,1.2480,1.0000,0.6667,0.2399,1.0000,1.0000,0.0000,0.0003,1.2077
4170,MARKET,FALL,0,1.2676,1.0000,0.6667,0.3378,1.0000,1.0000,0.0000,0.0004,1.2107
4171,MARKET,SPREAD,0,1.2032,1.0000,0.6667,0.0162,1.0000,1.0000,0.0000,-0.0000,1.2104
4172,MARKET,SPREAD,0,1.2032,1.0000,0.6667,0.0162,1.0000,1.0000,0.0000,-0.0000,1.2100
4173,MARKET,BURN,0,1.2567,1.0000,0.6667,0.2836,1.0000,1.0000,0.0000,0.0003,1.2123
4174,MARKET,FALL,0,1.2676,1.0000,0.6667,0.3378,1.0000,1.0000,0.0000,0.0003,1.2151
4175,MARKET,FALL,0,1.2676,1.0000,0.6667,0.3378,1.0000,1.0000,0.0000,0.0003,1.2177
4176,MARKET,BURN,0,1.2567,1.0000,0.6667,0.2836,1.0000,1.0000,0.0000,0.0002,1.2197
4177,MARKET,FALL,0,1.2676,1.0000,0.6667,0.3378,1.0000,1.0000,0.0000,0.0003,1.2221
4178,MARKET,FALL,0,1.2676,1.0000,0.6667,0.3378,1.0000,1.0000,0.0000,0.0003,1.2243
4179,MARKET,SPREAD,0,1.2032,1.0000,0.6667,0.0162,1.0000,1.0000,0.0000,-0.0001,1.2233
4180,MARKET,FALL,0,1.2676,1.0000,0.6667,0.3378,1.0000,1.0000,0.0000,0.0003,1.2255
4181,MARKET,BURN,0,1.2567,1.0000,0.6667,0.2836,1.0000,1.0000,0.0000,0.0002,1.2271
4182,MARKET,FALL,0,1.2676,1.0000,0.6667,0.3378,1.0000,1.0000,0.0000,0.0002,1.2291
4183,MARKET,GROW,0,1.2480,1.0000,0.6667,0.2399,1.0000,1.0000,0.0000,0.0001,1.2300
4184,MARKET,GROW,0,1.2480,1.0000,0.6667,0.2399,1.0000,1.0000,0.0000,0.0001,1.2309
4185,MARKET,BURN,0,1.2567,1.0000,0.6667,0.2836,1.0000,1.0000,0.0000,0.0002,1.2322
4186,MARKET,FALL,0,1.2676,1.0000,0.6667,0.3378,1.0000,1.0000,0.0000,0.0002,1.2340
4187,MARKET,FALL,0,1.2676,1.0000,0.6667,0.3378,1.0000,1.0000,0.0000,0.0002,1.2357
4188,MARKET,FALL,0,1.2676,1.0000,0.6667,0.3378,1.0000,1.0000,0.0000,0.0002,1.2373
4189,MARKET,BURN,0,1.2567,1.0000,0.6667,0.2836,1.0000,1.0000,0.0000,0.0001,1.2382
4190,MARKET,SPREAD,0,1.2032,1.0000,0.6667,0.0162,1.0000,1.0000,0.0000,-0.0002,1.2365
4191,MARKET,GROW,0,1.2480,1.0000,0.6667,0.2399,1.0000,1.0000,0.0000,0.0001,1.2371
4192,MARKET,BURN,0,1.2567,1.0000,0.6667,0.2836,1.0000,1.0000,0.0000,0.0001,1.2380
4193,MARKET,GROW,0,1.2480,1.0000,0.6667,0.2399,1.0000,1.0000,0.0000,0.0001,1.2385
4194,MARKET,BURN,0,1.2567,1.0000,0.6667,0.2836,1.0000,1.0000,0.0000,0.0001,1.2394
4195,MARKET,BURN,0,1.2567,1.0000,0.6667,0.2836,1.0000,1.0000,0.0000,0.0001,1.2403
4196,MARKET,FALL,0,1.2676,1.0000,0.6667,0.3378,1.0000,1.0000,0.0000,0.0002,1.2417
4197,MARKET,BURN,0,1.2567,1.0000,0.6667,0.2836,1.0000,1.0000,0.0000,0.0001,1.2424
4198,MARKET,SPREAD,0,1.2032,1.0000,0.6667,0.0162,1.0000,1.0000,0.0000,-0.0002,1.2405
4199,MARKET,FALL,0,1.2676,1.0000,0.6667,0.3378,1.0000,1.0000,0.0000,0.0002,1.2418
4200,MARKET,BURN,0,1.2567,1.0000,0.6667,0.2836,1.0000,1.0000,0.0000,0.0001,1.2426
4201,MARKET,GROW,0,1.2480,1.0000,0.6667,0.2399,1.0000,1.0000,0.0000,0.0000,1.2428
4202,MARKET,BURN,0,1.2567,1.0000,0.6667,0.2836,1.0000,1.0000,0.0000,0.0001,1.2435
4203,PRISON,FALL,0,1.2676,1.0000,0.6667,0.3378,1.0000,1.0000,0.0000,0.1741,1.2447
4204,MARKET,BURN,0,1.2567,1.0000,0.6667,0.2836,1.0000,1.0000,0.0000,0.0001,1.2453
4205,MARKET,GROW,0,1.2480,1.0000,0.6667,0.2399,1.0000,1.0000,0.0000,0.0000,1.2455
4206,MARKET,FALL,0,1.2676,1.0000,0.6667,0.3378,1.0000,1.0000,0.0000,0.0001,1.2466
4207,MARKET,BURN,0,1.2567,1.0000,0.6667,0.2836,1.0000,1.0000,0.0000,0.0001,1.2471
4208,MARKET,GROW,0,1.2480,1.0000,0.6667,0.2399,1.0000,1.0000,0.0000,0.0000,1.2471
4209,MARKET,FALL,0,1.2676,1.0000,0.6667,0.3378,1.0000,1.0000,0.0000,0.0001,1.2481
4210,MARKET,FALL,0,1.2676,1.0000,0.6667,0.3378,1.0000,1.0000,0.0000,0.0001,1.2491
4211,MARKET,FALL,0,1.2676,1.0000,0.6667,0.3378,1.0000,1.0000,0.0000,0.0001,1.2500
4212,MARKET,SPREAD,0,1.2032,1.0000,0.6667,0.0162,1.0000,1.0000,0.0000,-0.0003,1.2477
4213,MARKET,BURN,0,1.2567,1.0000,0.6667,0.2836,1.0000,1.0000,0.0000,0.0001,1.2481
4214,MARKET,FALL,0,1.2676,1.0000,0.6667,0.3378,1.0000,1.0000,0.0000,0.0001,1.2491
4215,MARKET,BURN,0,1.2567,1.0000,0.6667,0.2836,1.0000,1.0000,0.0000,0.0000,1.2495
4216,MARKET,FALL,0,1.2676,1.0000,0.6667,0.3378,1.0000,1.0000,0.0000,0.0001,1.2504
4217,MARKET,GROW,0,1.2480,1.0000,0.6667,0.2399,1.0000,1.0000,0.0000,-0.0000,1.2503
4218,MARKET,GROW,0,1.2480,1.0000,0.6667,0.2399,1.0000,1.0000,0.0000,-0.0000,1.2502
4219,MARKET,GROW,0,1.2480,1.0000,0.6667,0.2399,1.0000,1.0000,0.0000,-0.0000,1.2501
4220,MARKET,BURN,0,1.2567,1.0000,0.6667,0.2836,1.0000,1.0000,0.0000,0.0000,1.2504
4221,MARKET,GROW,0,1.2480,1.0000,0.6667,0.2399,1.0000,1.0000,0.0000,-0.0000,1.2503
4222,MARKET,FALL,0,1.2676,1.0000,0.6667,0.3378,1.0000,1.0000,0.0000,0.0001,1.2511
4223,MARKET,FALL,0,1.2676,1.0000,0.6667,0.3378,1.0000,1.0000,0.0000,0.0001,1.2520
4224,MARKET,GROW,0,1.2480,1.0000,0.6667,0.2399,1.0000,1.0000,0.0000,-0.0000,1.2518
4225,MARKET,GROW,0,1.2480,1.0000,0.6667,0.2399,1.0000,1.0000,0.0000,-0.0000,1.2516
4226,MARKET,FALL,0,1.2676,1.0000,0.6667,0.3378,1.0000,1.0000,0.0000,0.0001,1.2524
4227,MARKET,FALL,0,1.2676,1.0000,0.6667,0.3378,1.0000,1.0000,0.0000,0.0001,1.2531
4228,MARKET,BURN,0,1.2567,1.0000,0.6667,0.2836,1.0000,1.0000,0.0000,0.0000,1.2533
4229,MARKET,SPREAD,0,1.2032,1.0000,0.6667,0.0162,1.0000,1.0000,0.0000,-0.0003,1.2508
4230,MARKET,FALL,0,1.2676,1.0000,0.6667,0.3378,1.0000,1.0000,0.0000,0.0001,1.2516
4231,MARKET,GROW,0,1.2480,1.0000,0.6667,0.2399,1.0000,1.0000,0.0000,-0.0000,1.2515
4232,MARKET,GROW,0,1.2480,1.0000,0.6667,0.2399,1.0000,1.0000,0.0000,-0.0000,1.2513
4233,MARKET,GROW,0,1.2480,1.0000,0.6667,0.2399,1.0000,1.0000,0.0000,-0.0000,1.2511
4234,MARKET,FALL,0,1.2676,1.0000,0.6667,0.3378,1.0000,1.0000,0.0000,0.0001,1.2519
4235,MARKET,BURN,0,1.2567,1.0000,0.6667,0.2836,1.0000,1.0000,0.0000,0.0000,1.2522
4236,MARKET,BURN,0,1.2567,1.0000,0.6667,0.2836,1.0000,1.0000,0.0000,0.0000,1.2524
4237,MARKET,FALL,0,1.2676,1.0000,0.6667,0.3378,1.0000,1.0000,0.0000,0.0001,1.2532
4238,MARKET,GROW,0,1.2480,1.0000,0.6667,0.2399,1.0000,1.0000,0.0000,-0.0000,1.2529
4239,MARKET,BURN,0,1.2567,1.0000,0.6667,0.2836,1.0000,1.0000,0.0000,0.0000,1.2531
4240,MARKET,GROW,0,1.2480,1.0000,0.6667,0.2399,1.0000,1.0000,0.0000,-0.0000,1.2528
4241,MARKET,BURN,0,1.2567,1.0000,0.6667,0.2836,1.0000,1.0000,0.0000,0.0000,1.2530
4242,MARKET,BURN,0,1.2567,1.0000,0.6667,0.2836,1.0000,1.0000,0.0000,0.0000,1.2532
4243,MARKET,SPREAD,0,1.2032,1.0000,0.6667,0.0162,1.0000,1.0000,0.0000,-0.0003,1.2507
4244,MARKET,FALL,0,1.2676,1.0000,0.6667,0.3378,1.0000,1.0000,0.0000,0.0001,1.2516
4245,MARKET,BURN,0,1.2567,1.0000,0.6667,0.2836,1.0000,1.0000,0.0000,0.0000,1.2518
4246,MARKET,SPREAD,0,1.2032,1.0000,0.6667,0.0162,1.0000,1.0000,0.0000,-0.0003,1.2494
4247,MARKET,MOVE ROAD,0,1.1330,1.0000,0.3333,0.1649,0.0000,1.0000,0.0000,-0.0008,1.2436
4248,MARKET,GROW,0,1.2480,1.0000,0.6667,0.2399,1.0000,1.0000,0.0000,0.0000,1.2438
4249,MARKET,GROW,0,1.2480,1.0000,0.6667,0.2399,1.0000,1.0000,0.0000,0.0000,1.2440
4250,MARKET,FALL,0,1.2676,1.0000,0.6667,0.3378,1.0000,1.0000,0.0000,0.0002,1.2452
4251,MARKET,SPREAD,0,1.2032,1.0000,0.6667,0.0162,1.0000,1.0000,0.0000,-0.0003,1.2431
4252,MARKET,GROW,0,1.2480,1.0000,0.6667,0.2399,1.0000,1.0000,0.0000,0.0000,1.2433
4253,MARKET,SPREAD,0,1.2032,1.0000,0.6667,0.0162,1.0000,1.0000,0.0000,-0.0003,1.2413
4254,MARKET,SPREAD,0,1.2032,1.0000,0.6667,0.0162,1.0000,1.0000,0.0000,-0.0003,1.2394
4255,MARKET,SPREAD,0,1.2032,1.0000,0.6667,0.0162,1.0000,1.0000,0.0000,-0.0002,1.2376
4256,MARKET,FALL,0,1.2676,1.0000,0.6667,0.3378,1.0000,1.0000,0.0000,0.0002,1.2391
4257,MARKET,FALL,0,1.2676,1.0000,0.6667,0.3378,1.0000,1.0000,0.0000,0.0002,1.2405
4258,MARKET,BURN,0,1.2567,1.0000,0.6667,0.2836,1.0000,1.0000,0.0000,0.0001,1.2413
4259,MARKET,SPREAD,0,1.2032,1.0000,0.6667,0.0162,1.0000,1.0000,0.0000,-0.0003,1.2394
4260,MARKET,GROW,0,1.2480,1.0000,0.6667,0.2399,1.0000,1.0000,0.0000,0.0001,1.2399
4261,MARKET,MOVE COMPUTER,0,1.2302,1.0000,0.6667,0.1511,1.0000,1.0000,0.0000,-0.0001,1.2394
4262,MARKET,FALL,0,1.2676,1.0000,0.6667,0.3378,1.0000,1.0000,0.0000,0.0002,1.2408
4263,MARKET,BURN,0,1.2567,1.0000,0.6667,0.2836,1.0000,1.0000,0.0000,0.0001,1.2416
4264,MARKET,MOVE DORMANT DRONE,0,1.3498,1.0000,1.0000,0.2489,1.0000,1.0000,1.0000,0.0007,1.2470
4265,MARKET,BURN,0,1.2567,1.0000,0.6667,0.2836,1.0000,1.0000,0.0000,0.0001,1.2475
4266,MARKET,FALL,0,1.2676,1.0000,0.6667,0.3378,1.0000,1.0000,0.0000,0.0001,1.2485
4267,MARKET,SPREAD,0,1.2032,1.0000,0.6667,0.0162,1.0000,1.0000,0.0000,-0.0003,1.2462
4268,MARKET,,0,1.1000,1.0000,0.3333,0.0000,1.0000,0.0000,0.0000,-0.0010,1.2389
4269,MARKET,BURN,0,1.2567,1.0000,0.6667,0.2836,1.0000,1.0000,0.0000,0.0001,1.2398
4270,MARKET,SPREAD,0,1.2032,1.0000,0.6667,0.0162,1.0000,1.0000,0.0000,-0.0002,1.2380
4271,MARKET,FALL,0,1.2676,1.0000,0.6667,0.3378,1.0000,1.0000,0.0000,0.0002,1.2395
4272,MARKET,BURN,0,1.2567,1.0000,0.6667,0.2836,1.0000,1.0000,0.0000,0.0001,1.2403
4273,MARKET,FALL,0,1.2676,1.0000,0.6667,0.3378,1.0000,1.0000,0.0000,0.0002,1.2417
4274,MARKET,FALL,0,1.2676,1.0000,0.6667,0.3378,1.0000,1.0000,0.0000,0.0002,1.2430
4275,MARKET,GROW,0,1.2480,1.0000,0.6667,0.2399,1.0000,1.0000,0.0000,0.0000,1.2432
4276,MARKET,GROW,0,1.2480,1.0000,0.6667,0.2399,1.0000,1.0000,0.0000,0.0000,1.2435
4277,MARKET,GROW,0,1.2480,1.0000,0.6667,0.2399,1.0000,1.0000,0.0000,0.0000,1.2437
4278,MARKET,HEAR CHAOTIC CHOICE,0,1.3428,1.0000,1.0000,0.2138,1.0000,1.0000,1.0000,0.0007,1.2486
4279,MARKET,SPREAD,0,1.2032,1.0000,0.6667,0.0162,1.0000,1.0000,0.0000,-0.0003,1.2464
4280,MARKET,SPREAD,0,1.2032,1.0000,0.6667,0.0162,1.0000,1.0000,0.0000,-0.0003,1.2442
4281,MARKET,SPREAD,0,1.2032,1.0000,0.6667,0.0162,1.0000,1.0000,0.0000,-0.0003,1.2422
4282,MARKET,BURN,0,1.2567,1.0000,0.6667,0.2836,1.0000,1.0000,0.0000,0.0001,1.2429
4283,MARKET,SPREAD,0,1.2032,1.0000,0.6667,0.0162,1.0000,1.0000,0.0000,-0.0003,1.2409
4284,MARKET,SPREAD,0,1.2032,1.0000,0.6667,0.0162,1.0000,1.0000,0.0000,-0.0003,1.2390
4285,MARKET,BURN,0,1.2567,1.0000,0.6667,0.2836,1.0000,1.0000,0.0000,0.0001,1.2399
4286,MARKET,FALL,0,1.2676,1.0000,0.6667,0.3378,1.0000,1.0000,0.0000,0.0002,1.2413
4287,MARKET,BURN,0,1.2567,1.0000,0.6667,0.2836,1.0000,1.0000,0.0000,0.0001,1.2421
4288,MARKET,SPREAD,0,1.2032,1.0000,0.6667,0.0162,1.0000,1.0000,0.0000,-0.0003,1.2401
4289,MARKET,GROW,0,1.2480,1.0000,0.6667,0.2399,1.0000,1.0000,0.0000,0.0001,1.2405
4290,MARKET,SPREAD,0,1.2032,1.0000,0.6667,0.0162,1.0000,1.0000,0.0000,-0.0002,1.2387
4291,MARKET,GROW,0,1.2480,1.0000,0.6667,0.2399,1.0000,1.0000,0.0000,0.0001,1.2391
4292,MARKET,SPREAD,0,1.2032,1.0000,0.6667,0.0162,1.0000,1.0000,0.0000,-0.0002,1.2373
4293,MARKET,FALL,0,1.2676,1.0000,0.6667,0.3378,1.0000,1.0000,0.0000,0.0002,1.2388
4294,MARKET,GROW,0,1.2480,1.0000,0.6667,0.2399,1.0000,1.0000,0.0000,0.0001,1.2393
4295,MARKET,SPREAD,0,1.2032,1.0000,0.6667,0.0162,1.0000,1.0000,0.0000,-0.0003,1.2375
4296,MARKET,GROW,0,1.2480,1.0000,0.6667,0.2399,1.0000,1.0000,0.0000,0.0001,1.2380
4297,MARKET,SPREAD,0,1.2032,1.0000,0.6667,0.0162,1.0000,1.0000,0.0000,-0.0002,1.2363
4298,MARKET,FALL,0,1.2676,1.0000,0.6667,0.3378,1.0000,1.0000,0.0000,0.0002,1.2378
4299,MARKET,SPREAD,0,1.2032,1.0000,0.6667,0.0162,1.0000,1.0000,0.0000,-0.0002,1.2361
4300,MARKET,FALL,0,1.2676,1.0000,0.6667,0.3378,1.0000,1.0000,0.0000,0.0002,1.2377
4301,MARKET,FALL,0,1.2676,1.0000,0.6667,0.3378,1.0000,1.0000,0.0000,0.0002,1.2392
4302,MARKET,GROW,0,1.2480,1.0000,0.6667,0.2399,1.0000,1.0000,0.0000,0.0001,1.2396
4303,MARKET,SPREAD,0,1.2032,1.0000,0.6667,0.0162,1.0000,1.0000,0.0000,-0.0002,1.2378
4304,MARKET,FALL,0,1.2676,1.0000,0.6667,0.3378,1.0000,1.0000,0.0000,0.0002,1.2393
4305,MARKET,SPREAD,0,1.2032,1.0000,0.6667,0.0162,1.0000,1.0000,0.0000,-0.0002,1.2375
4306,MARKET,FALL,0,1.2676,1.0000,0.6667,0.3378,1.0000,1.0000,0.0000,0.0002,1.2390
4307,MARKET,FALL,0,1.2676,1.0000,0.6667,0.3378,1.0000,1.0000,0.0000,0.0002,1.2404
4308,MARKET,FALL,0,1.2676,1.0000,0.6667,0.3378,1.0000,1.0000,0.0000,0.0002,1.2418
4309,MARKET,BURN,0,1.2567,1.0000,0.6667,0.2836,1.0000,1.0000,0.0000,0.0001,1.2425
4310,MARKET,SPREAD,0,1.2032,1.0000,0.6667,0.0162,1.0000,1.0000,0.0000,-0.0003,1.2406
4311,MARKET,GROW,0,1.2480,1.0000,0.6667,0.2399,1.0000,1.0000,0.0000,0.0001,1.2409
4312,MARKET,SPREAD,0,1.2032,1.0000,0.6667,0.0162,1.0000,1.0000,0.0000,-0.0003,1.2390
4313,MARKET,GROW,0,1.2480,1.0000,0.6667,0.2399,1.0000,1.0000,0.0000,0.0001,1.2395
4314,MARKET,BURN,0,1.2567,1.0000,0.6667,0.2836,1.0000,1.0000,0.0000,0.0001,1.2403
4315,MARKET,FALL,0,1.2676,1.0000,0.6667,0.3378,1.0000,1.0000,0.0000,0.0002,1.2417
4316,MARKET,BURN,0,1.2567,1.0000,0.6667,0.2836,1.0000,1.0000,0.0000,0.0001,1.2425
4317,MARKET,FALL,0,1.2676,1.0000,0.6667,0.3378,1.0000,1.0000,0.0000,0.0002,1.2437
4318,MARKET,BURN,0,1.2567,1.0000,0.6667,0.2836,1.0000,1.0000,0.0000,0.0001,1.2444
4319,MARKET,BURN,0,1.2567,1.0000,0.6667,0.2836,1.0000,1.0000,0.0000,0.0001,1.2450
4320,MARKET,BURN,0,1.2567,1.0000,0.6667,0.2836,1.0000,1.0000,0.0000,0.0001,1.2456
4321,MARKET,BURN,0,1.2567,1.0000,0.6667,0.2836,1.0000,1.0000,0.0000,0.0001,1.2461
4322,MARKET,GROW,0,1.2480,1.0000,0.6667,0.2399,1.0000,1.0000,0.0000,0.0000,1.2462
4323,MARKET,SPREAD,0,1.2032,1.0000,0.6667,0.0162,1.0000,1.0000,0.0000,-0.0003,1.2441
4324,MARKET,BURN,0,1.2567,1.0000,0.6667,0.2836,1.0000,1.0000,0.0000,0.0001,1.2447
4325,MARKET,BURN,0,1.2567,1.0000,0.6667,0.2836,1.0000,1.0000,0.0000,0.0001,1.2453
4326,MARKET,SPREAD,0,1.2032,1.0000,0.6667,0.0162,1.0000,1.0000,0.0000,-0.0003,1.2432
4327,MARKET,SPREAD,0,1.2032,1.0000,0.6667,0.0162,1.0000,1.0000,0.0000,-0.0003,1.2412
4328,MARKET,GROW,0,1.2480,1.0000,0.6667,0.2399,1.0000,1.0000,0.0000,0.0000,1.2415
4329,MARKET,BURN,0,1.2567,1.0000,0.6667,0.2836,1.0000,1.0000,0.0000,0.0001,1.2423
4330,MARKET,FALL,0,1.2676,1.0000,0.6667,0.3378,1.0000,1.0000,0.0000,0.0002,1.2436
4331,MARKET,FALL,0,1.2676,1.0000,0.6667,0.3378,1.0000,1.0000,0.0000,0.0002,1.2448
4332,MARKET,BURN,0,1.2567,1.0000,0.6667,0.2836,1.0000,1.0000,0.0000,0.0001,1.2454
4333,MARKET,FALL,0,1.2676,1.0000,0.6667,0.3378,1.0000,1.0000,0.0000,0.0001,1.2465
4334,MARKET,GROW,0,1.2480,1.0000,0.6667,0.2399,1.0000,1.0000,0.0000,0.0000,1.2465
4335,MARKET,BURN,0,1.2567,1.0000,0.6667,0.2836,1.0000,1.0000,0.0000,0.0001,1.2471
4336,MARKET,FALL,0,1.2676,1.0000,0.6667,0.3378,1.0000,1.0000,0.0000,0.0001,1.2481
4337,MARKET,,0,1.1000,1.0000,0.3333,0.0000,1.0000,0.0000,0.0000,-0.0010,1.2407
4338,MARKET,MOVE SAD DULL GUARD,0,1.3527,1.0000,1.0000,0.2634,1.0000,1.0000,1.0000,0.0008,1.2463
4339,MARKET,BURN,0,1.2567,1.0000,0.6667,0.2836,1.0000,1.0000,0.0000,0.0001,1.2468
4340,MARKET,FALL,0,1.2676,1.0000,0.6667,0.3378,1.0000,1.0000,0.0000,0.0001,1.2478
4341,MARKET,GROW,0,1.2480,1.0000,0.6667,0.2399,1.0000,1.0000,0.0000,0.0000,1.2478
4342,MARKET,GROW,0,1.2480,1.0000,0.6667,0.2399,1.0000,1.0000,0.0000,0.0000,1.2478
4343,MARKET,BURN,0,1.2567,1.0000,0.6667,0.2836,1.0000,1.0000,0.0000,0.0001,1.2483
4344,MARKET,SPREAD,0,1.2032,1.0000,0.6667,0.0162,1.0000,1.0000,0.0000,-0.0003,1.2460
4345,MARKET,FALL,0,1.2676,1.0000,0.6667,0.3378,1.0000,1.0000,0.0000,0.0001,1.2471
4346,MARKET,GROW,0,1.2480,1.0000,0.6667,0.2399,1.0000,1.0000,0.0000,0.0000,1.2472
4347,MARKET,MOVE SENSOR,0,1.2480,1.0000,0.6667,0.2399,1.0000,1.0000,0.0000,0.0000,1.2472
4348,MARKET,GROW,0,1.2480,1.0000,0.6667,0.2399,1.0000,1.0000,0.0000,0.0000,1.2472
4349,MARKET,GROW,0,1.2480,1.0000,0.6667,0.2399,1.0000,1.0000,0.0000,0.0000,1.2473
4350,MARKET,GROW,0,1.2480,1.0000,0.6667,0.2399,1.0000,1.0000,0.0000,0.0000,1.2473
4351,MARKET,BURN,0,1.2567,1.0000,0.6667,0.2836,1.0000,1.0000,0.0000,0.0001,1.2478
4352,MARKET,FALL,0,1.2676,1.0000,0.6667,0.3378,1.0000,1.0000,0.0000,0.0001,1.2488
4353,MARKET,BURN,0,1.2567,1.0000,0.6667,0.2836,1.0000,1.0000,0.0000,0.0001,1.2492
4354,MARKET,BURN,0,1.2567,1.0000,0.6667,0.2836,1.0000,1.0000,0.0000,0.0001,1.2495
4355,MARKET,,0,1.1000,1.0000,0.3333,0.0000,1.0000,0.0000,0.0000,-0.0010,1.2421
4356,MARKET,MOVE CALM CAT,0,1.3346,1.0000,1.0000,0.1730,1.0000,1.0000,1.0000,0.0007,1.2467
4357,MARKET,BURN,0,1.2567,1.0000,0.6667,0.2836,1.0000,1.0000,0.0000,0.0001,1.2472
4358,MARKET,BURN,0,1.2567,1.0000,0.6667,0.2836,1.0000,1.0000,0.0000,0.0001,1.2477
4359,MARKET,SPREAD,0,1.2032,1.0000,0.6667,0.0162,1.0000,1.0000,0.0000,-0.0003,1.2454
4360,MARKET,BURN,0,1.2567,1.0000,0.6667,0.2836,1.0000,1.0000,0.0000,0.0001,1.2460
4361,MARKET,SPREAD,0,1.2032,1.0000,0.6667,0.0162,1.0000,1.0000,0.0000,-0.0003,1.2439
4362,MARKET,GROW,0,1.2480,1.0000,0.6667,0.2399,1.0000,1.0000,0.0000,0.0000,1.2441
4363,MARKET,FALL,0,1.2676,1.0000,0.6667,0.3378,1.0000,1.0000,0.0000,0.0002,1.2453
4364,MARKET,FALL,0,1.2676,1.0000,0.6667,0.3378,1.0000,1.0000,0.0000,0.0002,1.2464
4365,MARKET,SPREAD,0,1.2032,1.0000,0.6667,0.0162,1.0000,1.0000,0.0000,-0.0003,1.2442
4366,MARKET,GROW,0,1.2480,1.0000,0.6667,0.2399,1.0000,1.0000,0.0000,0.0000,1.2444
4367,MARKET,SPREAD,0,1.2032,1.0000,0.6667,0.0162,1.0000,1.0000,0.0000,-0.0003,1.2423
4368,MARKET,GROW,0,1.2480,1.0000,0.6667,0.2399,1.0000,1.0000,0.0000,0.0000,1.2426
4369,MARKET,,0,1.1000,1.0000,0.3333,0.0000,1.0000,0.0000,0.0000,-0.0010,1.2355
4370,MARKET,FALL,0,1.2676,1.0000,0.6667,0.3378,1.0000,1.0000,0.0000,0.0002,1.2371
4371,MARKET,FALL,0,1.2676,1.0000,0.6667,0.3378,1.0000,1.0000,0.0000,0.0002,1.2386
4372,MARKET,FALL,0,1.2676,1.0000,0.6667,0.3378,1.0000,1.0000,0.0000,0.0002,1.2401
4373,MARKET,SPREAD,0,1.2032,1.0000,0.6667,0.0162,1.0000,1.0000,0.0000,-0.0003,1.2382
4374,MARKET,BURN,0,1.2567,1.0000,0.6667,0.2836,1.0000,1.0000,0.0000,0.0001,1.2391
4375,MARKET,SPREAD,0,1.2032,1.0000,0.6667,0.0162,1.0000,1.0000,0.0000,-0.0003,1.2374
4376,MARKET,FALL,0,1.2676,1.0000,0.6667,0.3378,1.0000,1.0000,0.0000,0.0002,1.2389
4377,MARKET,SPREAD,0,1.2032,1.0000,0.6667,0.0162,1.0000,1.0000,0.0000,-0.0002,1.2371
4378,MARKET,BURN,0,1.2567,1.0000,0.6667,0.2836,1.0000,1.0000,0.0000,0.0001,1.2381
4379,MARKET,BURN,0,1.2567,1.0000,0.6667,0.2836,1.0000,1.0000,0.0000,0.0001,1.2390
4380,MARKET,BURN,0,1.2567,1.0000,0.6667,0.2836,1.0000,1.0000,0.0000,0.0001,1.2399
4381,MARKET,BURN,0,1.2567,1.0000,0.6667,0.2836,1.0000,1.0000,0.0000,0.0001,1.2407
4382,MARKET,SPREAD,0,1.2032,1.0000,0.6667,0.0162,1.0000,1.0000,0.0000,-0.0002,1.2389
4383,MARKET,BURN,0,1.2567,1.0000,0.6667,0.2836,1.0000,1.0000,0.0000,0.0001,1.2397
4384,MARKET,SPREAD,0,1.2032,1.0000,0.6667,0.0162,1.0000,1.0000,0.0000,-0.0003,1.2379
4385,MARKET,GROW,0,1.2480,1.0000,0.6667,0.2399,1.0000,1.0000,0.0000,0.0001,1.2384
4386,MARKET,GROW,0,1.2480,1.0000,0.6667,0.2399,1.0000,1.0000,0.0000,0.0001,1.2389
4387,MARKET,BURN,0,1.2567,1.0000,0.6667,0.2836,1.0000,1.0000,0.0000,0.0001,1.2398
4388,MARKET,BURN,0,1.2567,1.0000,0.6667,0.2836,1.0000,1.0000,0.0000,0.0001,1.2406
4389,MARKET,FALL,0,1.2676,1.0000,0.6667,0.3378,1.0000,1.0000,0.0000,0.0002,1.2420
4390,MARKET,FALL,0,1.2676,1.0000,0.6667,0.3378,1.0000,1.0000,0.0000,0.0002,1.2433
4391,MARKET,SPREAD,0,1.2032,1.0000,0.6667,0.0162,1.0000,1.0000,0.0000,-0.0003,1.2413
4392,MARKET,BURN,0,1.2567,1.0000,0.6667,0.2836,1.0000,1.0000,0.0000,0.0001,1.2420
4393,MARKET,GROW,0,1.2480,1.0000,0.6667,0.2399,1.0000,1.0000,0.0000,0.0000,1.2423
4394,MARKET,GROW,0,1.2480,1.0000,0.6667,0.2399,1.0000,1.0000,0.0000,0.0000,1.2426
4395,MARKET,BURN,0,1.2567,1.0000,0.6667,0.2836,1.0000,1.0000,0.0000,0.0001,1.2433
4396,MARKET,BURN,0,1.2567,1.0000,0.6667,0.2836,1.0000,1.0000,0.0000,0.0001,1.2440
4397,MARKET,SPREAD,0,1.2032,1.0000,0.6667,0.0162,1.0000,1.0000,0.0000,-0.0003,1.2420
4398,MARKET,BURN,0,1.2567,1.0000,0.6667,0.2836,1.0000,1.0000,0.0000,0.0001,1.2427
4399,MARKET,BURN,0,1.2567,1.0000,0.6667,0.2836,1.0000,1.0000,0.0000,0.0001,1.2434
4400,MARKET,GROW,0,1.2480,1.0000,0.6667,0.2399,1.0000,1.0000,0.0000,0.0000,1.2436
4401,MARKET,SPREAD,0,1.2032,1.0000,0.6667,0.0162,1.0000,1.0000,0.0000,-0.0003,1.2416
4402,MARKET,BURN,0,1.2567,1.0000,0.6667,0.2836,1.0000,1.0000,0.0000,0.0001,1.2424
4403,MARKET,FALL,0,1.2676,1.0000,0.6667,0.3378,1.0000,1.0000,0.0000,0.0002,1.2436
4404,MARKET,BURN,0,1.2567,1.0000,0.6667,0.2836,1.0000,1.0000,0.0000,0.0001,1.2443
4405,MARKET,FALL,0,1.2676,1.0000,0.6667,0.3378,1.0000,1.0000,0.0000,0.0002,1.2454
4406,MARKET,FALL,0,1.2676,1.0000,0.6667,0.3378,1.0000,1.0000,0.0000,0.0001,1.2465
4407,MARKET,GROW,0,1.2480,1.0000,0.6667,0.2399,1.0000,1.0000,0.0000,0.0000,1.2466
4408,MARKET,FALL,0,1.2676,1.0000,0.6667,0.3378,1.0000,1.0000,0.0000,0.0001,1.2477
4409,MARKET,SPREAD,0,1.2032,1.0000,0.6667,0.0162,1.0000,1.0000,0.0000,-0.0003,1.2454
4410,MARKET,BURN,0,1.2567,1.0000,0.6667,0.2836,1.0000,1.0000,0.0000,0.0001,1.2460
4411,MARKET,BURN,0,1.2567,1.0000,0.6667,0.2836,1.0000,1.0000,0.0000,0.0001,1.2465
4412,MARKET,SPREAD,0,1.2032,1.0000,0.6667,0.0162,1.0000,1.0000,0.0000,-0.0003,1.2444
4413,MARKET,SPREAD,0,1.2032,1.0000,0.6667,0.0162,1.0000,1.0000,0.0000,-0.0003,1.2423
4414,MARKET,GROW,0,1.2480,1.0000,0.6667,0.2399,1.0000,1.0000,0.0000,0.0000,1.2426
4415,MARKET,GROW,0,1.2480,1.0000,0.6667,0.2399,1.0000,1.0000,0.0000,0.0000,1.2429
4416,MARKET,MOVE CORRUPTED WEAK CLOCK,0,1.3844,1.0000,1.0000,0.4220,1.0000,1.0000,1.0000,0.0010,1.2499
4417,MARKET,SPREAD,0,1.2032,1.0000,0.6667,0.0162,1.0000,1.0000,0.0000,-0.0003,1.2476
4418,MARKET,GROW,0,1.2480,1.0000,0.6667,0.2399,1.0000,1.0000,0.0000,0.0000,1.2476
4419,MARKET,SPREAD,0,1.2032,1.0000,0.6667,0.0162,1.0000,1.0000,0.0000,-0.0003,1.2454
4420,MARKET,SPREAD,0,1.2032,1.0000,0.6667,0.0162,1.0000,1.0000,0.0000,-0.0003,1.2433
4421,MARKET,SPREAD,0,1.2032,1.0000,0.6667,0.0162,1.0000,1.0000,0.0000,-0.0003,1.2413
4422,MARKET,BURN,0,1.2567,1.0000,0.6667,0.2836,1.0000,1.0000,0.0000,0.0001,1.2421
4423,MARKET,BURN,0,1.2567,1.0000,0.6667,0.2836,1.0000,1.0000,0.0000,0.0001,1.2428
4424,MARKET,FALL,0,1.2676,1.0000,0.6667,0.3378,1.0000,1.0000,0.0000,0.0002,1.2440
4425,MARKET,BURN,0,1.2567,1.0000,0.6667,0.2836,1.0000,1.0000,0.0000,0.0001,1.2447
4426,MARKET,SPREAD,0,1.2032,1.0000,0.6667,0.0162,1.0000,1.0000,0.0000,-0.0003,1.2426
4427,MARKET,SPREAD,0,1.2032,1.0000,0.6667,0.0162,1.0000,1.0000,0.0000,-0.0003,1.2406
4428,MARKET,GROW,0,1.2480,1.0000,0.6667,0.2399,1.0000,1.0000,0.0000,0.0000,1.2410
4429,MARKET,GROW,0,1.2480,1.0000,0.6667,0.2399,1.0000,1.0000,0.0000,0.0000,1.2413
4430,MARKET,SPREAD,0,1.2032,1.0000,0.6667,0.0162,1.0000,1.0000,0.0000,-0.0003,1.2394
4431,MARKET,BURN,0,1.2567,1.0000,0.6667,0.2836,1.0000,1.0000,0.0000,0.0001,1.2403
4432,MARKET,FALL,0,1.2676,1.0000,0.6667,0.3378,1.0000,1.0000,0.0000,0.0002,1.2417
4433,MARKET,FALL,0,1.2676,1.0000,0.6667,0.3378,1.0000,1.0000,0.0000,0.0002,1.2430
4434,MARKET,GROW,0,1.2480,1.0000,0.6667,0.2399,1.0000,1.0000,0.0000,0.0000,1.2432
4435,MARKET,SPREAD,0,1.2032,1.0000,0.6667,0.0162,1.0000,1.0000,0.0000,-0.0003,1.2412
4436,MARKET,FALL,0,1.2676,1.0000,0.6667,0.3378,1.0000,1.0000,0.0000,0.0002,1.2425
4437,MARKET,GROW,0,1.2480,1.0000,0.6667,0.2399,1.0000,1.0000,0.0000,0.0000,1.2428
4438,DRONE,FAIL,1,0.2257,0.0000,0.6667,0.1286,1.0000,1.0000,0.0000,-10.5759,1.1920
4439,MARKET,FALL,0,1.2676,1.0000,0.6667,0.3378,1.0000,1.0000,0.0000,0.0005,1.1957
4440,MARKET,GROW,0,1.2480,1.0000,0.6667,0.2399,1.0000,1.0000,0.0000,0.0003,1.1983
4441,MARKET,FALL,0,1.2676,1.0000,0.6667,0.3378,1.0000,1.0000,0.0000,0.0004,1.2018
4442,MARKET,GROW,0,1.2480,1.0000,0.6667,0.2399,1.0000,1.0000,0.0000,0.0003,1.2041
4443,MARKET,GROW,0,1.2480,1.0000,0.6667,0.2399,1.0000,1.0000,0.0000,0.0002,1.2063
4444,MARKET,BURN,0,1.2567,1.0000,0.6667,0.2836,1.0000,1.0000,0.0000,0.0003,1.2088
4445,MARKET,GROW,0,1.2480,1.0000,0.6667,0.2399,1.0000,1.0000,0.0000,0.0002,1.2108
4446,MARKET,SPREAD,0,1.2032,1.0000,0.6667,0.0162,1.0000,1.0000,0.0000,-0.0000,1.2104
4447,MARKET,GROW,0,1.2480,1.0000,0.6667,0.2399,1.0000,1.0000,0.0000,0.0002,1.2123
4448,MARKET,SPREAD,0,1.2032,1.0000,0.6667,0.0162,1.0000,1.0000,0.0000,-0.0000,1.2118
4449,MARKET,BURN,0,1.2567,1.0000,0.6667,0.2836,1.0000,1.0000,0.0000,0.0002,1.2141
4450,MARKET,BURN,0,1.2567,1.0000,0.6667,0.2836,1.0000,1.0000,0.0000,0.0002,1.2162
4451,MARKET,BURN,0,1.2567,1.0000,0.6667,0.2836,1.0000,1.0000,0.0000,0.0002,1.2182
4452,MARKET,GROW,0,1.2480,1.0000,0.6667,0.2399,1.0000,1.0000,0.0000,0.0002,1.2197
4453,MARKET,SPREAD,0,1.2032,1.0000,0.6667,0.0162,1.0000,1.0000,0.0000,-0.0001,1.2189
4454,MARKET,FALL,0,1.2676,1.0000,0.6667,0.3378,1.0000,1.0000,0.0000,0.0002,1.2213
4455,MARKET,GROW,0,1.2480,1.0000,0.6667,0.2399,1.0000,1.0000,0.0000,0.0001,1.2227
4456,MARKET,BURN,0,1.2567,1.0000,0.6667,0.2836,1.0000,1.0000,0.0000,0.0002,1.2244
4457,MARKET,BURN,0,1.2567,1.0000,0.6667,0.2836,1.0000,1.0000,0.0000,0.0002,1.2260
4458,MARKET,GROW,0,1.2480,1.0000,0.6667,0.2399,1.0000,1.0000,0.0000,0.0001,1.2271
4459,MARKET,FALL,0,1.2676,1.0000,0.6667,0.3378,1.0000,1.0000,0.0000,0.0002,1.2291
4460,MARKET,FALL,0,1.2676,1.0000,0.6667,0.3378,1.0000,1.0000,0.0000,0.0002,1.2310
4461,MARKET,GROW,0,1.2480,1.0000,0.6667,0.2399,1.0000,1.0000,0.0000,0.0001,1.2319
4462,MARKET,GROW,0,1.2480,1.0000,0.6667,0.2399,1.0000,1.0000,0.0000,0.0001,1.2327
4463,MARKET,GROW,0,1.2480,1.0000,0.6667,0.2399,1.0000,1.0000,0.0000,0.0001,1.2334
4464,MARKET,GROW,0,1.2480,1.0000,0.6667,0.2399,1.0000,1.0000,0.0000,0.0001,1.2342
4465,MARKET,SPREAD,0,1.2032,1.0000,0.6667,0.0162,1.0000,1.0000,0.0000,-0.0002,1.2326
4466,MARKET,GROW,0,1.2480,1.0000,0.6667,0.2399,1.0000,1.0000,0.0000,0.0001,1.2334
4467,MARKET,GROW,0,1.2480,1.0000,0.6667,0.2399,1.0000,1.0000,0.0000,0.0001,1.2341
4468,MARKET,SPREAD,0,1.2032,1.0000,0.6667,0.0162,1.0000,1.0000,0.0000,-0.0002,1.2326
4469,MARKET,BURN,0,1.2567,1.0000,0.6667,0.2836,1.0000,1.0000,0.0000,0.0001,1.2338
4470,MARKET,SPREAD,0,1.2032,1.0000,0.6667,0.0162,1.0000,1.0000,0.0000,-0.0002,1.2323
4471,MARKET,GROW,0,1.2480,1.0000,0.6667,0.2399,1.0000,1.0000,0.0000,0.0001,1.2330
4472,MARKET,BURN,0,1.2567,1.0000,0.6667,0.2836,1.0000,1.0000,0.0000,0.0001,1.2342
4473,MARKET,BURN,0,1.2567,1.0000,0.6667,0.2836,1.0000,1.0000,0.0000,0.0001,1.2354
4474,MARKET,SPREAD,0,1.2032,1.0000,0.6667,0.0162,1.0000,1.0000,0.0000,-0.0002,1.2337
4475,MARKET,FALL,0,1.2676,1.0000,0.6667,0.3378,1.0000,1.0000,0.0000,0.0002,1.2354
4476,MARKET,GROW,0,1.2480,1.0000,0.6667,0.2399,1.0000,1.0000,0.0000,0.0001,1.2361
4477,MARKET,GROW,0,1.2480,1.0000,0.6667,0.2399,1.0000,1.0000,0.0000,0.0001,1.2367
4478,MARKET,FALL,0,1.2676,1.0000,0.6667,0.3378,1.0000,1.0000,0.0000,0.0002,1.2382
4479,MARKET,GROW,0,1.2480,1.0000,0.6667,0.2399,1.0000,1.0000,0.0000,0.0001,1.2387
4480,MARKET,MOVE FAST DULL CLOCK FALL,0,1.3466,1.0000,1.0000,0.2329,1.0000,1.0000,1.0000,0.0005,1.2441
4481,MARKET,BURN,0,1.2567,1.0000,0.6667,0.2836,1.0000,1.0000,0.0000,0.0001,1.2447
4482,MARKET,SPREAD,0,1.2032,1.0000,0.6667,0.0162,1.0000,1.0000,0.0000,-0.0002,1.2426
4483,MARKET,BURN,0,1.2567,1.0000,0.6667,0.2836,1.0000,1.0000,0.0000,0.0001,1.2433
4484,MARKET,BURN,0,1.2567,1.0000,0.6667,0.2836,1.0000,1.0000,0.0000,0.0001,1.2440
4485,MARKET,GROW,0,1.2480,1.0000,0.6667,0.2399,1.0000,1.0000,0.0000,0.0000,1.2442
4486,MARKET,FALL,0,1.2676,1.0000,0.6667,0.3378,1.0000,1.0000,0.0000,0.0001,1.2454
4487,MARKET,FALL,0,1.2676,1.0000,0.6667,0.3378,1.0000,1.0000,0.0000,0.0001,1.2465
4488,MARKET,FALL,0,1.2676,1.0000,0.6667,0.3378,1.0000,1.0000,0.0000,0.0001,1.2475
4489,MARKET,FALL,0,1.2676,1.0000,0.6667,0.3378,1.0000,1.0000,0.0000,0.0001,1.2485
4490,MARKET,FALL,0,1.2676,1.0000,0.6667,0.3378,1.0000,1.0000,0.0000,0.0001,1.2495
4491,MARKET,HEAR VAST SEED MOVE CAT SEE BROKEN COMPUTER,0,1.3396,1.0000,1.0000,0.1980,1.0000,1.0000,1.0000,0.0004,1.2540
4492,MARKET,BURN,0,1.2567,1.0000,0.6667,0.2836,1.0000,1.0000,0.0000,0.0000,1.2541
4493,MARKET,GROW,0,1.2480,1.0000,0.6667,0.2399,1.0000,1.0000,0.0000,-0.0000,1.2538
4494,MARKET,GROW,0,1.2480,1.0000,0.6667,0.2399,1.0000,1.0000,0.0000,-0.0000,1.2535
4495,MARKET,BURN,0,1.2567,1.0000,0.6667,0.2836,1.0000,1.0000,0.0000,0.0000,1.2537
4496,MARKET,MOVE TRAPPED HEAVY WOLF FORGET SLOW DIRTY WOLF,0,1.3420,1.0000,1.0000,0.2098,1.0000,1.0000,1.0000,0.0004,1.2581
4497,MARKET,FALL,0,1.2676,1.0000,0.6667,0.3378,1.0000,1.0000,0.0000,0.0000,1.2586
4498,MARKET,BURN,0,1.2567,1.0000,0.6667,0.2836,1.0000,1.0000,0.0000,-0.0000,1.2585
4499,MARKET,SPREAD,0,1.2032,1.0000,0.6667,0.0162,1.0000,1.0000,0.0000,-0.0003,1.2557
4500,MARKET,BURN,0,1.2567,1.0000,0.6667,0.2836,1.0000,1.0000,0.0000,0.0000,1.2558
4501,MARKET,FALL,0,1.2676,1.0000,0.6667,0.3378,1.0000,1.0000,0.0000,0.0001,1.2564
4502,MARKET,BURN,0,1.2567,1.0000,0.6667,0.2836,1.0000,1.0000,0.0000,0.0000,1.2564
4503,MARKET,GROW,0,1.2480,1.0000,0.6667,0.2399,1.0000,1.0000,0.0000,-0.0000,1.2560
4504,MARKET,BURN,0,1.2567,1.0000,0.6667,0.2836,1.0000,1.0000,0.0000,0.0000,1.2560
4505,MARKET,GROW,0,1.2480,1.0000,0.6667,0.2399,1.0000,1.0000,0.0000,-0.0000,1.2556
4506,MARKET,FALL,0,1.2676,1.0000,0.6667,0.3378,1.0000,1.0000,0.0000,0.0001,1.2562
4507,MARKET,BURN,0,1.2567,1.0000,0.6667,0.2836,1.0000,1.0000,0.0000,0.0000,1.2562
4508,MARKET,FALL,0,1.2676,1.0000,0.6667,0.3378,1.0000,1.0000,0.0000,0.0001,1.2568
4509,MARKET,SPREAD,0,1.2032,1.0000,0.6667,0.0162,1.0000,1.0000,0.0000,-0.0003,1.2541
4510,MARKET,BURN,0,1.2567,1.0000,0.6667,0.2836,1.0000,1.0000,0.0000,0.0000,1.2542
4511,MARKET,FALL,0,1.2676,1.0000,0.6667,0.3378,1.0000,1.0000,0.0000,0.0001,1.2549
4512,MARKET,FALL,0,1.2676,1.0000,0.6667,0.3378,1.0000,1.0000,0.0000,0.0001,1.2555
4513,MARKET,SPREAD,0,1.2032,1.0000,0.6667,0.0162,1.0000,1.0000,0.0000,-0.0003,1.2529
4514,MARKET,FALL,0,1.2676,1.0000,0.6667,0.3378,1.0000,1.0000,0.0000,0.0001,1.2537
4515,MARKET,GROW,0,1.2480,1.0000,0.6667,0.2399,1.0000,1.0000,0.0000,-0.0000,1.2534
4516,MARKET,BURN,0,1.2567,1.0000,0.6667,0.2836,1.0000,1.0000,0.0000,0.0000,1.2535
4517,MARKET,FALL,0,1.2676,1.0000,0.6667,0.3378,1.0000,1.0000,0.0000,0.0001,1.2542
4518,MARKET,BURN,0,1.2567,1.0000,0.6667,0.2836,1.0000,1.0000,0.0000,0.0000,1.2544
4519,MARKET,GROW,0,1.2480,1.0000,0.6667,0.2399,1.0000,1.0000,0.0000,-0.0000,1.2540
4520,MARKET,SPREAD,0,1.2032,1.0000,0.6667,0.0162,1.0000,1.0000,0.0000,-0.0002,1.2515
4521,MARKET,FALL,0,1.2676,1.0000,0.6667,0.3378,1.0000,1.0000,0.0000,0.0001,1.2523
4522,MARKET,BURN,0,1.2567,1.0000,0.6667,0.2836,1.0000,1.0000,0.0000,0.0000,1.2525
4523,MARKET,BURN,0,1.2567,1.0000,0.6667,0.2836,1.0000,1.0000,0.0000,0.0000,1.2527
4524,MARKET,BURN,0,1.2567,1.0000,0.6667,0.2836,1.0000,1.0000,0.0000,0.0000,1.2529
4525,MARKET,BURN,0,1.2567,1.0000,0.6667,0.2836,1.0000,1.0000,0.0000,0.0000,1.2531
4526,MARKET,GROW,0,1.2480,1.0000,0.6667,0.2399,1.0000,1.0000,0.0000,-0.0000,1.2529
4527,MARKET,GROW,0,1.2480,1.0000,0.6667,0.2399,1.0000,1.0000,0.0000,-0.0000,1.2526
4528,MARKET,BURN,0,1.2567,1.0000,0.6667,0.2836,1.0000,1.0000,0.0000,0.0000,1.2528
4529,MARKET,FALL,0,1.2676,1.0000,0.6667,0.3378,1.0000,1.0000,0.0000,0.0001,1.2536
4530,MARKET,SPREAD,0,1.2032,1.0000,0.6667,0.0162,1.0000,1.0000,0.0000,-0.0002,1.2510
4531,MARKET,SPREAD,0,1.2032,1.0000,0.6667,0.0162,1.0000,1.0000,0.0000,-0.0002,1.2487
4532,MARKET,SEE STRONG DORMANT DRONE,0,1.3492,1.0000,1.0000,0.2461,1.0000,1.0000,1.0000,0.0005,1.2537
4533,MARKET,SPREAD,0,1.2032,1.0000,0.6667,0.0162,1.0000,1.0000,0.0000,-0.0003,1.2512
4534,MARKET,SPREAD,0,1.2032,1.0000,0.6667,0.0162,1.0000,1.0000,0.0000,-0.0002,1.2488
4535,MARKET,SPREAD,0,1.2032,1.0000,0.6667,0.0162,1.0000,1.0000,0.0000,-0.0002,1.2465
4536,MARKET,FALL,0,1.2676,1.0000,0.6667,0.3378,1.0000,1.0000,0.0000,0.0001,1.2475
4537,MARKET,FALL,0,1.2676,1.0000,0.6667,0.3378,1.0000,1.0000,0.0000,0.0001,1.2485
4538,MARKET,,0,1.1000,1.0000,0.3333,0.0000,1.0000,0.0000,0.0000,-0.0007,1.2411
4539,MARKET,SPREAD,0,1.2032,1.0000,0.6667,0.0162,1.0000,1.0000,0.0000,-0.0002,1.2392
4540,MARKET,BURN,0,1.2567,1.0000,0.6667,0.2836,1.0000,1.0000,0.0000,0.0001,1.2401
4541,MARKET,FALL,0,1.2676,1.0000,0.6667,0.3378,1.0000,1.0000,0.0000,0.0001,1.2415
4542,MARKET,SPREAD,0,1.2032,1.0000,0.6667,0.0162,1.0000,1.0000,0.0000,-0.0002,1.2396
4543,MARKET,BURN,0,1.2567,1.0000,0.6667,0.2836,1.0000,1.0000,0.0000,0.0001,1.2404
4544,MARKET,BURN,0,1.2567,1.0000,0.6667,0.2836,1.0000,1.0000,0.0000,0.0001,1.2412
4545,MARKET,SPREAD,0,1.2032,1.0000,0.6667,0.0162,1.0000,1.0000,0.0000,-0.0002,1.2393
4546,MARKET,FALL,0,1.2676,1.0000,0.6667,0.3378,1.0000,1.0000,0.0000,0.0001,1.2407
4547,MARKET,FALL,0,1.2676,1.0000,0.6667,0.3378,1.0000,1.0000,0.0000,0.0001,1.2421
4548,MARKET,FALL,0,1.2676,1.0000,0.6667,0.3378,1.0000,1.0000,0.0000,0.0001,1.2434
4549,MARKET,FALL,0,1.2676,1.0000,0.6667,0.3378,1.0000,1.0000,0.0000,0.0001,1.2446
4550,MARKET,SPREAD,0,1.2032,1.0000,0.6667,0.0162,1.0000,1.0000,0.0000,-0.0002,1.2425
4551,MARKET,BURN,0,1.2567,1.0000,0.6667,0.2836,1.0000,1.0000,0.0000,0.0001,1.2432
4552,MARKET,SPREAD,0,1.2032,1.0000,0.6667,0.0162,1.0000,1.0000,0.0000,-0.0002,1.2412
4553,MARKET,BURN,0,1.2567,1.0000,0.6667,0.2836,1.0000,1.0000,0.0000,0.0001,1.2420
4554,MARKET,FALL,0,1.2676,1.0000,0.6667,0.3378,1.0000,1.0000,0.0000,0.0001,1.2433
4555,MARKET,SPREAD,0,1.2032,1.0000,0.6667,0.0162,1.0000,1.0000,0.0000,-0.0002,1.2413
4556,MARKET,SPREAD,0,1.2032,1.0000,0.6667,0.0162,1.0000,1.0000,0.0000,-0.0002,1.2394
4557,MARKET,BURN,0,1.2567,1.0000,0.6667,0.2836,1.0000,1.0000,0.0000,0.0001,1.2402
4558,MARKET,SPREAD,0,1.2032,1.0000,0.6667,0.0162,1.0000,1.0000,0.0000,-0.0002,1.2384
4559,MARKET,FALL,0,1.2676,1.0000,0.6667,0.3378,1.0000,1.0000,0.0000,0.0002,1.2398
4560,MARKET,BURN,0,1.2567,1.0000,0.6667,0.2836,1.0000,1.0000,0.0000,0.0001,1.2407
4561,MARKET,GROW,0,1.2480,1.0000,0.6667,0.2399,1.0000,1.0000,0.0000,0.0000,1.2410
4562,MARKET,BURN,0,1.2567,1.0000,0.6667,0.2836,1.0000,1.0000,0.0000,0.0001,1.2418
4563,MARKET,SPREAD,0,1.2032,1.0000,0.6667,0.0162,1.0000,1.0000,0.0000,-0.0002,1.2399
4564,MARKET,FALL,0,1.2676,1.0000,0.6667,0.3378,1.0000,1.0000,0.0000,0.0001,1.2413
4565,MARKET,BURN,0,1.2567,1.0000,0.6667,0.2836,1.0000,1.0000,0.0000,0.0001,1.2421
4566,MARKET,BURN,0,1.2567,1.0000,0.6667,0.2836,1.0000,1.0000,0.0000,0.0001,1.2428
4567,MARKET,FALL,0,1.2676,1.0000,0.6667,0.3378,1.0000,1.0000,0.0000,0.0001,1.2440
4568,MARKET,SPREAD,0,1.2032,1.0000,0.6667,0.0162,1.0000,1.0000,0.0000,-0.0002,1.2420
4569,MARKET,MOVE CORRUPTED MAP,0,1.3680,1.0000,1.0000,0.3400,1.0000,1.0000,1.0000,0.0006,1.2483
4570,MARKET,SPREAD,0,1.2032,1.0000,0.6667,0.0162,1.0000,1.0000,0.0000,-0.0002,1.2460
4571,MARKET,FALL,0,1.2676,1.0000,0.6667,0.3378,1.0000,1.0000,0.0000,0.0001,1.2471
4572,MARKET,BURN,0,1.2567,1.0000,0.6667,0.2836,1.0000,1.0000,0.0000,0.0000,1.2476
4573,MARKET,SPREAD,0,1.2032,1.0000,0.6667,0.0162,1.0000,1.0000,0.0000,-0.0002,1.2454
4574,MARKET,GROW,0,1.2480,1.0000,0.6667,0.2399,1.0000,1.0000,0.0000,0.0000,1.2455
4575,MARKET,FALL,0,1.2676,1.0000,0.6667,0.3378,1.0000,1.0000,0.0000,0.0001,1.2466
4576,MARKET,FALL,0,1.2676,1.0000,0.6667,0.3378,1.0000,1.0000,0.0000,0.0001,1.2477
4577,MARKET,BURN,0,1.2567,1.0000,0.6667,0.2836,1.0000,1.0000,0.0000,0.0000,1.2481
4578,MARKET,SPREAD,0,1.2032,1.0000,0.6667,0.0162,1.0000,1.0000,0.0000,-0.0002,1.2459
4579,MARKET,GROW,0,1.2480,1.0000,0.6667,0.2399,1.0000,1.0000,0.0000,0.0000,1.2460
4580,MARKET,SPREAD,0,1.2032,1.0000,0.6667,0.0162,1.0000,1.0000,0.0000,-0.0002,1.2438
4581,MARKET,BURN,0,1.2567,1.0000,0.6667,0.2836,1.0000,1.0000,0.0000,0.0001,1.2445
4582,MARKET,SPREAD,0,1.2032,1.0000,0.6667,0.0162,1.0000,1.0000,0.0000,-0.0002,1.2424
4583,MARKET,GROW,0,1.2480,1.0000,0.6667,0.2399,1.0000,1.0000,0.0000,0.0000,1.2427
4584,MARKET,GROW,0,1.2480,1.0000,0.6667,0.2399,1.0000,1.0000,0.0000,0.0000,1.2430
4585,MARKET,FALL,0,1.2676,1.0000,0.6667,0.3378,1.0000,1.0000,0.0000,0.0001,1.2442
4586,MARKET,GROW,0,1.2480,1.0000,0.6667,0.2399,1.0000,1.0000,0.0000,0.0000,1.2444
4587,MARKET,SPREAD,0,1.2032,1.0000,0.6667,0.0162,1.0000,1.0000,0.0000,-0.0002,1.2423
4588,MARKET,FALL,0,1.2676,1.0000,0.6667,0.3378,1.0000,1.0000,0.0000,0.0001,1.2436
4589,MARKET,FALL,0,1.2676,1.0000,0.6667,0.3378,1.0000,1.0000,0.0000,0.0001,1.2448
4590,MARKET,FALL,0,1.2676,1.0000,0.6667,0.3378,1.0000,1.0000,0.0000,0.0001,1.2459
4591,MARKET,BURN,0,1.2567,1.0000,0.6667,0.2836,1.0000,1.0000,0.0000,0.0001,1.2465
4592,MARKET,BURN,0,1.2567,1.0000,0.6667,0.2836,1.0000,1.0000,0.0000,0.0000,1.2470
4593,MARKET,BURN,0,1.2567,1.0000,0.6667,0.2836,1.0000,1.0000,0.0000,0.0000,1.2475
4594,MARKET,FALL,0,1.2676,1.0000,0.6667,0.3378,1.0000,1.0000,0.0000,0.0001,1.2485
4595,MARKET,SPREAD,0,1.2032,1.0000,0.6667,0.0162,1.0000,1.0000,0.0000,-0.0002,1.2462
4596,MARKET,SPREAD,0,1.2032,1.0000,0.6667,0.0162,1.0000,1.0000,0.0000,-0.0002,1.2441
4597,MARKET,BURN,0,1.2567,1.0000,0.6667,0.2836,1.0000,1.0000,0.0000,0.0001,1.2447
4598,MARKET,BURN,0,1.2567,1.0000,0.6667,0.2836,1.0000,1.0000,0.0000,0.0001,1.2453
4599,MARKET,GROW,0,1.2480,1.0000,0.6667,0.2399,1.0000,1.0000,0.0000,0.0000,1.2454
4600,MARKET,FALL,0,1.2676,1.0000,0.6667,0.3378,1.0000,1.0000,0.0000,0.0001,1.2465
4601,MARKET,FALL,0,1.2676,1.0000,0.6667,0.3378,1.0000,1.0000,0.0000,0.0001,1.2476
4602,MARKET,SPREAD,0,1.2032,1.0000,0.6667,0.0162,1.0000,1.0000,0.0000,-0.0002,1.2454
4603,MARKET,FALL,0,1.2676,1.0000,0.6667,0.3378,1.0000,1.0000,0.0000,0.0001,1.2465
4604,MARKET,BURN,0,1.2567,1.0000,0.6667,0.2836,1.0000,1.0000,0.0000,0.0001,1.2470
4605,MARKET,FALL,0,1.2676,1.0000,0.6667,0.3378,1.0000,1.0000,0.0000,0.0001,1.2480
4606,MARKET,FALL,0,1.2676,1.0000,0.6667,0.3378,1.0000,1.0000,0.0000,0.0001,1.2490
4607,MARKET,BURN,0,1.2567,1.0000,0.6667,0.2836,1.0000,1.0000,0.0000,0.0000,1.2494
4608,MARKET,SPREAD,0,1.2032,1.0000,0.6667,0.0162,1.0000,1.0000,0.0000,-0.0002,1.2471
4609,MARKET,BURN,0,1.2567,1.0000,0.6667,0.2836,1.0000,1.0000,0.0000,0.0000,1.2476
4610,MARKET,BURN,0,1.2567,1.0000,0.6667,0.2836,1.0000,1.0000,0.0000,0.0000,1.2480
4611,MARKET,FALL,0,1.2676,1.0000,0.6667,0.3378,1.0000,1.0000,0.0000,0.0001,1.2490
4612,MARKET,BURN,0,1.2567,1.0000,0.6667,0.2836,1.0000,1.0000,0.0000,0.0000,1.2494
4613,MARKET,GROW,0,1.2480,1.0000,0.6667,0.2399,1.0000,1.0000,0.0000,-0.0000,1.2493
4614,MARKET,GROW,0,1.2480,1.0000,0.6667,0.2399,1.0000,1.0000,0.0000,-0.0000,1.2492
4615,MARKET,FORGET TRUSTED CHANCE,0,1.3054,1.0000,1.0000,0.0268,1.0000,1.0000,1.0000,0.0003,1.2520
4616,MARKET,BURN,0,1.2567,1.0000,0.6667,0.2836,1.0000,1.0000,0.0000,0.0000,1.2523
4617,MARKET,FALL,0,1.2676,1.0000,0.6667,0.3378,1.0000,1.0000,0.0000,0.0001,1.2530
4618,MARKET,FALL,0,1.2676,1.0000,0.6667,0.3378,1.0000,1.0000,0.0000,0.0001,1.2538
4619,MARKET,GROW,0,1.2480,1.0000,0.6667,0.2399,1.0000,1.0000,0.0000,-0.0000,1.2535
4620,MARKET,FALL,0,1.2676,1.0000,0.6667,0.3378,1.0000,1.0000,0.0000,0.0001,1.2542
4621,MARKET,BURN,0,1.2567,1.0000,0.6667,0.2836,1.0000,1.0000,0.0000,0.0000,1.2543
4622,MARKET,BURN,0,1.2567,1.0000,0.6667,0.2836,1.0000,1.0000,0.0000,0.0000,1.2544
4623,MARKET,BURN,0,1.2567,1.0000,0.6667,0.2836,1.0000,1.0000,0.0000,0.0000,1.2545
4624,MARKET,SPREAD,0,1.2032,1.0000,0.6667,0.0162,1.0000,1.0000,0.0000,-0.0002,1.2520
4625,MARKET,FALL,0,1.2676,1.0000,0.6667,0.3378,1.0000,1.0000,0.0000,0.0001,1.2528
4626,MARKET,BURN,0,1.2567,1.0000,0.6667,0.2836,1.0000,1.0000,0.0000,0.0000,1.2530
4627,MARKET,FALL,0,1.2676,1.0000,0.6667,0.3378,1.0000,1.0000,0.0000,0.0001,1.2537
4628,MARKET,SPREAD,0,1.2032,1.0000,0.6667,0.0162,1.0000,1.0000,0.0000,-0.0003,1.2512
4629,MARKET,SPREAD,0,1.2032,1.0000,0.6667,0.0162,1.0000,1.0000,0.0000,-0.0002,1.2488
4630,MARKET,SPREAD,0,1.2032,1.0000,0.6667,0.0162,1.0000,1.0000,0.0000,-0.0002,1.2465
4631,MARKET,BURN,0,1.2567,1.0000,0.6667,0.2836,1.0000,1.0000,0.0000,0.0001,1.2470
4632,MARKET,SPREAD,0,1.2032,1.0000,0.6667,0.0162,1.0000,1.0000,0.0000,-0.0002,1.2448
4633,MARKET,GROW,0,1.2480,1.0000,0.6667,0.2399,1.0000,1.0000,0.0000,0.0000,1.2450
4634,MARKET,FALL,0,1.2676,1.0000,0.6667,0.3378,1.0000,1.0000,0.0000,0.0001,1.2461
4635,MARKET,BURN,0,1.2567,1.0000,0.6667,0.2836,1.0000,1.0000,0.0000,0.0001,1.2466
4636,MARKET,SPREAD,0,1.2032,1.0000,0.6667,0.0162,1.0000,1.0000,0.0000,-0.0002,1.2445
4637,MARKET,FALL,0,1.2676,1.0000,0.6667,0.3378,1.0000,1.0000,0.0000,0.0001,1.2456
4638,MARKET,BURN,0,1.2567,1.0000,0.6667,0.2836,1.0000,1.0000,0.0000,0.0001,1.2462
4639,MARKET,MOVE HEAVY TOOL,0,1.3621,1.0000,1.0000,0.3103,1.0000,1.0000,1.0000,0.0006,1.2520
4640,MARKET,BURN,0,1.2567,1.0000,0.6667,0.2836,1.0000,1.0000,0.0000,0.0000,1.2522
4641,MARKET,BURN,0,1.2567,1.0000,0.6667,0.2836,1.0000,1.0000,0.0000,0.0000,1.2524
4642,MARKET,GROW,0,1.2480,1.0000,0.6667,0.2399,1.0000,1.0000,0.0000,-0.0000,1.2522
4643,MARKET,FALL,0,1.2676,1.0000,0.6667,0.3378,1.0000,1.0000,0.0000,0.0001,1.2530
4644,MARKET,FALL,0,1.2676,1.0000,0.6667,0.3378,1.0000,1.0000,0.0000,0.0001,1.2537
4645,MARKET,BURN,0,1.2567,1.0000,0.6667,0.2836,1.0000,1.0000,0.0000,0.0000,1.2539
4646,MARKET,SPREAD,0,1.2032,1.0000,0.6667,0.0162,1.0000,1.0000,0.0000,-0.0002,1.2513
4647,MARKET,SPREAD,0,1.2032,1.0000,0.6667,0.0162,1.0000,1.0000,0.0000,-0.0002,1.2489
4648,MARKET,SPREAD,0,1.2032,1.0000,0.6667,0.0162,1.0000,1.0000,0.0000,-0.0002,1.2466
4649,MARKET,FALL,0,1.2676,1.0000,0.6667,0.3378,1.0000,1.0000,0.0000,0.0001,1.2477
4650,MARKET,SPREAD,0,1.2032,1.0000,0.6667,0.0162,1.0000,1.0000,0.0000,-0.0002,1.2455
4651,MARKET,BURN,0,1.2567,1.0000,0.6667,0.2836,1.0000,1.0000,0.0000,0.0001,1.2460
4652,MARKET,GROW,0,1.2480,1.0000,0.6667,0.2399,1.0000,1.0000,0.0000,0.0000,1.2461
4653,MARKET,SPREAD,0,1.2032,1.0000,0.6667,0.0162,1.0000,1.0000,0.0000,-0.0002,1.2440
4654,MARKET,SPREAD,0,1.2032,1.0000,0.6667,0.0162,1.0000,1.0000,0.0000,-0.0002,1.2419
4655,MARKET,SPREAD,0,1.2032,1.0000,0.6667,0.0162,1.0000,1.0000,0.0000,-0.0002,1.2400
4656,MARKET,BURN,0,1.2567,1.0000,0.6667,0.2836,1.0000,1.0000,0.0000,0.0001,1.2408
4657,MARKET,SPREAD,0,1.2032,1.0000,0.6667,0.0162,1.0000,1.0000,0.0000,-0.0002,1.2390
4658,MARKET,SPREAD,0,1.2032,1.0000,0.6667,0.0162,1.0000,1.0000,0.0000,-0.0002,1.2372
4659,MARKET,SPREAD,0,1.2032,1.0000,0.6667,0.0162,1.0000,1.0000,0.0000,-0.0002,1.2355
4660,MARKET,SPREAD,0,1.2032,1.0000,0.6667,0.0162,1.0000,1.0000,0.0000,-0.0002,1.2339
4661,MARKET,FALL,0,1.2676,1.0000,0.6667,0.3378,1.0000,1.0000,0.0000,0.0002,1.2355
4662,MARKET,BURN,0,1.2567,1.0000,0.6667,0.2836,1.0000,1.0000,0.0000,0.0001,1.2366
4663,MARKET,GROW,0,1.2480,1.0000,0.6667,0.2399,1.0000,1.0000,0.0000,0.0001,1.2372
4664,MARKET,BURN,0,1.2567,1.0000,0.6667,0.2836,1.0000,1.0000,0.0000,0.0001,1.2382
4665,MARKET,SPREAD,0,1.2032,1.0000,0.6667,0.0162,1.0000,1.0000,0.0000,-0.0002,1.2364
4666,MARKET,SPREAD,0,1.2032,1.0000,0.6667,0.0162,1.0000,1.0000,0.0000,-0.0002,1.2347
4667,MARKET,GROW,0,1.2480,1.0000,0.6667,0.2399,1.0000,1.0000,0.0000,0.0001,1.2354
4668,MARKET,SPREAD,0,1.2032,1.0000,0.6667,0.0162,1.0000,1.0000,0.0000,-0.0002,1.2338
4669,MARKET,SPREAD,0,1.2032,1.0000,0.6667,0.0162,1.0000,1.0000,0.0000,-0.0002,1.2323
4670,MARKET,SPREAD,0,1.2032,1.0000,0.6667,0.0162,1.0000,1.0000,0.0000,-0.0001,1.2308
4671,MARKET,FALL,0,1.2676,1.0000,0.6667,0.3378,1.0000,1.0000,0.0000,0.0002,1.2327
4672,MARKET,GROW,0,1.2480,1.0000,0.6667,0.2399,1.0000,1.0000,0.0000,0.0001,1.2334
4673,MARKET,GROW,0,1.2480,1.0000,0.6667,0.2399,1.0000,1.0000,0.0000,0.0001,1.2342
4674,MARKET,FALL,0,1.2676,1.0000,0.6667,0.3378,1.0000,1.0000,0.0000,0.0002,1.2358
4675,MARKET,FALL,0,1.2676,1.0000,0.6667,0.3378,1.0000,1.0000,0.0000,0.0002,1.2374
4676,MARKET,GROW,0,1.2480,1.0000,0.6667,0.2399,1.0000,1.0000,0.0000,0.0001,1.2379
4677,MARKET,GROW,0,1.2480,1.0000,0.6667,0.2399,1.0000,1.0000,0.0000,0.0000,1.2384
4678,MARKET,GROW,0,1.2480,1.0000,0.6667,0.2399,1.0000,1.0000,0.0000,0.0000,1.2389
4679,MARKET,GROW,0,1.2480,1.0000,0.6667,0.2399,1.0000,1.0000,0.0000,0.0000,1.2394
4680,MARKET,BURN,0,1.2567,1.0000,0.6667,0.2836,1.0000,1.0000,0.0000,0.0001,1.2402
4681,MARKET,GROW,0,1.2480,1.0000,0.6667,0.2399,1.0000,1.0000,0.0000,0.0000,1.2406
4682,MARKET,FALL,0,1.2676,1.0000,0.6667,0.3378,1.0000,1.0000,0.0000,0.0001,1.2420
4683,MARKET,FALL,0,1.2676,1.0000,0.6667,0.3378,1.0000,1.0000,0.0000,0.0001,1.2432
4684,MARKET,GROW,0,1.2480,1.0000,0.6667,0.2399,1.0000,1.0000,0.0000,0.0000,1.2435
4685,MARKET,SPREAD,0,1.2032,1.0000,0.6667,0.0162,1.0000,1.0000,0.0000,-0.0002,1.2415
4686,MARKET,SPREAD,0,1.2032,1.0000,0.6667,0.0162,1.0000,1.0000,0.0000,-0.0002,1.2396
4687,MARKET,SPREAD,0,1.2032,1.0000,0.6667,0.0162,1.0000,1.0000,0.0000,-0.0002,1.2377
4688,MARKET,BURN,0,1.2567,1.0000,0.6667,0.2836,1.0000,1.0000,0.0000,0.0001,1.2387
4689,MARKET,GROW,0,1.2480,1.0000,0.6667,0.2399,1.0000,1.0000,0.0000,0.0000,1.2392
4690,MARKET,BURN,0,1.2567,1.0000,0.6667,0.2836,1.0000,1.0000,0.0000,0.0001,1.2400
4691,MARKET,FALL,0,1.2676,1.0000,0.6667,0.3378,1.0000,1.0000,0.0000,0.0001,1.2414
4692,MARKET,GROW,0,1.2480,1.0000,0.6667,0.2399,1.0000,1.0000,0.0000,0.0000,1.2417
4693,MARKET,BURN,0,1.2567,1.0000,0.6667,0.2836,1.0000,1.0000,0.0000,0.0001,1.2425
4694,MARKET,GROW,0,1.2480,1.0000,0.6667,0.2399,1.0000,1.0000,0.0000,0.0000,1.2428
4695,MARKET,SPREAD,0,1.2032,1.0000,0.6667,0.0162,1.0000,1.0000,0.0000,-0.0002,1.2408
4696,MARKET,GROW,0,1.2480,1.0000,0.6667,0.2399,1.0000,1.0000,0.0000,0.0000,1.2411
4697,MARKET,BURN,0,1.2567,1.0000,0.6667,0.2836,1.0000,1.0000,0.0000,0.0001,1.2419
4698,MARKET,SPREAD,0,1.2032,1.0000,0.6667,0.0162,1.0000,1.0000,0.0000,-0.0002,1.2400
4699,MARKET,GROW,0,1.2480,1.0000,0.6667,0.2399,1.0000,1.0000,0.0000,0.0000,1.2404
4700,MARKET,GROW,0,1.2480,1.0000,0.6667,0.2399,1.0000,1.0000,0.0000,0.0000,1.2408
4701,MARKET,FALL,0,1.2676,1.0000,0.6667,0.3378,1.0000,1.0000,0.0000,0.0001,1.2421
4702,MARKET,FALL,0,1.2676,1.0000,0.6667,0.3378,1.0000,1.0000,0.0000,0.0001,1.2434
4703,MARKET,BURN,0,1.2567,1.0000,0.6667,0.2836,1.0000,1.0000,0.0000,0.0001,1.2440
4704,MARKET,FALL,0,1.2676,1.0000,0.6667,0.3378,1.0000,1.0000,0.0000,0.0001,1.2452
4705,MARKET,SPREAD,0,1.2032,1.0000,0.6667,0.0162,1.0000,1.0000,0.0000,-0.0002,1.2431
4706,MARKET,SPREAD,0,1.2032,1.0000,0.6667,0.0162,1.0000,1.0000,0.0000,-0.0002,1.2411
4707,MARKET,BURN,0,1.2567,1.0000,0.6667,0.2836,1.0000,1.0000,0.0000,0.0001,1.2419
4708,MARKET,FALL,0,1.2676,1.0000,0.6667,0.3378,1.0000,1.0000,0.0000,0.0001,1.2432
4709,MARKET,BURN,0,1.2567,1.0000,0.6667,0.2836,1.0000,1.0000,0.0000,0.0001,1.2439
4710,MARKET,SPREAD,0,1.2032,1.0000,0.6667,0.0162,1.0000,1.0000,0.0000,-0.0002,1.2418
4711,MARKET,SPREAD,0,1.2032,1.0000,0.6667,0.0162,1.0000,1.0000,0.0000,-0.0002,1.2399
4712,MARKET,GROW,0,1.2480,1.0000,0.6667,0.2399,1.0000,1.0000,0.0000,0.0000,1.2403
4713,MARKET,FALL,0,1.2676,1.0000,0.6667,0.3378,1.0000,1.0000,0.0000,0.0001,1.2417
4714,MARKET,SPREAD,0,1.2032,1.0000,0.6667,0.0162,1.0000,1.0000,0.0000,-0.0002,1.2398
4715,MARKET,FALL,0,1.2676,1.0000,0.6667,0.3378,1.0000,1.0000,0.0000,0.0001,1.2411
4716,MARKET,GROW,0,1.2480,1.0000,0.6667,0.2399,1.0000,1.0000,0.0000,0.0000,1.2415
4717,MARKET,FALL,0,1.2676,1.0000,0.6667,0.3378,1.0000,1.0000,0.0000,0.0001,1.2428
4718,MARKET,GROW,0,1.2480,1.0000,0.6667,0.2399,1.0000,1.0000,0.0000,0.0000,1.2430
4719,MARKET,BURN,0,1.2567,1.0000,0.6667,0.2836,1.0000,1.0000,0.0000,0.0001,1.2437
4720,MARKET,FALL,0,1.2676,1.0000,0.6667,0.3378,1.0000,1.0000,0.0000,0.0001,1.2449
4721,MARKET,BURN,0,1.2567,1.0000,0.6667,0.2836,1.0000,1.0000,0.0000,0.0001,1.2455
4722,MARKET,GROW,0,1.2480,1.0000,0.6667,0.2399,1.0000,1.0000,0.0000,0.0000,1.2456
4723,MARKET,BURN,0,1.2567,1.0000,0.6667,0.2836,1.0000,1.0000,0.0000,0.0001,1.2462
4724,MARKET,FALL,0,1.2676,1.0000,0.6667,0.3378,1.0000,1.0000,0.0000,0.0001,1.2473
4725,MARKET,SPREAD,0,1.2032,1.0000,0.6667,0.0162,1.0000,1.0000,0.0000,-0.0002,1.2451
4726,MARKET,SPREAD,0,1.2032,1.0000,0.6667,0.0162,1.0000,1.0000,0.0000,-0.0002,1.2430
4727,MARKET,BURN,0,1.2567,1.0000,0.6667,0.2836,1.0000,1.0000,0.0000,0.0001,1.2437
4728,MARKET,FALL,0,1.2676,1.0000,0.6667,0.3378,1.0000,1.0000,0.0000,0.0001,1.2448
4729,MARKET,SPREAD,0,1.2032,1.0000,0.6667,0.0162,1.0000,1.0000,0.0000,-0.0002,1.2428
4730,MARKET,BURN,0,1.2567,1.0000,0.6667,0.2836,1.0000,1.0000,0.0000,0.0001,1.2435
4731,MARKET,SPREAD,0,1.2032,1.0000,0.6667,0.0162,1.0000,1.0000,0.0000,-0.0002,1.2415
4732,MARKET,GROW,0,1.2480,1.0000,0.6667,0.2399,1.0000,1.0000,0.0000,0.0000,1.2418
4733,MARKET,SPREAD,0,1.2032,1.0000,0.6667,0.0162,1.0000,1.0000,0.0000,-0.0002,1.2399
4734,MARKET,BURN,0,1.2567,1.0000,0.6667,0.2836,1.0000,1.0000,0.0000,0.0001,1.2407
4735,MARKET,BURN,0,1.2567,1.0000,0.6667,0.2836,1.0000,1.0000,0.0000,0.0001,1.2415
4736,MARKET,GROW,0,1.2480,1.0000,0.6667,0.2399,1.0000,1.0000,0.0000,0.0000,1.2418
4737,MARKET,SPREAD,0,1.2032,1.0000,0.6667,0.0162,1.0000,1.0000,0.0000,-0.0002,1.2399
4738,MARKET,SPREAD,0,1.2032,1.0000,0.6667,0.0162,1.0000,1.0000,0.0000,-0.0002,1.2381
4739,MARKET,BURN,0,1.2567,1.0000,0.6667,0.2836,1.0000,1.0000,0.0000,0.0001,1.2390
4740,MARKET,FALL,0,1.2676,1.0000,0.6667,0.3378,1.0000,1.0000,0.0000,0.0001,1.2404
4741,MARKET,FALL,0,1.2676,1.0000,0.6667,0.3378,1.0000,1.0000,0.0000,0.0001,1.2418
4742,MARKET,BURN,0,1.2567,1.0000,0.6667,0.2836,1.0000,1.0000,0.0000,0.0001,1.2425
4743,MARKET,FALL,0,1.2676,1.0000,0.6667,0.3378,1.0000,1.0000,0.0000,0.0001,1.2438
4744,MARKET,GROW,0,1.2480,1.0000,0.6667,0.2399,1.0000,1.0000,0.0000,0.0000,1.2440
4745,MARKET,GROW,0,1.2480,1.0000,0.6667,0.2399,1.0000,1.0000,0.0000,0.0000,1.2442
4746,MARKET,FALL,0,1.2676,1.0000,0.6667,0.3378,1.0000,1.0000,0.0000,0.0001,1.2454
4747,MARKET,FALL,0,1.2676,1.0000,0.6667,0.3378,1.0000,1.0000,0.0000,0.0001,1.2465
4748,MARKET,GROW,0,1.2480,1.0000,0.6667,0.2399,1.0000,1.0000,0.0000,0.0000,1.2465
4749,MARKET,BURN,0,1.2567,1.0000,0.6667,0.2836,1.0000,1.0000,0.0000,0.0001,1.2470
4750,MARKET,FALL,0,1.2676,1.0000,0.6667,0.3378,1.0000,1.0000,0.0000,0.0001,1.2481
4751,MARKET,FALL,0,1.2676,1.0000,0.6667,0.3378,1.0000,1.0000,0.0000,0.0001,1.2490
4752,MARKET,MOVE ISOLATED CHAOTIC CITY,0,1.2532,1.0000,0.6667,0.2659,0.0000,1.0000,1.0000,0.0000,1.2493
4753,MARKET,GROW,0,1.2480,1.0000,0.6667,0.2399,1.0000,1.0000,0.0000,-0.0000,1.2492
4754,MARKET,GROW,0,1.2480,1.0000,0.6667,0.2399,1.0000,1.0000,0.0000,-0.0000,1.2491
4755,MARKET,BURN,0,1.2567,1.0000,0.6667,0.2836,1.0000,1.0000,0.0000,0.0000,1.2495
4756,MARKET,SPREAD,0,1.2032,1.0000,0.6667,0.0162,1.0000,1.0000,0.0000,-0.0002,1.2472
4757,MARKET,BURN,0,1.2567,1.0000,0.6667,0.2836,1.0000,1.0000,0.0000,0.0000,1.2477
4758,MARKET,BURN,0,1.2567,1.0000,0.6667,0.2836,1.0000,1.0000,0.0000,0.0000,1.2481
4759,MARKET,GROW,0,1.2480,1.0000,0.6667,0.2399,1.0000,1.0000,0.0000,-0.0000,1.2481
4760,MARKET,SPREAD,0,1.2032,1.0000,0.6667,0.0162,1.0000,1.0000,0.0000,-0.0002,1.2459
4761,MARKET,GROW,0,1.2480,1.0000,0.6667,0.2399,1.0000,1.0000,0.0000,0.0000,1.2460
4762,MARKET,FALL,0,1.2676,1.0000,0.6667,0.3378,1.0000,1.0000,0.0000,0.0001,1.2471
4763,MARKET,BURN,0,1.2567,1.0000,0.6667,0.2836,1.0000,1.0000,0.0000,0.0000,1.2475
4764,MARKET,BURN,0,1.2567,1.0000,0.6667,0.2836,1.0000,1.0000,0.0000,0.0000,1.2480
4765,MARKET,GROW,0,1.2480,1.0000,0.6667,0.2399,1.0000,1.0000,0.0000,-0.0000,1.2480
4766,MARKET,SPREAD,0,1.2032,1.0000,0.6667,0.0162,1.0000,1.0000,0.0000,-0.0002,1.2458
4767,MARKET,SPREAD,0,1.2032,1.0000,0.6667,0.0162,1.0000,1.0000,0.0000,-0.0002,1.2436
4768,MARKET,FALL,0,1.2676,1.0000,0.6667,0.3378,1.0000,1.0000,0.0000,0.0001,1.2448
4769,MARKET,SPREAD,0,1.2032,1.0000,0.6667,0.0162,1.0000,1.0000,0.0000,-0.0002,1.2427
4770,MARKET,GROW,0,1.2480,1.0000,0.6667,0.2399,1.0000,1.0000,0.0000,0.0000,1.2430
4771,MARKET,BURN,0,1.2567,1.0000,0.6667,0.2836,1.0000,1.0000,0.0000,0.0001,1.2437
4772,MARKET,BURN,0,1.2567,1.0000,0.6667,0.2836,1.0000,1.0000,0.0000,0.0001,1.2443
4773,MARKET,BURN,0,1.2567,1.0000,0.6667,0.2836,1.0000,1.0000,0.0000,0.0001,1.2450
4774,MARKET,GROW,0,1.2480,1.0000,0.6667,0.2399,1.0000,1.0000,0.0000,0.0000,1.2451
4775,CHAOTIC MARKET,GROW,0,1.3641,1.0000,1.0000,0.3207,1.0000,1.0000,1.0000,0.9609,1.2511
4776,MARKET,FALL,0,1.2676,1.0000,0.6667,0.3378,1.0000,1.0000,0.0000,0.0001,1.2519
4777,MARKET,FALL,0,1.2676,1.0000,0.6667,0.3378,1.0000,1.0000,0.0000,0.0001,1.2527
4778,MARKET,GROW,0,1.2480,1.0000,0.6667,0.2399,1.0000,1.0000,0.0000,-0.0000,1.2524
4779,MARKET,BURN,0,1.2567,1.0000,0.6667,0.2836,1.0000,1.0000,0.0000,0.0000,1.2527
4780,MARKET,BURN,0,1.2567,1.0000,0.6667,0.2836,1.0000,1.0000,0.0000,0.0000,1.2529
4781,MARKET,GROW,0,1.2480,1.0000,0.6667,0.2399,1.0000,1.0000,0.0000,-0.0000,1.2526
4782,MARKET,BURN,0,1.2567,1.0000,0.6667,0.2836,1.0000,1.0000,0.0000,0.0000,1.2528
4783,MARKET,FALL,0,1.2676,1.0000,0.6667,0.3378,1.0000,1.0000,0.0000,0.0001,1.2536
4784,MARKET,SPREAD,0,1.2032,1.0000,0.6667,0.0162,1.0000,1.0000,0.0000,-0.0003,1.2510
4785,MARKET,BURN,0,1.2567,1.0000,0.6667,0.2836,1.0000,1.0000,0.0000,0.0000,1.2513
4786,MARKET,FALL,0,1.2676,1.0000,0.6667,0.3378,1.0000,1.0000,0.0000,0.0001,1.2521
4787,MARKET,GROW,0,1.2480,1.0000,0.6667,0.2399,1.0000,1.0000,0.0000,-0.0000,1.2519
4788,MARKET,SPREAD,0,1.2032,1.0000,0.6667,0.0162,1.0000,1.0000,0.0000,-0.0003,1.2495
4789,MARKET,GROW,0,1.2480,1.0000,0.6667,0.2399,1.0000,1.0000,0.0000,-0.0000,1.2494
4790,MARKET,BURN,0,1.2567,1.0000,0.6667,0.2836,1.0000,1.0000,0.0000,0.0001,1.2498
4791,MARKET,BURN,0,1.2567,1.0000,0.6667,0.2836,1.0000,1.0000,0.0000,0.0001,1.2501
4792,MARKET,GROW,0,1.2480,1.0000,0.6667,0.2399,1.0000,1.0000,0.0000,-0.0000,1.2500
4793,MARKET,FALL,0,1.2676,1.0000,0.6667,0.3378,1.0000,1.0000,0.0000,0.0001,1.2509
4794,MARKET,BURN,0,1.2567,1.0000,0.6667,0.2836,1.0000,1.0000,0.0000,0.0000,1.2512
4795,MARKET,GROW,0,1.2480,1.0000,0.6667,0.2399,1.0000,1.0000,0.0000,-0.0000,1.2510
4796,MARKET,FALL,0,1.2676,1.0000,0.6667,0.3378,1.0000,1.0000,0.0000,0.0001,1.2519
4797,MARKET,FALL,0,1.2676,1.0000,0.6667,0.3378,1.0000,1.0000,0.0000,0.0001,1.2526
4798,MARKET,GROW,0,1.2480,1.0000,0.6667,0.2399,1.0000,1.0000,0.0000,-0.0000,1.2524
4799,MARKET,GROW,0,1.2480,1.0000,0.6667,0.2399,1.0000,1.0000,0.0000,-0.0000,1.2522
4800,MARKET,GROW,0,1.2480,1.0000,0.6667,0.2399,1.0000,1.0000,0.0000,-0.0000,1.2520
4801,MARKET,FALL,0,1.2676,1.0000,0.6667,0.3378,1.0000,1.0000,0.0000,0.0001,1.2528
4802,MARKET,FALL,0,1.2676,1.0000,0.6667,0.3378,1.0000,1.0000,0.0000,0.0001,1.2535
4803,MARKET,SPREAD,0,1.2032,1.0000,0.6667,0.0162,1.0000,1.0000,0.0000,-0.0004,1.2510
4804,MARKET,GROW,0,1.2480,1.0000,0.6667,0.2399,1.0000,1.0000,0.0000,-0.0000,1.2508
4805,MARKET,GROW,0,1.2480,1.0000,0.6667,0.2399,1.0000,1.0000,0.0000,-0.0000,1.2507
4806,MARKET,FALL,0,1.2676,1.0000,0.6667,0.3378,1.0000,1.0000,0.0000,0.0001,1.2515
4807,MARKET,GROW,0,1.2480,1.0000,0.6667,0.2399,1.0000,1.0000,0.0000,-0.0000,1.2514
4808,MARKET,BURN,0,1.2567,1.0000,0.6667,0.2836,1.0000,1.0000,0.0000,0.0000,1.2516
4809,MARKET,FALL,0,1.2676,1.0000,0.6667,0.3378,1.0000,1.0000,0.0000,0.0001,1.2524
4810,MARKET,GROW,0,1.2480,1.0000,0.6667,0.2399,1.0000,1.0000,0.0000,-0.0000,1.2522
4811,MARKET,GROW,0,1.2480,1.0000,0.6667,0.2399,1.0000,1.0000,0.0000,-0.0000,1.2520
4812,MARKET,FALL,0,1.2676,1.0000,0.6667,0.3378,1.0000,1.0000,0.0000,0.0001,1.2528
4813,MARKET,BURN,0,1.2567,1.0000,0.6667,0.2836,1.0000,1.0000,0.0000,0.0000,1.2530
4814,MARKET,SPREAD,0,1.2032,1.0000,0.6667,0.0162,1.0000,1.0000,0.0000,-0.0004,1.2505
4815,MARKET,HEAR TIME GROW,0,1.2182,1.0000,0.6667,0.0912,1.0000,1.0000,0.0000,-0.0003,1.2489
4816,MARKET,BURN,0,1.2567,1.0000,0.6667,0.2836,1.0000,1.0000,0.0000,0.0001,1.2493
4817,MARKET,FALL,0,1.2676,1.0000,0.6667,0.3378,1.0000,1.0000,0.0000,0.0002,1.2502
4818,MARKET,FALL,0,1.2676,1.0000,0.6667,0.3378,1.0000,1.0000,0.0000,0.0001,1.2510
4819,MARKET,BURN,0,1.2567,1.0000,0.6667,0.2836,1.0000,1.0000,0.0000,0.0000,1.2513
4820,MARKET,,0,1.1000,1.0000,0.3333,0.0000,1.0000,0.0000,0.0000,-0.0013,1.2438
4821,MARKET,BURN,0,1.2567,1.0000,0.6667,0.2836,1.0000,1.0000,0.0000,0.0001,1.2444
4822,MARKET,FALL,0,1.2676,1.0000,0.6667,0.3378,1.0000,1.0000,0.0000,0.0002,1.2456
4823,MARKET,BURN,0,1.2567,1.0000,0.6667,0.2836,1.0000,1.0000,0.0000,0.0001,1.2461
4824,MARKET,BURN,0,1.2567,1.0000,0.6667,0.2836,1.0000,1.0000,0.0000,0.0001,1.2467
4825,MARKET,BURN,0,1.2567,1.0000,0.6667,0.2836,1.0000,1.0000,0.0000,0.0001,1.2472
4826,MARKET,BURN,0,1.2567,1.0000,0.6667,0.2836,1.0000,1.0000,0.0000,0.0001,1.2476
4827,MARKET,BURN,0,1.2567,1.0000,0.6667,0.2836,1.0000,1.0000,0.0000,0.0001,1.2481
4828,MARKET,BURN,0,1.2567,1.0000,0.6667,0.2836,1.0000,1.0000,0.0000,0.0001,1.2485
4829,MARKET,BURN,0,1.2567,1.0000,0.6667,0.2836,1.0000,1.0000,0.0000,0.0001,1.2489
4830,MARKET,SPREAD,0,1.2032,1.0000,0.6667,0.0162,1.0000,1.0000,0.0000,-0.0004,1.2466
4831,MARKET,BURN,0,1.2567,1.0000,0.6667,0.2836,1.0000,1.0000,0.0000,0.0001,1.2471
4832,MARKET,GROW,0,1.2480,1.0000,0.6667,0.2399,1.0000,1.0000,0.0000,0.0000,1.2472
4833,MARKET,GROW,0,1.2480,1.0000,0.6667,0.2399,1.0000,1.0000,0.0000,0.0000,1.2472
4834,MARKET,BURN,0,1.2567,1.0000,0.6667,0.2836,1.0000,1.0000,0.0000,0.0001,1.2477
4835,MARKET,GROW,0,1.2480,1.0000,0.6667,0.2399,1.0000,1.0000,0.0000,0.0000,1.2477
4836,MARKET,FALL,0,1.2676,1.0000,0.6667,0.3378,1.0000,1.0000,0.0000,0.0002,1.2487
4837,MARKET,GROW,0,1.2480,1.0000,0.6667,0.2399,1.0000,1.0000,0.0000,-0.0000,1.2487
4838,MARKET,SPREAD,0,1.2032,1.0000,0.6667,0.0162,1.0000,1.0000,0.0000,-0.0004,1.2464
4839,MARKET,SPREAD,0,1.2032,1.0000,0.6667,0.0162,1.0000,1.0000,0.0000,-0.0004,1.2442
4840,MARKET,BURN,0,1.2567,1.0000,0.6667,0.2836,1.0000,1.0000,0.0000,0.0001,1.2449
4841,MARKET,SPREAD,0,1.2032,1.0000,0.6667,0.0162,1.0000,1.0000,0.0000,-0.0004,1.2428
4842,MARKET,SPREAD,0,1.2032,1.0000,0.6667,0.0162,1.0000,1.0000,0.0000,-0.0003,1.2408
4843,MARKET,SPREAD,0,1.2032,1.0000,0.6667,0.0162,1.0000,1.0000,0.0000,-0.0003,1.2389
4844,MARKET,SPREAD,0,1.2032,1.0000,0.6667,0.0162,1.0000,1.0000,0.0000,-0.0003,1.2371
4845,MARKET,SPREAD,0,1.2032,1.0000,0.6667,0.0162,1.0000,1.0000,0.0000,-0.0003,1.2354
4846,MARKET,SPREAD,0,1.2032,1.0000,0.6667,0.0162,1.0000,1.0000,0.0000,-0.0003,1.2338
4847,MARKET,BURN,0,1.2567,1.0000,0.6667,0.2836,1.0000,1.0000,0.0000,0.0002,1.2350
4848,MARKET,GROW,0,1.2480,1.0000,0.6667,0.2399,1.0000,1.0000,0.0000,0.0001,1.2356
4849,MARKET,FALL,0,1.2676,1.0000,0.6667,0.3378,1.0000,1.0000,0.0000,0.0003,1.2372
4850,MARKET,FALL,0,1.2676,1.0000,0.6667,0.3378,1.0000,1.0000,0.0000,0.0003,1.2387
4851,MARKET,GROW,0,1.2480,1.0000,0.6667,0.2399,1.0000,1.0000,0.0000,0.0001,1.2392
4852,MARKET,GROW,0,1.2480,1.0000,0.6667,0.2399,1.0000,1.0000,0.0000,0.0001,1.2396
4853,MARKET,BURN,0,1.2567,1.0000,0.6667,0.2836,1.0000,1.0000,0.0000,0.0002,1.2405
4854,MARKET,FALL,0,1.2676,1.0000,0.6667,0.3378,1.0000,1.0000,0.0000,0.0002,1.2419
4855,MARKET,GROW,0,1.2480,1.0000,0.6667,0.2399,1.0000,1.0000,0.0000,0.0001,1.2422
4856,MARKET,SPREAD,0,1.2032,1.0000,0.6667,0.0162,1.0000,1.0000,0.0000,-0.0003,1.2402
4857,MARKET,FALL,0,1.2676,1.0000,0.6667,0.3378,1.0000,1.0000,0.0000,0.0002,1.2416
4858,MARKET,BURN,0,1.2567,1.0000,0.6667,0.2836,1.0000,1.0000,0.0000,0.0001,1.2423
4859,MARKET,FALL,0,1.2676,1.0000,0.6667,0.3378,1.0000,1.0000,0.0000,0.0002,1.2436
4860,MARKET,GROW,0,1.2480,1.0000,0.6667,0.2399,1.0000,1.0000,0.0000,0.0000,1.2438
4861,MARKET,BURN,0,1.2567,1.0000,0.6667,0.2836,1.0000,1.0000,0.0000,0.0001,1.2445
4862,MARKET,FALL,0,1.2676,1.0000,0.6667,0.3378,1.0000,1.0000,0.0000,0.0002,1.2456
4863,MARKET,GROW,0,1.2480,1.0000,0.6667,0.2399,1.0000,1.0000,0.0000,0.0000,1.2457
4864,MARKET,GROW,0,1.2480,1.0000,0.6667,0.2399,1.0000,1.0000,0.0000,0.0000,1.2458
4865,MARKET,GROW,0,1.2480,1.0000,0.6667,0.2399,1.0000,1.0000,0.0000,0.0000,1.2460
4866,MARKET,SPREAD,0,1.2032,1.0000,0.6667,0.0162,1.0000,1.0000,0.0000,-0.0004,1.2438
4867,MARKET,SPREAD,0,1.2032,1.0000,0.6667,0.0162,1.0000,1.0000,0.0000,-0.0003,1.2418
4868,MARKET,BURN,0,1.2567,1.0000,0.6667,0.2836,1.0000,1.0000,0.0000,0.0001,1.2425
4869,MARKET,FALL,0,1.2676,1.0000,0.6667,0.3378,1.0000,1.0000,0.0000,0.0002,1.2438
4870,MARKET,BURN,0,1.2567,1.0000,0.6667,0.2836,1.0000,1.0000,0.0000,0.0001,1.2444
4871,MARKET,GROW,0,1.2480,1.0000,0.6667,0.2399,1.0000,1.0000,0.0000,0.0000,1.2446
4872,MARKET,FALL,0,1.2676,1.0000,0.6667,0.3378,1.0000,1.0000,0.0000,0.0002,1.2458
4873,MARKET,FALL,0,1.2676,1.0000,0.6667,0.3378,1.0000,1.0000,0.0000,0.0002,1.2468
4874,MARKET,SPREAD,0,1.2032,1.0000,0.6667,0.0162,1.0000,1.0000,0.0000,-0.0004,1.2447
4875,MARKET,BURN,0,1.2567,1.0000,0.6667,0.2836,1.0000,1.0000,0.0000,0.0001,1.2453
4876,MARKET,SPREAD,0,1.2032,1.0000,0.6667,0.0162,1.0000,1.0000,0.0000,-0.0004,1.2432
4877,MARKET,SPREAD,0,1.2032,1.0000,0.6667,0.0162,1.0000,1.0000,0.0000,-0.0004,1.2412
4878,MARKET,FALL,0,1.2676,1.0000,0.6667,0.3378,1.0000,1.0000,0.0000,0.0002,1.2425
4879,MARKET,BURN,0,1.2567,1.0000,0.6667,0.2836,1.0000,1.0000,0.0000,0.0001,1.2432
4880,MARKET,GROW,0,1.2480,1.0000,0.6667,0.2399,1.0000,1.0000,0.0000,0.0000,1.2434
4881,MARKET,GROW,0,1.2480,1.0000,0.6667,0.2399,1.0000,1.0000,0.0000,0.0000,1.2437
4882,MARKET,BURN,0,1.2567,1.0000,0.6667,0.2836,1.0000,1.0000,0.0000,0.0001,1.2443
4883,MARKET,BURN,0,1.2567,1.0000,0.6667,0.2836,1.0000,1.0000,0.0000,0.0001,1.2449
4884,MARKET,BURN,0,1.2567,1.0000,0.6667,0.2836,1.0000,1.0000,0.0000,0.0001,1.2455
4885,MARKET,SPREAD,0,1.2032,1.0000,0.6667,0.0162,1.0000,1.0000,0.0000,-0.0004,1.2434
4886,MARKET,FALL,0,1.2676,1.0000,0.6667,0.3378,1.0000,1.0000,0.0000,0.0002,1.2446
4887,MARKET,BURN,0,1.2567,1.0000,0.6667,0.2836,1.0000,1.0000,0.0000,0.0001,1.2452
4888,MARKET,MOVE SEED,0,1.2620,1.0000,0.6667,0.3100,1.0000,1.0000,0.0000,0.0002,1.2461
4889,MARKET,BURN,0,1.2567,1.0000,0.6667,0.2836,1.0000,1.0000,0.0000,0.0001,1.2466
4890,MARKET,FALL,0,1.2676,1.0000,0.6667,0.3378,1.0000,1.0000,0.0000,0.0002,1.2476
4891,MARKET,GROW,0,1.2480,1.0000,0.6667,0.2399,1.0000,1.0000,0.0000,0.0000,1.2477
4892,MARKET,GROW,0,1.2480,1.0000,0.6667,0.2399,1.0000,1.0000,0.0000,0.0000,1.2477
4893,MARKET,SPREAD,0,1.2032,1.0000,0.6667,0.0162,1.0000,1.0000,0.0000,-0.0004,1.2455
4894,MARKET,GROW,0,1.2480,1.0000,0.6667,0.2399,1.0000,1.0000,0.0000,0.0000,1.2456
4895,MARKET,FALL,0,1.2676,1.0000,0.6667,0.3378,1.0000,1.0000,0.0000,0.0002,1.2467
4896,MARKET,SPREAD,0,1.2032,1.0000,0.6667,0.0162,1.0000,1.0000,0.0000,-0.0004,1.2445
4897,MARKET,SPREAD,0,1.2032,1.0000,0.6667,0.0162,1.0000,1.0000,0.0000,-0.0004,1.2424
4898,MARKET,BURN,0,1.2567,1.0000,0.6667,0.2836,1.0000,1.0000,0.0000,0.0001,1.2432
4899,MARKET,SPREAD,0,1.2032,1.0000,0.6667,0.0162,1.0000,1.0000,0.0000,-0.0004,1.2412
4900,MARKET,GROW,0,1.2480,1.0000,0.6667,0.2399,1.0000,1.0000,0.0000,0.0001,1.2415
4901,MARKET,BURN,0,1.2567,1.0000,0.6667,0.2836,1.0000,1.0000,0.0000,0.0001,1.2423
4902,MARKET,FALL,0,1.2676,1.0000,0.6667,0.3378,1.0000,1.0000,0.0000,0.0002,1.2435
4903,MARKET,GROW,0,1.2480,1.0000,0.6667,0.2399,1.0000,1.0000,0.0000,0.0000,1.2438
4904,MARKET,SPREAD,0,1.2032,1.0000,0.6667,0.0162,1.0000,1.0000,0.0000,-0.0004,1.2417
4905,MARKET,SPREAD,0,1.2032,1.0000,0.6667,0.0162,1.0000,1.0000,0.0000,-0.0004,1.2398
4906,MARKET,FALL,0,1.2676,1.0000,0.6667,0.3378,1.0000,1.0000,0.0000,0.0002,1.2412
4907,MARKET,GROW,0,1.2480,1.0000,0.6667,0.2399,1.0000,1.0000,0.0000,0.0001,1.2415
4908,MARKET,FALL,0,1.2676,1.0000,0.6667,0.3378,1.0000,1.0000,0.0000,0.0002,1.2428
4909,MARKET,SPREAD,0,1.2032,1.0000,0.6667,0.0162,1.0000,1.0000,0.0000,-0.0003,1.2408
4910,MARKET,FALL,0,1.2676,1.0000,0.6667,0.3378,1.0000,1.0000,0.0000,0.0002,1.2422
4911,MARKET,FALL,0,1.2676,1.0000,0.6667,0.3378,1.0000,1.0000,0.0000,0.0002,1.2435
4912,MARKET,MOVE BIG SEED,0,1.3625,1.0000,1.0000,0.3124,1.0000,1.0000,1.0000,0.0011,1.2494
4913,MARKET,FALL,0,1.2676,1.0000,0.6667,0.3378,1.0000,1.0000,0.0000,0.0002,1.2503
4914,MARKET,BURN,0,1.2567,1.0000,0.6667,0.2836,1.0000,1.0000,0.0000,0.0001,1.2506
4915,MARKET,BURN,0,1.2567,1.0000,0.6667,0.2836,1.0000,1.0000,0.0000,0.0001,1.2509
4916,MARKET,SPREAD,0,1.2032,1.0000,0.6667,0.0162,1.0000,1.0000,0.0000,-0.0004,1.2486
4917,MARKET,BURN,0,1.2567,1.0000,0.6667,0.2836,1.0000,1.0000,0.0000,0.0001,1.2490
4918,MARKET,GROW,0,1.2480,1.0000,0.6667,0.2399,1.0000,1.0000,0.0000,-0.0000,1.2489
4919,MARKET,GROW,0,1.2480,1.0000,0.6667,0.2399,1.0000,1.0000,0.0000,-0.0000,1.2489
4920,MARKET,BURN,0,1.2567,1.0000,0.6667,0.2836,1.0000,1.0000,0.0000,0.0001,1.2493
4921,MARKET,SPREAD,0,1.2032,1.0000,0.6667,0.0162,1.0000,1.0000,0.0000,-0.0004,1.2470
4922,MARKET,FALL,0,1.2676,1.0000,0.6667,0.3378,1.0000,1.0000,0.0000,0.0002,1.2480
4923,MARKET,FALL,0,1.2676,1.0000,0.6667,0.3378,1.0000,1.0000,0.0000,0.0002,1.2490
4924,MARKET,SPREAD,0,1.2032,1.0000,0.6667,0.0162,1.0000,1.0000,0.0000,-0.0004,1.2467
4925,MARKET,FALL,0,1.2676,1.0000,0.6667,0.3378,1.0000,1.0000,0.0000,0.0002,1.2477
4926,MARKET,GROW,0,1.2480,1.0000,0.6667,0.2399,1.0000,1.0000,0.0000,0.0000,1.2477
4927,MARKET,BURN,0,1.2567,1.0000,0.6667,0.2836,1.0000,1.0000,0.0000,0.0001,1.2482
4928,MARKET,FALL,0,1.2676,1.0000,0.6667,0.3378,1.0000,1.0000,0.0000,0.0002,1.2492
4929,MARKET,GROW,0,1.2480,1.0000,0.6667,0.2399,1.0000,1.0000,0.0000,-0.0000,1.2491
4930,MARKET,GROW,0,1.2480,1.0000,0.6667,0.2399,1.0000,1.0000,0.0000,-0.0000,1.2490
4931,MARKET,BURN,0,1.2567,1.0000,0.6667,0.2836,1.0000,1.0000,0.0000,0.0001,1.2494
4932,MARKET,BURN,0,1.2567,1.0000,0.6667,0.2836,1.0000,1.0000,0.0000,0.0001,1.2498
4933,MARKET,GROW,0,1.2480,1.0000,0.6667,0.2399,1.0000,1.0000,0.0000,-0.0000,1.2497
4934,MARKET,FALL,0,1.2676,1.0000,0.6667,0.3378,1.0000,1.0000,0.0000,0.0002,1.2506
4935,MARKET,FALL,0,1.2676,1.0000,0.6667,0.3378,1.0000,1.0000,0.0000,0.0001,1.2514
4936,MARKET,BURN,0,1.2567,1.0000,0.6667,0.2836,1.0000,1.0000,0.0000,0.0000,1.2517
4937,MARKET,BURN,0,1.2567,1.0000,0.6667,0.2836,1.0000,1.0000,0.0000,0.0000,1.2520
4938,MARKET,FALL,0,1.2676,1.0000,0.6667,0.3378,1.0000,1.0000,0.0000,0.0001,1.2527
4939,MARKET,FALL,0,1.2676,1.0000,0.6667,0.3378,1.0000,1.0000,0.0000,0.0001,1.2535
4940,MARKET,SPREAD,0,1.2032,1.0000,0.6667,0.0162,1.0000,1.0000,0.0000,-0.0004,1.2510
4941,MARKET,FALL,0,1.2676,1.0000,0.6667,0.3378,1.0000,1.0000,0.0000,0.0001,1.2518
4942,MARKET,GROW,0,1.2480,1.0000,0.6667,0.2399,1.0000,1.0000,0.0000,-0.0000,1.2516
4943,MARKET,SPREAD,0,1.2032,1.0000,0.6667,0.0162,1.0000,1.0000,0.0000,-0.0004,1.2492
4944,MARKET,BURN,0,1.2567,1.0000,0.6667,0.2836,1.0000,1.0000,0.0000,0.0001,1.2496
4945,MARKET,GROW,0,1.2480,1.0000,0.6667,0.2399,1.0000,1.0000,0.0000,-0.0000,1.2495
4946,MARKET,BURN,0,1.2567,1.0000,0.6667,0.2836,1.0000,1.0000,0.0000,0.0001,1.2498
4947,MARKET,BURN,0,1.2567,1.0000,0.6667,0.2836,1.0000,1.0000,0.0000,0.0001,1.2502
4948,MARKET,BURN,0,1.2567,1.0000,0.6667,0.2836,1.0000,1.0000,0.0000,0.0001,1.2505
4949,MARKET,SPREAD,0,1.2032,1.0000,0.6667,0.0162,1.0000,1.0000,0.0000,-0.0004,1.2481
4950,MARKET,BURN,0,1.2567,1.0000,0.6667,0.2836,1.0000,1.0000,0.0000,0.0001,1.2486
4951,MARKET,BURN,0,1.2567,1.0000,0.6667,0.2836,1.0000,1.0000,0.0000,0.0001,1.2490
4952,MARKET,GROW,0,1.2480,1.0000,0.6667,0.2399,1.0000,1.0000,0.0000,-0.0000,1.2489
4953,MARKET,SPREAD,0,1.2032,1.0000,0.6667,0.0162,1.0000,1.0000,0.0000,-0.0004,1.2466
4954,MARKET,FALL,0,1.2676,1.0000,0.6667,0.3378,1.0000,1.0000,0.0000,0.0002,1.2477
4955,MARKET,FALL,0,1.2676,1.0000,0.6667,0.3378,1.0000,1.0000,0.0000,0.0002,1.2487
4956,MARKET,BURN,0,1.2567,1.0000,0.6667,0.2836,1.0000,1.0000,0.0000,0.0001,1.2491
4957,MARKET,GROW,0,1.2480,1.0000,0.6667,0.2399,1.0000,1.0000,0.0000,-0.0000,1.2490
4958,HOME,GROW,0,1.2533,1.0000,0.6667,0.2667,1.0000,1.0000,0.0000,0.0297,1.2492
4959,MARKET,FALL,0,1.2676,1.0000,0.6667,0.3378,1.0000,1.0000,0.0000,0.0002,1.2502
4960,MARKET,FALL,0,1.2676,1.0000,0.6667,0.3378,1.0000,1.0000,0.0000,0.0002,1.2510
4961,MARKET,GROW,0,1.2480,1.0000,0.6667,0.2399,1.0000,1.0000,0.0000,-0.0000,1.2509
4962,MARKET,BURN,0,1.2567,1.0000,0.6667,0.2836,1.0000,1.0000,0.0000,0.0001,1.2512
4963,MARKET,FALL,0,1.2676,1.0000,0.6667,0.3378,1.0000,1.0000,0.0000,0.0001,1.2520
4964,MARKET,FALL,0,1.2676,1.0000,0.6667,0.3378,1.0000,1.0000,0.0000,0.0001,1.2528
4965,MARKET,SPREAD,0,1.2032,1.0000,0.6667,0.0162,1.0000,1.0000,0.0000,-0.0004,1.2503
4966,MARKET,GROW,0,1.2480,1.0000,0.6667,0.2399,1.0000,1.0000,0.0000,-0.0000,1.2502
4967,MARKET,SPREAD,0,1.2032,1.0000,0.6667,0.0162,1.0000,1.0000,0.0000,-0.0004,1.2478
4968,MARKET,,0,1.1000,1.0000,0.3333,0.0000,1.0000,0.0000,0.0000,-0.0013,1.2404
4969,MARKET,GROW,0,1.2480,1.0000,0.6667,0.2399,1.0000,1.0000,0.0000,0.0001,1.2408
4970,MARKET,BURN,0,1.2567,1.0000,0.6667,0.2836,1.0000,1.0000,0.0000,0.0001,1.2416
4971,MARKET,FALL,0,1.2676,1.0000,0.6667,0.3378,1.0000,1.0000,0.0000,0.0002,1.2429
4972,MARKET,SPREAD,0,1.2032,1.0000,0.6667,0.0162,1.0000,1.0000,0.0000,-0.0004,1.2409
4973,MARKET,GROW,0,1.2480,1.0000,0.6667,0.2399,1.0000,1.0000,0.0000,0.0001,1.2413
4974,MARKET,BURN,0,1.2567,1.0000,0.6667,0.2836,1.0000,1.0000,0.0000,0.0001,1.2420
4975,MARKET,GROW,0,1.2480,1.0000,0.6667,0.2399,1.0000,1.0000,0.0000,0.0001,1.2423
4976,MARKET,GROW,0,1.2480,1.0000,0.6667,0.2399,1.0000,1.0000,0.0000,0.0000,1.2426
4977,MARKET,FALL,0,1.2676,1.0000,0.6667,0.3378,1.0000,1.0000,0.0000,0.0002,1.2439
4978,HOME,FALL,0,1.2564,1.0000,0.6667,0.2818,1.0000,1.0000,0.0000,0.0854,1.2445
4979,MARKET,BURN,0,1.2567,1.0000,0.6667,0.2836,1.0000,1.0000,0.0000,0.0001,1.2451
4980,MARKET,GROW,0,1.2480,1.0000,0.6667,0.2399,1.0000,1.0000,0.0000,0.0000,1.2453
4981,MARKET,FALL,0,1.2676,1.0000,0.6667,0.3378,1.0000,1.0000,0.0000,0.0002,1.2464
4982,MARKET,BURN,0,1.2567,1.0000,0.6667,0.2836,1.0000,1.0000,0.0000,0.0001,1.2469
4983,MARKET,FALL,0,1.2676,1.0000,0.6667,0.3378,1.0000,1.0000,0.0000,0.0002,1.2479
4984,MARKET,GROW,0,1.2480,1.0000,0.6667,0.2399,1.0000,1.0000,0.0000,0.0000,1.2479
4985,MARKET,GROW,0,1.2480,1.0000,0.6667,0.2399,1.0000,1.0000,0.0000,0.0000,1.2479
4986,MARKET,FALL,0,1.2676,1.0000,0.6667,0.3378,1.0000,1.0000,0.0000,0.0002,1.2489
4987,MARKET,BURN,0,1.2567,1.0000,0.6667,0.2836,1.0000,1.0000,0.0000,0.0001,1.2493
4988,MARKET,FALL,0,1.2676,1.0000,0.6667,0.3378,1.0000,1.0000,0.0000,0.0002,1.2502
4989,MARKET,GROW,0,1.2480,1.0000,0.6667,0.2399,1.0000,1.0000,0.0000,-0.0000,1.2501
4990,MARKET,BURN,0,1.2567,1.0000,0.6667,0.2836,1.0000,1.0000,0.0000,0.0001,1.2504
4991,MARKET,FALL,0,1.2676,1.0000,0.6667,0.3378,1.0000,1.0000,0.0000,0.0002,1.2513
4992,MARKET,GROW,0,1.2480,1.0000,0.6667,0.2399,1.0000,1.0000,0.0000,-0.0000,1.2511
4993,MARKET,SPREAD,0,1.2032,1.0000,0.6667,0.0162,1.0000,1.0000,0.0000,-0.0005,1.2487
4994,MARKET,BURN,0,1.2567,1.0000,0.6667,0.2836,1.0000,1.0000,0.0000,0.0001,1.2491
4995,MARKET,FALL,0,1.2676,1.0000,0.6667,0.3378,1.0000,1.0000,0.0000,0.0002,1.2500
4996,MARKET,BURN,0,1.2567,1.0000,0.6667,0.2836,1.0000,1.0000,0.0000,0.0001,1.2504
4997,MARKET,BURN,0,1.2567,1.0000,0.6667,0.2836,1.0000,1.0000,0.0000,0.0001,1.2507
4998,MARKET,MOVE FREE SLOW FIRE MOVE CORRUPTED NETWORK,0,1.3447,1.0000,1.0000,0.2234,1.0000,1.0000,1.0000,0.0010,1.2554
4999,MARKET,FALL,0,1.2676,1.0000,0.6667,0.3378,1.0000,1.0000,0.0000,0.0001,1.2560
5000,MARKET,GROW,0,1.2480,1.0000,0.6667,0.2399,1.0000,1.0000,0.0000,-0.0001,1.2556
5001,MARKET,FALL,0,1.2676,1.0000,0.6667,0.3378,1.0000,1.0000,0.0000,0.0001,1.2562
5002,MARKET,SPREAD,0,1.2032,1.0000,0.6667,0.0162,1.0000,1.0000,0.0000,-0.0006,1.2536
5003,MARKET,BURN,0,1.2567,1.0000,0.6667,0.2836,1.0000,1.0000,0.0000,0.0000,1.2537
5004,MARKET,GROW,0,1.2480,1.0000,0.6667,0.2399,1.0000,1.0000,0.0000,-0.0001,1.2534
5005,MARKET,SPREAD,0,1.2032,1.0000,0.6667,0.0162,1.0000,1.0000,0.0000,-0.0005,1.2509
5006,MARKET,GROW,0,1.2480,1.0000,0.6667,0.2399,1.0000,1.0000,0.0000,-0.0000,1.2508
5007,MARKET,MOVE WOOD,0,1.2679,1.0000,0.6667,0.3394,1.0000,1.0000,0.0000,0.0002,1.2516
5008,MARKET,GROW,0,1.2480,1.0000,0.6667,0.2399,1.0000,1.0000,0.0000,-0.0000,1.2514
5009,MARKET,BURN,0,1.2567,1.0000,0.6667,0.2836,1.0000,1.0000,0.0000,0.0001,1.2517
5010,MARKET,BURN,0,1.2567,1.0000,0.6667,0.2836,1.0000,1.0000,0.0000,0.0000,1.2520
5011,MARKET,FALL,0,1.2676,1.0000,0.6667,0.3378,1.0000,1.0000,0.0000,0.0001,1.2527
5012,MARKET,SPREAD,0,1.2032,1.0000,0.6667,0.0162,1.0000,1.0000,0.0000,-0.0005,1.2503
5013,MARKET,BURN,0,1.2567,1.0000,0.6667,0.2836,1.0000,1.0000,0.0000,0.0001,1.2506
5014,MARKET,SPREAD,0,1.2032,1.0000,0.6667,0.0162,1.0000,1.0000,0.0000,-0.0005,1.2482
5015,MARKET,FALL,0,1.2676,1.0000,0.6667,0.3378,1.0000,1.0000,0.0000,0.0002,1.2492
5016,MARKET,BURN,0,1.2567,1.0000,0.6667,0.2836,1.0000,1.0000,0.0000,0.0001,1.2496
5017,MARKET,SPREAD,0,1.2032,1.0000,0.6667,0.0162,1.0000,1.0000,0.0000,-0.0005,1.2472
5018,MARKET,SPREAD,0,1.2032,1.0000,0.6667,0.0162,1.0000,1.0000,0.0000,-0.0004,1.2450
5019,MARKET,GROW,0,1.2480,1.0000,0.6667,0.2399,1.0000,1.0000,0.0000,0.0000,1.2452
5020,MARKET,BURN,0,1.2567,1.0000,0.6667,0.2836,1.0000,1.0000,0.0000,0.0001,1.2458
5021,MARKET,BURN,0,1.2567,1.0000,0.6667,0.2836,1.0000,1.0000,0.0000,0.0001,1.2463
5022,MARKET,BURN,0,1.2567,1.0000,0.6667,0.2836,1.0000,1.0000,0.0000,0.0001,1.2468
5023,MARKET,BURN,0,1.2567,1.0000,0.6667,0.2836,1.0000,1.0000,0.0000,0.0001,1.2473
5024,MARKET,BURN,0,1.2567,1.0000,0.6667,0.2836,1.0000,1.0000,0.0000,0.0001,1.2478
5025,MARKET,SPREAD,0,1.2032,1.0000,0.6667,0.0162,1.0000,1.0000,0.0000,-0.0005,1.2456
5026,MARKET,SPREAD,0,1.2032,1.0000,0.6667,0.0162,1.0000,1.0000,0.0000,-0.0005,1.2435
5027,MARKET,FALL,0,1.2676,1.0000,0.6667,0.3378,1.0000,1.0000,0.0000,0.0002,1.2447
5028,MARKET,,0,1.1000,1.0000,0.3333,0.0000,1.0000,0.0000,0.0000,-0.0015,1.2374
5029,MARKET,BURN,0,1.2567,1.0000,0.6667,0.2836,1.0000,1.0000,0.0000,0.0002,1.2384
5030,MARKET,FALL,0,1.2676,1.0000,0.6667,0.3378,1.0000,1.0000,0.0000,0.0003,1.2398
5031,MARKET,GROW,0,1.2480,1.0000,0.6667,0.2399,1.0000,1.0000,0.0000,0.0001,1.2403
5032,MARKET,FALL,0,1.2676,1.0000,0.6667,0.3378,1.0000,1.0000,0.0000,0.0003,1.2416
5033,MARKET,GROW,0,1.2480,1.0000,0.6667,0.2399,1.0000,1.0000,0.0000,0.0001,1.2419
5034,MARKET,BURN,0,1.2567,1.0000,0.6667,0.2836,1.0000,1.0000,0.0000,0.0002,1.2427
5035,MARKET,FALL,0,1.2676,1.0000,0.6667,0.3378,1.0000,1.0000,0.0000,0.0003,1.2439
5036,MARKET,BURN,0,1.2567,1.0000,0.6667,0.2836,1.0000,1.0000,0.0000,0.0001,1.2446
5037,MARKET,SPREAD,0,1.2032,1.0000,0.6667,0.0162,1.0000,1.0000,0.0000,-0.0004,1.2425
5038,MARKET,BURN,0,1.2567,1.0000,0.6667,0.2836,1.0000,1.0000,0.0000,0.0001,1.2432
5039,MARKET,FALL,0,1.2676,1.0000,0.6667,0.3378,1.0000,1.0000,0.0000,0.0003,1.2444
5040,MARKET,FALL,0,1.2676,1.0000,0.6667,0.3378,1.0000,1.0000,0.0000,0.0003,1.2456
5041,MARKET,BURN,0,1.2567,1.0000,0.6667,0.2836,1.0000,1.0000,0.0000,0.0001,1.2461
5042,MARKET,FALL,0,1.2676,1.0000,0.6667,0.3378,1.0000,1.0000,0.0000,0.0002,1.2472
5043,MARKET,SPREAD,0,1.2032,1.0000,0.6667,0.0162,1.0000,1.0000,0.0000,-0.0005,1.2450
5044,MARKET,FALL,0,1.2676,1.0000,0.6667,0.3378,1.0000,1.0000,0.0000,0.0002,1.2461
5045,MARKET,FALL,0,1.2676,1.0000,0.6667,0.3378,1.0000,1.0000,0.0000,0.0002,1.2472
5046,MARKET,FALL,0,1.2676,1.0000,0.6667,0.3378,1.0000,1.0000,0.0000,0.0002,1.2482
5047,MARKET,SPREAD,0,1.2032,1.0000,0.6667,0.0162,1.0000,1.0000,0.0000,-0.0005,1.2460
5048,MARKET,FALL,0,1.2676,1.0000,0.6667,0.3378,1.0000,1.0000,0.0000,0.0002,1.2471
5049,MARKET,BURN,0,1.2567,1.0000,0.6667,0.2836,1.0000,1.0000,0.0000,0.0001,1.2475
5050,MARKET,GROW,0,1.2480,1.0000,0.6667,0.2399,1.0000,1.0000,0.0000,0.0000,1.2476
5051,MARKET,BURN,0,1.2567,1.0000,0.6667,0.2836,1.0000,1.0000,0.0000,0.0001,1.2480
5052,MARKET,FALL,0,1.2676,1.0000,0.6667,0.3378,1.0000,1.0000,0.0000,0.0002,1.2490
5053,MARKET,FALL,0,1.2676,1.0000,0.6667,0.3378,1.0000,1.0000,0.0000,0.0002,1.2499
5054,MARKET,SPREAD,0,1.2032,1.0000,0.6667,0.0162,1.0000,1.0000,0.0000,-0.0005,1.2476
5055,MARKET,BURN,0,1.2567,1.0000,0.6667,0.2836,1.0000,1.0000,0.0000,0.0001,1.2480
5056,MARKET,FALL,0,1.2676,1.0000,0.6667,0.3378,1.0000,1.0000,0.0000,0.0002,1.2490
5057,MARKET,SPREAD,0,1.2032,1.0000,0.6667,0.0162,1.0000,1.0000,0.0000,-0.0005,1.2467
5058,MARKET,FALL,0,1.2676,1.0000,0.6667,0.3378,1.0000,1.0000,0.0000,0.0002,1.2478
5059,DUST,FALL,0,1.2000,1.0000,0.6667,0.0000,1.0000,1.0000,0.0000,-0.4225,1.2454
5060,MARKET,SPREAD,0,1.2032,1.0000,0.6667,0.0162,1.0000,1.0000,0.0000,-0.0004,1.2433
5061,MARKET,GROW,0,1.2480,1.0000,0.6667,0.2399,1.0000,1.0000,0.0000,0.0000,1.2435
5062,MARKET,GROW,0,1.2480,1.0000,0.6667,0.2399,1.0000,1.0000,0.0000,0.0000,1.2437
5063,MARKET,GROW,0,1.2480,1.0000,0.6667,0.2399,1.0000,1.0000,0.0000,0.0000,1.2439
5064,MARKET,FALL,0,1.2676,1.0000,0.6667,0.3378,1.0000,1.0000,0.0000,0.0002,1.2451
5065,MARKET,SPREAD,0,1.2032,1.0000,0.6667,0.0162,1.0000,1.0000,0.0000,-0.0003,1.2430
5066,MARKET,BURN,0,1.2567,1.0000,0.6667,0.2836,1.0000,1.0000,0.0000,0.0001,1.2437
5067,MARKET,SPREAD,0,1.2032,1.0000,0.6667,0.0162,1.0000,1.0000,0.0000,-0.0003,1.2417
5068,MARKET,BURN,0,1.2567,1.0000,0.6667,0.2836,1.0000,1.0000,0.0000,0.0001,1.2424
5069,MARKET,FALL,0,1.2676,1.0000,0.6667,0.3378,1.0000,1.0000,0.0000,0.0002,1.2437
5070,MARKET,FALL,0,1.2676,1.0000,0.6667,0.3378,1.0000,1.0000,0.0000,0.0002,1.2449
5071,MARKET,SPREAD,0,1.2032,1.0000,0.6667,0.0162,1.0000,1.0000,0.0000,-0.0003,1.2428
5072,MARKET,GROW,0,1.2480,1.0000,0.6667,0.2399,1.0000,1.0000,0.0000,0.0000,1.2431
5073,MARKET,FALL,0,1.2676,1.0000,0.6667,0.3378,1.0000,1.0000,0.0000,0.0002,1.2443
5074,MARKET,SPREAD,0,1.2032,1.0000,0.6667,0.0162,1.0000,1.0000,0.0000,-0.0003,1.2422
5075,MARKET,FALL,0,1.2676,1.0000,0.6667,0.3378,1.0000,1.0000,0.0000,0.0002,1.2435
5076,MARKET,GROW,0,1.2480,1.0000,0.6667,0.2399,1.0000,1.0000,0.0000,0.0000,1.2437
5077,MARKET,BURN,0,1.2567,1.0000,0.6667,0.2836,1.0000,1.0000,0.0000,0.0001,1.2444
5078,MARKET,FALL,0,1.2676,1.0000,0.6667,0.3378,1.0000,1.0000,0.0000,0.0002,1.2455
5079,MARKET,GROW,0,1.2480,1.0000,0.6667,0.2399,1.0000,1.0000,0.0000,0.0000,1.2457
5080,MARKET,BURN,0,1.2567,1.0000,0.6667,0.2836,1.0000,1.0000,0.0000,0.0001,1.2462
5081,MARKET,GROW,0,1.2480,1.0000,0.6667,0.2399,1.0000,1.0000,0.0000,0.0000,1.2463
5082,MARKET,FALL,0,1.2676,1.0000,0.6667,0.3378,1.0000,1.0000,0.0000,0.0001,1.2474
5083,MARKET,BURN,0,1.2567,1.0000,0.6667,0.2836,1.0000,1.0000,0.0000,0.0001,1.2478
5084,MARKET,SPREAD,0,1.2032,1.0000,0.6667,0.0162,1.0000,1.0000,0.0000,-0.0003,1.2456
5085,MARKET,SPREAD,0,1.2032,1.0000,0.6667,0.0162,1.0000,1.0000,0.0000,-0.0003,1.2435
5086,MARKET,SPREAD,0,1.2032,1.0000,0.6667,0.0162,1.0000,1.0000,0.0000,-0.0003,1.2415
5087,MARKET,GROW,0,1.2480,1.0000,0.6667,0.2399,1.0000,1.0000,0.0000,0.0000,1.2418
5088,MARKET,FALL,0,1.2676,1.0000,0.6667,0.3378,1.0000,1.0000,0.0000,0.0002,1.2431
5089,MARKET,FALL,0,1.2676,1.0000,0.6667,0.3378,1.0000,1.0000,0.0000,0.0002,1.2443
5090,MARKET,BURN,0,1.2567,1.0000,0.6667,0.2836,1.0000,1.0000,0.0000,0.0001,1.2449
5091,MARKET,SPREAD,0,1.2032,1.0000,0.6667,0.0162,1.0000,1.0000,0.0000,-0.0003,1.2428
5092,MARKET,GROW,0,1.2480,1.0000,0.6667,0.2399,1.0000,1.0000,0.0000,0.0000,1.2431
5093,MARKET,SPREAD,0,1.2032,1.0000,0.6667,0.0162,1.0000,1.0000,0.0000,-0.0003,1.2411
5094,MARKET,FALL,0,1.2676,1.0000,0.6667,0.3378,1.0000,1.0000,0.0000,0.0002,1.2424
5095,MARKET,BURN,0,1.2567,1.0000,0.6667,0.2836,1.0000,1.0000,0.0000,0.0001,1.2431
5096,MARKET,FALL,0,1.2676,1.0000,0.6667,0.3378,1.0000,1.0000,0.0000,0.0002,1.2444
5097,MARKET,BURN,0,1.2567,1.0000,0.6667,0.2836,1.0000,1.0000,0.0000,0.0001,1.2450
5098,MARKET,GROW,0,1.2480,1.0000,0.6667,0.2399,1.0000,1.0000,0.0000,0.0000,1.2451
5099,MARKET,SPREAD,0,1.2032,1.0000,0.6667,0.0162,1.0000,1.0000,0.0000,-0.0003,1.2430
5100,MARKET,BREAK CALM STRANGER,0,1.3515,1.0000,1.0000,0.2574,1.0000,1.0000,1.0000,0.0007,1.2485
5101,MARKET,SPREAD,0,1.2032,1.0000,0.6667,0.0162,1.0000,1.0000,0.0000,-0.0003,1.2462
5102,MARKET,SPREAD,0,1.2032,1.0000,0.6667,0.0162,1.0000,1.0000,0.0000,-0.0003,1.2441
5103,MARKET,FALL,0,1.2676,1.0000,0.6667,0.3378,1.0000,1.0000,0.0000,0.0002,1.2452
5104,MARKET,,0,1.1000,1.0000,0.3333,0.0000,1.0000,0.0000,0.0000,-0.0010,1.2380
5105,MARKET,FALL,0,1.2676,1.0000,0.6667,0.3378,1.0000,1.0000,0.0000,0.0002,1.2394
5106,MARKET,BURN,0,1.2567,1.0000,0.6667,0.2836,1.0000,1.0000,0.0000,0.0001,1.2403
5107,MARKET,FALL,0,1.2676,1.0000,0.6667,0.3378,1.0000,1.0000,0.0000,0.0002,1.2417
5108,MARKET,SPREAD,0,1.2032,1.0000,0.6667,0.0162,1.0000,1.0000,0.0000,-0.0003,1.2397
5109,MARKET,SPREAD,0,1.2032,1.0000,0.6667,0.0162,1.0000,1.0000,0.0000,-0.0002,1.2379
5110,MARKET,BURN,0,1.2567,1.0000,0.6667,0.2836,1.0000,1.0000,0.0000,0.0001,1.2389
5111,MARKET,FALL,0,1.2676,1.0000,0.6667,0.3378,1.0000,1.0000,0.0000,0.0002,1.2403
5112,MARKET,BURN,0,1.2567,1.0000,0.6667,0.2836,1.0000,1.0000,0.0000,0.0001,1.2411
5113,MARKET,BURN,0,1.2567,1.0000,0.6667,0.2836,1.0000,1.0000,0.0000,0.0001,1.2419
5114,MARKET,FALL,0,1.2676,1.0000,0.6667,0.3378,1.0000,1.0000,0.0000,0.0002,1.2432
5115,MARKET,FALL,0,1.2676,1.0000,0.6667,0.3378,1.0000,1.0000,0.0000,0.0002,1.2444
5116,MARKET,GROW,0,1.2480,1.0000,0.6667,0.2399,1.0000,1.0000,0.0000,0.0000,1.2446
5117,MARKET,FALL,0,1.2676,1.0000,0.6667,0.3378,1.0000,1.0000,0.0000,0.0002,1.2457
5118,MARKET,SPREAD,0,1.2032,1.0000,0.6667,0.0162,1.0000,1.0000,0.0000,-0.0003,1.2436
5119,MARKET,FALL,0,1.2676,1.0000,0.6667,0.3378,1.0000,1.0000,0.0000,0.0002,1.2448
5120,MARKET,GROW,0,1.2480,1.0000,0.6667,0.2399,1.0000,1.0000,0.0000,0.0000,1.2450
5121,MARKET,SPREAD,0,1.2032,1.0000,0.6667,0.0162,1.0000,1.0000,0.0000,-0.0003,1.2429
5122,MARKET,GROW,0,1.2480,1.0000,0.6667,0.2399,1.0000,1.0000,0.0000,0.0000,1.2431
5123,MARKET,FALL,0,1.2676,1.0000,0.6667,0.3378,1.0000,1.0000,0.0000,0.0002,1.2443
5124,MARKET,FALL,0,1.2676,1.0000,0.6667,0.3378,1.0000,1.0000,0.0000,0.0002,1.2455
5125,MARKET,BURN,0,1.2567,1.0000,0.6667,0.2836,1.0000,1.0000,0.0000,0.0001,1.2461
5126,MARKET,BURN,0,1.2567,1.0000,0.6667,0.2836,1.0000,1.0000,0.0000,0.0001,1.2466
5127,MARKET,SPREAD,0,1.2032,1.0000,0.6667,0.0162,1.0000,1.0000,0.0000,-0.0003,1.2444
5128,MARKET,BURN,0,1.2567,1.0000,0.6667,0.2836,1.0000,1.0000,0.0000,0.0001,1.2450
5129,MARKET,GROW,0,1.2480,1.0000,0.6667,0.2399,1.0000,1.0000,0.0000,0.0000,1.2452
5130,MARKET,SPREAD,0,1.2032,1.0000,0.6667,0.0162,1.0000,1.0000,0.0000,-0.0003,1.2431
5131,MARKET,FALL,0,1.2676,1.0000,0.6667,0.3378,1.0000,1.0000,0.0000,0.0002,1.2443
5132,MARKET,BURN,0,1.2567,1.0000,0.6667,0.2836,1.0000,1.0000,0.0000,0.0001,1.2449
5133,MARKET,BURN,0,1.2567,1.0000,0.6667,0.2836,1.0000,1.0000,0.0000,0.0001,1.2455
5134,MARKET,BURN,0,1.2567,1.0000,0.6667,0.2836,1.0000,1.0000,0.0000,0.0001,1.2461
5135,MARKET,BURN,0,1.2567,1.0000,0.6667,0.2836,1.0000,1.0000,0.0000,0.0001,1.2466
5136,MARKET,FALL,0,1.2676,1.0000,0.6667,0.3378,1.0000,1.0000,0.0000,0.0001,1.2477
5137,MARKET,GROW,0,1.2480,1.0000,0.6667,0.2399,1.0000,1.0000,0.0000,0.0000,1.2477
5138,CITY,GROW,0,1.2480,1.0000,0.6667,0.2399,1.0000,1.0000,0.0000,0.0025,1.2477
5139,MARKET,SPREAD,0,1.2032,1.0000,0.6667,0.0162,1.0000,1.0000,0.0000,-0.0003,1.2455
5140,MARKET,BURN,0,1.2567,1.0000,0.6667,0.2836,1.0000,1.0000,0.0000,0.0001,1.2460
5141,MARKET,FALL,0,1.2676,1.0000,0.6667,0.3378,1.0000,1.0000,0.0000,0.0001,1.2471
5142,MARKET,SPREAD,0,1.2032,1.0000,0.6667,0.0162,1.0000,1.0000,0.0000,-0.0003,1.2449
5143,MARKET,BURN,0,1.2567,1.0000,0.6667,0.2836,1.0000,1.0000,0.0000,0.0001,1.2455
5144,MARKET,SPREAD,0,1.2032,1.0000,0.6667,0.0162,1.0000,1.0000,0.0000,-0.0003,1.2434
5145,MARKET,FALL,0,1.2676,1.0000,0.6667,0.3378,1.0000,1.0000,0.0000,0.0002,1.2446
5146,MARKET,FALL,0,1.2676,1.0000,0.6667,0.3378,1.0000,1.0000,0.0000,0.0002,1.2458
5147,MARKET,FALL,0,1.2676,1.0000,0.6667,0.3378,1.0000,1.0000,0.0000,0.0001,1.2468
5148,MARKET,SPREAD,0,1.2032,1.0000,0.6667,0.0162,1.0000,1.0000,0.0000,-0.0003,1.2447
5149,MARKET,BURN,0,1.2567,1.0000,0.6667,0.2836,1.0000,1.0000,0.0000,0.0001,1.2453
5150,MARKET,FALL,0,1.2676,1.0000,0.6667,0.3378,1.0000,1.0000,0.0000,0.0001,1.2464
5151,MARKET,SPREAD,0,1.2032,1.0000,0.6667,0.0162,1.0000,1.0000,0.0000,-0.0003,1.2442
5152,MARKET,SPREAD,0,1.2032,1.0000,0.6667,0.0162,1.0000,1.0000,0.0000,-0.0003,1.2422
5153,MARKET,FALL,0,1.2676,1.0000,0.6667,0.3378,1.0000,1.0000,0.0000,0.0002,1.2434
5154,MARKET,BURN,0,1.2567,1.0000,0.6667,0.2836,1.0000,1.0000,0.0000,0.0001,1.2441
5155,MARKET,GROW,0,1.2480,1.0000,0.6667,0.2399,1.0000,1.0000,0.0000,0.0000,1.2443
5156,MARKET,SPREAD,0,1.2032,1.0000,0.6667,0.0162,1.0000,1.0000,0.0000,-0.0003,1.2422
5157,MARKET,SPREAD,0,1.2032,1.0000,0.6667,0.0162,1.0000,1.0000,0.0000,-0.0003,1.2403
5158,MARKET,SPREAD,0,1.2032,1.0000,0.6667,0.0162,1.0000,1.0000,0.0000,-0.0002,1.2384
5159,MARKET,BURN,0,1.2567,1.0000,0.6667,0.2836,1.0000,1.0000,0.0000,0.0001,1.2394
5160,MARKET,BURN,0,1.2567,1.0000,0.6667,0.2836,1.0000,1.0000,0.0000,0.0001,1.2402
5161,MARKET,GROW,0,1.2480,1.0000,0.6667,0.2399,1.0000,1.0000,0.0000,0.0001,1.2406
5162,MARKET,FALL,0,1.2676,1.0000,0.6667,0.3378,1.0000,1.0000,0.0000,0.0002,1.2420
5163,MARKET,GROW,0,1.2480,1.0000,0.6667,0.2399,1.0000,1.0000,0.0000,0.0000,1.2423
5164,MARKET,BURN,0,1.2567,1.0000,0.6667,0.2836,1.0000,1.0000,0.0000,0.0001,1.2430
5165,MARKET,GROW,0,1.2480,1.0000,0.6667,0.2399,1.0000,1.0000,0.0000,0.0000,1.2432
5166,MARKET,FALL,0,1.2676,1.0000,0.6667,0.3378,1.0000,1.0000,0.0000,0.0002,1.2444
5167,MARKET,BURN,0,1.2567,1.0000,0.6667,0.2836,1.0000,1.0000,0.0000,0.0001,1.2451
5168,MARKET,BURN,0,1.2567,1.0000,0.6667,0.2836,1.0000,1.0000,0.0000,0.0001,1.2456
5169,MARKET,GROW,0,1.2480,1.0000,0.6667,0.2399,1.0000,1.0000,0.0000,0.0000,1.2458
5170,MARKET,FALL,0,1.2676,1.0000,0.6667,0.3378,1.0000,1.0000,0.0000,0.0001,1.2469
5171,MARKET,FALL,0,1.2676,1.0000,0.6667,0.3378,1.0000,1.0000,0.0000,0.0001,1.2479
5172,MARKET,SPREAD,0,1.2032,1.0000,0.6667,0.0162,1.0000,1.0000,0.0000,-0.0003,1.2457
5173,MARKET,SPREAD,0,1.2032,1.0000,0.6667,0.0162,1.0000,1.0000,0.0000,-0.0003,1.2435
5174,MARKET,SPREAD,0,1.2032,1.0000,0.6667,0.0162,1.0000,1.0000,0.0000,-0.0003,1.2415
5175,MARKET,FALL,0,1.2676,1.0000,0.6667,0.3378,1.0000,1.0000,0.0000,0.0002,1.2428
5176,MARKET,GROW,0,1.2480,1.0000,0.6667,0.2399,1.0000,1.0000,0.0000,0.0000,1.2431
5177,MARKET,SPREAD,0,1.2032,1.0000,0.6667,0.0162,1.0000,1.0000,0.0000,-0.0003,1.2411
5178,MARKET,GROW,0,1.2480,1.0000,0.6667,0.2399,1.0000,1.0000,0.0000,0.0000,1.2414
5179,MARKET,SPREAD,0,1.2032,1.0000,0.6667,0.0162,1.0000,1.0000,0.0000,-0.0003,1.2395
5180,MARKET,BURN,0,1.2567,1.0000,0.6667,0.2836,1.0000,1.0000,0.0000,0.0001,1.2404
5181,MARKET,BURN,0,1.2567,1.0000,0.6667,0.2836,1.0000,1.0000,0.0000,0.0001,1.2412
5182,MARKET,FALL,0,1.2676,1.0000,0.6667,0.3378,1.0000,1.0000,0.0000,0.0002,1.2425
5183,MARKET,GROW,0,1.2480,1.0000,0.6667,0.2399,1.0000,1.0000,0.0000,0.0000,1.2428
5184,MARKET,GROW,0,1.2480,1.0000,0.6667,0.2399,1.0000,1.0000,0.0000,0.0000,1.2430
5185,MARKET,FALL,0,1.2676,1.0000,0.6667,0.3378,1.0000,1.0000,0.0000,0.0002,1.2443
5186,MARKET,FALL,0,1.2676,1.0000,0.6667,0.3378,1.0000,1.0000,0.0000,0.0002,1.2454
5187,MARKET,GROW,0,1.2480,1.0000,0.6667,0.2399,1.0000,1.0000,0.0000,0.0000,1.2456
5188,MARKET,,0,1.1000,1.0000,0.3333,0.0000,1.0000,0.0000,0.0000,-0.0009,1.2383
5189,MARKET,GROW,0,1.2480,1.0000,0.6667,0.2399,1.0000,1.0000,0.0000,0.0001,1.2388
5190,MARKET,BURN,0,1.2567,1.0000,0.6667,0.2836,1.0000,1.0000,0.0000,0.0001,1.2397
5191,MARKET,BURN,0,1.2567,1.0000,0.6667,0.2836,1.0000,1.0000,0.0000,0.0001,1.2405
5192,MARKET,GROW,0,1.2480,1.0000,0.6667,0.2399,1.0000,1.0000,0.0000,0.0000,1.2409
5193,MARKET,BURN,0,1.2567,1.0000,0.6667,0.2836,1.0000,1.0000,0.0000,0.0001,1.2417
5194,MARKET,FALL,0,1.2676,1.0000,0.6667,0.3378,1.0000,1.0000,0.0000,0.0002,1.2430
5195,MARKET,BURN,0,1.2567,1.0000,0.6667,0.2836,1.0000,1.0000,0.0000,0.0001,1.2437
5196,MARKET,SPREAD,0,1.2032,1.0000,0.6667,0.0162,1.0000,1.0000,0.0000,-0.0003,1.2416
5197,MARKET,GROW,0,1.2480,1.0000,0.6667,0.2399,1.0000,1.0000,0.0000,0.0000,1.2420
5198,MARKET,SPREAD,0,1.2032,1.0000,0.6667,0.0162,1.0000,1.0000,0.0000,-0.0002,1.2400
5199,MARKET,FALL,0,1.2676,1.0000,0.6667,0.3378,1.0000,1.0000,0.0000,0.0002,1.2414
5200,MARKET,GROW,0,1.2480,1.0000,0.6667,0.2399,1.0000,1.0000,0.0000,0.0000,1.2417
5201,MARKET,SPREAD,0,1.2032,1.0000,0.6667,0.0162,1.0000,1.0000,0.0000,-0.0003,1.2398
5202,MARKET,BURN,0,1.2567,1.0000,0.6667,0.2836,1.0000,1.0000,0.0000,0.0001,1.2407
5203,MARKET,FALL,0,1.2676,1.0000,0.6667,0.3378,1.0000,1.0000,0.0000,0.0002,1.2420
5204,MARKET,SPREAD,0,1.2032,1.0000,0.6667,0.0162,1.0000,1.0000,0.0000,-0.0003,1.2401
5205,MARKET,FALL,0,1.2676,1.0000,0.6667,0.3378,1.0000,1.0000,0.0000,0.0002,1.2414
5206,MARKET,GROW,0,1.2480,1.0000,0.6667,0.2399,1.0000,1.0000,0.0000,0.0000,1.2418
5207,MARKET,BURN,0,1.2567,1.0000,0.6667,0.2836,1.0000,1.0000,0.0000,0.0001,1.2425
5208,MARKET,SPREAD,0,1.2032,1.0000,0.6667,0.0162,1.0000,1.0000,0.0000,-0.0003,1.2405
5209,MARKET,GROW,0,1.2480,1.0000,0.6667,0.2399,1.0000,1.0000,0.0000,0.0001,1.2409
5210,MARKET,BURN,0,1.2567,1.0000,0.6667,0.2836,1.0000,1.0000,0.0000,0.0001,1.2417
5211,MARKET,GROW,0,1.2480,1.0000,0.6667,0.2399,1.0000,1.0000,0.0000,0.0000,1.2420
5212,MARKET,SPREAD,0,1.2032,1.0000,0.6667,0.0162,1.0000,1.0000,0.0000,-0.0003,1.2401
5213,MARKET,FALL,0,1.2676,1.0000,0.6667,0.3378,1.0000,1.0000,0.0000,0.0002,1.2415
5214,MARKET,FALL,0,1.2676,1.0000,0.6667,0.3378,1.0000,1.0000,0.0000,0.0002,1.2428
5215,MARKET,SPREAD,0,1.2032,1.0000,0.6667,0.0162,1.0000,1.0000,0.0000,-0.0003,1.2408
5216,MARKET,BURN,0,1.2567,1.0000,0.6667,0.2836,1.0000,1.0000,0.0000,0.0001,1.2416
5217,MARKET,GROW,0,1.2480,1.0000,0.6667,0.2399,1.0000,1.0000,0.0000,0.0000,1.2419
5218,MARKET,GROW,0,1.2480,1.0000,0.6667,0.2399,1.0000,1.0000,0.0000,0.0000,1.2422
5219,MARKET,GROW,0,1.2480,1.0000,0.6667,0.2399,1.0000,1.0000,0.0000,0.0000,1.2425
5220,MARKET,SPREAD,0,1.2032,1.0000,0.6667,0.0162,1.0000,1.0000,0.0000,-0.0003,1.2405
5221,MARKET,SPREAD,0,1.2032,1.0000,0.6667,0.0162,1.0000,1.0000,0.0000,-0.0002,1.2387
5222,MARKET,SPREAD,0,1.2032,1.0000,0.6667,0.0162,1.0000,1.0000,0.0000,-0.0002,1.2369
5223,MARKET,GROW,0,1.2480,1.0000,0.6667,0.2399,1.0000,1.0000,0.0000,0.0001,1.2374
5224,MARKET,FALL,0,1.2676,1.0000,0.6667,0.3378,1.0000,1.0000,0.0000,0.0002,1.2390
5225,MARKET,FALL,0,1.2676,1.0000,0.6667,0.3378,1.0000,1.0000,0.0000,0.0002,1.2404
5226,MARKET,SPREAD,0,1.2032,1.0000,0.6667,0.0162,1.0000,1.0000,0.0000,-0.0003,1.2385
5227,MARKET,BURN,0,1.2567,1.0000,0.6667,0.2836,1.0000,1.0000,0.0000,0.0001,1.2394
5228,MARKET,SPREAD,0,1.2032,1.0000,0.6667,0.0162,1.0000,1.0000,0.0000,-0.0002,1.2376
5229,MARKET,GROW,0,1.2480,1.0000,0.6667,0.2399,1.0000,1.0000,0.0000,0.0001,1.2381
5230,MARKET,BURN,0,1.2567,1.0000,0.6667,0.2836,1.0000,1.0000,0.0000,0.0001,1.2391
5231,MARKET,BURN,0,1.2567,1.0000,0.6667,0.2836,1.0000,1.0000,0.0000,0.0001,1.2400
5232,MARKET,GROW,0,1.2480,1.0000,0.6667,0.2399,1.0000,1.0000,0.0000,0.0001,1.2404
5233,MARKET,GROW,0,1.2480,1.0000,0.6667,0.2399,1.0000,1.0000,0.0000,0.0000,1.2407
5234,MARKET,SPREAD,0,1.2032,1.0000,0.6667,0.0162,1.0000,1.0000,0.0000,-0.0003,1.2389
5235,MARKET,GROW,0,1.2480,1.0000,0.6667,0.2399,1.0000,1.0000,0.0000,0.0001,1.2393
5236,MARKET,FALL,0,1.2676,1.0000,0.6667,0.3378,1.0000,1.0000,0.0000,0.0002,1.2407
5237,MARKET,BURN,0,1.2567,1.0000,0.6667,0.2836,1.0000,1.0000,0.0000,0.0001,1.2415
5238,MARKET,BURN,0,1.2567,1.0000,0.6667,0.2836,1.0000,1.0000,0.0000,0.0001,1.2423
5239,MARKET,BURN,0,1.2567,1.0000,0.6667,0.2836,1.0000,1.0000,0.0000,0.0001,1.2430
5240,MARKET,GROW,0,1.2480,1.0000,0.6667,0.2399,1.0000,1.0000,0.0000,0.0000,1.2433
5241,MARKET,SPREAD,0,1.2032,1.0000,0.6667,0.0162,1.0000,1.0000,0.0000,-0.0003,1.2413
5242,MARKET,BURN,0,1.2567,1.0000,0.6667,0.2836,1.0000,1.0000,0.0000,0.0001,1.2420
5243,MARKET,GROW,0,1.2480,1.0000,0.6667,0.2399,1.0000,1.0000,0.0000,0.0000,1.2423
5244,MARKET,GROW,0,1.2480,1.0000,0.6667,0.2399,1.0000,1.0000,0.0000,0.0000,1.2426
5245,ROOM,BURN,0,1.2314,1.0000,0.6667,0.1570,1.0000,1.0000,0.0000,-0.0949,1.2420
5246,MARKET,GROW,0,1.2480,1.0000,0.6667,0.2399,1.0000,1.0000,0.0000,0.0000,1.2423
5247,MARKET,GROW,0,1.2480,1.0000,0.6667,0.2399,1.0000,1.0000,0.0000,0.0000,1.2426
5248,MARKET,GROW,0,1.2480,1.0000,0.6667,0.2399,1.0000,1.0000,0.0000,0.0000,1.2429
5249,MARKET,FALL,0,1.2676,1.0000,0.6667,0.3378,1.0000,1.0000,0.0000,0.0002,1.2441
5250,MARKET,GROW,0,1.2480,1.0000,0.6667,0.2399,1.0000,1.0000,0.0000,0.0000,1.2443
5251,MARKET,GROW,0,1.2480,1.0000,0.6667,0.2399,1.0000,1.0000,0.0000,0.0000,1.2445
5252,MARKET,SPREAD,0,1.2032,1.0000,0.6667,0.0162,1.0000,1.0000,0.0000,-0.0003,1.2424
5253,MARKET,GROW,0,1.2480,1.0000,0.6667,0.2399,1.0000,1.0000,0.0000,0.0000,1.2427
5254,MARKET,SPREAD,0,1.2032,1.0000,0.6667,0.0162,1.0000,1.0000,0.0000,-0.0002,1.2407
5255,MARKET,SPREAD,0,1.2032,1.0000,0.6667,0.0162,1.0000,1.0000,0.0000,-0.0002,1.2389
5256,MARKET,GROW,0,1.2480,1.0000,0.6667,0.2399,1.0000,1.0000,0.0000,0.0001,1.2393
5257,MARKET,GROW,0,1.2480,1.0000,0.6667,0.2399,1.0000,1.0000,0.0000,0.0001,1.2398
5258,MARKET,BURN,0,1.2567,1.0000,0.6667,0.2836,1.0000,1.0000,0.0000,0.0001,1.2406
5259,MARKET,SPREAD,0,1.2032,1.0000,0.6667,0.0162,1.0000,1.0000,0.0000,-0.0002,1.2387
5260,MARKET,SPREAD,0,1.2032,1.0000,0.6667,0.0162,1.0000,1.0000,0.0000,-0.0002,1.2370
5261,MARKET,GROW,0,1.2480,1.0000,0.6667,0.2399,1.0000,1.0000,0.0000,0.0001,1.2375
5262,MARKET,GROW,0,1.2480,1.0000,0.6667,0.2399,1.0000,1.0000,0.0000,0.0001,1.2380
5263,MARKET,FALL,0,1.2676,1.0000,0.6667,0.3378,1.0000,1.0000,0.0000,0.0002,1.2395
5264,MARKET,GROW,0,1.2480,1.0000,0.6667,0.2399,1.0000,1.0000,0.0000,0.0001,1.2399
5265,MARKET,FALL,0,1.2676,1.0000,0.6667,0.3378,1.0000,1.0000,0.0000,0.0002,1.2413
5266,MARKET,BURN,0,1.2567,1.0000,0.6667,0.2836,1.0000,1.0000,0.0000,0.0001,1.2421
5267,MARKET,SPREAD,0,1.2032,1.0000,0.6667,0.0162,1.0000,1.0000,0.0000,-0.0002,1.2401
5268,MARKET,SPREAD,0,1.2032,1.0000,0.6667,0.0162,1.0000,1.0000,0.0000,-0.0002,1.2383
5269,MARKET,FALL,0,1.2676,1.0000,0.6667,0.3378,1.0000,1.0000,0.0000,0.0002,1.2398
5270,MARKET,GROW,0,1.2480,1.0000,0.6667,0.2399,1.0000,1.0000,0.0000,0.0001,1.2402
5271,MARKET,BURN,0,1.2567,1.0000,0.6667,0.2836,1.0000,1.0000,0.0000,0.0001,1.2410
5272,MARKET,GROW,0,1.2480,1.0000,0.6667,0.2399,1.0000,1.0000,0.0000,0.0000,1.2413
5273,MARKET,GROW,0,1.2480,1.0000,0.6667,0.2399,1.0000,1.0000,0.0000,0.0000,1.2417
5274,MARKET,BURN,0,1.2567,1.0000,0.6667,0.2836,1.0000,1.0000,0.0000,0.0001,1.2424
5275,MARKET,BURN,0,1.2567,1.0000,0.6667,0.2836,1.0000,1.0000,0.0000,0.0001,1.2431
5276,MARKET,BURN,0,1.2567,1.0000,0.6667,0.2836,1.0000,1.0000,0.0000,0.0001,1.2438
5277,MARKET,GROW,0,1.2480,1.0000,0.6667,0.2399,1.0000,1.0000,0.0000,0.0000,1.2440
5278,MARKET,SPREAD,0,1.2032,1.0000,0.6667,0.0162,1.0000,1.0000,0.0000,-0.0003,1.2420
5279,MARKET,GROW,0,1.2480,1.0000,0.6667,0.2399,1.0000,1.0000,0.0000,0.0000,1.2423
5280,MARKET,GROW,0,1.2480,1.0000,0.6667,0.2399,1.0000,1.0000,0.0000,0.0000,1.2426
5281,MARKET,GROW,0,1.2480,1.0000,0.6667,0.2399,1.0000,1.0000,0.0000,0.0000,1.2428
5282,MARKET,BURN,0,1.2567,1.0000,0.6667,0.2836,1.0000,1.0000,0.0000,0.0001,1.2435
5283,MARKET,BURN,0,1.2567,1.0000,0.6667,0.2836,1.0000,1.0000,0.0000,0.0001,1.2442
5284,MARKET,FALL,0,1.2676,1.0000,0.6667,0.3378,1.0000,1.0000,0.0000,0.0001,1.2454
5285,MARKET,GROW,0,1.2480,1.0000,0.6667,0.2399,1.0000,1.0000,0.0000,0.0000,1.2455
5286,MARKET,FALL,0,1.2676,1.0000,0.6667,0.3378,1.0000,1.0000,0.0000,0.0001,1.2466
5287,PRISON,FALL,0,1.2676,1.0000,0.6667,0.3378,1.0000,1.0000,0.0000,0.1488,1.2476
5288,MARKET,FALL,0,1.2676,1.0000,0.6667,0.3378,1.0000,1.0000,0.0000,0.0001,1.2486
5289,MARKET,FALL,0,1.2676,1.0000,0.6667,0.3378,1.0000,1.0000,0.0000,0.0001,1.2496
5290,MARKET,BURN,0,1.2567,1.0000,0.6667,0.2836,1.0000,1.0000,0.0000,0.0000,1.2499
5291,MARKET,SPREAD,0,1.2032,1.0000,0.6667,0.0162,1.0000,1.0000,0.0000,-0.0003,1.2476
5292,MARKET,GROW,0,1.2480,1.0000,0.6667,0.2399,1.0000,1.0000,0.0000,0.0000,1.2476
5293,MARKET,FALL,0,1.2676,1.0000,0.6667,0.3378,1.0000,1.0000,0.0000,0.0001,1.2486
5294,MARKET,FALL,0,1.2676,1.0000,0.6667,0.3378,1.0000,1.0000,0.0000,0.0001,1.2496
5295,MARKET,BURN,0,1.2567,1.0000,0.6667,0.2836,1.0000,1.0000,0.0000,0.0000,1.2499
5296,MARKET,GROW,0,1.2480,1.0000,0.6667,0.2399,1.0000,1.0000,0.0000,-0.0000,1.2498
5297,MARKET,FALL,0,1.2676,1.0000,0.6667,0.3378,1.0000,1.0000,0.0000,0.0001,1.2507
5298,MARKET,FALL,0,1.2676,1.0000,0.6667,0.3378,1.0000,1.0000,0.0000,0.0001,1.2516
5299,MARKET,BURN,0,1.2567,1.0000,0.6667,0.2836,1.0000,1.0000,0.0000,0.0000,1.2518
5300,MARKET,FALL,0,1.2676,1.0000,0.6667,0.3378,1.0000,1.0000,0.0000,0.0001,1.2526
5301,MARKET,BURN,0,1.2567,1.0000,0.6667,0.2836,1.0000,1.0000,0.0000,0.0000,1.2528
5302,MARKET,BURN,0,1.2567,1.0000,0.6667,0.2836,1.0000,1.0000,0.0000,0.0000,1.2530
5303,MARKET,FALL,0,1.2676,1.0000,0.6667,0.3378,1.0000,1.0000,0.0000,0.0001,1.2537
5304,MARKET,FALL,0,1.2676,1.0000,0.6667,0.3378,1.0000,1.0000,0.0000,0.0001,1.2544
5305,MARKET,BURN,0,1.2567,1.0000,0.6667,0.2836,1.0000,1.0000,0.0000,0.0000,1.2545
5306,MARKET,GROW,0,1.2480,1.0000,0.6667,0.2399,1.0000,1.0000,0.0000,-0.0000,1.2542
5307,MARKET,GROW,0,1.2480,1.0000,0.6667,0.2399,1.0000,1.0000,0.0000,-0.0000,1.2539
5308,MARKET,SPREAD,0,1.2032,1.0000,0.6667,0.0162,1.0000,1.0000,0.0000,-0.0004,1.2514
5309,MARKET,SPREAD,0,1.2032,1.0000,0.6667,0.0162,1.0000,1.0000,0.0000,-0.0004,1.2490
5310,MARKET,SPREAD,0,1.2032,1.0000,0.6667,0.0162,1.0000,1.0000,0.0000,-0.0003,1.2467
5311,MARKET,BURN,0,1.2567,1.0000,0.6667,0.2836,1.0000,1.0000,0.0000,0.0001,1.2472
5312,MARKET,FALL,0,1.2676,1.0000,0.6667,0.3378,1.0000,1.0000,0.0000,0.0002,1.2482
5313,MARKET,GROW,0,1.2480,1.0000,0.6667,0.2399,1.0000,1.0000,0.0000,-0.0000,1.2482
5314,MARKET,FALL,0,1.2676,1.0000,0.6667,0.3378,1.0000,1.0000,0.0000,0.0001,1.2492
5315,MARKET,BURN,0,1.2567,1.0000,0.6667,0.2836,1.0000,1.0000,0.0000,0.0001,1.2495
5316,MARKET,FALL,0,1.2676,1.0000,0.6667,0.3378,1.0000,1.0000,0.0000,0.0001,1.2504
5317,MARKET,GROW,0,1.2480,1.0000,0.6667,0.2399,1.0000,1.0000,0.0000,-0.0000,1.2503
5318,MARKET,GROW,0,1.2480,1.0000,0.6667,0.2399,1.0000,1.0000,0.0000,-0.0000,1.2502
5319,MARKET,GROW,0,1.2480,1.0000,0.6667,0.2399,1.0000,1.0000,0.0000,-0.0000,1.2501
5320,MARKET,BURN,0,1.2567,1.0000,0.6667,0.2836,1.0000,1.0000,0.0000,0.0001,1.2504
5321,MARKET,SPREAD,0,1.2032,1.0000,0.6667,0.0162,1.0000,1.0000,0.0000,-0.0004,1.2481
5322,MARKET,SPREAD,0,1.2032,1.0000,0.6667,0.0162,1.0000,1.0000,0.0000,-0.0003,1.2458
5323,MARKET,SPREAD,0,1.2032,1.0000,0.6667,0.0162,1.0000,1.0000,0.0000,-0.0003,1.2437
5324,MARKET,FALL,0,1.2676,1.0000,0.6667,0.3378,1.0000,1.0000,0.0000,0.0002,1.2449
5325,MARKET,,0,1.1000,1.0000,0.3333,0.0000,1.0000,0.0000,0.0000,-0.0011,1.2376
5326,MARKET,GROW,0,1.2480,1.0000,0.6667,0.2399,1.0000,1.0000,0.0000,0.0001,1.2382
5327,MARKET,SPREAD,0,1.2032,1.0000,0.6667,0.0162,1.0000,1.0000,0.0000,-0.0003,1.2364
5328,MARKET,SPREAD,0,1.2032,1.0000,0.6667,0.0162,1.0000,1.0000,0.0000,-0.0002,1.2347
5329,MARKET,FALL,0,1.2676,1.0000,0.6667,0.3378,1.0000,1.0000,0.0000,0.0003,1.2364
5330,MARKET,BURN,0,1.2567,1.0000,0.6667,0.2836,1.0000,1.0000,0.0000,0.0002,1.2374
5331,MARKET,FALL,0,1.2676,1.0000,0.6667,0.3378,1.0000,1.0000,0.0000,0.0002,1.2389
5332,MARKET,SPREAD,0,1.2032,1.0000,0.6667,0.0162,1.0000,1.0000,0.0000,-0.0003,1.2371
5333,MARKET,FALL,0,1.2676,1.0000,0.6667,0.3378,1.0000,1.0000,0.0000,0.0002,1.2386
5334,MARKET,BURN,0,1.2567,1.0000,0.6667,0.2836,1.0000,1.0000,0.0000,0.0001,1.2396
5335,MARKET,GROW,0,1.2480,1.0000,0.6667,0.2399,1.0000,1.0000,0.0000,0.0001,1.2400
5336,MARKET,FALL,0,1.2676,1.0000,0.6667,0.3378,1.0000,1.0000,0.0000,0.0002,1.2414
5337,MARKET,FALL,0,1.2676,1.0000,0.6667,0.3378,1.0000,1.0000,0.0000,0.0002,1.2427
5338,MARKET,FALL,0,1.2676,1.0000,0.6667,0.3378,1.0000,1.0000,0.0000,0.0002,1.2439
5339,MARKET,GROW,0,1.2480,1.0000,0.6667,0.2399,1.0000,1.0000,0.0000,0.0000,1.2441
5340,MARKET,GROW,0,1.2480,1.0000,0.6667,0.2399,1.0000,1.0000,0.0000,0.0000,1.2443
5341,MARKET,BURN,0,1.2567,1.0000,0.6667,0.2836,1.0000,1.0000,0.0000,0.0001,1.2449
5342,MARKET,BURN,0,1.2567,1.0000,0.6667,0.2836,1.0000,1.0000,0.0000,0.0001,1.2455
5343,MARKET,BURN,0,1.2567,1.0000,0.6667,0.2836,1.0000,1.0000,0.0000,0.0001,1.2461
5344,MARKET,SPREAD,0,1.2032,1.0000,0.6667,0.0162,1.0000,1.0000,0.0000,-0.0003,1.2439
5345,MARKET,GROW,0,1.2480,1.0000,0.6667,0.2399,1.0000,1.0000,0.0000,0.0000,1.2441
5346,MARKET,GROW,0,1.2480,1.0000,0.6667,0.2399,1.0000,1.0000,0.0000,0.0000,1.2443
5347,MARKET,FALL,0,1.2676,1.0000,0.6667,0.3378,1.0000,1.0000,0.0000,0.0002,1.2455
5348,MARKET,BURN,0,1.2567,1.0000,0.6667,0.2836,1.0000,1.0000,0.0000,0.0001,1.2461
5349,MARKET,GROW,0,1.2480,1.0000,0.6667,0.2399,1.0000,1.0000,0.0000,0.0000,1.2461
5350,MARKET,FALL,0,1.2676,1.0000,0.6667,0.3378,1.0000,1.0000,0.0000,0.0002,1.2472
5351,MARKET,FALL,0,1.2676,1.0000,0.6667,0.3378,1.0000,1.0000,0.0000,0.0002,1.2482
5352,MARKET,FALL,0,1.2676,1.0000,0.6667,0.3378,1.0000,1.0000,0.0000,0.0002,1.2492
5353,MARKET,SPREAD,0,1.2032,1.0000,0.6667,0.0162,1.0000,1.0000,0.0000,-0.0004,1.2469
5354,MARKET,BURN,0,1.2567,1.0000,0.6667,0.2836,1.0000,1.0000,0.0000,0.0001,1.2474
5355,MARKET,FALL,0,1.2676,1.0000,0.6667,0.3378,1.0000,1.0000,0.0000,0.0002,1.2484
5356,MARKET,BURN,0,1.2567,1.0000,0.6667,0.2836,1.0000,1.0000,0.0000,0.0001,1.2488
5357,MARKET,GROW,0,1.2480,1.0000,0.6667,0.2399,1.0000,1.0000,0.0000,-0.0000,1.2488
5358,MARKET,FALL,0,1.2676,1.0000,0.6667,0.3378,1.0000,1.0000,0.0000,0.0001,1.2497
5359,MARKET,SPREAD,0,1.2032,1.0000,0.6667,0.0162,1.0000,1.0000,0.0000,-0.0004,1.2474
5360,MARKET,SPREAD,0,1.2032,1.0000,0.6667,0.0162,1.0000,1.0000,0.0000,-0.0003,1.2452
5361,MARKET,SPREAD,0,1.2032,1.0000,0.6667,0.0162,1.0000,1.0000,0.0000,-0.0003,1.2431
5362,MARKET,FALL,0,1.2676,1.0000,0.6667,0.3378,1.0000,1.0000,0.0000,0.0002,1.2443
5363,MARKET,BURN,0,1.2567,1.0000,0.6667,0.2836,1.0000,1.0000,0.0000,0.0001,1.2449
5364,MARKET,SPREAD,0,1.2032,1.0000,0.6667,0.0162,1.0000,1.0000,0.0000,-0.0003,1.2428
5365,MARKET,GROW,0,1.2480,1.0000,0.6667,0.2399,1.0000,1.0000,0.0000,0.0000,1.2431
5366,MARKET,GROW,0,1.2480,1.0000,0.6667,0.2399,1.0000,1.0000,0.0000,0.0000,1.2433
5367,MARKET,BURN,0,1.2567,1.0000,0.6667,0.2836,1.0000,1.0000,0.0000,0.0001,1.2440
5368,MARKET,GROW,0,1.2480,1.0000,0.6667,0.2399,1.0000,1.0000,0.0000,0.0000,1.2442
5369,MARKET,SPREAD,0,1.2032,1.0000,0.6667,0.0162,1.0000,1.0000,0.0000,-0.0003,1.2422
5370,MARKET,GROW,0,1.2480,1.0000,0.6667,0.2399,1.0000,1.0000,0.0000,0.0000,1.2425
5371,MARKET,GROW,0,1.2480,1.0000,0.6667,0.2399,1.0000,1.0000,0.0000,0.0000,1.2427
5372,MARKET,BURN,0,1.2567,1.0000,0.6667,0.2836,1.0000,1.0000,0.0000,0.0001,1.2434
5373,MARKET,FALL,0,1.2676,1.0000,0.6667,0.3378,1.0000,1.0000,0.0000,0.0002,1.2446
5374,MARKET,BURN,0,1.2567,1.0000,0.6667,0.2836,1.0000,1.0000,0.0000,0.0001,1.2452
5375,MARKET,FALL,0,1.2676,1.0000,0.6667,0.3378,1.0000,1.0000,0.0000,0.0002,1.2464
5376,MARKET,BURN,0,1.2567,1.0000,0.6667,0.2836,1.0000,1.0000,0.0000,0.0001,1.2469
5377,MARKET,SPREAD,0,1.2032,1.0000,0.6667,0.0162,1.0000,1.0000,0.0000,-0.0003,1.2447
5378,MARKET,SPREAD,0,1.2032,1.0000,0.6667,0.0162,1.0000,1.0000,0.0000,-0.0003,1.2426
5379,MARKET,SEE DULL TRAPPED SOLDIER MOVE CORRUPTED SMALL ROBOT,0,1.3581,1.0000,1.0000,0.2903,1.0000,1.0000,1.0000,0.0008,1.2484
5380,MARKET,BURN,0,1.2567,1.0000,0.6667,0.2836,1.0000,1.0000,0.0000,0.0001,1.2488
5381,MARKET,GROW,0,1.2480,1.0000,0.6667,0.2399,1.0000,1.0000,0.0000,-0.0000,1.2488
5382,MARKET,BURN,0,1.2567,1.0000,0.6667,0.2836,1.0000,1.0000,0.0000,0.0001,1.2492
5383,MARKET,BURN,0,1.2567,1.0000,0.6667,0.2836,1.0000,1.0000,0.0000,0.0001,1.2495
5384,MARKET,SPREAD,0,1.2032,1.0000,0.6667,0.0162,1.0000,1.0000,0.0000,-0.0003,1.2472
5385,MARKET,FALL,0,1.2676,1.0000,0.6667,0.3378,1.0000,1.0000,0.0000,0.0001,1.2482
5386,MARKET,FALL,0,1.2676,1.0000,0.6667,0.3378,1.0000,1.0000,0.0000,0.0001,1.2492
5387,MARKET,FALL,0,1.2676,1.0000,0.6667,0.3378,1.0000,1.0000,0.0000,0.0001,1.2501
5388,MARKET,GROW,0,1.2480,1.0000,0.6667,0.2399,1.0000,1.0000,0.0000,-0.0000,1.2500
5389,MARKET,GROW,0,1.2480,1.0000,0.6667,0.2399,1.0000,1.0000,0.0000,-0.0000,1.2499
5390,MARKET,SPREAD,0,1.2032,1.0000,0.6667,0.0162,1.0000,1.0000,0.0000,-0.0004,1.2476
5391,MARKET,FALL,0,1.2676,1.0000,0.6667,0.3378,1.0000,1.0000,0.0000,0.0001,1.2486
5392,MARKET,SPREAD,0,1.2032,1.0000,0.6667,0.0162,1.0000,1.0000,0.0000,-0.0004,1.2463
5393,MARKET,FALL,0,1.2676,1.0000,0.6667,0.3378,1.0000,1.0000,0.0000,0.0002,1.2474
5394,MARKET,BURN,0,1.2567,1.0000,0.6667,0.2836,1.0000,1.0000,0.0000,0.0001,1.2478
5395,MARKET,BURN,0,1.2567,1.0000,0.6667,0.2836,1.0000,1.0000,0.0000,0.0001,1.2483
5396,MARKET,SPREAD,0,1.2032,1.0000,0.6667,0.0162,1.0000,1.0000,0.0000,-0.0003,1.2460
5397,MARKET,FALL,0,1.2676,1.0000,0.6667,0.3378,1.0000,1.0000,0.0000,0.0002,1.2471
5398,MARKET,BURN,0,1.2567,1.0000,0.6667,0.2836,1.0000,1.0000,0.0000,0.0001,1.2476
5399,MARKET,FALL,0,1.2676,1.0000,0.6667,0.3378,1.0000,1.0000,0.0000,0.0002,1.2486
5400,MARKET,GROW,0,1.2480,1.0000,0.6667,0.2399,1.0000,1.0000,0.0000,-0.0000,1.2486
5401,MARKET,BURN,0,1.2567,1.0000,0.6667,0.2836,1.0000,1.0000,0.0000,0.0001,1.2490
5402,MARKET,GROW,0,1.2480,1.0000,0.6667,0.2399,1.0000,1.0000,0.0000,-0.0000,1.2489
5403,MARKET,BURN,0,1.2567,1.0000,0.6667,0.2836,1.0000,1.0000,0.0000,0.0001,1.2493
5404,MARKET,BURN,0,1.2567,1.0000,0.6667,0.2836,1.0000,1.0000,0.0000,0.0001,1.2497
5405,MARKET,FALL,0,1.2676,1.0000,0.6667,0.3378,1.0000,1.0000,0.0000,0.0001,1.2506
5406,MARKET,BURN,0,1.2567,1.0000,0.6667,0.2836,1.0000,1.0000,0.0000,0.0000,1.2509
5407,MARKET,BURN,0,1.2567,1.0000,0.6667,0.2836,1.0000,1.0000,0.0000,0.0000,1.2512
5408,MARKET,GROW,0,1.2480,1.0000,0.6667,0.2399,1.0000,1.0000,0.0000,-0.0000,1.2510
5409,MARKET,GROW,0,1.2480,1.0000,0.6667,0.2399,1.0000,1.0000,0.0000,-0.0000,1.2509
5410,MARKET,FALL,0,1.2676,1.0000,0.6667,0.3378,1.0000,1.0000,0.0000,0.0001,1.2517
5411,MARKET,FALL,0,1.2676,1.0000,0.6667,0.3378,1.0000,1.0000,0.0000,0.0001,1.2525
5412,MARKET,FALL,0,1.2676,1.0000,0.6667,0.3378,1.0000,1.0000,0.0000,0.0001,1.2532
5413,MARKET,BURN,0,1.2567,1.0000,0.6667,0.2836,1.0000,1.0000,0.0000,0.0000,1.2534
5414,MARKET,FALL,0,1.2676,1.0000,0.6667,0.3378,1.0000,1.0000,0.0000,0.0001,1.2541
5415,MARKET,FALL,0,1.2676,1.0000,0.6667,0.3378,1.0000,1.0000,0.0000,0.0001,1.2548
5416,MARKET,SPREAD,0,1.2032,1.0000,0.6667,0.0162,1.0000,1.0000,0.0000,-0.0004,1.2522
5417,MARKET,FALL,0,1.2676,1.0000,0.6667,0.3378,1.0000,1.0000,0.0000,0.0001,1.2530
5418,MARKET,FALL,0,1.2676,1.0000,0.6667,0.3378,1.0000,1.0000,0.0000,0.0001,1.2537
5419,MARKET,GROW,0,1.2480,1.0000,0.6667,0.2399,1.0000,1.0000,0.0000,-0.0000,1.2534
5420,MARKET,MOVE ENGINE,0,1.2526,1.0000,0.6667,0.2631,1.0000,1.0000,0.0000,-0.0000,1.2534
5421,MARKET,GROW,0,1.2480,1.0000,0.6667,0.2399,1.0000,1.0000,0.0000,-0.0000,1.2531
5422,MARKET,FALL,0,1.2676,1.0000,0.6667,0.3378,1.0000,1.0000,0.0000,0.0001,1.2538
5423,MARKET,GROW,0,1.2480,1.0000,0.6667,0.2399,1.0000,1.0000,0.0000,-0.0000,1.2535
5424,MARKET,SPREAD,0,1.2032,1.0000,0.6667,0.0162,1.0000,1.0000,0.0000,-0.0004,1.2510
5425,MARKET,,0,1.1000,1.0000,0.3333,0.0000,1.0000,0.0000,0.0000,-0.0011,1.2435
5426,MARKET,BURN,0,1.2567,1.0000,0.6667,0.2836,1.0000,1.0000,0.0000,0.0001,1.2441
5427,MARKET,GROW,0,1.2480,1.0000,0.6667,0.2399,1.0000,1.0000,0.0000,0.0000,1.2443
5428,MARKET,SPREAD,0,1.2032,1.0000,0.6667,0.0162,1.0000,1.0000,0.0000,-0.0003,1.2423
5429,MARKET,BURN,0,1.2567,1.0000,0.6667,0.2836,1.0000,1.0000,0.0000,0.0001,1.2430
5430,MARKET,BURN,0,1.2567,1.0000,0.6667,0.2836,1.0000,1.0000,0.0000,0.0001,1.2437
5431,MARKET,SPREAD,0,1.2032,1.0000,0.6667,0.0162,1.0000,1.0000,0.0000,-0.0003,1.2417
5432,MARKET,BURN,0,1.2567,1.0000,0.6667,0.2836,1.0000,1.0000,0.0000,0.0001,1.2424
5433,MARKET,SPREAD,0,1.2032,1.0000,0.6667,0.0162,1.0000,1.0000,0.0000,-0.0003,1.2405
5434,MARKET,SPREAD,0,1.2032,1.0000,0.6667,0.0162,1.0000,1.0000,0.0000,-0.0003,1.2386
5435,MARKET,SPREAD,0,1.2032,1.0000,0.6667,0.0162,1.0000,1.0000,0.0000,-0.0003,1.2368
5436,PHONE,MOVE BIG ISOLATED ELDER,0,1.3398,1.0000,1.0000,0.1991,1.0000,1.0000,1.0000,1.0863,1.2420
5437,MARKET,FALL,0,1.2676,1.0000,0.6667,0.3378,1.0000,1.0000,0.0000,0.0002,1.2433
5438,MARKET,GROW,0,1.2480,1.0000,0.6667,0.2399,1.0000,1.0000,0.0000,0.0000,1.2435
5439,MARKET,SPREAD,0,1.2032,1.0000,0.6667,0.0162,1.0000,1.0000,0.0000,-0.0004,1.2415
5440,MARKET,SPREAD,0,1.2032,1.0000,0.6667,0.0162,1.0000,1.0000,0.0000,-0.0004,1.2396
5441,MARKET,BURN,0,1.2567,1.0000,0.6667,0.2836,1.0000,1.0000,0.0000,0.0002,1.2404
5442,MARKET,GROW,0,1.2480,1.0000,0.6667,0.2399,1.0000,1.0000,0.0000,0.0001,1.2408
5443,MARKET,GROW,0,1.2480,1.0000,0.6667,0.2399,1.0000,1.0000,0.0000,0.0001,1.2412
5444,FOREST,FALL,0,1.2106,1.0000,0.6667,0.0528,1.0000,1.0000,0.0000,-0.2528,1.2396
5445,MARKET,,0,1.1000,1.0000,0.3333,0.0000,1.0000,0.0000,0.0000,-0.0016,1.2326
5446,MARKET,BURN,0,1.2567,1.0000,0.6667,0.2836,1.0000,1.0000,0.0000,0.0003,1.2339
5447,MARKET,FALL,0,1.2676,1.0000,0.6667,0.3378,1.0000,1.0000,0.0000,0.0004,1.2355
5448,MARKET,BURN,0,1.2567,1.0000,0.6667,0.2836,1.0000,1.0000,0.0000,0.0003,1.2366
5449,MARKET,GROW,0,1.2480,1.0000,0.6667,0.2399,1.0000,1.0000,0.0000,0.0001,1.2372
5450,MARKET,FALL,0,1.2676,1.0000,0.6667,0.3378,1.0000,1.0000,0.0000,0.0004,1.2387
5451,MARKET,FALL,0,1.2676,1.0000,0.6667,0.3378,1.0000,1.0000,0.0000,0.0004,1.2401
5452,MARKET,FALL,0,1.2676,1.0000,0.6667,0.3378,1.0000,1.0000,0.0000,0.0003,1.2415
5453,MARKET,GROW,0,1.2480,1.0000,0.6667,0.2399,1.0000,1.0000,0.0000,0.0001,1.2418
5454,MARKET,BURN,0,1.2567,1.0000,0.6667,0.2836,1.0000,1.0000,0.0000,0.0002,1.2426
5455,MARKET,SPREAD,0,1.2032,1.0000,0.6667,0.0162,1.0000,1.0000,0.0000,-0.0005,1.2406
5456,MARKET,SPREAD,0,1.2032,1.0000,0.6667,0.0162,1.0000,1.0000,0.0000,-0.0004,1.2387
5457,MARKET,GROW,0,1.2480,1.0000,0.6667,0.2399,1.0000,1.0000,0.0000,0.0001,1.2392
5458,CITY,FALL,0,1.2676,1.0000,0.6667,0.3378,1.0000,1.0000,0.0000,0.2291,1.2406
5459,MARKET,SPREAD,0,1.2032,1.0000,0.6667,0.0162,1.0000,1.0000,0.0000,-0.0005,1.2387
5460,MARKET,SPREAD,0,1.2032,1.0000,0.6667,0.0162,1.0000,1.0000,0.0000,-0.0005,1.2370
5461,MARKET,GROW,0,1.2480,1.0000,0.6667,0.2399,1.0000,1.0000,0.0000,0.0001,1.2375
5462,MARKET,BURN,0,1.2567,1.0000,0.6667,0.2836,1.0000,1.0000,0.0000,0.0003,1.2385
5463,MARKET,BURN,0,1.2567,1.0000,0.6667,0.2836,1.0000,1.0000,0.0000,0.0002,1.2394
5464,MARKET,GROW,0,1.2480,1.0000,0.6667,0.2399,1.0000,1.0000,0.0000,0.0001,1.2398
5465,MARKET,FALL,0,1.2676,1.0000,0.6667,0.3378,1.0000,1.0000,0.0000,0.0004,1.2412
5466,MARKET,FALL,0,1.2676,1.0000,0.6667,0.3378,1.0000,1.0000,0.0000,0.0004,1.2425
5467,MARKET,SPREAD,0,1.2032,1.0000,0.6667,0.0162,1.0000,1.0000,0.0000,-0.0006,1.2406
5468,MARKET,FALL,0,1.2676,1.0000,0.6667,0.3378,1.0000,1.0000,0.0000,0.0004,1.2419
5469,MARKET,BURN,0,1.2567,1.0000,0.6667,0.2836,1.0000,1.0000,0.0000,0.0003,1.2427
5470,MARKET,BURN,0,1.2567,1.0000,0.6667,0.2836,1.0000,1.0000,0.0000,0.0003,1.2434
5471,MARKET,SPREAD,0,1.2032,1.0000,0.6667,0.0162,1.0000,1.0000,0.0000,-0.0007,1.2413
5472,MARKET,GROW,0,1.2480,1.0000,0.6667,0.2399,1.0000,1.0000,0.0000,0.0001,1.2417
5473,MARKET,GROW,0,1.2480,1.0000,0.6667,0.2399,1.0000,1.0000,0.0000,0.0001,1.2420
5474,MARKET,FALL,0,1.2676,1.0000,0.6667,0.3378,1.0000,1.0000,0.0000,0.0004,1.2433
5475,MARKET,FALL,0,1.2676,1.0000,0.6667,0.3378,1.0000,1.0000,0.0000,0.0004,1.2445
5476,MARKET,SPREAD,0,1.2032,1.0000,0.6667,0.0162,1.0000,1.0000,0.0000,-0.0007,1.2424
5477,MARKET,BURN,0,1.2567,1.0000,0.6667,0.2836,1.0000,1.0000,0.0000,0.0003,1.2431
5478,MARKET,FALL,0,1.2676,1.0000,0.6667,0.3378,1.0000,1.0000,0.0000,0.0004,1.2444
5479,MARKET,GROW,0,1.2480,1.0000,0.6667,0.2399,1.0000,1.0000,0.0000,0.0001,1.2445
5480,MARKET,SPREAD,0,1.2032,1.0000,0.6667,0.0162,1.0000,1.0000,0.0000,-0.0008,1.2425
5481,MARKET,FALL,0,1.2676,1.0000,0.6667,0.3378,1.0000,1.0000,0.0000,0.0004,1.2437
5482,MARKET,SPREAD,0,1.2032,1.0000,0.6667,0.0162,1.0000,1.0000,0.0000,-0.0007,1.2417
5483,MARKET,SPREAD,0,1.2032,1.0000,0.6667,0.0162,1.0000,1.0000,0.0000,-0.0008,1.2398
5484,MARKET,FALL,0,1.2676,1.0000,0.6667,0.3378,1.0000,1.0000,0.0000,0.0005,1.2412
5485,MARKET,SPREAD,0,1.2032,1.0000,0.6667,0.0162,1.0000,1.0000,0.0000,-0.0007,1.2393
5486,MARKET,FALL,0,1.2676,1.0000,0.6667,0.3378,1.0000,1.0000,0.0000,0.0005,1.2407
5487,MARKET,SPREAD,0,1.2032,1.0000,0.6667,0.0162,1.0000,1.0000,0.0000,-0.0007,1.2388
5488,MARKET,BURN,0,1.2567,1.0000,0.6667,0.2836,1.0000,1.0000,0.0000,0.0003,1.2397
5489,MARKET,BURN,0,1.2567,1.0000,0.6667,0.2836,1.0000,1.0000,0.0000,0.0003,1.2406
5490,MARKET,GROW,0,1.2480,1.0000,0.6667,0.2399,1.0000,1.0000,0.0000,0.0001,1.2409
5491,MARKET,SPREAD,0,1.2032,1.0000,0.6667,0.0162,1.0000,1.0000,0.0000,-0.0007,1.2390
5492,MARKET,MOVE DIRTY COMPLEX MAP BURN,0,1.3424,1.0000,1.0000,0.2121,1.0000,1.0000,1.0000,0.0020,1.2442
5493,MARKET,BURN,0,1.2567,1.0000,0.6667,0.2836,1.0000,1.0000,0.0000,0.0002,1.2448
5494,MARKET,SPREAD,0,1.2032,1.0000,0.6667,0.0162,1.0000,1.0000,0.0000,-0.0008,1.2428
5495,CHAOTIC MARKET,GROW,0,1.3641,1.0000,1.0000,0.3207,1.0000,1.0000,1.0000,0.7636,1.2488
5496,MARKET,FALL,0,1.2676,1.0000,0.6667,0.3378,1.0000,1.0000,0.0000,0.0004,1.2498
5497,MARKET,GROW,0,1.2480,1.0000,0.6667,0.2399,1.0000,1.0000,0.0000,-0.0000,1.2497
5498,MARKET,SPREAD,0,1.2032,1.0000,0.6667,0.0162,1.0000,1.0000,0.0000,-0.0013,1.2474
5499,MARKET,BURN,0,1.2567,1.0000,0.6667,0.2836,1.0000,1.0000,0.0000,0.0003,1.2478
5500,MARKET,MOVE HEAVY CORRUPTED TOOL,0,1.4000,1.0000,1.0000,0.5000,1.0000,1.0000,1.0000,0.0052,1.2554
5501,MARKET,GROW,0,1.2480,1.0000,0.6667,0.2399,1.0000,1.0000,0.0000,-0.0003,1.2551
5502,MARKET,BURN,0,1.2567,1.0000,0.6667,0.2836,1.0000,1.0000,0.0000,0.0001,1.2551
5503,MARKET,BURN,0,1.2567,1.0000,0.6667,0.2836,1.0000,1.0000,0.0000,0.0001,1.2552
5504,MARKET,SPREAD,0,1.2032,1.0000,0.6667,0.0162,1.0000,1.0000,0.0000,-0.0026,1.2526
5505,MARKET,SPREAD,0,1.2032,1.0000,0.6667,0.0162,1.0000,1.0000,0.0000,-0.0023,1.2502
5506,MARKET,GROW,0,1.2480,1.0000,0.6667,0.2399,1.0000,1.0000,0.0000,-0.0001,1.2500
5507,MARKET,SPREAD,0,1.2032,1.0000,0.6667,0.0162,1.0000,1.0000,0.0000,-0.0030,1.2477
5508,HOME,FALL,0,1.2564,1.0000,0.6667,0.2818,1.0000,1.0000,0.0000,0.0430,1.2481
5509,MARKET,SPREAD,0,1.2032,1.0000,0.6667,0.0162,1.0000,1.0000,0.0000,-0.0036,1.2459
5510,CHAOTIC MARKET,GROW,0,1.3641,1.0000,1.0000,0.3207,1.0000,1.0000,1.0000,0.5412,1.2518
5511,CHAOTIC MARKET,GROW,0,1.3641,1.0000,1.0000,0.3207,1.0000,1.0000,1.0000,0.4572,1.2574
5512,MARKET,BURN,0,1.2567,1.0000,0.6667,0.2836,1.0000,1.0000,0.0000,-0.0003,1.2574
5513,PRISON,FALL,0,1.2676,1.0000,0.6667,0.3378,1.0000,1.0000,0.0000,0.0354,1.2579
5514,CROWD FOLLOW ISOLATED BIG CROWD,,1,0.3000,0.0000,1.0000,0.0000,1.0000,1.0000,1.0000,-18.0374,1.2100
5515,SHARP SOLDIER BUILD,KEY,1,0.3165,0.0000,1.0000,0.0827,1.0000,1.0000,1.0000,-9.6223,1.1653
5516,METAL BURN,,1,0.2000,0.0000,0.6667,0.0000,1.0000,1.0000,0.0000,-4.8124,1.1171
5517,SECRET DEBT SPREAD,,1,0.3000,0.0000,1.0000,0.0000,1.0000,1.0000,1.0000,-7.7678,1.0762
5518,PHONE FALL,,1,0.2000,0.0000,0.6667,0.0000,1.0000,1.0000,0.0000,-4.7194,1.0324
5519,NETWORK GROW,,1,0.2000,0.0000,0.6667,0.0000,1.0000,1.0000,0.0000,-4.8590,0.9908
5520,ELDER ASK BROKEN TRUSTED,LEADER TRUST VAST WEAPON,0,1.2547,1.0000,0.8333,0.0237,0.5000,1.0000,1.0000,3.8137,1.0040
5521,MEMORY SPREAD,,1,0.2000,0.0000,0.6667,0.0000,1.0000,1.0000,0.0000,-5.2341,0.9638
5522,DULL,CLOCK FAIL,1,0.4898,0.0000,1.0000,0.9491,1.0000,1.0000,1.0000,-2.0933,0.9401
5523,STRONG,PHONE MOVE DORMANT ROBOT SEE ENCRYPTED SHARP CAR,1,0.3004,0.0000,0.8889,0.1686,1.0000,1.0000,0.6667,-3.0625,0.9081
5524,STRANGER,CHOOSE WATER,1,0.2070,0.0000,0.6667,0.0350,1.0000,1.0000,0.0000,-4.9141,0.8730
5525,MARKET,SPREAD,0,1.2032,1.0000,0.6667,0.0162,1.0000,1.0000,0.0000,0.0731,0.8895
5526,PHONE,MOVE ASHAMED ORDERED WOLF SEE HEAVY TRAPPED CROWD HEAR SMALL SIMPLE SENSOR GENERATE SLOW NETWORK,0,1.2758,1.0000,0.8889,0.0456,0.6667,1.0000,1.0000,2.4358,0.9089
5527,MARKET,FALL,0,1.2676,1.0000,0.6667,0.3378,1.0000,1.0000,0.0000,0.4761,0.9268
5528,MARKET,SPREAD,0,1.2032,1.0000,0.6667,0.0162,1.0000,1.0000,0.0000,0.0804,0.9406
5529,MARKET,FALL,0,1.2676,1.0000,0.6667,0.3378,1.0000,1.0000,0.0000,0.0276,0.9570
5530,MARKET,BURN,0,1.2567,1.0000,0.6667,0.2836,1.0000,1.0000,0.0000,0.0104,0.9720
5531,MARKET,MOVE SECRET PRISON,0,1.2326,1.0000,0.6667,0.1628,0.0000,1.0000,1.0000,0.0085,0.9850
5532,MARKET,GROW,0,1.2480,1.0000,0.6667,0.2399,1.0000,1.0000,0.0000,0.0074,0.9981
5533,MARKET,SPREAD,0,1.2032,1.0000,0.6667,0.0162,1.0000,1.0000,0.0000,0.0055,1.0084
5534,MARKET,GROW,0,1.2480,1.0000,0.6667,0.2399,1.0000,1.0000,0.0000,0.0097,1.0204
5535,MARKET,FALL,0,1.2676,1.0000,0.6667,0.3378,1.0000,1.0000,0.0000,0.0101,1.0327
5536,MARKET,GROW,0,1.2480,1.0000,0.6667,0.2399,1.0000,1.0000,0.0000,0.0063,1.0435
5537,MARKET,BURN,0,1.2567,1.0000,0.6667,0.2836,1.0000,1.0000,0.0000,0.0078,1.0542
5538,MARKET,GROW,0,1.2480,1.0000,0.6667,0.2399,1.0000,1.0000,0.0000,0.0043,1.0638
5539,MARKET,SPREAD,0,1.2032,1.0000,0.6667,0.0162,1.0000,1.0000,0.0000,0.0032,1.0708
5540,MARKET,FALL,0,1.2676,1.0000,0.6667,0.3378,1.0000,1.0000,0.0000,0.0055,1.0806
5541,MARKET,FALL,0,1.2676,1.0000,0.6667,0.3378,1.0000,1.0000,0.0000,0.0035,1.0900
5542,MARKET,SPREAD,0,1.2032,1.0000,0.6667,0.0162,1.0000,1.0000,0.0000,0.0025,1.0957
5543,MARKET,BURN,0,1.2567,1.0000,0.6667,0.2836,1.0000,1.0000,0.0000,0.0031,1.1037
5544,MARKET,FALL,0,1.2676,1.0000,0.6667,0.3378,1.0000,1.0000,0.0000,0.0023,1.1119
5545,MARKET,SPREAD,0,1.2032,1.0000,0.6667,0.0162,1.0000,1.0000,0.0000,0.0015,1.1165
5546,MARKET,BURN,0,1.2567,1.0000,0.6667,0.2836,1.0000,1.0000,0.0000,0.0023,1.1235
5547,MARKET,BURN,0,1.2567,1.0000,0.6667,0.2836,1.0000,1.0000,0.0000,0.0022,1.1301
5548,MARKET,GROW,0,1.2480,1.0000,0.6667,0.2399,1.0000,1.0000,0.0000,0.0015,1.1360
5549,MARKET,SPREAD,0,1.2032,1.0000,0.6667,0.0162,1.0000,1.0000,0.0000,0.0009,1.1394
5550,MARKET,BURN,0,1.2567,1.0000,0.6667,0.2836,1.0000,1.0000,0.0000,0.0014,1.1453
5551,MARKET,FALL,0,1.2676,1.0000,0.6667,0.3378,1.0000,1.0000,0.0000,0.0013,1.1514
5552,MARKET,GROW,0,1.2480,1.0000,0.6667,0.2399,1.0000,1.0000,0.0000,0.0011,1.1562
5553,MARKET,BURN,0,1.2567,1.0000,0.6667,0.2836,1.0000,1.0000,0.0000,0.0011,1.1612
5554,MARKET,BURN,0,1.2567,1.0000,0.6667,0.2836,1.0000,1.0000,0.0000,0.0010,1.1660
5555,MARKET,GROW,0,1.2480,1.0000,0.6667,0.2399,1.0000,1.0000,0.0000,0.0009,1.1701
5556,MARKET,BURN,0,1.2567,1.0000,0.6667,0.2836,1.0000,1.0000,0.0000,0.0009,1.1744
5557,MARKET,BURN,0,1.2567,1.0000,0.6667,0.2836,1.0000,1.0000,0.0000,0.0009,1.1785
5558,MARKET,GROW,0,1.2480,1.0000,0.6667,0.2399,1.0000,1.0000,0.0000,0.0008,1.1820
5559,MARKET,FALL,0,1.2676,1.0000,0.6667,0.3378,1.0000,1.0000,0.0000,0.0009,1.1863
5560,MARKET,BURN,0,1.2567,1.0000,0.6667,0.2836,1.0000,1.0000,0.0000,0.0007,1.1898
5561,MARKET,BURN,0,1.2567,1.0000,0.6667,0.2836,1.0000,1.0000,0.0000,0.0007,1.1932
5562,MARKET,GROW,0,1.2480,1.0000,0.6667,0.2399,1.0000,1.0000,0.0000,0.0005,1.1959
5563,MARKET,SPREAD,0,1.2032,1.0000,0.6667,0.0162,1.0000,1.0000,0.0000,0.0001,1.1963
5564,MARKET,BURN,0,1.2567,1.0000,0.6667,0.2836,1.0000,1.0000,0.0000,0.0005,1.1993
5565,MARKET,BURN,0,1.2567,1.0000,0.6667,0.2836,1.0000,1.0000,0.0000,0.0005,1.2022
5566,MARKET,FALL,0,1.2676,1.0000,0.6667,0.3378,1.0000,1.0000,0.0000,0.0006,1.2054
5567,MARKET,SPREAD,0,1.2032,1.0000,0.6667,0.0162,1.0000,1.0000,0.0000,-0.0000,1.2053
5568,MARKET,FALL,0,1.2676,1.0000,0.6667,0.3378,1.0000,1.0000,0.0000,0.0005,1.2084
5569,MARKET,FALL,0,1.2676,1.0000,0.6667,0.3378,1.0000,1.0000,0.0000,0.0005,1.2114
5570,MARKET,BURN,0,1.2567,1.0000,0.6667,0.2836,1.0000,1.0000,0.0000,0.0004,1.2137
5571,MARKET,SPREAD,0,1.2032,1.0000,0.6667,0.0162,1.0000,1.0000,0.0000,-0.0001,1.2131
5572,MARKET,BURN,0,1.2567,1.0000,0.6667,0.2836,1.0000,1.0000,0.0000,0.0004,1.2153
5573,MARKET,FALL,0,1.2676,1.0000,0.6667,0.3378,1.0000,1.0000,0.0000,0.0005,1.2179
5574,MARKET,GROW,0,1.2480,1.0000,0.6667,0.2399,1.0000,1.0000,0.0000,0.0003,1.2194
5575,MARKET,GROW,0,1.2480,1.0000,0.6667,0.2399,1.0000,1.0000,0.0000,0.0003,1.2209
5576,MARKET,BURN,0,1.2567,1.0000,0.6667,0.2836,1.0000,1.0000,0.0000,0.0003,1.2227
5577,MARKET,SPREAD,0,1.2032,1.0000,0.6667,0.0162,1.0000,1.0000,0.0000,-0.0002,1.2217
5578,MARKET,FALL,0,1.2676,1.0000,0.6667,0.3378,1.0000,1.0000,0.0000,0.0004,1.2240
5579,MARKET,SPREAD,0,1.2032,1.0000,0.6667,0.0162,1.0000,1.0000,0.0000,-0.0002,1.2229
5580,MARKET,GROW,0,1.2480,1.0000,0.6667,0.2399,1.0000,1.0000,0.0000,0.0002,1.2242
5581,MARKET,MOVE CALM STRANGER,0,1.3476,1.0000,1.0000,0.2382,1.0000,1.0000,1.0000,0.0011,1.2304
5582,MARKET,GROW,0,1.2480,1.0000,0.6667,0.2399,1.0000,1.0000,0.0000,0.0002,1.2312
5583,MARKET,SPREAD,0,1.2032,1.0000,0.6667,0.0162,1.0000,1.0000,0.0000,-0.0002,1.2298
5584,MARKET,GROW,0,1.2480,1.0000,0.6667,0.2399,1.0000,1.0000,0.0000,0.0001,1.2307
5585,MARKET,SPREAD,0,1.2032,1.0000,0.6667,0.0162,1.0000,1.0000,0.0000,-0.0002,1.2294
5586,MARKET,GROW,0,1.2480,1.0000,0.6667,0.2399,1.0000,1.0000,0.0000,0.0002,1.2303
5587,MARKET,SPREAD,0,1.2032,1.0000,0.6667,0.0162,1.0000,1.0000,0.0000,-0.0002,1.2290
5588,MARKET,FALL,0,1.2676,1.0000,0.6667,0.3378,1.0000,1.0000,0.0000,0.0003,1.2309
5589,MARKET,FALL,0,1.2676,1.0000,0.6667,0.3378,1.0000,1.0000,0.0000,0.0003,1.2327
5590,MARKET,SPREAD,0,1.2032,1.0000,0.6667,0.0162,1.0000,1.0000,0.0000,-0.0002,1.2312
5591,MARKET,GROW,0,1.2480,1.0000,0.6667,0.2399,1.0000,1.0000,0.0000,0.0002,1.2321
5592,MARKET,SPREAD,0,1.2032,1.0000,0.6667,0.0162,1.0000,1.0000,0.0000,-0.0002,1.2306
5593,MARKET,BURN,0,1.2567,1.0000,0.6667,0.2836,1.0000,1.0000,0.0000,0.0002,1.2319
5594,MARKET,BURN,0,1.2567,1.0000,0.6667,0.2836,1.0000,1.0000,0.0000,0.0002,1.2332
5595,MARKET,GROW,0,1.2480,1.0000,0.6667,0.2399,1.0000,1.0000,0.0000,0.0001,1.2339
5596,MARKET,GROW,0,1.2480,1.0000,0.6667,0.2399,1.0000,1.0000,0.0000,0.0001,1.2346
5597,MARKET,FALL,0,1.2676,1.0000,0.6667,0.3378,1.0000,1.0000,0.0000,0.0003,1.2363
5598,MARKET,GROW,0,1.2480,1.0000,0.6667,0.2399,1.0000,1.0000,0.0000,0.0001,1.2369
5599,MARKET,BURN,0,1.2567,1.0000,0.6667,0.2836,1.0000,1.0000,0.0000,0.0002,1.2378
5600,MARKET,SPREAD,0,1.2032,1.0000,0.6667,0.0162,1.0000,1.0000,0.0000,-0.0004,1.2361
5601,MARKET,FALL,0,1.2676,1.0000,0.6667,0.3378,1.0000,1.0000,0.0000,0.0003,1.2377
5602,MARKET,BURN,0,1.2567,1.0000,0.6667,0.2836,1.0000,1.0000,0.0000,0.0001,1.2386
5603,MARKET,BURN,0,1.2567,1.0000,0.6667,0.2836,1.0000,1.0000,0.0000,0.0002,1.2395
5604,MARKET,BURN,0,1.2567,1.0000,0.6667,0.2836,1.0000,1.0000,0.0000,0.0002,1.2404
5605,MARKET,GROW,0,1.2480,1.0000,0.6667,0.2399,1.0000,1.0000,0.0000,0.0001,1.2408
5606,MARKET,FALL,0,1.2676,1.0000,0.6667,0.3378,1.0000,1.0000,0.0000,0.0002,1.2421
5607,MARKET,SPREAD,0,1.2032,1.0000,0.6667,0.0162,1.0000,1.0000,0.0000,-0.0003,1.2402
5608,MARKET,BURN,0,1.2567,1.0000,0.6667,0.2836,1.0000,1.0000,0.0000,0.0001,1.2410
5609,MARKET,FALL,0,1.2676,1.0000,0.6667,0.3378,1.0000,1.0000,0.0000,0.0002,1.2423
5610,MARKET,FALL,0,1.2676,1.0000,0.6667,0.3378,1.0000,1.0000,0.0000,0.0002,1.2436
5611,MARKET,SPREAD,0,1.2032,1.0000,0.6667,0.0162,1.0000,1.0000,0.0000,-0.0003,1.2416
5612,MARKET,SPREAD,0,1.2032,1.0000,0.6667,0.0162,1.0000,1.0000,0.0000,-0.0003,1.2397
5613,MARKET,BURN,0,1.2567,1.0000,0.6667,0.2836,1.0000,1.0000,0.0000,0.0001,1.2405
5614,MARKET,BURN,0,1.2567,1.0000,0.6667,0.2836,1.0000,1.0000,0.0000,0.0001,1.2413
5615,MARKET,SPREAD,0,1.2032,1.0000,0.6667,0.0162,1.0000,1.0000,0.0000,-0.0003,1.2394
5616,MARKET,BURN,0,1.2567,1.0000,0.6667,0.2836,1.0000,1.0000,0.0000,0.0002,1.2403
5617,MARKET,SPREAD,0,1.2032,1.0000,0.6667,0.0162,1.0000,1.0000,0.0000,-0.0003,1.2384
5618,MARKET,GROW,0,1.2480,1.0000,0.6667,0.2399,1.0000,1.0000,0.0000,0.0001,1.2389
5619,MARKET,FALL,0,1.2676,1.0000,0.6667,0.3378,1.0000,1.0000,0.0000,0.0004,1.2403
5620,MARKET,BURN,0,1.2567,1.0000,0.6667,0.2836,1.0000,1.0000,0.0000,0.0002,1.2412
5621,MARKET,GROW,0,1.2480,1.0000,0.6667,0.2399,1.0000,1.0000,0.0000,0.0001,1.2415
5622,MARKET,BURN,0,1.2567,1.0000,0.6667,0.2836,1.0000,1.0000,0.0000,0.0001,1.2423
5623,MARKET,MOVE DORMANT ROBOT,0,1.3377,1.0000,1.0000,0.1884,1.0000,1.0000,1.0000,0.0009,1.2470
5624,MARKET,SPREAD,0,1.2032,1.0000,0.6667,0.0162,1.0000,1.0000,0.0000,-0.0003,1.2448
5625,MARKET,BURN,0,1.2567,1.0000,0.6667,0.2836,1.0000,1.0000,0.0000,0.0001,1.2454
5626,MARKET,BURN,0,1.2567,1.0000,0.6667,0.2836,1.0000,1.0000,0.0000,0.0001,1.2460
5627,MARKET,GROW,0,1.2480,1.0000,0.6667,0.2399,1.0000,1.0000,0.0000,0.0000,1.2461
5628,MARKET,BURN,0,1.2567,1.0000,0.6667,0.2836,1.0000,1.0000,0.0000,0.0001,1.2466
5629,MARKET,GROW,0,1.2480,1.0000,0.6667,0.2399,1.0000,1.0000,0.0000,0.0000,1.2467
5630,MARKET,SPREAD,0,1.2032,1.0000,0.6667,0.0162,1.0000,1.0000,0.0000,-0.0004,1.2445
5631,MARKET,BURN,0,1.2567,1.0000,0.6667,0.2836,1.0000,1.0000,0.0000,0.0001,1.2451
5632,MARKET,GROW,0,1.2480,1.0000,0.6667,0.2399,1.0000,1.0000,0.0000,0.0000,1.2453
5633,MARKET,GROW,0,1.2480,1.0000,0.6667,0.2399,1.0000,1.0000,0.0000,0.0000,1.2454
5634,MARKET,FALL,0,1.2676,1.0000,0.6667,0.3378,1.0000,1.0000,0.0000,0.0002,1.2465
5635,MARKET,SPREAD,0,1.2032,1.0000,0.6667,0.0162,1.0000,1.0000,0.0000,-0.0003,1.2444
5636,MARKET,GROW,0,1.2480,1.0000,0.6667,0.2399,1.0000,1.0000,0.0000,0.0000,1.2445
5637,MARKET,SPREAD,0,1.2032,1.0000,0.6667,0.0162,1.0000,1.0000,0.0000,-0.0004,1.2425
5638,MARKET,BURN,0,1.2567,1.0000,0.6667,0.2836,1.0000,1.0000,0.0000,0.0001,1.2432
5639,MARKET,BURN,0,1.2567,1.0000,0.6667,0.2836,1.0000,1.0000,0.0000,0.0001,1.2439
5640,MARKET,BURN,0,1.2567,1.0000,0.6667,0.2836,1.0000,1.0000,0.0000,0.0001,1.2445
5641,MARKET,FALL,0,1.2676,1.0000,0.6667,0.3378,1.0000,1.0000,0.0000,0.0002,1.2457
5642,MARKET,GROW,0,1.2480,1.0000,0.6667,0.2399,1.0000,1.0000,0.0000,0.0000,1.2458
5643,MARKET,BURN,0,1.2567,1.0000,0.6667,0.2836,1.0000,1.0000,0.0000,0.0001,1.2463
5644,MARKET,SPREAD,0,1.2032,1.0000,0.6667,0.0162,1.0000,1.0000,0.0000,-0.0004,1.2442
5645,MARKET,BURN,0,1.2567,1.0000,0.6667,0.2836,1.0000,1.0000,0.0000,0.0001,1.2448
5646,MARKET,GROW,0,1.2480,1.0000,0.6667,0.2399,1.0000,1.0000,0.0000,0.0000,1.2450
5647,MARKET,BURN,0,1.2567,1.0000,0.6667,0.2836,1.0000,1.0000,0.0000,0.0001,1.2455
5648,MARKET,GROW,0,1.2480,1.0000,0.6667,0.2399,1.0000,1.0000,0.0000,0.0000,1.2457
5649,MARKET,BURN,0,1.2567,1.0000,0.6667,0.2836,1.0000,1.0000,0.0000,0.0001,1.2462
5650,MARKET,SPREAD,0,1.2032,1.0000,0.6667,0.0162,1.0000,1.0000,0.0000,-0.0004,1.2441
5651,MARKET,BURN,0,1.2567,1.0000,0.6667,0.2836,1.0000,1.0000,0.0000,0.0001,1.2447
5652,MARKET,SPREAD,0,1.2032,1.0000,0.6667,0.0162,1.0000,1.0000,0.0000,-0.0004,1.2426
5653,MARKET,FALL,0,1.2676,1.0000,0.6667,0.3378,1.0000,1.0000,0.0000,0.0002,1.2439
5654,MARKET,GROW,0,1.2480,1.0000,0.6667,0.2399,1.0000,1.0000,0.0000,0.0000,1.2441
5655,MARKET,GROW,0,1.2480,1.0000,0.6667,0.2399,1.0000,1.0000,0.0000,0.0000,1.2443
5656,MARKET,GROW,0,1.2480,1.0000,0.6667,0.2399,1.0000,1.0000,0.0000,0.0000,1.2445
5657,MARKET,GROW,0,1.2480,1.0000,0.6667,0.2399,1.0000,1.0000,0.0000,0.0000,1.2446
5658,MARKET,FALL,0,1.2676,1.0000,0.6667,0.3378,1.0000,1.0000,0.0000,0.0002,1.2458
5659,MARKET,SPREAD,0,1.2032,1.0000,0.6667,0.0162,1.0000,1.0000,0.0000,-0.0003,1.2437
5660,MARKET,FALL,0,1.2676,1.0000,0.6667,0.3378,1.0000,1.0000,0.0000,0.0002,1.2448
5661,MARKET,BURN,0,1.2567,1.0000,0.6667,0.2836,1.0000,1.0000,0.0000,0.0001,1.2454
5662,MARKET,GROW,0,1.2480,1.0000,0.6667,0.2399,1.0000,1.0000,0.0000,0.0000,1.2456
5663,MARKET,GROW,0,1.2480,1.0000,0.6667,0.2399,1.0000,1.0000,0.0000,0.0000,1.2457
5664,MARKET,BURN,0,1.2567,1.0000,0.6667,0.2836,1.0000,1.0000,0.0000,0.0001,1.2462
5665,MARKET,FALL,0,1.2676,1.0000,0.6667,0.3378,1.0000,1.0000,0.0000,0.0002,1.2473
5666,MARKET,BURN,0,1.2567,1.0000,0.6667,0.2836,1.0000,1.0000,0.0000,0.0001,1.2478
5667,MARKET,GROW,0,1.2480,1.0000,0.6667,0.2399,1.0000,1.0000,0.0000,0.0000,1.2478
5668,MARKET,FALL,0,1.2676,1.0000,0.6667,0.3378,1.0000,1.0000,0.0000,0.0002,1.2488
5669,MARKET,BURN,0,1.2567,1.0000,0.6667,0.2836,1.0000,1.0000,0.0000,0.0001,1.2492
5670,MARKET,GROW,0,1.2480,1.0000,0.6667,0.2399,1.0000,1.0000,0.0000,-0.0000,1.2491
5671,MARKET,BURN,0,1.2567,1.0000,0.6667,0.2836,1.0000,1.0000,0.0000,0.0001,1.2495
5672,MARKET,FALL,0,1.2676,1.0000,0.6667,0.3378,1.0000,1.0000,0.0000,0.0002,1.2504
5673,MARKET,MOVE SLOW FIRE,0,1.3680,1.0000,1.0000,0.3400,1.0000,1.0000,1.0000,0.0009,1.2563
5674,MARKET,SPREAD,0,1.2032,1.0000,0.6667,0.0162,1.0000,1.0000,0.0000,-0.0004,1.2536
5675,MARKET,FALL,0,1.2676,1.0000,0.6667,0.3378,1.0000,1.0000,0.0000,0.0001,1.2543
5676,MARKET,BUILD SIMPLE CAR,0,1.3391,1.0000,1.0000,0.1956,1.0000,1.0000,1.0000,0.0007,1.2586
5677,MARKET,GROW,0,1.2480,1.0000,0.6667,0.2399,1.0000,1.0000,0.0000,-0.0001,1.2580
5678,MARKET,BURN,0,1.2567,1.0000,0.6667,0.2836,1.0000,1.0000,0.0000,-0.0000,1.2580
5679,MARKET,BURN,0,1.2567,1.0000,0.6667,0.2836,1.0000,1.0000,0.0000,-0.0000,1.2579
5680,MARKET,FALL,0,1.2676,1.0000,0.6667,0.3378,1.0000,1.0000,0.0000,0.0001,1.2584
5681,MARKET,FALL,0,1.2676,1.0000,0.6667,0.3378,1.0000,1.0000,0.0000,0.0001,1.2588
5682,MARKET,SPREAD,0,1.2032,1.0000,0.6667,0.0162,1.0000,1.0000,0.0000,-0.0004,1.2561
5683,MARKET,GROW,0,1.2480,1.0000,0.6667,0.2399,1.0000,1.0000,0.0000,-0.0001,1.2557
5684,MARKET,GROW,0,1.2480,1.0000,0.6667,0.2399,1.0000,1.0000,0.0000,-0.0001,1.2553
5685,MARKET,FALL,0,1.2676,1.0000,0.6667,0.3378,1.0000,1.0000,0.0000,0.0001,1.2559
5686,MARKET,GROW,0,1.2480,1.0000,0.6667,0.2399,1.0000,1.0000,0.0000,-0.0001,1.2555
5687,MARKET,BURN,0,1.2567,1.0000,0.6667,0.2836,1.0000,1.0000,0.0000,0.0000,1.2556
5688,MARKET,GROW,0,1.2480,1.0000,0.6667,0.2399,1.0000,1.0000,0.0000,-0.0001,1.2552
5689,MARKET,GROW,0,1.2480,1.0000,0.6667,0.2399,1.0000,1.0000,0.0000,-0.0001,1.2548
5690,MARKET,BURN,0,1.2567,1.0000,0.6667,0.2836,1.0000,1.0000,0.0000,0.0000,1.2549
5691,MARKET,BURN,0,1.2567,1.0000,0.6667,0.2836,1.0000,1.0000,0.0000,0.0000,1.2550
5692,MARKET,,0,1.1000,1.0000,0.3333,0.0000,1.0000,0.0000,0.0000,-0.0013,1.2473
5693,MARKET,FALL,0,1.2676,1.0000,0.6667,0.3378,1.0000,1.0000,0.0000,0.0002,1.2483
5694,MARKET,GROW,0,1.2480,1.0000,0.6667,0.2399,1.0000,1.0000,0.0000,-0.0000,1.2483
5695,MARKET,GROW,0,1.2480,1.0000,0.6667,0.2399,1.0000,1.0000,0.0000,-0.0000,1.2482
5696,MARKET,FALL,0,1.2676,1.0000,0.6667,0.3378,1.0000,1.0000,0.0000,0.0002,1.2492
5697,MARKET,BURN,0,1.2567,1.0000,0.6667,0.2836,1.0000,1.0000,0.0000,0.0001,1.2496
5698,MARKET,BURN,0,1.2567,1.0000,0.6667,0.2836,1.0000,1.0000,0.0000,0.0001,1.2499
5699,MARKET,BURN,0,1.2567,1.0000,0.6667,0.2836,1.0000,1.0000,0.0000,0.0001,1.2503
5700,MARKET,GROW,0,1.2480,1.0000,0.6667,0.2399,1.0000,1.0000,0.0000,-0.0000,1.2502
5701,MARKET,GROW,0,1.2480,1.0000,0.6667,0.2399,1.0000,1.0000,0.0000,-0.0000,1.2501
5702,MARKET,GROW,0,1.2480,1.0000,0.6667,0.2399,1.0000,1.0000,0.0000,-0.0000,1.2499
5703,MARKET,FALL,0,1.2676,1.0000,0.6667,0.3378,1.0000,1.0000,0.0000,0.0001,1.2508
5704,MARKET,GROW,0,1.2480,1.0000,0.6667,0.2399,1.0000,1.0000,0.0000,-0.0000,1.2507
5705,MARKET,GROW,0,1.2480,1.0000,0.6667,0.2399,1.0000,1.0000,0.0000,-0.0000,1.2505
5706,MARKET,FALL,0,1.2676,1.0000,0.6667,0.3378,1.0000,1.0000,0.0000,0.0001,1.2514
5707,MARKET,SPREAD,0,1.2032,1.0000,0.6667,0.0162,1.0000,1.0000,0.0000,-0.0004,1.2490
5708,MARKET,BURN,0,1.2567,1.0000,0.6667,0.2836,1.0000,1.0000,0.0000,0.0001,1.2494
5709,MARKET,BURN,0,1.2567,1.0000,0.6667,0.2836,1.0000,1.0000,0.0000,0.0001,1.2497
5710,MARKET,GROW,0,1.2480,1.0000,0.6667,0.2399,1.0000,1.0000,0.0000,-0.0000,1.2497
5711,MARKET,BURN,0,1.2567,1.0000,0.6667,0.2836,1.0000,1.0000,0.0000,0.0001,1.2500
5712,MARKET,FALL,0,1.2676,1.0000,0.6667,0.3378,1.0000,1.0000,0.0000,0.0002,1.2509
5713,MARKET,FALL,0,1.2676,1.0000,0.6667,0.3378,1.0000,1.0000,0.0000,0.0002,1.2517
5714,MARKET,FALL,0,1.2676,1.0000,0.6667,0.3378,1.0000,1.0000,0.0000,0.0001,1.2525
5715,MARKET,GROW,0,1.2480,1.0000,0.6667,0.2399,1.0000,1.0000,0.0000,-0.0000,1.2523
5716,MARKET,GROW,0,1.2480,1.0000,0.6667,0.2399,1.0000,1.0000,0.0000,-0.0000,1.2521
5717,MARKET,BURN,0,1.2567,1.0000,0.6667,0.2836,1.0000,1.0000,0.0000,0.0000,1.2523
5718,MARKET,SPREAD,0,1.2032,1.0000,0.6667,0.0162,1.0000,1.0000,0.0000,-0.0004,1.2498
5719,MARKET,,0,1.1000,1.0000,0.3333,0.0000,1.0000,0.0000,0.0000,-0.0012,1.2424
5720,MARKET,GROW,0,1.2480,1.0000,0.6667,0.2399,1.0000,1.0000,0.0000,0.0000,1.2426
5721,MARKET,MOVE MOUNTAIN,0,1.2247,1.0000,0.5556,0.2903,0.6667,1.0000,0.0000,-0.0002,1.2417
5722,MARKET,BURN,0,1.2567,1.0000,0.6667,0.2836,1.0000,1.0000,0.0000,0.0001,1.2425
5723,MARKET,FALL,0,1.2676,1.0000,0.6667,0.3378,1.0000,1.0000,0.0000,0.0003,1.2437
5724,MARKET,SPREAD,0,1.2032,1.0000,0.6667,0.0162,1.0000,1.0000,0.0000,-0.0003,1.2417
5725,MARKET,FALL,0,1.2676,1.0000,0.6667,0.3378,1.0000,1.0000,0.0000,0.0002,1.2430
5726,MARKET,GROW,0,1.2480,1.0000,0.6667,0.2399,1.0000,1.0000,0.0000,0.0000,1.2433
5727,MARKET,GROW,0,1.2480,1.0000,0.6667,0.2399,1.0000,1.0000,0.0000,0.0000,1.2435
5728,MARKET,FALL,0,1.2676,1.0000,0.6667,0.3378,1.0000,1.0000,0.0000,0.0002,1.2447
5729,MARKET,GROW,0,1.2480,1.0000,0.6667,0.2399,1.0000,1.0000,0.0000,0.0000,1.2449
5730,MARKET,SPREAD,0,1.2032,1.0000,0.6667,0.0162,1.0000,1.0000,0.0000,-0.0003,1.2428
5731,MARKET,BURN,0,1.2567,1.0000,0.6667,0.2836,1.0000,1.0000,0.0000,0.0001,1.2435
5732,MARKET,FALL,0,1.2676,1.0000,0.6667,0.3378,1.0000,1.0000,0.0000,0.0002,1.2447
5733,MARKET,MOVE DULL SIMPLE COMPUTER,0,1.3349,1.0000,1.0000,0.1746,1.0000,1.0000,1.0000,0.0008,1.2492
5734,MARKET,FALL,0,1.2676,1.0000,0.6667,0.3378,1.0000,1.0000,0.0000,0.0002,1.2501
5735,MARKET,FALL,0,1.2676,1.0000,0.6667,0.3378,1.0000,1.0000,0.0000,0.0001,1.2510
5736,MARKET,BURN,0,1.2567,1.0000,0.6667,0.2836,1.0000,1.0000,0.0000,0.0000,1.2513
5737,MARKET,FALL,0,1.2676,1.0000,0.6667,0.3378,1.0000,1.0000,0.0000,0.0001,1.2521
5738,MARKET,GROW,0,1.2480,1.0000,0.6667,0.2399,1.0000,1.0000,0.0000,-0.0000,1.2519
5739,MARKET,FALL,0,1.2676,1.0000,0.6667,0.3378,1.0000,1.0000,0.0000,0.0001,1.2527
5740,MARKET,FALL,0,1.2676,1.0000,0.6667,0.3378,1.0000,1.0000,0.0000,0.0001,1.2534
5741,MARKET,BURN,0,1.2567,1.0000,0.6667,0.2836,1.0000,1.0000,0.0000,0.0000,1.2536
5742,MARKET,BURN,0,1.2567,1.0000,0.6667,0.2836,1.0000,1.0000,0.0000,0.0000,1.2537
5743,MARKET,SPREAD,0,1.2032,1.0000,0.6667,0.0162,1.0000,1.0000,0.0000,-0.0005,1.2512
5744,MARKET,FALL,0,1.2676,1.0000,0.6667,0.3378,1.0000,1.0000,0.0000,0.0002,1.2520
5745,MARKET,GROW,0,1.2480,1.0000,0.6667,0.2399,1.0000,1.0000,0.0000,-0.0000,1.2518
5746,MARKET,FALL,0,1.2676,1.0000,0.6667,0.3378,1.0000,1.0000,0.0000,0.0001,1.2526
5747,MARKET,GROW,0,1.2480,1.0000,0.6667,0.2399,1.0000,1.0000,0.0000,-0.0000,1.2524
5748,MARKET,BURN,0,1.2567,1.0000,0.6667,0.2836,1.0000,1.0000,0.0000,0.0000,1.2526
5749,MARKET,FALL,0,1.2676,1.0000,0.6667,0.3378,1.0000,1.0000,0.0000,0.0001,1.2533
5750,MARKET,GROW,0,1.2480,1.0000,0.6667,0.2399,1.0000,1.0000,0.0000,-0.0000,1.2531
5751,MARKET,SPREAD,0,1.2032,1.0000,0.6667,0.0162,1.0000,1.0000,0.0000,-0.0005,1.2506
5752,MARKET,BURN,0,1.2567,1.0000,0.6667,0.2836,1.0000,1.0000,0.0000,0.0001,1.2509
5753,MARKET,SPREAD,0,1.2032,1.0000,0.6667,0.0162,1.0000,1.0000,0.0000,-0.0005,1.2485
5754,MARKET,SPREAD,0,1.2032,1.0000,0.6667,0.0162,1.0000,1.0000,0.0000,-0.0004,1.2462
5755,MARKET,GROW,0,1.2480,1.0000,0.6667,0.2399,1.0000,1.0000,0.0000,0.0000,1.2463
5756,MARKET,GROW,0,1.2480,1.0000,0.6667,0.2399,1.0000,1.0000,0.0000,0.0000,1.2464
5757,MARKET,FALL,0,1.2676,1.0000,0.6667,0.3378,1.0000,1.0000,0.0000,0.0002,1.2475
5758,MARKET,SPREAD,0,1.2032,1.0000,0.6667,0.0162,1.0000,1.0000,0.0000,-0.0003,1.2453
5759,MARKET,SPREAD,0,1.2032,1.0000,0.6667,0.0162,1.0000,1.0000,0.0000,-0.0003,1.2432
5760,MARKET,BURN,0,1.2567,1.0000,0.6667,0.2836,1.0000,1.0000,0.0000,0.0001,1.2438
5761,MARKET,GROW,0,1.2480,1.0000,0.6667,0.2399,1.0000,1.0000,0.0000,0.0000,1.2440
5762,MARKET,GROW,0,1.2480,1.0000,0.6667,0.2399,1.0000,1.0000,0.0000,0.0000,1.2442
5763,MARKET,FALL,0,1.2676,1.0000,0.6667,0.3378,1.0000,1.0000,0.0000,0.0002,1.2454
5764,MARKET,GROW,0,1.2480,1.0000,0.6667,0.2399,1.0000,1.0000,0.0000,0.0000,1.2455
5765,MARKET,BURN,0,1.2567,1.0000,0.6667,0.2836,1.0000,1.0000,0.0000,0.0001,1.2461
5766,MARKET,FALL,0,1.2676,1.0000,0.6667,0.3378,1.0000,1.0000,0.0000,0.0002,1.2472
5767,MARKET,GROW,0,1.2480,1.0000,0.6667,0.2399,1.0000,1.0000,0.0000,0.0000,1.2472
5768,MARKET,FALL,0,1.2676,1.0000,0.6667,0.3378,1.0000,1.0000,0.0000,0.0002,1.2482
5769,MARKET,GROW,0,1.2480,1.0000,0.6667,0.2399,1.0000,1.0000,0.0000,-0.0000,1.2482
5770,MARKET,GROW,0,1.2480,1.0000,0.6667,0.2399,1.0000,1.0000,0.0000,-0.0000,1.2482
5771,MARKET,FALL,0,1.2676,1.0000,0.6667,0.3378,1.0000,1.0000,0.0000,0.0002,1.2492
5772,MARKET,GROW,0,1.2480,1.0000,0.6667,0.2399,1.0000,1.0000,0.0000,-0.0000,1.2491
5773,MARKET,FALL,0,1.2676,1.0000,0.6667,0.3378,1.0000,1.0000,0.0000,0.0001,1.2500
5774,MARKET,FALL,0,1.2676,1.0000,0.6667,0.3378,1.0000,1.0000,0.0000,0.0001,1.2509
5775,MARKET,BURN,0,1.2567,1.0000,0.6667,0.2836,1.0000,1.0000,0.0000,0.0000,1.2512
5776,MARKET,FALL,0,1.2676,1.0000,0.6667,0.3378,1.0000,1.0000,0.0000,0.0001,1.2520
5777,MARKET,SPREAD,0,1.2032,1.0000,0.6667,0.0162,1.0000,1.0000,0.0000,-0.0004,1.2496
5778,MARKET,BURN,0,1.2567,1.0000,0.6667,0.2836,1.0000,1.0000,0.0000,0.0001,1.2499
5779,MARKET,FALL,0,1.2676,1.0000,0.6667,0.3378,1.0000,1.0000,0.0000,0.0002,1.2508
5780,MARKET,GROW,0,1.2480,1.0000,0.6667,0.2399,1.0000,1.0000,0.0000,-0.0000,1.2507
5781,MARKET,FALL,0,1.2676,1.0000,0.6667,0.3378,1.0000,1.0000,0.0000,0.0001,1.2515
5782,MARKET,FALL,0,1.2676,1.0000,0.6667,0.3378,1.0000,1.0000,0.0000,0.0001,1.2523
5783,MARKET,FALL,0,1.2676,1.0000,0.6667,0.3378,1.0000,1.0000,0.0000,0.0001,1.2531
5784,MARKET,SPREAD,0,1.2032,1.0000,0.6667,0.0162,1.0000,1.0000,0.0000,-0.0004,1.2506
5785,MARKET,FALL,0,1.2676,1.0000,0.6667,0.3378,1.0000,1.0000,0.0000,0.0001,1.2514
5786,MARKET,GROW,0,1.2480,1.0000,0.6667,0.2399,1.0000,1.0000,0.0000,-0.0000,1.2513
5787,MARKET,FALL,0,1.2676,1.0000,0.6667,0.3378,1.0000,1.0000,0.0000,0.0001,1.2521
5788,MARKET,MOVE FAST DULL GUARD,0,1.3453,1.0000,1.0000,0.2266,1.0000,1.0000,1.0000,0.0008,1.2567
5789,MARKET,BURN,0,1.2567,1.0000,0.6667,0.2836,1.0000,1.0000,0.0000,-0.0000,1.2567
5790,MARKET,GROW,0,1.2480,1.0000,0.6667,0.2399,1.0000,1.0000,0.0000,-0.0001,1.2563
5791,MARKET,FALL,0,1.2676,1.0000,0.6667,0.3378,1.0000,1.0000,0.0000,0.0001,1.2569
5792,MARKET,FALL,0,1.2676,1.0000,0.6667,0.3378,1.0000,1.0000,0.0000,0.0001,1.2574
5793,MARKET,BURN,0,1.2567,1.0000,0.6667,0.2836,1.0000,1.0000,0.0000,-0.0000,1.2574
5794,MARKET,SPREAD,0,1.2032,1.0000,0.6667,0.0162,1.0000,1.0000,0.0000,-0.0005,1.2547
5795,MARKET,SPREAD,0,1.2032,1.0000,0.6667,0.0162,1.0000,1.0000,0.0000,-0.0004,1.2521
5796,MARKET,FALL,0,1.2676,1.0000,0.6667,0.3378,1.0000,1.0000,0.0000,0.0001,1.2529
5797,MARKET,FALL,0,1.2676,1.0000,0.6667,0.3378,1.0000,1.0000,0.0000,0.0001,1.2536
5798,MARKET,,0,1.1000,1.0000,0.3333,0.0000,1.0000,0.0000,0.0000,-0.0013,1.2459
5799,MARKET,FALL,0,1.2676,1.0000,0.6667,0.3378,1.0000,1.0000,0.0000,0.0002,1.2470
5800,MARKET,FALL,0,1.2676,1.0000,0.6667,0.3378,1.0000,1.0000,0.0000,0.0002,1.2480
5801,MARKET,GROW,0,1.2480,1.0000,0.6667,0.2399,1.0000,1.0000,0.0000,-0.0000,1.2480
5802,MARKET,SPREAD,0,1.2032,1.0000,0.6667,0.0162,1.0000,1.0000,0.0000,-0.0004,1.2458
5803,MARKET,SPREAD,0,1.2032,1.0000,0.6667,0.0162,1.0000,1.0000,0.0000,-0.0004,1.2437
5804,MARKET,GROW,0,1.2480,1.0000,0.6667,0.2399,1.0000,1.0000,0.0000,0.0000,1.2439
5805,MARKET,BURN,0,1.2567,1.0000,0.6667,0.2836,1.0000,1.0000,0.0000,0.0001,1.2445
5806,MARKET,BURN,0,1.2567,1.0000,0.6667,0.2836,1.0000,1.0000,0.0000,0.0001,1.2451
5807,MARKET,SPREAD,0,1.2032,1.0000,0.6667,0.0162,1.0000,1.0000,0.0000,-0.0003,1.2430
5808,MARKET,SPREAD,0,1.2032,1.0000,0.6667,0.0162,1.0000,1.0000,0.0000,-0.0003,1.2410
5809,MARKET,BURN,0,1.2567,1.0000,0.6667,0.2836,1.0000,1.0000,0.0000,0.0001,1.2418
5810,MARKET,GROW,0,1.2480,1.0000,0.6667,0.2399,1.0000,1.0000,0.0000,0.0001,1.2421
5811,MARKET,SPREAD,0,1.2032,1.0000,0.6667,0.0162,1.0000,1.0000,0.0000,-0.0003,1.2402
5812,MARKET,GROW,0,1.2480,1.0000,0.6667,0.2399,1.0000,1.0000,0.0000,0.0001,1.2406
5813,MARKET,FALL,0,1.2676,1.0000,0.6667,0.3378,1.0000,1.0000,0.0000,0.0002,1.2419
5814,MARKET,FALL,0,1.2676,1.0000,0.6667,0.3378,1.0000,1.0000,0.0000,0.0002,1.2432
5815,MARKET,BURN,0,1.2567,1.0000,0.6667,0.2836,1.0000,1.0000,0.0000,0.0001,1.2439
5816,MARKET,BURN,0,1.2567,1.0000,0.6667,0.2836,1.0000,1.0000,0.0000,0.0001,1.2445
5817,MARKET,FALL,0,1.2676,1.0000,0.6667,0.3378,1.0000,1.0000,0.0000,0.0002,1.2457
5818,MARKET,FALL,0,1.2676,1.0000,0.6667,0.3378,1.0000,1.0000,0.0000,0.0002,1.2468
5819,MARKET,FALL,0,1.2676,1.0000,0.6667,0.3378,1.0000,1.0000,0.0000,0.0002,1.2478
5820,MARKET,BURN,0,1.2567,1.0000,0.6667,0.2836,1.0000,1.0000,0.0000,0.0001,1.2483
5821,MARKET,BURN,0,1.2567,1.0000,0.6667,0.2836,1.0000,1.0000,0.0000,0.0001,1.2487
5822,MARKET,BURN,0,1.2567,1.0000,0.6667,0.2836,1.0000,1.0000,0.0000,0.0001,1.2491
5823,MARKET,GROW,0,1.2480,1.0000,0.6667,0.2399,1.0000,1.0000,0.0000,-0.0000,1.2490
5824,MARKET,FALL,0,1.2676,1.0000,0.6667,0.3378,1.0000,1.0000,0.0000,0.0001,1.2500
5825,MARKET,FALL,0,1.2676,1.0000,0.6667,0.3378,1.0000,1.0000,0.0000,0.0001,1.2508
5826,MARKET,BURN,0,1.2567,1.0000,0.6667,0.2836,1.0000,1.0000,0.0000,0.0000,1.2511
5827,MARKET,FALL,0,1.2676,1.0000,0.6667,0.3378,1.0000,1.0000,0.0000,0.0002,1.2519
5828,MARKET,BURN,0,1.2567,1.0000,0.6667,0.2836,1.0000,1.0000,0.0000,0.0000,1.2522
5829,MARKET,GROW,0,1.2480,1.0000,0.6667,0.2399,1.0000,1.0000,0.0000,-0.0000,1.2520
5830,MARKET,BURN,0,1.2567,1.0000,0.6667,0.2836,1.0000,1.0000,0.0000,0.0000,1.2522
5831,MARKET,GROW,0,1.2480,1.0000,0.6667,0.2399,1.0000,1.0000,0.0000,-0.0000,1.2520
5832,MARKET,BURN,0,1.2567,1.0000,0.6667,0.2836,1.0000,1.0000,0.0000,0.0000,1.2522
5833,MARKET,FALL,0,1.2676,1.0000,0.6667,0.3378,1.0000,1.0000,0.0000,0.0001,1.2530
5834,MARKET,BURN,0,1.2567,1.0000,0.6667,0.2836,1.0000,1.0000,0.0000,0.0000,1.2532
5835,MARKET,GROW,0,1.2480,1.0000,0.6667,0.2399,1.0000,1.0000,0.0000,-0.0000,1.2529
5836,MARKET,FALL,0,1.2676,1.0000,0.6667,0.3378,1.0000,1.0000,0.0000,0.0001,1.2537
5837,MARKET,SPREAD,0,1.2032,1.0000,0.6667,0.0162,1.0000,1.0000,0.0000,-0.0005,1.2511
5838,MARKET,GROW,0,1.2480,1.0000,0.6667,0.2399,1.0000,1.0000,0.0000,-0.0000,1.2510
5839,MARKET,BURN,0,1.2567,1.0000,0.6667,0.2836,1.0000,1.0000,0.0000,0.0001,1.2513
5840,MARKET,BURN,0,1.2567,1.0000,0.6667,0.2836,1.0000,1.0000,0.0000,0.0000,1.2515
5841,MARKET,BURN,0,1.2567,1.0000,0.6667,0.2836,1.0000,1.0000,0.0000,0.0000,1.2518
5842,MARKET,BURN,0,1.2567,1.0000,0.6667,0.2836,1.0000,1.0000,0.0000,0.0001,1.2520
5843,MARKET,BURN,0,1.2567,1.0000,0.6667,0.2836,1.0000,1.0000,0.0000,0.0000,1.2523
5844,MARKET,BURN,0,1.2567,1.0000,0.6667,0.2836,1.0000,1.0000,0.0000,0.0000,1.2525
5845,MARKET,GROW,0,1.2480,1.0000,0.6667,0.2399,1.0000,1.0000,0.0000,-0.0000,1.2523
5846,MARKET,BURN,0,1.2567,1.0000,0.6667,0.2836,1.0000,1.0000,0.0000,0.0000,1.2525
5847,MARKET,SPREAD,0,1.2032,1.0000,0.6667,0.0162,1.0000,1.0000,0.0000,-0.0004,1.2500
5848,MARKET,FALL,0,1.2676,1.0000,0.6667,0.3378,1.0000,1.0000,0.0000,0.0001,1.2509
5849,MARKET,BURN,0,1.2567,1.0000,0.6667,0.2836,1.0000,1.0000,0.0000,0.0001,1.2512
5850,MARKET,GROW,0,1.2480,1.0000,0.6667,0.2399,1.0000,1.0000,0.0000,-0.0000,1.2510
5851,MARKET,BURN,0,1.2567,1.0000,0.6667,0.2836,1.0000,1.0000,0.0000,0.0000,1.2513
5852,MARKET,SPREAD,0,1.2032,1.0000,0.6667,0.0162,1.0000,1.0000,0.0000,-0.0003,1.2489
5853,MARKET,GROW,0,1.2480,1.0000,0.6667,0.2399,1.0000,1.0000,0.0000,-0.0000,1.2489
5854,MARKET,FALL,0,1.2676,1.0000,0.6667,0.3378,1.0000,1.0000,0.0000,0.0002,1.2498
5855,MARKET,BURN,0,1.2567,1.0000,0.6667,0.2836,1.0000,1.0000,0.0000,0.0001,1.2502
5856,MARKET,SPREAD,0,1.2032,1.0000,0.6667,0.0162,1.0000,1.0000,0.0000,-0.0004,1.2478
5857,MARKET,SPREAD,0,1.2032,1.0000,0.6667,0.0162,1.0000,1.0000,0.0000,-0.0004,1.2456
5858,MARKET,FALL,0,1.2676,1.0000,0.6667,0.3378,1.0000,1.0000,0.0000,0.0002,1.2467
5859,MARKET,SPREAD,0,1.2032,1.0000,0.6667,0.0162,1.0000,1.0000,0.0000,-0.0003,1.2445
5860,MARKET,FALL,0,1.2676,1.0000,0.6667,0.3378,1.0000,1.0000,0.0000,0.0002,1.2457
5861,MARKET,BURN,0,1.2567,1.0000,0.6667,0.2836,1.0000,1.0000,0.0000,0.0001,1.2462
5862,MARKET,GROW,0,1.2480,1.0000,0.6667,0.2399,1.0000,1.0000,0.0000,0.0000,1.2463
5863,MARKET,GROW,0,1.2480,1.0000,0.6667,0.2399,1.0000,1.0000,0.0000,0.0000,1.2464
5864,MARKET,FALL,0,1.2676,1.0000,0.6667,0.3378,1.0000,1.0000,0.0000,0.0002,1.2474
5865,MARKET,GROW,0,1.2480,1.0000,0.6667,0.2399,1.0000,1.0000,0.0000,0.0000,1.2475
5866,MARKET,GROW,0,1.2480,1.0000,0.6667,0.2399,1.0000,1.0000,0.0000,0.0000,1.2475
5867,MARKET,SPREAD,0,1.2032,1.0000,0.6667,0.0162,1.0000,1.0000,0.0000,-0.0004,1.2453
5868,MARKET,SPREAD,0,1.2032,1.0000,0.6667,0.0162,1.0000,1.0000,0.0000,-0.0003,1.2432
5869,MARKET,BURN,0,1.2567,1.0000,0.6667,0.2836,1.0000,1.0000,0.0000,0.0001,1.2439
5870,MARKET,GROW,0,1.2480,1.0000,0.6667,0.2399,1.0000,1.0000,0.0000,0.0000,1.2441
5871,MARKET,SPREAD,0,1.2032,1.0000,0.6667,0.0162,1.0000,1.0000,0.0000,-0.0003,1.2420
5872,MARKET,GROW,0,1.2480,1.0000,0.6667,0.2399,1.0000,1.0000,0.0000,0.0000,1.2423
5873,MARKET,BURN,0,1.2567,1.0000,0.6667,0.2836,1.0000,1.0000,0.0000,0.0001,1.2430
5874,MARKET,GROW,0,1.2480,1.0000,0.6667,0.2399,1.0000,1.0000,0.0000,0.0000,1.2433
5875,MARKET,FALL,0,1.2676,1.0000,0.6667,0.3378,1.0000,1.0000,0.0000,0.0002,1.2445
5876,MARKET,FALL,0,1.2676,1.0000,0.6667,0.3378,1.0000,1.0000,0.0000,0.0002,1.2457
5877,MARKET,GROW,0,1.2480,1.0000,0.6667,0.2399,1.0000,1.0000,0.0000,0.0000,1.2458
5878,MARKET,SPREAD,0,1.2032,1.0000,0.6667,0.0162,1.0000,1.0000,0.0000,-0.0004,1.2436
5879,MARKET,FALL,0,1.2676,1.0000,0.6667,0.3378,1.0000,1.0000,0.0000,0.0002,1.2448
5880,MARKET,SPREAD,0,1.2032,1.0000,0.6667,0.0162,1.0000,1.0000,0.0000,-0.0004,1.2428
5881,MARKET,GROW,0,1.2480,1.0000,0.6667,0.2399,1.0000,1.0000,0.0000,0.0000,1.2430
5882,MARKET,BURN,0,1.2567,1.0000,0.6667,0.2836,1.0000,1.0000,0.0000,0.0001,1.2437
5883,MARKET,MOVE DUST,0,1.2682,1.0000,0.6667,0.3409,1.0000,1.0000,0.0000,0.0002,1.2449
5884,MARKET,GROW,0,1.2480,1.0000,0.6667,0.2399,1.0000,1.0000,0.0000,0.0000,1.2451
5885,MARKET,SPREAD,0,1.2032,1.0000,0.6667,0.0162,1.0000,1.0000,0.0000,-0.0004,1.2430
5886,MARKET,GROW,0,1.2480,1.0000,0.6667,0.2399,1.0000,1.0000,0.0000,0.0000,1.2432
5887,MARKET,FALL,0,1.2676,1.0000,0.6667,0.3378,1.0000,1.0000,0.0000,0.0002,1.2445
5888,MARKET,FALL,0,1.2676,1.0000,0.6667,0.3378,1.0000,1.0000,0.0000,0.0002,1.2456
5889,MARKET,SPREAD,0,1.2032,1.0000,0.6667,0.0162,1.0000,1.0000,0.0000,-0.0003,1.2435
5890,MARKET,FALL,0,1.2676,1.0000,0.6667,0.3378,1.0000,1.0000,0.0000,0.0002,1.2447
5891,MARKET,GROW,0,1.2480,1.0000,0.6667,0.2399,1.0000,1.0000,0.0000,0.0000,1.2449
5892,MARKET,FALL,0,1.2676,1.0000,0.6667,0.3378,1.0000,1.0000,0.0000,0.0002,1.2460
5893,MARKET,BURN,0,1.2567,1.0000,0.6667,0.2836,1.0000,1.0000,0.0000,0.0001,1.2465
5894,MARKET,FALL,0,1.2676,1.0000,0.6667,0.3378,1.0000,1.0000,0.0000,0.0002,1.2476
5895,MARKET,BURN,0,1.2567,1.0000,0.6667,0.2836,1.0000,1.0000,0.0000,0.0001,1.2480
5896,MARKET,BURN,0,1.2567,1.0000,0.6667,0.2836,1.0000,1.0000,0.0000,0.0001,1.2485
5897,MARKET,SPREAD,0,1.2032,1.0000,0.6667,0.0162,1.0000,1.0000,0.0000,-0.0004,1.2462
5898,MARKET,BURN,0,1.2567,1.0000,0.6667,0.2836,1.0000,1.0000,0.0000,0.0001,1.2467
5899,MARKET,MOVE DORMANT GUARD,0,1.3425,1.0000,1.0000,0.2124,1.0000,1.0000,1.0000,0.0009,1.2515
5900,MARKET,GROW,0,1.2480,1.0000,0.6667,0.2399,1.0000,1.0000,0.0000,-0.0000,1.2513
5901,MARKET,GROW,0,1.2480,1.0000,0.6667,0.2399,1.0000,1.0000,0.0000,-0.0000,1.2512
5902,MARKET,BURN,0,1.2567,1.0000,0.6667,0.2836,1.0000,1.0000,0.0000,0.0000,1.2515
5903,MARKET,BURN,0,1.2567,1.0000,0.6667,0.2836,1.0000,1.0000,0.0000,0.0000,1.2517
5904,MARKET,MOVE SAD ASHAMED WOLF,0,1.3738,1.0000,1.0000,0.3688,1.0000,1.0000,1.0000,0.0009,1.2578
5905,MARKET,BURN,0,1.2567,1.0000,0.6667,0.2836,1.0000,1.0000,0.0000,-0.0000,1.2578
5906,MARKET,SPREAD,0,1.2032,1.0000,0.6667,0.0162,1.0000,1.0000,0.0000,-0.0004,1.2550
5907,MARKET,GROW,0,1.2480,1.0000,0.6667,0.2399,1.0000,1.0000,0.0000,-0.0000,1.2547
5908,MARKET,FALL,0,1.2676,1.0000,0.6667,0.3378,1.0000,1.0000,0.0000,0.0001,1.2553
5909,MARKET,GROW,0,1.2480,1.0000,0.6667,0.2399,1.0000,1.0000,0.0000,-0.0001,1.2550
5910,MARKET,FALL,0,1.2676,1.0000,0.6667,0.3378,1.0000,1.0000,0.0000,0.0001,1.2556
5911,MARKET,GROW,0,1.2480,1.0000,0.6667,0.2399,1.0000,1.0000,0.0000,-0.0001,1.2552
5912,MARKET,GROW,0,1.2480,1.0000,0.6667,0.2399,1.0000,1.0000,0.0000,-0.0001,1.2548
5913,MARKET,GROW,0,1.2480,1.0000,0.6667,0.2399,1.0000,1.0000,0.0000,-0.0001,1.2545
5914,MARKET,FALL,0,1.2676,1.0000,0.6667,0.3378,1.0000,1.0000,0.0000,0.0001,1.2552
5915,MARKET,BURN,0,1.2567,1.0000,0.6667,0.2836,1.0000,1.0000,0.0000,0.0000,1.2552
5916,MARKET,GROW,0,1.2480,1.0000,0.6667,0.2399,1.0000,1.0000,0.0000,-0.0001,1.2549
5917,MARKET,SPREAD,0,1.2032,1.0000,0.6667,0.0162,1.0000,1.0000,0.0000,-0.0004,1.2523
5918,MARKET,BURN,0,1.2567,1.0000,0.6667,0.2836,1.0000,1.0000,0.0000,0.0000,1.2525
5919,MARKET,FALL,0,1.2676,1.0000,0.6667,0.3378,1.0000,1.0000,0.0000,0.0001,1.2533
5920,MARKET,GROW,0,1.2480,1.0000,0.6667,0.2399,1.0000,1.0000,0.0000,-0.0000,1.2530
5921,MARKET,GROW,0,1.2480,1.0000,0.6667,0.2399,1.0000,1.0000,0.0000,-0.0000,1.2527
5922,MARKET,BURN,0,1.2567,1.0000,0.6667,0.2836,1.0000,1.0000,0.0000,0.0000,1.2529
5923,MARKET,FALL,0,1.2676,1.0000,0.6667,0.3378,1.0000,1.0000,0.0000,0.0001,1.2537
5924,MARKET,GROW,0,1.2480,1.0000,0.6667,0.2399,1.0000,1.0000,0.0000,-0.0000,1.2534
5925,MARKET,GROW,0,1.2480,1.0000,0.6667,0.2399,1.0000,1.0000,0.0000,-0.0000,1.2531
5926,MARKET,BURN,0,1.2567,1.0000,0.6667,0.2836,1.0000,1.0000,0.0000,0.0000,1.2533
5927,MARKET,FALL,0,1.2676,1.0000,0.6667,0.3378,1.0000,1.0000,0.0000,0.0001,1.2540
5928,MARKET,BURN,0,1.2567,1.0000,0.6667,0.2836,1.0000,1.0000,0.0000,0.0000,1.2541
5929,MARKET,FALL,0,1.2676,1.0000,0.6667,0.3378,1.0000,1.0000,0.0000,0.0001,1.2548
5930,MARKET,BURN,0,1.2567,1.0000,0.6667,0.2836,1.0000,1.0000,0.0000,0.0000,1.2549
5931,MARKET,BURN,0,1.2567,1.0000,0.6667,0.2836,1.0000,1.0000,0.0000,0.0000,1.2550
5932,MARKET,BURN,0,1.2567,1.0000,0.6667,0.2836,1.0000,1.0000,0.0000,0.0000,1.2551
5933,MARKET,BURN,0,1.2567,1.0000,0.6667,0.2836,1.0000,1.0000,0.0000,0.0000,1.2552
5934,MARKET,FALL,0,1.2676,1.0000,0.6667,0.3378,1.0000,1.0000,0.0000,0.0001,1.2558
5935,MARKET,SPREAD,0,1.2032,1.0000,0.6667,0.0162,1.0000,1.0000,0.0000,-0.0004,1.2532
5936,MARKET,GROW,0,1.2480,1.0000,0.6667,0.2399,1.0000,1.0000,0.0000,-0.0000,1.2529
5937,MARKET,FALL,0,1.2676,1.0000,0.6667,0.3378,1.0000,1.0000,0.0000,0.0001,1.2536
5938,MARKET,,0,1.1000,1.0000,0.3333,0.0000,1.0000,0.0000,0.0000,-0.0011,1.2460
5939,MARKET,BURN,0,1.2567,1.0000,0.6667,0.2836,1.0000,1.0000,0.0000,0.0001,1.2465
5940,MARKET,GROW,0,1.2480,1.0000,0.6667,0.2399,1.0000,1.0000,0.0000,0.0000,1.2466
5941,MARKET,GROW,0,1.2480,1.0000,0.6667,0.2399,1.0000,1.0000,0.0000,0.0000,1.2466
5942,MARKET,FALL,0,1.2676,1.0000,0.6667,0.3378,1.0000,1.0000,0.0000,0.0002,1.2477
5943,MARKET,GROW,0,1.2480,1.0000,0.6667,0.2399,1.0000,1.0000,0.0000,0.0000,1.2477
5944,MARKET,SPREAD,0,1.2032,1.0000,0.6667,0.0162,1.0000,1.0000,0.0000,-0.0003,1.2455
5945,MARKET,FALL,0,1.2676,1.0000,0.6667,0.3378,1.0000,1.0000,0.0000,0.0002,1.2466
5946,MARKET,GROW,0,1.2480,1.0000,0.6667,0.2399,1.0000,1.0000,0.0000,0.0000,1.2466
5947,MARKET,SPREAD,0,1.2032,1.0000,0.6667,0.0162,1.0000,1.0000,0.0000,-0.0004,1.2445
5948,MARKET,BURN,0,1.2567,1.0000,0.6667,0.2836,1.0000,1.0000,0.0000,0.0001,1.2451
5949,MARKET,FALL,0,1.2676,1.0000,0.6667,0.3378,1.0000,1.0000,0.0000,0.0002,1.2462
5950,MARKET,GROW,0,1.2480,1.0000,0.6667,0.2399,1.0000,1.0000,0.0000,0.0000,1.2463
5951,MARKET,SPREAD,0,1.2032,1.0000,0.6667,0.0162,1.0000,1.0000,0.0000,-0.0004,1.2441
5952,MARKET,GROW,0,1.2480,1.0000,0.6667,0.2399,1.0000,1.0000,0.0000,0.0000,1.2443
5953,MARKET,BURN,0,1.2567,1.0000,0.6667,0.2836,1.0000,1.0000,0.0000,0.0001,1.2450
5954,MARKET,GROW,0,1.2480,1.0000,0.6667,0.2399,1.0000,1.0000,0.0000,0.0000,1.2451
5955,MARKET,BURN,0,1.2567,1.0000,0.6667,0.2836,1.0000,1.0000,0.0000,0.0001,1.2457
5956,MARKET,BUILD ACTIVE VAST CORRUPTED MAP,0,1.3387,1.0000,1.0000,0.1937,1.0000,1.0000,1.0000,0.0009,1.2503
5957,MARKET,SPREAD,0,1.2032,1.0000,0.6667,0.0162,1.0000,1.0000,0.0000,-0.0003,1.2480
5958,MARKET,GROW,0,1.2480,1.0000,0.6667,0.2399,1.0000,1.0000,0.0000,-0.0000,1.2480
5959,MARKET,FALL,0,1.2676,1.0000,0.6667,0.3378,1.0000,1.0000,0.0000,0.0002,1.2490
5960,MARKET,BURN,0,1.2567,1.0000,0.6667,0.2836,1.0000,1.0000,0.0000,0.0001,1.2494
5961,MARKET,BURN,0,1.2567,1.0000,0.6667,0.2836,1.0000,1.0000,0.0000,0.0001,1.2497
5962,MARKET,FALL,0,1.2676,1.0000,0.6667,0.3378,1.0000,1.0000,0.0000,0.0001,1.2506
5963,MARKET,BURN,0,1.2567,1.0000,0.6667,0.2836,1.0000,1.0000,0.0000,0.0000,1.2509
5964,MARKET,BURN,0,1.2567,1.0000,0.6667,0.2836,1.0000,1.0000,0.0000,0.0001,1.2512
5965,MARKET,BURN,0,1.2567,1.0000,0.6667,0.2836,1.0000,1.0000,0.0000,0.0000,1.2515
5966,MARKET,SPREAD,0,1.2032,1.0000,0.6667,0.0162,1.0000,1.0000,0.0000,-0.0005,1.2491
5967,MARKET,BURN,0,1.2567,1.0000,0.6667,0.2836,1.0000,1.0000,0.0000,0.0001,1.2495
5968,MARKET,FALL,0,1.2676,1.0000,0.6667,0.3378,1.0000,1.0000,0.0000,0.0001,1.2504
5969,MARKET,BURN,0,1.2567,1.0000,0.6667,0.2836,1.0000,1.0000,0.0000,0.0001,1.2507
5970,MARKET,SPREAD,0,1.2032,1.0000,0.6667,0.0162,1.0000,1.0000,0.0000,-0.0004,1.2483
5971,MARKET,GROW,0,1.2480,1.0000,0.6667,0.2399,1.0000,1.0000,0.0000,-0.0000,1.2483
5972,MARKET,GROW,0,1.2480,1.0000,0.6667,0.2399,1.0000,1.0000,0.0000,-0.0000,1.2483
5973,MARKET,GROW,0,1.2480,1.0000,0.6667,0.2399,1.0000,1.0000,0.0000,-0.0000,1.2483
5974,MARKET,SPREAD,0,1.2032,1.0000,0.6667,0.0162,1.0000,1.0000,0.0000,-0.0003,1.2460
5975,MARKET,FALL,0,1.2676,1.0000,0.6667,0.3378,1.0000,1.0000,0.0000,0.0002,1.2471
5976,MARKET,FALL,0,1.2676,1.0000,0.6667,0.3378,1.0000,1.0000,0.0000,0.0002,1.2481
5977,MARKET,BURN,0,1.2567,1.0000,0.6667,0.2836,1.0000,1.0000,0.0000,0.0001,1.2485
5978,MARKET,SPREAD,0,1.2032,1.0000,0.6667,0.0162,1.0000,1.0000,0.0000,-0.0004,1.2463
5979,MARKET,BURN,0,1.2567,1.0000,0.6667,0.2836,1.0000,1.0000,0.0000,0.0001,1.2468
5980,MARKET,GROW,0,1.2480,1.0000,0.6667,0.2399,1.0000,1.0000,0.0000,0.0000,1.2469
5981,MARKET,FALL,0,1.2676,1.0000,0.6667,0.3378,1.0000,1.0000,0.0000,0.0002,1.2479
5982,MARKET,GROW,0,1.2480,1.0000,0.6667,0.2399,1.0000,1.0000,0.0000,0.0000,1.2479
5983,MARKET,GROW,0,1.2480,1.0000,0.6667,0.2399,1.0000,1.0000,0.0000,0.0000,1.2479
5984,MARKET,GROW,0,1.2480,1.0000,0.6667,0.2399,1.0000,1.0000,0.0000,0.0000,1.2479
5985,MARKET,BURN,0,1.2567,1.0000,0.6667,0.2836,1.0000,1.0000,0.0000,0.0001,1.2483
5986,MARKET,FALL,0,1.2676,1.0000,0.6667,0.3378,1.0000,1.0000,0.0000,0.0002,1.2493
5987,MARKET,SPREAD,0,1.2032,1.0000,0.6667,0.0162,1.0000,1.0000,0.0000,-0.0005,1.2470
5988,MARKET,BURN,0,1.2567,1.0000,0.6667,0.2836,1.0000,1.0000,0.0000,0.0001,1.2475
5989,MARKET,BURN,0,1.2567,1.0000,0.6667,0.2836,1.0000,1.0000,0.0000,0.0001,1.2479
5990,MARKET,BURN,0,1.2567,1.0000,0.6667,0.2836,1.0000,1.0000,0.0000,0.0001,1.2484
5991,MARKET,BURN,0,1.2567,1.0000,0.6667,0.2836,1.0000,1.0000,0.0000,0.0001,1.2488
5992,MARKET,FALL,0,1.2676,1.0000,0.6667,0.3378,1.0000,1.0000,0.0000,0.0001,1.2497
5993,MARKET,BURN,0,1.2567,1.0000,0.6667,0.2836,1.0000,1.0000,0.0000,0.0001,1.2501
5994,MARKET,BURN,0,1.2567,1.0000,0.6667,0.2836,1.0000,1.0000,0.0000,0.0001,1.2504
5995,MARKET,FALL,0,1.2676,1.0000,0.6667,0.3378,1.0000,1.0000,0.0000,0.0002,1.2513
5996,MARKET,FALL,0,1.2676,1.0000,0.6667,0.3378,1.0000,1.0000,0.0000,0.0001,1.2521
5997,MARKET,FALL,0,1.2676,1.0000,0.6667,0.3378,1.0000,1.0000,0.0000,0.0001,1.2529
5998,MARKET,GROW,0,1.2480,1.0000,0.6667,0.2399,1.0000,1.0000,0.0000,-0.0000,1.2526
5999,MARKET,BREAK SLOW SEED,0,1.3688,1.0000,1.0000,0.3440,1.0000,1.0000,1.0000,0.0011,1.2584
6000,MARKET,GROW,0,1.2480,1.0000,0.6667,0.2399,1.0000,1.0000,0.0000,-0.0001,1.2579
6001,MARKET,FALL,0,1.2676,1.0000,0.6667,0.3378,1.0000,1.0000,0.0000,0.0001,1.2584
6002,MARKET,GROW,0,1.2480,1.0000,0.6667,0.2399,1.0000,1.0000,0.0000,-0.0001,1.2579
6003,MARKET,MOVE ISOLATED BOOK,0,1.3544,1.0000,1.0000,0.2720,1.0000,1.0000,1.0000,0.0007,1.2627
6004,MARKET,FALL,0,1.2676,1.0000,0.6667,0.3378,1.0000,1.0000,0.0000,0.0000,1.2629
6005,MARKET,FALL,0,1.2676,1.0000,0.6667,0.3378,1.0000,1.0000,0.0000,0.0000,1.2632
6006,MARKET,FALL,0,1.2676,1.0000,0.6667,0.3378,1.0000,1.0000,0.0000,0.0000,1.2634
6007,MARKET,GROW,0,1.2480,1.0000,0.6667,0.2399,1.0000,1.0000,0.0000,-0.0001,1.2626
6008,MARKET,FALL,0,1.2676,1.0000,0.6667,0.3378,1.0000,1.0000,0.0000,0.0000,1.2629
6009,MARKET,SPREAD,0,1.2032,1.0000,0.6667,0.0162,1.0000,1.0000,0.0000,-0.0005,1.2599
6010,MARKET,GROW,0,1.2480,1.0000,0.6667,0.2399,1.0000,1.0000,0.0000,-0.0001,1.2593
6011,MARKET,FALL,0,1.2676,1.0000,0.6667,0.3378,1.0000,1.0000,0.0000,0.0001,1.2597
6012,MARKET,FALL,0,1.2676,1.0000,0.6667,0.3378,1.0000,1.0000,0.0000,0.0001,1.2601
6013,MARKET,SPREAD,0,1.2032,1.0000,0.6667,0.0162,1.0000,1.0000,0.0000,-0.0006,1.2573
6014,MARKET,MOVE DULL BROKEN SENSOR,0,1.3586,1.0000,1.0000,0.2932,1.0000,1.0000,1.0000,0.0008,1.2623
6015,MARKET,BURN,0,1.2567,1.0000,0.6667,0.2836,1.0000,1.0000,0.0000,-0.0000,1.2620
6016,MARKET,BURN,0,1.2567,1.0000,0.6667,0.2836,1.0000,1.0000,0.0000,-0.0000,1.2618
6017,MARKET,FALL,0,1.2676,1.0000,0.6667,0.3378,1.0000,1.0000,0.0000,0.0000,1.2621
6018,MARKET,FALL,0,1.2676,1.0000,0.6667,0.3378,1.0000,1.0000,0.0000,0.0000,1.2623
6019,MARKET,FALL,0,1.2676,1.0000,0.6667,0.3378,1.0000,1.0000,0.0000,0.0000,1.2626
6020,MARKET,GROW,0,1.2480,1.0000,0.6667,0.2399,1.0000,1.0000,0.0000,-0.0001,1.2619
6021,MARKET,SPREAD,0,1.2032,1.0000,0.6667,0.0162,1.0000,1.0000,0.0000,-0.0006,1.2589
6022,MARKET,FALL,0,1.2676,1.0000,0.6667,0.3378,1.0000,1.0000,0.0000,0.0001,1.2594
6023,MARKET,SPREAD,0,1.2032,1.0000,0.6667,0.0162,1.0000,1.0000,0.0000,-0.0005,1.2566
6024,MARKET,FALL,0,1.2676,1.0000,0.6667,0.3378,1.0000,1.0000,0.0000,0.0001,1.2571
6025,MARKET,BURN,0,1.2567,1.0000,0.6667,0.2836,1.0000,1.0000,0.0000,-0.0000,1.2571
6026,MARKET,FALL,0,1.2676,1.0000,0.6667,0.3378,1.0000,1.0000,0.0000,0.0001,1.2576
6027,MARKET,SPREAD,0,1.2032,1.0000,0.6667,0.0162,1.0000,1.0000,0.0000,-0.0004,1.2549
6028,MARKET,FALL,0,1.2676,1.0000,0.6667,0.3378,1.0000,1.0000,0.0000,0.0001,1.2555
6029,MARKET,SPREAD,0,1.2032,1.0000,0.6667,0.0162,1.0000,1.0000,0.0000,-0.0005,1.2529
6030,MARKET,FALL,0,1.2676,1.0000,0.6667,0.3378,1.0000,1.0000,0.0000,0.0001,1.2536
6031,MARKET,SPREAD,0,1.2032,1.0000,0.6667,0.0162,1.0000,1.0000,0.0000,-0.0004,1.2511
6032,MARKET,GROW,0,1.2480,1.0000,0.6667,0.2399,1.0000,1.0000,0.0000,-0.0000,1.2510
6033,MARKET,BURN,0,1.2567,1.0000,0.6667,0.2836,1.0000,1.0000,0.0000,0.0000,1.2513
6034,MARKET,FALL,0,1.2676,1.0000,0.6667,0.3378,1.0000,1.0000,0.0000,0.0001,1.2521
6035,MARKET,BURN,0,1.2567,1.0000,0.6667,0.2836,1.0000,1.0000,0.0000,0.0000,1.2523
6036,MARKET,FALL,0,1.2676,1.0000,0.6667,0.3378,1.0000,1.0000,0.0000,0.0002,1.2531
6037,MARKET,FALL,0,1.2676,1.0000,0.6667,0.3378,1.0000,1.0000,0.0000,0.0001,1.2538
6038,MARKET,FALL,0,1.2676,1.0000,0.6667,0.3378,1.0000,1.0000,0.0000,0.0001,1.2545
6039,MARKET,BURN,0,1.2567,1.0000,0.6667,0.2836,1.0000,1.0000,0.0000,0.0000,1.2546
6040,MARKET,FALL,0,1.2676,1.0000,0.6667,0.3378,1.0000,1.0000,0.0000,0.0001,1.2552
6041,MARKET,GROW,0,1.2480,1.0000,0.6667,0.2399,1.0000,1.0000,0.0000,-0.0001,1.2549
6042,MARKET,GROW,0,1.2480,1.0000,0.6667,0.2399,1.0000,1.0000,0.0000,-0.0001,1.2545
6043,MARKET,BURN,0,1.2567,1.0000,0.6667,0.2836,1.0000,1.0000,0.0000,0.0000,1.2546
6044,MARKET,BURN,0,1.2567,1.0000,0.6667,0.2836,1.0000,1.0000,0.0000,0.0000,1.2547
6045,MARKET,BURN,0,1.2567,1.0000,0.6667,0.2836,1.0000,1.0000,0.0000,0.0000,1.2548
6046,MARKET,GROW,0,1.2480,1.0000,0.6667,0.2399,1.0000,1.0000,0.0000,-0.0001,1.2545
6047,MARKET,FALL,0,1.2676,1.0000,0.6667,0.3378,1.0000,1.0000,0.0000,0.0001,1.2552
6048,MARKET,GROW,0,1.2480,1.0000,0.6667,0.2399,1.0000,1.0000,0.0000,-0.0001,1.2548
6049,MARKET,SPREAD,0,1.2032,1.0000,0.6667,0.0162,1.0000,1.0000,0.0000,-0.0004,1.2522
6050,MARKET,BURN,0,1.2567,1.0000,0.6667,0.2836,1.0000,1.0000,0.0000,0.0000,1.2524
6051,MARKET,BURN,0,1.2567,1.0000,0.6667,0.2836,1.0000,1.0000,0.0000,0.0000,1.2527
6052,MARKET,FALL,0,1.2676,1.0000,0.6667,0.3378,1.0000,1.0000,0.0000,0.0001,1.2534
6053,MARKET,GROW,0,1.2480,1.0000,0.6667,0.2399,1.0000,1.0000,0.0000,-0.0000,1.2531
6054,MARKET,GROW,0,1.2480,1.0000,0.6667,0.2399,1.0000,1.0000,0.0000,-0.0000,1.2529
6055,MARKET,FALL,0,1.2676,1.0000,0.6667,0.3378,1.0000,1.0000,0.0000,0.0001,1.2536
6056,MARKET,BURN,0,1.2567,1.0000,0.6667,0.2836,1.0000,1.0000,0.0000,0.0000,1.2538
6057,MARKET,BURN,0,1.2567,1.0000,0.6667,0.2836,1.0000,1.0000,0.0000,0.0000,1.2539
6058,MARKET,SPREAD,0,1.2032,1.0000,0.6667,0.0162,1.0000,1.0000,0.0000,-0.0004,1.2514
6059,MARKET,BURN,0,1.2567,1.0000,0.6667,0.2836,1.0000,1.0000,0.0000,0.0000,1.2516
6060,MARKET,SPREAD,0,1.2032,1.0000,0.6667,0.0162,1.0000,1.0000,0.0000,-0.0004,1.2492
6061,MARKET,SPREAD,0,1.2032,1.0000,0.6667,0.0162,1.0000,1.0000,0.0000,-0.0003,1.2469
6062,MARKET,BURN,0,1.2567,1.0000,0.6667,0.2836,1.0000,1.0000,0.0000,0.0001,1.2474
6063,MARKET,GROW,0,1.2480,1.0000,0.6667,0.2399,1.0000,1.0000,0.0000,0.0000,1.2474
6064,MARKET,GROW,0,1.2480,1.0000,0.6667,0.2399,1.0000,1.0000,0.0000,0.0000,1.2475
6065,MARKET,FALL,0,1.2676,1.0000,0.6667,0.3378,1.0000,1.0000,0.0000,0.0002,1.2485
6066,MARKET,GROW,0,1.2480,1.0000,0.6667,0.2399,1.0000,1.0000,0.0000,-0.0000,1.2484
6067,MARKET,GROW,0,1.2480,1.0000,0.6667,0.2399,1.0000,1.0000,0.0000,-0.0000,1.2484
6068,MARKET,BURN,0,1.2567,1.0000,0.6667,0.2836,1.0000,1.0000,0.0000,0.0001,1.2488
6069,MARKET,SPREAD,0,1.2032,1.0000,0.6667,0.0162,1.0000,1.0000,0.0000,-0.0003,1.2466
6070,MARKET,FALL,0,1.2676,1.0000,0.6667,0.3378,1.0000,1.0000,0.0000,0.0002,1.2476
6071,MARKET,BURN,0,1.2567,1.0000,0.6667,0.2836,1.0000,1.0000,0.0000,0.0001,1.2481
6072,MARKET,GROW,0,1.2480,1.0000,0.6667,0.2399,1.0000,1.0000,0.0000,-0.0000,1.2481
6073,MARKET,GROW,0,1.2480,1.0000,0.6667,0.2399,1.0000,1.0000,0.0000,-0.0000,1.2481
6074,HOME,,0,1.1000,1.0000,0.3333,0.0000,1.0000,0.0000,0.0000,-1.0344,1.2407
6075,MARKET,BURN,0,1.2567,1.0000,0.6667,0.2836,1.0000,1.0000,0.0000,0.0001,1.2415
6076,MARKET,GROW,0,1.2480,1.0000,0.6667,0.2399,1.0000,1.0000,0.0000,0.0001,1.2418
6077,MARKET,SPREAD,0,1.2032,1.0000,0.6667,0.0162,1.0000,1.0000,0.0000,-0.0003,1.2399
6078,MARKET,SPREAD,0,1.2032,1.0000,0.6667,0.0162,1.0000,1.0000,0.0000,-0.0002,1.2380
6079,MARKET,GROW,0,1.2480,1.0000,0.6667,0.2399,1.0000,1.0000,0.0000,0.0001,1.2385
6080,MARKET,GROW,0,1.2480,1.0000,0.6667,0.2399,1.0000,1.0000,0.0000,0.0001,1.2390
6081,MARKET,GROW,0,1.2480,1.0000,0.6667,0.2399,1.0000,1.0000,0.0000,0.0001,1.2394
6082,MARKET,BURN,0,1.2567,1.0000,0.6667,0.2836,1.0000,1.0000,0.0000,0.0001,1.2403
6083,MARKET,GROW,0,1.2480,1.0000,0.6667,0.2399,1.0000,1.0000,0.0000,0.0000,1.2407
6084,MARKET,SPREAD,0,1.2032,1.0000,0.6667,0.0162,1.0000,1.0000,0.0000,-0.0002,1.2388
6085,MARKET,FALL,0,1.2676,1.0000,0.6667,0.3378,1.0000,1.0000,0.0000,0.0002,1.2403
6086,MARKET,FALL,0,1.2676,1.0000,0.6667,0.3378,1.0000,1.0000,0.0000,0.0002,1.2416
6087,MARKET,GROW,0,1.2480,1.0000,0.6667,0.2399,1.0000,1.0000,0.0000,0.0000,1.2419
6088,MARKET,MOVE DENSE SAD DRONE,0,1.3633,1.0000,1.0000,0.3163,1.0000,1.0000,1.0000,0.0007,1.2480
6089,MARKET,FALL,0,1.2676,1.0000,0.6667,0.3378,1.0000,1.0000,0.0000,0.0001,1.2490
6090,MARKET,BURN,0,1.2567,1.0000,0.6667,0.2836,1.0000,1.0000,0.0000,0.0001,1.2494
6091,MARKET,BURN,0,1.2567,1.0000,0.6667,0.2836,1.0000,1.0000,0.0000,0.0000,1.2497
6092,MARKET,SPREAD,0,1.2032,1.0000,0.6667,0.0162,1.0000,1.0000,0.0000,-0.0003,1.2474
6093,MARKET,GROW,0,1.2480,1.0000,0.6667,0.2399,1.0000,1.0000,0.0000,0.0000,1.2474
6094,MARKET,GROW,0,1.2480,1.0000,0.6667,0.2399,1.0000,1.0000,0.0000,0.0000,1.2475
6095,MARKET,GROW,0,1.2480,1.0000,0.6667,0.2399,1.0000,1.0000,0.0000,0.0000,1.2475
6096,MARKET,BURN,0,1.2567,1.0000,0.6667,0.2836,1.0000,1.0000,0.0000,0.0001,1.2480
6097,MARKET,SPREAD,0,1.2032,1.0000,0.6667,0.0162,1.0000,1.0000,0.0000,-0.0003,1.2457
6098,MARKET,FALL,0,1.2676,1.0000,0.6667,0.3378,1.0000,1.0000,0.0000,0.0001,1.2468
6099,MARKET,GROW,0,1.2480,1.0000,0.6667,0.2399,1.0000,1.0000,0.0000,0.0000,1.2469
6100,MARKET,GROW,0,1.2480,1.0000,0.6667,0.2399,1.0000,1.0000,0.0000,0.0000,1.2469
6101,MARKET,FALL,0,1.2676,1.0000,0.6667,0.3378,1.0000,1.0000,0.0000,0.0001,1.2480
6102,MARKET,GROW,0,1.2480,1.0000,0.6667,0.2399,1.0000,1.0000,0.0000,0.0000,1.2480
6103,MARKET,BURN,0,1.2567,1.0000,0.6667,0.2836,1.0000,1.0000,0.0000,0.0001,1.2484
6104,MARKET,BURN,0,1.2567,1.0000,0.6667,0.2836,1.0000,1.0000,0.0000,0.0001,1.2488
6105,MARKET,MOVE WATER,0,1.2679,1.0000,0.6667,0.3394,1.0000,1.0000,0.0000,0.0001,1.2498
6106,MARKET,BURN,0,1.2567,1.0000,0.6667,0.2836,1.0000,1.0000,0.0000,0.0001,1.2501
6107,MARKET,SPREAD,0,1.2032,1.0000,0.6667,0.0162,1.0000,1.0000,0.0000,-0.0003,1.2478
6108,MARKET,BURN,0,1.2567,1.0000,0.6667,0.2836,1.0000,1.0000,0.0000,0.0001,1.2482
6109,MARKET,SPREAD,0,1.2032,1.0000,0.6667,0.0162,1.0000,1.0000,0.0000,-0.0003,1.2460
6110,MARKET,GROW,0,1.2480,1.0000,0.6667,0.2399,1.0000,1.0000,0.0000,0.0000,1.2461
6111,MARKET,SPREAD,0,1.2032,1.0000,0.6667,0.0162,1.0000,1.0000,0.0000,-0.0003,1.2439
6112,MARKET,FALL,0,1.2676,1.0000,0.6667,0.3378,1.0000,1.0000,0.0000,0.0002,1.2451
6113,MARKET,FALL,0,1.2676,1.0000,0.6667,0.3378,1.0000,1.0000,0.0000,0.0001,1.2462
6114,MARKET,BURN,0,1.2567,1.0000,0.6667,0.2836,1.0000,1.0000,0.0000,0.0001,1.2468
6115,MARKET,GROW,0,1.2480,1.0000,0.6667,0.2399,1.0000,1.0000,0.0000,0.0000,1.2468
6116,MARKET,FALL,0,1.2676,1.0000,0.6667,0.3378,1.0000,1.0000,0.0000,0.0001,1.2479
6117,MARKET,BURN,0,1.2567,1.0000,0.6667,0.2836,1.0000,1.0000,0.0000,0.0001,1.2483
6118,MARKET,GROW,0,1.2480,1.0000,0.6667,0.2399,1.0000,1.0000,0.0000,-0.0000,1.2483
6119,MARKET,GROW,0,1.2480,1.0000,0.6667,0.2399,1.0000,1.0000,0.0000,-0.0000,1.2483
6120,MARKET,GROW,0,1.2480,1.0000,0.6667,0.2399,1.0000,1.0000,0.0000,-0.0000,1.2482
6121,MARKET,BURN,0,1.2567,1.0000,0.6667,0.2836,1.0000,1.0000,0.0000,0.0001,1.2487
6122,MARKET,FALL,0,1.2676,1.0000,0.6667,0.3378,1.0000,1.0000,0.0000,0.0001,1.2496
6123,MARKET,BURN,0,1.2567,1.0000,0.6667,0.2836,1.0000,1.0000,0.0000,0.0000,1.2500
6124,MARKET,SPREAD,0,1.2032,1.0000,0.6667,0.0162,1.0000,1.0000,0.0000,-0.0003,1.2476
6125,MARKET,BURN,0,1.2567,1.0000,0.6667,0.2836,1.0000,1.0000,0.0000,0.0001,1.2481
6126,MARKET,SPREAD,0,1.2032,1.0000,0.6667,0.0162,1.0000,1.0000,0.0000,-0.0003,1.2458
6127,MARKET,GROW,0,1.2480,1.0000,0.6667,0.2399,1.0000,1.0000,0.0000,0.0000,1.2460
6128,MARKET,BURN,0,1.2567,1.0000,0.6667,0.2836,1.0000,1.0000,0.0000,0.0001,1.2465
6129,MARKET,BURN,0,1.2567,1.0000,0.6667,0.2836,1.0000,1.0000,0.0000,0.0001,1.2470
6130,MARKET,FALL,0,1.2676,1.0000,0.6667,0.3378,1.0000,1.0000,0.0000,0.0001,1.2480
6131,MARKET,FALL,0,1.2676,1.0000,0.6667,0.3378,1.0000,1.0000,0.0000,0.0001,1.2490
6132,MARKET,SPREAD,0,1.2032,1.0000,0.6667,0.0162,1.0000,1.0000,0.0000,-0.0003,1.2467
6133,MARKET,SPREAD,0,1.2032,1.0000,0.6667,0.0162,1.0000,1.0000,0.0000,-0.0003,1.2445
6134,MARKET,SPREAD,0,1.2032,1.0000,0.6667,0.0162,1.0000,1.0000,0.0000,-0.0002,1.2425
6135,MARKET,BURN,0,1.2567,1.0000,0.6667,0.2836,1.0000,1.0000,0.0000,0.0001,1.2432
6136,MARKET,BURN,0,1.2567,1.0000,0.6667,0.2836,1.0000,1.0000,0.0000,0.0001,1.2439
6137,MARKET,FALL,0,1.2676,1.0000,0.6667,0.3378,1.0000,1.0000,0.0000,0.0001,1.2451
6138,MARKET,BURN,0,1.2567,1.0000,0.6667,0.2836,1.0000,1.0000,0.0000,0.0001,1.2456
6139,MARKET,FALL,0,1.2676,1.0000,0.6667,0.3378,1.0000,1.0000,0.0000,0.0001,1.2467
6140,MARKET,SPREAD,0,1.2032,1.0000,0.6667,0.0162,1.0000,1.0000,0.0000,-0.0003,1.2446
6141,MARKET,FALL,0,1.2676,1.0000,0.6667,0.3378,1.0000,1.0000,0.0000,0.0001,1.2457
6142,MARKET,GROW,0,1.2480,1.0000,0.6667,0.2399,1.0000,1.0000,0.0000,0.0000,1.2458
6143,MARKET,BURN,0,1.2567,1.0000,0.6667,0.2836,1.0000,1.0000,0.0000,0.0001,1.2464
6144,MARKET,FALL,0,1.2676,1.0000,0.6667,0.3378,1.0000,1.0000,0.0000,0.0001,1.2474
6145,MARKET,GROW,0,1.2480,1.0000,0.6667,0.2399,1.0000,1.0000,0.0000,0.0000,1.2475
6146,MARKET,BURN,0,1.2567,1.0000,0.6667,0.2836,1.0000,1.0000,0.0000,0.0001,1.2479
6147,MARKET,GROW,0,1.2480,1.0000,0.6667,0.2399,1.0000,1.0000,0.0000,0.0000,1.2479
6148,MARKET,FALL,0,1.2676,1.0000,0.6667,0.3378,1.0000,1.0000,0.0000,0.0001,1.2489
6149,MARKET,FALL,0,1.2676,1.0000,0.6667,0.3378,1.0000,1.0000,0.0000,0.0001,1.2498
6150,MARKET,GROW,0,1.2480,1.0000,0.6667,0.2399,1.0000,1.0000,0.0000,-0.0000,1.2497
6151,MARKET,MOVE ENCRYPTED CAR,0,1.3480,1.0000,1.0000,0.2399,1.0000,1.0000,1.0000,0.0006,1.2547
6152,MARKET,FALL,0,1.2676,1.0000,0.6667,0.3378,1.0000,1.0000,0.0000,0.0001,1.2553
6153,MARKET,FALL,0,1.2676,1.0000,0.6667,0.3378,1.0000,1.0000,0.0000,0.0001,1.2559
6154,MARKET,FALL,0,1.2676,1.0000,0.6667,0.3378,1.0000,1.0000,0.0000,0.0001,1.2565
6155,MARKET,BURN,0,1.2567,1.0000,0.6667,0.2836,1.0000,1.0000,0.0000,0.0000,1.2565
6156,MARKET,BURN,0,1.2567,1.0000,0.6667,0.2836,1.0000,1.0000,0.0000,0.0000,1.2565
6157,MARKET,FALL,0,1.2676,1.0000,0.6667,0.3378,1.0000,1.0000,0.0000,0.0001,1.2571
6158,MARKET,FALL,0,1.2676,1.0000,0.6667,0.3378,1.0000,1.0000,0.0000,0.0001,1.2576
6159,MARKET,BURN,0,1.2567,1.0000,0.6667,0.2836,1.0000,1.0000,0.0000,-0.0000,1.2575
6160,MARKET,SPREAD,0,1.2032,1.0000,0.6667,0.0162,1.0000,1.0000,0.0000,-0.0004,1.2548
6161,MARKET,GROW,0,1.2480,1.0000,0.6667,0.2399,1.0000,1.0000,0.0000,-0.0000,1.2545
6162,MARKET,SPREAD,0,1.2032,1.0000,0.6667,0.0162,1.0000,1.0000,0.0000,-0.0003,1.2519
6163,MARKET,BURN,0,1.2567,1.0000,0.6667,0.2836,1.0000,1.0000,0.0000,0.0000,1.2522
6164,MARKET,GROW,0,1.2480,1.0000,0.6667,0.2399,1.0000,1.0000,0.0000,-0.0000,1.2520
6165,MARKET,BURN,0,1.2567,1.0000,0.6667,0.2836,1.0000,1.0000,0.0000,0.0000,1.2522
6166,MARKET,FALL,0,1.2676,1.0000,0.6667,0.3378,1.0000,1.0000,0.0000,0.0001,1.2530
6167,MARKET,GROW,0,1.2480,1.0000,0.6667,0.2399,1.0000,1.0000,0.0000,-0.0000,1.2527
6168,MARKET,FALL,0,1.2676,1.0000,0.6667,0.3378,1.0000,1.0000,0.0000,0.0001,1.2535
6169,MARKET,FALL,0,1.2676,1.0000,0.6667,0.3378,1.0000,1.0000,0.0000,0.0001,1.2542
6170,MARKET,GROW,0,1.2480,1.0000,0.6667,0.2399,1.0000,1.0000,0.0000,-0.0000,1.2539
6171,MARKET,GROW,0,1.2480,1.0000,0.6667,0.2399,1.0000,1.0000,0.0000,-0.0000,1.2536
6172,MARKET,GROW,0,1.2480,1.0000,0.6667,0.2399,1.0000,1.0000,0.0000,-0.0000,1.2533
6173,MARKET,SPREAD,0,1.2032,1.0000,0.6667,0.0162,1.0000,1.0000,0.0000,-0.0003,1.2508
6174,MARKET,BUILD DULL ENCRYPTED KEY,0,1.3265,1.0000,1.0000,0.1327,1.0000,1.0000,1.0000,0.0005,1.2546
6175,MARKET,GROW,0,1.2480,1.0000,0.6667,0.2399,1.0000,1.0000,0.0000,-0.0000,1.2542
6176,MARKET,MOVE FOREST,0,1.2261,1.0000,0.5556,0.2971,0.6667,1.0000,0.0000,-0.0002,1.2528
6177,MARKET,FALL,0,1.2676,1.0000,0.6667,0.3378,1.0000,1.0000,0.0000,0.0001,1.2536
6178,MARKET,SPREAD,0,1.2032,1.0000,0.6667,0.0162,1.0000,1.0000,0.0000,-0.0003,1.2510
6179,CHAOTIC MARKET,BURN,0,1.3566,1.0000,1.0000,0.2831,1.0000,1.0000,1.0000,0.7150,1.2563
6180,MARKET,FALL,0,1.2676,1.0000,0.6667,0.3378,1.0000,1.0000,0.0000,0.0001,1.2569
6181,MARKET,GROW,0,1.2480,1.0000,0.6667,0.2399,1.0000,1.0000,0.0000,-0.0001,1.2564
6182,MARKET,SPREAD,0,1.2032,1.0000,0.6667,0.0162,1.0000,1.0000,0.0000,-0.0005,1.2538
6183,MARKET,FALL,0,1.2676,1.0000,0.6667,0.3378,1.0000,1.0000,0.0000,0.0001,1.2545
6184,MARKET,FALL,0,1.2676,1.0000,0.6667,0.3378,1.0000,1.0000,0.0000,0.0001,1.2551
6185,MARKET,GROW,0,1.2480,1.0000,0.6667,0.2399,1.0000,1.0000,0.0000,-0.0001,1.2548
6186,MARKET,FALL,0,1.2676,1.0000,0.6667,0.3378,1.0000,1.0000,0.0000,0.0001,1.2554
6187,MARKET,FALL,0,1.2676,1.0000,0.6667,0.3378,1.0000,1.0000,0.0000,0.0001,1.2560
6188,MARKET,FALL,0,1.2676,1.0000,0.6667,0.3378,1.0000,1.0000,0.0000,0.0001,1.2566
6189,MARKET,FALL,0,1.2676,1.0000,0.6667,0.3378,1.0000,1.0000,0.0000,0.0001,1.2571
6190,MARKET,BURN,0,1.2567,1.0000,0.6667,0.2836,1.0000,1.0000,0.0000,-0.0000,1.2571
6191,MARKET,BURN,0,1.2567,1.0000,0.6667,0.2836,1.0000,1.0000,0.0000,-0.0000,1.2571
6192,MARKET,BURN,0,1.2567,1.0000,0.6667,0.2836,1.0000,1.0000,0.0000,-0.0000,1.2571
6193,MARKET,GROW,0,1.2480,1.0000,0.6667,0.2399,1.0000,1.0000,0.0000,-0.0001,1.2566
6194,DIRTY MARKET,BURN,0,1.3505,1.0000,1.0000,0.2525,1.0000,1.0000,1.0000,0.7533,1.2613
6195,MARKET,SPREAD,0,1.2032,1.0000,0.6667,0.0162,1.0000,1.0000,0.0000,-0.0008,1.2584
6196,MARKET,FALL,0,1.2676,1.0000,0.6667,0.3378,1.0000,1.0000,0.0000,0.0001,1.2589
6197,MARKET,SPREAD,0,1.2032,1.0000,0.6667,0.0162,1.0000,1.0000,0.0000,-0.0011,1.2561
6198,MARKET,BURN,0,1.2567,1.0000,0.6667,0.2836,1.0000,1.0000,0.0000,0.0000,1.2561
6199,MARKET,BURN,0,1.2567,1.0000,0.6667,0.2836,1.0000,1.0000,0.0000,0.0000,1.2562
6200,CHAOTIC MARKET,SPREAD,0,1.3282,1.0000,1.0000,0.1409,1.0000,1.0000,1.0000,0.3628,1.2598
6201,MARKET,BURN,0,1.2567,1.0000,0.6667,0.2836,1.0000,1.0000,0.0000,-0.0001,1.2596
6202,MARKET,BURN,0,1.2567,1.0000,0.6667,0.2836,1.0000,1.0000,0.0000,-0.0001,1.2595
6203,MARKET,SPREAD,0,1.2032,1.0000,0.6667,0.0162,1.0000,1.0000,0.0000,-0.0028,1.2566
6204,MARKET,GROW,0,1.2480,1.0000,0.6667,0.2399,1.0000,1.0000,0.0000,-0.0006,1.2562
6205,MARKET,BURN,0,1.2567,1.0000,0.6667,0.2836,1.0000,1.0000,0.0000,0.0000,1.2562
6206,MARKET,FALL,0,1.2676,1.0000,0.6667,0.3378,1.0000,1.0000,0.0000,0.0012,1.2568
6207,MARKET,FALL,0,1.2676,1.0000,0.6667,0.3378,1.0000,1.0000,0.0000,0.0020,1.2573
6208,MARKET,FALL,0,1.2676,1.0000,0.6667,0.3378,1.0000,1.0000,0.0000,0.0013,1.2579
6209,MARKET,SPREAD,0,1.2032,1.0000,0.6667,0.0162,1.0000,1.0000,0.0000,-0.0094,1.2551
6210,MARKET,SPREAD,0,1.2032,1.0000,0.6667,0.0162,1.0000,1.0000,0.0000,-0.0146,1.2525
6211,DIRTY MARKET,FALL,0,1.3592,1.0000,1.0000,0.2959,1.0000,1.0000,1.0000,0.4721,1.2579
6212,MARKET,SPREAD,0,1.2032,1.0000,0.6667,0.0162,1.0000,1.0000,0.0000,-0.0346,1.2551
6213,CAR,MOVE WEAK ENGINE HEAR CHILD,1,0.2832,0.0000,0.9333,0.0159,0.8000,1.0000,1.0000,-4.6945,1.2065
6214,IDENTITY GROW,,1,0.2000,0.0000,0.6667,0.0000,1.0000,1.0000,0.0000,-5.4146,1.1562
6215,ALGORITHM GROW,,1,0.2000,0.0000,0.6667,0.0000,1.0000,1.0000,0.0000,-5.7596,1.1084
6216,BROKEN KEY,FALL,0,1.3272,1.0000,1.0000,0.1362,1.0000,1.0000,1.0000,1.8816,1.1193
6217,TOOL BURN,,1,0.2000,0.0000,0.6667,0.0000,1.0000,1.0000,0.0000,-6.3120,1.0734
6218,OPTIMAL POWER SPREAD,,1,0.3000,0.0000,1.0000,0.0000,1.0000,1.0000,1.0000,-8.6913,1.0347
6219,CHAOTIC HORSE,MOVE DENSE ISOLATED MAP,0,1.3130,1.0000,0.9333,0.1651,1.0000,1.0000,0.8000,2.1546,1.0486
6220,FAMOUS MARKET,GROW,0,1.3669,1.0000,1.0000,0.3346,1.0000,1.0000,1.0000,1.4660,1.0645
6221,FIRE,MOVE SHARP SLOW SEED MOVE FREE DULL FIRE,1,0.2365,0.0000,0.7778,0.0158,0.3333,1.0000,1.0000,-4.1762,1.0231
6222,FIRE,GROW,1,0.2033,0.0000,0.6667,0.0165,1.0000,1.0000,0.0000,-4.2747,0.9821
6223,MARKET,SPREAD,0,1.2032,1.0000,0.6667,0.0162,1.0000,1.0000,0.0000,0.2920,0.9932
6224,MARKET,FALL,0,1.2676,1.0000,0.6667,0.3378,1.0000,1.0000,0.0000,0.2240,1.0069
6225,MARKET,FALL,0,1.2676,1.0000,0.6667,0.3378,1.0000,1.0000,0.0000,0.0842,1.0199
6226,MARKET,GROW,0,1.2480,1.0000,0.6667,0.2399,1.0000,1.0000,0.0000,0.0389,1.0313
6227,MARKET,BURN,0,1.2567,1.0000,0.6667,0.2836,1.0000,1.0000,0.0000,0.0225,1.0426
6228,MARKET,SPREAD,0,1.2032,1.0000,0.6667,0.0162,1.0000,1.0000,0.0000,0.0144,1.0506
6229,MARKET,SPREAD,0,1.2032,1.0000,0.6667,0.0162,1.0000,1.0000,0.0000,0.0118,1.0583
6230,MARKET,FALL,0,1.2676,1.0000,0.6667,0.3378,1.0000,1.0000,0.0000,0.0085,1.0687
6231,MARKET,SPREAD,0,1.2032,1.0000,0.6667,0.0162,1.0000,1.0000,0.0000,0.0036,1.0755
6232,MARKET,FALL,0,1.2676,1.0000,0.6667,0.3378,1.0000,1.0000,0.0000,0.0058,1.0851
6233,MARKET,BURN,0,1.2567,1.0000,0.6667,0.2836,1.0000,1.0000,0.0000,0.0039,1.0937
6234,MARKET,BURN,0,1.2567,1.0000,0.6667,0.2836,1.0000,1.0000,0.0000,0.0031,1.1018
6235,MARKET,SPREAD,0,1.2032,1.0000,0.6667,0.0162,1.0000,1.0000,0.0000,0.0017,1.1069
6236,MARKET,BURN,0,1.2567,1.0000,0.6667,0.2836,1.0000,1.0000,0.0000,0.0028,1.1144
6237,MARKET,BURN,0,1.2567,1.0000,0.6667,0.2836,1.0000,1.0000,0.0000,0.0024,1.1215
6238,MARKET,GROW,0,1.2480,1.0000,0.6667,0.2399,1.0000,1.0000,0.0000,0.0018,1.1278
6239,MARKET,GROW,0,1.2480,1.0000,0.6667,0.2399,1.0000,1.0000,0.0000,0.0015,1.1338
6240,MARKET,SPREAD,0,1.2032,1.0000,0.6667,0.0162,1.0000,1.0000,0.0000,0.0009,1.1373
6241,MARKET,FALL,0,1.2676,1.0000,0.6667,0.3378,1.0000,1.0000,0.0000,0.0014,1.1438
6242,MARKET,GROW,0,1.2480,1.0000,0.6667,0.2399,1.0000,1.0000,0.0000,0.0012,1.1490
6243,MARKET,SPREAD,0,1.2032,1.0000,0.6667,0.0162,1.0000,1.0000,0.0000,0.0006,1.1517
6244,MARKET,BURN,0,1.2567,1.0000,0.6667,0.2836,1.0000,1.0000,0.0000,0.0011,1.1570
6245,MARKET,GROW,0,1.2480,1.0000,0.6667,0.2399,1.0000,1.0000,0.0000,0.0009,1.1615
6246,MARKET,BURN,0,1.2567,1.0000,0.6667,0.2836,1.0000,1.0000,0.0000,0.0010,1.1663
6247,MARKET,BURN,0,1.2567,1.0000,0.6667,0.2836,1.0000,1.0000,0.0000,0.0009,1.1708
6248,MARKET,GROW,0,1.2480,1.0000,0.6667,0.2399,1.0000,1.0000,0.0000,0.0008,1.1747
6249,MARKET,GROW,0,1.2480,1.0000,0.6667,0.2399,1.0000,1.0000,0.0000,0.0008,1.1783
6250,MARKET,BURN,0,1.2567,1.0000,0.6667,0.2836,1.0000,1.0000,0.0000,0.0007,1.1822
6251,MARKET,BURN,0,1.2567,1.0000,0.6667,0.2836,1.0000,1.0000,0.0000,0.0009,1.1860
6252,MARKET,FALL,0,1.2676,1.0000,0.6667,0.3378,1.0000,1.0000,0.0000,0.0007,1.1901
6253,MARKET,FALL,0,1.2676,1.0000,0.6667,0.3378,1.0000,1.0000,0.0000,0.0007,1.1939
6254,MARKET,BURN,0,1.2567,1.0000,0.6667,0.2836,1.0000,1.0000,0.0000,0.0005,1.1971
6255,MARKET,BURN,0,1.2567,1.0000,0.6667,0.2836,1.0000,1.0000,0.0000,0.0005,1.2000
6256,MARKET,SPREAD,0,1.2032,1.0000,0.6667,0.0162,1.0000,1.0000,0.0000,0.0000,1.2002
6257,MARKET,FALL,0,1.2676,1.0000,0.6667,0.3378,1.0000,1.0000,0.0000,0.0005,1.2036
6258,MARKET,BURN,0,1.2567,1.0000,0.6667,0.2836,1.0000,1.0000,0.0000,0.0004,1.2062
6259,MARKET,SPREAD,0,1.2032,1.0000,0.6667,0.0162,1.0000,1.0000,0.0000,-0.0000,1.2061
6260,MARKET,BURN,0,1.2567,1.0000,0.6667,0.2836,1.0000,1.0000,0.0000,0.0004,1.2086
6261,MARKET,GROW,0,1.2480,1.0000,0.6667,0.2399,1.0000,1.0000,0.0000,0.0003,1.2106
6262,MARKET,GROW,0,1.2480,1.0000,0.6667,0.2399,1.0000,1.0000,0.0000,0.0003,1.2125
6263,MARKET,GROW,0,1.2480,1.0000,0.6667,0.2399,1.0000,1.0000,0.0000,0.0002,1.2142
6264,MARKET,SPREAD,0,1.2032,1.0000,0.6667,0.0162,1.0000,1.0000,0.0000,-0.0001,1.2137
6265,MARKET,SPREAD,0,1.2032,1.0000,0.6667,0.0162,1.0000,1.0000,0.0000,-0.0001,1.2132
6266,MARKET,SPREAD,0,1.2032,1.0000,0.6667,0.0162,1.0000,1.0000,0.0000,-0.0001,1.2127
6267,MARKET,HEAR WOMAN,0,1.2357,1.0000,0.6667,0.1786,1.0000,1.0000,0.0000,0.0002,1.2138
6268,MARKET,GROW,0,1.2480,1.0000,0.6667,0.2399,1.0000,1.0000,0.0000,0.0003,1.2155
6269,MARKET,BURN,0,1.2567,1.0000,0.6667,0.2836,1.0000,1.0000,0.0000,0.0003,1.2176
6270,MARKET,GROW,0,1.2480,1.0000,0.6667,0.2399,1.0000,1.0000,0.0000,0.0003,1.2191
6271,MARKET,GROW,0,1.2480,1.0000,0.6667,0.2399,1.0000,1.0000,0.0000,0.0002,1.2205
6272,MARKET,BURN,0,1.2567,1.0000,0.6667,0.2836,1.0000,1.0000,0.0000,0.0003,1.2224
6273,MARKET,BURN,0,1.2567,1.0000,0.6667,0.2836,1.0000,1.0000,0.0000,0.0003,1.2241
6274,MARKET,GROW,0,1.2480,1.0000,0.6667,0.2399,1.0000,1.0000,0.0000,0.0002,1.2253
6275,MARKET,GROW,0,1.2480,1.0000,0.6667,0.2399,1.0000,1.0000,0.0000,0.0002,1.2264
6276,MARKET,BURN,0,1.2567,1.0000,0.6667,0.2836,1.0000,1.0000,0.0000,0.0002,1.2279
6277,MARKET,GROW,0,1.2480,1.0000,0.6667,0.2399,1.0000,1.0000,0.0000,0.0002,1.2289
6278,MARKET,HEAR SMALL SMALL CHILD,0,1.3287,1.0000,1.0000,0.1435,1.0000,1.0000,1.0000,0.0008,1.2339
6279,MARKET,HEAR RIVER,0,1.1997,1.0000,0.5556,0.1649,0.6667,1.0000,0.0000,-0.0003,1.2322
6280,MARKET,BURN,0,1.2567,1.0000,0.6667,0.2836,1.0000,1.0000,0.0000,0.0002,1.2334
6281,MARKET,GROW,0,1.2480,1.0000,0.6667,0.2399,1.0000,1.0000,0.0000,0.0001,1.2342
6282,MARKET,BURN,0,1.2567,1.0000,0.6667,0.2836,1.0000,1.0000,0.0000,0.0002,1.2353
6283,MARKET,BURN,0,1.2567,1.0000,0.6667,0.2836,1.0000,1.0000,0.0000,0.0002,1.2364
6284,MARKET,SPREAD,0,1.2032,1.0000,0.6667,0.0162,1.0000,1.0000,0.0000,-0.0002,1.2347
6285,MARKET,SPREAD,0,1.2032,1.0000,0.6667,0.0162,1.0000,1.0000,0.0000,-0.0003,1.2331
6286,MARKET,FALL,0,1.2676,1.0000,0.6667,0.3378,1.0000,1.0000,0.0000,0.0003,1.2348
6287,MARKET,FALL,0,1.2676,1.0000,0.6667,0.3378,1.0000,1.0000,0.0000,0.0003,1.2365
6288,MARKET,BURN,0,1.2567,1.0000,0.6667,0.2836,1.0000,1.0000,0.0000,0.0002,1.2375
6289,MARKET,FALL,0,1.2676,1.0000,0.6667,0.3378,1.0000,1.0000,0.0000,0.0002,1.2390
6290,MARKET,FALL,0,1.2676,1.0000,0.6667,0.3378,1.0000,1.0000,0.0000,0.0002,1.2404
6291,MARKET,SPREAD,0,1.2032,1.0000,0.6667,0.0162,1.0000,1.0000,0.0000,-0.0003,1.2386
6292,MARKET,BURN,0,1.2567,1.0000,0.6667,0.2836,1.0000,1.0000,0.0000,0.0001,1.2395
6293,MARKET,BURN,0,1.2567,1.0000,0.6667,0.2836,1.0000,1.0000,0.0000,0.0001,1.2403
6294,MARKET,BURN,0,1.2567,1.0000,0.6667,0.2836,1.0000,1.0000,0.0000,0.0001,1.2412
6295,MARKET,BURN,0,1.2567,1.0000,0.6667,0.2836,1.0000,1.0000,0.0000,0.0001,1.2419
6296,MARKET,SPREAD,0,1.2032,1.0000,0.6667,0.0162,1.0000,1.0000,0.0000,-0.0003,1.2400
6297,MARKET,BURN,0,1.2567,1.0000,0.6667,0.2836,1.0000,1.0000,0.0000,0.0001,1.2408
6298,MARKET,GROW,0,1.2480,1.0000,0.6667,0.2399,1.0000,1.0000,0.0000,0.0001,1.2412
6299,MARKET,FALL,0,1.2676,1.0000,0.6667,0.3378,1.0000,1.0000,0.0000,0.0002,1.2425
6300,MARKET,GROW,0,1.2480,1.0000,0.6667,0.2399,1.0000,1.0000,0.0000,0.0000,1.2428
6301,MARKET,GROW,0,1.2480,1.0000,0.6667,0.2399,1.0000,1.0000,0.0000,0.0000,1.2430
6302,MARKET,BURN,0,1.2567,1.0000,0.6667,0.2836,1.0000,1.0000,0.0000,0.0001,1.2437
6303,MARKET,BURN,0,1.2567,1.0000,0.6667,0.2836,1.0000,1.0000,0.0000,0.0001,1.2444
6304,MARKET,BURN,0,1.2567,1.0000,0.6667,0.2836,1.0000,1.0000,0.0000,0.0001,1.2450
6305,MARKET,BURN,0,1.2567,1.0000,0.6667,0.2836,1.0000,1.0000,0.0000,0.0001,1.2456
6306,MARKET,,0,1.1000,1.0000,0.3333,0.0000,1.0000,0.0000,0.0000,-0.0012,1.2383
6307,MARKET,FALL,0,1.2676,1.0000,0.6667,0.3378,1.0000,1.0000,0.0000,0.0002,1.2398
6308,MARKET,SPREAD,0,1.2032,1.0000,0.6667,0.0162,1.0000,1.0000,0.0000,-0.0003,1.2379
6309,MARKET,BURN,0,1.2567,1.0000,0.6667,0.2836,1.0000,1.0000,0.0000,0.0001,1.2389
6310,MARKET,BURN,0,1.2567,1.0000,0.6667,0.2836,1.0000,1.0000,0.0000,0.0001,1.2398
6311,MARKET,FALL,0,1.2676,1.0000,0.6667,0.3378,1.0000,1.0000,0.0000,0.0002,1.2412
6312,MARKET,SPREAD,0,1.2032,1.0000,0.6667,0.0162,1.0000,1.0000,0.0000,-0.0003,1.2393
6313,MARKET,FALL,0,1.2676,1.0000,0.6667,0.3378,1.0000,1.0000,0.0000,0.0002,1.2407
6314,MARKET,FALL,0,1.2676,1.0000,0.6667,0.3378,1.0000,1.0000,0.0000,0.0002,1.2420
6315,MARKET,FALL,0,1.2676,1.0000,0.6667,0.3378,1.0000,1.0000,0.0000,0.0002,1.2433
6316,MARKET,FALL,0,1.2676,1.0000,0.6667,0.3378,1.0000,1.0000,0.0000,0.0002,1.2445
6317,MARKET,BURN,0,1.2567,1.0000,0.6667,0.2836,1.0000,1.0000,0.0000,0.0001,1.2451
6318,MARKET,BURN,0,1.2567,1.0000,0.6667,0.2836,1.0000,1.0000,0.0000,0.0001,1.2457
6319,MARKET,FALL,0,1.2676,1.0000,0.6667,0.3378,1.0000,1.0000,0.0000,0.0002,1.2468
6320,MARKET,GROW,0,1.2480,1.0000,0.6667,0.2399,1.0000,1.0000,0.0000,0.0000,1.2469
6321,MARKET,BURN,0,1.2567,1.0000,0.6667,0.2836,1.0000,1.0000,0.0000,0.0001,1.2473
6322,MARKET,BURN,0,1.2567,1.0000,0.6667,0.2836,1.0000,1.0000,0.0000,0.0001,1.2478
6323,MARKET,BURN,0,1.2567,1.0000,0.6667,0.2836,1.0000,1.0000,0.0000,0.0001,1.2483
6324,MARKET,GROW,0,1.2480,1.0000,0.6667,0.2399,1.0000,1.0000,0.0000,-0.0000,1.2482
6325,MARKET,BURN,0,1.2567,1.0000,0.6667,0.2836,1.0000,1.0000,0.0000,0.0001,1.2487
6326,MARKET,FALL,0,1.2676,1.0000,0.6667,0.3378,1.0000,1.0000,0.0000,0.0001,1.2496
6327,MARKET,MOVE OPTIMAL DORMANT GUARD MOVE AUTOMATED SOLDIER,0,1.3367,1.0000,1.0000,0.1833,1.0000,1.0000,1.0000,0.0006,1.2540
6328,MARKET,GROW,0,1.2480,1.0000,0.6667,0.2399,1.0000,1.0000,0.0000,-0.0000,1.2537
6329,MARKET,GROW,0,1.2480,1.0000,0.6667,0.2399,1.0000,1.0000,0.0000,-0.0000,1.2534
6330,MARKET,SPREAD,0,1.2032,1.0000,0.6667,0.0162,1.0000,1.0000,0.0000,-0.0004,1.2509
6331,MARKET,FALL,0,1.2676,1.0000,0.6667,0.3378,1.0000,1.0000,0.0000,0.0001,1.2517
6332,MARKET,BURN,0,1.2567,1.0000,0.6667,0.2836,1.0000,1.0000,0.0000,0.0000,1.2520
6333,MARKET,FALL,0,1.2676,1.0000,0.6667,0.3378,1.0000,1.0000,0.0000,0.0001,1.2527
6334,MARKET,FALL,0,1.2676,1.0000,0.6667,0.3378,1.0000,1.0000,0.0000,0.0001,1.2535
6335,MARKET,BURN,0,1.2567,1.0000,0.6667,0.2836,1.0000,1.0000,0.0000,0.0000,1.2536
6336,MARKET,GROW,0,1.2480,1.0000,0.6667,0.2399,1.0000,1.0000,0.0000,-0.0000,1.2534
6337,MARKET,SPREAD,0,1.2032,1.0000,0.6667,0.0162,1.0000,1.0000,0.0000,-0.0004,1.2509
6338,MARKET,GROW,0,1.2480,1.0000,0.6667,0.2399,1.0000,1.0000,0.0000,-0.0000,1.2507
6339,MARKET,GROW,0,1.2480,1.0000,0.6667,0.2399,1.0000,1.0000,0.0000,-0.0000,1.2506
6340,MARKET,FALL,0,1.2676,1.0000,0.6667,0.3378,1.0000,1.0000,0.0000,0.0001,1.2514
6341,MARKET,FALL,0,1.2676,1.0000,0.6667,0.3378,1.0000,1.0000,0.0000,0.0001,1.2522
6342,MARKET,FALL,0,1.2676,1.0000,0.6667,0.3378,1.0000,1.0000,0.0000,0.0001,1.2530
6343,MARKET,BURN,0,1.2567,1.0000,0.6667,0.2836,1.0000,1.0000,0.0000,0.0000,1.2532
6344,MARKET,BURN,0,1.2567,1.0000,0.6667,0.2836,1.0000,1.0000,0.0000,0.0000,1.2534
6345,MARKET,GROW,0,1.2480,1.0000,0.6667,0.2399,1.0000,1.0000,0.0000,-0.0000,1.2531
6346,MARKET,BURN,0,1.2567,1.0000,0.6667,0.2836,1.0000,1.0000,0.0000,0.0000,1.2533
6347,MARKET,SPREAD,0,1.2032,1.0000,0.6667,0.0162,1.0000,1.0000,0.0000,-0.0003,1.2508
6348,MARKET,BURN,0,1.2567,1.0000,0.6667,0.2836,1.0000,1.0000,0.0000,0.0000,1.2511
6349,MARKET,SPREAD,0,1.2032,1.0000,0.6667,0.0162,1.0000,1.0000,0.0000,-0.0003,1.2487
6350,MARKET,SPREAD,0,1.2032,1.0000,0.6667,0.0162,1.0000,1.0000,0.0000,-0.0004,1.2464
6351,MARKET,GROW,0,1.2480,1.0000,0.6667,0.2399,1.0000,1.0000,0.0000,0.0000,1.2465
6352,MARKET,GROW,0,1.2480,1.0000,0.6667,0.2399,1.0000,1.0000,0.0000,0.0000,1.2466
6353,MARKET,SPREAD,0,1.2032,1.0000,0.6667,0.0162,1.0000,1.0000,0.0000,-0.0003,1.2444
6354,MARKET,GROW,0,1.2480,1.0000,0.6667,0.2399,1.0000,1.0000,0.0000,0.0000,1.2446
6355,MARKET,SPREAD,0,1.2032,1.0000,0.6667,0.0162,1.0000,1.0000,0.0000,-0.0003,1.2425
6356,MARKET,GROW,0,1.2480,1.0000,0.6667,0.2399,1.0000,1.0000,0.0000,0.0000,1.2428
6357,MARKET,BURN,0,1.2567,1.0000,0.6667,0.2836,1.0000,1.0000,0.0000,0.0001,1.2435
6358,MARKET,FALL,0,1.2676,1.0000,0.6667,0.3378,1.0000,1.0000,0.0000,0.0002,1.2447
6359,MARKET,FALL,0,1.2676,1.0000,0.6667,0.3378,1.0000,1.0000,0.0000,0.0002,1.2458
6360,MARKET,FALL,0,1.2676,1.0000,0.6667,0.3378,1.0000,1.0000,0.0000,0.0002,1.2469
6361,MARKET,BURN,0,1.2567,1.0000,0.6667,0.2836,1.0000,1.0000,0.0000,0.0001,1.2474
6362,MARKET,SPREAD,0,1.2032,1.0000,0.6667,0.0162,1.0000,1.0000,0.0000,-0.0003,1.2452
6363,MARKET,GROW,0,1.2480,1.0000,0.6667,0.2399,1.0000,1.0000,0.0000,0.0000,1.2453
6364,MARKET,BURN,0,1.2567,1.0000,0.6667,0.2836,1.0000,1.0000,0.0000,0.0001,1.2459
6365,MARKET,BURN,0,1.2567,1.0000,0.6667,0.2836,1.0000,1.0000,0.0000,0.0001,1.2464
6366,MARKET,BURN,0,1.2567,1.0000,0.6667,0.2836,1.0000,1.0000,0.0000,0.0001,1.2470
6367,MARKET,SPREAD,0,1.2032,1.0000,0.6667,0.0162,1.0000,1.0000,0.0000,-0.0003,1.2448
6368,MARKET,SPREAD,0,1.2032,1.0000,0.6667,0.0162,1.0000,1.0000,0.0000,-0.0003,1.2427
6369,MARKET,FALL,0,1.2676,1.0000,0.6667,0.3378,1.0000,1.0000,0.0000,0.0002,1.2439
6370,MARKET,FALL,0,1.2676,1.0000,0.6667,0.3378,1.0000,1.0000,0.0000,0.0002,1.2451
6371,MARKET,SPREAD,0,1.2032,1.0000,0.6667,0.0162,1.0000,1.0000,0.0000,-0.0003,1.2430
6372,MARKET,BURN,0,1.2567,1.0000,0.6667,0.2836,1.0000,1.0000,0.0000,0.0001,1.2437
6373,MARKET,FALL,0,1.2676,1.0000,0.6667,0.3378,1.0000,1.0000,0.0000,0.0002,1.2449
6374,MARKET,SPREAD,0,1.2032,1.0000,0.6667,0.0162,1.0000,1.0000,0.0000,-0.0003,1.2428
6375,MARKET,GROW,0,1.2480,1.0000,0.6667,0.2399,1.0000,1.0000,0.0000,0.0000,1.2431
6376,MARKET,FALL,0,1.2676,1.0000,0.6667,0.3378,1.0000,1.0000,0.0000,0.0002,1.2443
6377,MARKET,SPREAD,0,1.2032,1.0000,0.6667,0.0162,1.0000,1.0000,0.0000,-0.0003,1.2422
6378,MARKET,SPREAD,0,1.2032,1.0000,0.6667,0.0162,1.0000,1.0000,0.0000,-0.0003,1.2403
6379,MARKET,GROW,0,1.2480,1.0000,0.6667,0.2399,1.0000,1.0000,0.0000,0.0001,1.2407
6380,MARKET,GROW,0,1.2480,1.0000,0.6667,0.2399,1.0000,1.0000,0.0000,0.0001,1.2410
6381,MARKET,BURN,0,1.2567,1.0000,0.6667,0.2836,1.0000,1.0000,0.0000,0.0001,1.2418
6382,MARKET,GROW,0,1.2480,1.0000,0.6667,0.2399,1.0000,1.0000,0.0000,0.0000,1.2421
6383,MARKET,BURN,0,1.2567,1.0000,0.6667,0.2836,1.0000,1.0000,0.0000,0.0001,1.2429
6384,MARKET,FALL,0,1.2676,1.0000,0.6667,0.3378,1.0000,1.0000,0.0000,0.0002,1.2441
6385,MARKET,GROW,0,1.2480,1.0000,0.6667,0.2399,1.0000,1.0000,0.0000,0.0000,1.2443
6386,MARKET,FALL,0,1.2676,1.0000,0.6667,0.3378,1.0000,1.0000,0.0000,0.0002,1.2455
6387,CHAOTIC MARKET,BURN,0,1.3566,1.0000,1.0000,0.2831,1.0000,1.0000,1.0000,0.6762,1.2510
6388,MARKET,BURN,0,1.2567,1.0000,0.6667,0.2836,1.0000,1.0000,0.0000,0.0000,1.2513
6389,MARKET,FALL,0,1.2676,1.0000,0.6667,0.3378,1.0000,1.0000,0.0000,0.0002,1.2521
6390,MARKET,FALL,0,1.2676,1.0000,0.6667,0.3378,1.0000,1.0000,0.0000,0.0001,1.2529
6391,MARKET,GROW,0,1.2480,1.0000,0.6667,0.2399,1.0000,1.0000,0.0000,-0.0001,1.2526
6392,CHANCE SPREAD,,1,0.2000,0.0000,0.6667,0.0000,1.0000,1.0000,0.0000,-5.5277,1.2000
6393,MARKET,GROW,0,1.2480,1.0000,0.6667,0.2399,1.0000,1.0000,0.0000,0.0005,1.2024
6394,MARKET,GROW,0,1.2480,1.0000,0.6667,0.2399,1.0000,1.0000,0.0000,0.0005,1.2047
6395,RULE GROW,,1,0.2000,0.0000,0.6667,0.0000,1.0000,1.0000,0.0000,-4.7411,1.1544
6396,MARKET,GROW,0,1.2480,1.0000,0.6667,0.2399,1.0000,1.0000,0.0000,0.0009,1.1591
6397,MARKET,BURN,0,1.2567,1.0000,0.6667,0.2836,1.0000,1.0000,0.0000,0.0010,1.1640
6398,MARKET,GROW,0,1.2480,1.0000,0.6667,0.2399,1.0000,1.0000,0.0000,0.0020,1.1682
6399,MARKET,BURN,0,1.2567,1.0000,0.6667,0.2836,1.0000,1.0000,0.0000,0.0010,1.1726
6400,MARKET,FALL,0,1.2676,1.0000,0.6667,0.3378,1.0000,1.0000,0.0000,0.0010,1.1774
6401,MARKET,BURN,0,1.2567,1.0000,0.6667,0.2836,1.0000,1.0000,0.0000,0.0010,1.1813
6402,MARKET,FALL,0,1.2676,1.0000,0.6667,0.3378,1.0000,1.0000,0.0000,0.0009,1.1857
6403,MARKET,FALL,0,1.2676,1.0000,0.6667,0.3378,1.0000,1.0000,0.0000,0.0008,1.1897
6404,MARKET,FALL,0,1.2676,1.0000,0.6667,0.3378,1.0000,1.0000,0.0000,0.0008,1.1936
6405,MARKET,FALL,0,1.2676,1.0000,0.6667,0.3378,1.0000,1.0000,0.0000,0.0007,1.1973
6406,MARKET,BURN,0,1.2567,1.0000,0.6667,0.2836,1.0000,1.0000,0.0000,0.0006,1.2003
6407,MARKET,GROW,0,1.2480,1.0000,0.6667,0.2399,1.0000,1.0000,0.0000,0.0005,1.2027
6408,MARKET,BURN,0,1.2567,1.0000,0.6667,0.2836,1.0000,1.0000,0.0000,0.0006,1.2054
6409,MARKET,FALL,0,1.2676,1.0000,0.6667,0.3378,1.0000,1.0000,0.0000,0.0006,1.2085
6410,MARKET,FALL,0,1.2676,1.0000,0.6667,0.3378,1.0000,1.0000,0.0000,0.0008,1.2115
6411,MARKET,BURN,0,1.2567,1.0000,0.6667,0.2836,1.0000,1.0000,0.0000,0.0005,1.2137
6412,CHAOTIC MARKET,GROW,0,1.3641,1.0000,1.0000,0.3207,1.0000,1.0000,1.0000,0.8324,1.2212
6413,MARKET,BURN,0,1.2567,1.0000,0.6667,0.2836,1.0000,1.0000,0.0000,0.0004,1.2230
6414,MARKET,FALL,0,1.2676,1.0000,0.6667,0.3378,1.0000,1.0000,0.0000,0.0004,1.2252
6415,MARKET,BURN,0,1.2567,1.0000,0.6667,0.2836,1.0000,1.0000,0.0000,0.0004,1.2268
6416,MARKET,SPREAD,0,1.2032,1.0000,0.6667,0.0162,1.0000,1.0000,0.0000,-0.0003,1.2256
6417,MARKET,BURN,0,1.2567,1.0000,0.6667,0.2836,1.0000,1.0000,0.0000,0.0004,1.2272
6418,MARKET,SPREAD,0,1.2032,1.0000,0.6667,0.0162,1.0000,1.0000,0.0000,-0.0003,1.2260
6419,MARKET,SPREAD,0,1.2032,1.0000,0.6667,0.0162,1.0000,1.0000,0.0000,-0.0003,1.2249
6420,MARKET,BURN,0,1.2567,1.0000,0.6667,0.2836,1.0000,1.0000,0.0000,0.0004,1.2264
6421,MARKET,SPREAD,0,1.2032,1.0000,0.6667,0.0162,1.0000,1.0000,0.0000,-0.0003,1.2253
6422,MARKET,SPREAD,0,1.2032,1.0000,0.6667,0.0162,1.0000,1.0000,0.0000,-0.0003,1.2242
6423,MARKET,GROW,0,1.2480,1.0000,0.6667,0.2399,1.0000,1.0000,0.0000,0.0003,1.2254
6424,MARKET,GROW,0,1.2480,1.0000,0.6667,0.2399,1.0000,1.0000,0.0000,0.0003,1.2265
6425,MARKET,GROW,0,1.2480,1.0000,0.6667,0.2399,1.0000,1.0000,0.0000,0.0003,1.2276
6426,MARKET,FALL,0,1.2676,1.0000,0.6667,0.3378,1.0000,1.0000,0.0000,0.0006,1.2296
6427,MARKET,BURN,0,1.2567,1.0000,0.6667,0.2836,1.0000,1.0000,0.0000,0.0004,1.2309
6428,MARKET,GROW,0,1.2480,1.0000,0.6667,0.2399,1.0000,1.0000,0.0000,0.0002,1.2318
6429,MARKET,BURN,0,1.2567,1.0000,0.6667,0.2836,1.0000,1.0000,0.0000,0.0004,1.2330
6430,MARKET,BURN,0,1.2567,1.0000,0.6667,0.2836,1.0000,1.0000,0.0000,0.0004,1.2342
6431,MARKET,BURN,0,1.2567,1.0000,0.6667,0.2836,1.0000,1.0000,0.0000,0.0004,1.2353
6432,MARKET,BURN,0,1.2567,1.0000,0.6667,0.2836,1.0000,1.0000,0.0000,0.0003,1.2364
6433,MARKET,SPREAD,0,1.2032,1.0000,0.6667,0.0162,1.0000,1.0000,0.0000,-0.0006,1.2348
6434,MARKET,FALL,0,1.2676,1.0000,0.6667,0.3378,1.0000,1.0000,0.0000,0.0005,1.2364
6435,MARKET,BURN,0,1.2567,1.0000,0.6667,0.2836,1.0000,1.0000,0.0000,0.0003,1.2374
6436,MARKET,GROW,0,1.2480,1.0000,0.6667,0.2399,1.0000,1.0000,0.0000,0.0002,1.2379
6437,MARKET,GROW,0,1.2480,1.0000,0.6667,0.2399,1.0000,1.0000,0.0000,0.0002,1.2384
6438,MARKET,SPREAD,0,1.2032,1.0000,0.6667,0.0162,1.0000,1.0000,0.0000,-0.0005,1.2367
6439,MARKET,GROW,0,1.2480,1.0000,0.6667,0.2399,1.0000,1.0000,0.0000,0.0002,1.2372
6440,MARKET,GROW,0,1.2480,1.0000,0.6667,0.2399,1.0000,1.0000,0.0000,0.0002,1.2378
6441,MARKET,FALL,0,1.2676,1.0000,0.6667,0.3378,1.0000,1.0000,0.0000,0.0004,1.2393
6442,MARKET,BURN,0,1.2567,1.0000,0.6667,0.2836,1.0000,1.0000,0.0000,0.0003,1.2401
6443,MARKET,BURN,0,1.2567,1.0000,0.6667,0.2836,1.0000,1.0000,0.0000,0.0002,1.2410
6444,MARKET,SPREAD,0,1.2032,1.0000,0.6667,0.0162,1.0000,1.0000,0.0000,-0.0006,1.2391
6445,MARKET,GROW,0,1.2480,1.0000,0.6667,0.2399,1.0000,1.0000,0.0000,0.0001,1.2395
6446,MARKET,GROW,0,1.2480,1.0000,0.6667,0.2399,1.0000,1.0000,0.0000,0.0001,1.2400
6447,MARKET,FALL,0,1.2676,1.0000,0.6667,0.3378,1.0000,1.0000,0.0000,0.0004,1.2413
6448,MARKET,BURN,0,1.2567,1.0000,0.6667,0.2836,1.0000,1.0000,0.0000,0.0003,1.2421
6449,MARKET,BURN,0,1.2567,1.0000,0.6667,0.2836,1.0000,1.0000,0.0000,0.0003,1.2428
6450,MARKET,SPREAD,0,1.2032,1.0000,0.6667,0.0162,1.0000,1.0000,0.0000,-0.0007,1.2409
6451,MARKET,GROW,0,1.2480,1.0000,0.6667,0.2399,1.0000,1.0000,0.0000,0.0001,1.2412
6452,MARKET,BURN,0,1.2567,1.0000,0.6667,0.2836,1.0000,1.0000,0.0000,0.0002,1.2420
6453,MARKET,SPREAD,0,1.2032,1.0000,0.6667,0.0162,1.0000,1.0000,0.0000,-0.0005,1.2400
6454,MARKET,MOVE BRIDGE,0,1.1957,1.0000,0.5556,0.1451,0.6667,1.0000,0.0000,-0.0007,1.2378
6455,MARKET,FALL,0,1.2676,1.0000,0.6667,0.3378,1.0000,1.0000,0.0000,0.0005,1.2393
6456,MARKET,FALL,0,1.2676,1.0000,0.6667,0.3378,1.0000,1.0000,0.0000,0.0004,1.2407
6457,MARKET,SPREAD,0,1.2032,1.0000,0.6667,0.0162,1.0000,1.0000,0.0000,-0.0006,1.2389
6458,MARKET,SPREAD,0,1.2032,1.0000,0.6667,0.0162,1.0000,1.0000,0.0000,-0.0007,1.2371
6459,MARKET,FALL,0,1.2676,1.0000,0.6667,0.3378,1.0000,1.0000,0.0000,0.0005,1.2386
6460,MARKET,BURN,0,1.2567,1.0000,0.6667,0.2836,1.0000,1.0000,0.0000,0.0003,1.2395
6461,MARKET,FALL,0,1.2676,1.0000,0.6667,0.3378,1.0000,1.0000,0.0000,0.0004,1.2409
6462,MARKET,SPREAD,0,1.2032,1.0000,0.6667,0.0162,1.0000,1.0000,0.0000,-0.0006,1.2390
6463,MARKET,BURN,0,1.2567,1.0000,0.6667,0.2836,1.0000,1.0000,0.0000,0.0003,1.2399
6464,MARKET,GROW,0,1.2480,1.0000,0.6667,0.2399,1.0000,1.0000,0.0000,0.0001,1.2403
6465,MARKET,BURN,0,1.2567,1.0000,0.6667,0.2836,1.0000,1.0000,0.0000,0.0003,1.2411
6466,MARKET,BURN,0,1.2567,1.0000,0.6667,0.2836,1.0000,1.0000,0.0000,0.0002,1.2419
6467,MARKET,GROW,0,1.2480,1.0000,0.6667,0.2399,1.0000,1.0000,0.0000,0.0001,1.2422
6468,MARKET,GROW,0,1.2480,1.0000,0.6667,0.2399,1.0000,1.0000,0.0000,0.0001,1.2425
6469,MARKET,BURN,0,1.2567,1.0000,0.6667,0.2836,1.0000,1.0000,0.0000,0.0002,1.2432
6470,MARKET,BURN,0,1.2567,1.0000,0.6667,0.2836,1.0000,1.0000,0.0000,0.0002,1.2439
6471,MARKET,SPREAD,0,1.2032,1.0000,0.6667,0.0162,1.0000,1.0000,0.0000,-0.0006,1.2419
6472,MARKET,SPREAD,0,1.2032,1.0000,0.6667,0.0162,1.0000,1.0000,0.0000,-0.0006,1.2399
6473,MARKET,GROW,0,1.2480,1.0000,0.6667,0.2399,1.0000,1.0000,0.0000,0.0002,1.2403
6474,MARKET,FALL,0,1.2676,1.0000,0.6667,0.3378,1.0000,1.0000,0.0000,0.0004,1.2417
6475,MARKET,GROW,0,1.2480,1.0000,0.6667,0.2399,1.0000,1.0000,0.0000,0.0001,1.2420
6476,MARKET,GROW,0,1.2480,1.0000,0.6667,0.2399,1.0000,1.0000,0.0000,0.0001,1.2423
6477,MARKET,BURN,0,1.2567,1.0000,0.6667,0.2836,1.0000,1.0000,0.0000,0.0002,1.2430
6478,MARKET,FALL,0,1.2676,1.0000,0.6667,0.3378,1.0000,1.0000,0.0000,0.0004,1.2442
6479,MARKET,RUN,0,1.2710,1.0000,0.6667,0.3549,1.0000,1.0000,0.0000,0.0004,1.2456
6480,MARKET,GROW,0,1.2480,1.0000,0.6667,0.2399,1.0000,1.0000,0.0000,0.0000,1.2457
6481,MARKET,BURN,0,1.2567,1.0000,0.6667,0.2836,1.0000,1.0000,0.0000,0.0002,1.2463
6482,MARKET,GROW,0,1.2480,1.0000,0.6667,0.2399,1.0000,1.0000,0.0000,0.0000,1.2463
6483,MARKET,FALL,0,1.2676,1.0000,0.6667,0.3378,1.0000,1.0000,0.0000,0.0004,1.2474
6484,MARKET,BURN,0,1.2567,1.0000,0.6667,0.2836,1.0000,1.0000,0.0000,0.0001,1.2479
6485,MARKET,GROW,0,1.2480,1.0000,0.6667,0.2399,1.0000,1.0000,0.0000,0.0000,1.2479
6486,MARKET,FALL,0,1.2676,1.0000,0.6667,0.3378,1.0000,1.0000,0.0000,0.0003,1.2489
6487,MARKET,SPREAD,0,1.2032,1.0000,0.6667,0.0162,1.0000,1.0000,0.0000,-0.0008,1.2466
6488,MARKET,BURN,0,1.2567,1.0000,0.6667,0.2836,1.0000,1.0000,0.0000,0.0002,1.2471
6489,MARKET,BURN,0,1.2567,1.0000,0.6667,0.2836,1.0000,1.0000,0.0000,0.0002,1.2476
6490,MARKET,FALL,0,1.2676,1.0000,0.6667,0.3378,1.0000,1.0000,0.0000,0.0003,1.2486
6491,MARKET,GROW,0,1.2480,1.0000,0.6667,0.2399,1.0000,1.0000,0.0000,-0.0000,1.2485
6492,MARKET,SPREAD,0,1.2032,1.0000,0.6667,0.0162,1.0000,1.0000,0.0000,-0.0006,1.2463
6493,MARKET,FALL,0,1.2676,1.0000,0.6667,0.3378,1.0000,1.0000,0.0000,0.0004,1.2473
6494,MARKET,BURN,0,1.2567,1.0000,0.6667,0.2836,1.0000,1.0000,0.0000,0.0002,1.2478
6495,MARKET,BURN,0,1.2567,1.0000,0.6667,0.2836,1.0000,1.0000,0.0000,0.0002,1.2482
6496,MARKET,SPREAD,0,1.2032,1.0000,0.6667,0.0162,1.0000,1.0000,0.0000,-0.0009,1.2460
6497,MARKET,BURN,0,1.2567,1.0000,0.6667,0.2836,1.0000,1.0000,0.0000,0.0002,1.2465
6498,MARKET,FALL,0,1.2676,1.0000,0.6667,0.3378,1.0000,1.0000,0.0000,0.0003,1.2476
6499,MARKET,BURN,0,1.2567,1.0000,0.6667,0.2836,1.0000,1.0000,0.0000,0.0001,1.2480
6500,MARKET,GROW,0,1.2480,1.0000,0.6667,0.2399,1.0000,1.0000,0.0000,-0.0000,1.2480
6501,MARKET,GROW,0,1.2480,1.0000,0.6667,0.2399,1.0000,1.0000,0.0000,-0.0000,1.2480
6502,MARKET,SPREAD,0,1.2032,1.0000,0.6667,0.0162,1.0000,1.0000,0.0000,-0.0007,1.2458
6503,MARKET,FALL,0,1.2676,1.0000,0.6667,0.3378,1.0000,1.0000,0.0000,0.0003,1.2469
6504,MARKET,BURN,0,1.2567,1.0000,0.6667,0.2836,1.0000,1.0000,0.0000,0.0002,1.2474
6505,MARKET,BURN,0,1.2567,1.0000,0.6667,0.2836,1.0000,1.0000,0.0000,0.0002,1.2478
6506,ROAD,FALL,0,1.2333,1.0000,0.6667,0.1667,1.0000,1.0000,0.0000,-0.1191,1.2471
6507,MARKET,GROW,0,1.2480,1.0000,0.6667,0.2399,1.0000,1.0000,0.0000,0.0000,1.2472
6508,MARKET,FALL,0,1.2676,1.0000,0.6667,0.3378,1.0000,1.0000,0.0000,0.0003,1.2482
6509,PRISON,FALL,0,1.2676,1.0000,0.6667,0.3378,1.0000,1.0000,0.0000,0.1360,1.2491
6510,MARKET,GROW,0,1.2480,1.0000,0.6667,0.2399,1.0000,1.0000,0.0000,-0.0000,1.2491
6511,MARKET,GROW,0,1.2480,1.0000,0.6667,0.2399,1.0000,1.0000,0.0000,-0.0000,1.2490
6512,MARKET,GROW,0,1.2480,1.0000,0.6667,0.2399,1.0000,1.0000,0.0000,-0.0000,1.2490
6513,MARKET,FALL,0,1.2676,1.0000,0.6667,0.3378,1.0000,1.0000,0.0000,0.0003,1.2499
6514,MARKET,BURN,0,1.2567,1.0000,0.6667,0.2836,1.0000,1.0000,0.0000,0.0001,1.2503
6515,MARKET,BURN,0,1.2567,1.0000,0.6667,0.2836,1.0000,1.0000,0.0000,0.0001,1.2506
6516,MARKET,FALL,0,1.2676,1.0000,0.6667,0.3378,1.0000,1.0000,0.0000,0.0003,1.2514
6517,MARKET,BURN,0,1.2567,1.0000,0.6667,0.2836,1.0000,1.0000,0.0000,0.0001,1.2517
6518,MARKET,GROW,0,1.2480,1.0000,0.6667,0.2399,1.0000,1.0000,0.0000,-0.0001,1.2515
6519,MARKET,BURN,0,1.2567,1.0000,0.6667,0.2836,1.0000,1.0000,0.0000,0.0001,1.2518
6520,MARKET,GROW,0,1.2480,1.0000,0.6667,0.2399,1.0000,1.0000,0.0000,-0.0001,1.2516
6521,MARKET,SPREAD,0,1.2032,1.0000,0.6667,0.0162,1.0000,1.0000,0.0000,-0.0007,1.2492
6522,MARKET,GROW,0,1.2480,1.0000,0.6667,0.2399,1.0000,1.0000,0.0000,-0.0000,1.2491
6523,MARKET,FALL,0,1.2676,1.0000,0.6667,0.3378,1.0000,1.0000,0.0000,0.0003,1.2500
6524,MARKET,FALL,0,1.2676,1.0000,0.6667,0.3378,1.0000,1.0000,0.0000,0.0002,1.2509
6525,MARKET,FALL,0,1.2676,1.0000,0.6667,0.3378,1.0000,1.0000,0.0000,0.0003,1.2517
6526,MARKET,SPREAD,0,1.2032,1.0000,0.6667,0.0162,1.0000,1.0000,0.0000,-0.0007,1.2493
6527,MARKET,FALL,0,1.2676,1.0000,0.6667,0.3378,1.0000,1.0000,0.0000,0.0003,1.2502
6528,MARKET,BURN,0,1.2567,1.0000,0.6667,0.2836,1.0000,1.0000,0.0000,0.0001,1.2505
6529,MARKET,SPREAD,0,1.2032,1.0000,0.6667,0.0162,1.0000,1.0000,0.0000,-0.0008,1.2482
6530,MARKET,FALL,0,1.2676,1.0000,0.6667,0.3378,1.0000,1.0000,0.0000,0.0003,1.2491
6531,MARKET,BURN,0,1.2567,1.0000,0.6667,0.2836,1.0000,1.0000,0.0000,0.0001,1.2495
6532,MARKET,GROW,0,1.2480,1.0000,0.6667,0.2399,1.0000,1.0000,0.0000,-0.0000,1.2494
6533,MARKET,BURN,0,1.2567,1.0000,0.6667,0.2836,1.0000,1.0000,0.0000,0.0001,1.2498
6534,MARKET,FALL,0,1.2676,1.0000,0.6667,0.3378,1.0000,1.0000,0.0000,0.0003,1.2507
6535,MARKET,BURN,0,1.2567,1.0000,0.6667,0.2836,1.0000,1.0000,0.0000,0.0001,1.2510
6536,MARKET,FALL,0,1.2676,1.0000,0.6667,0.3378,1.0000,1.0000,0.0000,0.0003,1.2518
6537,MARKET,FALL,0,1.2676,1.0000,0.6667,0.3378,1.0000,1.0000,0.0000,0.0003,1.2526
6538,MARKET,SPREAD,0,1.2032,1.0000,0.6667,0.0162,1.0000,1.0000,0.0000,-0.0008,1.2501
6539,MARKET,GROW,0,1.2480,1.0000,0.6667,0.2399,1.0000,1.0000,0.0000,-0.0000,1.2500
6540,MARKET,FALL,0,1.2676,1.0000,0.6667,0.3378,1.0000,1.0000,0.0000,0.0003,1.2509
6541,MARKET,SPREAD,0,1.2032,1.0000,0.6667,0.0162,1.0000,1.0000,0.0000,-0.0008,1.2485
6542,MARKET,SPREAD,0,1.2032,1.0000,0.6667,0.0162,1.0000,1.0000,0.0000,-0.0007,1.2463
6543,MARKET,FALL,0,1.2676,1.0000,0.6667,0.3378,1.0000,1.0000,0.0000,0.0003,1.2473
6544,MARKET,SPREAD,0,1.2032,1.0000,0.6667,0.0162,1.0000,1.0000,0.0000,-0.0007,1.2451
6545,MARKET,BURN,0,1.2567,1.0000,0.6667,0.2836,1.0000,1.0000,0.0000,0.0002,1.2457
6546,MARKET,SPREAD,0,1.2032,1.0000,0.6667,0.0162,1.0000,1.0000,0.0000,-0.0008,1.2436
6547,MARKET,GROW,0,1.2480,1.0000,0.6667,0.2399,1.0000,1.0000,0.0000,0.0001,1.2438
6548,MARKET,GROW,0,1.2480,1.0000,0.6667,0.2399,1.0000,1.0000,0.0000,0.0001,1.2440
6549,MARKET,GROW,0,1.2480,1.0000,0.6667,0.2399,1.0000,1.0000,0.0000,0.0001,1.2442
6550,MARKET,SPREAD,0,1.2032,1.0000,0.6667,0.0162,1.0000,1.0000,0.0000,-0.0006,1.2422
6551,MARKET,GROW,0,1.2480,1.0000,0.6667,0.2399,1.0000,1.0000,0.0000,0.0001,1.2424
6552,MARKET,GROW,0,1.2480,1.0000,0.6667,0.2399,1.0000,1.0000,0.0000,0.0001,1.2427
6553,MARKET,SPREAD,0,1.2032,1.0000,0.6667,0.0162,1.0000,1.0000,0.0000,-0.0007,1.2408
6554,MARKET,BURN,0,1.2567,1.0000,0.6667,0.2836,1.0000,1.0000,0.0000,0.0002,1.2416
6555,MARKET,BURN,0,1.2567,1.0000,0.6667,0.2836,1.0000,1.0000,0.0000,0.0002,1.2423
6556,MARKET,GROW,0,1.2480,1.0000,0.6667,0.2399,1.0000,1.0000,0.0000,0.0001,1.2426
6557,MARKET,FALL,0,1.2676,1.0000,0.6667,0.3378,1.0000,1.0000,0.0000,0.0004,1.2438
6558,MARKET,FALL,0,1.2676,1.0000,0.6667,0.3378,1.0000,1.0000,0.0000,0.0004,1.2450
6559,MARKET,BURN,0,1.2567,1.0000,0.6667,0.2836,1.0000,1.0000,0.0000,0.0002,1.2456
6560,MARKET,BURN,0,1.2567,1.0000,0.6667,0.2836,1.0000,1.0000,0.0000,0.0002,1.2462
6561,MARKET,BURN,0,1.2567,1.0000,0.6667,0.2836,1.0000,1.0000,0.0000,0.0002,1.2467
6562,MARKET,FALL,0,1.2676,1.0000,0.6667,0.3378,1.0000,1.0000,0.0000,0.0003,1.2477
6563,MARKET,GROW,0,1.2480,1.0000,0.6667,0.2399,1.0000,1.0000,0.0000,0.0000,1.2477
6564,MARKET,GROW,0,1.2480,1.0000,0.6667,0.2399,1.0000,1.0000,0.0000,0.0000,1.2478
6565,MARKET,FALL,0,1.2676,1.0000,0.6667,0.3378,1.0000,1.0000,0.0000,0.0003,1.2487
6566,MARKET,BURN,0,1.2567,1.0000,0.6667,0.2836,1.0000,1.0000,0.0000,0.0001,1.2491
6567,MARKET,SPREAD,0,1.2032,1.0000,0.6667,0.0162,1.0000,1.0000,0.0000,-0.0007,1.2469
6568,MARKET,FALL,0,1.2676,1.0000,0.6667,0.3378,1.0000,1.0000,0.0000,0.0003,1.2479
6569,MARKET,SPREAD,0,1.2032,1.0000,0.6667,0.0162,1.0000,1.0000,0.0000,-0.0007,1.2457
6570,MARKET,GROW,0,1.2480,1.0000,0.6667,0.2399,1.0000,1.0000,0.0000,0.0000,1.2458
6571,MARKET,GROW,0,1.2480,1.0000,0.6667,0.2399,1.0000,1.0000,0.0000,0.0000,1.2459
6572,MARKET,SPREAD,0,1.2032,1.0000,0.6667,0.0162,1.0000,1.0000,0.0000,-0.0007,1.2437
6573,MARKET,FALL,0,1.2676,1.0000,0.6667,0.3378,1.0000,1.0000,0.0000,0.0005,1.2449
6574,MARKET,BURN,0,1.2567,1.0000,0.6667,0.2836,1.0000,1.0000,0.0000,0.0002,1.2455
6575,MARKET,GROW,0,1.2480,1.0000,0.6667,0.2399,1.0000,1.0000,0.0000,0.0000,1.2457
6576,MARKET,FALL,0,1.2676,1.0000,0.6667,0.3378,1.0000,1.0000,0.0000,0.0003,1.2467
6577,MARKET,MOVE SENSOR,0,1.2480,1.0000,0.6667,0.2399,1.0000,1.0000,0.0000,0.0000,1.2468
6578,MARKET,SPREAD,0,1.2032,1.0000,0.6667,0.0162,1.0000,1.0000,0.0000,-0.0006,1.2446
6579,MARKET,GROW,0,1.2480,1.0000,0.6667,0.2399,1.0000,1.0000,0.0000,0.0001,1.2448
6580,MARKET,FALL,0,1.2676,1.0000,0.6667,0.3378,1.0000,1.0000,0.0000,0.0004,1.2459
6581,MARKET,BURN,0,1.2567,1.0000,0.6667,0.2836,1.0000,1.0000,0.0000,0.0002,1.2465
6582,MARKET,SPREAD,0,1.2032,1.0000,0.6667,0.0162,1.0000,1.0000,0.0000,-0.0007,1.2443
6583,MARKET,GROW,0,1.2480,1.0000,0.6667,0.2399,1.0000,1.0000,0.0000,0.0001,1.2445
6584,MARKET,GROW,0,1.2480,1.0000,0.6667,0.2399,1.0000,1.0000,0.0000,0.0001,1.2447
6585,MARKET,SPREAD,0,1.2032,1.0000,0.6667,0.0162,1.0000,1.0000,0.0000,-0.0007,1.2426
6586,MARKET,SPREAD,0,1.2032,1.0000,0.6667,0.0162,1.0000,1.0000,0.0000,-0.0006,1.2406
6587,MARKET,FALL,0,1.2676,1.0000,0.6667,0.3378,1.0000,1.0000,0.0000,0.0004,1.2420
6588,MARKET,BURN,0,1.2567,1.0000,0.6667,0.2836,1.0000,1.0000,0.0000,0.0002,1.2427
6589,MARKET,BURN,0,1.2567,1.0000,0.6667,0.2836,1.0000,1.0000,0.0000,0.0002,1.2434
6590,MARKET,SPREAD,0,1.2032,1.0000,0.6667,0.0162,1.0000,1.0000,0.0000,-0.0007,1.2414
6591,MARKET,FALL,0,1.2676,1.0000,0.6667,0.3378,1.0000,1.0000,0.0000,0.0004,1.2427
6592,MARKET,FALL,0,1.2676,1.0000,0.6667,0.3378,1.0000,1.0000,0.0000,0.0004,1.2440
6593,MARKET,GROW,0,1.2480,1.0000,0.6667,0.2399,1.0000,1.0000,0.0000,0.0001,1.2442
6594,MARKET,FALL,0,1.2676,1.0000,0.6667,0.3378,1.0000,1.0000,0.0000,0.0004,1.2453
6595,MARKET,GROW,0,1.2480,1.0000,0.6667,0.2399,1.0000,1.0000,0.0000,0.0000,1.2455
6596,MARKET,SPREAD,0,1.2032,1.0000,0.6667,0.0162,1.0000,1.0000,0.0000,-0.0008,1.2433
6597,MARKET,GROW,0,1.2480,1.0000,0.6667,0.2399,1.0000,1.0000,0.0000,0.0001,1.2436
6598,MARKET,SPREAD,0,1.2032,1.0000,0.6667,0.0162,1.0000,1.0000,0.0000,-0.0007,1.2416
6599,MARKET,GROW,0,1.2480,1.0000,0.6667,0.2399,1.0000,1.0000,0.0000,0.0001,1.2419
6600,MARKET,BURN,0,1.2567,1.0000,0.6667,0.2836,1.0000,1.0000,0.0000,0.0002,1.2426
6601,MARKET,GROW,0,1.2480,1.0000,0.6667,0.2399,1.0000,1.0000,0.0000,0.0001,1.2429
6602,MARKET,BURN,0,1.2567,1.0000,0.6667,0.2836,1.0000,1.0000,0.0000,0.0002,1.2436
6603,MARKET,SPREAD,0,1.2032,1.0000,0.6667,0.0162,1.0000,1.0000,0.0000,-0.0007,1.2416
6604,MARKET,BURN,0,1.2567,1.0000,0.6667,0.2836,1.0000,1.0000,0.0000,0.0003,1.2423
6605,MARKET,FALL,0,1.2676,1.0000,0.6667,0.3378,1.0000,1.0000,0.0000,0.0004,1.2436
6606,MARKET,,0,1.1000,1.0000,0.3333,0.0000,1.0000,0.0000,0.0000,-0.0025,1.2364
6607,MARKET,BURN,0,1.2567,1.0000,0.6667,0.2836,1.0000,1.0000,0.0000,0.0003,1.2374
6608,MARKET,BURN,0,1.2567,1.0000,0.6667,0.2836,1.0000,1.0000,0.0000,0.0003,1.2384
6609,MARKET,FALL,0,1.2676,1.0000,0.6667,0.3378,1.0000,1.0000,0.0000,0.0005,1.2398
6610,MARKET,FALL,0,1.2676,1.0000,0.6667,0.3378,1.0000,1.0000,0.0000,0.0005,1.2412
6611,MARKET,FALL,0,1.2676,1.0000,0.6667,0.3378,1.0000,1.0000,0.0000,0.0005,1.2425
6612,MARKET,GROW,0,1.2480,1.0000,0.6667,0.2399,1.0000,1.0000,0.0000,0.0001,1.2428
6613,MARKET,BURN,0,1.2567,1.0000,0.6667,0.2836,1.0000,1.0000,0.0000,0.0002,1.2435
6614,MARKET,SPREAD,0,1.2032,1.0000,0.6667,0.0162,1.0000,1.0000,0.0000,-0.0007,1.2415
6615,MARKET,FALL,0,1.2676,1.0000,0.6667,0.3378,1.0000,1.0000,0.0000,0.0004,1.2428
6616,MARKET,SPREAD,0,1.2032,1.0000,0.6667,0.0162,1.0000,1.0000,0.0000,-0.0007,1.2408
6617,MARKET,BURN,0,1.2567,1.0000,0.6667,0.2836,1.0000,1.0000,0.0000,0.0002,1.2416
6618,MARKET,BURN,0,1.2567,1.0000,0.6667,0.2836,1.0000,1.0000,0.0000,0.0003,1.2424
6619,MARKET,FALL,0,1.2676,1.0000,0.6667,0.3378,1.0000,1.0000,0.0000,0.0004,1.2436
6620,MARKET,BURN,0,1.2567,1.0000,0.6667,0.2836,1.0000,1.0000,0.0000,0.0002,1.2443
6621,MARKET,GROW,0,1.2480,1.0000,0.6667,0.2399,1.0000,1.0000,0.0000,0.0001,1.2445
6622,MARKET,BURN,0,1.2567,1.0000,0.6667,0.2836,1.0000,1.0000,0.0000,0.0002,1.2451
6623,MARKET,GROW,0,1.2480,1.0000,0.6667,0.2399,1.0000,1.0000,0.0000,0.0001,1.2452
6624,MARKET,GROW,0,1.2480,1.0000,0.6667,0.2399,1.0000,1.0000,0.0000,0.0000,1.2454
6625,MARKET,BURN,0,1.2567,1.0000,0.6667,0.2836,1.0000,1.0000,0.0000,0.0002,1.2459
6626,MARKET,FALL,0,1.2676,1.0000,0.6667,0.3378,1.0000,1.0000,0.0000,0.0004,1.2470
6627,MARKET,SPREAD,0,1.2032,1.0000,0.6667,0.0162,1.0000,1.0000,0.0000,-0.0007,1.2448
6628,MARKET,BURN,0,1.2567,1.0000,0.6667,0.2836,1.0000,1.0000,0.0000,0.0002,1.2454
6629,MARKET,BURN,0,1.2567,1.0000,0.6667,0.2836,1.0000,1.0000,0.0000,0.0002,1.2460
6630,MARKET,SPREAD,0,1.2032,1.0000,0.6667,0.0162,1.0000,1.0000,0.0000,-0.0006,1.2438
6631,MARKET,SPREAD,0,1.2032,1.0000,0.6667,0.0162,1.0000,1.0000,0.0000,-0.0006,1.2418
6632,MARKET,BURN,0,1.2567,1.0000,0.6667,0.2836,1.0000,1.0000,0.0000,0.0002,1.2426
6633,MARKET,GROW,0,1.2480,1.0000,0.6667,0.2399,1.0000,1.0000,0.0000,0.0001,1.2428
6634,MARKET,GROW,0,1.2480,1.0000,0.6667,0.2399,1.0000,1.0000,0.0000,0.0001,1.2431
6635,MARKET,FALL,0,1.2676,1.0000,0.6667,0.3378,1.0000,1.0000,0.0000,0.0004,1.2443
6636,MARKET,SPREAD,0,1.2032,1.0000,0.6667,0.0162,1.0000,1.0000,0.0000,-0.0006,1.2423
6637,MARKET,BURN,0,1.2567,1.0000,0.6667,0.2836,1.0000,1.0000,0.0000,0.0002,1.2430
6638,MARKET,GROW,0,1.2480,1.0000,0.6667,0.2399,1.0000,1.0000,0.0000,0.0001,1.2432
6639,MARKET,FALL,0,1.2676,1.0000,0.6667,0.3378,1.0000,1.0000,0.0000,0.0004,1.2444
6640,MARKET,SPREAD,0,1.2032,1.0000,0.6667,0.0162,1.0000,1.0000,0.0000,-0.0006,1.2424
6641,MARKET,GROW,0,1.2480,1.0000,0.6667,0.2399,1.0000,1.0000,0.0000,0.0001,1.2427
6642,MARKET,BURN,0,1.2567,1.0000,0.6667,0.2836,1.0000,1.0000,0.0000,0.0002,1.2434
6643,MARKET,GROW,0,1.2480,1.0000,0.6667,0.2399,1.0000,1.0000,0.0000,0.0001,1.2436
6644,MARKET,SPREAD,0,1.2032,1.0000,0.6667,0.0162,1.0000,1.0000,0.0000,-0.0006,1.2416
6645,MARKET,GROW,0,1.2480,1.0000,0.6667,0.2399,1.0000,1.0000,0.0000,0.0001,1.2419
6646,MARKET,GROW,0,1.2480,1.0000,0.6667,0.2399,1.0000,1.0000,0.0000,0.0001,1.2422
6647,MARKET,SPREAD,0,1.2032,1.0000,0.6667,0.0162,1.0000,1.0000,0.0000,-0.0006,1.2403
6648,MARKET,GROW,0,1.2480,1.0000,0.6667,0.2399,1.0000,1.0000,0.0000,0.0001,1.2406
6649,MARKET,FALL,0,1.2676,1.0000,0.6667,0.3378,1.0000,1.0000,0.0000,0.0005,1.2420
6650,MARKET,BURN,0,1.2567,1.0000,0.6667,0.2836,1.0000,1.0000,0.0000,0.0002,1.2427
6651,MARKET,FALL,0,1.2676,1.0000,0.6667,0.3378,1.0000,1.0000,0.0000,0.0004,1.2440
6652,MARKET,SPREAD,0,1.2032,1.0000,0.6667,0.0162,1.0000,1.0000,0.0000,-0.0007,1.2419
6653,MARKET,GROW,0,1.2480,1.0000,0.6667,0.2399,1.0000,1.0000,0.0000,0.0001,1.2422
6654,MARKET,,0,1.1000,1.0000,0.3333,0.0000,1.0000,0.0000,0.0000,-0.0024,1.2351
6655,MARKET,GROW,0,1.2480,1.0000,0.6667,0.2399,1.0000,1.0000,0.0000,0.0002,1.2358
6656,MARKET,SPREAD,0,1.2032,1.0000,0.6667,0.0162,1.0000,1.0000,0.0000,-0.0005,1.2341
6657,MARKET,FALL,0,1.2676,1.0000,0.6667,0.3378,1.0000,1.0000,0.0000,0.0006,1.2358
6658,MARKET,GROW,0,1.2480,1.0000,0.6667,0.2399,1.0000,1.0000,0.0000,0.0002,1.2364
6659,MARKET,BURN,0,1.2567,1.0000,0.6667,0.2836,1.0000,1.0000,0.0000,0.0003,1.2374
6660,MARKET,GROW,0,1.2480,1.0000,0.6667,0.2399,1.0000,1.0000,0.0000,0.0002,1.2380
6661,MARKET,BURN,0,1.2567,1.0000,0.6667,0.2836,1.0000,1.0000,0.0000,0.0003,1.2389
6662,MARKET,FAIL,0,1.2513,1.0000,0.6667,0.2567,1.0000,1.0000,0.0000,0.0002,1.2395
6663,MARKET,GROW,0,1.2480,1.0000,0.6667,0.2399,1.0000,1.0000,0.0000,0.0001,1.2399
6664,MARKET,GROW,0,1.2480,1.0000,0.6667,0.2399,1.0000,1.0000,0.0000,0.0001,1.2403
6665,MARKET,FALL,0,1.2676,1.0000,0.6667,0.3378,1.0000,1.0000,0.0000,0.0005,1.2417
6666,MARKET,BURN,0,1.2567,1.0000,0.6667,0.2836,1.0000,1.0000,0.0000,0.0002,1.2425
6667,MARKET,GROW,0,1.2480,1.0000,0.6667,0.2399,1.0000,1.0000,0.0000,0.0001,1.2427
6668,MARKET,FAIL,0,1.2513,1.0000,0.6667,0.2567,1.0000,1.0000,0.0000,0.0001,1.2432
6669,MARKET,FALL,0,1.2676,1.0000,0.6667,0.3378,1.0000,1.0000,0.0000,0.0004,1.2444
6670,MARKET,BURN,0,1.2567,1.0000,0.6667,0.2836,1.0000,1.0000,0.0000,0.0002,1.2450
6671,MARKET,GROW,0,1.2480,1.0000,0.6667,0.2399,1.0000,1.0000,0.0000,0.0001,1.2451
6672,MARKET,FALL,0,1.2676,1.0000,0.6667,0.3378,1.0000,1.0000,0.0000,0.0004,1.2463
6673,CHAOTIC MARKET,SPREAD,0,1.3282,1.0000,1.0000,0.1409,1.0000,1.0000,1.0000,0.3961,1.2504
6674,MARKET,SPREAD,0,1.2032,1.0000,0.6667,0.0162,1.0000,1.0000,0.0000,-0.0009,1.2480
6675,MARKET,FALL,0,1.2676,1.0000,0.6667,0.3378,1.0000,1.0000,0.0000,0.0003,1.2490
6676,MARKET,GROW,0,1.2480,1.0000,0.6667,0.2399,1.0000,1.0000,0.0000,-0.0000,1.2489
6677,MARKET,BURN,0,1.2567,1.0000,0.6667,0.2836,1.0000,1.0000,0.0000,0.0002,1.2493
6678,MARKET,BURN,0,1.2567,1.0000,0.6667,0.2836,1.0000,1.0000,0.0000,0.0002,1.2497
6679,MARKET,FALL,0,1.2676,1.0000,0.6667,0.3378,1.0000,1.0000,0.0000,0.0004,1.2506
6680,MARKET,GROW,0,1.2480,1.0000,0.6667,0.2399,1.0000,1.0000,0.0000,-0.0001,1.2505
6681,MARKET,SPREAD,0,1.2032,1.0000,0.6667,0.0162,1.0000,1.0000,0.0000,-0.0010,1.2481
6682,MARKET,BURN,0,1.2567,1.0000,0.6667,0.2836,1.0000,1.0000,0.0000,0.0002,1.2485
6683,MARKET,BURN,0,1.2567,1.0000,0.6667,0.2836,1.0000,1.0000,0.0000,0.0002,1.2489
6684,MARKET,BURN,0,1.2567,1.0000,0.6667,0.2836,1.0000,1.0000,0.0000,0.0002,1.2493
6685,MARKET,FALL,0,1.2676,1.0000,0.6667,0.3378,1.0000,1.0000,0.0000,0.0004,1.2502
6686,MARKET,FALL,0,1.2676,1.0000,0.6667,0.3378,1.0000,1.0000,0.0000,0.0004,1.2511
6687,MARKET,BURN,0,1.2567,1.0000,0.6667,0.2836,1.0000,1.0000,0.0000,0.0001,1.2514
6688,MARKET,GROW,0,1.2480,1.0000,0.6667,0.2399,1.0000,1.0000,0.0000,-0.0001,1.2512
6689,MARKET,BURN,0,1.2567,1.0000,0.6667,0.2836,1.0000,1.0000,0.0000,0.0001,1.2515
6690,MARKET,GROW,0,1.2480,1.0000,0.6667,0.2399,1.0000,1.0000,0.0000,-0.0001,1.2513
6691,MARKET,FALL,0,1.2676,1.0000,0.6667,0.3378,1.0000,1.0000,0.0000,0.0005,1.2521
6692,MARKET,SPREAD,0,1.2032,1.0000,0.6667,0.0162,1.0000,1.0000,0.0000,-0.0012,1.2497
6693,MARKET,SPREAD,0,1.2032,1.0000,0.6667,0.0162,1.0000,1.0000,0.0000,-0.0011,1.2474
6694,MARKET,BURN,0,1.2567,1.0000,0.6667,0.2836,1.0000,1.0000,0.0000,0.0002,1.2478
6695,MARKET,GROW,0,1.2480,1.0000,0.6667,0.2399,1.0000,1.0000,0.0000,0.0000,1.2478
6696,MARKET,FALL,0,1.2676,1.0000,0.6667,0.3378,1.0000,1.0000,0.0000,0.0005,1.2488
6697,MARKET,BURN,0,1.2567,1.0000,0.6667,0.2836,1.0000,1.0000,0.0000,0.0002,1.2492
6698,MARKET,SPREAD,0,1.2032,1.0000,0.6667,0.0162,1.0000,1.0000,0.0000,-0.0012,1.2469
6699,MARKET,BURN,0,1.2567,1.0000,0.6667,0.2836,1.0000,1.0000,0.0000,0.0003,1.2474
6700,MARKET,BURN,0,1.2567,1.0000,0.6667,0.2836,1.0000,1.0000,0.0000,0.0003,1.2479
6701,MARKET,GROW,0,1.2480,1.0000,0.6667,0.2399,1.0000,1.0000,0.0000,0.0000,1.2479
6702,MARKET,BURN,0,1.2567,1.0000,0.6667,0.2836,1.0000,1.0000,0.0000,0.0002,1.2483
6703,MARKET,GROW,0,1.2480,1.0000,0.6667,0.2399,1.0000,1.0000,0.0000,-0.0000,1.2483
6704,MARKET,GROW,0,1.2480,1.0000,0.6667,0.2399,1.0000,1.0000,0.0000,-0.0000,1.2483
6705,MARKET,SPREAD,0,1.2032,1.0000,0.6667,0.0162,1.0000,1.0000,0.0000,-0.0012,1.2460
6706,MARKET,FALL,0,1.2676,1.0000,0.6667,0.3378,1.0000,1.0000,0.0000,0.0005,1.2471
6707,MARKET,SPREAD,0,1.2032,1.0000,0.6667,0.0162,1.0000,1.0000,0.0000,-0.0011,1.2449
6708,MARKET,GROW,0,1.2480,1.0000,0.6667,0.2399,1.0000,1.0000,0.0000,0.0001,1.2451
6709,MARKET,BURN,0,1.2567,1.0000,0.6667,0.2836,1.0000,1.0000,0.0000,0.0003,1.2457
6710,MARKET,BURN,0,1.2567,1.0000,0.6667,0.2836,1.0000,1.0000,0.0000,0.0003,1.2462
6711,MARKET,FALL,0,1.2676,1.0000,0.6667,0.3378,1.0000,1.0000,0.0000,0.0006,1.2473
6712,MARKET,GROW,0,1.2480,1.0000,0.6667,0.2399,1.0000,1.0000,0.0000,0.0000,1.2473
6713,MARKET,GROW,0,1.2480,1.0000,0.6667,0.2399,1.0000,1.0000,0.0000,0.0000,1.2473
6714,MARKET,SPREAD,0,1.2032,1.0000,0.6667,0.0162,1.0000,1.0000,0.0000,-0.0012,1.2451
6715,MARKET,BURN,0,1.2567,1.0000,0.6667,0.2836,1.0000,1.0000,0.0000,0.0004,1.2457
6716,CHAOTIC MARKET,BURN,0,1.3566,1.0000,1.0000,0.2831,1.0000,1.0000,1.0000,0.4712,1.2513
6717,MARKET,MOVE POISON,0,1.2424,1.0000,0.6667,0.2121,1.0000,1.0000,0.0000,-0.0003,1.2508
6718,ROOM,MOVE CHAOTIC CAR,0,1.3337,1.0000,1.0000,0.1687,1.0000,1.0000,1.0000,0.6527,1.2550
6719,MARKET,GROW,0,1.2480,1.0000,0.6667,0.2399,1.0000,1.0000,0.0000,-0.0002,1.2546
6720,MARKET,,0,1.1000,1.0000,0.3333,0.0000,1.0000,0.0000,0.0000,-0.0052,1.2469
6721,MARKET,FALL,0,1.2676,1.0000,0.6667,0.3378,1.0000,1.0000,0.0000,0.0007,1.2479
6722,MARKET,FALL,0,1.2676,1.0000,0.6667,0.3378,1.0000,1.0000,0.0000,0.0009,1.2489
6723,MARKET,BREAK VAST TOOL,0,1.3548,1.0000,1.0000,0.2739,1.0000,1.0000,1.0000,0.0056,1.2542
6724,MARKET,GROW,0,1.2480,1.0000,0.6667,0.2399,1.0000,1.0000,0.0000,-0.0003,1.2539
6725,MARKET,GROW,0,1.2480,1.0000,0.6667,0.2399,1.0000,1.0000,0.0000,-0.0003,1.2536
6726,MARKET,BURN,0,1.2567,1.0000,0.6667,0.2836,1.0000,1.0000,0.0000,0.0001,1.2537
6727,MARKET,BURN,0,1.2567,1.0000,0.6667,0.2836,1.0000,1.0000,0.0000,0.0002,1.2539
6728,CHAOTIC MARKET,FALL,0,1.3553,1.0000,1.0000,0.2764,1.0000,1.0000,1.0000,0.3500,1.2590
6729,MARKET,BURN,0,1.2567,1.0000,0.6667,0.2836,1.0000,1.0000,0.0000,-0.0001,1.2588
6730,MARKET,FALL,0,1.2676,1.0000,0.6667,0.3378,1.0000,1.0000,0.0000,0.0005,1.2593
6731,MARKET,SPREAD,0,1.2032,1.0000,0.6667,0.0162,1.0000,1.0000,0.0000,-0.0038,1.2565
6732,CHAOTIC MARKET,FALL,0,1.3553,1.0000,1.0000,0.2764,1.0000,1.0000,1.0000,0.3192,1.2614
6733,MARKET,GROW,0,1.2480,1.0000,0.6667,0.2399,1.0000,1.0000,0.0000,-0.0011,1.2608
6734,MARKET,SPREAD,0,1.2032,1.0000,0.6667,0.0162,1.0000,1.0000,0.0000,-0.0049,1.2579
6735,MARKET,GROW,0,1.2480,1.0000,0.6667,0.2399,1.0000,1.0000,0.0000,-0.0009,1.2574
6736,MARKET,GROW,0,1.2480,1.0000,0.6667,0.2399,1.0000,1.0000,0.0000,-0.0010,1.2569
6737,PRISON,FALL,0,1.2676,1.0000,0.6667,0.3378,1.0000,1.0000,0.0000,0.0562,1.2574
6738,MARKET,SPREAD,0,1.2032,1.0000,0.6667,0.0162,1.0000,1.0000,0.0000,-0.0063,1.2547
6739,CHAOTIC MARKET,FALL,0,1.3553,1.0000,1.0000,0.2764,1.0000,1.0000,1.0000,0.2404,1.2598
6740,MARKET,SPREAD,0,1.2032,1.0000,0.6667,0.0162,1.0000,1.0000,0.0000,-0.0083,1.2569
6741,MARKET,BURN,0,1.2567,1.0000,0.6667,0.2836,1.0000,1.0000,0.0000,-0.0000,1.2569
6742,MARKET,BURN,0,1.2567,1.0000,0.6667,0.2836,1.0000,1.0000,0.0000,-0.0000,1.2569
6743,MARKET,FALL,0,1.2676,1.0000,0.6667,0.3378,1.0000,1.0000,0.0000,0.0017,1.2574
6744,MARKET,SPREAD,0,1.2032,1.0000,0.6667,0.0162,1.0000,1.0000,0.0000,-0.0100,1.2547
6745,MARKET,BURN,0,1.2567,1.0000,0.6667,0.2836,1.0000,1.0000,0.0000,0.0004,1.2548
6746,MARKET,SPREAD,0,1.2032,1.0000,0.6667,0.0162,1.0000,1.0000,0.0000,-0.0110,1.2523
6747,MARKET,BURN,0,1.2567,1.0000,0.6667,0.2836,1.0000,1.0000,0.0000,0.0011,1.2525
6748,MARKET,GROW,0,1.2480,1.0000,0.6667,0.2399,1.0000,1.0000,0.0000,-0.0011,1.2523
6749,MARKET,BURN,0,1.2567,1.0000,0.6667,0.2836,1.0000,1.0000,0.0000,0.0012,1.2525
6750,MARKET,FALL,0,1.2676,1.0000,0.6667,0.3378,1.0000,1.0000,0.0000,0.0044,1.2532
6751,ERROR SPREAD,,1,0.2000,0.0000,0.6667,0.0000,1.0000,1.0000,0.0000,-12.5470,1.2006
6752,MARKET,MOVE SAD VAST BIRD,0,1.3503,1.0000,1.0000,0.2515,1.0000,1.0000,1.0000,0.0429,1.2081
6753,BIRD ATTACK MARKET FORGET DIRTY DIRTY,DOG KNOW CLEAN BIG MAP,0,1.2000,1.0000,0.6556,0.0166,0.6667,0.5000,0.8000,-0.1726,1.2077
6754,MARKET,GROW,0,1.2480,1.0000,0.6667,0.2399,1.0000,1.0000,0.0000,0.0106,1.2097
6755,MARKET,FALL,0,1.2676,1.0000,0.6667,0.3378,1.0000,1.0000,0.0000,0.0186,1.2126
6756,MARKET,FALL,0,1.2676,1.0000,0.6667,0.3378,1.0000,1.0000,0.0000,0.0146,1.2153
6757,MARKET,SPREAD,0,1.2032,1.0000,0.6667,0.0162,1.0000,1.0000,0.0000,-0.0031,1.2147
6758,MARKET,GROW,0,1.2480,1.0000,0.6667,0.2399,1.0000,1.0000,0.0000,0.0079,1.2164
6759,MARKET,BURN,0,1.2567,1.0000,0.6667,0.2836,1.0000,1.0000,0.0000,0.0093,1.2184
6760,CHAOTIC MARKET,BURN,0,1.3566,1.0000,1.0000,0.2831,1.0000,1.0000,1.0000,0.2692,1.2253
6761,MARKET,FALL,0,1.2676,1.0000,0.6667,0.3378,1.0000,1.0000,0.0000,0.0094,1.2274
6762,MARKET,SPREAD,0,1.2032,1.0000,0.6667,0.0162,1.0000,1.0000,0.0000,-0.0062,1.2262
6763,MARKET,BURN,0,1.2567,1.0000,0.6667,0.2836,1.0000,1.0000,0.0000,0.0076,1.2277
6764,MARKET,BURN,0,1.2567,1.0000,0.6667,0.2836,1.0000,1.0000,0.0000,0.0077,1.2292
6765,MARKET,SPREAD,0,1.2032,1.0000,0.6667,0.0162,1.0000,1.0000,0.0000,-0.0055,1.2279
6766,MARKET,MOVE DEAD ELDER,0,1.3600,1.0000,1.0000,0.3000,1.0000,1.0000,1.0000,0.0351,1.2345
6767,MARKET,SPREAD,0,1.2032,1.0000,0.6667,0.0162,1.0000,1.0000,0.0000,-0.0076,1.2329
6768,MARKET,FALL,0,1.2676,1.0000,0.6667,0.3378,1.0000,1.0000,0.0000,0.0075,1.2347
6769,MARKET,BURN,0,1.2567,1.0000,0.6667,0.2836,1.0000,1.0000,0.0000,0.0054,1.2358
6770,MARKET,GROW,0,1.2480,1.0000,0.6667,0.2399,1.0000,1.0000,0.0000,0.0028,1.2364
6771,MARKET,FALL,0,1.2676,1.0000,0.6667,0.3378,1.0000,1.0000,0.0000,0.0074,1.2379
6772,MARKET,BURN,0,1.2567,1.0000,0.6667,0.2836,1.0000,1.0000,0.0000,0.0042,1.2389
6773,MARKET,BURN,0,1.2567,1.0000,0.6667,0.2836,1.0000,1.0000,0.0000,0.0039,1.2398
6774,MARKET,SPREAD,0,1.2032,1.0000,0.6667,0.0162,1.0000,1.0000,0.0000,-0.0078,1.2379
6775,CHAOTIC MARKET,GROW,0,1.3641,1.0000,1.0000,0.3207,1.0000,1.0000,1.0000,0.2462,1.2442
6776,MARKET,GROW,0,1.2480,1.0000,0.6667,0.2399,1.0000,1.0000,0.0000,0.0007,1.2444
6777,MARKET,FALL,0,1.2676,1.0000,0.6667,0.3378,1.0000,1.0000,0.0000,0.0053,1.2456
6778,MARKET,FALL,0,1.2676,1.0000,0.6667,0.3378,1.0000,1.0000,0.0000,0.0053,1.2467
6779,MARKET,BURN,0,1.2567,1.0000,0.6667,0.2836,1.0000,1.0000,0.0000,0.0026,1.2472
6780,MARKET,FALL,0,1.2676,1.0000,0.6667,0.3378,1.0000,1.0000,0.0000,0.0047,1.2482
6781,CHAOTIC MARKET,MOVE HEAVY DRONE,0,1.3621,1.0000,1.0000,0.3104,1.0000,1.0000,1.0000,0.2159,1.2539
6782,CHAOTIC PRISON,SPREAD,0,1.3073,1.0000,1.0000,0.0364,1.0000,1.0000,1.0000,0.3448,1.2566
6783,MARKET,BURN,0,1.2567,1.0000,0.6667,0.2836,1.0000,1.0000,0.0000,0.0000,1.2566
6784,MARKET,GROW,0,1.2480,1.0000,0.6667,0.2399,1.0000,1.0000,0.0000,-0.0024,1.2561
6785,MARKET,BURN,0,1.2567,1.0000,0.6667,0.2836,1.0000,1.0000,0.0000,0.0002,1.2562
6786,MARKET,GROW,0,1.2480,1.0000,0.6667,0.2399,1.0000,1.0000,0.0000,-0.0026,1.2558
6787,CHAOTIC MARKET,FALL,0,1.3553,1.0000,1.0000,0.2764,1.0000,1.0000,1.0000,0.1423,1.2607
6788,CHAOTIC MARKET,GROW,0,1.3641,1.0000,1.0000,0.3207,1.0000,1.0000,1.0000,0.1459,1.2659
6789,CHAOTIC MARKET,BURN,0,1.3566,1.0000,1.0000,0.2831,1.0000,1.0000,1.0000,0.1146,1.2704
6790,CHAOTIC MARKET,FALL,0,1.3553,1.0000,1.0000,0.2764,1.0000,1.0000,1.0000,0.0997,1.2747
6791,MARKET,GROW,0,1.2480,1.0000,0.6667,0.2399,1.0000,1.0000,0.0000,-0.0149,1.2734
6792,MARKET,SPREAD,0,1.2032,1.0000,0.6667,0.0162,1.0000,1.0000,0.0000,-0.0497,1.2698
6793,CHAOTIC MARKET,FALL,0,1.3553,1.0000,1.0000,0.2764,1.0000,1.0000,1.0000,0.0753,1.2741
6794,CHAOTIC MARKET,BURN,0,1.3566,1.0000,1.0000,0.2831,1.0000,1.0000,1.0000,0.0701,1.2782
6795,MARKET,GROW,0,1.2480,1.0000,0.6667,0.2399,1.0000,1.0000,0.0000,-0.0281,1.2767
6796,CHAOTIC MARKET,GROW,0,1.3641,1.0000,1.0000,0.3207,1.0000,1.0000,1.0000,0.0617,1.2811
6797,CHAOTIC MARKET,BURN,0,1.3566,1.0000,1.0000,0.2831,1.0000,1.0000,1.0000,0.0478,1.2849
6798,CHAOTIC MARKET,BURN,0,1.3566,1.0000,1.0000,0.2831,1.0000,1.0000,1.0000,0.0461,1.2885
6799,CHAOTIC MARKET,BURN,0,1.3566,1.0000,1.0000,0.2831,1.0000,1.0000,1.0000,0.0441,1.2919
6800,CHAOTIC MARKET,FALL,0,1.3553,1.0000,1.0000,0.2764,1.0000,1.0000,1.0000,0.0371,1.2950
6801,CHAOTIC MARKET,BURN,0,1.3566,1.0000,1.0000,0.2831,1.0000,1.0000,1.0000,0.0358,1.2981
6802,MARKET,FALL,0,1.2676,1.0000,0.6667,0.3378,1.0000,1.0000,0.0000,-0.0516,1.2966
6803,CHAOTIC ENGINE,FALL,0,1.3057,1.0000,1.0000,0.0286,1.0000,1.0000,1.0000,0.0732,1.2970
6804,CHAOTIC MARKET,FALL,0,1.3553,1.0000,1.0000,0.2764,1.0000,1.0000,1.0000,0.0333,1.3000
6805,PRISON,BURN,0,1.2489,1.0000,0.6667,0.2443,1.0000,1.0000,0.0000,-0.2243,1.2974
6806,CHAOTIC MARKET,FALL,0,1.3553,1.0000,1.0000,0.2764,1.0000,1.0000,1.0000,0.0294,1.3003
6807,CHAOTIC MARKET,BURN,0,1.3566,1.0000,1.0000,0.2831,1.0000,1.0000,1.0000,0.0291,1.3031
6808,CHAOTIC MARKET,FALL,0,1.3553,1.0000,1.0000,0.2764,1.0000,1.0000,1.0000,0.0260,1.3057
6809,CHAOTIC MARKET,BURN,0,1.3566,1.0000,1.0000,0.2831,1.0000,1.0000,1.0000,0.0247,1.3083
6810,MARKET,GROW,0,1.2480,1.0000,0.6667,0.2399,1.0000,1.0000,0.0000,-0.1447,1.3053
6811,CHAOTIC MARKET,GROW,0,1.3641,1.0000,1.0000,0.3207,1.0000,1.0000,1.0000,0.0265,1.3082
6812,CHAOTIC MARKET,GROW,0,1.3641,1.0000,1.0000,0.3207,1.0000,1.0000,1.0000,0.0268,1.3110
6813,CHAOTIC MARKET,SPREAD,0,1.3282,1.0000,1.0000,0.1409,1.0000,1.0000,1.0000,0.0069,1.3119
6814,CHAOTIC MARKET,FALL,0,1.3553,1.0000,1.0000,0.2764,1.0000,1.0000,1.0000,0.0183,1.3140
6815,IDENTITY,SPREAD,1,0.2161,0.0000,0.6667,0.0807,1.0000,1.0000,0.0000,-9.9051,1.2591
6816,CHAOTIC BORDER,GROW,0,1.3746,1.0000,1.0000,0.3732,1.0000,1.0000,1.0000,0.8001,1.2649
6817,CHAOTIC HOME,BURN,0,1.3647,1.0000,1.0000,0.3235,1.0000,1.0000,1.0000,0.4226,1.2699
6818,CHAOTIC MARKET,FALL,0,1.3553,1.0000,1.0000,0.2764,1.0000,1.0000,1.0000,0.0347,1.2742
6819,CHAOTIC MARKET,FALL,0,1.3553,1.0000,1.0000,0.2764,1.0000,1.0000,1.0000,0.0303,1.2782
6820,CHAOTIC,ROBOT FALL,1,0.4600,0.0000,1.0000,0.8002,1.0000,1.0000,1.0000,-0.0755,1.2373
6821,MARKET,,0,1.1000,1.0000,0.3333,0.0000,1.0000,0.0000,0.0000,-0.3920,1.2304
6822,CHAOTIC,PHONE MOVE DULL SIMPLE MAP,1,0.3853,0.0000,0.7778,0.7598,1.0000,1.0000,0.3333,-0.0668,1.1882
6823,CHAOTIC MARKET,GROW,0,1.3641,1.0000,1.0000,0.3207,1.0000,1.0000,1.0000,0.0681,1.1970
6824,CHAOTIC ROAD,GROW,0,1.3822,1.0000,1.0000,0.4109,1.0000,1.0000,1.0000,0.9381,1.2062
6825,CHAOTIC MARKET,FALL,0,1.3553,1.0000,1.0000,0.2764,1.0000,1.0000,1.0000,0.0636,1.2137
6826,CHAOTIC FOOD,FALL,0,1.3216,1.0000,1.0000,0.1078,1.0000,1.0000,1.0000,0.7305,1.2191
6827,CHAOTIC BORDER,SPREAD,0,1.3275,1.0000,1.0000,0.1373,1.0000,1.0000,1.0000,0.6690,1.2245
6828,CHAOTIC MARKET,FALL,0,1.3553,1.0000,1.0000,0.2764,1.0000,1.0000,1.0000,0.0657,1.2310
6829,CHAOTIC STONE,BURN,0,1.3303,1.0000,1.0000,0.1515,1.0000,1.0000,1.0000,0.6600,1.2360
6830,CHAOTIC MARKET,FALL,0,1.3553,1.0000,1.0000,0.2764,1.0000,1.0000,1.0000,0.0597,1.2420
6831,CHAOTIC DUST,BURN,0,1.3676,1.0000,1.0000,0.3379,1.0000,1.0000,1.0000,0.6382,1.2483
6832,CHAOTIC ALGORITHM,GROW,0,1.3522,1.0000,1.0000,0.2610,1.0000,1.0000,1.0000,0.6663,1.2535
6833,CHAOTIC CHILD,EAT STRONG HEAVY KEY,0,1.3289,1.0000,1.0000,0.1446,1.0000,1.0000,1.0000,0.4633,1.2572
6834,CHAOTIC MARKET,FALL,0,1.3553,1.0000,1.0000,0.2764,1.0000,1.0000,1.0000,0.0738,1.2621
6835,CHAOTIC MARKET,BURN,0,1.3566,1.0000,1.0000,0.2831,1.0000,1.0000,1.0000,0.0964,1.2669
6836,CHAOTIC FOOD,BURN,0,1.3382,1.0000,1.0000,0.1908,1.0000,1.0000,1.0000,0.3701,1.2704
6837,MARKET,BURN,0,1.2567,1.0000,0.6667,0.2836,1.0000,1.0000,0.0000,-0.0528,1.2697
6838,CHAOTIC TOOL,FALL,0,1.3198,1.0000,1.0000,0.0991,1.0000,1.0000,1.0000,0.2663,1.2722
6839,CHAOTIC FEAR,GROW,0,1.4478,1.0000,1.0000,0.7390,1.0000,1.0000,1.0000,0.8180,1.2810
6840,TRUSTED PLAN,GROW,1,0.3653,0.0000,1.0000,0.3266,1.0000,1.0000,1.0000,-7.6556,1.2352
6841,CHAOTIC MAP,SPREAD,0,1.3565,1.0000,1.0000,0.2824,1.0000,1.0000,1.0000,0.4869,1.2413
6842,CHAOTIC SEED,MOVE WEAK SENSOR MOVE FOOD,0,1.2609,1.0000,0.7222,0.2211,0.5000,1.0000,0.6667,0.0792,1.2423
6843,CHAOTIC ERROR,FAIL,0,1.3106,1.0000,1.0000,0.0528,1.0000,1.0000,1.0000,0.2723,1.2457
6844,CHAOTIC RULE,GROW,0,1.4000,1.0000,1.0000,0.5000,1.0000,1.0000,1.0000,0.6446,1.2534
6845,CHAOTIC WOOD,BURN,0,1.3382,1.0000,1.0000,0.1908,1.0000,1.0000,1.0000,0.3721,1.2576
6846,CHAOTIC MAN,ATTACK OBEDIENT DIRTY GUARD,0,1.2029,1.0000,0.6000,0.1145,0.0000,1.0000,0.8000,-0.2328,1.2549
6847,CHAOTIC STRANGER,BURN,0,1.3513,1.0000,1.0000,0.2567,1.0000,1.0000,1.0000,0.4711,1.2597
6848,CHAOTIC CAT,BURN,0,1.3415,1.0000,1.0000,0.2073,1.0000,1.0000,1.0000,0.3269,1.2638
6849,CHAOTIC PLAN,GROW,0,1.3811,1.0000,1.0000,0.4055,1.0000,1.0000,1.0000,0.4734,1.2697
6850,CHAOTIC PHONE MOVE CHAOTIC ENCRYPTED BOOK,,1,0.3000,0.0000,1.0000,0.0000,1.0000,1.0000,1.0000,-13.1482,1.2212
6851,CHAOTIC CAMERA FALL,,1,0.3000,0.0000,1.0000,0.0000,1.0000,1.0000,1.0000,-6.2528,1.1751
6852,CHAOTIC CAR,MOVE SLOW SMALL CAR,0,1.1945,1.0000,0.6000,0.0726,0.0000,1.0000,0.8000,0.0830,1.1761
6853,SOLDIER BUILD CHAOTIC SHARP,PHONE,1,0.3303,0.0000,1.0000,0.1516,1.0000,1.0000,1.0000,-11.8242,1.1338
6854,BRIDGE,BURN,0,1.2277,1.0000,0.6667,0.1383,1.0000,1.0000,0.0000,0.7096,1.1385
6855,CHAOTIC POISON,FALL,0,1.3051,1.0000,1.0000,0.0257,1.0000,1.0000,1.0000,0.6965,1.1468
6856,CHAOTIC SEED,FALL,0,1.3225,1.0000,1.0000,0.1127,1.0000,1.0000,1.0000,0.6656,1.1556
6857,CHAOTIC CLOCK,FALL,1,0.3051,0.0000,1.0000,0.0257,1.0000,1.0000,1.0000,-3.5069,1.1131
6858,CHAOTIC TOOL,SPREAD,0,1.4368,1.0000,1.0000,0.6839,1.0000,1.0000,1.0000,1.4241,1.1293
6859,CHAOTIC TIME,GROW,0,1.4378,1.0000,1.0000,0.6890,1.0000,1.0000,1.0000,1.3879,1.1447
6860,CHAOTIC BIRD,FALL,0,1.3374,1.0000,1.0000,0.1872,1.0000,1.0000,1.0000,0.8173,1.1543
6861,DORMANT LEADER HELP INSECT,HEAR CAT,1,0.2460,0.0000,0.7778,0.0632,0.3333,1.0000,1.0000,-17.5948,1.1089
6862,CHAOTIC MAP,FALL,1,0.3051,0.0000,1.0000,0.0257,1.0000,1.0000,1.0000,-2.7224,1.0687
6863,TRAPPED,WOLF HEAR OUTCAST ELDER,1,0.4647,0.0000,1.0000,0.8233,1.0000,1.0000,1.0000,-4.9962,1.0385
6864,CHAOTIC MOUNTAIN,SPREAD,0,1.4157,1.0000,1.0000,0.5787,1.0000,1.0000,1.0000,1.8905,1.0574
6865,CHAOTIC PATTERN,FAIL,0,1.4000,1.0000,1.0000,0.5000,1.0000,1.0000,1.0000,1.5196,1.0745
6866,CHAOTIC BOOK,FALL,0,1.3198,1.0000,1.0000,0.0991,1.0000,1.0000,1.0000,0.9870,1.0868
6867,CHAOTIC PLAN,SPREAD,0,1.3513,1.0000,1.0000,0.2567,1.0000,1.0000,1.0000,0.8877,1.1000
6868,CHAOTIC MAN,BURN,0,1.3530,1.0000,1.0000,0.2650,1.0000,1.0000,1.0000,1.1630,1.1127
6869,CHAOTIC CAR,FALL,0,1.3095,1.0000,1.0000,0.0477,1.0000,1.0000,1.0000,0.8160,1.1225
6870,CHAOTIC WOLF,WANT SMALL COMPLEX THINK SAD WOLF,0,1.1919,1.0000,0.5556,0.1260,0.0000,1.0000,0.6667,0.3133,1.1260
6871,CHAOTIC DOG,FALL,0,1.3304,1.0000,1.0000,0.1518,1.0000,1.0000,1.0000,0.9290,1.1362
6872,CHAOTIC LEADER,SEE DIRTY PRISON,0,1.3171,1.0000,0.8889,0.2521,1.0000,1.0000,0.6667,0.7560,1.1452
6873,CHAOTIC TRUTH,GROW,0,1.4169,1.0000,1.0000,0.5845,1.0000,1.0000,1.0000,1.2047,1.1588
6874,CHAOTIC BOOK,BURN,0,1.3287,1.0000,1.0000,0.1435,1.0000,1.0000,1.0000,0.6160,1.1673
6875,CHAOTIC INSECT,SPREAD,0,1.4306,1.0000,1.0000,0.6529,1.0000,1.0000,1.0000,1.0768,1.1805
6876,CHAOTIC SENSOR,MOVE OUTCAST STRONG BOOK,0,1.2827,1.0000,0.9333,0.0134,1.0000,1.0000,0.8000,0.4948,1.1856
6877,CHAOTIC DRONE,FAIL,0,1.3742,1.0000,1.0000,0.3709,1.0000,1.0000,1.0000,0.8841,1.1950
6878,CHAOTIC BIRD,HELP MAN RUN,0,1.2910,1.0000,0.8889,0.1219,0.6667,1.0000,1.0000,0.3547,1.1998
6879,CHAOTIC SIGNAL,SPREAD,1,0.3027,0.0000,1.0000,0.0133,1.0000,1.0000,1.0000,-4.2110,1.1550
6880,CHAOTIC PATTERN,GROW,0,1.4000,1.0000,1.0000,0.5000,1.0000,1.0000,1.0000,0.9487,1.1672
6881,MARKET,BURN,0,1.2567,1.0000,0.6667,0.2836,1.0000,1.0000,0.0000,0.3822,1.1717
6882,CHAOTIC TRUTH,SPREAD,0,1.3565,1.0000,1.0000,0.2824,1.0000,1.0000,1.0000,0.7559,1.1809
6883,CHAOTIC SENSOR,FALL,0,1.3134,1.0000,1.0000,0.0670,1.0000,1.0000,1.0000,0.5997,1.1876
6884,CHAOTIC WOOD,FALL,0,1.3216,1.0000,1.0000,0.1078,1.0000,1.0000,1.0000,0.5010,1.1943
6885,CHAOTIC BIRD,FALL,0,1.3374,1.0000,1.0000,0.1872,1.0000,1.0000,1.0000,0.4984,1.2014
6886,CHAOTIC SEED,MOVE MAP SEE ISOLATED SIMPLE MAP,0,1.2472,1.0000,0.6667,0.2358,0.6667,1.0000,0.3333,0.1574,1.2037
6887,CHAOTIC TIME,SPREAD,0,1.4000,1.0000,1.0000,0.5000,1.0000,1.0000,1.0000,0.7407,1.2135
6888,CHAOTIC BIRD,MOVE ISOLATED BROKEN ROBOT,0,1.3485,1.0000,0.9333,0.3425,1.0000,1.0000,0.8000,0.4488,1.2203
6889,CHAOTIC MAP,SPREAD,0,1.3565,1.0000,1.0000,0.2824,1.0000,1.0000,1.0000,0.5138,1.2271
6890,CHAOTIC LIE,FAIL,0,1.4707,1.0000,1.0000,0.8536,1.0000,1.0000,1.0000,1.2760,1.2393
6891,CHAOTIC TIME,GROW,0,1.4378,1.0000,1.0000,0.6890,1.0000,1.0000,1.0000,0.7325,1.2492
6892,CHAOTIC NETWORK,HEAR WOOD,1,0.3321,0.0000,1.0000,0.1603,1.0000,1.0000,1.0000,-4.0677,1.2033
6893,CHAOTIC ENGINE,MOVE CLEAN DUST,0,1.3109,1.0000,1.0000,0.0546,1.0000,1.0000,1.0000,0.4906,1.2087
6894,CHAOTIC BIRD,HELP WEAK CORRUPTED GUARD,0,1.2185,1.0000,0.6667,0.0924,0.6667,1.0000,0.3333,0.0294,1.2092
6895,CHAOTIC WOMAN,FOLLOW OBEDIENT SLOW GUARD,0,1.2187,1.0000,0.6000,0.1936,0.0000,1.0000,0.8000,0.0481,1.2097
6896,CHAOTIC POISON,BURN,0,1.3156,1.0000,1.0000,0.0782,1.0000,1.0000,1.0000,0.4037,1.2150
6897,CHAOTIC CROWD,FOLLOW STRONG HORSE,0,1.2774,1.0000,0.8889,0.0536,0.6667,1.0000,1.0000,0.3131,1.2181
6898,CHAOTIC MAP,GROW,0,1.3239,1.0000,1.0000,0.1197,1.0000,1.0000,1.0000,0.3675,1.2234
6899,CHAOTIC POWER,SPREAD,0,1.3511,1.0000,1.0000,0.2554,1.0000,1.0000,1.0000,0.6136,1.2298
6900,CHAOTIC CLOCK,MOVE WEAK CAR FALL,1,0.2388,0.0000,0.7778,0.0275,0.6667,1.0000,0.6667,-4.4889,1.1802
6901,CHAOTIC PATTERN,SPREAD,0,1.4688,1.0000,1.0000,0.8441,1.0000,1.0000,1.0000,1.0143,1.1947
6902,CHAOTIC POISON,BURN,0,1.3156,1.0000,1.0000,0.0782,1.0000,1.0000,1.0000,0.4397,1.2007
6903,CHAOTIC ELDER,FOLLOW MAN ATTACK WEAK DRONE,0,1.2367,1.0000,0.7222,0.1000,0.5000,1.0000,0.6667,0.1750,1.2025
6904,CHAOTIC STRANGER,FOLLOW CAT,0,1.3054,1.0000,0.8889,0.1935,0.6667,1.0000,1.0000,0.4472,1.2076
6905,CHAOTIC PATTERN,SPREAD,0,1.4688,1.0000,1.0000,0.8441,1.0000,1.0000,1.0000,0.8872,1.2207
6906,CHAOTIC LEADER,SEE CLEAN MAP,0,1.3439,1.0000,1.0000,0.2195,1.0000,1.0000,1.0000,0.4692,1.2269
6907,CHAOTIC POISON,FALL,0,1.3051,1.0000,1.0000,0.0257,1.0000,1.0000,1.0000,0.2718,1.2308
6908,CHAOTIC ENGINE,FALL,0,1.3057,1.0000,1.0000,0.0286,1.0000,1.0000,1.0000,0.3102,1.2345
6909,CHAOTIC ERROR,GROW,0,1.3522,1.0000,1.0000,0.2610,1.0000,1.0000,1.0000,0.4617,1.2404
6910,CHAOTIC FOOD,FALL,0,1.3216,1.0000,1.0000,0.1078,1.0000,1.0000,1.0000,0.3769,1.2445
6911,CHAOTIC MAN,BURN,0,1.3530,1.0000,1.0000,0.2650,1.0000,1.0000,1.0000,0.4567,1.2499
6912,CHAOTIC PLAN,FAIL,0,1.4000,1.0000,1.0000,0.5000,1.0000,1.0000,1.0000,0.4854,1.2574
6913,CHAOTIC BIRD,HEAR ISOLATED LEADER,0,1.2806,1.0000,0.7778,0.2362,0.6667,1.0000,0.6667,0.0678,1.2586
6914,MARKET,BURN,0,1.2567,1.0000,0.6667,0.2836,1.0000,1.0000,0.0000,-0.0073,1.2585
6915,CHAOTIC CAR,HEAR SECRET ANGRY DOG FALL,0,1.2888,1.0000,0.9167,0.0688,1.0000,1.0000,0.7500,0.1151,1.2600
6916,CHAOTIC KEY,FAIL,0,1.4302,1.0000,1.0000,0.6508,1.0000,1.0000,1.0000,0.8229,1.2685
6917,CHAOTIC INSECT,HEAR DENSE COMPUTER HEAR SECRET LANGUAGE,0,1.3800,1.0000,0.9333,0.5000,1.0000,1.0000,0.8000,0.4507,1.2741
6918,CHAOTIC DOG,HELP CLEAN WOLF,0,1.2323,1.0000,0.6667,0.1616,0.0000,1.0000,1.0000,-0.1705,1.2720
6919,CHAOTIC LEADER,BUILD STONE BREAK WATER,0,1.3252,1.0000,1.0000,0.1258,1.0000,1.0000,1.0000,0.1937,1.2746
6920,CHAOTIC MAN,FORGET SIMPLE SIGNAL WANT TRUSTED BIG WEAPON,0,1.3087,1.0000,0.8889,0.2103,1.0000,1.0000,0.6667,0.1362,1.2763
6921,CHAOTIC PHONE,MOVE SMALL COMPLEX CLOCK,1,0.2713,0.0000,0.8222,0.1231,0.6667,1.0000,0.8000,-5.2599,1.2261
6922,CHAOTIC CAMERA,SEE STRONG SIMPLE CLOCK,1,0.2217,0.0000,0.7222,0.0252,0.6667,1.0000,0.5000,-4.6952,1.1759
6923,CHAOTIC TRUTH,GROW,0,1.4169,1.0000,1.0000,0.5845,1.0000,1.0000,1.0000,0.8704,1.1879
6924,CHAOTIC POISON,MOVE BIG DRONE,0,1.3375,1.0000,1.0000,0.1875,1.0000,1.0000,1.0000,0.4512,1.1954
6925,CHAOTIC BIRD,FOLLOW FAST SLOW SOLDIER,0,1.2903,1.0000,0.8056,0.2433,0.6667,1.0000,0.7500,0.2883,1.2001
6926,CHAOTIC BIRD,HEAR CHAOTIC BORDER FALL,0,1.2404,1.0000,0.6667,0.2021,1.0000,1.0000,0.0000,0.1197,1.2022
6927,MARKET,SPREAD,0,1.2032,1.0000,0.6667,0.0162,1.0000,1.0000,0.0000,0.0043,1.2022
6928,CHAOTIC MAP,BURN,1,0.3080,0.0000,1.0000,0.0398,1.0000,1.0000,1.0000,-2.8936,1.1575
6929,CHAOTIC POISON,BURN,0,1.3156,1.0000,1.0000,0.0782,1.0000,1.0000,1.0000,0.4612,1.1654
6930,CHAOTIC BOOK,GROW,0,1.3500,1.0000,1.0000,0.2500,1.0000,1.0000,1.0000,0.6314,1.1746
6931,CHAOTIC DEBT,GROW,0,1.4000,1.0000,1.0000,0.5000,1.0000,1.0000,1.0000,1.1561,1.1859
6932,CHAOTIC CAR,FALL,0,1.3095,1.0000,1.0000,0.0477,1.0000,1.0000,1.0000,0.4721,1.1921
6933,CHAOTIC POISON,FALL,0,1.3051,1.0000,1.0000,0.0257,1.0000,1.0000,1.0000,0.3029,1.1977
6934,CHAOTIC CHILD,SEE CALM GUARD,0,1.2500,1.0000,0.6667,0.2498,0.0000,1.0000,1.0000,0.2482,1.2004
6935,CHAOTIC WOMAN,BREAK SMALL POISON,0,1.3378,1.0000,1.0000,0.1889,1.0000,1.0000,1.0000,0.7117,1.2072
6936,CHAOTIC PLAN,UPDATE MEMORY,0,1.3298,1.0000,0.8889,0.3159,0.6667,1.0000,1.0000,0.3747,1.2134
6937,CHAOTIC CAR,SEE BRIDGE FALL,0,1.3196,1.0000,1.0000,0.0979,1.0000,1.0000,1.0000,0.3818,1.2187
6938,CHAOTIC SENSOR,SEE WEAK HEAVY DRONE,0,1.2551,1.0000,0.8222,0.0424,0.6667,1.0000,0.8000,0.1459,1.2205
6939,CHAOTIC RULE,GROW,0,1.4000,1.0000,1.0000,0.5000,1.0000,1.0000,1.0000,0.7308,1.2295
6940,MARKET,BURN,0,1.2567,1.0000,0.6667,0.2836,1.0000,1.0000,0.0000,0.1179,1.2308
6941,CHAOTIC SENSOR,SEE FREE DULL SEED,0,1.2964,1.0000,0.9333,0.0818,1.0000,1.0000,0.8000,0.2626,1.2341
6942,CHAOTIC DEBT,GROW,0,1.4000,1.0000,1.0000,0.5000,1.0000,1.0000,1.0000,0.7935,1.2424
6943,CHAOTIC WOOD,BURN,0,1.3382,1.0000,1.0000,0.1908,1.0000,1.0000,1.0000,0.3497,1.2472
6944,CHAOTIC BIRD,ATTACK AUTOMATED GUARD,0,1.2880,1.0000,0.7778,0.2732,0.6667,1.0000,0.6667,0.1142,1.2492
6945,CHAOTIC PRISON,BURN,0,1.3300,1.0000,1.0000,0.1499,1.0000,1.0000,1.0000,0.4799,1.2533
6946,CHAOTIC CAR,SEE DOG,0,1.3159,1.0000,1.0000,0.0795,1.0000,1.0000,1.0000,0.2083,1.2564
6947,CHAOTIC POISON,FAIL,0,1.4316,1.0000,1.0000,0.6581,1.0000,1.0000,1.0000,0.4142,1.2652
6948,CHAOTIC ERROR,SPREAD,0,1.3692,1.0000,1.0000,0.3461,1.0000,1.0000,1.0000,0.3878,1.2704
6949,CHAOTIC BIRD,FORGET RULE FOLLOW TRUSTED TIME,0,1.3855,1.0000,1.0000,0.4273,1.0000,1.0000,1.0000,0.3227,1.2761
6950,CHAOTIC MOUNTAIN,GROW,0,1.3587,1.0000,1.0000,0.2937,1.0000,1.0000,1.0000,0.3942,1.2802
6951,CHAOTIC TRUTH,GROW,0,1.4169,1.0000,1.0000,0.5845,1.0000,1.0000,1.0000,0.4845,1.2871
6952,CHAOTIC CAR,SEE CONNECTED DIRTY TOOL SEE SMALL DIRTY WEAPON,0,1.2693,1.0000,0.8413,0.0848,0.6667,1.0000,0.8571,-0.0564,1.2862
6953,BIG MARKET,BURN,0,1.3445,1.0000,1.0000,0.2226,1.0000,1.0000,1.0000,0.5912,1.2891
6954,CHAOTIC TRUTH,GROW,0,1.4169,1.0000,1.0000,0.5845,1.0000,1.0000,1.0000,0.4518,1.2955
6955,CHAOTIC STRANGER,FORGET CLEAN WEAPON,0,1.3745,1.0000,1.0000,0.3726,1.0000,1.0000,1.0000,0.3283,1.2994
6956,CHAOTIC RULE,GROW,0,1.4000,1.0000,1.0000,0.5000,1.0000,1.0000,1.0000,0.3811,1.3045
6957,CHAOTIC DRONE,ENCODE OPTIMAL OPTIMAL PATTERN,0,1.3291,1.0000,0.8889,0.3121,1.0000,1.0000,0.6667,0.1074,1.3057
6958,CHAOTIC RULE,GROW,0,1.4000,1.0000,1.0000,0.5000,1.0000,1.0000,1.0000,0.3557,1.3104
6959,CHAOTIC ELDER,CARRY SAD BIRD,0,1.2530,1.0000,0.7778,0.0983,0.6667,1.0000,0.6667,-0.2821,1.3076
6960,CHAOTIC SYSTEM,GROW,1,0.3522,0.0000,1.0000,0.2610,1.0000,1.0000,1.0000,-5.5749,1.2598
6961,CHAOTIC CAT,HEAR ENCRYPTED RULE RUN,0,1.3432,1.0000,0.8889,0.3826,1.0000,1.0000,0.6667,0.3773,1.2640
6962,CHAOTIC PLAN,FAIL,0,1.4000,1.0000,1.0000,0.5000,1.0000,1.0000,1.0000,0.4085,1.2708
6963,CHAOTIC POISON,GROW,0,1.3408,1.0000,1.0000,0.2042,1.0000,1.0000,1.0000,0.1645,1.2743
6964,CHAOTIC ERROR,FAIL,0,1.3106,1.0000,1.0000,0.0528,1.0000,1.0000,1.0000,0.1262,1.2761
6965,CHAOTIC CROWD,BURN,0,1.3409,1.0000,1.0000,0.2045,1.0000,1.0000,1.0000,0.3148,1.2793
6966,CHAOTIC PRISON,FALL,0,1.3423,1.0000,1.0000,0.2113,1.0000,1.0000,1.0000,0.3458,1.2825
6967,CHAOTIC BIRD,SEE FREE BIRD,0,1.2307,1.0000,0.6667,0.1536,0.0000,1.0000,1.0000,-0.1368,1.2799
6968,CHAOTIC WOOD,FALL,0,1.3216,1.0000,1.0000,0.1078,1.0000,1.0000,1.0000,0.1498,1.2820
6969,CHAOTIC CROWD,ATTACK TRAPPED LEADER,0,1.2147,1.0000,0.6667,0.0733,0.0000,1.0000,1.0000,-0.3119,1.2786
6970,CHAOTIC SENSOR,SEE TRAPPED CLEAN CROWD SEE BIG DEAD LEADER FAIL,0,1.3210,1.0000,1.0000,0.1050,1.0000,1.0000,1.0000,0.1640,1.2807
6971,CHAOTIC BIRD,BURN,0,1.3545,1.0000,1.0000,0.2724,1.0000,1.0000,1.0000,0.2099,1.2844
6972,CHAOTIC CAR,SEE DEAD HAPPY LEADER,0,1.3284,1.0000,1.0000,0.1422,1.0000,1.0000,1.0000,0.1416,1.2866
6973,CHAOTIC CAR,SEE OPTIMAL ISOLATED SOLDIER,0,1.2867,1.0000,0.8333,0.1834,1.0000,1.0000,0.5000,0.0003,1.2866
6974,CHAOTIC POISON,BURN,0,1.3156,1.0000,1.0000,0.0782,1.0000,1.0000,1.0000,0.0671,1.2881
6975,CHAOTIC TIME,GROW,0,1.4378,1.0000,1.0000,0.6890,1.0000,1.0000,1.0000,0.5520,1.2955
6976,CHAOTIC MAP,GROW,0,1.3239,1.0000,1.0000,0.1197,1.0000,1.0000,1.0000,0.1090,1.2970
6977,CHAOTIC BIRD,BURN,0,1.3545,1.0000,1.0000,0.2724,1.0000,1.0000,1.0000,0.1584,1.2998
6978,CHAOTIC CAR,MOVE FOREST,0,1.3130,1.0000,1.0000,0.0648,1.0000,1.0000,1.0000,0.0417,1.3005
6979,CHAOTIC POISON,SPREAD,0,1.4000,1.0000,1.0000,0.5000,1.0000,1.0000,1.0000,0.2272,1.3055
6980,CHAOTIC TRUTH,SPREAD,0,1.3565,1.0000,1.0000,0.2824,1.0000,1.0000,1.0000,0.1558,1.3080
6981,CHAOTIC PHONE,SEE HAPPY HORSE,1,0.3069,0.0000,1.0000,0.0346,1.0000,1.0000,1.0000,-5.7427,1.2580
6982,CHAOTIC LEADER,FALL,0,1.3475,1.0000,1.0000,0.2374,1.0000,1.0000,1.0000,0.3400,1.2624
6983,CHAOTIC INSECT,HEAR SENSOR,0,1.3910,1.0000,1.0000,0.4551,1.0000,1.0000,1.0000,0.4976,1.2689
6984,CHAOTIC MAN,RUN,0,1.3200,1.0000,1.0000,0.1000,1.0000,1.0000,1.0000,0.2041,1.2714
6985,CHAOTIC RIVER,BURN,0,1.3486,1.0000,1.0000,0.2428,1.0000,1.0000,1.0000,0.4511,1.2753
6986,CHAOTIC BORDER,SPREAD,0,1.3275,1.0000,1.0000,0.1373,1.0000,1.0000,1.0000,0.2641,1.2779
6987,CHAOTIC BORDER,GROW,0,1.3746,1.0000,1.0000,0.3732,1.0000,1.0000,1.0000,0.4835,1.2827
6988,CHAOTIC STRANGER,FALL,0,1.3383,1.0000,1.0000,0.1914,1.0000,1.0000,1.0000,0.2246,1.2855
6989,CHAOTIC TRUTH,SPREAD,0,1.3565,1.0000,1.0000,0.2824,1.0000,1.0000,1.0000,0.2183,1.2891
6990,CHAOTIC BIRD,HELP BIRD FALL,0,1.2254,1.0000,0.6667,0.1270,0.0000,1.0000,1.0000,-0.1706,1.2859
6991,CHAOTIC CLOCK,FALL,1,0.3051,0.0000,1.0000,0.0257,1.0000,1.0000,1.0000,-4.9614,1.2368
6992,CHAOTIC POISON,FALL,0,1.3051,1.0000,1.0000,0.0257,1.0000,1.0000,1.0000,0.1545,1.2403
6993,CHAOTIC DOG,BURN,0,1.3451,1.0000,1.0000,0.2256,1.0000,1.0000,1.0000,0.4859,1.2455
6994,CHAOTIC HORSE,BURN,0,1.3340,1.0000,1.0000,0.1699,1.0000,1.0000,1.0000,0.4612,1.2499
6995,CHAOTIC BIRD,FALL,0,1.3374,1.0000,1.0000,0.1872,1.0000,1.0000,1.0000,0.2380,1.2543
6996,CHAOTIC WOLF,BREAK FIRE,0,1.3207,1.0000,1.0000,0.1034,1.0000,1.0000,1.0000,0.3152,1.2576
6997,CHAOTIC POISON,BURN,0,1.3156,1.0000,1.0000,0.0782,1.0000,1.0000,1.0000,0.1302,1.2605
6998,CHAOTIC BIRD,FALL,0,1.3374,1.0000,1.0000,0.1872,1.0000,1.0000,1.0000,0.2107,1.2644
6999,CHAOTIC ALGORITHM,FAIL,0,1.3106,1.0000,1.0000,0.0528,1.0000,1.0000,1.0000,0.2159,1.2667
7000,CHAOTIC CAR,FALL,0,1.3095,1.0000,1.0000,0.0477,1.0000,1.0000,1.0000,0.1387,1.2688
7001,CHAOTIC TRUTH,SPREAD,0,1.3565,1.0000,1.0000,0.2824,1.0000,1.0000,1.0000,0.2677,1.2732
7002,CHAOTIC PLAN,FAIL,0,1.4000,1.0000,1.0000,0.5000,1.0000,1.0000,1.0000,0.3812,1.2795
7003,CHAOTIC PLAN,FAIL,0,1.4000,1.0000,1.0000,0.5000,1.0000,1.0000,1.0000,0.3592,1.2856
7004,CHAOTIC SENSOR,FALL,0,1.3134,1.0000,1.0000,0.0670,1.0000,1.0000,1.0000,0.1085,1.2870
7005,CHAOTIC ENGINE,HEAR CHANCE,0,1.3542,1.0000,1.0000,0.2712,1.0000,1.0000,1.0000,0.2969,1.2903
7006,CHAOTIC PLAN,SPREAD,0,1.3513,1.0000,1.0000,0.2567,1.0000,1.0000,1.0000,0.1712,1.2934
7007,CHAOTIC BORDER,GROW,0,1.3746,1.0000,1.0000,0.3732,1.0000,1.0000,1.0000,0.3648,1.2974
7008,CHAOTIC TIME,SPREAD,0,1.4000,1.0000,1.0000,0.5000,1.0000,1.0000,1.0000,0.3609,1.3026
7009,CHAOTIC RULE,GROW,0,1.4000,1.0000,1.0000,0.5000,1.0000,1.0000,1.0000,0.3433,1.3074
7010,CHAOTIC STRANGER,CARRY TOOL FALL,0,1.3341,1.0000,1.0000,0.1703,1.0000,1.0000,1.0000,0.1029,1.3088
7011,CHAOTIC POISON,SPREAD,0,1.4000,1.0000,1.0000,0.5000,1.0000,1.0000,1.0000,0.2100,1.3133
7012,CHAOTIC BIRD,FOLLOW BROKEN GUARD MOVE SAD CROWD,0,1.2810,1.0000,0.8222,0.1715,0.6667,1.0000,0.8000,-0.0844,1.3117
7013,CHAOTIC PLAN,SPREAD,0,1.3513,1.0000,1.0000,0.2567,1.0000,1.0000,1.0000,0.1063,1.3137
7014,CHAOTIC CHILD,FORGET SIMPLE SYSTEM,0,1.2945,1.0000,0.6667,0.4725,1.0000,1.0000,0.0000,-0.0944,1.3127
7015,CHAOTIC TIME,FAIL,0,1.4707,1.0000,1.0000,0.8536,1.0000,1.0000,1.0000,0.5196,1.3206
7016,CHAOTIC POISON,FALL,0,1.3051,1.0000,1.0000,0.0257,1.0000,1.0000,1.0000,-0.0358,1.3199
7017,CHAOTIC WOOD,BURN,0,1.3382,1.0000,1.0000,0.1908,1.0000,1.0000,1.0000,0.0679,1.3208
7018,CHAOTIC SOLDIER,MOVE CORRUPTED ORDERED PHONE,0,1.2575,1.0000,0.7778,0.1210,1.0000,1.0000,0.3333,-0.3205,1.3176
7019,CHAOTIC BOOK,FAIL,0,1.4267,1.0000,1.0000,0.6336,1.0000,1.0000,1.0000,0.4025,1.3231
7020,CHAOTIC SOLDIER,HEAR DENSE SENSOR,0,1.3287,1.0000,1.0000,0.1435,1.0000,1.0000,1.0000,0.0292,1.3233
7021,CHAOTIC DOG,FALL,0,1.3304,1.0000,1.0000,0.1518,1.0000,1.0000,1.0000,0.0302,1.3237
7022,CHAOTIC IDENTITY,GROW,0,1.4000,1.0000,1.0000,0.5000,1.0000,1.0000,1.0000,0.3607,1.3275
7023,CHAOTIC HORSE,FALL,0,1.3199,1.0000,1.0000,0.0997,1.0000,1.0000,1.0000,-0.0359,1.3271
7024,CHAOTIC WOLF,WANT SHARP STRONG TOOL BURN,0,1.3279,1.0000,1.0000,0.1395,1.0000,1.0000,1.0000,0.0034,1.3272
7025,CHAOTIC GUARD,FALL,0,1.3230,1.0000,1.0000,0.1151,1.0000,1.0000,1.0000,-0.0252,1.3270
7026,CHAOTIC RULE,SPREAD,0,1.3312,1.0000,1.0000,0.1559,1.0000,1.0000,1.0000,0.0143,1.3272
7027,CHAOTIC TIME,GROW,0,1.4378,1.0000,1.0000,0.6890,1.0000,1.0000,1.0000,0.3448,1.3327
7028,CHAOTIC TRUTH,SPREAD,0,1.3565,1.0000,1.0000,0.2824,1.0000,1.0000,1.0000,0.0686,1.3339
7029,CHAOTIC SEED,BURN,0,1.3374,1.0000,1.0000,0.1869,1.0000,1.0000,1.0000,0.0153,1.3341
7030,BIG MARKET,BURN,0,1.3445,1.0000,1.0000,0.2226,1.0000,1.0000,1.0000,0.0992,1.3346
7031,CHAOTIC TRUTH,GROW,0,1.4169,1.0000,1.0000,0.5845,1.0000,1.0000,1.0000,0.2418,1.3387
7032,CHAOTIC POISON,BURN,0,1.3156,1.0000,1.0000,0.0782,1.0000,1.0000,1.0000,-0.0525,1.3376
7033,CHAOTIC ENGINE,FALL,0,1.3057,1.0000,1.0000,0.0286,1.0000,1.0000,1.0000,-0.1342,1.3360
7034,CHAOTIC RULE,GROW,0,1.4000,1.0000,1.0000,0.5000,1.0000,1.0000,1.0000,0.2132,1.3392
7035,CHAOTIC LEADER,BUILD CLEAN SHARP RIVER,0,1.3206,1.0000,1.0000,0.1030,1.0000,1.0000,1.0000,-0.0675,1.3382
7036,CHAOTIC BOOK,BURN,0,1.3287,1.0000,1.0000,0.1435,1.0000,1.0000,1.0000,-0.0330,1.3378
7037,CHAOTIC RIVER,BURN,0,1.3486,1.0000,1.0000,0.2428,1.0000,1.0000,1.0000,0.0578,1.3383
7038,CHAOTIC ERROR,GROW,0,1.3522,1.0000,1.0000,0.2610,1.0000,1.0000,1.0000,0.0533,1.3390
7039,CHAOTIC INSECT,HEAR CLOCK,0,1.3810,1.0000,1.0000,0.4048,1.0000,1.0000,1.0000,0.1565,1.3411
7040,MARKET,FALL,0,1.2676,1.0000,0.6667,0.3378,1.0000,1.0000,0.0000,-0.3300,1.3374
7041,CHAOTIC BIRD,BURN,0,1.3545,1.0000,1.0000,0.2724,1.0000,1.0000,1.0000,0.0481,1.3383
7042,CHAOTIC PLAN,GROW,0,1.3811,1.0000,1.0000,0.4055,1.0000,1.0000,1.0000,0.1041,1.3404
7043,CHAOTIC POISON,FALL,0,1.3051,1.0000,1.0000,0.0257,1.0000,1.0000,1.0000,-0.0821,1.3386
7044,CHAOTIC TRUTH,GROW,0,1.4169,1.0000,1.0000,0.5845,1.0000,1.0000,1.0000,0.2161,1.3426
7045,CHAOTIC PLAN,SPREAD,0,1.3513,1.0000,1.0000,0.2567,1.0000,1.0000,1.0000,0.0212,1.3430
7046,CHAOTIC ENGINE,SEE CONNECTED STRONG DRONE,0,1.2977,1.0000,0.8889,0.1550,0.6667,1.0000,1.0000,-0.1985,1.3407
7047,CHAOTIC LEADER,BUILD SAD GUARD,0,1.1845,1.0000,0.5556,0.0889,0.0000,1.0000,0.6667,-0.5808,1.3329
7048,CHAOTIC RULE,GROW,0,1.4000,1.0000,1.0000,0.5000,1.0000,1.0000,1.0000,0.2140,1.3363
7049,CHAOTIC TRUTH,SPREAD,0,1.3565,1.0000,1.0000,0.2824,1.0000,1.0000,1.0000,0.0535,1.3373
7050,CHAOTIC BOOK,FALL,0,1.3198,1.0000,1.0000,0.0991,1.0000,1.0000,1.0000,-0.0610,1.3364
7051,CHAOTIC BOOK,GROW,0,1.3500,1.0000,1.0000,0.2500,1.0000,1.0000,1.0000,0.0474,1.3371
7052,CHAOTIC LIE,GROW,0,1.4378,1.0000,1.0000,0.6890,1.0000,1.0000,1.0000,0.5156,1.3421
7053,CHAOTIC WOLF,MOVE CAT,0,1.2116,1.0000,0.6667,0.0581,0.0000,1.0000,1.0000,-0.5952,1.3356
7054,CHAOTIC WOOD,BURN,0,1.3382,1.0000,1.0000,0.1908,1.0000,1.0000,1.0000,0.0094,1.3357
7055,CHAOTIC BIRD,BURN,0,1.3545,1.0000,1.0000,0.2724,1.0000,1.0000,1.0000,0.0535,1.3367
7056,CHAOTIC PLAN,GROW,0,1.3811,1.0000,1.0000,0.4055,1.0000,1.0000,1.0000,0.1071,1.3389
7057,CHAOTIC ERROR,FAIL,0,1.3106,1.0000,1.0000,0.0528,1.0000,1.0000,1.0000,-0.1075,1.3375
7058,CHAOTIC BIRD,BURN,0,1.3545,1.0000,1.0000,0.2724,1.0000,1.0000,1.0000,0.0485,1.3383
7059,CHAOTIC TOOL,FALL,0,1.3198,1.0000,1.0000,0.0991,1.0000,1.0000,1.0000,-0.0839,1.3374
7060,CHAOTIC TRUTH,GROW,0,1.4169,1.0000,1.0000,0.5845,1.0000,1.0000,1.0000,0.1974,1.3414
7061,CHAOTIC TRUTH,GROW,0,1.4169,1.0000,1.0000,0.5845,1.0000,1.0000,1.0000,0.1862,1.3451
7062,CHAOTIC BIRD,FORGET VAST ENCRYPTED BORDER SEE ISOLATED CLEAN DOG FOLLOW DORMANT WOLF,0,1.2846,1.0000,0.7593,0.2839,0.5000,1.0000,0.7778,-0.1689,1.3421
7063,CHAOTIC WOOD,BURN,0,1.3382,1.0000,1.0000,0.1908,1.0000,1.0000,1.0000,-0.0145,1.3419
7064,CHAOTIC INSECT,GROW,0,1.3733,1.0000,1.0000,0.3664,1.0000,1.0000,1.0000,0.1154,1.3435
7065,CHAOTIC RULE,GROW,0,1.4000,1.0000,1.0000,0.5000,1.0000,1.0000,1.0000,0.1735,1.3463
7066,CHAOTIC WOLF,FORGET STRONG SEED,0,1.3303,1.0000,1.0000,0.1517,1.0000,1.0000,1.0000,-0.0804,1.3455
7067,CHAOTIC LEADER,FALL,0,1.3475,1.0000,1.0000,0.2374,1.0000,1.0000,1.0000,0.0081,1.3456
7068,CHAOTIC IDENTITY,SPREAD,0,1.3549,1.0000,1.0000,0.2747,1.0000,1.0000,1.0000,0.0403,1.3461
7069,CHAOTIC PLAN,GROW,0,1.3811,1.0000,1.0000,0.4055,1.0000,1.0000,1.0000,0.0824,1.3478
7070,CHAOTIC ERROR,FAIL,0,1.3106,1.0000,1.0000,0.0528,1.0000,1.0000,1.0000,-0.1386,1.3460
7071,CHAOTIC PLAN,GROW,0,1.3811,1.0000,1.0000,0.4055,1.0000,1.0000,1.0000,0.0828,1.3477
7072,CHAOTIC RULE,SPREAD,0,1.3312,1.0000,1.0000,0.1559,1.0000,1.0000,1.0000,-0.0488,1.3469
7073,CHAOTIC RIVER,BURN,0,1.3486,1.0000,1.0000,0.2428,1.0000,1.0000,1.0000,0.0091,1.3470
7074,CHAOTIC TRUTH,GROW,0,1.4169,1.0000,1.0000,0.5845,1.0000,1.0000,1.0000,0.1542,1.3505
7075,CHAOTIC RULE,SPREAD,0,1.3312,1.0000,1.0000,0.1559,1.0000,1.0000,1.0000,-0.0562,1.3495
7076,CHAOTIC WOOD,FALL,0,1.3216,1.0000,1.0000,0.1078,1.0000,1.0000,1.0000,-0.1071,1.3481
7077,CHAOTIC TIME,SPREAD,0,1.4000,1.0000,1.0000,0.5000,1.0000,1.0000,1.0000,0.1554,1.3507
7078,CHAOTIC PLAN,SPREAD,0,1.3513,1.0000,1.0000,0.2567,1.0000,1.0000,1.0000,0.0014,1.3507
7079,CHAOTIC ROBOT,UPDATE SECRET RULE FALL,0,1.2991,1.0000,0.8889,0.1620,1.0000,1.0000,0.6667,-0.3215,1.3482
7080,CHAOTIC MEMORY,GROW,0,1.4000,1.0000,1.0000,0.5000,1.0000,1.0000,1.0000,0.2944,1.3507
7081,CHAOTIC TIME,SPREAD,0,1.4000,1.0000,1.0000,0.5000,1.0000,1.0000,1.0000,0.1422,1.3532
7082,CHAOTIC BIRD,FALL,0,1.3374,1.0000,1.0000,0.1872,1.0000,1.0000,1.0000,-0.0468,1.3524
7083,CHAOTIC BOOK,FALL,0,1.3198,1.0000,1.0000,0.0991,1.0000,1.0000,1.0000,-0.1154,1.3508
7084,CHAOTIC BORDER,GROW,0,1.3746,1.0000,1.0000,0.3732,1.0000,1.0000,1.0000,0.1051,1.3520
7085,CHAOTIC SEED,BURN,0,1.3374,1.0000,1.0000,0.1869,1.0000,1.0000,1.0000,-0.0651,1.3513
7086,CHAOTIC TRUTH,GROW,0,1.4169,1.0000,1.0000,0.5845,1.0000,1.0000,1.0000,0.1358,1.3545
7087,CHAOTIC INSECT,HEAR VAST SYSTEM,0,1.4120,1.0000,1.0000,0.5602,1.0000,1.0000,1.0000,0.2111,1.3574
7088,CHAOTIC IDENTITY,SPREAD,0,1.3549,1.0000,1.0000,0.2747,1.0000,1.0000,1.0000,-0.0108,1.3573
7089,CHAOTIC PLAN,SPREAD,0,1.3513,1.0000,1.0000,0.2567,1.0000,1.0000,1.0000,-0.0134,1.3570
7090,CHAOTIC TRUTH,GROW,0,1.4169,1.0000,1.0000,0.5845,1.0000,1.0000,1.0000,0.1187,1.3600
7091,CHAOTIC TRUTH,GROW,0,1.4169,1.0000,1.0000,0.5845,1.0000,1.0000,1.0000,0.1140,1.3628
7092,CHAOTIC INSECT,HEAR ISOLATED CROWD,0,1.2830,1.0000,0.7778,0.2482,0.6667,1.0000,0.6667,-0.2876,1.3588
7093,CHAOTIC PLAN,SPREAD,0,1.3513,1.0000,1.0000,0.2567,1.0000,1.0000,1.0000,-0.0167,1.3585
7094,CHAOTIC POISON,BURN,0,1.3156,1.0000,1.0000,0.0782,1.0000,1.0000,1.0000,-0.1123,1.3563
7095,CHAOTIC ELDER,FORGET RULE,0,1.3659,1.0000,1.0000,0.3296,1.0000,1.0000,1.0000,0.0525,1.3568
7096,CHAOTIC POISON,SPREAD,0,1.4000,1.0000,1.0000,0.5000,1.0000,1.0000,1.0000,0.1153,1.3590
7097,CHAOTIC TRUTH,GROW,0,1.4169,1.0000,1.0000,0.5845,1.0000,1.0000,1.0000,0.1071,1.3619
7098,CHAOTIC KEY,FAIL,0,1.4302,1.0000,1.0000,0.6508,1.0000,1.0000,1.0000,0.3303,1.3653
7099,CHAOTIC TOOL,FALL,0,1.3198,1.0000,1.0000,0.0991,1.0000,1.0000,1.0000,-0.2201,1.3630
7100,CHAOTIC POISON,BURN,0,1.3156,1.0000,1.0000,0.0782,1.0000,1.0000,1.0000,-0.1275,1.3606
7101,CHAOTIC BOOK,BURN,0,1.3287,1.0000,1.0000,0.1435,1.0000,1.0000,1.0000,-0.1172,1.3590
7102,CHAOTIC PLAN,GROW,0,1.3811,1.0000,1.0000,0.4055,1.0000,1.0000,1.0000,0.0522,1.3601
7103,CHAOTIC TOOL,FALL,0,1.3198,1.0000,1.0000,0.0991,1.0000,1.0000,1.0000,-0.1975,1.3581
7104,CHAOTIC PLAN,UPDATE CAR,0,1.3611,1.0000,1.0000,0.3057,1.0000,1.0000,1.0000,0.0071,1.3583
7105,CHAOTIC TIME,GROW,0,1.4378,1.0000,1.0000,0.6890,1.0000,1.0000,1.0000,0.2205,1.3623
7106,CHAOTIC CHANCE,SPREAD,0,1.4688,1.0000,1.0000,0.8441,1.0000,1.0000,1.0000,0.5905,1.3676
7107,MARKET,BURN,0,1.2567,1.0000,0.6667,0.2836,1.0000,1.0000,0.0000,-0.5293,1.3620
7108,CHAOTIC POISON,FALL,0,1.3051,1.0000,1.0000,0.0257,1.0000,1.0000,1.0000,-0.1613,1.3592
7109,CHAOTIC DOG,WANT AUTOMATED CLEAN WEAPON,0,1.3391,1.0000,0.9167,0.3206,1.0000,1.0000,0.7500,-0.0890,1.3582
7110,CHAOTIC PLAN,GROW,0,1.3811,1.0000,1.0000,0.4055,1.0000,1.0000,1.0000,0.0543,1.3593
7111,CHAOTIC BORDER,SPREAD,0,1.3275,1.0000,1.0000,0.1373,1.0000,1.0000,1.0000,-0.1352,1.3577
7112,CHAOTIC WOOD,BURN,0,1.3382,1.0000,1.0000,0.1908,1.0000,1.0000,1.0000,-0.0790,1.3568
7113,CHAOTIC TRUTH,GROW,0,1.4169,1.0000,1.0000,0.5845,1.0000,1.0000,1.0000,0.0988,1.3598
7114,CHAOTIC WOOD,FALL,0,1.3216,1.0000,1.0000,0.1078,1.0000,1.0000,1.0000,-0.1540,1.3579
7115,CHAOTIC RULE,GROW,0,1.4000,1.0000,1.0000,0.5000,1.0000,1.0000,1.0000,0.1304,1.3600
7116,CHAOTIC PATTERN,GROW,0,1.4000,1.0000,1.0000,0.5000,1.0000,1.0000,1.0000,0.1583,1.3620
7117,CHAOTIC SEED,BURN,0,1.3374,1.0000,1.0000,0.1869,1.0000,1.0000,1.0000,-0.1159,1.3607
7118,CHAOTIC INSECT,HEAR STRONG CHILD SPREAD,0,1.3319,1.0000,0.8889,0.3259,0.6667,1.0000,1.0000,-0.1133,1.3593
7119,CHAOTIC MAP,GROW,0,1.3239,1.0000,1.0000,0.1197,1.0000,1.0000,1.0000,-0.1493,1.3575
7120,CHAOTIC WEAPON,GROW,0,1.3629,1.0000,1.0000,0.3147,1.0000,1.0000,1.0000,0.0353,1.3578
7121,CHAOTIC BOOK,FALL,0,1.3198,1.0000,1.0000,0.0991,1.0000,1.0000,1.0000,-0.1438,1.3559
7122,CHAOTIC TRUTH,GROW,0,1.4169,1.0000,1.0000,0.5845,1.0000,1.0000,1.0000,0.0902,1.3589
7123,CHAOTIC POISON,BURN,0,1.3156,1.0000,1.0000,0.0782,1.0000,1.0000,1.0000,-0.1342,1.3568
7124,CHAOTIC INSECT,HEAR TRUSTED ANGRY DOG,0,1.2261,1.0000,0.6000,0.2306,0.0000,1.0000,0.8000,-0.5159,1.3502
7125,CHAOTIC ERROR,GROW,0,1.3522,1.0000,1.0000,0.2610,1.0000,1.0000,1.0000,0.0080,1.3503
7126,CHAOTIC STRANGER,RUN,0,1.3172,1.0000,1.0000,0.0860,1.0000,1.0000,1.0000,-0.1360,1.3487
7127,CHAOTIC RULE,SPREAD,0,1.3312,1.0000,1.0000,0.1559,1.0000,1.0000,1.0000,-0.0532,1.3478
7128,CHAOTIC BIRD,HEAR OPTIMAL GUARD,0,1.2991,1.0000,0.7778,0.3289,0.6667,1.0000,0.6667,-0.1612,1.3454
7129,CHAOTIC TRUTH,SPREAD,0,1.3565,1.0000,1.0000,0.2824,1.0000,1.0000,1.0000,0.0149,1.3459
7130,CHAOTIC TRUTH,GROW,0,1.4169,1.0000,1.0000,0.5845,1.0000,1.0000,1.0000,0.0954,1.3495
7131,MARKET,BURN,0,1.2567,1.0000,0.6667,0.2836,1.0000,1.0000,0.0000,-0.4785,1.3448
7132,CHAOTIC TIME,FAIL,0,1.4707,1.0000,1.0000,0.8536,1.0000,1.0000,1.0000,0.3497,1.3511
7133,CHAOTIC PLAN,GROW,0,1.3811,1.0000,1.0000,0.4055,1.0000,1.0000,1.0000,0.0714,1.3526
7134,CHAOTIC TRUTH,SPREAD,0,1.3565,1.0000,1.0000,0.2824,1.0000,1.0000,1.0000,0.0050,1.3528
7135,CHAOTIC SENSOR,SEE DEAD LEADER FALL,0,1.3096,1.0000,1.0000,0.0479,1.0000,1.0000,1.0000,-0.1757,1.3507
7136,WATER,BURN,1,0.2030,0.0000,0.6667,0.0149,1.0000,1.0000,0.0000,-9.4386,1.2933
7137,CHAOTIC TIME,SPREAD,0,1.4000,1.0000,1.0000,0.5000,1.0000,1.0000,1.0000,0.2788,1.2986
7138,CHAOTIC PLAN,SPREAD,0,1.3513,1.0000,1.0000,0.2567,1.0000,1.0000,1.0000,0.1279,1.3013
7139,CHAOTIC CAR,HEAR MEMORY,0,1.3835,1.0000,1.0000,0.4174,1.0000,1.0000,1.0000,0.3082,1.3054
7140,CHAOTIC LEADER,BUILD DORMANT SENSOR BREAK ENCRYPTED DIRTY GUARD,0,1.2472,1.0000,0.7222,0.1525,0.5000,1.0000,0.6667,-0.2566,1.3025
7141,CHAOTIC TRUTH,GROW,0,1.4169,1.0000,1.0000,0.5845,1.0000,1.0000,1.0000,0.1484,1.3082
7142,CHAOTIC FIRE,MOVE ACTIVE FIRE FALL,0,1.2373,1.0000,0.6667,0.1865,0.0000,1.0000,1.0000,-0.3792,1.3046
7143,CHAOTIC PATTERN,GROW,0,1.4000,1.0000,1.0000,0.5000,1.0000,1.0000,1.0000,0.3670,1.3094
7144,CHAOTIC TRUTH,SPREAD,0,1.3565,1.0000,1.0000,0.2824,1.0000,1.0000,1.0000,0.0606,1.3118
7145,CHAOTIC TRUTH,SPREAD,0,1.3565,1.0000,1.0000,0.2824,1.0000,1.0000,1.0000,0.0538,1.3140
7146,CHAOTIC CAT,BURN,0,1.3415,1.0000,1.0000,0.2073,1.0000,1.0000,1.0000,0.1334,1.3154
7147,CHAOTIC TIME,FAIL,0,1.4707,1.0000,1.0000,0.8536,1.0000,1.0000,1.0000,0.3778,1.3231
7148,CHAOTIC PLAN,GROW,0,1.3811,1.0000,1.0000,0.4055,1.0000,1.0000,1.0000,0.1406,1.3260
7149,CHAOTIC PATTERN,SPREAD,0,1.4688,1.0000,1.0000,0.8441,1.0000,1.0000,1.0000,0.5369,1.3332
7150,CHAOTIC TRUTH,SPREAD,0,1.3565,1.0000,1.0000,0.2824,1.0000,1.0000,1.0000,0.0282,1.3343
7151,CHAOTIC HORSE,MOVE ENCRYPTED MAP FALL,0,1.3158,1.0000,0.8889,0.2458,1.0000,1.0000,0.6667,-0.0908,1.3334
7152,CHAOTIC TRUTH,GROW,0,1.4169,1.0000,1.0000,0.5845,1.0000,1.0000,1.0000,0.1092,1.3376
7153,CHAOTIC PLAN,GROW,0,1.3811,1.0000,1.0000,0.4055,1.0000,1.0000,1.0000,0.1025,1.3398
7154,CHAOTIC WEAPON,FALL,0,1.3168,1.0000,1.0000,0.0840,1.0000,1.0000,1.0000,-0.1474,1.3386
7155,CHAOTIC TRUTH,GROW,0,1.4169,1.0000,1.0000,0.5845,1.0000,1.0000,1.0000,0.0928,1.3425
7156,CHAOTIC ROAD,BURN,0,1.3515,1.0000,1.0000,0.2575,1.0000,1.0000,1.0000,0.0561,1.3430
7157,CHAOTIC IDENTITY,GROW,0,1.4000,1.0000,1.0000,0.5000,1.0000,1.0000,1.0000,0.2623,1.3458
7158,CHAOTIC WOLF,MOVE FREE SEED,0,1.3147,1.0000,1.0000,0.0736,1.0000,1.0000,1.0000,-0.1658,1.3443
7159,CHAOTIC SENSOR,MOVE SLOW CLOCK,0,1.2442,1.0000,0.7778,0.0546,0.6667,1.0000,0.6667,-0.4428,1.3393
7160,CHAOTIC ENGINE,FALL,0,1.3057,1.0000,1.0000,0.0286,1.0000,1.0000,1.0000,-0.1590,1.3376
7161,CHAOTIC PRISON,BURN,0,1.3300,1.0000,1.0000,0.1499,1.0000,1.0000,1.0000,-0.0441,1.3372
7162,CHAOTIC STRANGER,MOVE SMALL HORSE,0,1.2922,1.0000,0.8889,0.1277,0.6667,1.0000,1.0000,-0.2013,1.3350
7163,CHAOTIC TRUTH,SPREAD,0,1.3565,1.0000,1.0000,0.2824,1.0000,1.0000,1.0000,0.0255,1.3360
7164,CHAOTIC LIE,GROW,0,1.4378,1.0000,1.0000,0.6890,1.0000,1.0000,1.0000,0.5015,1.3411
7165,CHAOTIC MOUNTAIN,FALL,0,1.3143,1.0000,1.0000,0.0713,1.0000,1.0000,1.0000,-0.1423,1.3398
7166,CHAOTIC TRUTH,SPREAD,0,1.3565,1.0000,1.0000,0.2824,1.0000,1.0000,1.0000,0.0183,1.3406
7167,CHAOTIC TRUTH,GROW,0,1.4169,1.0000,1.0000,0.5845,1.0000,1.0000,1.0000,0.0846,1.3444
7168,CHAOTIC TRUTH,SPREAD,0,1.3565,1.0000,1.0000,0.2824,1.0000,1.0000,1.0000,0.0127,1.3450
7169,CHAOTIC TRUTH,SPREAD,0,1.3565,1.0000,1.0000,0.2824,1.0000,1.0000,1.0000,0.0123,1.3456
7170,CHAOTIC TRUTH,SPREAD,0,1.3565,1.0000,1.0000,0.2824,1.0000,1.0000,1.0000,0.0120,1.3461
7171,CHAOTIC TIME,GROW,0,1.4378,1.0000,1.0000,0.6890,1.0000,1.0000,1.0000,0.2136,1.3507
7172,CHAOTIC TIME,SPREAD,0,1.4000,1.0000,1.0000,0.5000,1.0000,1.0000,1.0000,0.1187,1.3532
7173,CHAOTIC TRUTH,GROW,0,1.4169,1.0000,1.0000,0.5845,1.0000,1.0000,1.0000,0.0654,1.3564
7174,CHAOTIC TIME,FAIL,0,1.4707,1.0000,1.0000,0.8536,1.0000,1.0000,1.0000,0.2649,1.3621
7175,CHAOTIC TRUTH,SPREAD,0,1.3565,1.0000,1.0000,0.2824,1.0000,1.0000,1.0000,-0.0057,1.3618
7176,CHAOTIC IDENTITY,SPREAD,0,1.3549,1.0000,1.0000,0.2747,1.0000,1.0000,1.0000,-0.0308,1.3615
7177,CHAOTIC BRIDGE,FAIL,0,1.4485,1.0000,1.0000,0.7425,1.0000,1.0000,1.0000,0.5336,1.3658
7178,CHAOTIC TRUTH,SPREAD,0,1.3565,1.0000,1.0000,0.2824,1.0000,1.0000,1.0000,-0.0094,1.3654
7179,CHAOTIC TRUTH,GROW,0,1.4169,1.0000,1.0000,0.5845,1.0000,1.0000,1.0000,0.0499,1.3679
7180,CHAOTIC TRUTH,GROW,0,1.4169,1.0000,1.0000,0.5845,1.0000,1.0000,1.0000,0.0499,1.3704
7181,CHAOTIC PLAN,GROW,0,1.3811,1.0000,1.0000,0.4055,1.0000,1.0000,1.0000,0.0267,1.3709
7182,CHAOTIC TRUTH,GROW,0,1.4169,1.0000,1.0000,0.5845,1.0000,1.0000,1.0000,0.0451,1.3732
7183,CHAOTIC BIRD,EAT OBEDIENT SLOW SOLDIER,0,1.2861,1.0000,0.8222,0.1973,0.6667,1.0000,0.8000,-0.3271,1.3689
7184,CHAOTIC TRUTH,SPREAD,0,1.3565,1.0000,1.0000,0.2824,1.0000,1.0000,1.0000,-0.0128,1.3682
7185,CHAOTIC TRUTH,GROW,0,1.4169,1.0000,1.0000,0.5845,1.0000,1.0000,1.0000,0.0494,1.3707
7186,CHAOTIC WOOD,BURN,0,1.3382,1.0000,1.0000,0.1908,1.0000,1.0000,1.0000,-0.1530,1.3690
7187,CHAOTIC TIME,SPREAD,0,1.4000,1.0000,1.0000,0.5000,1.0000,1.0000,1.0000,0.0610,1.3706
7188,CHAOTIC TIME,SPREAD,0,1.4000,1.0000,1.0000,0.5000,1.0000,1.0000,1.0000,0.0588,1.3721
7189,CHAOTIC TRUTH,GROW,0,1.4169,1.0000,1.0000,0.5845,1.0000,1.0000,1.0000,0.0431,1.3743
7190,CHAOTIC POISON,BURN,0,1.3156,1.0000,1.0000,0.0782,1.0000,1.0000,1.0000,-0.2213,1.3714
7191,CHAOTIC KEY,FALL,0,1.3095,1.0000,1.0000,0.0477,1.0000,1.0000,1.0000,-0.3002,1.3683
7192,CHAOTIC TRUTH,SPREAD,0,1.3565,1.0000,1.0000,0.2824,1.0000,1.0000,1.0000,-0.0117,1.3677
7193,CHAOTIC TRUTH,SPREAD,0,1.3565,1.0000,1.0000,0.2824,1.0000,1.0000,1.0000,-0.0103,1.3671
7194,CHAOTIC PLAN,SPREAD,0,1.3513,1.0000,1.0000,0.2567,1.0000,1.0000,1.0000,-0.0414,1.3663
7195,CHAOTIC NETWORK,HEAR OPTIMAL TRUTH,1,0.2707,0.0000,0.8889,0.0203,1.0000,1.0000,0.6667,-5.9919,1.3116
7196,CHAOTIC LIE,SPREAD,0,1.4000,1.0000,1.0000,0.5000,1.0000,1.0000,1.0000,0.4065,1.3160
7197,CHAOTIC ERROR,GROW,0,1.3522,1.0000,1.0000,0.2610,1.0000,1.0000,1.0000,0.1650,1.3178
7198,CHAOTIC BIRD,MOVE KEY,0,1.3503,1.0000,1.0000,0.2513,1.0000,1.0000,1.0000,0.1333,1.3194
7199,CHAOTIC POISON,SPREAD,0,1.4000,1.0000,1.0000,0.5000,1.0000,1.0000,1.0000,0.3211,1.3234
7200,CHAOTIC TRUTH,SPREAD,0,1.3565,1.0000,1.0000,0.2824,1.0000,1.0000,1.0000,0.0288,1.3251
7201,CHAOTIC TRUTH,GROW,0,1.4169,1.0000,1.0000,0.5845,1.0000,1.0000,1.0000,0.0820,1.3297
7202,CHAOTIC LIE,GROW,0,1.4378,1.0000,1.0000,0.6890,1.0000,1.0000,1.0000,0.4829,1.3351
7203,CHAOTIC TRUTH,GROW,0,1.4169,1.0000,1.0000,0.5845,1.0000,1.0000,1.0000,0.0728,1.3392
7204,CHAOTIC TIME,SPREAD,0,1.4000,1.0000,1.0000,0.5000,1.0000,1.0000,1.0000,0.1201,1.3422
7205,CHAOTIC MAN,KNOW DORMANT POWER,0,1.3558,1.0000,1.0000,0.2789,1.0000,1.0000,1.0000,0.0632,1.3429
7206,CHAOTIC TRUTH,GROW,0,1.4169,1.0000,1.0000,0.5845,1.0000,1.0000,1.0000,0.0642,1.3466
7207,CHAOTIC BIRD,FALL,0,1.3374,1.0000,1.0000,0.1872,1.0000,1.0000,1.0000,-0.0377,1.3461
7208,CHAOTIC CAT,BURN,0,1.3415,1.0000,1.0000,0.2073,1.0000,1.0000,1.0000,-0.0242,1.3459
7209,CHAOTIC LIE,SPREAD,0,1.4000,1.0000,1.0000,0.5000,1.0000,1.0000,1.0000,0.2344,1.3486
7210,CHAOTIC TRUTH,SPREAD,0,1.3565,1.0000,1.0000,0.2824,1.0000,1.0000,1.0000,0.0065,1.3490
7211,CHAOTIC CAR,MOVE INSECT HEAR SIMPLE FAMOUS POISON SEE HAPPY DENSE CAR,0,1.2607,1.0000,0.7937,0.1130,0.6667,1.0000,0.7143,-0.3429,1.3446
7212,CHAOTIC BIRD,ATTACK OUTCAST SHARP LEADER,0,1.2867,1.0000,0.8222,0.2001,0.6667,1.0000,0.8000,-0.2407,1.3417
7213,CHAOTIC BORDER,GROW,0,1.3746,1.0000,1.0000,0.3732,1.0000,1.0000,1.0000,0.1602,1.3433
7214,CHAOTIC TRUTH,GROW,0,1.4169,1.0000,1.0000,0.5845,1.0000,1.0000,1.0000,0.0625,1.3470
7215,CHAOTIC TRUTH,SPREAD,0,1.3565,1.0000,1.0000,0.2824,1.0000,1.0000,1.0000,0.0076,1.3475
7216,CHAOTIC PLAN,SPREAD,0,1.3513,1.0000,1.0000,0.2567,1.0000,1.0000,1.0000,0.0111,1.3477
7217,CHAOTIC IDENTITY,SPREAD,0,1.3549,1.0000,1.0000,0.2747,1.0000,1.0000,1.0000,0.0337,1.3480
7218,CHAOTIC TRUTH,GROW,0,1.4169,1.0000,1.0000,0.5845,1.0000,1.0000,1.0000,0.0547,1.3515
7219,CHAOTIC TRUTH,GROW,0,1.4169,1.0000,1.0000,0.5845,1.0000,1.0000,1.0000,0.0510,1.3548
7220,CHAOTIC TRUTH,GROW,0,1.4169,1.0000,1.0000,0.5845,1.0000,1.0000,1.0000,0.0479,1.3579
7221,CHAOTIC TRUTH,GROW,0,1.4169,1.0000,1.0000,0.5845,1.0000,1.0000,1.0000,0.0423,1.3608
7222,CHAOTIC TRUTH,SPREAD,0,1.3565,1.0000,1.0000,0.2824,1.0000,1.0000,1.0000,-0.0033,1.3606
7223,CHAOTIC PLAN,GROW,0,1.3811,1.0000,1.0000,0.4055,1.0000,1.0000,1.0000,0.0624,1.3616
7224,CHAOTIC SYSTEM,GROW,1,0.3522,0.0000,1.0000,0.2610,1.0000,1.0000,1.0000,-6.6800,1.3112
7225,CHAOTIC TIME,GROW,0,1.4378,1.0000,1.0000,0.6890,1.0000,1.0000,1.0000,0.2849,1.3175
7226,CHAOTIC TIME,SPREAD,0,1.4000,1.0000,1.0000,0.5000,1.0000,1.0000,1.0000,0.1782,1.3216
7227,CHAOTIC TRUTH,GROW,0,1.4169,1.0000,1.0000,0.5845,1.0000,1.0000,1.0000,0.0647,1.3264
7228,CHAOTIC CHILD,SEE CALM SHARP CAT,0,1.3076,1.0000,0.8889,0.2047,0.6667,1.0000,1.0000,-0.1124,1.3254
7229,CHAOTIC PLAN,GROW,0,1.3811,1.0000,1.0000,0.4055,1.0000,1.0000,1.0000,0.1721,1.3282
7230,CHAOTIC TRUTH,SPREAD,0,1.3565,1.0000,1.0000,0.2824,1.0000,1.0000,1.0000,0.0182,1.3296
7231,CHAOTIC TRUTH,GROW,0,1.4169,1.0000,1.0000,0.5845,1.0000,1.0000,1.0000,0.0548,1.3340
7232,CHAOTIC TRUTH,GROW,0,1.4169,1.0000,1.0000,0.5845,1.0000,1.0000,1.0000,0.0544,1.3381
7233,CHAOTIC TRUTH,SPREAD,0,1.3565,1.0000,1.0000,0.2824,1.0000,1.0000,1.0000,0.0115,1.3391
7234,CHAOTIC TRUTH,SPREAD,0,1.3565,1.0000,1.0000,0.2824,1.0000,1.0000,1.0000,0.0109,1.3399
7235,CHAOTIC WOOD,FALL,0,1.3216,1.0000,1.0000,0.1078,1.0000,1.0000,1.0000,-0.0973,1.3390
7236,CHAOTIC TRUTH,SPREAD,0,1.3565,1.0000,1.0000,0.2824,1.0000,1.0000,1.0000,0.0108,1.3399
7237,CHAOTIC DEBT,GROW,0,1.4000,1.0000,1.0000,0.5000,1.0000,1.0000,1.0000,0.3117,1.3429
7238,CHAOTIC TRUTH,GROW,0,1.4169,1.0000,1.0000,0.5845,1.0000,1.0000,1.0000,0.0443,1.3466
7239,CHAOTIC TRUTH,GROW,0,1.4169,1.0000,1.0000,0.5845,1.0000,1.0000,1.0000,0.0422,1.3501
7240,CHAOTIC LIE,SPREAD,0,1.4000,1.0000,1.0000,0.5000,1.0000,1.0000,1.0000,0.2109,1.3526
7241,CHAOTIC TRUTH,GROW,0,1.4169,1.0000,1.0000,0.5845,1.0000,1.0000,1.0000,0.0396,1.3558
7242,CHAOTIC TIME,GROW,0,1.4378,1.0000,1.0000,0.6890,1.0000,1.0000,1.0000,0.1744,1.3599
7243,CHAOTIC CAR,SEE WEAPON,0,1.2876,1.0000,0.8889,0.1045,0.6667,1.0000,1.0000,-0.3310,1.3563
7244,CHAOTIC MOUNTAIN,BURN,0,1.3293,1.0000,1.0000,0.1464,1.0000,1.0000,1.0000,-0.1609,1.3549
7245,CHAOTIC TRUTH,GROW,0,1.4169,1.0000,1.0000,0.5845,1.0000,1.0000,1.0000,0.0354,1.3580
7246,CHAOTIC TIME,SPREAD,0,1.4000,1.0000,1.0000,0.5000,1.0000,1.0000,1.0000,0.0921,1.3601
7247,CHAOTIC POISON,BURN,0,1.3156,1.0000,1.0000,0.0782,1.0000,1.0000,1.0000,-0.1833,1.3579
7248,CHAOTIC TRUTH,GROW,0,1.4169,1.0000,1.0000,0.5845,1.0000,1.0000,1.0000,0.0318,1.3609
7249,CHAOTIC TIME,GROW,0,1.4378,1.0000,1.0000,0.6890,1.0000,1.0000,1.0000,0.1595,1.3647
7250,CHAOTIC TRUTH,GROW,0,1.4169,1.0000,1.0000,0.5845,1.0000,1.0000,1.0000,0.0280,1.3673
7251,CHAOTIC TRUTH,GROW,0,1.4169,1.0000,1.0000,0.5845,1.0000,1.0000,1.0000,0.0269,1.3698
7252,CHAOTIC TRUTH,GROW,0,1.4169,1.0000,1.0000,0.5845,1.0000,1.0000,1.0000,0.0253,1.3722
7253,CHAOTIC TIME,GROW,0,1.4378,1.0000,1.0000,0.6890,1.0000,1.0000,1.0000,0.1400,1.3754
7254,CHAOTIC TRUTH,GROW,0,1.4169,1.0000,1.0000,0.5845,1.0000,1.0000,1.0000,0.0226,1.3775
7255,CHAOTIC TRUTH,GROW,0,1.4169,1.0000,1.0000,0.5845,1.0000,1.0000,1.0000,0.0215,1.3795
7256,CHAOTIC TRUTH,SPREAD,0,1.3565,1.0000,1.0000,0.2824,1.0000,1.0000,1.0000,-0.0123,1.3783
7257,CHAOTIC LIE,SPREAD,0,1.4000,1.0000,1.0000,0.5000,1.0000,1.0000,1.0000,0.0915,1.3794
7258,CHAOTIC RULE,SPREAD,0,1.3312,1.0000,1.0000,0.1559,1.0000,1.0000,1.0000,-0.2120,1.3770
7259,CHAOTIC TRUTH,SPREAD,0,1.3565,1.0000,1.0000,0.2824,1.0000,1.0000,1.0000,-0.0106,1.3760
7260,CHAOTIC TIME,SPREAD,0,1.4000,1.0000,1.0000,0.5000,1.0000,1.0000,1.0000,0.0478,1.3772
7261,CHAOTIC TRUTH,GROW,0,1.4169,1.0000,1.0000,0.5845,1.0000,1.0000,1.0000,0.0205,1.3792
7262,CHAOTIC TRUTH,SPREAD,0,1.3565,1.0000,1.0000,0.2824,1.0000,1.0000,1.0000,-0.0118,1.3780
7263,CHAOTIC TIME,GROW,0,1.4378,1.0000,1.0000,0.6890,1.0000,1.0000,1.0000,0.1165,1.3810
7264,CHAOTIC DRONE,FALL,0,1.3225,1.0000,1.0000,0.1127,1.0000,1.0000,1.0000,-0.3343,1.3781
7265,CHAOTIC TRUTH,SPREAD,0,1.3565,1.0000,1.0000,0.2824,1.0000,1.0000,1.0000,-0.0114,1.3770
7266,STONE,FALL,1,0.2000,0.0000,0.6667,0.0000,1.0000,1.0000,0.0000,-11.4355,1.3182
7267,ENGINE,GENERATE LANGUAGE,1,0.2469,0.0000,0.6667,0.2346,1.0000,1.0000,0.0000,-11.3619,1.2646
7268,CHAOTIC TRUTH,GROW,0,1.4169,1.0000,1.0000,0.5845,1.0000,1.0000,1.0000,0.0784,1.2722
7269,CHAOTIC LIE,GROW,0,1.4378,1.0000,1.0000,0.6890,1.0000,1.0000,1.0000,0.6933,1.2805
7270,CHAOTIC STRANGER,FORGET MEMORY,0,1.4047,1.0000,1.0000,0.5233,1.0000,1.0000,1.0000,0.6834,1.2867
7271,CHAOTIC TRUTH,GROW,0,1.4169,1.0000,1.0000,0.5845,1.0000,1.0000,1.0000,0.0712,1.2932
7272,CHAOTIC TIME,FAIL,0,1.4707,1.0000,1.0000,0.8536,1.0000,1.0000,1.0000,0.3302,1.3021
7273,CHAOTIC TRUTH,SPREAD,0,1.3565,1.0000,1.0000,0.2824,1.0000,1.0000,1.0000,0.0337,1.3048
7274,CHAOTIC SIGNAL,GROW,1,0.3622,0.0000,1.0000,0.3110,1.0000,1.0000,1.0000,-5.6560,1.2577
7275,CHAOTIC TIME,SPREAD,0,1.4000,1.0000,1.0000,0.5000,1.0000,1.0000,1.0000,0.2545,1.2648
7276,CHAOTIC TRUTH,GROW,0,1.4169,1.0000,1.0000,0.5845,1.0000,1.0000,1.0000,0.0896,1.2724
7277,CHAOTIC DRONE,SEE FOREST FALL,0,1.3130,1.0000,1.0000,0.0648,1.0000,1.0000,1.0000,0.2475,1.2744
7278,CHAOTIC TRUTH,GROW,0,1.4169,1.0000,1.0000,0.5845,1.0000,1.0000,1.0000,0.0754,1.2815
7279,CHAOTIC TIME,GROW,0,1.4378,1.0000,1.0000,0.6890,1.0000,1.0000,1.0000,0.2830,1.2894
7280,CHAOTIC PLAN,SPREAD,0,1.3513,1.0000,1.0000,0.2567,1.0000,1.0000,1.0000,0.2133,1.2925
7281,CHAOTIC TRUTH,GROW,0,1.4169,1.0000,1.0000,0.5845,1.0000,1.0000,1.0000,0.0708,1.2987
7282,CHAOTIC TRUTH,GROW,0,1.4169,1.0000,1.0000,0.5845,1.0000,1.0000,1.0000,0.0707,1.3046
7283,CHAOTIC MOUNTAIN,FALL,0,1.3143,1.0000,1.0000,0.0713,1.0000,1.0000,1.0000,0.0627,1.3051
7284,CHAOTIC TRUTH,GROW,0,1.4169,1.0000,1.0000,0.5845,1.0000,1.0000,1.0000,0.0647,1.3107
7285,CHAOTIC TRUTH,GROW,0,1.4169,1.0000,1.0000,0.5845,1.0000,1.0000,1.0000,0.0589,1.3160
7286,CHAOTIC PLAN,GROW,0,1.3811,1.0000,1.0000,0.4055,1.0000,1.0000,1.0000,0.2205,1.3192
7287,CHAOTIC TRUTH,GROW,0,1.4169,1.0000,1.0000,0.5845,1.0000,1.0000,1.0000,0.0522,1.3241
7288,CHAOTIC TRUTH,SPREAD,0,1.3565,1.0000,1.0000,0.2824,1.0000,1.0000,1.0000,0.0175,1.3257
7289,CHAOTIC TRUTH,SPREAD,0,1.3565,1.0000,1.0000,0.2824,1.0000,1.0000,1.0000,0.0160,1.3273
7290,CHAOTIC TRUTH,SPREAD,0,1.3565,1.0000,1.0000,0.2824,1.0000,1.0000,1.0000,0.0159,1.3287
7291,CHAOTIC RULE,GROW,0,1.4000,1.0000,1.0000,0.5000,1.0000,1.0000,1.0000,0.3373,1.3323
7292,CHAOTIC TRUTH,GROW,0,1.4169,1.0000,1.0000,0.5845,1.0000,1.0000,1.0000,0.0434,1.3365
7293,CHAOTIC TRUTH,SPREAD,0,1.3565,1.0000,1.0000,0.2824,1.0000,1.0000,1.0000,0.0103,1.3375
7294,CHAOTIC TRUTH,GROW,0,1.4169,1.0000,1.0000,0.5845,1.0000,1.0000,1.0000,0.0379,1.3415
7295,CHAOTIC TRUTH,GROW,0,1.4169,1.0000,1.0000,0.5845,1.0000,1.0000,1.0000,0.0351,1.3453
7296,CHAOTIC TRUTH,GROW,0,1.4169,1.0000,1.0000,0.5845,1.0000,1.0000,1.0000,0.0341,1.3488
7297,CHAOTIC PLAN,SPREAD,0,1.3513,1.0000,1.0000,0.2567,1.0000,1.0000,1.0000,0.0082,1.3490
7298,CHAOTIC TIME,GROW,0,1.4378,1.0000,1.0000,0.6890,1.0000,1.0000,1.0000,0.1719,1.3534
7299,CHAOTIC TIME,GROW,0,1.4378,1.0000,1.0000,0.6890,1.0000,1.0000,1.0000,0.1711,1.3576
7300,CHAOTIC TRUTH,GROW,0,1.4169,1.0000,1.0000,0.5845,1.0000,1.0000,1.0000,0.0258,1.3606
7301,CHAOTIC ALGORITHM,FALL,0,1.4000,1.0000,1.0000,0.5000,1.0000,1.0000,1.0000,0.2451,1.3626
7302,CHAOTIC TRUTH,SPREAD,0,1.3565,1.0000,1.0000,0.2824,1.0000,1.0000,1.0000,-0.0026,1.3623
7303,CHAOTIC TRUTH,SPREAD,0,1.3565,1.0000,1.0000,0.2824,1.0000,1.0000,1.0000,-0.0026,1.3620
7304,CHAOTIC TRUTH,GROW,0,1.4169,1.0000,1.0000,0.5845,1.0000,1.0000,1.0000,0.0240,1.3647
7305,CHAOTIC TRUTH,GROW,0,1.4169,1.0000,1.0000,0.5845,1.0000,1.0000,1.0000,0.0238,1.3673
7306,CHAOTIC TIME,GROW,0,1.4378,1.0000,1.0000,0.6890,1.0000,1.0000,1.0000,0.1391,1.3708
7307,CHAOTIC TRUTH,SPREAD,0,1.3565,1.0000,1.0000,0.2824,1.0000,1.0000,1.0000,-0.0065,1.3701
7308,CHAOTIC TRUTH,SPREAD,0,1.3565,1.0000,1.0000,0.2824,1.0000,1.0000,1.0000,-0.0063,1.3694
7309,CHAOTIC POISON,BURN,0,1.3156,1.0000,1.0000,0.0782,1.0000,1.0000,1.0000,-0.2475,1.3668
7310,CHAOTIC TRUTH,SPREAD,0,1.3565,1.0000,1.0000,0.2824,1.0000,1.0000,1.0000,-0.0047,1.3662
7311,CHAOTIC TRUTH,SPREAD,0,1.3565,1.0000,1.0000,0.2824,1.0000,1.0000,1.0000,-0.0047,1.3658
7312,CHAOTIC TRUTH,SPREAD,0,1.3565,1.0000,1.0000,0.2824,1.0000,1.0000,1.0000,-0.0041,1.3653
7313,CHAOTIC TRUTH,GROW,0,1.4169,1.0000,1.0000,0.5845,1.0000,1.0000,1.0000,0.0234,1.3679
7314,MARKET,GROW,0,1.2480,1.0000,0.6667,0.2399,1.0000,1.0000,0.0000,-0.7124,1.3619
7315,CHAOTIC TIME,GROW,0,1.4378,1.0000,1.0000,0.6890,1.0000,1.0000,1.0000,0.1363,1.3657
7316,BORDER,SPREAD,1,0.2010,0.0000,0.6667,0.0051,1.0000,1.0000,0.0000,-12.5945,1.3074
7317,CHAOTIC TRUTH,SPREAD,0,1.3565,1.0000,1.0000,0.2824,1.0000,1.0000,1.0000,0.0239,1.3099
7318,CHAOTIC TIME,FAIL,0,1.4707,1.0000,1.0000,0.8536,1.0000,1.0000,1.0000,0.2800,1.3179
7319,CHAOTIC TRUTH,SPREAD,0,1.3565,1.0000,1.0000,0.2824,1.0000,1.0000,1.0000,0.0180,1.3199
7320,CHAOTIC DRONE,MOVE BIRD GENERATE ISOLATED BORDER,0,1.2919,1.0000,0.8889,0.1264,1.0000,1.0000,0.6667,-0.1748,1.3185
7321,CHAOTIC TRUTH,SPREAD,0,1.3565,1.0000,1.0000,0.2824,1.0000,1.0000,1.0000,0.0196,1.3204
7322,CHAOTIC TRUTH,GROW,0,1.4169,1.0000,1.0000,0.5845,1.0000,1.0000,1.0000,0.0488,1.3252
7323,CHAOTIC SIGNAL,FAIL,0,1.3293,1.0000,1.0000,0.1464,1.0000,1.0000,1.0000,0.0275,1.3254
7324,CHAOTIC TRUTH,GROW,0,1.4169,1.0000,1.0000,0.5845,1.0000,1.0000,1.0000,0.0487,1.3300
7325,CHAOTIC PLAN,GROW,0,1.3811,1.0000,1.0000,0.4055,1.0000,1.0000,1.0000,0.1684,1.3325
7326,CHAOTIC SENSOR,MOVE DEAD LEADER,0,1.3105,1.0000,1.0000,0.0524,1.0000,1.0000,1.0000,-0.1275,1.3314
7327,CHAOTIC TRUTH,GROW,0,1.4169,1.0000,1.0000,0.5845,1.0000,1.0000,1.0000,0.0433,1.3357
7328,CHAOTIC TRUTH,SPREAD,0,1.3565,1.0000,1.0000,0.2824,1.0000,1.0000,1.0000,0.0108,1.3367
7329,CHAOTIC TRUTH,GROW,0,1.4169,1.0000,1.0000,0.5845,1.0000,1.0000,1.0000,0.0432,1.3407
7330,CHAOTIC TRUTH,SPREAD,0,1.3565,1.0000,1.0000,0.2824,1.0000,1.0000,1.0000,0.0081,1.3415
7331,CHAOTIC CHANCE,GROW,0,1.4535,1.0000,1.0000,0.7673,1.0000,1.0000,1.0000,0.7006,1.3471
7332,CHAOTIC TRUTH,GROW,0,1.4169,1.0000,1.0000,0.5845,1.0000,1.0000,1.0000,0.0333,1.3506
7333,CHAOTIC TRUTH,GROW,0,1.4169,1.0000,1.0000,0.5845,1.0000,1.0000,1.0000,0.0314,1.3539
7334,CHAOTIC POISON,FALL,0,1.3051,1.0000,1.0000,0.0257,1.0000,1.0000,1.0000,-0.2416,1.3515
7335,CHAOTIC FOOD,BURN,0,1.3382,1.0000,1.0000,0.1908,1.0000,1.0000,1.0000,-0.0859,1.3508
7336,CHAOTIC BRIDGE,SPREAD,0,1.3833,1.0000,1.0000,0.4165,1.0000,1.0000,1.0000,0.2178,1.3524
7337,CHAOTIC TRUTH,GROW,0,1.4169,1.0000,1.0000,0.5845,1.0000,1.0000,1.0000,0.0284,1.3557
7338,CHAOTIC ELDER,WANT CROWD,0,1.2137,1.0000,0.6667,0.0684,0.0000,1.0000,1.0000,-0.9625,1.3486
7339,CHAOTIC TRUTH,GROW,0,1.4169,1.0000,1.0000,0.5845,1.0000,1.0000,1.0000,0.0285,1.3520
7340,CHAOTIC TRUTH,GROW,0,1.4169,1.0000,1.0000,0.5845,1.0000,1.0000,1.0000,0.0268,1.3552
7341,CHAOTIC PLAN,GROW,0,1.3811,1.0000,1.0000,0.4055,1.0000,1.0000,1.0000,0.0912,1.3565
7342,CHAOTIC TRUTH,GROW,0,1.4169,1.0000,1.0000,0.5845,1.0000,1.0000,1.0000,0.0251,1.3595
7343,CHAOTIC TRUTH,GROW,0,1.4169,1.0000,1.0000,0.5845,1.0000,1.0000,1.0000,0.0229,1.3624
7344,CHAOTIC DOG,BURN,0,1.3451,1.0000,1.0000,0.2256,1.0000,1.0000,1.0000,-0.1034,1.3615
7345,CHAOTIC TRUTH,GROW,0,1.4169,1.0000,1.0000,0.5845,1.0000,1.0000,1.0000,0.0204,1.3643
7346,CHAOTIC PLAN,SPREAD,0,1.3513,1.0000,1.0000,0.2567,1.0000,1.0000,1.0000,-0.0459,1.3637
7347,CHAOTIC TRUTH,SPREAD,0,1.3565,1.0000,1.0000,0.2824,1.0000,1.0000,1.0000,-0.0025,1.3633
7348,CHAOTIC TRUTH,SPREAD,0,1.3565,1.0000,1.0000,0.2824,1.0000,1.0000,1.0000,-0.0025,1.3630
7349,CHAOTIC TIME,SPREAD,0,1.4000,1.0000,1.0000,0.5000,1.0000,1.0000,1.0000,0.0749,1.3648
7350,CHAOTIC TIME,SPREAD,0,1.4000,1.0000,1.0000,0.5000,1.0000,1.0000,1.0000,0.0701,1.3666
7351,CHAOTIC TRUTH,GROW,0,1.4169,1.0000,1.0000,0.5845,1.0000,1.0000,1.0000,0.0176,1.3691
7352,CHAOTIC WOLF,SEE STRONG STRONG DOG,0,1.2111,1.0000,0.6667,0.0555,0.0000,1.0000,1.0000,-1.0631,1.3612
7353,CHAOTIC TRUTH,GROW,0,1.4169,1.0000,1.0000,0.5845,1.0000,1.0000,1.0000,0.0194,1.3640
7354,CHAOTIC TRUTH,GROW,0,1.4169,1.0000,1.0000,0.5845,1.0000,1.0000,1.0000,0.0177,1.3666
7355,CHAOTIC TRUTH,GROW,0,1.4169,1.0000,1.0000,0.5845,1.0000,1.0000,1.0000,0.0171,1.3691
7356,CHAOTIC TRUTH,SPREAD,0,1.3565,1.0000,1.0000,0.2824,1.0000,1.0000,1.0000,-0.0040,1.3685
7357,CHAOTIC ALGORITHM,GROW,0,1.3522,1.0000,1.0000,0.2610,1.0000,1.0000,1.0000,-0.1000,1.3677
7358,CHAOTIC TRUTH,GROW,0,1.4169,1.0000,1.0000,0.5845,1.0000,1.0000,1.0000,0.0159,1.3702
7359,CHAOTIC BOOK,GROW,0,1.3500,1.0000,1.0000,0.2500,1.0000,1.0000,1.0000,-0.1134,1.3691
7360,CHAOTIC RULE,SPREAD,0,1.3312,1.0000,1.0000,0.1559,1.0000,1.0000,1.0000,-0.1883,1.3672
7361,CHAOTIC TRUTH,GROW,0,1.4169,1.0000,1.0000,0.5845,1.0000,1.0000,1.0000,0.0147,1.3697
7362,CHAOTIC TRUTH,GROW,0,1.4169,1.0000,1.0000,0.5845,1.0000,1.0000,1.0000,0.0140,1.3721
7363,CHAOTIC TIME,GROW,0,1.4378,1.0000,1.0000,0.6890,1.0000,1.0000,1.0000,0.1437,1.3754
7364,CHAOTIC TRUTH,SPREAD,0,1.3565,1.0000,1.0000,0.2824,1.0000,1.0000,1.0000,-0.0054,1.3744
7365,CHAOTIC TRUTH,GROW,0,1.4169,1.0000,1.0000,0.5845,1.0000,1.0000,1.0000,0.0123,1.3766
7366,CHAOTIC TRUTH,SPREAD,0,1.3565,1.0000,1.0000,0.2824,1.0000,1.0000,1.0000,-0.0061,1.3755
7367,CHAOTIC TRUTH,SPREAD,0,1.3565,1.0000,1.0000,0.2824,1.0000,1.0000,1.0000,-0.0055,1.3746
7368,CHAOTIC TRUTH,GROW,0,1.4169,1.0000,1.0000,0.5845,1.0000,1.0000,1.0000,0.0119,1.3767
7369,CHAOTIC TRUTH,GROW,0,1.4169,1.0000,1.0000,0.5845,1.0000,1.0000,1.0000,0.0112,1.3787
7370,CHAOTIC TRUTH,SPREAD,0,1.3565,1.0000,1.0000,0.2824,1.0000,1.0000,1.0000,-0.0063,1.3776
7371,CHAOTIC MAP,GROW,0,1.3239,1.0000,1.0000,0.1197,1.0000,1.0000,1.0000,-0.3235,1.3749
7372,CHAOTIC ENGINE,MOVE DENSE SMALL DRONE,0,1.2774,1.0000,0.8889,0.0537,0.6667,1.0000,1.0000,-0.6012,1.3700
7373,CHAOTIC TRUTH,GROW,0,1.4169,1.0000,1.0000,0.5845,1.0000,1.0000,1.0000,0.0126,1.3724
7374,CHAOTIC TRUTH,SPREAD,0,1.3565,1.0000,1.0000,0.2824,1.0000,1.0000,1.0000,-0.0045,1.3716
7375,CHAOTIC PLAN,FAIL,0,1.4000,1.0000,1.0000,0.5000,1.0000,1.0000,1.0000,0.1090,1.3730
7376,CHAOTIC TRUTH,GROW,0,1.4169,1.0000,1.0000,0.5845,1.0000,1.0000,1.0000,0.0132,1.3752
7377,CHAOTIC TRUTH,SPREAD,0,1.3565,1.0000,1.0000,0.2824,1.0000,1.0000,1.0000,-0.0049,1.3743
7378,CHAOTIC TRUTH,GROW,0,1.4169,1.0000,1.0000,0.5845,1.0000,1.0000,1.0000,0.0112,1.3764
7379,CHAOTIC CHOICE,SPREAD,0,1.3816,1.0000,1.0000,0.4080,1.0000,1.0000,1.0000,0.0430,1.3767
7380,CHAOTIC MEMORY,SPREAD,0,1.3312,1.0000,1.0000,0.1559,1.0000,1.0000,1.0000,-0.3110,1.3744
7381,CHAOTIC TRUTH,SPREAD,0,1.3565,1.0000,1.0000,0.2824,1.0000,1.0000,1.0000,-0.0047,1.3735
7382,CHAOTIC TRUTH,SPREAD,0,1.3565,1.0000,1.0000,0.2824,1.0000,1.0000,1.0000,-0.0043,1.3726
7383,CHAOTIC TIME,SPREAD,0,1.4000,1.0000,1.0000,0.5000,1.0000,1.0000,1.0000,0.0611,1.3740
7384,CHAOTIC TRUTH,SPREAD,0,1.3565,1.0000,1.0000,0.2824,1.0000,1.0000,1.0000,-0.0047,1.3731
7385,CHAOTIC TRUTH,GROW,0,1.4169,1.0000,1.0000,0.5845,1.0000,1.0000,1.0000,0.0109,1.3753
7386,CHAOTIC TRUTH,GROW,0,1.4169,1.0000,1.0000,0.5845,1.0000,1.0000,1.0000,0.0103,1.3774
7387,CHAOTIC TRUTH,SPREAD,0,1.3565,1.0000,1.0000,0.2824,1.0000,1.0000,1.0000,-0.0052,1.3764
7388,CHAOTIC TRUTH,GROW,0,1.4169,1.0000,1.0000,0.5845,1.0000,1.0000,1.0000,0.0100,1.3784
7389,CHAOTIC CROWD,RUN,0,1.3222,1.0000,1.0000,0.1108,1.0000,1.0000,1.0000,-0.3963,1.3756
7390,CHAOTIC BORDER,SPREAD,0,1.3275,1.0000,1.0000,0.1373,1.0000,1.0000,1.0000,-0.2763,1.3732
7391,CHAOTIC TRUTH,SPREAD,0,1.3565,1.0000,1.0000,0.2824,1.0000,1.0000,1.0000,-0.0039,1.3723
7392,CHAOTIC TRUTH,SPREAD,0,1.3565,1.0000,1.0000,0.2824,1.0000,1.0000,1.0000,-0.0037,1.3715
7393,CHAOTIC TIME,FAIL,0,1.4707,1.0000,1.0000,0.8536,1.0000,1.0000,1.0000,0.2254,1.3765
7394,CHAOTIC TRUTH,GROW,0,1.4169,1.0000,1.0000,0.5845,1.0000,1.0000,1.0000,0.0095,1.3785
7395,CHAOTIC TIME,GROW,0,1.4378,1.0000,1.0000,0.6890,1.0000,1.0000,1.0000,0.1353,1.3815
7396,CHAOTIC TRUTH,GROW,0,1.4169,1.0000,1.0000,0.5845,1.0000,1.0000,1.0000,0.0088,1.3833
7397,CHAOTIC TRUTH,GROW,0,1.4169,1.0000,1.0000,0.5845,1.0000,1.0000,1.0000,0.0086,1.3849
7398,CHAOTIC TRUTH,SPREAD,0,1.3565,1.0000,1.0000,0.2824,1.0000,1.0000,1.0000,-0.0075,1.3835
7399,CHAOTIC TRUTH,GROW,0,1.4169,1.0000,1.0000,0.5845,1.0000,1.0000,1.0000,0.0086,1.3852
7400,CHAOTIC PLAN,GROW,0,1.3811,1.0000,1.0000,0.4055,1.0000,1.0000,1.0000,-0.0158,1.3850
7401,CHAOTIC TRUTH,SPREAD,0,1.3565,1.0000,1.0000,0.2824,1.0000,1.0000,1.0000,-0.0075,1.3836
7402,CHAOTIC TRUTH,SPREAD,0,1.3565,1.0000,1.0000,0.2824,1.0000,1.0000,1.0000,-0.0068,1.3822
7403,CHAOTIC TIME,SPREAD,0,1.4000,1.0000,1.0000,0.5000,1.0000,1.0000,1.0000,0.0372,1.3831
7404,CHAOTIC TRUTH,GROW,0,1.4169,1.0000,1.0000,0.5845,1.0000,1.0000,1.0000,0.0086,1.3848
7405,CHAOTIC TRUTH,SPREAD,0,1.3565,1.0000,1.0000,0.2824,1.0000,1.0000,1.0000,-0.0077,1.3834
7406,CHAOTIC TRUTH,GROW,0,1.4169,1.0000,1.0000,0.5845,1.0000,1.0000,1.0000,0.0096,1.3850
7407,CHAOTIC TRUTH,SPREAD,0,1.3565,1.0000,1.0000,0.2824,1.0000,1.0000,1.0000,-0.0081,1.3836
7408,CHAOTIC TRUTH,GROW,0,1.4169,1.0000,1.0000,0.5845,1.0000,1.0000,1.0000,0.0096,1.3853
7409,CHAOTIC TIME,GROW,0,1.4378,1.0000,1.0000,0.6890,1.0000,1.0000,1.0000,0.1072,1.3879
7410,CHAOTIC TRUTH,GROW,0,1.4169,1.0000,1.0000,0.5845,1.0000,1.0000,1.0000,0.0088,1.3894
7411,CHAOTIC TRUTH,SPREAD,0,1.3565,1.0000,1.0000,0.2824,1.0000,1.0000,1.0000,-0.0096,1.3877
7412,CHAOTIC TIME,FAIL,0,1.4707,1.0000,1.0000,0.8536,1.0000,1.0000,1.0000,0.1567,1.3919
7413,CHAOTIC TRUTH,GROW,0,1.4169,1.0000,1.0000,0.5845,1.0000,1.0000,1.0000,0.0080,1.3931
7414,CHAOTIC TRUTH,SPREAD,0,1.3565,1.0000,1.0000,0.2824,1.0000,1.0000,1.0000,-0.0121,1.3913
7415,CHAOTIC TRUTH,GROW,0,1.4169,1.0000,1.0000,0.5845,1.0000,1.0000,1.0000,0.0082,1.3926
7416,CHAOTIC TIME,GROW,0,1.4378,1.0000,1.0000,0.6890,1.0000,1.0000,1.0000,0.0811,1.3948
7417,CHAOTIC TRUTH,GROW,0,1.4169,1.0000,1.0000,0.5845,1.0000,1.0000,1.0000,0.0078,1.3959
7418,CHAOTIC TRUTH,SPREAD,0,1.3565,1.0000,1.0000,0.2824,1.0000,1.0000,1.0000,-0.0148,1.3940
7419,CHAOTIC TRUTH,GROW,0,1.4169,1.0000,1.0000,0.5845,1.0000,1.0000,1.0000,0.0078,1.3951
7420,CHAOTIC TRUTH,GROW,0,1.4169,1.0000,1.0000,0.5845,1.0000,1.0000,1.0000,0.0079,1.3962
7421,CHAOTIC TIME,SPREAD,0,1.4000,1.0000,1.0000,0.5000,1.0000,1.0000,1.0000,0.0062,1.3964
7422,CHAOTIC TRUTH,SPREAD,0,1.3565,1.0000,1.0000,0.2824,1.0000,1.0000,1.0000,-0.0153,1.3944
7423,CHAOTIC TRUTH,GROW,0,1.4169,1.0000,1.0000,0.5845,1.0000,1.0000,1.0000,0.0086,1.3955
7424,CHAOTIC TRUTH,GROW,0,1.4169,1.0000,1.0000,0.5845,1.0000,1.0000,1.0000,0.0083,1.3966
7425,CHAOTIC TIME,GROW,0,1.4378,1.0000,1.0000,0.6890,1.0000,1.0000,1.0000,0.0629,1.3986
7426,CHAOTIC PLAN,SPREAD,0,1.3513,1.0000,1.0000,0.2567,1.0000,1.0000,1.0000,-0.1825,1.3963
7427,CHAOTIC TRUTH,GROW,0,1.4169,1.0000,1.0000,0.5845,1.0000,1.0000,1.0000,0.0080,1.3973
7428,CHAOTIC TIME,FAIL,0,1.4707,1.0000,1.0000,0.8536,1.0000,1.0000,1.0000,0.1113,1.4010
7429,CHAOTIC TIME,FAIL,0,1.4707,1.0000,1.0000,0.8536,1.0000,1.0000,1.0000,0.1033,1.4045
7430,CHAOTIC TRUTH,GROW,0,1.4169,1.0000,1.0000,0.5845,1.0000,1.0000,1.0000,0.0053,1.4051
7431,CHAOTIC TIME,GROW,0,1.4378,1.0000,1.0000,0.6890,1.0000,1.0000,1.0000,0.0452,1.4067
7432,CHAOTIC TRUTH,GROW,0,1.4169,1.0000,1.0000,0.5845,1.0000,1.0000,1.0000,0.0047,1.4072
7433,CHAOTIC TRUTH,GROW,0,1.4169,1.0000,1.0000,0.5845,1.0000,1.0000,1.0000,0.0047,1.4077
7434,CHAOTIC TRUTH,GROW,0,1.4169,1.0000,1.0000,0.5845,1.0000,1.0000,1.0000,0.0045,1.4082
7435,CHAOTIC TIME,SPREAD,0,1.4000,1.0000,1.0000,0.5000,1.0000,1.0000,1.0000,-0.0113,1.4078
7436,CHAOTIC CAR,SEE ENCRYPTED GUARD,0,1.3035,1.0000,0.8889,0.1839,1.0000,1.0000,0.6667,-0.5915,1.4025
7437,CHAOTIC TRUTH,SPREAD,0,1.3565,1.0000,1.0000,0.2824,1.0000,1.0000,1.0000,-0.0242,1.4002
7438,CHAOTIC TRUTH,GROW,0,1.4169,1.0000,1.0000,0.5845,1.0000,1.0000,1.0000,0.0089,1.4011
7439,CHAOTIC TIME,GROW,0,1.4378,1.0000,1.0000,0.6890,1.0000,1.0000,1.0000,0.0462,1.4029
7440,CHAOTIC TRUTH,SPREAD,0,1.3565,1.0000,1.0000,0.2824,1.0000,1.0000,1.0000,-0.0266,1.4006
7441,CHAOTIC TRUTH,SPREAD,0,1.3565,1.0000,1.0000,0.2824,1.0000,1.0000,1.0000,-0.0254,1.3984
7442,CHAOTIC DUST,BURN,0,1.3676,1.0000,1.0000,0.3379,1.0000,1.0000,1.0000,-0.2249,1.3968
7443,CHAOTIC TRUTH,GROW,0,1.4169,1.0000,1.0000,0.5845,1.0000,1.0000,1.0000,0.0118,1.3978
7444,CHAOTIC TIME,SPREAD,0,1.4000,1.0000,1.0000,0.5000,1.0000,1.0000,1.0000,0.0023,1.3980
7445,CHAOTIC TRUTH,GROW,0,1.4169,1.0000,1.0000,0.5845,1.0000,1.0000,1.0000,0.0112,1.3989
7446,CHAOTIC TIME,GROW,0,1.4378,1.0000,1.0000,0.6890,1.0000,1.0000,1.0000,0.0430,1.4008
7447,CHAOTIC TIME,SPREAD,0,1.4000,1.0000,1.0000,0.5000,1.0000,1.0000,1.0000,-0.0009,1.4008
7448,CHAOTIC TRUTH,GROW,0,1.4169,1.0000,1.0000,0.5845,1.0000,1.0000,1.0000,0.0098,1.4016
7449,HORSE,RUN,1,0.2066,0.0000,0.6667,0.0329,1.0000,1.0000,0.0000,-12.3093,1.3419
7450,CHAOTIC TRUTH,SPREAD,0,1.3565,1.0000,1.0000,0.2824,1.0000,1.0000,1.0000,0.0094,1.3426
7451,CHAOTIC TRUTH,SPREAD,0,1.3565,1.0000,1.0000,0.2824,1.0000,1.0000,1.0000,0.0091,1.3433
7452,CHAOTIC TRUTH,SPREAD,0,1.3565,1.0000,1.0000,0.2824,1.0000,1.0000,1.0000,0.0084,1.3439
7453,CHAOTIC TRUTH,SPREAD,0,1.3565,1.0000,1.0000,0.2824,1.0000,1.0000,1.0000,0.0086,1.3446
7454,CHAOTIC TRUTH,GROW,0,1.4169,1.0000,1.0000,0.5845,1.0000,1.0000,1.0000,0.0460,1.3482
7455,CHAOTIC TIME,SPREAD,0,1.4000,1.0000,1.0000,0.5000,1.0000,1.0000,1.0000,0.0536,1.3508
7456,CHAOTIC TRUTH,GROW,0,1.4169,1.0000,1.0000,0.5845,1.0000,1.0000,1.0000,0.0415,1.3541
7457,CHAOTIC TRUTH,SPREAD,0,1.3565,1.0000,1.0000,0.2824,1.0000,1.0000,1.0000,0.0015,1.3542
7458,CHAOTIC TRUTH,GROW,0,1.4169,1.0000,1.0000,0.5845,1.0000,1.0000,1.0000,0.0363,1.3573
7459,CHAOTIC TRUTH,SPREAD,0,1.3565,1.0000,1.0000,0.2824,1.0000,1.0000,1.0000,-0.0005,1.3573
7460,CHAOTIC LIE,GROW,0,1.4378,1.0000,1.0000,0.6890,1.0000,1.0000,1.0000,0.3988,1.3613
7461,CHAOTIC TRUTH,GROW,0,1.4169,1.0000,1.0000,0.5845,1.0000,1.0000,1.0000,0.0321,1.3641
7462,CHAOTIC TRUTH,GROW,0,1.4169,1.0000,1.0000,0.5845,1.0000,1.0000,1.0000,0.0308,1.3667
7463,CHAOTIC TIME,FAIL,0,1.4707,1.0000,1.0000,0.8536,1.0000,1.0000,1.0000,0.1101,1.3719
7464,CHAOTIC PLAN,SPREAD,0,1.3513,1.0000,1.0000,0.2567,1.0000,1.0000,1.0000,-0.0833,1.3709
7465,CHAOTIC TIME,GROW,0,1.4378,1.0000,1.0000,0.6890,1.0000,1.0000,1.0000,0.0778,1.3743
7466,CHAOTIC IDENTITY,GROW,0,1.4000,1.0000,1.0000,0.5000,1.0000,1.0000,1.0000,0.1538,1.3755
7467,CHAOTIC TRUTH,SPREAD,0,1.3565,1.0000,1.0000,0.2824,1.0000,1.0000,1.0000,-0.0109,1.3746
7468,CHAOTIC TRUTH,GROW,0,1.4169,1.0000,1.0000,0.5845,1.0000,1.0000,1.0000,0.0266,1.3767
7469,CHAOTIC TIME,SPREAD,0,1.4000,1.0000,1.0000,0.5000,1.0000,1.0000,1.0000,0.0260,1.3779
7470,CHAOTIC ROOM,SPREAD,0,1.4245,1.0000,1.0000,0.6226,1.0000,1.0000,1.0000,0.3464,1.3802
7471,CHAOTIC TRUTH,SPREAD,0,1.3565,1.0000,1.0000,0.2824,1.0000,1.0000,1.0000,-0.0156,1.3790
7472,CHAOTIC TIME,GROW,0,1.4378,1.0000,1.0000,0.6890,1.0000,1.0000,1.0000,0.0613,1.3820
7473,CHAOTIC TIME,GROW,0,1.4378,1.0000,1.0000,0.6890,1.0000,1.0000,1.0000,0.0579,1.3847
7474,CHAOTIC TRUTH,GROW,0,1.4169,1.0000,1.0000,0.5845,1.0000,1.0000,1.0000,0.0214,1.3864
7475,CHAOTIC TIME,SPREAD,0,1.4000,1.0000,1.0000,0.5000,1.0000,1.0000,1.0000,0.0130,1.3870
7476,CHAOTIC BOOK,FALL,0,1.3198,1.0000,1.0000,0.0991,1.0000,1.0000,1.0000,-0.3975,1.3837
7477,CHAOTIC TIME,SPREAD,0,1.4000,1.0000,1.0000,0.5000,1.0000,1.0000,1.0000,0.0155,1.3845
7478,CHAOTIC TIME,GROW,0,1.4378,1.0000,1.0000,0.6890,1.0000,1.0000,1.0000,0.0489,1.3872
7479,CHAOTIC TRUTH,GROW,0,1.4169,1.0000,1.0000,0.5845,1.0000,1.0000,1.0000,0.0230,1.3886
7480,CHAOTIC TRUTH,GROW,0,1.4169,1.0000,1.0000,0.5845,1.0000,1.0000,1.0000,0.0201,1.3901
7481,CHAOTIC TRUTH,GROW,0,1.4169,1.0000,1.0000,0.5845,1.0000,1.0000,1.0000,0.0219,1.3914
7482,CHAOTIC TIME,GROW,0,1.4378,1.0000,1.0000,0.6890,1.0000,1.0000,1.0000,0.0403,1.3937
7483,CHAOTIC MEMORY,SPREAD,0,1.3312,1.0000,1.0000,0.1559,1.0000,1.0000,1.0000,-0.4340,1.3906
7484,CHAOTIC TIME,GROW,0,1.4378,1.0000,1.0000,0.6890,1.0000,1.0000,1.0000,0.0392,1.3930
7485,CHAOTIC TIME,GROW,0,1.4378,1.0000,1.0000,0.6890,1.0000,1.0000,1.0000,0.0364,1.3952
7486,CHAOTIC TRUTH,GROW,0,1.4169,1.0000,1.0000,0.5845,1.0000,1.0000,1.0000,0.0177,1.3963
7487,CHAOTIC TIME,FAIL,0,1.4707,1.0000,1.0000,0.8536,1.0000,1.0000,1.0000,0.0619,1.4000
7488,CHAOTIC TIME,GROW,0,1.4378,1.0000,1.0000,0.6890,1.0000,1.0000,1.0000,0.0309,1.4019
7489,CHAOTIC TRUTH,GROW,0,1.4169,1.0000,1.0000,0.5845,1.0000,1.0000,1.0000,0.0129,1.4026
7490,CHAOTIC DOG,FALL,0,1.3304,1.0000,1.0000,0.1518,1.0000,1.0000,1.0000,-0.4625,1.3990
7491,CHAOTIC TRUTH,SPREAD,0,1.3565,1.0000,1.0000,0.2824,1.0000,1.0000,1.0000,-0.0375,1.3969
7492,CHAOTIC TIME,SPREAD,0,1.4000,1.0000,1.0000,0.5000,1.0000,1.0000,1.0000,0.0023,1.3971
7493,CHAOTIC TIME,FAIL,0,1.4707,1.0000,1.0000,0.8536,1.0000,1.0000,1.0000,0.0498,1.4007
7494,CHAOTIC TIME,SPREAD,0,1.4000,1.0000,1.0000,0.5000,1.0000,1.0000,1.0000,-0.0005,1.4007
7495,CHAOTIC PATTERN,GROW,0,1.4000,1.0000,1.0000,0.5000,1.0000,1.0000,1.0000,-0.0036,1.4007
7496,CHAOTIC TRUTH,GROW,0,1.4169,1.0000,1.0000,0.5845,1.0000,1.0000,1.0000,0.0159,1.4015
7497,CHAOTIC TIME,SPREAD,0,1.4000,1.0000,1.0000,0.5000,1.0000,1.0000,1.0000,-0.0010,1.4014
7498,CHAOTIC TIME,GROW,0,1.4378,1.0000,1.0000,0.6890,1.0000,1.0000,1.0000,0.0235,1.4032
7499,CHAOTIC TIME,SPREAD,0,1.4000,1.0000,1.0000,0.5000,1.0000,1.0000,1.0000,-0.0020,1.4031
7500,CHAOTIC TIME,SPREAD,0,1.4000,1.0000,1.0000,0.5000,1.0000,1.0000,1.0000,-0.0018,1.4029
7501,CHAOTIC TRUTH,SPREAD,0,1.3565,1.0000,1.0000,0.2824,1.0000,1.0000,1.0000,-0.0508,1.4006
7502,CHAOTIC TRUTH,GROW,0,1.4169,1.0000,1.0000,0.5845,1.0000,1.0000,1.0000,0.0176,1.4014
7503,CHAOTIC TIME,FAIL,0,1.4707,1.0000,1.0000,0.8536,1.0000,1.0000,1.0000,0.0423,1.4049
7504,CHAOTIC TIME,FAIL,0,1.4707,1.0000,1.0000,0.8536,1.0000,1.0000,1.0000,0.0391,1.4082
7505,CHAOTIC POWER,SPREAD,0,1.3511,1.0000,1.0000,0.2554,1.0000,1.0000,1.0000,-0.3736,1.4053
7506,CHAOTIC TIME,SPREAD,0,1.4000,1.0000,1.0000,0.5000,1.0000,1.0000,1.0000,-0.0029,1.4050
7507,CHAOTIC PLAN,SPREAD,0,1.3513,1.0000,1.0000,0.2567,1.0000,1.0000,1.0000,-0.2258,1.4024
7508,CHAOTIC TRUTH,GROW,0,1.4169,1.0000,1.0000,0.5845,1.0000,1.0000,1.0000,0.0177,1.4031
7509,CHAOTIC TIME,GROW,0,1.4378,1.0000,1.0000,0.6890,1.0000,1.0000,1.0000,0.0177,1.4048
7510,CHAOTIC TIME,SPREAD,0,1.4000,1.0000,1.0000,0.5000,1.0000,1.0000,1.0000,-0.0024,1.4046
7511,CHAOTIC LANGUAGE SPREAD,,1,0.3000,0.0000,1.0000,0.0000,1.0000,1.0000,1.0000,-10.5753,1.3493
7512,CHAOTIC TIME,SPREAD,0,1.4000,1.0000,1.0000,0.5000,1.0000,1.0000,1.0000,0.0240,1.3519
7513,CHAOTIC TRUTH,GROW,0,1.4169,1.0000,1.0000,0.5845,1.0000,1.0000,1.0000,0.0830,1.3551
7514,CHAOTIC TRUTH,SPREAD,0,1.3565,1.0000,1.0000,0.2824,1.0000,1.0000,1.0000,0.0017,1.3552
7515,CHAOTIC ERROR,GROW,0,1.3522,1.0000,1.0000,0.2610,1.0000,1.0000,1.0000,-0.0190,1.3550
7516,CHAOTIC TIME,GROW,0,1.4378,1.0000,1.0000,0.6890,1.0000,1.0000,1.0000,0.0372,1.3592
7517,CHAOTIC TIME,GROW,0,1.4378,1.0000,1.0000,0.6890,1.0000,1.0000,1.0000,0.0347,1.3631
7518,CHAOTIC TIME,SPREAD,0,1.4000,1.0000,1.0000,0.5000,1.0000,1.0000,1.0000,0.0164,1.3650
7519,CHAOTIC TIME,GROW,0,1.4378,1.0000,1.0000,0.6890,1.0000,1.0000,1.0000,0.0325,1.3686
7520,CHAOTIC TIME,GROW,0,1.4378,1.0000,1.0000,0.6890,1.0000,1.0000,1.0000,0.0291,1.3721
7521,CHAOTIC TRUTH,GROW,0,1.4169,1.0000,1.0000,0.5845,1.0000,1.0000,1.0000,0.0592,1.3743
7522,CHAOTIC TIME,SPREAD,0,1.4000,1.0000,1.0000,0.5000,1.0000,1.0000,1.0000,0.0107,1.3756
7523,CHAOTIC TIME,GROW,0,1.4378,1.0000,1.0000,0.6890,1.0000,1.0000,1.0000,0.0255,1.3787
7524,CHAOTIC TIME,SPREAD,0,1.4000,1.0000,1.0000,0.5000,1.0000,1.0000,1.0000,0.0081,1.3798
7525,CHAOTIC TRUTH,GROW,0,1.4169,1.0000,1.0000,0.5845,1.0000,1.0000,1.0000,0.0520,1.3816
7526,CHAOTIC TIME,GROW,0,1.4378,1.0000,1.0000,0.6890,1.0000,1.0000,1.0000,0.0211,1.3844
7527,CHAOTIC TIME,GROW,0,1.4378,1.0000,1.0000,0.6890,1.0000,1.0000,1.0000,0.0195,1.3871
7528,CHAOTIC TIME,FAIL,0,1.4707,1.0000,1.0000,0.8536,1.0000,1.0000,1.0000,0.0317,1.3913
7529,CHAOTIC TRUTH,SPREAD,0,1.3565,1.0000,1.0000,0.2824,1.0000,1.0000,1.0000,-0.0514,1.3895
7530,CHAOTIC PATTERN,FAIL,0,1.4000,1.0000,1.0000,0.5000,1.0000,1.0000,1.0000,0.0576,1.3901
7531,CHAOTIC TIME,GROW,0,1.4378,1.0000,1.0000,0.6890,1.0000,1.0000,1.0000,0.0166,1.3924
7532,CHAOTIC TIME,GROW,0,1.4378,1.0000,1.0000,0.6890,1.0000,1.0000,1.0000,0.0166,1.3947
7533,CHAOTIC TRUTH,SPREAD,0,1.3565,1.0000,1.0000,0.2824,1.0000,1.0000,1.0000,-0.0616,1.3928
7534,CHAOTIC TIME,GROW,0,1.4378,1.0000,1.0000,0.6890,1.0000,1.0000,1.0000,0.0152,1.3951
7535,CHAOTIC TIME,GROW,0,1.4378,1.0000,1.0000,0.6890,1.0000,1.0000,1.0000,0.0137,1.3972
7536,CHAOTIC BIRD,FOLLOW SLOW POWER BREAK SEED,0,1.3075,1.0000,0.8889,0.2043,1.0000,1.0000,0.6667,-0.5467,1.3927
7537,CHAOTIC TIME,GROW,0,1.4378,1.0000,1.0000,0.6890,1.0000,1.0000,1.0000,0.0123,1.3950
7538,CHAOTIC TIME,GROW,0,1.4378,1.0000,1.0000,0.6890,1.0000,1.0000,1.0000,0.0120,1.3971
7539,CHAOTIC SOLDIER,FAIL,0,1.4192,1.0000,1.0000,0.5962,1.0000,1.0000,1.0000,0.1645,1.3982
7540,CHAOTIC TIME,SPREAD,0,1.4000,1.0000,1.0000,0.5000,1.0000,1.0000,1.0000,0.0004,1.3983
7541,CHAOTIC ALGORITHM,FAIL,0,1.3106,1.0000,1.0000,0.0528,1.0000,1.0000,1.0000,-0.5988,1.3939
7542,CHAOTIC TIME,GROW,0,1.4378,1.0000,1.0000,0.6890,1.0000,1.0000,1.0000,0.0096,1.3961
7543,CHAOTIC TIME,GROW,0,1.4378,1.0000,1.0000,0.6890,1.0000,1.0000,1.0000,0.0092,1.3982
7544,CHAOTIC TIME,GROW,0,1.4378,1.0000,1.0000,0.6890,1.0000,1.0000,1.0000,0.0087,1.4002
7545,CHAOTIC TIME,FAIL,0,1.4707,1.0000,1.0000,0.8536,1.0000,1.0000,1.0000,0.0156,1.4037
7546,CHAOTIC TIME,GROW,0,1.4378,1.0000,1.0000,0.6890,1.0000,1.0000,1.0000,0.0070,1.4054
7547,CHAOTIC TIME,SPREAD,0,1.4000,1.0000,1.0000,0.5000,1.0000,1.0000,1.0000,-0.0011,1.4051
7548,CHAOTIC TIME,GROW,0,1.4378,1.0000,1.0000,0.6890,1.0000,1.0000,1.0000,0.0064,1.4068
7549,CHAOTIC TIME,GROW,0,1.4378,1.0000,1.0000,0.6890,1.0000,1.0000,1.0000,0.0062,1.4083
7550,CHAOTIC TRUTH,SPREAD,0,1.3565,1.0000,1.0000,0.2824,1.0000,1.0000,1.0000,-0.1152,1.4057
7551,CHAOTIC TIME,SPREAD,0,1.4000,1.0000,1.0000,0.5000,1.0000,1.0000,1.0000,-0.0010,1.4054
7552,CHAOTIC TIME,FAIL,0,1.4707,1.0000,1.0000,0.8536,1.0000,1.0000,1.0000,0.0119,1.4087
7553,CHAOTIC TIME,GROW,0,1.4378,1.0000,1.0000,0.6890,1.0000,1.0000,1.0000,0.0051,1.4102
7554,CHAOTIC TIME,SPREAD,0,1.4000,1.0000,1.0000,0.5000,1.0000,1.0000,1.0000,-0.0017,1.4096
7555,CHAOTIC TIME,SPREAD,0,1.4000,1.0000,1.0000,0.5000,1.0000,1.0000,1.0000,-0.0016,1.4092
7556,CHAOTIC STRANGER,BURN,0,1.3513,1.0000,1.0000,0.2567,1.0000,1.0000,1.0000,-0.3716,1.4063
7557,CHAOTIC TIME,SPREAD,0,1.4000,1.0000,1.0000,0.5000,1.0000,1.0000,1.0000,-0.0010,1.4060
7558,CHAOTIC TIME,FAIL,0,1.4707,1.0000,1.0000,0.8536,1.0000,1.0000,1.0000,0.0096,1.4092
7559,CHAOTIC TIME,SPREAD,0,1.4000,1.0000,1.0000,0.5000,1.0000,1.0000,1.0000,-0.0014,1.4087
7560,CHAOTIC TIME,GROW,0,1.4378,1.0000,1.0000,0.6890,1.0000,1.0000,1.0000,0.0042,1.4102
7561,CHAOTIC TRUTH,SPREAD,0,1.3565,1.0000,1.0000,0.2824,1.0000,1.0000,1.0000,-0.1456,1.4075
7562,CHAOTIC TIME,SPREAD,0,1.4000,1.0000,1.0000,0.5000,1.0000,1.0000,1.0000,-0.0010,1.4071
7563,CHAOTIC TIME,GROW,0,1.4378,1.0000,1.0000,0.6890,1.0000,1.0000,1.0000,0.0041,1.4087
7564,CHAOTIC TIME,SPREAD,0,1.4000,1.0000,1.0000,0.5000,1.0000,1.0000,1.0000,-0.0011,1.4082
7565,CHAOTIC TIME,SPREAD,0,1.4000,1.0000,1.0000,0.5000,1.0000,1.0000,1.0000,-0.0010,1.4078
7566,CHAOTIC TIME,GROW,0,1.4378,1.0000,1.0000,0.6890,1.0000,1.0000,1.0000,0.0036,1.4093
7567,CHAOTIC TIME,SPREAD,0,1.4000,1.0000,1.0000,0.5000,1.0000,1.0000,1.0000,-0.0011,1.4089
7568,CHAOTIC TIME,FAIL,0,1.4707,1.0000,1.0000,0.8536,1.0000,1.0000,1.0000,0.0076,1.4119
7569,CHAOTIC TIME,SPREAD,0,1.4000,1.0000,1.0000,0.5000,1.0000,1.0000,1.0000,-0.0014,1.4113
7570,CHAOTIC TIME,GROW,0,1.4378,1.0000,1.0000,0.6890,1.0000,1.0000,1.0000,0.0030,1.4127
7571,CHAOTIC TRUTH,GROW,0,1.4169,1.0000,1.0000,0.5845,1.0000,1.0000,1.0000,0.0127,1.4129
7572,CHAOTIC TIME,GROW,0,1.4378,1.0000,1.0000,0.6890,1.0000,1.0000,1.0000,0.0028,1.4141
7573,CHAOTIC TIME,FAIL,0,1.4707,1.0000,1.0000,0.8536,1.0000,1.0000,1.0000,0.0064,1.4170
7574,CHAOTIC TIME,GROW,0,1.4378,1.0000,1.0000,0.6890,1.0000,1.0000,1.0000,0.0023,1.4180
7575,CHAOTIC TIME,GROW,0,1.4378,1.0000,1.0000,0.6890,1.0000,1.0000,1.0000,0.0022,1.4190
7576,CHAOTIC TIME,GROW,0,1.4378,1.0000,1.0000,0.6890,1.0000,1.0000,1.0000,0.0021,1.4199
7577,CHAOTIC TIME,SPREAD,0,1.4000,1.0000,1.0000,0.5000,1.0000,1.0000,1.0000,-0.0022,1.4189
7578,CHAOTIC TIME,FAIL,0,1.4707,1.0000,1.0000,0.8536,1.0000,1.0000,1.0000,0.0056,1.4215
7579,CHAOTIC TIME,GROW,0,1.4378,1.0000,1.0000,0.6890,1.0000,1.0000,1.0000,0.0018,1.4223
7580,CHAOTIC TIME,GROW,0,1.4378,1.0000,1.0000,0.6890,1.0000,1.0000,1.0000,0.0016,1.4231
7581,CHAOTIC TIME,SPREAD,0,1.4000,1.0000,1.0000,0.5000,1.0000,1.0000,1.0000,-0.0024,1.4220
7582,CHAOTIC TIME,SPREAD,0,1.4000,1.0000,1.0000,0.5000,1.0000,1.0000,1.0000,-0.0024,1.4209
7583,CHAOTIC TIME,GROW,0,1.4378,1.0000,1.0000,0.6890,1.0000,1.0000,1.0000,0.0018,1.4217
7584,CHAOTIC TIME,SPREAD,0,1.4000,1.0000,1.0000,0.5000,1.0000,1.0000,1.0000,-0.0023,1.4206
7585,CHAOTIC TIME,GROW,0,1.4378,1.0000,1.0000,0.6890,1.0000,1.0000,1.0000,0.0019,1.4215
7586,CHAOTIC TIME,GROW,0,1.4378,1.0000,1.0000,0.6890,1.0000,1.0000,1.0000,0.0017,1.4223
7587,CHAOTIC TIME,GROW,0,1.4378,1.0000,1.0000,0.6890,1.0000,1.0000,1.0000,0.0016,1.4231
7588,CHAOTIC TIME,GROW,0,1.4378,1.0000,1.0000,0.6890,1.0000,1.0000,1.0000,0.0015,1.4238
7589,CHAOTIC TIME,SPREAD,0,1.4000,1.0000,1.0000,0.5000,1.0000,1.0000,1.0000,-0.0024,1.4226
7590,CHAOTIC TIME,GROW,0,1.4378,1.0000,1.0000,0.6890,1.0000,1.0000,1.0000,0.0015,1.4234
7591,CHAOTIC TIME,FAIL,0,1.4707,1.0000,1.0000,0.8536,1.0000,1.0000,1.0000,0.0050,1.4257
7592,CHAOTIC TIME,GROW,0,1.4378,1.0000,1.0000,0.6890,1.0000,1.0000,1.0000,0.0013,1.4263
7593,CHAOTIC TIME,GROW,0,1.4378,1.0000,1.0000,0.6890,1.0000,1.0000,1.0000,0.0013,1.4269
7594,CHAOTIC TRUTH,SPREAD,0,1.3565,1.0000,1.0000,0.2824,1.0000,1.0000,1.0000,-0.2210,1.4234
7595,CHAOTIC TIME,GROW,0,1.4378,1.0000,1.0000,0.6890,1.0000,1.0000,1.0000,0.0014,1.4241
7596,CHAOTIC TIME,FAIL,0,1.4707,1.0000,1.0000,0.8536,1.0000,1.0000,1.0000,0.0044,1.4264
7597,CHAOTIC TIME,GROW,0,1.4378,1.0000,1.0000,0.6890,1.0000,1.0000,1.0000,0.0011,1.4270
7598,CHAOTIC TIME,GROW,0,1.4378,1.0000,1.0000,0.6890,1.0000,1.0000,1.0000,0.0010,1.4276
7599,CHAOTIC TIME,GROW,0,1.4378,1.0000,1.0000,0.6890,1.0000,1.0000,1.0000,0.0010,1.4281
7600,CHAOTIC TIME,SPREAD,0,1.4000,1.0000,1.0000,0.5000,1.0000,1.0000,1.0000,-0.0026,1.4267
7601,CHAOTIC PLAN,SPREAD,0,1.3513,1.0000,1.0000,0.2567,1.0000,1.0000,1.0000,-0.4195,1.4229
7602,CHAOTIC TIME,GROW,0,1.4378,1.0000,1.0000,0.6890,1.0000,1.0000,1.0000,0.0014,1.4236
7603,CHAOTIC TIME,GROW,0,1.4378,1.0000,1.0000,0.6890,1.0000,1.0000,1.0000,0.0012,1.4243
7604,CHAOTIC TIME,GROW,0,1.4378,1.0000,1.0000,0.6890,1.0000,1.0000,1.0000,0.0012,1.4250
7605,CHAOTIC TIME,SPREAD,0,1.4000,1.0000,1.0000,0.5000,1.0000,1.0000,1.0000,-0.0024,1.4238
7606,CHAOTIC TIME,GROW,0,1.4378,1.0000,1.0000,0.6890,1.0000,1.0000,1.0000,0.0012,1.4245
7607,CHAOTIC TIME,GROW,0,1.4378,1.0000,1.0000,0.6890,1.0000,1.0000,1.0000,0.0011,1.4251
7608,CHAOTIC TIME,GROW,0,1.4378,1.0000,1.0000,0.6890,1.0000,1.0000,1.0000,0.0011,1.4258
7609,CHAOTIC TIME,SPREAD,0,1.4000,1.0000,1.0000,0.5000,1.0000,1.0000,1.0000,-0.0022,1.4245
7610,CHAOTIC TIME,GROW,0,1.4378,1.0000,1.0000,0.6890,1.0000,1.0000,1.0000,0.0012,1.4251
7611,CHAOTIC TIME,SPREAD,0,1.4000,1.0000,1.0000,0.5000,1.0000,1.0000,1.0000,-0.0021,1.4239
7612,CHAOTIC TIME,SPREAD,0,1.4000,1.0000,1.0000,0.5000,1.0000,1.0000,1.0000,-0.0019,1.4227
7613,CHAOTIC TIME,SPREAD,0,1.4000,1.0000,1.0000,0.5000,1.0000,1.0000,1.0000,-0.0018,1.4216
7614,CHAOTIC TIME,GROW,0,1.4378,1.0000,1.0000,0.6890,1.0000,1.0000,1.0000,0.0013,1.4224
7615,CHAOTIC TIME,GROW,0,1.4378,1.0000,1.0000,0.6890,1.0000,1.0000,1.0000,0.0013,1.4231
7616,CHAOTIC TIME,FAIL,0,1.4707,1.0000,1.0000,0.8536,1.0000,1.0000,1.0000,0.0038,1.4255
7617,CHAOTIC TIME,GROW,0,1.4378,1.0000,1.0000,0.6890,1.0000,1.0000,1.0000,0.0010,1.4261
7618,CHAOTIC TIME,GROW,0,1.4378,1.0000,1.0000,0.6890,1.0000,1.0000,1.0000,0.0009,1.4267
7619,CHAOTIC TIME,SPREAD,0,1.4000,1.0000,1.0000,0.5000,1.0000,1.0000,1.0000,-0.0021,1.4254
7620,CHAOTIC TIME,GROW,0,1.4378,1.0000,1.0000,0.6890,1.0000,1.0000,1.0000,0.0010,1.4260
7621,CHAOTIC TIME,FAIL,0,1.4707,1.0000,1.0000,0.8536,1.0000,1.0000,1.0000,0.0036,1.4282
7622,CHAOTIC TIME,GROW,0,1.4378,1.0000,1.0000,0.6890,1.0000,1.0000,1.0000,0.0008,1.4287
7623,CHAOTIC TIME,GROW,0,1.4378,1.0000,1.0000,0.6890,1.0000,1.0000,1.0000,0.0007,1.4292
7624,CHAOTIC TRUTH,SPREAD,0,1.3565,1.0000,1.0000,0.2824,1.0000,1.0000,1.0000,-0.2743,1.4255
7625,CHAOTIC TIME,GROW,0,1.4378,1.0000,1.0000,0.6890,1.0000,1.0000,1.0000,0.0010,1.4261
7626,CHAOTIC TIME,SPREAD,0,1.4000,1.0000,1.0000,0.5000,1.0000,1.0000,1.0000,-0.0020,1.4248
7627,CHAOTIC TIME,FAIL,0,1.4707,1.0000,1.0000,0.8536,1.0000,1.0000,1.0000,0.0037,1.4271
7628,CHAOTIC TIME,SPREAD,0,1.4000,1.0000,1.0000,0.5000,1.0000,1.0000,1.0000,-0.0021,1.4258
7629,CHAOTIC TIME,SPREAD,0,1.4000,1.0000,1.0000,0.5000,1.0000,1.0000,1.0000,-0.0022,1.4245
7630,CHAOTIC TIME,GROW,0,1.4378,1.0000,1.0000,0.6890,1.0000,1.0000,1.0000,0.0011,1.4252
7631,CHAOTIC TIME,FAIL,0,1.4707,1.0000,1.0000,0.8536,1.0000,1.0000,1.0000,0.0034,1.4274
7632,CHAOTIC TIME,GROW,0,1.4378,1.0000,1.0000,0.6890,1.0000,1.0000,1.0000,0.0008,1.4280
7633,CHAOTIC TIME,GROW,0,1.4378,1.0000,1.0000,0.6890,1.0000,1.0000,1.0000,0.0008,1.4284
7634,CHAOTIC TIME,GROW,0,1.4378,1.0000,1.0000,0.6890,1.0000,1.0000,1.0000,0.0008,1.4289
7635,CHAOTIC TIME,SPREAD,0,1.4000,1.0000,1.0000,0.5000,1.0000,1.0000,1.0000,-0.0023,1.4275
7636,CHAOTIC TIME,GROW,0,1.4378,1.0000,1.0000,0.6890,1.0000,1.0000,1.0000,0.0008,1.4280
7637,CHAOTIC TIME,GROW,0,1.4378,1.0000,1.0000,0.6890,1.0000,1.0000,1.0000,0.0008,1.4285
7638,CHAOTIC TIME,SPREAD,0,1.4000,1.0000,1.0000,0.5000,1.0000,1.0000,1.0000,-0.0023,1.4270
7639,CHAOTIC TIME,GROW,0,1.4378,1.0000,1.0000,0.6890,1.0000,1.0000,1.0000,0.0009,1.4276
7640,CHAOTIC TIME,GROW,0,1.4378,1.0000,1.0000,0.6890,1.0000,1.0000,1.0000,0.0008,1.4281
7641,CHAOTIC TIME,GROW,0,1.4378,1.0000,1.0000,0.6890,1.0000,1.0000,1.0000,0.0008,1.4286
7642,CHAOTIC TIME,SPREAD,0,1.4000,1.0000,1.0000,0.5000,1.0000,1.0000,1.0000,-0.0024,1.4272
7643,CHAOTIC TIME,SPREAD,0,1.4000,1.0000,1.0000,0.5000,1.0000,1.0000,1.0000,-0.0023,1.4258
7644,CHAOTIC TIME,SPREAD,0,1.4000,1.0000,1.0000,0.5000,1.0000,1.0000,1.0000,-0.0020,1.4245
7645,CHAOTIC TIME,FAIL,0,1.4707,1.0000,1.0000,0.8536,1.0000,1.0000,1.0000,0.0034,1.4268
7646,CHAOTIC TIME,SPREAD,0,1.4000,1.0000,1.0000,0.5000,1.0000,1.0000,1.0000,-0.0020,1.4255
7647,CHAOTIC TIME,GROW,0,1.4378,1.0000,1.0000,0.6890,1.0000,1.0000,1.0000,0.0011,1.4261
7648,CHAOTIC TIME,GROW,0,1.4378,1.0000,1.0000,0.6890,1.0000,1.0000,1.0000,0.0009,1.4267
7649,CHAOTIC TIME,GROW,0,1.4378,1.0000,1.0000,0.6890,1.0000,1.0000,1.0000,0.0009,1.4272
7650,CHAOTIC TIME,SPREAD,0,1.4000,1.0000,1.0000,0.5000,1.0000,1.0000,1.0000,-0.0021,1.4259
7651,CHAOTIC TIME,GROW,0,1.4378,1.0000,1.0000,0.6890,1.0000,1.0000,1.0000,0.0009,1.4265
7652,CHAOTIC BIRD,FOLLOW SECRET SAD SOLDIER,0,1.3023,1.0000,0.8056,0.3034,0.6667,1.0000,0.7500,-0.8744,1.4203
7653,CHAOTIC PRISON,FALL,0,1.3423,1.0000,1.0000,0.2113,1.0000,1.0000,1.0000,-0.5213,1.4164
7654,CHAOTIC TIME,GROW,0,1.4378,1.0000,1.0000,0.6890,1.0000,1.0000,1.0000,0.0015,1.4174
7655,CHAOTIC TIME,GROW,0,1.4378,1.0000,1.0000,0.6890,1.0000,1.0000,1.0000,0.0014,1.4185
7656,CHAOTIC TIME,FAIL,0,1.4707,1.0000,1.0000,0.8536,1.0000,1.0000,1.0000,0.0032,1.4211
7657,CHAOTIC TIME,SPREAD,0,1.4000,1.0000,1.0000,0.5000,1.0000,1.0000,1.0000,-0.0012,1.4200
7658,CHAOTIC TIME,SPREAD,0,1.4000,1.0000,1.0000,0.5000,1.0000,1.0000,1.0000,-0.0012,1.4190
7659,CHAOTIC TIME,GROW,0,1.4378,1.0000,1.0000,0.6890,1.0000,1.0000,1.0000,0.0011,1.4199
7660,CHAOTIC TIME,FAIL,0,1.4707,1.0000,1.0000,0.8536,1.0000,1.0000,1.0000,0.0028,1.4225
7661,CHAOTIC TIME,SPREAD,0,1.4000,1.0000,1.0000,0.5000,1.0000,1.0000,1.0000,-0.0012,1.4214
7662,CHAOTIC TIME,SPREAD,0,1.4000,1.0000,1.0000,0.5000,1.0000,1.0000,1.0000,-0.0012,1.4203
7663,CHAOTIC TIME,SPREAD,0,1.4000,1.0000,1.0000,0.5000,1.0000,1.0000,1.0000,-0.0011,1.4193
7664,CHAOTIC TIME,GROW,0,1.4378,1.0000,1.0000,0.6890,1.0000,1.0000,1.0000,0.0010,1.4202
7665,CHAOTIC TIME,SPREAD,0,1.4000,1.0000,1.0000,0.5000,1.0000,1.0000,1.0000,-0.0011,1.4192
7666,CHAOTIC TIME,GROW,0,1.4378,1.0000,1.0000,0.6890,1.0000,1.0000,1.0000,0.0011,1.4201
7667,CHAOTIC TIME,GROW,0,1.4378,1.0000,1.0000,0.6890,1.0000,1.0000,1.0000,0.0010,1.4210
7668,CHAOTIC METAL,FALL,0,1.3155,1.0000,1.0000,0.0774,1.0000,1.0000,1.0000,-0.8947,1.4157
7669,CHAOTIC TIME,GROW,0,1.4378,1.0000,1.0000,0.6890,1.0000,1.0000,1.0000,0.0012,1.4168
7670,CHAOTIC TIME,SPREAD,0,1.4000,1.0000,1.0000,0.5000,1.0000,1.0000,1.0000,-0.0009,1.4160
7671,CHAOTIC TIME,SPREAD,0,1.4000,1.0000,1.0000,0.5000,1.0000,1.0000,1.0000,-0.0009,1.4152
7672,CHAOTIC TIME,SPREAD,0,1.4000,1.0000,1.0000,0.5000,1.0000,1.0000,1.0000,-0.0008,1.4144
7673,CHAOTIC TIME,SPREAD,0,1.4000,1.0000,1.0000,0.5000,1.0000,1.0000,1.0000,-0.0008,1.4137
7674,CHAOTIC TIME,FAIL,0,1.4707,1.0000,1.0000,0.8536,1.0000,1.0000,1.0000,0.0031,1.4166
7675,CHAOTIC TIME,GROW,0,1.4378,1.0000,1.0000,0.6890,1.0000,1.0000,1.0000,0.0012,1.4176
7676,CHAOTIC TIME,SPREAD,0,1.4000,1.0000,1.0000,0.5000,1.0000,1.0000,1.0000,-0.0010,1.4167
7677,CHAOTIC TIME,FAIL,0,1.4707,1.0000,1.0000,0.8536,1.0000,1.0000,1.0000,0.0030,1.4194
7678,CHAOTIC TIME,SPREAD,0,1.4000,1.0000,1.0000,0.5000,1.0000,1.0000,1.0000,-0.0010,1.4185
7679,CHAOTIC TIME,SPREAD,0,1.4000,1.0000,1.0000,0.5000,1.0000,1.0000,1.0000,-0.0010,1.4175
7680,ISOLATED MARKET,SPREAD,0,1.3054,1.0000,1.0000,0.0270,1.0000,1.0000,1.0000,-1.3241,1.4119
7681,CHAOTIC TIME,SPREAD,0,1.4000,1.0000,1.0000,0.5000,1.0000,1.0000,1.0000,-0.0007,1.4113
7682,CHAOTIC TIME,SPREAD,0,1.4000,1.0000,1.0000,0.5000,1.0000,1.0000,1.0000,-0.0006,1.4108
7683,CHAOTIC TIME,GROW,0,1.4378,1.0000,1.0000,0.6890,1.0000,1.0000,1.0000,0.0015,1.4121
7684,CHAOTIC TIME,GROW,0,1.4378,1.0000,1.0000,0.6890,1.0000,1.0000,1.0000,0.0014,1.4134
7685,CHAOTIC TRUTH,GROW,0,1.4169,1.0000,1.0000,0.5845,1.0000,1.0000,1.0000,0.0125,1.4136
7686,CHAOTIC TIME,FAIL,0,1.4707,1.0000,1.0000,0.8536,1.0000,1.0000,1.0000,0.0030,1.4164
7687,CHAOTIC TIME,FAIL,0,1.4707,1.0000,1.0000,0.8536,1.0000,1.0000,1.0000,0.0029,1.4192
7688,CHAOTIC TIME,SPREAD,0,1.4000,1.0000,1.0000,0.5000,1.0000,1.0000,1.0000,-0.0011,1.4182
7689,CHAOTIC TIME,GROW,0,1.4378,1.0000,1.0000,0.6890,1.0000,1.0000,1.0000,0.0011,1.4192
7690,CHAOTIC TIME,FAIL,0,1.4707,1.0000,1.0000,0.8536,1.0000,1.0000,1.0000,0.0029,1.4218
7691,CHAOTIC TIME,SPREAD,0,1.4000,1.0000,1.0000,0.5000,1.0000,1.0000,1.0000,-0.0011,1.4207
7692,CHAOTIC TIME,SPREAD,0,1.4000,1.0000,1.0000,0.5000,1.0000,1.0000,1.0000,-0.0011,1.4196
7693,CHAOTIC TIME,GROW,0,1.4378,1.0000,1.0000,0.6890,1.0000,1.0000,1.0000,0.0010,1.4205
7694,CHAOTIC TIME,SPREAD,0,1.4000,1.0000,1.0000,0.5000,1.0000,1.0000,1.0000,-0.0012,1.4195
7695,CHAOTIC TIME,SPREAD,0,1.4000,1.0000,1.0000,0.5000,1.0000,1.0000,1.0000,-0.0011,1.4185
7696,CHAOTIC TIME,SPREAD,0,1.4000,1.0000,1.0000,0.5000,1.0000,1.0000,1.0000,-0.0010,1.4176
7697,CHAOTIC TRUTH,GROW,0,1.4169,1.0000,1.0000,0.5845,1.0000,1.0000,1.0000,-0.0025,1.4176
7698,CHAOTIC TIME,FAIL,0,1.4707,1.0000,1.0000,0.8536,1.0000,1.0000,1.0000,0.0030,1.4202
7699,CHAOTIC TIME,SPREAD,0,1.4000,1.0000,1.0000,0.5000,1.0000,1.0000,1.0000,-0.0011,1.4192
7700,CHAOTIC TIME,SPREAD,0,1.4000,1.0000,1.0000,0.5000,1.0000,1.0000,1.0000,-0.0010,1.4183
7701,CHAOTIC TIME,GROW,0,1.4378,1.0000,1.0000,0.6890,1.0000,1.0000,1.0000,0.0010,1.4192
7702,CHAOTIC TIME,GROW,0,1.4378,1.0000,1.0000,0.6890,1.0000,1.0000,1.0000,0.0010,1.4202
7703,CHAOTIC TIME,GROW,0,1.4378,1.0000,1.0000,0.6890,1.0000,1.0000,1.0000,0.0010,1.4210
7704,CHAOTIC TIME,SPREAD,0,1.4000,1.0000,1.0000,0.5000,1.0000,1.0000,1.0000,-0.0012,1.4200
7705,CHAOTIC TIME,SPREAD,0,1.4000,1.0000,1.0000,0.5000,1.0000,1.0000,1.0000,-0.0011,1.4190
7706,CHAOTIC TIME,GROW,0,1.4378,1.0000,1.0000,0.6890,1.0000,1.0000,1.0000,0.0010,1.4199
7707,CHAOTIC CROWD,RUN,0,1.3222,1.0000,1.0000,0.1108,1.0000,1.0000,1.0000,-0.8507,1.4150
7708,CHAOTIC TIME,GROW,0,1.4378,1.0000,1.0000,0.6890,1.0000,1.0000,1.0000,0.0012,1.4162
7709,CHAOTIC TIME,SPREAD,0,1.4000,1.0000,1.0000,0.5000,1.0000,1.0000,1.0000,-0.0010,1.4154
7710,CHAOTIC TIME,SPREAD,0,1.4000,1.0000,1.0000,0.5000,1.0000,1.0000,1.0000,-0.0008,1.4146
7711,CHAOTIC TIME,SPREAD,0,1.4000,1.0000,1.0000,0.5000,1.0000,1.0000,1.0000,-0.0007,1.4139
7712,CHAOTIC TIME,FAIL,0,1.4707,1.0000,1.0000,0.8536,1.0000,1.0000,1.0000,0.0029,1.4167
7713,CHAOTIC TIME,GROW,0,1.4378,1.0000,1.0000,0.6890,1.0000,1.0000,1.0000,0.0011,1.4178
7714,CHAOTIC TIME,SPREAD,0,1.4000,1.0000,1.0000,0.5000,1.0000,1.0000,1.0000,-0.0010,1.4169
7715,CHAOTIC TIME,GROW,0,1.4378,1.0000,1.0000,0.6890,1.0000,1.0000,1.0000,0.0010,1.4179
7716,CHAOTIC TIME,FAIL,0,1.4707,1.0000,1.0000,0.8536,1.0000,1.0000,1.0000,0.0025,1.4206
7717,CHAOTIC TIME,SPREAD,0,1.4000,1.0000,1.0000,0.5000,1.0000,1.0000,1.0000,-0.0010,1.4195
7718,CHAOTIC TIME,GROW,0,1.4378,1.0000,1.0000,0.6890,1.0000,1.0000,1.0000,0.0009,1.4205
7719,CHAOTIC TIME,GROW,0,1.4378,1.0000,1.0000,0.6890,1.0000,1.0000,1.0000,0.0009,1.4213
7720,CHAOTIC TIME,SPREAD,0,1.4000,1.0000,1.0000,0.5000,1.0000,1.0000,1.0000,-0.0011,1.4203
7721,CHAOTIC TIME,SPREAD,0,1.4000,1.0000,1.0000,0.5000,1.0000,1.0000,1.0000,-0.0010,1.4192
7722,CHAOTIC TIME,GROW,0,1.4378,1.0000,1.0000,0.6890,1.0000,1.0000,1.0000,0.0010,1.4202
7723,CHAOTIC TIME,SPREAD,0,1.4000,1.0000,1.0000,0.5000,1.0000,1.0000,1.0000,-0.0009,1.4192
7724,CHAOTIC TIME,GROW,0,1.4378,1.0000,1.0000,0.6890,1.0000,1.0000,1.0000,0.0010,1.4201
7725,CHAOTIC TIME,SPREAD,0,1.4000,1.0000,1.0000,0.5000,1.0000,1.0000,1.0000,-0.0010,1.4191
7726,CHAOTIC TIME,SPREAD,0,1.4000,1.0000,1.0000,0.5000,1.0000,1.0000,1.0000,-0.0009,1.4181
7727,CHAOTIC TRUTH,SPREAD,0,1.3565,1.0000,1.0000,0.2824,1.0000,1.0000,1.0000,-0.2222,1.4150
7728,CHAOTIC TIME,GROW,0,1.4378,1.0000,1.0000,0.6890,1.0000,1.0000,1.0000,0.0010,1.4162
7729,CHAOTIC TIME,GROW,0,1.4378,1.0000,1.0000,0.6890,1.0000,1.0000,1.0000,0.0010,1.4173
7730,CHAOTIC TIME,FAIL,0,1.4707,1.0000,1.0000,0.8536,1.0000,1.0000,1.0000,0.0024,1.4199
7731,CHAOTIC TIME,GROW,0,1.4378,1.0000,1.0000,0.6890,1.0000,1.0000,1.0000,0.0007,1.4208
7732,CHAOTIC TIME,SPREAD,0,1.4000,1.0000,1.0000,0.5000,1.0000,1.0000,1.0000,-0.0009,1.4198
7733,CHAOTIC TIME,GROW,0,1.4378,1.0000,1.0000,0.6890,1.0000,1.0000,1.0000,0.0007,1.4207
7734,CHAOTIC TIME,GROW,0,1.4378,1.0000,1.0000,0.6890,1.0000,1.0000,1.0000,0.0007,1.4215
7735,CHAOTIC TIME,FAIL,0,1.4707,1.0000,1.0000,0.8536,1.0000,1.0000,1.0000,0.0023,1.4240
7736,CHAOTIC TIME,SPREAD,0,1.4000,1.0000,1.0000,0.5000,1.0000,1.0000,1.0000,-0.0009,1.4228
7737,CHAOTIC TIME,SPREAD,0,1.4000,1.0000,1.0000,0.5000,1.0000,1.0000,1.0000,-0.0009,1.4217
7738,CHAOTIC TIME,GROW,0,1.4378,1.0000,1.0000,0.6890,1.0000,1.0000,1.0000,0.0007,1.4225
7739,CHAOTIC TIME,SPREAD,0,1.4000,1.0000,1.0000,0.5000,1.0000,1.0000,1.0000,-0.0009,1.4213
7740,CHAOTIC TIME,SPREAD,0,1.4000,1.0000,1.0000,0.5000,1.0000,1.0000,1.0000,-0.0009,1.4203
7741,CHAOTIC TIME,GROW,0,1.4378,1.0000,1.0000,0.6890,1.0000,1.0000,1.0000,0.0007,1.4212
7742,CHAOTIC TIME,SPREAD,0,1.4000,1.0000,1.0000,0.5000,1.0000,1.0000,1.0000,-0.0009,1.4201
7743,CHAOTIC TIME,GROW,0,1.4378,1.0000,1.0000,0.6890,1.0000,1.0000,1.0000,0.0007,1.4210
7744,CHAOTIC TIME,SPREAD,0,1.4000,1.0000,1.0000,0.5000,1.0000,1.0000,1.0000,-0.0008,1.4199
7745,CHAOTIC TIME,GROW,0,1.4378,1.0000,1.0000,0.6890,1.0000,1.0000,1.0000,0.0007,1.4208
7746,CHAOTIC TIME,GROW,0,1.4378,1.0000,1.0000,0.6890,1.0000,1.0000,1.0000,0.0007,1.4217
7747,CHAOTIC TIME,GROW,0,1.4378,1.0000,1.0000,0.6890,1.0000,1.0000,1.0000,0.0006,1.4225
7748,CHAOTIC TIME,GROW,0,1.4378,1.0000,1.0000,0.6890,1.0000,1.0000,1.0000,0.0006,1.4232
7749,CHAOTIC TRUTH,SPREAD,0,1.3565,1.0000,1.0000,0.2824,1.0000,1.0000,1.0000,-0.2649,1.4199
7750,CHAOTIC TIME,GROW,0,1.4378,1.0000,1.0000,0.6890,1.0000,1.0000,1.0000,0.0007,1.4208
7751,CHAOTIC TIME,GROW,0,1.4378,1.0000,1.0000,0.6890,1.0000,1.0000,1.0000,0.0006,1.4217
7752,CHAOTIC TIME,GROW,0,1.4378,1.0000,1.0000,0.6890,1.0000,1.0000,1.0000,0.0006,1.4225
7753,CHAOTIC TIME,SPREAD,0,1.4000,1.0000,1.0000,0.5000,1.0000,1.0000,1.0000,-0.0008,1.4213
7754,CHAOTIC TIME,GROW,0,1.4378,1.0000,1.0000,0.6890,1.0000,1.0000,1.0000,0.0006,1.4222
7755,CHAOTIC TIME,GROW,0,1.4378,1.0000,1.0000,0.6890,1.0000,1.0000,1.0000,0.0005,1.4229
7756,CHAOTIC TIME,GROW,0,1.4378,1.0000,1.0000,0.6890,1.0000,1.0000,1.0000,0.0005,1.4237
7757,CHAOTIC TIME,GROW,0,1.4378,1.0000,1.0000,0.6890,1.0000,1.0000,1.0000,0.0005,1.4244
7758,CHAOTIC TIME,FAIL,0,1.4707,1.0000,1.0000,0.8536,1.0000,1.0000,1.0000,0.0015,1.4267
7759,CHAOTIC TIME,SPREAD,0,1.4000,1.0000,1.0000,0.5000,1.0000,1.0000,1.0000,-0.0009,1.4254
7760,CHAOTIC TIME,SPREAD,0,1.4000,1.0000,1.0000,0.5000,1.0000,1.0000,1.0000,-0.0008,1.4241
7761,CHAOTIC TIME,GROW,0,1.4378,1.0000,1.0000,0.6890,1.0000,1.0000,1.0000,0.0004,1.4248
7762,CHAOTIC TIME,FAIL,0,1.4707,1.0000,1.0000,0.8536,1.0000,1.0000,1.0000,0.0014,1.4271
7763,CHAOTIC TIME,GROW,0,1.4378,1.0000,1.0000,0.6890,1.0000,1.0000,1.0000,0.0003,1.4276
7764,CHAOTIC TIME,GROW,0,1.4378,1.0000,1.0000,0.6890,1.0000,1.0000,1.0000,0.0003,1.4281
7765,CHAOTIC TIME,SPREAD,0,1.4000,1.0000,1.0000,0.5000,1.0000,1.0000,1.0000,-0.0008,1.4267
7766,CHAOTIC TIME,FAIL,0,1.4707,1.0000,1.0000,0.8536,1.0000,1.0000,1.0000,0.0013,1.4289
7767,CHAOTIC TIME,SPREAD,0,1.4000,1.0000,1.0000,0.5000,1.0000,1.0000,1.0000,-0.0009,1.4275
7768,CHAOTIC TIME,SPREAD,0,1.4000,1.0000,1.0000,0.5000,1.0000,1.0000,1.0000,-0.0009,1.4261
7769,CHAOTIC TIME,SPREAD,0,1.4000,1.0000,1.0000,0.5000,1.0000,1.0000,1.0000,-0.0008,1.4248
7770,CHAOTIC TIME,GROW,0,1.4378,1.0000,1.0000,0.6890,1.0000,1.0000,1.0000,0.0004,1.4254
7771,CHAOTIC TIME,GROW,0,1.4378,1.0000,1.0000,0.6890,1.0000,1.0000,1.0000,0.0004,1.4261
7772,CHAOTIC TIME,GROW,0,1.4378,1.0000,1.0000,0.6890,1.0000,1.0000,1.0000,0.0004,1.4267
7773,CHAOTIC TIME,FAIL,0,1.4707,1.0000,1.0000,0.8536,1.0000,1.0000,1.0000,0.0014,1.4289
7774,CHAOTIC TIME,GROW,0,1.4378,1.0000,1.0000,0.6890,1.0000,1.0000,1.0000,0.0003,1.4293
7775,CHAOTIC TIME,FAIL,0,1.4707,1.0000,1.0000,0.8536,1.0000,1.0000,1.0000,0.0012,1.4314
7776,CHAOTIC TIME,SPREAD,0,1.4000,1.0000,1.0000,0.5000,1.0000,1.0000,1.0000,-0.0010,1.4298
7777,CHAOTIC TIME,GROW,0,1.4378,1.0000,1.0000,0.6890,1.0000,1.0000,1.0000,0.0002,1.4302
7778,CHAOTIC TIME,GROW,0,1.4378,1.0000,1.0000,0.6890,1.0000,1.0000,1.0000,0.0002,1.4306
7779,CHAOTIC TIME,GROW,0,1.4378,1.0000,1.0000,0.6890,1.0000,1.0000,1.0000,0.0002,1.4309
7780,CHAOTIC TIME,GROW,0,1.4378,1.0000,1.0000,0.6890,1.0000,1.0000,1.0000,0.0002,1.4313
7781,CHAOTIC MAP,SPREAD,0,1.3565,1.0000,1.0000,0.2824,1.0000,1.0000,1.0000,-0.6243,1.4275
7782,CHAOTIC TIME,GROW,0,1.4378,1.0000,1.0000,0.6890,1.0000,1.0000,1.0000,0.0003,1.4281
7783,CHAOTIC TIME,SPREAD,0,1.4000,1.0000,1.0000,0.5000,1.0000,1.0000,1.0000,-0.0008,1.4267
7784,CHAOTIC TIME,SPREAD,0,1.4000,1.0000,1.0000,0.5000,1.0000,1.0000,1.0000,-0.0008,1.4253
7785,CHAOTIC TIME,SPREAD,0,1.4000,1.0000,1.0000,0.5000,1.0000,1.0000,1.0000,-0.0008,1.4241
7786,CHAOTIC TIME,GROW,0,1.4378,1.0000,1.0000,0.6890,1.0000,1.0000,1.0000,0.0004,1.4247
7787,CHAOTIC TIME,GROW,0,1.4378,1.0000,1.0000,0.6890,1.0000,1.0000,1.0000,0.0004,1.4254
7788,CHAOTIC TIME,GROW,0,1.4378,1.0000,1.0000,0.6890,1.0000,1.0000,1.0000,0.0003,1.4260
7789,CHAOTIC TIME,GROW,0,1.4378,1.0000,1.0000,0.6890,1.0000,1.0000,1.0000,0.0003,1.4266
7790,CHAOTIC TIME,GROW,0,1.4378,1.0000,1.0000,0.6890,1.0000,1.0000,1.0000,0.0003,1.4272
7791,CHAOTIC TIME,SPREAD,0,1.4000,1.0000,1.0000,0.5000,1.0000,1.0000,1.0000,-0.0007,1.4258
7792,CHAOTIC TIME,FAIL,0,1.4707,1.0000,1.0000,0.8536,1.0000,1.0000,1.0000,0.0012,1.4281
7793,CHAOTIC TIME,SPREAD,0,1.4000,1.0000,1.0000,0.5000,1.0000,1.0000,1.0000,-0.0008,1.4266
7794,CHAOTIC TIME,GROW,0,1.4378,1.0000,1.0000,0.6890,1.0000,1.0000,1.0000,0.0003,1.4272
7795,CHAOTIC TIME,SPREAD,0,1.4000,1.0000,1.0000,0.5000,1.0000,1.0000,1.0000,-0.0008,1.4258
7796,CHAOTIC TIME,GROW,0,1.4378,1.0000,1.0000,0.6890,1.0000,1.0000,1.0000,0.0003,1.4264
7797,CHAOTIC TIME,GROW,0,1.4378,1.0000,1.0000,0.6890,1.0000,1.0000,1.0000,0.0003,1.4270
7798,CHAOTIC TIME,GROW,0,1.4378,1.0000,1.0000,0.6890,1.0000,1.0000,1.0000,0.0003,1.4275
7799,CHAOTIC TIME,GROW,0,1.4378,1.0000,1.0000,0.6890,1.0000,1.0000,1.0000,0.0003,1.4281
7800,CHAOTIC TIME,FAIL,0,1.4707,1.0000,1.0000,0.8536,1.0000,1.0000,1.0000,0.0011,1.4302
7801,CHAOTIC TIME,SPREAD,0,1.4000,1.0000,1.0000,0.5000,1.0000,1.0000,1.0000,-0.0008,1.4287
7802,CHAOTIC TIME,SPREAD,0,1.4000,1.0000,1.0000,0.5000,1.0000,1.0000,1.0000,-0.0007,1.4273
7803,CHAOTIC TIME,GROW,0,1.4378,1.0000,1.0000,0.6890,1.0000,1.0000,1.0000,0.0003,1.4278
7804,CHAOTIC TIME,SPREAD,0,1.4000,1.0000,1.0000,0.5000,1.0000,1.0000,1.0000,-0.0007,1.4264
7805,CHAOTIC TIME,GROW,0,1.4378,1.0000,1.0000,0.6890,1.0000,1.0000,1.0000,0.0003,1.4270
7806,CHAOTIC TIME,GROW,0,1.4378,1.0000,1.0000,0.6890,1.0000,1.0000,1.0000,0.0003,1.4275
7807,CHAOTIC TIME,SPREAD,0,1.4000,1.0000,1.0000,0.5000,1.0000,1.0000,1.0000,-0.0007,1.4261
7808,CHAOTIC TIME,GROW,0,1.4378,1.0000,1.0000,0.6890,1.0000,1.0000,1.0000,0.0003,1.4267
7809,CHAOTIC TIME,SPREAD,0,1.4000,1.0000,1.0000,0.5000,1.0000,1.0000,1.0000,-0.0007,1.4254
7810,CHAOTIC TIME,GROW,0,1.4378,1.0000,1.0000,0.6890,1.0000,1.0000,1.0000,0.0003,1.4260
7811,CHAOTIC TIME,FAIL,0,1.4707,1.0000,1.0000,0.8536,1.0000,1.0000,1.0000,0.0012,1.4282
7812,CHAOTIC TIME,GROW,0,1.4378,1.0000,1.0000,0.6890,1.0000,1.0000,1.0000,0.0003,1.4287
7813,CHAOTIC TIME,FAIL,0,1.4707,1.0000,1.0000,0.8536,1.0000,1.0000,1.0000,0.0012,1.4308
7814,CHAOTIC TIME,SPREAD,0,1.4000,1.0000,1.0000,0.5000,1.0000,1.0000,1.0000,-0.0008,1.4293
7815,PHONE MOVE CHAOTIC STRONG PHONE SEE,CONNECTED ISOLATED DOG,1,0.2618,0.0000,0.8667,0.0091,1.0000,1.0000,0.6000,-23.4056,1.3709
7816,CHAOTIC TIME,SPREAD,0,1.4000,1.0000,1.0000,0.5000,1.0000,1.0000,1.0000,0.0007,1.3724
7817,CHAOTIC TIME,SPREAD,0,1.4000,1.0000,1.0000,0.5000,1.0000,1.0000,1.0000,0.0008,1.3737
7818,CHAOTIC TIME,GROW,0,1.4378,1.0000,1.0000,0.6890,1.0000,1.0000,1.0000,0.0017,1.3769
7819,CHAOTIC TIME,GROW,0,1.4378,1.0000,1.0000,0.6890,1.0000,1.0000,1.0000,0.0016,1.3800
7820,CHAOTIC TIME,GROW,0,1.4378,1.0000,1.0000,0.6890,1.0000,1.0000,1.0000,0.0015,1.3829
7821,CHAOTIC TIME,SPREAD,0,1.4000,1.0000,1.0000,0.5000,1.0000,1.0000,1.0000,0.0005,1.3837
7822,CHAOTIC TIME,SPREAD,0,1.4000,1.0000,1.0000,0.5000,1.0000,1.0000,1.0000,0.0005,1.3845
7823,CHAOTIC TIME,GROW,0,1.4378,1.0000,1.0000,0.6890,1.0000,1.0000,1.0000,0.0014,1.3872
7824,CHAOTIC TIME,SPREAD,0,1.4000,1.0000,1.0000,0.5000,1.0000,1.0000,1.0000,0.0003,1.3878
7825,CHAOTIC TIME,SPREAD,0,1.4000,1.0000,1.0000,0.5000,1.0000,1.0000,1.0000,0.0003,1.3885
7826,CHAOTIC TIME,SPREAD,0,1.4000,1.0000,1.0000,0.5000,1.0000,1.0000,1.0000,0.0003,1.3890
7827,CHAOTIC TIME,GROW,0,1.4378,1.0000,1.0000,0.6890,1.0000,1.0000,1.0000,0.0013,1.3915
7828,CHAOTIC TIME,SPREAD,0,1.4000,1.0000,1.0000,0.5000,1.0000,1.0000,1.0000,0.0002,1.3919
7829,CHAOTIC TIME,SPREAD,0,1.4000,1.0000,1.0000,0.5000,1.0000,1.0000,1.0000,0.0002,1.3923
7830,CHAOTIC TIME,GROW,0,1.4378,1.0000,1.0000,0.6890,1.0000,1.0000,1.0000,0.0013,1.3946
7831,CHAOTIC TIME,SPREAD,0,1.4000,1.0000,1.0000,0.5000,1.0000,1.0000,1.0000,0.0001,1.3948
7832,CHAOTIC TIME,FAIL,0,1.4707,1.0000,1.0000,0.8536,1.0000,1.0000,1.0000,0.0020,1.3986
7833,CHAOTIC TIME,GROW,0,1.4378,1.0000,1.0000,0.6890,1.0000,1.0000,1.0000,0.0010,1.4006
7834,CHAOTIC TIME,FAIL,0,1.4707,1.0000,1.0000,0.8536,1.0000,1.0000,1.0000,0.0018,1.4041
7835,CHAOTIC TIME,GROW,0,1.4378,1.0000,1.0000,0.6890,1.0000,1.0000,1.0000,0.0009,1.4058
7836,CHAOTIC TIME,GROW,0,1.4378,1.0000,1.0000,0.6890,1.0000,1.0000,1.0000,0.0009,1.4074
7837,CHAOTIC TIME,FAIL,0,1.4707,1.0000,1.0000,0.8536,1.0000,1.0000,1.0000,0.0016,1.4106
7838,CHAOTIC TIME,SPREAD,0,1.4000,1.0000,1.0000,0.5000,1.0000,1.0000,1.0000,-0.0003,1.4100
7839,CHAOTIC TIME,SPREAD,0,1.4000,1.0000,1.0000,0.5000,1.0000,1.0000,1.0000,-0.0003,1.4095
7840,CHAOTIC TIME,GROW,0,1.4378,1.0000,1.0000,0.6890,1.0000,1.0000,1.0000,0.0007,1.4109
7841,CHAOTIC TIME,SPREAD,0,1.4000,1.0000,1.0000,0.5000,1.0000,1.0000,1.0000,-0.0003,1.4104
7842,CHAOTIC TIME,GROW,0,1.4378,1.0000,1.0000,0.6890,1.0000,1.0000,1.0000,0.0007,1.4118
7843,CHAOTIC TIME,GROW,0,1.4378,1.0000,1.0000,0.6890,1.0000,1.0000,1.0000,0.0007,1.4131
7844,CHAOTIC TIME,SPREAD,0,1.4000,1.0000,1.0000,0.5000,1.0000,1.0000,1.0000,-0.0004,1.4124
7845,CHAOTIC TIME,GROW,0,1.4378,1.0000,1.0000,0.6890,1.0000,1.0000,1.0000,0.0007,1.4137
7846,CHAOTIC TIME,SPREAD,0,1.4000,1.0000,1.0000,0.5000,1.0000,1.0000,1.0000,-0.0003,1.4130
7847,CHAOTIC TIME,GROW,0,1.4378,1.0000,1.0000,0.6890,1.0000,1.0000,1.0000,0.0007,1.4142
7848,CHAOTIC TIME,GROW,0,1.4378,1.0000,1.0000,0.6890,1.0000,1.0000,1.0000,0.0007,1.4154
7849,CHAOTIC TIME,FAIL,0,1.4707,1.0000,1.0000,0.8536,1.0000,1.0000,1.0000,0.0015,1.4182
7850,CHAOTIC TIME,SPREAD,0,1.4000,1.0000,1.0000,0.5000,1.0000,1.0000,1.0000,-0.0005,1.4173
7851,CHAOTIC TIME,SPREAD,0,1.4000,1.0000,1.0000,0.5000,1.0000,1.0000,1.0000,-0.0004,1.4164
7852,CHAOTIC TIME,GROW,0,1.4378,1.0000,1.0000,0.6890,1.0000,1.0000,1.0000,0.0006,1.4175
7853,CHAOTIC TIME,SPREAD,0,1.4000,1.0000,1.0000,0.5000,1.0000,1.0000,1.0000,-0.0005,1.4166
7854,CHAOTIC TIME,GROW,0,1.4378,1.0000,1.0000,0.6890,1.0000,1.0000,1.0000,0.0005,1.4177
7855,CHAOTIC TIME,GROW,0,1.4378,1.0000,1.0000,0.6890,1.0000,1.0000,1.0000,0.0005,1.4187
7856,CHAOTIC TIME,GROW,0,1.4378,1.0000,1.0000,0.6890,1.0000,1.0000,1.0000,0.0005,1.4196
7857,CHAOTIC TIME,GROW,0,1.4378,1.0000,1.0000,0.6890,1.0000,1.0000,1.0000,0.0005,1.4205
7858,CHAOTIC TIME,GROW,0,1.4378,1.0000,1.0000,0.6890,1.0000,1.0000,1.0000,0.0005,1.4214
7859,CHAOTIC TIME,SPREAD,0,1.4000,1.0000,1.0000,0.5000,1.0000,1.0000,1.0000,-0.0006,1.4203
7860,CHAOTIC TIME,GROW,0,1.4378,1.0000,1.0000,0.6890,1.0000,1.0000,1.0000,0.0004,1.4212
7861,CHAOTIC TIME,SPREAD,0,1.4000,1.0000,1.0000,0.5000,1.0000,1.0000,1.0000,-0.0006,1.4201
7862,CHAOTIC TIME,GROW,0,1.4378,1.0000,1.0000,0.6890,1.0000,1.0000,1.0000,0.0004,1.4210
7863,CHAOTIC TIME,FAIL,0,1.4707,1.0000,1.0000,0.8536,1.0000,1.0000,1.0000,0.0013,1.4235
7864,CHAOTIC TIME,SPREAD,0,1.4000,1.0000,1.0000,0.5000,1.0000,1.0000,1.0000,-0.0006,1.4223
7865,CHAOTIC TIME,SPREAD,0,1.4000,1.0000,1.0000,0.5000,1.0000,1.0000,1.0000,-0.0006,1.4212
7866,CHAOTIC TIME,GROW,0,1.4378,1.0000,1.0000,0.6890,1.0000,1.0000,1.0000,0.0004,1.4220
7867,CHAOTIC TIME,SPREAD,0,1.4000,1.0000,1.0000,0.5000,1.0000,1.0000,1.0000,-0.0006,1.4209
7868,CHAOTIC TIME,SPREAD,0,1.4000,1.0000,1.0000,0.5000,1.0000,1.0000,1.0000,-0.0006,1.4199
7869,CHAOTIC TIME,SPREAD,0,1.4000,1.0000,1.0000,0.5000,1.0000,1.0000,1.0000,-0.0005,1.4189
7870,CHAOTIC TIME,SPREAD,0,1.4000,1.0000,1.0000,0.5000,1.0000,1.0000,1.0000,-0.0005,1.4180
7871,CHAOTIC TIME,SPREAD,0,1.4000,1.0000,1.0000,0.5000,1.0000,1.0000,1.0000,-0.0004,1.4171
7872,CHAOTIC TIME,GROW,0,1.4378,1.0000,1.0000,0.6890,1.0000,1.0000,1.0000,0.0005,1.4181
7873,CHAOTIC TIME,GROW,0,1.4378,1.0000,1.0000,0.6890,1.0000,1.0000,1.0000,0.0005,1.4191
7874,CHAOTIC TIME,GROW,0,1.4378,1.0000,1.0000,0.6890,1.0000,1.0000,1.0000,0.0005,1.4200
7875,CHAOTIC TIME,GROW,0,1.4378,1.0000,1.0000,0.6890,1.0000,1.0000,1.0000,0.0005,1.4209
7876,CHAOTIC TIME,GROW,0,1.4378,1.0000,1.0000,0.6890,1.0000,1.0000,1.0000,0.0004,1.4217
7877,CHAOTIC TIME,SPREAD,0,1.4000,1.0000,1.0000,0.5000,1.0000,1.0000,1.0000,-0.0005,1.4207
7878,CHAOTIC TIME,GROW,0,1.4378,1.0000,1.0000,0.6890,1.0000,1.0000,1.0000,0.0004,1.4215
7879,CHAOTIC TIME,FAIL,0,1.4707,1.0000,1.0000,0.8536,1.0000,1.0000,1.0000,0.0012,1.4240
7880,CHAOTIC TIME,SPREAD,0,1.4000,1.0000,1.0000,0.5000,1.0000,1.0000,1.0000,-0.0006,1.4228
7881,CHAOTIC TIME,FAIL,0,1.4707,1.0000,1.0000,0.8536,1.0000,1.0000,1.0000,0.0012,1.4252
7882,CHAOTIC TIME,FAIL,0,1.4707,1.0000,1.0000,0.8536,1.0000,1.0000,1.0000,0.0012,1.4275
7883,CHAOTIC TIME,FAIL,0,1.4707,1.0000,1.0000,0.8536,1.0000,1.0000,1.0000,0.0011,1.4296
7884,CHAOTIC TIME,GROW,0,1.4378,1.0000,1.0000,0.6890,1.0000,1.0000,1.0000,0.0002,1.4300
7885,CHAOTIC TIME,GROW,0,1.4378,1.0000,1.0000,0.6890,1.0000,1.0000,1.0000,0.0002,1.4304
7886,CHAOTIC TIME,SPREAD,0,1.4000,1.0000,1.0000,0.5000,1.0000,1.0000,1.0000,-0.0009,1.4289
7887,CHAOTIC TIME,GROW,0,1.4378,1.0000,1.0000,0.6890,1.0000,1.0000,1.0000,0.0002,1.4293
7888,CHAOTIC TIME,FAIL,0,1.4707,1.0000,1.0000,0.8536,1.0000,1.0000,1.0000,0.0012,1.4314
7889,CHAOTIC TIME,SPREAD,0,1.4000,1.0000,1.0000,0.5000,1.0000,1.0000,1.0000,-0.0008,1.4298
7890,CHAOTIC TIME,GROW,0,1.4378,1.0000,1.0000,0.6890,1.0000,1.0000,1.0000,0.0002,1.4302
7891,CHAOTIC TIME,GROW,0,1.4378,1.0000,1.0000,0.6890,1.0000,1.0000,1.0000,0.0002,1.4306
7892,CHAOTIC TIME,SPREAD,0,1.4000,1.0000,1.0000,0.5000,1.0000,1.0000,1.0000,-0.0008,1.4291
7893,CHAOTIC TIME,GROW,0,1.4378,1.0000,1.0000,0.6890,1.0000,1.0000,1.0000,0.0002,1.4295
7894,CHAOTIC TIME,SPREAD,0,1.4000,1.0000,1.0000,0.5000,1.0000,1.0000,1.0000,-0.0008,1.4280
7895,CHAOTIC TIME,GROW,0,1.4378,1.0000,1.0000,0.6890,1.0000,1.0000,1.0000,0.0002,1.4285
7896,CHAOTIC TRUTH,SPREAD,0,1.3565,1.0000,1.0000,0.2824,1.0000,1.0000,1.0000,-0.3278,1.4249
7897,CHAOTIC TIME,GROW,0,1.4378,1.0000,1.0000,0.6890,1.0000,1.0000,1.0000,0.0003,1.4256
7898,CHAOTIC TIME,GROW,0,1.4378,1.0000,1.0000,0.6890,1.0000,1.0000,1.0000,0.0003,1.4262
7899,CHAOTIC TIME,SPREAD,0,1.4000,1.0000,1.0000,0.5000,1.0000,1.0000,1.0000,-0.0006,1.4249
7900,CHAOTIC TIME,SPREAD,0,1.4000,1.0000,1.0000,0.5000,1.0000,1.0000,1.0000,-0.0006,1.4236
7901,CHAOTIC TIME,GROW,0,1.4378,1.0000,1.0000,0.6890,1.0000,1.0000,1.0000,0.0003,1.4243
7902,CHAOTIC TIME,FAIL,0,1.4707,1.0000,1.0000,0.8536,1.0000,1.0000,1.0000,0.0011,1.4267
7903,CHAOTIC TIME,SPREAD,0,1.4000,1.0000,1.0000,0.5000,1.0000,1.0000,1.0000,-0.0006,1.4253
7904,CHAOTIC TIME,SPREAD,0,1.4000,1.0000,1.0000,0.5000,1.0000,1.0000,1.0000,-0.0006,1.4241
7905,CHAOTIC TIME,GROW,0,1.4378,1.0000,1.0000,0.6890,1.0000,1.0000,1.0000,0.0003,1.4247
7906,CHAOTIC TIME,GROW,0,1.4378,1.0000,1.0000,0.6890,1.0000,1.0000,1.0000,0.0003,1.4254
7907,CHAOTIC TIME,FAIL,0,1.4707,1.0000,1.0000,0.8536,1.0000,1.0000,1.0000,0.0010,1.4277
7908,CHAOTIC TIME,SPREAD,0,1.4000,1.0000,1.0000,0.5000,1.0000,1.0000,1.0000,-0.0006,1.4263
7909,CHAOTIC TIME,SPREAD,0,1.4000,1.0000,1.0000,0.5000,1.0000,1.0000,1.0000,-0.0006,1.4250
7910,CHAOTIC TIME,GROW,0,1.4378,1.0000,1.0000,0.6890,1.0000,1.0000,1.0000,0.0003,1.4256
7911,CHAOTIC TIME,GROW,0,1.4378,1.0000,1.0000,0.6890,1.0000,1.0000,1.0000,0.0002,1.4262
7912,CHAOTIC TIME,GROW,0,1.4378,1.0000,1.0000,0.6890,1.0000,1.0000,1.0000,0.0003,1.4268
7913,CHAOTIC TIME,SPREAD,0,1.4000,1.0000,1.0000,0.5000,1.0000,1.0000,1.0000,-0.0006,1.4255
7914,CHAOTIC TIME,FAIL,0,1.4707,1.0000,1.0000,0.8536,1.0000,1.0000,1.0000,0.0010,1.4277
7915,CHAOTIC TIME,GROW,0,1.4378,1.0000,1.0000,0.6890,1.0000,1.0000,1.0000,0.0002,1.4282
7916,CHAOTIC TIME,GROW,0,1.4378,1.0000,1.0000,0.6890,1.0000,1.0000,1.0000,0.0002,1.4287
7917,CHAOTIC TIME,FAIL,0,1.4707,1.0000,1.0000,0.8536,1.0000,1.0000,1.0000,0.0009,1.4308
7918,CHAOTIC TIME,GROW,0,1.4378,1.0000,1.0000,0.6890,1.0000,1.0000,1.0000,0.0001,1.4312
7919,CHAOTIC TIME,FAIL,0,1.4707,1.0000,1.0000,0.8536,1.0000,1.0000,1.0000,0.0008,1.4331
7920,CHAOTIC TIME,GROW,0,1.4378,1.0000,1.0000,0.6890,1.0000,1.0000,1.0000,0.0001,1.4334
7921,CHAOTIC TIME,SPREAD,0,1.4000,1.0000,1.0000,0.5000,1.0000,1.0000,1.0000,-0.0007,1.4317
7922,CHAOTIC TIME,SPREAD,0,1.4000,1.0000,1.0000,0.5000,1.0000,1.0000,1.0000,-0.0007,1.4301
7923,CHAOTIC TIME,GROW,0,1.4378,1.0000,1.0000,0.6890,1.0000,1.0000,1.0000,0.0002,1.4305
7924,CHAOTIC TIME,GROW,0,1.4378,1.0000,1.0000,0.6890,1.0000,1.0000,1.0000,0.0001,1.4309
7925,CHAOTIC TIME,SPREAD,0,1.4000,1.0000,1.0000,0.5000,1.0000,1.0000,1.0000,-0.0007,1.4293
7926,CHAOTIC TIME,SPREAD,0,1.4000,1.0000,1.0000,0.5000,1.0000,1.0000,1.0000,-0.0006,1.4279
7927,CHAOTIC TIME,GROW,0,1.4378,1.0000,1.0000,0.6890,1.0000,1.0000,1.0000,0.0002,1.4283
7928,CHAOTIC TIME,FAIL,0,1.4707,1.0000,1.0000,0.8536,1.0000,1.0000,1.0000,0.0009,1.4305
7929,CHAOTIC RIVER,FALL,0,1.3293,1.0000,1.0000,0.1464,1.0000,1.0000,1.0000,-0.9441,1.4254
7930,CHAOTIC TIME,SPREAD,0,1.4000,1.0000,1.0000,0.5000,1.0000,1.0000,1.0000,-0.0005,1.4241
7931,CHAOTIC TIME,GROW,0,1.4378,1.0000,1.0000,0.6890,1.0000,1.0000,1.0000,0.0003,1.4248
7932,CHAOTIC TIME,GROW,0,1.4378,1.0000,1.0000,0.6890,1.0000,1.0000,1.0000,0.0003,1.4255
7933,CHAOTIC TIME,SPREAD,0,1.4000,1.0000,1.0000,0.5000,1.0000,1.0000,1.0000,-0.0005,1.4242
7934,CHAOTIC TIME,GROW,0,1.4378,1.0000,1.0000,0.6890,1.0000,1.0000,1.0000,0.0003,1.4249
7935,CHAOTIC TIME,SPREAD,0,1.4000,1.0000,1.0000,0.5000,1.0000,1.0000,1.0000,-0.0005,1.4236
7936,CHAOTIC TIME,SPREAD,0,1.4000,1.0000,1.0000,0.5000,1.0000,1.0000,1.0000,-0.0005,1.4224
7937,CHAOTIC TIME,GROW,0,1.4378,1.0000,1.0000,0.6890,1.0000,1.0000,1.0000,0.0003,1.4232
7938,CHAOTIC TIME,GROW,0,1.4378,1.0000,1.0000,0.6890,1.0000,1.0000,1.0000,0.0003,1.4239
7939,CHAOTIC TIME,FAIL,0,1.4707,1.0000,1.0000,0.8536,1.0000,1.0000,1.0000,0.0009,1.4263
7940,CHAOTIC TIME,GROW,0,1.4378,1.0000,1.0000,0.6890,1.0000,1.0000,1.0000,0.0002,1.4269
7941,CHAOTIC TIME,SPREAD,0,1.4000,1.0000,1.0000,0.5000,1.0000,1.0000,1.0000,-0.0005,1.4255
7942,CHAOTIC TIME,GROW,0,1.4378,1.0000,1.0000,0.6890,1.0000,1.0000,1.0000,0.0002,1.4261
7943,CHAOTIC TIME,GROW,0,1.4378,1.0000,1.0000,0.6890,1.0000,1.0000,1.0000,0.0002,1.4267
7944,CHAOTIC TIME,GROW,0,1.4378,1.0000,1.0000,0.6890,1.0000,1.0000,1.0000,0.0002,1.4273
7945,MARKET,FALL,0,1.2676,1.0000,0.6667,0.3378,1.0000,1.0000,0.0000,-1.1055,1.4193
7946,CHAOTIC TIME,GROW,0,1.4378,1.0000,1.0000,0.6890,1.0000,1.0000,1.0000,0.0004,1.4202
7947,CHAOTIC TIME,GROW,0,1.4378,1.0000,1.0000,0.6890,1.0000,1.0000,1.0000,0.0003,1.4211
7948,CHAOTIC TIME,GROW,0,1.4378,1.0000,1.0000,0.6890,1.0000,1.0000,1.0000,0.0003,1.4219
7949,CHAOTIC TIME,GROW,0,1.4378,1.0000,1.0000,0.6890,1.0000,1.0000,1.0000,0.0003,1.4227
7950,CHAOTIC TIME,GROW,0,1.4378,1.0000,1.0000,0.6890,1.0000,1.0000,1.0000,0.0003,1.4235
7951,CHAOTIC TIME,GROW,0,1.4378,1.0000,1.0000,0.6890,1.0000,1.0000,1.0000,0.0003,1.4242
7952,CHAOTIC TIME,FAIL,0,1.4707,1.0000,1.0000,0.8536,1.0000,1.0000,1.0000,0.0009,1.4265
7953,CHAOTIC TIME,FAIL,0,1.4707,1.0000,1.0000,0.8536,1.0000,1.0000,1.0000,0.0008,1.4287
7954,CHAOTIC TIME,GROW,0,1.4378,1.0000,1.0000,0.6890,1.0000,1.0000,1.0000,0.0002,1.4292
7955,CHAOTIC TIME,GROW,0,1.4378,1.0000,1.0000,0.6890,1.0000,1.0000,1.0000,0.0002,1.4296
7956,CHAOTIC TIME,SPREAD,0,1.4000,1.0000,1.0000,0.5000,1.0000,1.0000,1.0000,-0.0005,1.4281
7957,CHAOTIC TIME,SPREAD,0,1.4000,1.0000,1.0000,0.5000,1.0000,1.0000,1.0000,-0.0006,1.4267
7958,CHAOTIC TIME,SPREAD,0,1.4000,1.0000,1.0000,0.5000,1.0000,1.0000,1.0000,-0.0005,1.4254
7959,CHAOTIC TIME,FAIL,0,1.4707,1.0000,1.0000,0.8536,1.0000,1.0000,1.0000,0.0009,1.4277
7960,CHAOTIC TIME,GROW,0,1.4378,1.0000,1.0000,0.6890,1.0000,1.0000,1.0000,0.0002,1.4282
7961,CHAOTIC TIME,GROW,0,1.4378,1.0000,1.0000,0.6890,1.0000,1.0000,1.0000,0.0002,1.4286
7962,CHAOTIC TIME,FAIL,0,1.4707,1.0000,1.0000,0.8536,1.0000,1.0000,1.0000,0.0008,1.4307
7963,CHAOTIC TIME,GROW,0,1.4378,1.0000,1.0000,0.6890,1.0000,1.0000,1.0000,0.0001,1.4311
7964,CHAOTIC TIME,SPREAD,0,1.4000,1.0000,1.0000,0.5000,1.0000,1.0000,1.0000,-0.0006,1.4295
7965,CHAOTIC TIME,GROW,0,1.4378,1.0000,1.0000,0.6890,1.0000,1.0000,1.0000,0.0001,1.4300
7966,CHAOTIC TIME,SPREAD,0,1.4000,1.0000,1.0000,0.5000,1.0000,1.0000,1.0000,-0.0005,1.4285
7967,CHAOTIC TIME,GROW,0,1.4378,1.0000,1.0000,0.6890,1.0000,1.0000,1.0000,0.0002,1.4289
7968,CHAOTIC TIME,SPREAD,0,1.4000,1.0000,1.0000,0.5000,1.0000,1.0000,1.0000,-0.0005,1.4275
7969,CHAOTIC TIME,GROW,0,1.4378,1.0000,1.0000,0.6890,1.0000,1.0000,1.0000,0.0002,1.4280
7970,CHAOTIC TIME,GROW,0,1.4378,1.0000,1.0000,0.6890,1.0000,1.0000,1.0000,0.0002,1.4285
7971,CHAOTIC TIME,GROW,0,1.4378,1.0000,1.0000,0.6890,1.0000,1.0000,1.0000,0.0002,1.4289
7972,CHAOTIC TIME,FAIL,0,1.4707,1.0000,1.0000,0.8536,1.0000,1.0000,1.0000,0.0008,1.4310
7973,CHAOTIC TIME,FAIL,0,1.4707,1.0000,1.0000,0.8536,1.0000,1.0000,1.0000,0.0008,1.4330
7974,CHAOTIC TIME,SPREAD,0,1.4000,1.0000,1.0000,0.5000,1.0000,1.0000,1.0000,-0.0006,1.4314
7975,CHAOTIC TIME,GROW,0,1.4378,1.0000,1.0000,0.6890,1.0000,1.0000,1.0000,0.0001,1.4317
7976,CHAOTIC TIME,GROW,0,1.4378,1.0000,1.0000,0.6890,1.0000,1.0000,1.0000,0.0001,1.4320
7977,CHAOTIC TIME,SPREAD,0,1.4000,1.0000,1.0000,0.5000,1.0000,1.0000,1.0000,-0.0006,1.4304
7978,CHAOTIC TIME,GROW,0,1.4378,1.0000,1.0000,0.6890,1.0000,1.0000,1.0000,0.0001,1.4308
7979,CHAOTIC TIME,GROW,0,1.4378,1.0000,1.0000,0.6890,1.0000,1.0000,1.0000,0.0001,1.4311
7980,CHAOTIC TIME,GROW,0,1.4378,1.0000,1.0000,0.6890,1.0000,1.0000,1.0000,0.0001,1.4315
7981,CHAOTIC TIME,GROW,0,1.4378,1.0000,1.0000,0.6890,1.0000,1.0000,1.0000,0.0001,1.4318
7982,CHAOTIC TIME,SPREAD,0,1.4000,1.0000,1.0000,0.5000,1.0000,1.0000,1.0000,-0.0006,1.4302
7983,CHAOTIC TIME,GROW,0,1.4378,1.0000,1.0000,0.6890,1.0000,1.0000,1.0000,0.0001,1.4306
7984,CHAOTIC TIME,GROW,0,1.4378,1.0000,1.0000,0.6890,1.0000,1.0000,1.0000,0.0001,1.4309
7985,CHAOTIC TIME,GROW,0,1.4378,1.0000,1.0000,0.6890,1.0000,1.0000,1.0000,0.0001,1.4313
7986,CHAOTIC TIME,GROW,0,1.4378,1.0000,1.0000,0.6890,1.0000,1.0000,1.0000,0.0001,1.4316
7987,CHAOTIC TIME,GROW,0,1.4378,1.0000,1.0000,0.6890,1.0000,1.0000,1.0000,0.0001,1.4319
7988,CHAOTIC TIME,GROW,0,1.4378,1.0000,1.0000,0.6890,1.0000,1.0000,1.0000,0.0001,1.4322
7989,CHAOTIC TIME,FAIL,0,1.4707,1.0000,1.0000,0.8536,1.0000,1.0000,1.0000,0.0007,1.4341
7990,CHAOTIC TIME,SPREAD,0,1.4000,1.0000,1.0000,0.5000,1.0000,1.0000,1.0000,-0.0007,1.4324
7991,CHAOTIC TIME,FAIL,0,1.4707,1.0000,1.0000,0.8536,1.0000,1.0000,1.0000,0.0007,1.4343
7992,CHAOTIC TIME,SPREAD,0,1.4000,1.0000,1.0000,0.5000,1.0000,1.0000,1.0000,-0.0007,1.4326
7993,CHAOTIC TIME,SPREAD,0,1.4000,1.0000,1.0000,0.5000,1.0000,1.0000,1.0000,-0.0006,1.4310
7994,CHAOTIC TIME,SPREAD,0,1.4000,1.0000,1.0000,0.5000,1.0000,1.0000,1.0000,-0.0006,1.4294
7995,CHAOTIC TIME,GROW,0,1.4378,1.0000,1.0000,0.6890,1.0000,1.0000,1.0000,0.0002,1.4299
7996,CHAOTIC TIME,GROW,0,1.4378,1.0000,1.0000,0.6890,1.0000,1.0000,1.0000,0.0001,1.4303
7997,CHAOTIC TIME,GROW,0,1.4378,1.0000,1.0000,0.6890,1.0000,1.0000,1.0000,0.0001,1.4306
7998,CHAOTIC TIME,GROW,0,1.4378,1.0000,1.0000,0.6890,1.0000,1.0000,1.0000,0.0001,1.4310
7999,CHAOTIC TIME,SPREAD,0,1.4000,1.0000,1.0000,0.5000,1.0000,1.0000,1.0000,-0.0006,1.4294
8000,CHAOTIC TIME,SPREAD,0,1.4000,1.0000,1.0000,0.5000,1.0000,1.0000,1.0000,-0.0005,1.4280
8001,CHAOTIC MAN,FALL,0,1.3404,1.0000,1.0000,0.2019,1.0000,1.0000,1.0000,-0.7318,1.4236
8002,CHAOTIC TIME,GROW,0,1.4378,1.0000,1.0000,0.6890,1.0000,1.0000,1.0000,0.0003,1.4243
8003,CHAOTIC TIME,GROW,0,1.4378,1.0000,1.0000,0.6890,1.0000,1.0000,1.0000,0.0002,1.4250
8004,CHAOTIC TIME,SPREAD,0,1.4000,1.0000,1.0000,0.5000,1.0000,1.0000,1.0000,-0.0005,1.4237
8005,CHAOTIC TIME,SPREAD,0,1.4000,1.0000,1.0000,0.5000,1.0000,1.0000,1.0000,-0.0004,1.4225
8006,CHAOTIC TIME,SPREAD,0,1.4000,1.0000,1.0000,0.5000,1.0000,1.0000,1.0000,-0.0004,1.4214
8007,CHAOTIC TIME,GROW,0,1.4378,1.0000,1.0000,0.6890,1.0000,1.0000,1.0000,0.0003,1.4222
8008,CHAOTIC TIME,SPREAD,0,1.4000,1.0000,1.0000,0.5000,1.0000,1.0000,1.0000,-0.0004,1.4211
8009,CHAOTIC TIME,SPREAD,0,1.4000,1.0000,1.0000,0.5000,1.0000,1.0000,1.0000,-0.0004,1.4201
8010,CHAOTIC TIME,SPREAD,0,1.4000,1.0000,1.0000,0.5000,1.0000,1.0000,1.0000,-0.0003,1.4191
8011,CHAOTIC TIME,GROW,0,1.4378,1.0000,1.0000,0.6890,1.0000,1.0000,1.0000,0.0003,1.4200
8012,CHAOTIC TIME,GROW,0,1.4378,1.0000,1.0000,0.6890,1.0000,1.0000,1.0000,0.0003,1.4209
8013,CHAOTIC TIME,SPREAD,0,1.4000,1.0000,1.0000,0.5000,1.0000,1.0000,1.0000,-0.0003,1.4198
8014,CHAOTIC TIME,FAIL,0,1.4707,1.0000,1.0000,0.8536,1.0000,1.0000,1.0000,0.0009,1.4224
8015,CHAOTIC TIME,SPREAD,0,1.4000,1.0000,1.0000,0.5000,1.0000,1.0000,1.0000,-0.0004,1.4213
8016,CHAOTIC TIME,GROW,0,1.4378,1.0000,1.0000,0.6890,1.0000,1.0000,1.0000,0.0003,1.4221
8017,CHAOTIC TIME,SPREAD,0,1.4000,1.0000,1.0000,0.5000,1.0000,1.0000,1.0000,-0.0004,1.4210
8018,CHAOTIC TIME,GROW,0,1.4378,1.0000,1.0000,0.6890,1.0000,1.0000,1.0000,0.0003,1.4218
8019,CHAOTIC TIME,FAIL,0,1.4707,1.0000,1.0000,0.8536,1.0000,1.0000,1.0000,0.0009,1.4243
8020,CHAOTIC TIME,SPREAD,0,1.4000,1.0000,1.0000,0.5000,1.0000,1.0000,1.0000,-0.0004,1.4231
8021,CHAOTIC TIME,SPREAD,0,1.4000,1.0000,1.0000,0.5000,1.0000,1.0000,1.0000,-0.0004,1.4219
8022,CHAOTIC TIME,FAIL,0,1.4707,1.0000,1.0000,0.8536,1.0000,1.0000,1.0000,0.0009,1.4243
8023,CHAOTIC TIME,GROW,0,1.4378,1.0000,1.0000,0.6890,1.0000,1.0000,1.0000,0.0002,1.4250
8024,CHAOTIC TIME,FAIL,0,1.4707,1.0000,1.0000,0.8536,1.0000,1.0000,1.0000,0.0007,1.4273
8025,CHAOTIC TIME,SPREAD,0,1.4000,1.0000,1.0000,0.5000,1.0000,1.0000,1.0000,-0.0005,1.4259
8026,CHAOTIC TIME,GROW,0,1.4378,1.0000,1.0000,0.6890,1.0000,1.0000,1.0000,0.0002,1.4265
8027,CHAOTIC TIME,SPREAD,0,1.4000,1.0000,1.0000,0.5000,1.0000,1.0000,1.0000,-0.0004,1.4252
8028,CHAOTIC TIME,GROW,0,1.4378,1.0000,1.0000,0.6890,1.0000,1.0000,1.0000,0.0002,1.4258
8029,CHAOTIC TIME,SPREAD,0,1.4000,1.0000,1.0000,0.5000,1.0000,1.0000,1.0000,-0.0004,1.4245
8030,CHAOTIC TIME,GROW,0,1.4378,1.0000,1.0000,0.6890,1.0000,1.0000,1.0000,0.0002,1.4252
8031,CHAOTIC TIME,GROW,0,1.4378,1.0000,1.0000,0.6890,1.0000,1.0000,1.0000,0.0002,1.4258
8032,CHAOTIC TIME,SPREAD,0,1.4000,1.0000,1.0000,0.5000,1.0000,1.0000,1.0000,-0.0004,1.4245
8033,CHAOTIC TIME,SPREAD,0,1.4000,1.0000,1.0000,0.5000,1.0000,1.0000,1.0000,-0.0004,1.4233
8034,CHAOTIC TIME,FAIL,0,1.4707,1.0000,1.0000,0.8536,1.0000,1.0000,1.0000,0.0008,1.4257
8035,CHAOTIC TIME,FAIL,0,1.4707,1.0000,1.0000,0.8536,1.0000,1.0000,1.0000,0.0008,1.4279
8036,CHAOTIC TIME,FAIL,0,1.4707,1.0000,1.0000,0.8536,1.0000,1.0000,1.0000,0.0007,1.4301
8037,CHAOTIC TIME,SPREAD,0,1.4000,1.0000,1.0000,0.5000,1.0000,1.0000,1.0000,-0.0005,1.4286
8038,CHAOTIC TIME,SPREAD,0,1.4000,1.0000,1.0000,0.5000,1.0000,1.0000,1.0000,-0.0005,1.4271
8039,CHAOTIC PATTERN,GROW,0,1.4000,1.0000,1.0000,0.5000,1.0000,1.0000,1.0000,-0.2052,1.4258
8040,CHAOTIC TIME,SPREAD,0,1.4000,1.0000,1.0000,0.5000,1.0000,1.0000,1.0000,-0.0005,1.4245
8041,CHAOTIC TIME,SPREAD,0,1.4000,1.0000,1.0000,0.5000,1.0000,1.0000,1.0000,-0.0004,1.4233
8042,CHAOTIC TIME,SPREAD,0,1.4000,1.0000,1.0000,0.5000,1.0000,1.0000,1.0000,-0.0004,1.4221
8043,CHAOTIC TIME,FAIL,0,1.4707,1.0000,1.0000,0.8536,1.0000,1.0000,1.0000,0.0008,1.4245
8044,CHAOTIC TIME,GROW,0,1.4378,1.0000,1.0000,0.6890,1.0000,1.0000,1.0000,0.0002,1.4252
8045,CHAOTIC TIME,GROW,0,1.4378,1.0000,1.0000,0.6890,1.0000,1.0000,1.0000,0.0002,1.4258
8046,CHAOTIC TIME,GROW,0,1.4378,1.0000,1.0000,0.6890,1.0000,1.0000,1.0000,0.0002,1.4264
8047,CHAOTIC TIME,SPREAD,0,1.4000,1.0000,1.0000,0.5000,1.0000,1.0000,1.0000,-0.0004,1.4251
8048,CHAOTIC TIME,FAIL,0,1.4707,1.0000,1.0000,0.8536,1.0000,1.0000,1.0000,0.0007,1.4274
8049,CHAOTIC TRUTH,SPREAD,0,1.3565,1.0000,1.0000,0.2824,1.0000,1.0000,1.0000,-0.3645,1.4238
8050,CHAOTIC TIME,GROW,0,1.4378,1.0000,1.0000,0.6890,1.0000,1.0000,1.0000,0.0002,1.4245
8051,CHAOTIC TIME,GROW,0,1.4378,1.0000,1.0000,0.6890,1.0000,1.0000,1.0000,0.0002,1.4252
8052,CHAOTIC TIME,GROW,0,1.4378,1.0000,1.0000,0.6890,1.0000,1.0000,1.0000,0.0002,1.4258
8053,CHAOTIC TIME,FAIL,0,1.4707,1.0000,1.0000,0.8536,1.0000,1.0000,1.0000,0.0006,1.4281
8054,CHAOTIC TIME,SPREAD,0,1.4000,1.0000,1.0000,0.5000,1.0000,1.0000,1.0000,-0.0004,1.4267
8055,CHAOTIC TIME,GROW,0,1.4378,1.0000,1.0000,0.6890,1.0000,1.0000,1.0000,0.0002,1.4272
8056,CHAOTIC TIME,FAIL,0,1.4707,1.0000,1.0000,0.8536,1.0000,1.0000,1.0000,0.0006,1.4294
8057,CHAOTIC TIME,GROW,0,1.4378,1.0000,1.0000,0.6890,1.0000,1.0000,1.0000,0.0001,1.4298
8058,CHAOTIC TIME,GROW,0,1.4378,1.0000,1.0000,0.6890,1.0000,1.0000,1.0000,0.0001,1.4302
8059,CHAOTIC TIME,GROW,0,1.4378,1.0000,1.0000,0.6890,1.0000,1.0000,1.0000,0.0001,1.4306
8060,CHAOTIC TIME,GROW,0,1.4378,1.0000,1.0000,0.6890,1.0000,1.0000,1.0000,0.0001,1.4310
8061,CHAOTIC TIME,FAIL,0,1.4707,1.0000,1.0000,0.8536,1.0000,1.0000,1.0000,0.0005,1.4329
8062,CHAOTIC TIME,SPREAD,0,1.4000,1.0000,1.0000,0.5000,1.0000,1.0000,1.0000,-0.0004,1.4313
8063,CHAOTIC TIME,SPREAD,0,1.4000,1.0000,1.0000,0.5000,1.0000,1.0000,1.0000,-0.0004,1.4297
8064,CHAOTIC TIME,SPREAD,0,1.4000,1.0000,1.0000,0.5000,1.0000,1.0000,1.0000,-0.0004,1.4282
8065,CHAOTIC TIME,SPREAD,0,1.4000,1.0000,1.0000,0.5000,1.0000,1.0000,1.0000,-0.0004,1.4268
8066,CHAOTIC TIME,SPREAD,0,1.4000,1.0000,1.0000,0.5000,1.0000,1.0000,1.0000,-0.0004,1.4255
8067,CHAOTIC TIME,FAIL,0,1.4707,1.0000,1.0000,0.8536,1.0000,1.0000,1.0000,0.0006,1.4278
8068,CHAOTIC TIME,GROW,0,1.4378,1.0000,1.0000,0.6890,1.0000,1.0000,1.0000,0.0001,1.4283
8069,CHAOTIC TIME,GROW,0,1.4378,1.0000,1.0000,0.6890,1.0000,1.0000,1.0000,0.0001,1.4287
8070,CHAOTIC TIME,GROW,0,1.4378,1.0000,1.0000,0.6890,1.0000,1.0000,1.0000,0.0001,1.4292
8071,CHAOTIC TIME,GROW,0,1.4378,1.0000,1.0000,0.6890,1.0000,1.0000,1.0000,0.0001,1.4296
8072,CHAOTIC TIME,FAIL,0,1.4707,1.0000,1.0000,0.8536,1.0000,1.0000,1.0000,0.0005,1.4317
8073,CHAOTIC TIME,GROW,0,1.4378,1.0000,1.0000,0.6890,1.0000,1.0000,1.0000,0.0001,1.4320
8074,CHAOTIC TIME,GROW,0,1.4378,1.0000,1.0000,0.6890,1.0000,1.0000,1.0000,0.0001,1.4323
8075,CHAOTIC TIME,SPREAD,0,1.4000,1.0000,1.0000,0.5000,1.0000,1.0000,1.0000,-0.0004,1.4307
8076,CHAOTIC TIME,FAIL,0,1.4707,1.0000,1.0000,0.8536,1.0000,1.0000,1.0000,0.0005,1.4327
8077,CHAOTIC TIME,SPREAD,0,1.4000,1.0000,1.0000,0.5000,1.0000,1.0000,1.0000,-0.0004,1.4310
8078,CHAOTIC TIME,SPREAD,0,1.4000,1.0000,1.0000,0.5000,1.0000,1.0000,1.0000,-0.0004,1.4295
8079,CHAOTIC TIME,SPREAD,0,1.4000,1.0000,1.0000,0.5000,1.0000,1.0000,1.0000,-0.0004,1.4280
8080,CHAOTIC TIME,SPREAD,0,1.4000,1.0000,1.0000,0.5000,1.0000,1.0000,1.0000,-0.0004,1.4266
8081,CHAOTIC TIME,GROW,0,1.4378,1.0000,1.0000,0.6890,1.0000,1.0000,1.0000,0.0001,1.4272
8082,CHAOTIC TIME,GROW,0,1.4378,1.0000,1.0000,0.6890,1.0000,1.0000,1.0000,0.0001,1.4277
8083,CHAOTIC TIME,GROW,0,1.4378,1.0000,1.0000,0.6890,1.0000,1.0000,1.0000,0.0001,1.4282
8084,CHAOTIC TIME,FAIL,0,1.4707,1.0000,1.0000,0.8536,1.0000,1.0000,1.0000,0.0006,1.4303
8085,CHAOTIC TIME,GROW,0,1.4378,1.0000,1.0000,0.6890,1.0000,1.0000,1.0000,0.0001,1.4307
8086,CHAOTIC TIME,FAIL,0,1.4707,1.0000,1.0000,0.8536,1.0000,1.0000,1.0000,0.0005,1.4327
8087,CHAOTIC TIME,SPREAD,0,1.4000,1.0000,1.0000,0.5000,1.0000,1.0000,1.0000,-0.0004,1.4311
8088,CHAOTIC TIME,FAIL,0,1.4707,1.0000,1.0000,0.8536,1.0000,1.0000,1.0000,0.0005,1.4330
8089,CHAOTIC TIME,GROW,0,1.4378,1.0000,1.0000,0.6890,1.0000,1.0000,1.0000,0.0001,1.4333
8090,CHAOTIC TIME,FAIL,0,1.4707,1.0000,1.0000,0.8536,1.0000,1.0000,1.0000,0.0005,1.4352
8091,CHAOTIC TIME,GROW,0,1.4378,1.0000,1.0000,0.6890,1.0000,1.0000,1.0000,0.0000,1.4353
8092,CHAOTIC TIME,SPREAD,0,1.4000,1.0000,1.0000,0.5000,1.0000,1.0000,1.0000,-0.0004,1.4335
8093,CHAOTIC TIME,GROW,0,1.4378,1.0000,1.0000,0.6890,1.0000,1.0000,1.0000,0.0001,1.4337
8094,CHAOTIC TIME,GROW,0,1.4378,1.0000,1.0000,0.6890,1.0000,1.0000,1.0000,0.0001,1.4339
8095,CHAOTIC TIME,FAIL,0,1.4707,1.0000,1.0000,0.8536,1.0000,1.0000,1.0000,0.0005,1.4358
8096,CHAOTIC TIME,SPREAD,0,1.4000,1.0000,1.0000,0.5000,1.0000,1.0000,1.0000,-0.0005,1.4340
8097,CHAOTIC TIME,FAIL,0,1.4707,1.0000,1.0000,0.8536,1.0000,1.0000,1.0000,0.0005,1.4358
8098,CHAOTIC TIME,GROW,0,1.4378,1.0000,1.0000,0.6890,1.0000,1.0000,1.0000,0.0000,1.4359
8099,CHAOTIC TIME,SPREAD,0,1.4000,1.0000,1.0000,0.5000,1.0000,1.0000,1.0000,-0.0005,1.4341
8100,CHAOTIC TIME,GROW,0,1.4378,1.0000,1.0000,0.6890,1.0000,1.0000,1.0000,0.0000,1.4343
8101,CHAOTIC TIME,SPREAD,0,1.4000,1.0000,1.0000,0.5000,1.0000,1.0000,1.0000,-0.0004,1.4326
8102,CHAOTIC TIME,FAIL,0,1.4707,1.0000,1.0000,0.8536,1.0000,1.0000,1.0000,0.0005,1.4345
8103,CHAOTIC TIME,SPREAD,0,1.4000,1.0000,1.0000,0.5000,1.0000,1.0000,1.0000,-0.0004,1.4328
8104,CHAOTIC TIME,SPREAD,0,1.4000,1.0000,1.0000,0.5000,1.0000,1.0000,1.0000,-0.0004,1.4311
8105,CHAOTIC TIME,SPREAD,0,1.4000,1.0000,1.0000,0.5000,1.0000,1.0000,1.0000,-0.0004,1.4296
8106,CHAOTIC TIME,GROW,0,1.4378,1.0000,1.0000,0.6890,1.0000,1.0000,1.0000,0.0001,1.4300
8107,CHAOTIC TIME,SPREAD,0,1.4000,1.0000,1.0000,0.5000,1.0000,1.0000,1.0000,-0.0004,1.4285
8108,CHAOTIC TIME,GROW,0,1.4378,1.0000,1.0000,0.6890,1.0000,1.0000,1.0000,0.0001,1.4290
8109,CHAOTIC TIME,SPREAD,0,1.4000,1.0000,1.0000,0.5000,1.0000,1.0000,1.0000,-0.0004,1.4275
8110,CHAOTIC TIME,GROW,0,1.4378,1.0000,1.0000,0.6890,1.0000,1.0000,1.0000,0.0001,1.4280
8111,CHAOTIC TIME,SPREAD,0,1.4000,1.0000,1.0000,0.5000,1.0000,1.0000,1.0000,-0.0004,1.4266
8112,CHAOTIC TIME,GROW,0,1.4378,1.0000,1.0000,0.6890,1.0000,1.0000,1.0000,0.0001,1.4272
8113,CHAOTIC TIME,SPREAD,0,1.4000,1.0000,1.0000,0.5000,1.0000,1.0000,1.0000,-0.0004,1.4258
8114,CHAOTIC TIME,SPREAD,0,1.4000,1.0000,1.0000,0.5000,1.0000,1.0000,1.0000,-0.0003,1.4245
8115,CHAOTIC TIME,SPREAD,0,1.4000,1.0000,1.0000,0.5000,1.0000,1.0000,1.0000,-0.0003,1.4233
8116,CHAOTIC TIME,GROW,0,1.4378,1.0000,1.0000,0.6890,1.0000,1.0000,1.0000,0.0002,1.4240
8117,CHAOTIC TIME,SPREAD,0,1.4000,1.0000,1.0000,0.5000,1.0000,1.0000,1.0000,-0.0003,1.4228
8118,CHAOTIC TIME,GROW,0,1.4378,1.0000,1.0000,0.6890,1.0000,1.0000,1.0000,0.0002,1.4236
8119,CHAOTIC TIME,SPREAD,0,1.4000,1.0000,1.0000,0.5000,1.0000,1.0000,1.0000,-0.0003,1.4224
8120,CHAOTIC TIME,GROW,0,1.4378,1.0000,1.0000,0.6890,1.0000,1.0000,1.0000,0.0002,1.4232
8121,CHAOTIC TIME,SPREAD,0,1.4000,1.0000,1.0000,0.5000,1.0000,1.0000,1.0000,-0.0003,1.4220
8122,CHAOTIC TIME,SPREAD,0,1.4000,1.0000,1.0000,0.5000,1.0000,1.0000,1.0000,-0.0003,1.4209
8123,CHAOTIC TIME,GROW,0,1.4378,1.0000,1.0000,0.6890,1.0000,1.0000,1.0000,0.0002,1.4218
8124,CHAOTIC TIME,SPREAD,0,1.4000,1.0000,1.0000,0.5000,1.0000,1.0000,1.0000,-0.0003,1.4207
8125,CHAOTIC TIME,SPREAD,0,1.4000,1.0000,1.0000,0.5000,1.0000,1.0000,1.0000,-0.0003,1.4196
8126,CHAOTIC TIME,SPREAD,0,1.4000,1.0000,1.0000,0.5000,1.0000,1.0000,1.0000,-0.0003,1.4187
8127,CHAOTIC TIME,SPREAD,0,1.4000,1.0000,1.0000,0.5000,1.0000,1.0000,1.0000,-0.0002,1.4177
8128,CHAOTIC TIME,GROW,0,1.4378,1.0000,1.0000,0.6890,1.0000,1.0000,1.0000,0.0003,1.4187
8129,CHAOTIC TIME,GROW,0,1.4378,1.0000,1.0000,0.6890,1.0000,1.0000,1.0000,0.0003,1.4197
8130,CHAOTIC TIME,SPREAD,0,1.4000,1.0000,1.0000,0.5000,1.0000,1.0000,1.0000,-0.0002,1.4187
8131,CHAOTIC TIME,SPREAD,0,1.4000,1.0000,1.0000,0.5000,1.0000,1.0000,1.0000,-0.0002,1.4178
8132,CHAOTIC TIME,FAIL,0,1.4707,1.0000,1.0000,0.8536,1.0000,1.0000,1.0000,0.0007,1.4204
8133,CHAOTIC TIME,GROW,0,1.4378,1.0000,1.0000,0.6890,1.0000,1.0000,1.0000,0.0002,1.4213
8134,CHAOTIC TIME,GROW,0,1.4378,1.0000,1.0000,0.6890,1.0000,1.0000,1.0000,0.0002,1.4221
8135,CHAOTIC TIME,SPREAD,0,1.4000,1.0000,1.0000,0.5000,1.0000,1.0000,1.0000,-0.0003,1.4210
8136,CHAOTIC TIME,FAIL,0,1.4707,1.0000,1.0000,0.8536,1.0000,1.0000,1.0000,0.0007,1.4235
8137,CHAOTIC TIME,FAIL,0,1.4707,1.0000,1.0000,0.8536,1.0000,1.0000,1.0000,0.0006,1.4258
8138,CHAOTIC TIME,FAIL,0,1.4707,1.0000,1.0000,0.8536,1.0000,1.0000,1.0000,0.0006,1.4281
8139,CHAOTIC TIME,GROW,0,1.4378,1.0000,1.0000,0.6890,1.0000,1.0000,1.0000,0.0001,1.4286
8140,CHAOTIC TIME,GROW,0,1.4378,1.0000,1.0000,0.6890,1.0000,1.0000,1.0000,0.0001,1.4290
8141,CHAOTIC TIME,FAIL,0,1.4707,1.0000,1.0000,0.8536,1.0000,1.0000,1.0000,0.0005,1.4311
8142,CHAOTIC TIME,FAIL,0,1.4707,1.0000,1.0000,0.8536,1.0000,1.0000,1.0000,0.0005,1.4331
8143,CHAOTIC TIME,SPREAD,0,1.4000,1.0000,1.0000,0.5000,1.0000,1.0000,1.0000,-0.0004,1.4314
8144,CHAOTIC TIME,SPREAD,0,1.4000,1.0000,1.0000,0.5000,1.0000,1.0000,1.0000,-0.0004,1.4299
8145,CHAOTIC TIME,GROW,0,1.4378,1.0000,1.0000,0.6890,1.0000,1.0000,1.0000,0.0001,1.4303
8146,CHAOTIC TIME,GROW,0,1.4378,1.0000,1.0000,0.6890,1.0000,1.0000,1.0000,0.0001,1.4306
8147,CHAOTIC TIME,GROW,0,1.4378,1.0000,1.0000,0.6890,1.0000,1.0000,1.0000,0.0001,1.4310
8148,CHAOTIC TIME,SPREAD,0,1.4000,1.0000,1.0000,0.5000,1.0000,1.0000,1.0000,-0.0004,1.4295
8149,CHAOTIC TIME,SPREAD,0,1.4000,1.0000,1.0000,0.5000,1.0000,1.0000,1.0000,-0.0004,1.4280
8150,CHAOTIC TIME,GROW,0,1.4378,1.0000,1.0000,0.6890,1.0000,1.0000,1.0000,0.0001,1.4285
8151,CHAOTIC TIME,FAIL,0,1.4707,1.0000,1.0000,0.8536,1.0000,1.0000,1.0000,0.0005,1.4306
8152,CHAOTIC TIME,GROW,0,1.4378,1.0000,1.0000,0.6890,1.0000,1.0000,1.0000,0.0001,1.4309
8153,CHAOTIC TIME,GROW,0,1.4378,1.0000,1.0000,0.6890,1.0000,1.0000,1.0000,0.0001,1.4313
8154,CHAOTIC TIME,FAIL,0,1.4707,1.0000,1.0000,0.8536,1.0000,1.0000,1.0000,0.0005,1.4333
8155,CHAOTIC TIME,SPREAD,0,1.4000,1.0000,1.0000,0.5000,1.0000,1.0000,1.0000,-0.0004,1.4316
8156,CHAOTIC TIME,GROW,0,1.4378,1.0000,1.0000,0.6890,1.0000,1.0000,1.0000,0.0001,1.4319
8157,CHAOTIC TIME,GROW,0,1.4378,1.0000,1.0000,0.6890,1.0000,1.0000,1.0000,0.0001,1.4322
8158,CHAOTIC TIME,GROW,0,1.4378,1.0000,1.0000,0.6890,1.0000,1.0000,1.0000,0.0001,1.4325
8159,CHAOTIC TIME,GROW,0,1.4378,1.0000,1.0000,0.6890,1.0000,1.0000,1.0000,0.0001,1.4327
8160,CHAOTIC TIME,SPREAD,0,1.4000,1.0000,1.0000,0.5000,1.0000,1.0000,1.0000,-0.0004,1.4311
8161,CHAOTIC TIME,SPREAD,0,1.4000,1.0000,1.0000,0.5000,1.0000,1.0000,1.0000,-0.0004,1.4296
8162,CHAOTIC TIME,GROW,0,1.4378,1.0000,1.0000,0.6890,1.0000,1.0000,1.0000,0.0001,1.4300
8163,CHAOTIC TIME,GROW,0,1.4378,1.0000,1.0000,0.6890,1.0000,1.0000,1.0000,0.0001,1.4304
8164,CHAOTIC TIME,GROW,0,1.4378,1.0000,1.0000,0.6890,1.0000,1.0000,1.0000,0.0001,1.4307
8165,CHAOTIC TIME,GROW,0,1.4378,1.0000,1.0000,0.6890,1.0000,1.0000,1.0000,0.0001,1.4311
8166,CHAOTIC TIME,GROW,0,1.4378,1.0000,1.0000,0.6890,1.0000,1.0000,1.0000,0.0001,1.4314
8167,CHAOTIC TIME,SPREAD,0,1.4000,1.0000,1.0000,0.5000,1.0000,1.0000,1.0000,-0.0004,1.4298
8168,CHAOTIC TIME,GROW,0,1.4378,1.0000,1.0000,0.6890,1.0000,1.0000,1.0000,0.0001,1.4302
8169,CHAOTIC TIME,GROW,0,1.4378,1.0000,1.0000,0.6890,1.0000,1.0000,1.0000,0.0001,1.4306
8170,CHAOTIC TIME,GROW,0,1.4378,1.0000,1.0000,0.6890,1.0000,1.0000,1.0000,0.0001,1.4310
8171,CHAOTIC TIME,SPREAD,0,1.4000,1.0000,1.0000,0.5000,1.0000,1.0000,1.0000,-0.0004,1.4294
8172,CHAOTIC TIME,SPREAD,0,1.4000,1.0000,1.0000,0.5000,1.0000,1.0000,1.0000,-0.0004,1.4280
8173,CHAOTIC TIME,SPREAD,0,1.4000,1.0000,1.0000,0.5000,1.0000,1.0000,1.0000,-0.0004,1.4266
8174,CHAOTIC TIME,GROW,0,1.4378,1.0000,1.0000,0.6890,1.0000,1.0000,1.0000,0.0001,1.4271
8175,CHAOTIC TIME,GROW,0,1.4378,1.0000,1.0000,0.6890,1.0000,1.0000,1.0000,0.0001,1.4277
8176,CHAOTIC TIME,GROW,0,1.4378,1.0000,1.0000,0.6890,1.0000,1.0000,1.0000,0.0001,1.4282
8177,CHAOTIC TIME,FAIL,0,1.4707,1.0000,1.0000,0.8536,1.0000,1.0000,1.0000,0.0006,1.4303
8178,CHAOTIC TIME,SPREAD,0,1.4000,1.0000,1.0000,0.5000,1.0000,1.0000,1.0000,-0.0004,1.4288
8179,CHAOTIC TIME,SPREAD,0,1.4000,1.0000,1.0000,0.5000,1.0000,1.0000,1.0000,-0.0004,1.4273
8180,CHAOTIC TIME,GROW,0,1.4378,1.0000,1.0000,0.6890,1.0000,1.0000,1.0000,0.0001,1.4279
8181,CHAOTIC TIME,SPREAD,0,1.4000,1.0000,1.0000,0.5000,1.0000,1.0000,1.0000,-0.0004,1.4265
8182,CHAOTIC TIME,GROW,0,1.4378,1.0000,1.0000,0.6890,1.0000,1.0000,1.0000,0.0001,1.4270
8183,CHAOTIC TIME,FAIL,0,1.4707,1.0000,1.0000,0.8536,1.0000,1.0000,1.0000,0.0006,1.4292
8184,CHAOTIC TIME,SPREAD,0,1.4000,1.0000,1.0000,0.5000,1.0000,1.0000,1.0000,-0.0004,1.4278
8185,CHAOTIC TIME,GROW,0,1.4378,1.0000,1.0000,0.6890,1.0000,1.0000,1.0000,0.0001,1.4283
8186,CHAOTIC TIME,GROW,0,1.4378,1.0000,1.0000,0.6890,1.0000,1.0000,1.0000,0.0001,1.4287
8187,CHAOTIC TIME,GROW,0,1.4378,1.0000,1.0000,0.6890,1.0000,1.0000,1.0000,0.0001,1.4292
8188,CHAOTIC TIME,FAIL,0,1.4707,1.0000,1.0000,0.8536,1.0000,1.0000,1.0000,0.0005,1.4313
8189,CHAOTIC TIME,SPREAD,0,1.4000,1.0000,1.0000,0.5000,1.0000,1.0000,1.0000,-0.0004,1.4297
8190,CHAOTIC TIME,GROW,0,1.4378,1.0000,1.0000,0.6890,1.0000,1.0000,1.0000,0.0001,1.4301
8191,CHAOTIC TIME,SPREAD,0,1.4000,1.0000,1.0000,0.5000,1.0000,1.0000,1.0000,-0.0004,1.4286
8192,CHAOTIC TIME,FAIL,0,1.4707,1.0000,1.0000,0.8536,1.0000,1.0000,1.0000,0.0005,1.4307
8193,CHAOTIC TIME,GROW,0,1.4378,1.0000,1.0000,0.6890,1.0000,1.0000,1.0000,0.0001,1.4311
8194,CHAOTIC TIME,SPREAD,0,1.4000,1.0000,1.0000,0.5000,1.0000,1.0000,1.0000,-0.0004,1.4295
8195,CHAOTIC TIME,SPREAD,0,1.4000,1.0000,1.0000,0.5000,1.0000,1.0000,1.0000,-0.0004,1.4280
8196,CHAOTIC TIME,GROW,0,1.4378,1.0000,1.0000,0.6890,1.0000,1.0000,1.0000,0.0001,1.4285
8197,CHAOTIC TIME,FAIL,0,1.4707,1.0000,1.0000,0.8536,1.0000,1.0000,1.0000,0.0005,1.4306
8198,CHAOTIC TIME,SPREAD,0,1.4000,1.0000,1.0000,0.5000,1.0000,1.0000,1.0000,-0.0004,1.4291
8199,CHAOTIC TIME,SPREAD,0,1.4000,1.0000,1.0000,0.5000,1.0000,1.0000,1.0000,-0.0004,1.4276
8200,CHAOTIC TIME,GROW,0,1.4378,1.0000,1.0000,0.6890,1.0000,1.0000,1.0000,0.0001,1.4282
8201,CHAOTIC TIME,SPREAD,0,1.4000,1.0000,1.0000,0.5000,1.0000,1.0000,1.0000,-0.0003,1.4267
8202,CHAOTIC TIME,SPREAD,0,1.4000,1.0000,1.0000,0.5000,1.0000,1.0000,1.0000,-0.0003,1.4254
8203,CHAOTIC TIME,SPREAD,0,1.4000,1.0000,1.0000,0.5000,1.0000,1.0000,1.0000,-0.0003,1.4241
8204,CHAOTIC TIME,GROW,0,1.4378,1.0000,1.0000,0.6890,1.0000,1.0000,1.0000,0.0002,1.4248
8205,CHAOTIC TIME,SPREAD,0,1.4000,1.0000,1.0000,0.5000,1.0000,1.0000,1.0000,-0.0003,1.4236
8206,CHAOTIC TIME,GROW,0,1.4378,1.0000,1.0000,0.6890,1.0000,1.0000,1.0000,0.0002,1.4243
8207,CHAOTIC TIME,SPREAD,0,1.4000,1.0000,1.0000,0.5000,1.0000,1.0000,1.0000,-0.0003,1.4231
8208,CHAOTIC TIME,GROW,0,1.4378,1.0000,1.0000,0.6890,1.0000,1.0000,1.0000,0.0002,1.4238
8209,CHAOTIC TIME,FAIL,0,1.4707,1.0000,1.0000,0.8536,1.0000,1.0000,1.0000,0.0006,1.4262
8210,CHAOTIC TIME,GROW,0,1.4378,1.0000,1.0000,0.6890,1.0000,1.0000,1.0000,0.0001,1.4267
8211,CHAOTIC TIME,GROW,0,1.4378,1.0000,1.0000,0.6890,1.0000,1.0000,1.0000,0.0001,1.4273
8212,CHAOTIC TIME,GROW,0,1.4378,1.0000,1.0000,0.6890,1.0000,1.0000,1.0000,0.0001,1.4278
8213,CHAOTIC TIME,GROW,0,1.4378,1.0000,1.0000,0.6890,1.0000,1.0000,1.0000,0.0001,1.4283
8214,CHAOTIC TIME,SPREAD,0,1.4000,1.0000,1.0000,0.5000,1.0000,1.0000,1.0000,-0.0004,1.4269
8215,CHAOTIC TIME,SPREAD,0,1.4000,1.0000,1.0000,0.5000,1.0000,1.0000,1.0000,-0.0003,1.4256
8216,CHAOTIC TIME,GROW,0,1.4378,1.0000,1.0000,0.6890,1.0000,1.0000,1.0000,0.0002,1.4262
8217,CHAOTIC TIME,GROW,0,1.4378,1.0000,1.0000,0.6890,1.0000,1.0000,1.0000,0.0001,1.4267
8218,CHAOTIC TIME,SPREAD,0,1.4000,1.0000,1.0000,0.5000,1.0000,1.0000,1.0000,-0.0004,1.4254
8219,CHAOTIC TIME,FAIL,0,1.4707,1.0000,1.0000,0.8536,1.0000,1.0000,1.0000,0.0006,1.4277
8220,CHAOTIC TIME,FAIL,0,1.4707,1.0000,1.0000,0.8536,1.0000,1.0000,1.0000,0.0006,1.4298
8221,CHAOTIC TIME,GROW,0,1.4378,1.0000,1.0000,0.6890,1.0000,1.0000,1.0000,0.0001,1.4302
8222,CHAOTIC TIME,SPREAD,0,1.4000,1.0000,1.0000,0.5000,1.0000,1.0000,1.0000,-0.0004,1.4287
8223,CHAOTIC TIME,GROW,0,1.4378,1.0000,1.0000,0.6890,1.0000,1.0000,1.0000,0.0001,1.4292
8224,CHAOTIC TIME,SPREAD,0,1.4000,1.0000,1.0000,0.5000,1.0000,1.0000,1.0000,-0.0004,1.4277
8225,CHAOTIC TIME,SPREAD,0,1.4000,1.0000,1.0000,0.5000,1.0000,1.0000,1.0000,-0.0003,1.4263
8226,CHAOTIC TIME,FAIL,0,1.4707,1.0000,1.0000,0.8536,1.0000,1.0000,1.0000,0.0006,1.4285
8227,CHAOTIC TIME,SPREAD,0,1.4000,1.0000,1.0000,0.5000,1.0000,1.0000,1.0000,-0.0004,1.4271
8228,CHAOTIC TIME,GROW,0,1.4378,1.0000,1.0000,0.6890,1.0000,1.0000,1.0000,0.0001,1.4277
8229,CHAOTIC TIME,GROW,0,1.4378,1.0000,1.0000,0.6890,1.0000,1.0000,1.0000,0.0001,1.4282
8230,CHAOTIC TIME,SPREAD,0,1.4000,1.0000,1.0000,0.5000,1.0000,1.0000,1.0000,-0.0003,1.4268
8231,CHAOTIC TIME,GROW,0,1.4378,1.0000,1.0000,0.6890,1.0000,1.0000,1.0000,0.0001,1.4273
8232,CHAOTIC TIME,SPREAD,0,1.4000,1.0000,1.0000,0.5000,1.0000,1.0000,1.0000,-0.0004,1.4259
8233,CHAOTIC TIME,GROW,0,1.4378,1.0000,1.0000,0.6890,1.0000,1.0000,1.0000,0.0002,1.4265
8234,CHAOTIC TIME,GROW,0,1.4378,1.0000,1.0000,0.6890,1.0000,1.0000,1.0000,0.0001,1.4271
8235,CHAOTIC TIME,SPREAD,0,1.4000,1.0000,1.0000,0.5000,1.0000,1.0000,1.0000,-0.0003,1.4257
8236,CHAOTIC TIME,GROW,0,1.4378,1.0000,1.0000,0.6890,1.0000,1.0000,1.0000,0.0001,1.4263
8237,CHAOTIC TIME,GROW,0,1.4378,1.0000,1.0000,0.6890,1.0000,1.0000,1.0000,0.0002,1.4269
8238,CHAOTIC TIME,FAIL,0,1.4707,1.0000,1.0000,0.8536,1.0000,1.0000,1.0000,0.0006,1.4291
8239,CHAOTIC TIME,GROW,0,1.4378,1.0000,1.0000,0.6890,1.0000,1.0000,1.0000,0.0001,1.4295
8240,CHAOTIC TIME,SPREAD,0,1.4000,1.0000,1.0000,0.5000,1.0000,1.0000,1.0000,-0.0004,1.4281
8241,CHAOTIC TIME,FAIL,0,1.4707,1.0000,1.0000,0.8536,1.0000,1.0000,1.0000,0.0005,1.4302
8242,CHAOTIC TIME,SPREAD,0,1.4000,1.0000,1.0000,0.5000,1.0000,1.0000,1.0000,-0.0004,1.4287
8243,CHAOTIC TIME,SPREAD,0,1.4000,1.0000,1.0000,0.5000,1.0000,1.0000,1.0000,-0.0004,1.4273
8244,CHAOTIC TIME,GROW,0,1.4378,1.0000,1.0000,0.6890,1.0000,1.0000,1.0000,0.0001,1.4278
8245,CHAOTIC TIME,GROW,0,1.4378,1.0000,1.0000,0.6890,1.0000,1.0000,1.0000,0.0001,1.4283
8246,CHAOTIC TIME,SPREAD,0,1.4000,1.0000,1.0000,0.5000,1.0000,1.0000,1.0000,-0.0004,1.4269
8247,CHAOTIC TIME,SPREAD,0,1.4000,1.0000,1.0000,0.5000,1.0000,1.0000,1.0000,-0.0004,1.4255
8248,CHAOTIC TIME,GROW,0,1.4378,1.0000,1.0000,0.6890,1.0000,1.0000,1.0000,0.0002,1.4261
8249,CHAOTIC TIME,GROW,0,1.4378,1.0000,1.0000,0.6890,1.0000,1.0000,1.0000,0.0002,1.4267
8250,CHAOTIC TIME,GROW,0,1.4378,1.0000,1.0000,0.6890,1.0000,1.0000,1.0000,0.0001,1.4273
8251,CHAOTIC TIME,GROW,0,1.4378,1.0000,1.0000,0.6890,1.0000,1.0000,1.0000,0.0001,1.4278
8252,CHAOTIC TIME,SPREAD,0,1.4000,1.0000,1.0000,0.5000,1.0000,1.0000,1.0000,-0.0003,1.4264
8253,CHAOTIC TIME,GROW,0,1.4378,1.0000,1.0000,0.6890,1.0000,1.0000,1.0000,0.0002,1.4270
8254,CHAOTIC TIME,GROW,0,1.4378,1.0000,1.0000,0.6890,1.0000,1.0000,1.0000,0.0001,1.4275
8255,CHAOTIC TIME,FAIL,0,1.4707,1.0000,1.0000,0.8536,1.0000,1.0000,1.0000,0.0006,1.4297
8256,CHAOTIC TIME,GROW,0,1.4378,1.0000,1.0000,0.6890,1.0000,1.0000,1.0000,0.0001,1.4301
8257,CHAOTIC TIME,GROW,0,1.4378,1.0000,1.0000,0.6890,1.0000,1.0000,1.0000,0.0001,1.4305
8258,CHAOTIC TIME,FAIL,0,1.4707,1.0000,1.0000,0.8536,1.0000,1.0000,1.0000,0.0005,1.4325
8259,CHAOTIC TIME,GROW,0,1.4378,1.0000,1.0000,0.6890,1.0000,1.0000,1.0000,0.0001,1.4327
8260,CHAOTIC TIME,GROW,0,1.4378,1.0000,1.0000,0.6890,1.0000,1.0000,1.0000,0.0001,1.4330
8261,CHAOTIC TIME,GROW,0,1.4378,1.0000,1.0000,0.6890,1.0000,1.0000,1.0000,0.0001,1.4332
8262,CHAOTIC TIME,FAIL,0,1.4707,1.0000,1.0000,0.8536,1.0000,1.0000,1.0000,0.0005,1.4351
8263,CHAOTIC TIME,FAIL,0,1.4707,1.0000,1.0000,0.8536,1.0000,1.0000,1.0000,0.0005,1.4369
8264,CHAOTIC TIME,SPREAD,0,1.4000,1.0000,1.0000,0.5000,1.0000,1.0000,1.0000,-0.0005,1.4350
8265,CHAOTIC TIME,GROW,0,1.4378,1.0000,1.0000,0.6890,1.0000,1.0000,1.0000,0.0000,1.4352
8266,CHAOTIC TIME,FAIL,0,1.4707,1.0000,1.0000,0.8536,1.0000,1.0000,1.0000,0.0005,1.4370
8267,CHAOTIC TIME,SPREAD,0,1.4000,1.0000,1.0000,0.5000,1.0000,1.0000,1.0000,-0.0005,1.4351
8268,CHAOTIC TIME,SPREAD,0,1.4000,1.0000,1.0000,0.5000,1.0000,1.0000,1.0000,-0.0004,1.4334
8269,CHAOTIC TIME,FAIL,0,1.4707,1.0000,1.0000,0.8536,1.0000,1.0000,1.0000,0.0005,1.4352
8270,CHAOTIC TIME,SPREAD,0,1.4000,1.0000,1.0000,0.5000,1.0000,1.0000,1.0000,-0.0005,1.4335
8271,CHAOTIC TIME,SPREAD,0,1.4000,1.0000,1.0000,0.5000,1.0000,1.0000,1.0000,-0.0005,1.4318
8272,CHAOTIC TIME,SPREAD,0,1.4000,1.0000,1.0000,0.5000,1.0000,1.0000,1.0000,-0.0004,1.4302
8273,CHAOTIC TIME,GROW,0,1.4378,1.0000,1.0000,0.6890,1.0000,1.0000,1.0000,0.0001,1.4306
8274,CHAOTIC TIME,SPREAD,0,1.4000,1.0000,1.0000,0.5000,1.0000,1.0000,1.0000,-0.0004,1.4291
8275,CHAOTIC TIME,GROW,0,1.4378,1.0000,1.0000,0.6890,1.0000,1.0000,1.0000,0.0001,1.4295
8276,CHAOTIC TIME,GROW,0,1.4378,1.0000,1.0000,0.6890,1.0000,1.0000,1.0000,0.0001,1.4299
8277,CHAOTIC TIME,GROW,0,1.4378,1.0000,1.0000,0.6890,1.0000,1.0000,1.0000,0.0001,1.4303
8278,CHAOTIC TIME,SPREAD,0,1.4000,1.0000,1.0000,0.5000,1.0000,1.0000,1.0000,-0.0004,1.4288
8279,CHAOTIC TIME,GROW,0,1.4378,1.0000,1.0000,0.6890,1.0000,1.0000,1.0000,0.0001,1.4292
8280,CHAOTIC TIME,GROW,0,1.4378,1.0000,1.0000,0.6890,1.0000,1.0000,1.0000,0.0001,1.4297
8281,CHAOTIC TIME,SPREAD,0,1.4000,1.0000,1.0000,0.5000,1.0000,1.0000,1.0000,-0.0004,1.4282
8282,CHAOTIC TIME,GROW,0,1.4378,1.0000,1.0000,0.6890,1.0000,1.0000,1.0000,0.0001,1.4287
8283,CHAOTIC TIME,SPREAD,0,1.4000,1.0000,1.0000,0.5000,1.0000,1.0000,1.0000,-0.0004,1.4272
8284,CHAOTIC TIME,SPREAD,0,1.4000,1.0000,1.0000,0.5000,1.0000,1.0000,1.0000,-0.0004,1.4259
8285,CHAOTIC TIME,FAIL,0,1.4707,1.0000,1.0000,0.8536,1.0000,1.0000,1.0000,0.0006,1.4281
8286,CHAOTIC TIME,GROW,0,1.4378,1.0000,1.0000,0.6890,1.0000,1.0000,1.0000,0.0001,1.4286
8287,CHAOTIC TIME,GROW,0,1.4378,1.0000,1.0000,0.6890,1.0000,1.0000,1.0000,0.0001,1.4291
8288,CHAOTIC TIME,GROW,0,1.4378,1.0000,1.0000,0.6890,1.0000,1.0000,1.0000,0.0001,1.4295
8289,CHAOTIC TIME,GROW,0,1.4378,1.0000,1.0000,0.6890,1.0000,1.0000,1.0000,0.0001,1.4299
8290,CHAOTIC TIME,SPREAD,0,1.4000,1.0000,1.0000,0.5000,1.0000,1.0000,1.0000,-0.0004,1.4284
8291,CHAOTIC TIME,GROW,0,1.4378,1.0000,1.0000,0.6890,1.0000,1.0000,1.0000,0.0001,1.4289
8292,CHAOTIC TIME,SPREAD,0,1.4000,1.0000,1.0000,0.5000,1.0000,1.0000,1.0000,-0.0004,1.4274
8293,CHAOTIC TIME,GROW,0,1.4378,1.0000,1.0000,0.6890,1.0000,1.0000,1.0000,0.0001,1.4280
8294,CHAOTIC TIME,GROW,0,1.4378,1.0000,1.0000,0.6890,1.0000,1.0000,1.0000,0.0001,1.4284
8295,CHAOTIC TIME,SPREAD,0,1.4000,1.0000,1.0000,0.5000,1.0000,1.0000,1.0000,-0.0004,1.4270
8296,CHAOTIC TIME,GROW,0,1.4378,1.0000,1.0000,0.6890,1.0000,1.0000,1.0000,0.0001,1.4276
8297,CHAOTIC TIME,SPREAD,0,1.4000,1.0000,1.0000,0.5000,1.0000,1.0000,1.0000,-0.0004,1.4262
8298,CHAOTIC TIME,FAIL,0,1.4707,1.0000,1.0000,0.8536,1.0000,1.0000,1.0000,0.0006,1.4284
8299,CHAOTIC TIME,GROW,0,1.4378,1.0000,1.0000,0.6890,1.0000,1.0000,1.0000,0.0001,1.4289
8300,CHAOTIC TIME,SPREAD,0,1.4000,1.0000,1.0000,0.5000,1.0000,1.0000,1.0000,-0.0004,1.4274
8301,CHAOTIC TIME,SPREAD,0,1.4000,1.0000,1.0000,0.5000,1.0000,1.0000,1.0000,-0.0003,1.4261
8302,CHAOTIC TIME,SPREAD,0,1.4000,1.0000,1.0000,0.5000,1.0000,1.0000,1.0000,-0.0003,1.4248
8303,CHAOTIC TIME,GROW,0,1.4378,1.0000,1.0000,0.6890,1.0000,1.0000,1.0000,0.0002,1.4254
8304,CHAOTIC TIME,GROW,0,1.4378,1.0000,1.0000,0.6890,1.0000,1.0000,1.0000,0.0002,1.4260
8305,CHAOTIC TIME,GROW,0,1.4378,1.0000,1.0000,0.6890,1.0000,1.0000,1.0000,0.0002,1.4266
8306,CHAOTIC TIME,FAIL,0,1.4707,1.0000,1.0000,0.8536,1.0000,1.0000,1.0000,0.0006,1.4288
8307,CHAOTIC TIME,SPREAD,0,1.4000,1.0000,1.0000,0.5000,1.0000,1.0000,1.0000,-0.0004,1.4274
8308,CHAOTIC TIME,SPREAD,0,1.4000,1.0000,1.0000,0.5000,1.0000,1.0000,1.0000,-0.0004,1.4260
8309,CHAOTIC TIME,GROW,0,1.4378,1.0000,1.0000,0.6890,1.0000,1.0000,1.0000,0.0001,1.4266
8310,CHAOTIC TIME,SPREAD,0,1.4000,1.0000,1.0000,0.5000,1.0000,1.0000,1.0000,-0.0003,1.4253
8311,CHAOTIC TIME,SPREAD,0,1.4000,1.0000,1.0000,0.5000,1.0000,1.0000,1.0000,-0.0003,1.4240
8312,CHAOTIC TIME,SPREAD,0,1.4000,1.0000,1.0000,0.5000,1.0000,1.0000,1.0000,-0.0003,1.4228
8313,CHAOTIC TIME,FAIL,0,1.4707,1.0000,1.0000,0.8536,1.0000,1.0000,1.0000,0.0006,1.4252
8314,CHAOTIC TIME,GROW,0,1.4378,1.0000,1.0000,0.6890,1.0000,1.0000,1.0000,0.0002,1.4258
8315,CHAOTIC TIME,FAIL,0,1.4707,1.0000,1.0000,0.8536,1.0000,1.0000,1.0000,0.0006,1.4281
8316,CHAOTIC TIME,GROW,0,1.4378,1.0000,1.0000,0.6890,1.0000,1.0000,1.0000,0.0001,1.4286
8317,CHAOTIC TIME,FAIL,0,1.4707,1.0000,1.0000,0.8536,1.0000,1.0000,1.0000,0.0005,1.4307
8318,CHAOTIC TIME,GROW,0,1.4378,1.0000,1.0000,0.6890,1.0000,1.0000,1.0000,0.0001,1.4310
8319,CHAOTIC TIME,FAIL,0,1.4707,1.0000,1.0000,0.8536,1.0000,1.0000,1.0000,0.0005,1.4330
8320,CHAOTIC TIME,GROW,0,1.4378,1.0000,1.0000,0.6890,1.0000,1.0000,1.0000,0.0001,1.4333
8321,CHAOTIC TIME,FAIL,0,1.4707,1.0000,1.0000,0.8536,1.0000,1.0000,1.0000,0.0005,1.4351
8322,CHAOTIC TIME,SPREAD,0,1.4000,1.0000,1.0000,0.5000,1.0000,1.0000,1.0000,-0.0005,1.4334
8323,CHAOTIC TIME,GROW,0,1.4378,1.0000,1.0000,0.6890,1.0000,1.0000,1.0000,0.0001,1.4336
8324,CHAOTIC TIME,GROW,0,1.4378,1.0000,1.0000,0.6890,1.0000,1.0000,1.0000,0.0001,1.4338
8325,CHAOTIC TIME,GROW,0,1.4378,1.0000,1.0000,0.6890,1.0000,1.0000,1.0000,0.0001,1.4340
8326,CHAOTIC TIME,SPREAD,0,1.4000,1.0000,1.0000,0.5000,1.0000,1.0000,1.0000,-0.0004,1.4323
8327,CHAOTIC TIME,SPREAD,0,1.4000,1.0000,1.0000,0.5000,1.0000,1.0000,1.0000,-0.0004,1.4307
8328,HOME,FALL,0,1.2564,1.0000,0.6667,0.2818,1.0000,1.0000,0.0000,-1.6490,1.4220
8329,CHAOTIC TIME,SPREAD,0,1.4000,1.0000,1.0000,0.5000,1.0000,1.0000,1.0000,-0.0003,1.4209
8330,CHAOTIC TIME,SPREAD,0,1.4000,1.0000,1.0000,0.5000,1.0000,1.0000,1.0000,-0.0003,1.4198
8331,CHAOTIC TIME,GROW,0,1.4378,1.0000,1.0000,0.6890,1.0000,1.0000,1.0000,0.0002,1.4207
8332,CHAOTIC TIME,SPREAD,0,1.4000,1.0000,1.0000,0.5000,1.0000,1.0000,1.0000,-0.0003,1.4197
8333,CHAOTIC TIME,SPREAD,0,1.4000,1.0000,1.0000,0.5000,1.0000,1.0000,1.0000,-0.0003,1.4187
8334,CHAOTIC TIME,GROW,0,1.4378,1.0000,1.0000,0.6890,1.0000,1.0000,1.0000,0.0002,1.4197
8335,CHAOTIC TIME,SPREAD,0,1.4000,1.0000,1.0000,0.5000,1.0000,1.0000,1.0000,-0.0002,1.4187
8336,CHAOTIC TIME,SPREAD,0,1.4000,1.0000,1.0000,0.5000,1.0000,1.0000,1.0000,-0.0002,1.4177
8337,CHAOTIC TIME,GROW,0,1.4378,1.0000,1.0000,0.6890,1.0000,1.0000,1.0000,0.0002,1.4187
8338,CHAOTIC TIME,GROW,0,1.4378,1.0000,1.0000,0.6890,1.0000,1.0000,1.0000,0.0003,1.4197
8339,CHAOTIC TIME,SPREAD,0,1.4000,1.0000,1.0000,0.5000,1.0000,1.0000,1.0000,-0.0002,1.4187
8340,CHAOTIC TIME,FAIL,0,1.4707,1.0000,1.0000,0.8536,1.0000,1.0000,1.0000,0.0007,1.4213
8341,CHAOTIC TIME,GROW,0,1.4378,1.0000,1.0000,0.6890,1.0000,1.0000,1.0000,0.0002,1.4221
8342,CHAOTIC TIME,FAIL,0,1.4707,1.0000,1.0000,0.8536,1.0000,1.0000,1.0000,0.0006,1.4246
8343,CHAOTIC TIME,GROW,0,1.4378,1.0000,1.0000,0.6890,1.0000,1.0000,1.0000,0.0002,1.4252
8344,CHAOTIC TIME,FAIL,0,1.4707,1.0000,1.0000,0.8536,1.0000,1.0000,1.0000,0.0006,1.4275
8345,CHAOTIC TIME,SPREAD,0,1.4000,1.0000,1.0000,0.5000,1.0000,1.0000,1.0000,-0.0004,1.4261
8346,CHAOTIC TIME,GROW,0,1.4378,1.0000,1.0000,0.6890,1.0000,1.0000,1.0000,0.0001,1.4267
8347,CHAOTIC TIME,GROW,0,1.4378,1.0000,1.0000,0.6890,1.0000,1.0000,1.0000,0.0001,1.4273
8348,CHAOTIC TIME,GROW,0,1.4378,1.0000,1.0000,0.6890,1.0000,1.0000,1.0000,0.0001,1.4278
8349,CHAOTIC TIME,GROW,0,1.4378,1.0000,1.0000,0.6890,1.0000,1.0000,1.0000,0.0001,1.4283
8350,CHAOTIC TIME,FAIL,0,1.4707,1.0000,1.0000,0.8536,1.0000,1.0000,1.0000,0.0005,1.4304
8351,CHAOTIC TIME,SPREAD,0,1.4000,1.0000,1.0000,0.5000,1.0000,1.0000,1.0000,-0.0004,1.4289
8352,CHAOTIC TIME,SPREAD,0,1.4000,1.0000,1.0000,0.5000,1.0000,1.0000,1.0000,-0.0004,1.4274
8353,CHAOTIC TIME,FAIL,0,1.4707,1.0000,1.0000,0.8536,1.0000,1.0000,1.0000,0.0005,1.4296
8354,CHAOTIC TIME,SPREAD,0,1.4000,1.0000,1.0000,0.5000,1.0000,1.0000,1.0000,-0.0004,1.4281
8355,CHAOTIC TIME,FAIL,0,1.4707,1.0000,1.0000,0.8536,1.0000,1.0000,1.0000,0.0005,1.4303
8356,CHAOTIC TIME,GROW,0,1.4378,1.0000,1.0000,0.6890,1.0000,1.0000,1.0000,0.0001,1.4306
8357,CHAOTIC TIME,SPREAD,0,1.4000,1.0000,1.0000,0.5000,1.0000,1.0000,1.0000,-0.0004,1.4291
8358,CHAOTIC TIME,GROW,0,1.4378,1.0000,1.0000,0.6890,1.0000,1.0000,1.0000,0.0001,1.4295
8359,CHAOTIC TIME,GROW,0,1.4378,1.0000,1.0000,0.6890,1.0000,1.0000,1.0000,0.0001,1.4300
8360,CHAOTIC TIME,SPREAD,0,1.4000,1.0000,1.0000,0.5000,1.0000,1.0000,1.0000,-0.0004,1.4285
8361,CHAOTIC TIME,GROW,0,1.4378,1.0000,1.0000,0.6890,1.0000,1.0000,1.0000,0.0001,1.4289
8362,CHAOTIC TIME,FAIL,0,1.4707,1.0000,1.0000,0.8536,1.0000,1.0000,1.0000,0.0005,1.4310
8363,CHAOTIC TIME,SPREAD,0,1.4000,1.0000,1.0000,0.5000,1.0000,1.0000,1.0000,-0.0004,1.4295
8364,CHAOTIC TIME,GROW,0,1.4378,1.0000,1.0000,0.6890,1.0000,1.0000,1.0000,0.0001,1.4299
8365,CHAOTIC TIME,GROW,0,1.4378,1.0000,1.0000,0.6890,1.0000,1.0000,1.0000,0.0001,1.4303
8366,CHAOTIC TIME,SPREAD,0,1.4000,1.0000,1.0000,0.5000,1.0000,1.0000,1.0000,-0.0004,1.4288
8367,CHAOTIC TIME,SPREAD,0,1.4000,1.0000,1.0000,0.5000,1.0000,1.0000,1.0000,-0.0004,1.4273
8368,CHAOTIC TIME,GROW,0,1.4378,1.0000,1.0000,0.6890,1.0000,1.0000,1.0000,0.0001,1.4278
8369,CHAOTIC TIME,SPREAD,0,1.4000,1.0000,1.0000,0.5000,1.0000,1.0000,1.0000,-0.0003,1.4265
8370,CHAOTIC TIME,SPREAD,0,1.4000,1.0000,1.0000,0.5000,1.0000,1.0000,1.0000,-0.0003,1.4251
8371,CHAOTIC TIME,GROW,0,1.4378,1.0000,1.0000,0.6890,1.0000,1.0000,1.0000,0.0002,1.4258
8372,CHAOTIC TIME,GROW,0,1.4378,1.0000,1.0000,0.6890,1.0000,1.0000,1.0000,0.0001,1.4264
8373,CHAOTIC TIME,GROW,0,1.4378,1.0000,1.0000,0.6890,1.0000,1.0000,1.0000,0.0001,1.4269
8374,CHAOTIC TIME,FAIL,0,1.4707,1.0000,1.0000,0.8536,1.0000,1.0000,1.0000,0.0005,1.4291
8375,CHAOTIC TIME,GROW,0,1.4378,1.0000,1.0000,0.6890,1.0000,1.0000,1.0000,0.0001,1.4296
8376,CHAOTIC TIME,SPREAD,0,1.4000,1.0000,1.0000,0.5000,1.0000,1.0000,1.0000,-0.0004,1.4281
8377,CHAOTIC TIME,SPREAD,0,1.4000,1.0000,1.0000,0.5000,1.0000,1.0000,1.0000,-0.0003,1.4267
8378,CHAOTIC TIME,GROW,0,1.4378,1.0000,1.0000,0.6890,1.0000,1.0000,1.0000,0.0001,1.4272
8379,CHAOTIC TIME,SPREAD,0,1.4000,1.0000,1.0000,0.5000,1.0000,1.0000,1.0000,-0.0003,1.4259
8380,CHAOTIC TIME,SPREAD,0,1.4000,1.0000,1.0000,0.5000,1.0000,1.0000,1.0000,-0.0003,1.4246
8381,CHAOTIC TIME,GROW,0,1.4378,1.0000,1.0000,0.6890,1.0000,1.0000,1.0000,0.0002,1.4252
8382,CHAOTIC TIME,SPREAD,0,1.4000,1.0000,1.0000,0.5000,1.0000,1.0000,1.0000,-0.0003,1.4240
8383,CHAOTIC TIME,SPREAD,0,1.4000,1.0000,1.0000,0.5000,1.0000,1.0000,1.0000,-0.0003,1.4228
8384,CHAOTIC TIME,GROW,0,1.4378,1.0000,1.0000,0.6890,1.0000,1.0000,1.0000,0.0002,1.4235
8385,CHAOTIC TIME,SPREAD,0,1.4000,1.0000,1.0000,0.5000,1.0000,1.0000,1.0000,-0.0003,1.4224
8386,CHAOTIC TIME,GROW,0,1.4378,1.0000,1.0000,0.6890,1.0000,1.0000,1.0000,0.0002,1.4231
8387,CHAOTIC TIME,SPREAD,0,1.4000,1.0000,1.0000,0.5000,1.0000,1.0000,1.0000,-0.0003,1.4220
8388,CHAOTIC TIME,GROW,0,1.4378,1.0000,1.0000,0.6890,1.0000,1.0000,1.0000,0.0002,1.4228
8389,CHAOTIC TIME,SPREAD,0,1.4000,1.0000,1.0000,0.5000,1.0000,1.0000,1.0000,-0.0003,1.4216
8390,CHAOTIC TIME,GROW,0,1.4378,1.0000,1.0000,0.6890,1.0000,1.0000,1.0000,0.0002,1.4224
8391,CHAOTIC TIME,SPREAD,0,1.4000,1.0000,1.0000,0.5000,1.0000,1.0000,1.0000,-0.0003,1.4213
8392,CHAOTIC TIME,FAIL,0,1.4707,1.0000,1.0000,0.8536,1.0000,1.0000,1.0000,0.0006,1.4238
8393,CHAOTIC TIME,SPREAD,0,1.4000,1.0000,1.0000,0.5000,1.0000,1.0000,1.0000,-0.0003,1.4226
8394,CHAOTIC TIME,GROW,0,1.4378,1.0000,1.0000,0.6890,1.0000,1.0000,1.0000,0.0002,1.4234
8395,CHAOTIC TIME,GROW,0,1.4378,1.0000,1.0000,0.6890,1.0000,1.0000,1.0000,0.0002,1.4241
8396,CHAOTIC TIME,GROW,0,1.4378,1.0000,1.0000,0.6890,1.0000,1.0000,1.0000,0.0002,1.4248
8397,CHAOTIC TIME,SPREAD,0,1.4000,1.0000,1.0000,0.5000,1.0000,1.0000,1.0000,-0.0003,1.4235
8398,CHAOTIC TIME,FAIL,0,1.4707,1.0000,1.0000,0.8536,1.0000,1.0000,1.0000,0.0006,1.4259
8399,CHAOTIC TIME,SPREAD,0,1.4000,1.0000,1.0000,0.5000,1.0000,1.0000,1.0000,-0.0003,1.4246
8400,CHAOTIC TIME,SPREAD,0,1.4000,1.0000,1.0000,0.5000,1.0000,1.0000,1.0000,-0.0003,1.4234
8401,CHAOTIC TIME,GROW,0,1.4378,1.0000,1.0000,0.6890,1.0000,1.0000,1.0000,0.0002,1.4241
8402,CHAOTIC TIME,FAIL,0,1.4707,1.0000,1.0000,0.8536,1.0000,1.0000,1.0000,0.0006,1.4264
8403,CHAOTIC TIME,GROW,0,1.4378,1.0000,1.0000,0.6890,1.0000,1.0000,1.0000,0.0001,1.4270
8404,CHAOTIC TIME,GROW,0,1.4378,1.0000,1.0000,0.6890,1.0000,1.0000,1.0000,0.0001,1.4275
8405,CHAOTIC TIME,FAIL,0,1.4707,1.0000,1.0000,0.8536,1.0000,1.0000,1.0000,0.0005,1.4297
8406,CHAOTIC TIME,SPREAD,0,1.4000,1.0000,1.0000,0.5000,1.0000,1.0000,1.0000,-0.0004,1.4282
8407,CHAOTIC TIME,GROW,0,1.4378,1.0000,1.0000,0.6890,1.0000,1.0000,1.0000,0.0001,1.4287
8408,CHAOTIC TIME,GROW,0,1.4378,1.0000,1.0000,0.6890,1.0000,1.0000,1.0000,0.0001,1.4291
8409,CHAOTIC TIME,SPREAD,0,1.4000,1.0000,1.0000,0.5000,1.0000,1.0000,1.0000,-0.0004,1.4277
8410,CHAOTIC TIME,GROW,0,1.4378,1.0000,1.0000,0.6890,1.0000,1.0000,1.0000,0.0001,1.4282
8411,CHAOTIC TIME,GROW,0,1.4378,1.0000,1.0000,0.6890,1.0000,1.0000,1.0000,0.0001,1.4287
8412,CHAOTIC TIME,FAIL,0,1.4707,1.0000,1.0000,0.8536,1.0000,1.0000,1.0000,0.0005,1.4308
8413,CHAOTIC TIME,GROW,0,1.4378,1.0000,1.0000,0.6890,1.0000,1.0000,1.0000,0.0001,1.4311
8414,CHAOTIC TIME,GROW,0,1.4378,1.0000,1.0000,0.6890,1.0000,1.0000,1.0000,0.0001,1.4315
8415,CHAOTIC TIME,GROW,0,1.4378,1.0000,1.0000,0.6890,1.0000,1.0000,1.0000,0.0001,1.4318
8416,CHAOTIC TIME,FAIL,0,1.4707,1.0000,1.0000,0.8536,1.0000,1.0000,1.0000,0.0005,1.4337
8417,CHAOTIC TIME,GROW,0,1.4378,1.0000,1.0000,0.6890,1.0000,1.0000,1.0000,0.0001,1.4339
8418,CHAOTIC TIME,GROW,0,1.4378,1.0000,1.0000,0.6890,1.0000,1.0000,1.0000,0.0000,1.4341
8419,CHAOTIC TIME,SPREAD,0,1.4000,1.0000,1.0000,0.5000,1.0000,1.0000,1.0000,-0.0004,1.4324
8420,CHAOTIC TIME,SPREAD,0,1.4000,1.0000,1.0000,0.5000,1.0000,1.0000,1.0000,-0.0004,1.4308
8421,CHAOTIC TIME,GROW,0,1.4378,1.0000,1.0000,0.6890,1.0000,1.0000,1.0000,0.0001,1.4311
8422,CHAOTIC TIME,SPREAD,0,1.4000,1.0000,1.0000,0.5000,1.0000,1.0000,1.0000,-0.0004,1.4296
8423,CHAOTIC TIME,SPREAD,0,1.4000,1.0000,1.0000,0.5000,1.0000,1.0000,1.0000,-0.0004,1.4281
8424,CHAOTIC TIME,FAIL,0,1.4707,1.0000,1.0000,0.8536,1.0000,1.0000,1.0000,0.0005,1.4302
8425,CHAOTIC TIME,SPREAD,0,1.4000,1.0000,1.0000,0.5000,1.0000,1.0000,1.0000,-0.0004,1.4287
8426,CHAOTIC TIME,GROW,0,1.4378,1.0000,1.0000,0.6890,1.0000,1.0000,1.0000,0.0001,1.4292
8427,CHAOTIC TIME,GROW,0,1.4378,1.0000,1.0000,0.6890,1.0000,1.0000,1.0000,0.0001,1.4296
8428,CHAOTIC TIME,GROW,0,1.4378,1.0000,1.0000,0.6890,1.0000,1.0000,1.0000,0.0001,1.4300
8429,CHAOTIC TIME,GROW,0,1.4378,1.0000,1.0000,0.6890,1.0000,1.0000,1.0000,0.0001,1.4304
8430,CHAOTIC TIME,SPREAD,0,1.4000,1.0000,1.0000,0.5000,1.0000,1.0000,1.0000,-0.0004,1.4289
8431,CHAOTIC TIME,SPREAD,0,1.4000,1.0000,1.0000,0.5000,1.0000,1.0000,1.0000,-0.0003,1.4274
8432,CHAOTIC TIME,SPREAD,0,1.4000,1.0000,1.0000,0.5000,1.0000,1.0000,1.0000,-0.0003,1.4261
8433,CHAOTIC TIME,GROW,0,1.4378,1.0000,1.0000,0.6890,1.0000,1.0000,1.0000,0.0001,1.4267
8434,CHAOTIC TIME,GROW,0,1.4378,1.0000,1.0000,0.6890,1.0000,1.0000,1.0000,0.0001,1.4272
8435,CHAOTIC TIME,SPREAD,0,1.4000,1.0000,1.0000,0.5000,1.0000,1.0000,1.0000,-0.0003,1.4259
8436,CHAOTIC TIME,SPREAD,0,1.4000,1.0000,1.0000,0.5000,1.0000,1.0000,1.0000,-0.0003,1.4246
8437,CHAOTIC TIME,FAIL,0,1.4707,1.0000,1.0000,0.8536,1.0000,1.0000,1.0000,0.0006,1.4269
8438,CHAOTIC TIME,GROW,0,1.4378,1.0000,1.0000,0.6890,1.0000,1.0000,1.0000,0.0001,1.4274
8439,CHAOTIC TIME,FAIL,0,1.4707,1.0000,1.0000,0.8536,1.0000,1.0000,1.0000,0.0005,1.4296
8440,CHAOTIC TIME,SPREAD,0,1.4000,1.0000,1.0000,0.5000,1.0000,1.0000,1.0000,-0.0004,1.4281
8441,CHAOTIC TIME,SPREAD,0,1.4000,1.0000,1.0000,0.5000,1.0000,1.0000,1.0000,-0.0003,1.4267
8442,CHAOTIC TIME,GROW,0,1.4378,1.0000,1.0000,0.6890,1.0000,1.0000,1.0000,0.0001,1.4272
8443,CHAOTIC TIME,SPREAD,0,1.4000,1.0000,1.0000,0.5000,1.0000,1.0000,1.0000,-0.0004,1.4259
8444,CHAOTIC TIME,SPREAD,0,1.4000,1.0000,1.0000,0.5000,1.0000,1.0000,1.0000,-0.0003,1.4246
8445,CHAOTIC TIME,GROW,0,1.4378,1.0000,1.0000,0.6890,1.0000,1.0000,1.0000,0.0002,1.4253
8446,CHAOTIC TIME,SPREAD,0,1.4000,1.0000,1.0000,0.5000,1.0000,1.0000,1.0000,-0.0003,1.4240
8447,CHAOTIC TIME,GROW,0,1.4378,1.0000,1.0000,0.6890,1.0000,1.0000,1.0000,0.0002,1.4247
8448,CHAOTIC TIME,SPREAD,0,1.4000,1.0000,1.0000,0.5000,1.0000,1.0000,1.0000,-0.0003,1.4234
8449,CHAOTIC TIME,GROW,0,1.4378,1.0000,1.0000,0.6890,1.0000,1.0000,1.0000,0.0002,1.4242
8450,CHAOTIC TIME,GROW,0,1.4378,1.0000,1.0000,0.6890,1.0000,1.0000,1.0000,0.0002,1.4248
8451,CHAOTIC TIME,GROW,0,1.4378,1.0000,1.0000,0.6890,1.0000,1.0000,1.0000,0.0002,1.4255
8452,CHAOTIC TIME,GROW,0,1.4378,1.0000,1.0000,0.6890,1.0000,1.0000,1.0000,0.0001,1.4261
8453,CHAOTIC TIME,SPREAD,0,1.4000,1.0000,1.0000,0.5000,1.0000,1.0000,1.0000,-0.0003,1.4248
8454,CHAOTIC TIME,FAIL,0,1.4707,1.0000,1.0000,0.8536,1.0000,1.0000,1.0000,0.0006,1.4271
8455,CHAOTIC TIME,GROW,0,1.4378,1.0000,1.0000,0.6890,1.0000,1.0000,1.0000,0.0001,1.4276
8456,CHAOTIC TIME,GROW,0,1.4378,1.0000,1.0000,0.6890,1.0000,1.0000,1.0000,0.0001,1.4281
8457,CHAOTIC TIME,FAIL,0,1.4707,1.0000,1.0000,0.8536,1.0000,1.0000,1.0000,0.0005,1.4303
8458,CHAOTIC TIME,GROW,0,1.4378,1.0000,1.0000,0.6890,1.0000,1.0000,1.0000,0.0001,1.4306
8459,CHAOTIC TIME,SPREAD,0,1.4000,1.0000,1.0000,0.5000,1.0000,1.0000,1.0000,-0.0004,1.4291
8460,CHAOTIC TIME,SPREAD,0,1.4000,1.0000,1.0000,0.5000,1.0000,1.0000,1.0000,-0.0004,1.4277
8461,CHAOTIC TIME,FAIL,0,1.4707,1.0000,1.0000,0.8536,1.0000,1.0000,1.0000,0.0006,1.4298
8462,CHAOTIC TIME,GROW,0,1.4378,1.0000,1.0000,0.6890,1.0000,1.0000,1.0000,0.0001,1.4302
8463,CHAOTIC TIME,SPREAD,0,1.4000,1.0000,1.0000,0.5000,1.0000,1.0000,1.0000,-0.0004,1.4287
8464,CHAOTIC TIME,GROW,0,1.4378,1.0000,1.0000,0.6890,1.0000,1.0000,1.0000,0.0001,1.4292
8465,CHAOTIC TIME,GROW,0,1.4378,1.0000,1.0000,0.6890,1.0000,1.0000,1.0000,0.0001,1.4296
8466,CHAOTIC TIME,GROW,0,1.4378,1.0000,1.0000,0.6890,1.0000,1.0000,1.0000,0.0001,1.4300
8467,CHAOTIC TIME,GROW,0,1.4378,1.0000,1.0000,0.6890,1.0000,1.0000,1.0000,0.0001,1.4304
8468,CHAOTIC TIME,SPREAD,0,1.4000,1.0000,1.0000,0.5000,1.0000,1.0000,1.0000,-0.0004,1.4289
8469,CHAOTIC TIME,GROW,0,1.4378,1.0000,1.0000,0.6890,1.0000,1.0000,1.0000,0.0001,1.4293
8470,CHAOTIC TIME,GROW,0,1.4378,1.0000,1.0000,0.6890,1.0000,1.0000,1.0000,0.0001,1.4297
8471,CHAOTIC TIME,GROW,0,1.4378,1.0000,1.0000,0.6890,1.0000,1.0000,1.0000,0.0001,1.4301
8472,CHAOTIC TIME,SPREAD,0,1.4000,1.0000,1.0000,0.5000,1.0000,1.0000,1.0000,-0.0004,1.4286
8473,CHAOTIC TIME,SPREAD,0,1.4000,1.0000,1.0000,0.5000,1.0000,1.0000,1.0000,-0.0004,1.4272
8474,CHAOTIC TIME,SPREAD,0,1.4000,1.0000,1.0000,0.5000,1.0000,1.0000,1.0000,-0.0003,1.4258
8475,CHAOTIC TIME,GROW,0,1.4378,1.0000,1.0000,0.6890,1.0000,1.0000,1.0000,0.0001,1.4264
8476,CHAOTIC TIME,FAIL,0,1.4707,1.0000,1.0000,0.8536,1.0000,1.0000,1.0000,0.0005,1.4287
8477,CHAOTIC TIME,GROW,0,1.4378,1.0000,1.0000,0.6890,1.0000,1.0000,1.0000,0.0001,1.4291
8478,CHAOTIC TIME,SPREAD,0,1.4000,1.0000,1.0000,0.5000,1.0000,1.0000,1.0000,-0.0004,1.4277
8479,CHAOTIC TIME,FAIL,0,1.4707,1.0000,1.0000,0.8536,1.0000,1.0000,1.0000,0.0006,1.4298
8480,CHAOTIC TIME,SPREAD,0,1.4000,1.0000,1.0000,0.5000,1.0000,1.0000,1.0000,-0.0004,1.4283
8481,CHAOTIC TIME,GROW,0,1.4378,1.0000,1.0000,0.6890,1.0000,1.0000,1.0000,0.0001,1.4288
8482,CHAOTIC TIME,GROW,0,1.4378,1.0000,1.0000,0.6890,1.0000,1.0000,1.0000,0.0001,1.4292
8483,CHAOTIC TIME,SPREAD,0,1.4000,1.0000,1.0000,0.5000,1.0000,1.0000,1.0000,-0.0004,1.4278
8484,CHAOTIC TIME,GROW,0,1.4378,1.0000,1.0000,0.6890,1.0000,1.0000,1.0000,0.0001,1.4283
8485,CHAOTIC TIME,GROW,0,1.4378,1.0000,1.0000,0.6890,1.0000,1.0000,1.0000,0.0001,1.4288
8486,CHAOTIC TIME,GROW,0,1.4378,1.0000,1.0000,0.6890,1.0000,1.0000,1.0000,0.0001,1.4292
8487,CHAOTIC TIME,GROW,0,1.4378,1.0000,1.0000,0.6890,1.0000,1.0000,1.0000,0.0001,1.4296
8488,CHAOTIC TIME,SPREAD,0,1.4000,1.0000,1.0000,0.5000,1.0000,1.0000,1.0000,-0.0004,1.4282
8489,CHAOTIC TIME,GROW,0,1.4378,1.0000,1.0000,0.6890,1.0000,1.0000,1.0000,0.0001,1.4286
8490,CHAOTIC TIME,GROW,0,1.4378,1.0000,1.0000,0.6890,1.0000,1.0000,1.0000,0.0001,1.4291
8491,CHAOTIC TIME,GROW,0,1.4378,1.0000,1.0000,0.6890,1.0000,1.0000,1.0000,0.0001,1.4295
8492,CHAOTIC TIME,SPREAD,0,1.4000,1.0000,1.0000,0.5000,1.0000,1.0000,1.0000,-0.0004,1.4281
8493,CHAOTIC TIME,GROW,0,1.4378,1.0000,1.0000,0.6890,1.0000,1.0000,1.0000,0.0001,1.4285
8494,CHAOTIC TIME,GROW,0,1.4378,1.0000,1.0000,0.6890,1.0000,1.0000,1.0000,0.0001,1.4290
8495,CHAOTIC TIME,GROW,0,1.4378,1.0000,1.0000,0.6890,1.0000,1.0000,1.0000,0.0001,1.4294
8496,CHAOTIC TIME,GROW,0,1.4378,1.0000,1.0000,0.6890,1.0000,1.0000,1.0000,0.0001,1.4299
8497,CHAOTIC TIME,GROW,0,1.4378,1.0000,1.0000,0.6890,1.0000,1.0000,1.0000,0.0001,1.4303
8498,CHAOTIC TIME,GROW,0,1.4378,1.0000,1.0000,0.6890,1.0000,1.0000,1.0000,0.0001,1.4306
8499,CHAOTIC TIME,GROW,0,1.4378,1.0000,1.0000,0.6890,1.0000,1.0000,1.0000,0.0001,1.4310
8500,CHAOTIC TIME,GROW,0,1.4378,1.0000,1.0000,0.6890,1.0000,1.0000,1.0000,0.0001,1.4313
8501,CHAOTIC TIME,SPREAD,0,1.4000,1.0000,1.0000,0.5000,1.0000,1.0000,1.0000,-0.0004,1.4298
8502,CHAOTIC TIME,SPREAD,0,1.4000,1.0000,1.0000,0.5000,1.0000,1.0000,1.0000,-0.0004,1.4283
8503,CHAOTIC TIME,SPREAD,0,1.4000,1.0000,1.0000,0.5000,1.0000,1.0000,1.0000,-0.0004,1.4269
8504,CHAOTIC TIME,FAIL,0,1.4707,1.0000,1.0000,0.8536,1.0000,1.0000,1.0000,0.0005,1.4291
8505,CHAOTIC TIME,FAIL,0,1.4707,1.0000,1.0000,0.8536,1.0000,1.0000,1.0000,0.0005,1.4311
8506,CHAOTIC TIME,SPREAD,0,1.4000,1.0000,1.0000,0.5000,1.0000,1.0000,1.0000,-0.0004,1.4296
8507,CHAOTIC TIME,GROW,0,1.4378,1.0000,1.0000,0.6890,1.0000,1.0000,1.0000,0.0001,1.4300
8508,CHAOTIC TIME,GROW,0,1.4378,1.0000,1.0000,0.6890,1.0000,1.0000,1.0000,0.0001,1.4304
8509,CHAOTIC TIME,GROW,0,1.4378,1.0000,1.0000,0.6890,1.0000,1.0000,1.0000,0.0001,1.4308
8510,CHAOTIC TIME,GROW,0,1.4378,1.0000,1.0000,0.6890,1.0000,1.0000,1.0000,0.0001,1.4311
8511,CHAOTIC TIME,GROW,0,1.4378,1.0000,1.0000,0.6890,1.0000,1.0000,1.0000,0.0001,1.4314
8512,CHAOTIC TIME,GROW,0,1.4378,1.0000,1.0000,0.6890,1.0000,1.0000,1.0000,0.0001,1.4318
8513,CHAOTIC TIME,SPREAD,0,1.4000,1.0000,1.0000,0.5000,1.0000,1.0000,1.0000,-0.0004,1.4302
8514,CHAOTIC TIME,FAIL,0,1.4707,1.0000,1.0000,0.8536,1.0000,1.0000,1.0000,0.0005,1.4322
8515,CHAOTIC TIME,GROW,0,1.4378,1.0000,1.0000,0.6890,1.0000,1.0000,1.0000,0.0001,1.4325
8516,CHAOTIC TIME,SPREAD,0,1.4000,1.0000,1.0000,0.5000,1.0000,1.0000,1.0000,-0.0004,1.4309
8517,CHAOTIC TIME,GROW,0,1.4378,1.0000,1.0000,0.6890,1.0000,1.0000,1.0000,0.0001,1.4312
8518,CHAOTIC TIME,GROW,0,1.4378,1.0000,1.0000,0.6890,1.0000,1.0000,1.0000,0.0001,1.4315
8519,CHAOTIC TIME,FAIL,0,1.4707,1.0000,1.0000,0.8536,1.0000,1.0000,1.0000,0.0005,1.4335
8520,CHAOTIC TIME,GROW,0,1.4378,1.0000,1.0000,0.6890,1.0000,1.0000,1.0000,0.0001,1.4337
8521,CHAOTIC TIME,GROW,0,1.4378,1.0000,1.0000,0.6890,1.0000,1.0000,1.0000,0.0000,1.4339
8522,CHAOTIC TIME,SPREAD,0,1.4000,1.0000,1.0000,0.5000,1.0000,1.0000,1.0000,-0.0004,1.4322
8523,CHAOTIC TIME,GROW,0,1.4378,1.0000,1.0000,0.6890,1.0000,1.0000,1.0000,0.0001,1.4325
8524,CHAOTIC TIME,SPREAD,0,1.4000,1.0000,1.0000,0.5000,1.0000,1.0000,1.0000,-0.0004,1.4309
8525,CHAOTIC TIME,FAIL,0,1.4707,1.0000,1.0000,0.8536,1.0000,1.0000,1.0000,0.0005,1.4329
8526,CHAOTIC TIME,SPREAD,0,1.4000,1.0000,1.0000,0.5000,1.0000,1.0000,1.0000,-0.0004,1.4312
8527,CHAOTIC TIME,SPREAD,0,1.4000,1.0000,1.0000,0.5000,1.0000,1.0000,1.0000,-0.0004,1.4297
8528,CHAOTIC TIME,SPREAD,0,1.4000,1.0000,1.0000,0.5000,1.0000,1.0000,1.0000,-0.0004,1.4282
8529,CHAOTIC TIME,GROW,0,1.4378,1.0000,1.0000,0.6890,1.0000,1.0000,1.0000,0.0001,1.4287
8530,CHAOTIC TIME,GROW,0,1.4378,1.0000,1.0000,0.6890,1.0000,1.0000,1.0000,0.0001,1.4291
8531,CHAOTIC TIME,SPREAD,0,1.4000,1.0000,1.0000,0.5000,1.0000,1.0000,1.0000,-0.0004,1.4277
8532,CHAOTIC TIME,SPREAD,0,1.4000,1.0000,1.0000,0.5000,1.0000,1.0000,1.0000,-0.0003,1.4263
8533,CHAOTIC TIME,SPREAD,0,1.4000,1.0000,1.0000,0.5000,1.0000,1.0000,1.0000,-0.0003,1.4250
8534,CHAOTIC TIME,GROW,0,1.4378,1.0000,1.0000,0.6890,1.0000,1.0000,1.0000,0.0002,1.4256
8535,CHAOTIC TIME,FAIL,0,1.4707,1.0000,1.0000,0.8536,1.0000,1.0000,1.0000,0.0005,1.4279
8536,CHAOTIC TIME,GROW,0,1.4378,1.0000,1.0000,0.6890,1.0000,1.0000,1.0000,0.0001,1.4284
8537,CHAOTIC TIME,FAIL,0,1.4707,1.0000,1.0000,0.8536,1.0000,1.0000,1.0000,0.0005,1.4305
8538,CHAOTIC TIME,FAIL,0,1.4707,1.0000,1.0000,0.8536,1.0000,1.0000,1.0000,0.0005,1.4325
8539,CHAOTIC CLOCK FALL,,1,0.3000,0.0000,1.0000,0.0000,1.0000,1.0000,1.0000,-12.0545,1.3759
8540,CHAOTIC TIME,GROW,0,1.4378,1.0000,1.0000,0.6890,1.0000,1.0000,1.0000,0.0008,1.3790
8541,CHAOTIC TIME,SPREAD,0,1.4000,1.0000,1.0000,0.5000,1.0000,1.0000,1.0000,0.0002,1.3800
8542,CHAOTIC TIME,GROW,0,1.4378,1.0000,1.0000,0.6890,1.0000,1.0000,1.0000,0.0007,1.3829
8543,CHAOTIC TIME,GROW,0,1.4378,1.0000,1.0000,0.6890,1.0000,1.0000,1.0000,0.0006,1.3856
8544,CHAOTIC TIME,GROW,0,1.4378,1.0000,1.0000,0.6890,1.0000,1.0000,1.0000,0.0006,1.3883
8545,CHAOTIC TIME,GROW,0,1.4378,1.0000,1.0000,0.6890,1.0000,1.0000,1.0000,0.0006,1.3907
8546,CHAOTIC TIME,GROW,0,1.4378,1.0000,1.0000,0.6890,1.0000,1.0000,1.0000,0.0005,1.3931
8547,CHAOTIC TIME,GROW,0,1.4378,1.0000,1.0000,0.6890,1.0000,1.0000,1.0000,0.0005,1.3953
8548,CHAOTIC TIME,SPREAD,0,1.4000,1.0000,1.0000,0.5000,1.0000,1.0000,1.0000,0.0001,1.3956
8549,CHAOTIC TIME,FAIL,0,1.4707,1.0000,1.0000,0.8536,1.0000,1.0000,1.0000,0.0008,1.3993
8550,CHAOTIC TIME,GROW,0,1.4378,1.0000,1.0000,0.6890,1.0000,1.0000,1.0000,0.0004,1.4012
8551,CHAOTIC TIME,SPREAD,0,1.4000,1.0000,1.0000,0.5000,1.0000,1.0000,1.0000,-0.0000,1.4012
8552,CHAOTIC TIME,FAIL,0,1.4707,1.0000,1.0000,0.8536,1.0000,1.0000,1.0000,0.0008,1.4046
8553,CHAOTIC TIME,FAIL,0,1.4707,1.0000,1.0000,0.8536,1.0000,1.0000,1.0000,0.0007,1.4080
8554,CHAOTIC TIME,SPREAD,0,1.4000,1.0000,1.0000,0.5000,1.0000,1.0000,1.0000,-0.0001,1.4076
8555,CHAOTIC TIME,FAIL,0,1.4707,1.0000,1.0000,0.8536,1.0000,1.0000,1.0000,0.0007,1.4107
8556,CHAOTIC TIME,GROW,0,1.4378,1.0000,1.0000,0.6890,1.0000,1.0000,1.0000,0.0003,1.4121
8557,CHAOTIC TIME,GROW,0,1.4378,1.0000,1.0000,0.6890,1.0000,1.0000,1.0000,0.0003,1.4134
8558,CHAOTIC TIME,FAIL,0,1.4707,1.0000,1.0000,0.8536,1.0000,1.0000,1.0000,0.0006,1.4162
8559,CHAOTIC TIME,GROW,0,1.4378,1.0000,1.0000,0.6890,1.0000,1.0000,1.0000,0.0002,1.4173
8560,CHAOTIC TIME,GROW,0,1.4378,1.0000,1.0000,0.6890,1.0000,1.0000,1.0000,0.0002,1.4183
8561,CHAOTIC TIME,FAIL,0,1.4707,1.0000,1.0000,0.8536,1.0000,1.0000,1.0000,0.0006,1.4209
8562,CHAOTIC TIME,GROW,0,1.4378,1.0000,1.0000,0.6890,1.0000,1.0000,1.0000,0.0002,1.4218
8563,CHAOTIC TIME,GROW,0,1.4378,1.0000,1.0000,0.6890,1.0000,1.0000,1.0000,0.0002,1.4226
8564,CHAOTIC TIME,SPREAD,0,1.4000,1.0000,1.0000,0.5000,1.0000,1.0000,1.0000,-0.0002,1.4215
8565,CHAOTIC TIME,GROW,0,1.4378,1.0000,1.0000,0.6890,1.0000,1.0000,1.0000,0.0002,1.4223
8566,CHAOTIC TIME,FAIL,0,1.4707,1.0000,1.0000,0.8536,1.0000,1.0000,1.0000,0.0005,1.4247
8567,CHAOTIC TIME,GROW,0,1.4378,1.0000,1.0000,0.6890,1.0000,1.0000,1.0000,0.0001,1.4254
8568,CHAOTIC TIME,FAIL,0,1.4707,1.0000,1.0000,0.8536,1.0000,1.0000,1.0000,0.0005,1.4276
8569,CHAOTIC TIME,FAIL,0,1.4707,1.0000,1.0000,0.8536,1.0000,1.0000,1.0000,0.0004,1.4298
8570,CHAOTIC TIME,GROW,0,1.4378,1.0000,1.0000,0.6890,1.0000,1.0000,1.0000,0.0001,1.4302
8571,CHAOTIC TIME,SPREAD,0,1.4000,1.0000,1.0000,0.5000,1.0000,1.0000,1.0000,-0.0003,1.4287
8572,CHAOTIC TIME,GROW,0,1.4378,1.0000,1.0000,0.6890,1.0000,1.0000,1.0000,0.0001,1.4291
8573,CHAOTIC BIRD,BURN,0,1.3545,1.0000,1.0000,0.2724,1.0000,1.0000,1.0000,-0.6852,1.4254
8574,CHAOTIC TIME,GROW,0,1.4378,1.0000,1.0000,0.6890,1.0000,1.0000,1.0000,0.0001,1.4260
8575,CHAOTIC TIME,FAIL,0,1.4707,1.0000,1.0000,0.8536,1.0000,1.0000,1.0000,0.0005,1.4282
8576,CHAOTIC TIME,SPREAD,0,1.4000,1.0000,1.0000,0.5000,1.0000,1.0000,1.0000,-0.0003,1.4268
8577,CHAOTIC TIME,GROW,0,1.4378,1.0000,1.0000,0.6890,1.0000,1.0000,1.0000,0.0001,1.4274
8578,CHAOTIC TIME,FAIL,0,1.4707,1.0000,1.0000,0.8536,1.0000,1.0000,1.0000,0.0004,1.4295
8579,CHAOTIC TIME,GROW,0,1.4378,1.0000,1.0000,0.6890,1.0000,1.0000,1.0000,0.0001,1.4300
8580,CHAOTIC TIME,GROW,0,1.4378,1.0000,1.0000,0.6890,1.0000,1.0000,1.0000,0.0001,1.4304
8581,CHAOTIC TIME,GROW,0,1.4378,1.0000,1.0000,0.6890,1.0000,1.0000,1.0000,0.0001,1.4307
8582,CHAOTIC TIME,GROW,0,1.4378,1.0000,1.0000,0.6890,1.0000,1.0000,1.0000,0.0001,1.4311
8583,CHAOTIC TIME,SPREAD,0,1.4000,1.0000,1.0000,0.5000,1.0000,1.0000,1.0000,-0.0003,1.4295
8584,CHAOTIC TIME,GROW,0,1.4378,1.0000,1.0000,0.6890,1.0000,1.0000,1.0000,0.0001,1.4299
8585,CHAOTIC TIME,SPREAD,0,1.4000,1.0000,1.0000,0.5000,1.0000,1.0000,1.0000,-0.0003,1.4284
8586,CHAOTIC TIME,SPREAD,0,1.4000,1.0000,1.0000,0.5000,1.0000,1.0000,1.0000,-0.0003,1.4270
8587,CHAOTIC TIME,GROW,0,1.4378,1.0000,1.0000,0.6890,1.0000,1.0000,1.0000,0.0001,1.4276
8588,CHAOTIC TIME,GROW,0,1.4378,1.0000,1.0000,0.6890,1.0000,1.0000,1.0000,0.0001,1.4281
8589,CHAOTIC TIME,GROW,0,1.4378,1.0000,1.0000,0.6890,1.0000,1.0000,1.0000,0.0001,1.4286
8590,CHAOTIC TIME,FAIL,0,1.4707,1.0000,1.0000,0.8536,1.0000,1.0000,1.0000,0.0004,1.4307
8591,CHAOTIC TIME,GROW,0,1.4378,1.0000,1.0000,0.6890,1.0000,1.0000,1.0000,0.0001,1.4310
8592,CHAOTIC TIME,FAIL,0,1.4707,1.0000,1.0000,0.8536,1.0000,1.0000,1.0000,0.0004,1.4330
8593,CHAOTIC TIME,SPREAD,0,1.4000,1.0000,1.0000,0.5000,1.0000,1.0000,1.0000,-0.0003,1.4314
8594,CHAOTIC TIME,GROW,0,1.4378,1.0000,1.0000,0.6890,1.0000,1.0000,1.0000,0.0001,1.4317
8595,CHAOTIC TIME,GROW,0,1.4378,1.0000,1.0000,0.6890,1.0000,1.0000,1.0000,0.0001,1.4320
8596,CHAOTIC TIME,FAIL,0,1.4707,1.0000,1.0000,0.8536,1.0000,1.0000,1.0000,0.0004,1.4339
8597,CHAOTIC TIME,GROW,0,1.4378,1.0000,1.0000,0.6890,1.0000,1.0000,1.0000,0.0000,1.4341
8598,CHAOTIC TIME,SPREAD,0,1.4000,1.0000,1.0000,0.5000,1.0000,1.0000,1.0000,-0.0003,1.4324
8599,CHAOTIC TIME,GROW,0,1.4378,1.0000,1.0000,0.6890,1.0000,1.0000,1.0000,0.0001,1.4327
8600,CHAOTIC TIME,GROW,0,1.4378,1.0000,1.0000,0.6890,1.0000,1.0000,1.0000,0.0000,1.4329
8601,CHAOTIC TIME,GROW,0,1.4378,1.0000,1.0000,0.6890,1.0000,1.0000,1.0000,0.0000,1.4332
8602,CHAOTIC TIME,FAIL,0,1.4707,1.0000,1.0000,0.8536,1.0000,1.0000,1.0000,0.0003,1.4351
8603,CHAOTIC TIME,SPREAD,0,1.4000,1.0000,1.0000,0.5000,1.0000,1.0000,1.0000,-0.0003,1.4333
8604,CHAOTIC TIME,GROW,0,1.4378,1.0000,1.0000,0.6890,1.0000,1.0000,1.0000,0.0000,1.4335
8605,CHAOTIC TIME,FAIL,0,1.4707,1.0000,1.0000,0.8536,1.0000,1.0000,1.0000,0.0003,1.4354
8606,CHAOTIC TIME,GROW,0,1.4378,1.0000,1.0000,0.6890,1.0000,1.0000,1.0000,0.0000,1.4355
8607,CHAOTIC TIME,GROW,0,1.4378,1.0000,1.0000,0.6890,1.0000,1.0000,1.0000,0.0000,1.4356
8608,CHAOTIC TIME,FAIL,0,1.4707,1.0000,1.0000,0.8536,1.0000,1.0000,1.0000,0.0003,1.4374
8609,CHAOTIC TIME,GROW,0,1.4378,1.0000,1.0000,0.6890,1.0000,1.0000,1.0000,0.0000,1.4374
8610,CHAOTIC TIME,SPREAD,0,1.4000,1.0000,1.0000,0.5000,1.0000,1.0000,1.0000,-0.0003,1.4355
8611,CHAOTIC TIME,SPREAD,0,1.4000,1.0000,1.0000,0.5000,1.0000,1.0000,1.0000,-0.0003,1.4337
8612,CHAOTIC TIME,GROW,0,1.4378,1.0000,1.0000,0.6890,1.0000,1.0000,1.0000,0.0000,1.4340
8613,CHAOTIC TOOL,FALL,0,1.3198,1.0000,1.0000,0.0991,1.0000,1.0000,1.0000,-1.1682,1.4282
8614,CHAOTIC TIME,SPREAD,0,1.4000,1.0000,1.0000,0.5000,1.0000,1.0000,1.0000,-0.0003,1.4268
8615,CHAOTIC TIME,SPREAD,0,1.4000,1.0000,1.0000,0.5000,1.0000,1.0000,1.0000,-0.0002,1.4255
8616,CHAOTIC TIME,FAIL,0,1.4707,1.0000,1.0000,0.8536,1.0000,1.0000,1.0000,0.0004,1.4278
8617,CHAOTIC TIME,GROW,0,1.4378,1.0000,1.0000,0.6890,1.0000,1.0000,1.0000,0.0001,1.4283
8618,CHAOTIC TIME,FAIL,0,1.4707,1.0000,1.0000,0.8536,1.0000,1.0000,1.0000,0.0003,1.4304
8619,CHAOTIC TIME,FAIL,0,1.4707,1.0000,1.0000,0.8536,1.0000,1.0000,1.0000,0.0004,1.4324
8620,CHAOTIC TIME,SPREAD,0,1.4000,1.0000,1.0000,0.5000,1.0000,1.0000,1.0000,-0.0003,1.4308
8621,CHAOTIC TIME,GROW,0,1.4378,1.0000,1.0000,0.6890,1.0000,1.0000,1.0000,0.0001,1.4311
8622,CHAOTIC TIME,SPREAD,0,1.4000,1.0000,1.0000,0.5000,1.0000,1.0000,1.0000,-0.0003,1.4296
8623,CHAOTIC TIME,GROW,0,1.4378,1.0000,1.0000,0.6890,1.0000,1.0000,1.0000,0.0001,1.4300
8624,CHAOTIC TIME,GROW,0,1.4378,1.0000,1.0000,0.6890,1.0000,1.0000,1.0000,0.0001,1.4304
8625,CHAOTIC TIME,SPREAD,0,1.4000,1.0000,1.0000,0.5000,1.0000,1.0000,1.0000,-0.0003,1.4289
8626,CHAOTIC TIME,GROW,0,1.4378,1.0000,1.0000,0.6890,1.0000,1.0000,1.0000,0.0001,1.4293
8627,CHAOTIC TIME,FAIL,0,1.4707,1.0000,1.0000,0.8536,1.0000,1.0000,1.0000,0.0003,1.4314
8628,CHAOTIC TIME,GROW,0,1.4378,1.0000,1.0000,0.6890,1.0000,1.0000,1.0000,0.0001,1.4317
8629,CHAOTIC TIME,FAIL,0,1.4707,1.0000,1.0000,0.8536,1.0000,1.0000,1.0000,0.0003,1.4336
8630,CHAOTIC TIME,GROW,0,1.4378,1.0000,1.0000,0.6890,1.0000,1.0000,1.0000,0.0000,1.4339
8631,CHAOTIC TIME,GROW,0,1.4378,1.0000,1.0000,0.6890,1.0000,1.0000,1.0000,0.0000,1.4340
8632,CHAOTIC TIME,SPREAD,0,1.4000,1.0000,1.0000,0.5000,1.0000,1.0000,1.0000,-0.0003,1.4323
8633,CHAOTIC TIME,GROW,0,1.4378,1.0000,1.0000,0.6890,1.0000,1.0000,1.0000,0.0000,1.4326
8634,CHAOTIC TIME,SPREAD,0,1.4000,1.0000,1.0000,0.5000,1.0000,1.0000,1.0000,-0.0003,1.4310
8635,CHAOTIC TIME,SPREAD,0,1.4000,1.0000,1.0000,0.5000,1.0000,1.0000,1.0000,-0.0002,1.4294
8636,CHAOTIC TIME,GROW,0,1.4378,1.0000,1.0000,0.6890,1.0000,1.0000,1.0000,0.0001,1.4299
8637,CHAOTIC TIME,GROW,0,1.4378,1.0000,1.0000,0.6890,1.0000,1.0000,1.0000,0.0001,1.4303
8638,CHAOTIC TIME,GROW,0,1.4378,1.0000,1.0000,0.6890,1.0000,1.0000,1.0000,0.0001,1.4306
8639,CITY,FALL,0,1.2676,1.0000,0.6667,0.3378,1.0000,1.0000,0.0000,-1.6352,1.4225
8640,CHAOTIC TIME,SPREAD,0,1.4000,1.0000,1.0000,0.5000,1.0000,1.0000,1.0000,-0.0002,1.4214
8641,CHAOTIC TIME,FAIL,0,1.4707,1.0000,1.0000,0.8536,1.0000,1.0000,1.0000,0.0004,1.4238
8642,CHAOTIC TIME,SPREAD,0,1.4000,1.0000,1.0000,0.5000,1.0000,1.0000,1.0000,-0.0002,1.4226
8643,CHAOTIC TIME,GROW,0,1.4378,1.0000,1.0000,0.6890,1.0000,1.0000,1.0000,0.0001,1.4234
8644,CHAOTIC TIME,SPREAD,0,1.4000,1.0000,1.0000,0.5000,1.0000,1.0000,1.0000,-0.0002,1.4222
8645,CHAOTIC TIME,GROW,0,1.4378,1.0000,1.0000,0.6890,1.0000,1.0000,1.0000,0.0001,1.4230
8646,CHAOTIC TIME,GROW,0,1.4378,1.0000,1.0000,0.6890,1.0000,1.0000,1.0000,0.0001,1.4237
8647,CHAOTIC TIME,GROW,0,1.4378,1.0000,1.0000,0.6890,1.0000,1.0000,1.0000,0.0001,1.4244
8648,CHAOTIC TIME,GROW,0,1.4378,1.0000,1.0000,0.6890,1.0000,1.0000,1.0000,0.0001,1.4251
8649,CHAOTIC TIME,GROW,0,1.4378,1.0000,1.0000,0.6890,1.0000,1.0000,1.0000,0.0001,1.4257
8650,CHAOTIC TIME,GROW,0,1.4378,1.0000,1.0000,0.6890,1.0000,1.0000,1.0000,0.0001,1.4263
8651,CHAOTIC TIME,GROW,0,1.4378,1.0000,1.0000,0.6890,1.0000,1.0000,1.0000,0.0001,1.4269
8652,CHAOTIC TIME,GROW,0,1.4378,1.0000,1.0000,0.6890,1.0000,1.0000,1.0000,0.0001,1.4275
8653,CHAOTIC TIME,SPREAD,0,1.4000,1.0000,1.0000,0.5000,1.0000,1.0000,1.0000,-0.0002,1.4261
8654,CHAOTIC TIME,GROW,0,1.4378,1.0000,1.0000,0.6890,1.0000,1.0000,1.0000,0.0001,1.4267
8655,CHAOTIC TIME,SPREAD,0,1.4000,1.0000,1.0000,0.5000,1.0000,1.0000,1.0000,-0.0002,1.4253
8656,CHAOTIC TIME,SPREAD,0,1.4000,1.0000,1.0000,0.5000,1.0000,1.0000,1.0000,-0.0002,1.4241
8657,CHAOTIC TIME,GROW,0,1.4378,1.0000,1.0000,0.6890,1.0000,1.0000,1.0000,0.0001,1.4248
8658,CHAOTIC TIME,SPREAD,0,1.4000,1.0000,1.0000,0.5000,1.0000,1.0000,1.0000,-0.0002,1.4235
8659,CHAOTIC TIME,SPREAD,0,1.4000,1.0000,1.0000,0.5000,1.0000,1.0000,1.0000,-0.0002,1.4223
8660,CHAOTIC TIME,FAIL,0,1.4707,1.0000,1.0000,0.8536,1.0000,1.0000,1.0000,0.0004,1.4248
8661,CHAOTIC TIME,SPREAD,0,1.4000,1.0000,1.0000,0.5000,1.0000,1.0000,1.0000,-0.0002,1.4235
8662,CHAOTIC TIME,GROW,0,1.4378,1.0000,1.0000,0.6890,1.0000,1.0000,1.0000,0.0001,1.4242
8663,CHAOTIC TIME,SPREAD,0,1.4000,1.0000,1.0000,0.5000,1.0000,1.0000,1.0000,-0.0002,1.4230
8664,CHAOTIC TIME,SPREAD,0,1.4000,1.0000,1.0000,0.5000,1.0000,1.0000,1.0000,-0.0002,1.4219
8665,CHAOTIC TIME,GROW,0,1.4378,1.0000,1.0000,0.6890,1.0000,1.0000,1.0000,0.0001,1.4227
8666,CHAOTIC TIME,FAIL,0,1.4707,1.0000,1.0000,0.8536,1.0000,1.0000,1.0000,0.0004,1.4251
8667,CHAOTIC TIME,GROW,0,1.4378,1.0000,1.0000,0.6890,1.0000,1.0000,1.0000,0.0001,1.4257
8668,CHAOTIC TIME,GROW,0,1.4378,1.0000,1.0000,0.6890,1.0000,1.0000,1.0000,0.0001,1.4263
8669,CHAOTIC TIME,FAIL,0,1.4707,1.0000,1.0000,0.8536,1.0000,1.0000,1.0000,0.0003,1.4285
8670,CHAOTIC TIME,SPREAD,0,1.4000,1.0000,1.0000,0.5000,1.0000,1.0000,1.0000,-0.0002,1.4271
8671,CHAOTIC TIME,SPREAD,0,1.4000,1.0000,1.0000,0.5000,1.0000,1.0000,1.0000,-0.0002,1.4258
8672,CHAOTIC TIME,SPREAD,0,1.4000,1.0000,1.0000,0.5000,1.0000,1.0000,1.0000,-0.0002,1.4245
8673,CHAOTIC TIME,SPREAD,0,1.4000,1.0000,1.0000,0.5000,1.0000,1.0000,1.0000,-0.0002,1.4232
8674,CHAOTIC TIME,SPREAD,0,1.4000,1.0000,1.0000,0.5000,1.0000,1.0000,1.0000,-0.0002,1.4221
8675,CHAOTIC TIME,FAIL,0,1.4707,1.0000,1.0000,0.8536,1.0000,1.0000,1.0000,0.0004,1.4245
8676,CHAOTIC TIME,GROW,0,1.4378,1.0000,1.0000,0.6890,1.0000,1.0000,1.0000,0.0001,1.4252
8677,CHAOTIC TIME,SPREAD,0,1.4000,1.0000,1.0000,0.5000,1.0000,1.0000,1.0000,-0.0002,1.4239
8678,CHAOTIC TIME,GROW,0,1.4378,1.0000,1.0000,0.6890,1.0000,1.0000,1.0000,0.0001,1.4246
8679,CHAOTIC TIME,SPREAD,0,1.4000,1.0000,1.0000,0.5000,1.0000,1.0000,1.0000,-0.0002,1.4234
8680,CHAOTIC TIME,FAIL,0,1.4707,1.0000,1.0000,0.8536,1.0000,1.0000,1.0000,0.0004,1.4257
8681,CHAOTIC TIME,FAIL,0,1.4707,1.0000,1.0000,0.8536,1.0000,1.0000,1.0000,0.0003,1.4280
8682,CHAOTIC TIME,SPREAD,0,1.4000,1.0000,1.0000,0.5000,1.0000,1.0000,1.0000,-0.0002,1.4266
8683,CHAOTIC TIME,SPREAD,0,1.4000,1.0000,1.0000,0.5000,1.0000,1.0000,1.0000,-0.0002,1.4253
8684,CHAOTIC TIME,SPREAD,0,1.4000,1.0000,1.0000,0.5000,1.0000,1.0000,1.0000,-0.0002,1.4240
8685,CHAOTIC TIME,GROW,0,1.4378,1.0000,1.0000,0.6890,1.0000,1.0000,1.0000,0.0001,1.4247
8686,CHAOTIC TIME,SPREAD,0,1.4000,1.0000,1.0000,0.5000,1.0000,1.0000,1.0000,-0.0002,1.4235
8687,CHAOTIC TIME,GROW,0,1.4378,1.0000,1.0000,0.6890,1.0000,1.0000,1.0000,0.0001,1.4242
8688,CHAOTIC TIME,SPREAD,0,1.4000,1.0000,1.0000,0.5000,1.0000,1.0000,1.0000,-0.0002,1.4230
8689,CHAOTIC TIME,GROW,0,1.4378,1.0000,1.0000,0.6890,1.0000,1.0000,1.0000,0.0001,1.4237
8690,CHAOTIC TIME,GROW,0,1.4378,1.0000,1.0000,0.6890,1.0000,1.0000,1.0000,0.0001,1.4244
8691,CHAOTIC TIME,GROW,0,1.4378,1.0000,1.0000,0.6890,1.0000,1.0000,1.0000,0.0001,1.4251
8692,CHAOTIC TIME,GROW,0,1.4378,1.0000,1.0000,0.6890,1.0000,1.0000,1.0000,0.0001,1.4257
8693,CHAOTIC TIME,GROW,0,1.4378,1.0000,1.0000,0.6890,1.0000,1.0000,1.0000,0.0001,1.4263
8694,CHAOTIC TIME,GROW,0,1.4378,1.0000,1.0000,0.6890,1.0000,1.0000,1.0000,0.0001,1.4269
8695,CHAOTIC TIME,FAIL,0,1.4707,1.0000,1.0000,0.8536,1.0000,1.0000,1.0000,0.0004,1.4291
8696,CHAOTIC TIME,SPREAD,0,1.4000,1.0000,1.0000,0.5000,1.0000,1.0000,1.0000,-0.0002,1.4276
8697,CHAOTIC TIME,GROW,0,1.4378,1.0000,1.0000,0.6890,1.0000,1.0000,1.0000,0.0001,1.4281
8698,CHAOTIC TIME,SPREAD,0,1.4000,1.0000,1.0000,0.5000,1.0000,1.0000,1.0000,-0.0002,1.4267
8699,CHAOTIC TIME,FAIL,0,1.4707,1.0000,1.0000,0.8536,1.0000,1.0000,1.0000,0.0004,1.4289
8700,CHAOTIC TIME,SPREAD,0,1.4000,1.0000,1.0000,0.5000,1.0000,1.0000,1.0000,-0.0002,1.4275
8701,CHAOTIC TIME,GROW,0,1.4378,1.0000,1.0000,0.6890,1.0000,1.0000,1.0000,0.0001,1.4280
8702,CHAOTIC TIME,GROW,0,1.4378,1.0000,1.0000,0.6890,1.0000,1.0000,1.0000,0.0001,1.4285
8703,CHAOTIC TIME,GROW,0,1.4378,1.0000,1.0000,0.6890,1.0000,1.0000,1.0000,0.0001,1.4290
8704,CHAOTIC TIME,SPREAD,0,1.4000,1.0000,1.0000,0.5000,1.0000,1.0000,1.0000,-0.0002,1.4275
8705,CHAOTIC TIME,SPREAD,0,1.4000,1.0000,1.0000,0.5000,1.0000,1.0000,1.0000,-0.0002,1.4261
8706,CHAOTIC TIME,SPREAD,0,1.4000,1.0000,1.0000,0.5000,1.0000,1.0000,1.0000,-0.0002,1.4248
8707,CHAOTIC TIME,SPREAD,0,1.4000,1.0000,1.0000,0.5000,1.0000,1.0000,1.0000,-0.0002,1.4236
8708,CHAOTIC TIME,GROW,0,1.4378,1.0000,1.0000,0.6890,1.0000,1.0000,1.0000,0.0001,1.4243
8709,CHAOTIC TIME,GROW,0,1.4378,1.0000,1.0000,0.6890,1.0000,1.0000,1.0000,0.0001,1.4250
8710,CHAOTIC TIME,GROW,0,1.4378,1.0000,1.0000,0.6890,1.0000,1.0000,1.0000,0.0001,1.4256
8711,CHAOTIC TIME,SPREAD,0,1.4000,1.0000,1.0000,0.5000,1.0000,1.0000,1.0000,-0.0002,1.4243
8712,CHAOTIC TIME,FAIL,0,1.4707,1.0000,1.0000,0.8536,1.0000,1.0000,1.0000,0.0004,1.4266
8713,CHAOTIC TIME,GROW,0,1.4378,1.0000,1.0000,0.6890,1.0000,1.0000,1.0000,0.0001,1.4272
8714,CHAOTIC TIME,GROW,0,1.4378,1.0000,1.0000,0.6890,1.0000,1.0000,1.0000,0.0001,1.4277
8715,CHAOTIC TIME,GROW,0,1.4378,1.0000,1.0000,0.6890,1.0000,1.0000,1.0000,0.0001,1.4282
8716,CHAOTIC TIME,SPREAD,0,1.4000,1.0000,1.0000,0.5000,1.0000,1.0000,1.0000,-0.0002,1.4268
8717,CHAOTIC TIME,GROW,0,1.4378,1.0000,1.0000,0.6890,1.0000,1.0000,1.0000,0.0001,1.4274
8718,CHAOTIC TIME,SPREAD,0,1.4000,1.0000,1.0000,0.5000,1.0000,1.0000,1.0000,-0.0002,1.4260
8719,CHAOTIC TIME,GROW,0,1.4378,1.0000,1.0000,0.6890,1.0000,1.0000,1.0000,0.0001,1.4266
8720,CHAOTIC TIME,SPREAD,0,1.4000,1.0000,1.0000,0.5000,1.0000,1.0000,1.0000,-0.0002,1.4253
8721,CHAOTIC TIME,FAIL,0,1.4707,1.0000,1.0000,0.8536,1.0000,1.0000,1.0000,0.0004,1.4275
8722,CHAOTIC TIME,SPREAD,0,1.4000,1.0000,1.0000,0.5000,1.0000,1.0000,1.0000,-0.0002,1.4262
8723,CHAOTIC TIME,GROW,0,1.4378,1.0000,1.0000,0.6890,1.0000,1.0000,1.0000,0.0001,1.4267
8724,CHAOTIC TIME,GROW,0,1.4378,1.0000,1.0000,0.6890,1.0000,1.0000,1.0000,0.0001,1.4273
8725,CHAOTIC TIME,GROW,0,1.4378,1.0000,1.0000,0.6890,1.0000,1.0000,1.0000,0.0001,1.4278
8726,CHAOTIC TIME,SPREAD,0,1.4000,1.0000,1.0000,0.5000,1.0000,1.0000,1.0000,-0.0002,1.4264
8727,CHAOTIC TIME,SPREAD,0,1.4000,1.0000,1.0000,0.5000,1.0000,1.0000,1.0000,-0.0002,1.4251
8728,CHAOTIC TIME,SPREAD,0,1.4000,1.0000,1.0000,0.5000,1.0000,1.0000,1.0000,-0.0002,1.4239
8729,CHAOTIC TIME,FAIL,0,1.4707,1.0000,1.0000,0.8536,1.0000,1.0000,1.0000,0.0004,1.4262
8730,CHAOTIC TIME,GROW,0,1.4378,1.0000,1.0000,0.6890,1.0000,1.0000,1.0000,0.0001,1.4268
8731,CHAOTIC TIME,FAIL,0,1.4707,1.0000,1.0000,0.8536,1.0000,1.0000,1.0000,0.0003,1.4290
8732,CHAOTIC TIME,GROW,0,1.4378,1.0000,1.0000,0.6890,1.0000,1.0000,1.0000,0.0001,1.4294
8733,CHAOTIC TIME,GROW,0,1.4378,1.0000,1.0000,0.6890,1.0000,1.0000,1.0000,0.0001,1.4298
8734,CHAOTIC TIME,GROW,0,1.4378,1.0000,1.0000,0.6890,1.0000,1.0000,1.0000,0.0001,1.4302
8735,CHAOTIC TIME,GROW,0,1.4378,1.0000,1.0000,0.6890,1.0000,1.0000,1.0000,0.0001,1.4306
8736,CHAOTIC TIME,GROW,0,1.4378,1.0000,1.0000,0.6890,1.0000,1.0000,1.0000,0.0001,1.4310
8737,CHAOTIC TIME,SPREAD,0,1.4000,1.0000,1.0000,0.5000,1.0000,1.0000,1.0000,-0.0003,1.4294
8738,CHAOTIC TIME,GROW,0,1.4378,1.0000,1.0000,0.6890,1.0000,1.0000,1.0000,0.0001,1.4298
8739,CHAOTIC TIME,GROW,0,1.4378,1.0000,1.0000,0.6890,1.0000,1.0000,1.0000,0.0001,1.4302
8740,CHAOTIC TIME,SPREAD,0,1.4000,1.0000,1.0000,0.5000,1.0000,1.0000,1.0000,-0.0002,1.4287
8741,CHAOTIC TIME,GROW,0,1.4378,1.0000,1.0000,0.6890,1.0000,1.0000,1.0000,0.0001,1.4292
8742,CHAOTIC TIME,GROW,0,1.4378,1.0000,1.0000,0.6890,1.0000,1.0000,1.0000,0.0001,1.4296
8743,CHAOTIC TIME,SPREAD,0,1.4000,1.0000,1.0000,0.5000,1.0000,1.0000,1.0000,-0.0002,1.4281
8744,CHAOTIC TIME,SPREAD,0,1.4000,1.0000,1.0000,0.5000,1.0000,1.0000,1.0000,-0.0002,1.4267
8745,CHAOTIC TIME,SPREAD,0,1.4000,1.0000,1.0000,0.5000,1.0000,1.0000,1.0000,-0.0002,1.4254
8746,CHAOTIC TRUTH,SPREAD,0,1.3565,1.0000,1.0000,0.2824,1.0000,1.0000,1.0000,-0.4032,1.4219
8747,CHAOTIC TIME,GROW,0,1.4378,1.0000,1.0000,0.6890,1.0000,1.0000,1.0000,0.0001,1.4227
8748,CHAOTIC TIME,SPREAD,0,1.4000,1.0000,1.0000,0.5000,1.0000,1.0000,1.0000,-0.0002,1.4216
8749,CHAOTIC TIME,GROW,0,1.4378,1.0000,1.0000,0.6890,1.0000,1.0000,1.0000,0.0001,1.4224
8750,CHAOTIC TIME,SPREAD,0,1.4000,1.0000,1.0000,0.5000,1.0000,1.0000,1.0000,-0.0002,1.4213
8751,CHAOTIC TIME,GROW,0,1.4378,1.0000,1.0000,0.6890,1.0000,1.0000,1.0000,0.0001,1.4221
8752,CHAOTIC TIME,SPREAD,0,1.4000,1.0000,1.0000,0.5000,1.0000,1.0000,1.0000,-0.0001,1.4210
8753,CHAOTIC TIME,SPREAD,0,1.4000,1.0000,1.0000,0.5000,1.0000,1.0000,1.0000,-0.0001,1.4200
8754,CHAOTIC TIME,GROW,0,1.4378,1.0000,1.0000,0.6890,1.0000,1.0000,1.0000,0.0001,1.4208
8755,CHAOTIC TIME,GROW,0,1.4378,1.0000,1.0000,0.6890,1.0000,1.0000,1.0000,0.0001,1.4217
8756,CHAOTIC TIME,SPREAD,0,1.4000,1.0000,1.0000,0.5000,1.0000,1.0000,1.0000,-0.0001,1.4206
8757,CHAOTIC TIME,GROW,0,1.4378,1.0000,1.0000,0.6890,1.0000,1.0000,1.0000,0.0001,1.4215
8758,CHAOTIC TIME,SPREAD,0,1.4000,1.0000,1.0000,0.5000,1.0000,1.0000,1.0000,-0.0001,1.4204
8759,CHAOTIC TIME,GROW,0,1.4378,1.0000,1.0000,0.6890,1.0000,1.0000,1.0000,0.0001,1.4213
8760,CHAOTIC TIME,GROW,0,1.4378,1.0000,1.0000,0.6890,1.0000,1.0000,1.0000,0.0001,1.4221
8761,CHAOTIC TIME,SPREAD,0,1.4000,1.0000,1.0000,0.5000,1.0000,1.0000,1.0000,-0.0001,1.4210
8762,CHAOTIC TIME,FAIL,0,1.4707,1.0000,1.0000,0.8536,1.0000,1.0000,1.0000,0.0003,1.4235
8763,CHAOTIC TIME,GROW,0,1.4378,1.0000,1.0000,0.6890,1.0000,1.0000,1.0000,0.0001,1.4242
8764,CHAOTIC TIME,FAIL,0,1.4707,1.0000,1.0000,0.8536,1.0000,1.0000,1.0000,0.0003,1.4265
8765,CHAOTIC TIME,SPREAD,0,1.4000,1.0000,1.0000,0.5000,1.0000,1.0000,1.0000,-0.0002,1.4252
8766,CHAOTIC TIME,GROW,0,1.4378,1.0000,1.0000,0.6890,1.0000,1.0000,1.0000,0.0001,1.4258
8767,CHAOTIC TIME,GROW,0,1.4378,1.0000,1.0000,0.6890,1.0000,1.0000,1.0000,0.0001,1.4264
8768,CHAOTIC TIME,GROW,0,1.4378,1.0000,1.0000,0.6890,1.0000,1.0000,1.0000,0.0001,1.4270
8769,CHAOTIC TIME,SPREAD,0,1.4000,1.0000,1.0000,0.5000,1.0000,1.0000,1.0000,-0.0002,1.4256
8770,CHAOTIC TIME,FAIL,0,1.4707,1.0000,1.0000,0.8536,1.0000,1.0000,1.0000,0.0003,1.4279
8771,CHAOTIC TIME,SPREAD,0,1.4000,1.0000,1.0000,0.5000,1.0000,1.0000,1.0000,-0.0002,1.4265
8772,CHAOTIC TIME,GROW,0,1.4378,1.0000,1.0000,0.6890,1.0000,1.0000,1.0000,0.0001,1.4271
8773,CHAOTIC TIME,GROW,0,1.4378,1.0000,1.0000,0.6890,1.0000,1.0000,1.0000,0.0001,1.4276
8774,CHAOTIC TIME,SPREAD,0,1.4000,1.0000,1.0000,0.5000,1.0000,1.0000,1.0000,-0.0002,1.4262
8775,CHAOTIC TIME,SPREAD,0,1.4000,1.0000,1.0000,0.5000,1.0000,1.0000,1.0000,-0.0002,1.4249
8776,CHAOTIC TIME,SPREAD,0,1.4000,1.0000,1.0000,0.5000,1.0000,1.0000,1.0000,-0.0002,1.4237
8777,CHAOTIC TIME,SPREAD,0,1.4000,1.0000,1.0000,0.5000,1.0000,1.0000,1.0000,-0.0001,1.4225
8778,CHAOTIC TIME,FAIL,0,1.4707,1.0000,1.0000,0.8536,1.0000,1.0000,1.0000,0.0003,1.4249
8779,CHAOTIC TIME,GROW,0,1.4378,1.0000,1.0000,0.6890,1.0000,1.0000,1.0000,0.0001,1.4255
8780,CHAOTIC TIME,SPREAD,0,1.4000,1.0000,1.0000,0.5000,1.0000,1.0000,1.0000,-0.0002,1.4243
8781,CHAOTIC TIME,SPREAD,0,1.4000,1.0000,1.0000,0.5000,1.0000,1.0000,1.0000,-0.0002,1.4230
8782,CHAOTIC TIME,SPREAD,0,1.4000,1.0000,1.0000,0.5000,1.0000,1.0000,1.0000,-0.0001,1.4219
8783,CHAOTIC TIME,SPREAD,0,1.4000,1.0000,1.0000,0.5000,1.0000,1.0000,1.0000,-0.0001,1.4208
8784,CHAOTIC TIME,FAIL,0,1.4707,1.0000,1.0000,0.8536,1.0000,1.0000,1.0000,0.0003,1.4233
8785,CHAOTIC TIME,GROW,0,1.4378,1.0000,1.0000,0.6890,1.0000,1.0000,1.0000,0.0001,1.4240
8786,CHAOTIC TIME,SPREAD,0,1.4000,1.0000,1.0000,0.5000,1.0000,1.0000,1.0000,-0.0001,1.4228
8787,CHAOTIC TIME,GROW,0,1.4378,1.0000,1.0000,0.6890,1.0000,1.0000,1.0000,0.0001,1.4236
8788,CHAOTIC TIME,GROW,0,1.4378,1.0000,1.0000,0.6890,1.0000,1.0000,1.0000,0.0001,1.4243
8789,CHAOTIC TIME,FAIL,0,1.4707,1.0000,1.0000,0.8536,1.0000,1.0000,1.0000,0.0003,1.4266
8790,CHAOTIC TIME,SPREAD,0,1.4000,1.0000,1.0000,0.5000,1.0000,1.0000,1.0000,-0.0002,1.4253
8791,CHAOTIC TIME,FAIL,0,1.4707,1.0000,1.0000,0.8536,1.0000,1.0000,1.0000,0.0003,1.4275
8792,CHAOTIC TIME,GROW,0,1.4378,1.0000,1.0000,0.6890,1.0000,1.0000,1.0000,0.0001,1.4281
8793,CHAOTIC TIME,GROW,0,1.4378,1.0000,1.0000,0.6890,1.0000,1.0000,1.0000,0.0001,1.4285
8794,CHAOTIC TIME,GROW,0,1.4378,1.0000,1.0000,0.6890,1.0000,1.0000,1.0000,0.0001,1.4290
8795,CHAOTIC TIME,SPREAD,0,1.4000,1.0000,1.0000,0.5000,1.0000,1.0000,1.0000,-0.0002,1.4276
8796,CHAOTIC TIME,SPREAD,0,1.4000,1.0000,1.0000,0.5000,1.0000,1.0000,1.0000,-0.0002,1.4262
8797,CHAOTIC TIME,GROW,0,1.4378,1.0000,1.0000,0.6890,1.0000,1.0000,1.0000,0.0001,1.4268
8798,CHAOTIC TIME,GROW,0,1.4378,1.0000,1.0000,0.6890,1.0000,1.0000,1.0000,0.0001,1.4273
8799,CHAOTIC TIME,GROW,0,1.4378,1.0000,1.0000,0.6890,1.0000,1.0000,1.0000,0.0001,1.4278
8800,CHAOTIC TIME,SPREAD,0,1.4000,1.0000,1.0000,0.5000,1.0000,1.0000,1.0000,-0.0002,1.4264
8801,CHAOTIC TIME,SPREAD,0,1.4000,1.0000,1.0000,0.5000,1.0000,1.0000,1.0000,-0.0002,1.4251
8802,CHAOTIC TIME,GROW,0,1.4378,1.0000,1.0000,0.6890,1.0000,1.0000,1.0000,0.0001,1.4258
8803,CHAOTIC TIME,GROW,0,1.4378,1.0000,1.0000,0.6890,1.0000,1.0000,1.0000,0.0001,1.4264
8804,CHAOTIC TIME,GROW,0,1.4378,1.0000,1.0000,0.6890,1.0000,1.0000,1.0000,0.0001,1.4269
8805,CHAOTIC TIME,SPREAD,0,1.4000,1.0000,1.0000,0.5000,1.0000,1.0000,1.0000,-0.0002,1.4256
8806,CHAOTIC TIME,GROW,0,1.4378,1.0000,1.0000,0.6890,1.0000,1.0000,1.0000,0.0001,1.4262
8807,CHAOTIC TIME,GROW,0,1.4378,1.0000,1.0000,0.6890,1.0000,1.0000,1.0000,0.0001,1.4268
8808,CHAOTIC TIME,GROW,0,1.4378,1.0000,1.0000,0.6890,1.0000,1.0000,1.0000,0.0001,1.4273
8809,CHAOTIC TIME,GROW,0,1.4378,1.0000,1.0000,0.6890,1.0000,1.0000,1.0000,0.0001,1.4278
8810,CHAOTIC TIME,SPREAD,0,1.4000,1.0000,1.0000,0.5000,1.0000,1.0000,1.0000,-0.0002,1.4265
8811,CHAOTIC TIME,FAIL,0,1.4707,1.0000,1.0000,0.8536,1.0000,1.0000,1.0000,0.0003,1.4287
8812,CHAOTIC TIME,GROW,0,1.4378,1.0000,1.0000,0.6890,1.0000,1.0000,1.0000,0.0001,1.4291
8813,CHAOTIC TIME,SPREAD,0,1.4000,1.0000,1.0000,0.5000,1.0000,1.0000,1.0000,-0.0002,1.4277
8814,CHAOTIC TIME,SPREAD,0,1.4000,1.0000,1.0000,0.5000,1.0000,1.0000,1.0000,-0.0002,1.4263
8815,CHAOTIC TIME,GROW,0,1.4378,1.0000,1.0000,0.6890,1.0000,1.0000,1.0000,0.0001,1.4269
8816,CHAOTIC TIME,GROW,0,1.4378,1.0000,1.0000,0.6890,1.0000,1.0000,1.0000,0.0001,1.4274
8817,CHAOTIC TIME,SPREAD,0,1.4000,1.0000,1.0000,0.5000,1.0000,1.0000,1.0000,-0.0002,1.4260
8818,CHAOTIC TIME,GROW,0,1.4378,1.0000,1.0000,0.6890,1.0000,1.0000,1.0000,0.0001,1.4266
8819,CHAOTIC TIME,SPREAD,0,1.4000,1.0000,1.0000,0.5000,1.0000,1.0000,1.0000,-0.0002,1.4253
8820,CHAOTIC TIME,SPREAD,0,1.4000,1.0000,1.0000,0.5000,1.0000,1.0000,1.0000,-0.0001,1.4240
8821,CHAOTIC TIME,GROW,0,1.4378,1.0000,1.0000,0.6890,1.0000,1.0000,1.0000,0.0001,1.4247
8822,CHAOTIC TIME,SPREAD,0,1.4000,1.0000,1.0000,0.5000,1.0000,1.0000,1.0000,-0.0001,1.4235
8823,CHAOTIC TIME,GROW,0,1.4378,1.0000,1.0000,0.6890,1.0000,1.0000,1.0000,0.0001,1.4242
8824,CHAOTIC TIME,GROW,0,1.4378,1.0000,1.0000,0.6890,1.0000,1.0000,1.0000,0.0001,1.4249
8825,CHAOTIC TIME,GROW,0,1.4378,1.0000,1.0000,0.6890,1.0000,1.0000,1.0000,0.0001,1.4255
8826,CHAOTIC TIME,FAIL,0,1.4707,1.0000,1.0000,0.8536,1.0000,1.0000,1.0000,0.0003,1.4278
8827,CHAOTIC TIME,SPREAD,0,1.4000,1.0000,1.0000,0.5000,1.0000,1.0000,1.0000,-0.0002,1.4264
8828,CHAOTIC TIME,GROW,0,1.4378,1.0000,1.0000,0.6890,1.0000,1.0000,1.0000,0.0001,1.4270
8829,CHAOTIC TIME,GROW,0,1.4378,1.0000,1.0000,0.6890,1.0000,1.0000,1.0000,0.0001,1.4275
8830,CHAOTIC TIME,GROW,0,1.4378,1.0000,1.0000,0.6890,1.0000,1.0000,1.0000,0.0001,1.4280
8831,CHAOTIC TIME,GROW,0,1.4378,1.0000,1.0000,0.6890,1.0000,1.0000,1.0000,0.0001,1.4285
8832,CHAOTIC TIME,GROW,0,1.4378,1.0000,1.0000,0.6890,1.0000,1.0000,1.0000,0.0001,1.4290
8833,CHAOTIC TIME,GROW,0,1.4378,1.0000,1.0000,0.6890,1.0000,1.0000,1.0000,0.0001,1.4294
8834,CHAOTIC TIME,GROW,0,1.4378,1.0000,1.0000,0.6890,1.0000,1.0000,1.0000,0.0001,1.4298
8835,CHAOTIC TIME,FAIL,0,1.4707,1.0000,1.0000,0.8536,1.0000,1.0000,1.0000,0.0003,1.4319
8836,CHAOTIC TIME,FAIL,0,1.4707,1.0000,1.0000,0.8536,1.0000,1.0000,1.0000,0.0002,1.4338
8837,CHAOTIC TIME,SPREAD,0,1.4000,1.0000,1.0000,0.5000,1.0000,1.0000,1.0000,-0.0002,1.4321
8838,CHAOTIC TIME,GROW,0,1.4378,1.0000,1.0000,0.6890,1.0000,1.0000,1.0000,0.0000,1.4324
8839,CHAOTIC TIME,FAIL,0,1.4707,1.0000,1.0000,0.8536,1.0000,1.0000,1.0000,0.0002,1.4343
8840,CHAOTIC TIME,GROW,0,1.4378,1.0000,1.0000,0.6890,1.0000,1.0000,1.0000,0.0000,1.4345
8841,CHAOTIC TIME,GROW,0,1.4378,1.0000,1.0000,0.6890,1.0000,1.0000,1.0000,0.0000,1.4347
8842,CHAOTIC TIME,SPREAD,0,1.4000,1.0000,1.0000,0.5000,1.0000,1.0000,1.0000,-0.0002,1.4329
8843,CHAOTIC TIME,GROW,0,1.4378,1.0000,1.0000,0.6890,1.0000,1.0000,1.0000,0.0000,1.4332
8844,CHAOTIC TIME,GROW,0,1.4378,1.0000,1.0000,0.6890,1.0000,1.0000,1.0000,0.0000,1.4334
8845,CHAOTIC TIME,SPREAD,0,1.4000,1.0000,1.0000,0.5000,1.0000,1.0000,1.0000,-0.0002,1.4317
8846,CHAOTIC TIME,SPREAD,0,1.4000,1.0000,1.0000,0.5000,1.0000,1.0000,1.0000,-0.0002,1.4301
8847,CHAOTIC TIME,FAIL,0,1.4707,1.0000,1.0000,0.8536,1.0000,1.0000,1.0000,0.0002,1.4322
8848,CHAOTIC TIME,FAIL,0,1.4707,1.0000,1.0000,0.8536,1.0000,1.0000,1.0000,0.0002,1.4341
8849,CHAOTIC TIME,GROW,0,1.4378,1.0000,1.0000,0.6890,1.0000,1.0000,1.0000,0.0000,1.4343
8850,CHAOTIC TIME,SPREAD,0,1.4000,1.0000,1.0000,0.5000,1.0000,1.0000,1.0000,-0.0002,1.4326
8851,CHAOTIC TIME,SPREAD,0,1.4000,1.0000,1.0000,0.5000,1.0000,1.0000,1.0000,-0.0002,1.4309
8852,CHAOTIC TIME,FAIL,0,1.4707,1.0000,1.0000,0.8536,1.0000,1.0000,1.0000,0.0002,1.4329
8853,CHAOTIC TIME,FAIL,0,1.4707,1.0000,1.0000,0.8536,1.0000,1.0000,1.0000,0.0002,1.4348
8854,CHAOTIC TIME,SPREAD,0,1.4000,1.0000,1.0000,0.5000,1.0000,1.0000,1.0000,-0.0002,1.4331
8855,CHAOTIC TIME,SPREAD,0,1.4000,1.0000,1.0000,0.5000,1.0000,1.0000,1.0000,-0.0002,1.4314
8856,CHAOTIC TIME,SPREAD,0,1.4000,1.0000,1.0000,0.5000,1.0000,1.0000,1.0000,-0.0002,1.4299
8857,CHAOTIC TIME,SPREAD,0,1.4000,1.0000,1.0000,0.5000,1.0000,1.0000,1.0000,-0.0002,1.4284
8858,CHAOTIC TIME,SPREAD,0,1.4000,1.0000,1.0000,0.5000,1.0000,1.0000,1.0000,-0.0002,1.4269
8859,CHAOTIC TIME,GROW,0,1.4378,1.0000,1.0000,0.6890,1.0000,1.0000,1.0000,0.0001,1.4275
8860,CHAOTIC TIME,GROW,0,1.4378,1.0000,1.0000,0.6890,1.0000,1.0000,1.0000,0.0001,1.4280
8861,CHAOTIC TIME,GROW,0,1.4378,1.0000,1.0000,0.6890,1.0000,1.0000,1.0000,0.0001,1.4285
8862,CHAOTIC TIME,GROW,0,1.4378,1.0000,1.0000,0.6890,1.0000,1.0000,1.0000,0.0001,1.4290
8863,CHAOTIC TIME,GROW,0,1.4378,1.0000,1.0000,0.6890,1.0000,1.0000,1.0000,0.0001,1.4294
8864,CHAOTIC TIME,SPREAD,0,1.4000,1.0000,1.0000,0.5000,1.0000,1.0000,1.0000,-0.0002,1.4279
8865,CHAOTIC TIME,SPREAD,0,1.4000,1.0000,1.0000,0.5000,1.0000,1.0000,1.0000,-0.0002,1.4265
8866,CHAOTIC TIME,FAIL,0,1.4707,1.0000,1.0000,0.8536,1.0000,1.0000,1.0000,0.0003,1.4287
8867,CHAOTIC BIRD,FORGET ORDERED WEAK DOG,0,1.2152,1.0000,0.5000,0.3262,0.0000,1.0000,0.5000,-2.1850,1.4181
8868,CHAOTIC TIME,FAIL,0,1.4707,1.0000,1.0000,0.8536,1.0000,1.0000,1.0000,0.0003,1.4207
8869,CHAOTIC TIME,FAIL,0,1.4707,1.0000,1.0000,0.8536,1.0000,1.0000,1.0000,0.0003,1.4232
8870,CHAOTIC TIME,GROW,0,1.4378,1.0000,1.0000,0.6890,1.0000,1.0000,1.0000,0.0001,1.4239
8871,CHAOTIC TIME,FAIL,0,1.4707,1.0000,1.0000,0.8536,1.0000,1.0000,1.0000,0.0003,1.4263
8872,CHAOTIC TIME,SPREAD,0,1.4000,1.0000,1.0000,0.5000,1.0000,1.0000,1.0000,-0.0001,1.4250
8873,CHAOTIC TIME,GROW,0,1.4378,1.0000,1.0000,0.6890,1.0000,1.0000,1.0000,0.0001,1.4256
8874,CHAOTIC TIME,SPREAD,0,1.4000,1.0000,1.0000,0.5000,1.0000,1.0000,1.0000,-0.0001,1.4243
8875,CHAOTIC TIME,GROW,0,1.4378,1.0000,1.0000,0.6890,1.0000,1.0000,1.0000,0.0001,1.4250
8876,CHAOTIC TIME,GROW,0,1.4378,1.0000,1.0000,0.6890,1.0000,1.0000,1.0000,0.0001,1.4256
8877,CHAOTIC TIME,GROW,0,1.4378,1.0000,1.0000,0.6890,1.0000,1.0000,1.0000,0.0001,1.4262
8878,CHAOTIC TIME,GROW,0,1.4378,1.0000,1.0000,0.6890,1.0000,1.0000,1.0000,0.0001,1.4268
8879,CHAOTIC TIME,SPREAD,0,1.4000,1.0000,1.0000,0.5000,1.0000,1.0000,1.0000,-0.0001,1.4255
8880,CHAOTIC TIME,GROW,0,1.4378,1.0000,1.0000,0.6890,1.0000,1.0000,1.0000,0.0001,1.4261
8881,CHAOTIC TIME,FAIL,0,1.4707,1.0000,1.0000,0.8536,1.0000,1.0000,1.0000,0.0003,1.4283
8882,CHAOTIC TIME,SPREAD,0,1.4000,1.0000,1.0000,0.5000,1.0000,1.0000,1.0000,-0.0002,1.4269
8883,CHAOTIC TIME,GROW,0,1.4378,1.0000,1.0000,0.6890,1.0000,1.0000,1.0000,0.0001,1.4275
8884,CHAOTIC TIME,GROW,0,1.4378,1.0000,1.0000,0.6890,1.0000,1.0000,1.0000,0.0001,1.4280
8885,CHAOTIC TIME,GROW,0,1.4378,1.0000,1.0000,0.6890,1.0000,1.0000,1.0000,0.0001,1.4285
8886,CHAOTIC TIME,SPREAD,0,1.4000,1.0000,1.0000,0.5000,1.0000,1.0000,1.0000,-0.0001,1.4270
8887,CHAOTIC TIME,GROW,0,1.4378,1.0000,1.0000,0.6890,1.0000,1.0000,1.0000,0.0001,1.4276
8888,CHAOTIC TIME,GROW,0,1.4378,1.0000,1.0000,0.6890,1.0000,1.0000,1.0000,0.0001,1.4281
8889,CHAOTIC TIME,GROW,0,1.4378,1.0000,1.0000,0.6890,1.0000,1.0000,1.0000,0.0001,1.4286
8890,CHAOTIC TIME,GROW,0,1.4378,1.0000,1.0000,0.6890,1.0000,1.0000,1.0000,0.0001,1.4290
8891,CHAOTIC TIME,FAIL,0,1.4707,1.0000,1.0000,0.8536,1.0000,1.0000,1.0000,0.0002,1.4311
8892,CHAOTIC TIME,GROW,0,1.4378,1.0000,1.0000,0.6890,1.0000,1.0000,1.0000,0.0000,1.4315
8893,CHAOTIC TIME,SPREAD,0,1.4000,1.0000,1.0000,0.5000,1.0000,1.0000,1.0000,-0.0002,1.4299
8894,CHAOTIC TIME,SPREAD,0,1.4000,1.0000,1.0000,0.5000,1.0000,1.0000,1.0000,-0.0002,1.4284
8895,CHAOTIC TIME,FAIL,0,1.4707,1.0000,1.0000,0.8536,1.0000,1.0000,1.0000,0.0002,1.4305
8896,CHAOTIC TIME,SPREAD,0,1.4000,1.0000,1.0000,0.5000,1.0000,1.0000,1.0000,-0.0002,1.4290
8897,CHAOTIC TIME,GROW,0,1.4378,1.0000,1.0000,0.6890,1.0000,1.0000,1.0000,0.0000,1.4294
8898,CHAOTIC TIME,SPREAD,0,1.4000,1.0000,1.0000,0.5000,1.0000,1.0000,1.0000,-0.0002,1.4279
8899,CHAOTIC TIME,GROW,0,1.4378,1.0000,1.0000,0.6890,1.0000,1.0000,1.0000,0.0001,1.4284
8900,CHAOTIC TIME,GROW,0,1.4378,1.0000,1.0000,0.6890,1.0000,1.0000,1.0000,0.0000,1.4289
8901,CHAOTIC TIME,FAIL,0,1.4707,1.0000,1.0000,0.8536,1.0000,1.0000,1.0000,0.0002,1.4310
8902,CHAOTIC TIME,GROW,0,1.4378,1.0000,1.0000,0.6890,1.0000,1.0000,1.0000,0.0000,1.4313
8903,CHAOTIC TIME,SPREAD,0,1.4000,1.0000,1.0000,0.5000,1.0000,1.0000,1.0000,-0.0002,1.4298
8904,CHAOTIC TIME,SPREAD,0,1.4000,1.0000,1.0000,0.5000,1.0000,1.0000,1.0000,-0.0002,1.4283
8905,CHAOTIC TIME,SPREAD,0,1.4000,1.0000,1.0000,0.5000,1.0000,1.0000,1.0000,-0.0001,1.4269
8906,CHAOTIC TIME,SPREAD,0,1.4000,1.0000,1.0000,0.5000,1.0000,1.0000,1.0000,-0.0001,1.4255
8907,CHAOTIC TIME,FAIL,0,1.4707,1.0000,1.0000,0.8536,1.0000,1.0000,1.0000,0.0002,1.4278
8908,CHAOTIC TIME,FAIL,0,1.4707,1.0000,1.0000,0.8536,1.0000,1.0000,1.0000,0.0002,1.4299
8909,CHAOTIC TIME,SPREAD,0,1.4000,1.0000,1.0000,0.5000,1.0000,1.0000,1.0000,-0.0002,1.4284
8910,CHAOTIC TIME,GROW,0,1.4378,1.0000,1.0000,0.6890,1.0000,1.0000,1.0000,0.0000,1.4289
8911,CHAOTIC TIME,SPREAD,0,1.4000,1.0000,1.0000,0.5000,1.0000,1.0000,1.0000,-0.0002,1.4275
8912,CHAOTIC TIME,GROW,0,1.4378,1.0000,1.0000,0.6890,1.0000,1.0000,1.0000,0.0001,1.4280
8913,CHAOTIC TIME,GROW,0,1.4378,1.0000,1.0000,0.6890,1.0000,1.0000,1.0000,0.0001,1.4285
8914,CHAOTIC TIME,SPREAD,0,1.4000,1.0000,1.0000,0.5000,1.0000,1.0000,1.0000,-0.0002,1.4270
8915,CHAOTIC TIME,GROW,0,1.4378,1.0000,1.0000,0.6890,1.0000,1.0000,1.0000,0.0001,1.4276
8916,CHAOTIC TIME,GROW,0,1.4378,1.0000,1.0000,0.6890,1.0000,1.0000,1.0000,0.0001,1.4281
8917,CHAOTIC TIME,FAIL,0,1.4707,1.0000,1.0000,0.8536,1.0000,1.0000,1.0000,0.0002,1.4302
8918,CHAOTIC TIME,GROW,0,1.4378,1.0000,1.0000,0.6890,1.0000,1.0000,1.0000,0.0000,1.4306
8919,CHAOTIC TIME,GROW,0,1.4378,1.0000,1.0000,0.6890,1.0000,1.0000,1.0000,0.0000,1.4310
8920,CHAOTIC TIME,SPREAD,0,1.4000,1.0000,1.0000,0.5000,1.0000,1.0000,1.0000,-0.0002,1.4294
8921,CHAOTIC TIME,SPREAD,0,1.4000,1.0000,1.0000,0.5000,1.0000,1.0000,1.0000,-0.0002,1.4279
8922,CHAOTIC TIME,GROW,0,1.4378,1.0000,1.0000,0.6890,1.0000,1.0000,1.0000,0.0001,1.4284
8923,CHAOTIC TIME,FAIL,0,1.4707,1.0000,1.0000,0.8536,1.0000,1.0000,1.0000,0.0002,1.4305
8924,CHAOTIC TIME,FAIL,0,1.4707,1.0000,1.0000,0.8536,1.0000,1.0000,1.0000,0.0002,1.4326
8925,CHAOTIC TIME,GROW,0,1.4378,1.0000,1.0000,0.6890,1.0000,1.0000,1.0000,0.0000,1.4328
8926,TRUSTED,KEY SEE DUST HEAR SMALL SEED,1,0.3723,0.0000,1.0000,0.3613,1.0000,1.0000,1.0000,-13.9278,1.3798
8927,CHAOTIC TIME,GROW,0,1.4378,1.0000,1.0000,0.6890,1.0000,1.0000,1.0000,0.0003,1.3827
8928,CHAOTIC TIME,FAIL,0,1.4707,1.0000,1.0000,0.8536,1.0000,1.0000,1.0000,0.0005,1.3871
8929,CHAOTIC TIME,SPREAD,0,1.4000,1.0000,1.0000,0.5000,1.0000,1.0000,1.0000,0.0001,1.3877
8930,CHAOTIC TIME,GROW,0,1.4378,1.0000,1.0000,0.6890,1.0000,1.0000,1.0000,0.0003,1.3902
8931,CHAOTIC TIME,GROW,0,1.4378,1.0000,1.0000,0.6890,1.0000,1.0000,1.0000,0.0002,1.3926
8932,CHAOTIC TIME,GROW,0,1.4378,1.0000,1.0000,0.6890,1.0000,1.0000,1.0000,0.0002,1.3949
8933,CHAOTIC TIME,FAIL,0,1.4707,1.0000,1.0000,0.8536,1.0000,1.0000,1.0000,0.0004,1.3987
8934,CHAOTIC TIME,SPREAD,0,1.4000,1.0000,1.0000,0.5000,1.0000,1.0000,1.0000,0.0000,1.3987
8935,CHAOTIC TIME,SPREAD,0,1.4000,1.0000,1.0000,0.5000,1.0000,1.0000,1.0000,0.0000,1.3988
8936,CHAOTIC TIME,SPREAD,0,1.4000,1.0000,1.0000,0.5000,1.0000,1.0000,1.0000,0.0000,1.3989
8937,CHAOTIC TIME,FALL,0,1.4000,1.0000,1.0000,0.5000,1.0000,1.0000,1.0000,0.0000,1.3989
8938,CHAOTIC TIME,GROW,0,1.4378,1.0000,1.0000,0.6890,1.0000,1.0000,1.0000,0.0002,1.4009
8939,CHAOTIC TIME,SPREAD,0,1.4000,1.0000,1.0000,0.5000,1.0000,1.0000,1.0000,-0.0000,1.4008
8940,CHAOTIC TIME,SPREAD,0,1.4000,1.0000,1.0000,0.5000,1.0000,1.0000,1.0000,-0.0000,1.4008
8941,CHAOTIC TIME,GROW,0,1.4378,1.0000,1.0000,0.6890,1.0000,1.0000,1.0000,0.0002,1.4026
8942,CHAOTIC TIME,SPREAD,0,1.4000,1.0000,1.0000,0.5000,1.0000,1.0000,1.0000,-0.0000,1.4025
8943,CHAOTIC TIME,FAIL,0,1.4707,1.0000,1.0000,0.8536,1.0000,1.0000,1.0000,0.0003,1.4059
8944,CHAOTIC TIME,GROW,0,1.4378,1.0000,1.0000,0.6890,1.0000,1.0000,1.0000,0.0002,1.4075
8945,CHAOTIC TIME,GROW,0,1.4378,1.0000,1.0000,0.6890,1.0000,1.0000,1.0000,0.0002,1.4090
8946,CHAOTIC TIME,SPREAD,0,1.4000,1.0000,1.0000,0.5000,1.0000,1.0000,1.0000,-0.0000,1.4086
8947,CHAOTIC TIME,FAIL,0,1.4707,1.0000,1.0000,0.8536,1.0000,1.0000,1.0000,0.0003,1.4117
8948,CHAOTIC TIME,GROW,0,1.4378,1.0000,1.0000,0.6890,1.0000,1.0000,1.0000,0.0001,1.4130
8949,CHAOTIC TIME,GROW,0,1.4378,1.0000,1.0000,0.6890,1.0000,1.0000,1.0000,0.0001,1.4142
8950,CHAOTIC TIME,FAIL,0,1.4707,1.0000,1.0000,0.8536,1.0000,1.0000,1.0000,0.0003,1.4170
8951,CHAOTIC TIME,GROW,0,1.4378,1.0000,1.0000,0.6890,1.0000,1.0000,1.0000,0.0001,1.4181
8952,CHAOTIC TIME,SPREAD,0,1.4000,1.0000,1.0000,0.5000,1.0000,1.0000,1.0000,-0.0001,1.4172
8953,CHAOTIC TIME,FAIL,0,1.4707,1.0000,1.0000,0.8536,1.0000,1.0000,1.0000,0.0003,1.4199
8954,CHAOTIC TIME,GROW,0,1.4378,1.0000,1.0000,0.6890,1.0000,1.0000,1.0000,0.0001,1.4208
8955,CHAOTIC TIME,SPREAD,0,1.4000,1.0000,1.0000,0.5000,1.0000,1.0000,1.0000,-0.0001,1.4197
8956,CHAOTIC TIME,GROW,0,1.4378,1.0000,1.0000,0.6890,1.0000,1.0000,1.0000,0.0001,1.4206
8957,CHAOTIC TIME,SPREAD,0,1.4000,1.0000,1.0000,0.5000,1.0000,1.0000,1.0000,-0.0001,1.4196
8958,CHAOTIC TIME,GROW,0,1.4378,1.0000,1.0000,0.6890,1.0000,1.0000,1.0000,0.0001,1.4205
8959,CHAOTIC TIME,SPREAD,0,1.4000,1.0000,1.0000,0.5000,1.0000,1.0000,1.0000,-0.0001,1.4195
8960,CHAOTIC TIME,SPREAD,0,1.4000,1.0000,1.0000,0.5000,1.0000,1.0000,1.0000,-0.0001,1.4185
8961,CHAOTIC TIME,SPREAD,0,1.4000,1.0000,1.0000,0.5000,1.0000,1.0000,1.0000,-0.0001,1.4176
8962,CHAOTIC TIME,SPREAD,0,1.4000,1.0000,1.0000,0.5000,1.0000,1.0000,1.0000,-0.0001,1.4167
8963,CHAOTIC TIME,FAIL,0,1.4707,1.0000,1.0000,0.8536,1.0000,1.0000,1.0000,0.0003,1.4194
8964,CHAOTIC TIME,GROW,0,1.4378,1.0000,1.0000,0.6890,1.0000,1.0000,1.0000,0.0001,1.4203
8965,CHAOTIC TIME,GROW,0,1.4378,1.0000,1.0000,0.6890,1.0000,1.0000,1.0000,0.0001,1.4212
8966,CHAOTIC TIME,SPREAD,0,1.4000,1.0000,1.0000,0.5000,1.0000,1.0000,1.0000,-0.0001,1.4201
8967,CHAOTIC TIME,GROW,0,1.4378,1.0000,1.0000,0.6890,1.0000,1.0000,1.0000,0.0001,1.4210
8968,CHAOTIC TIME,FAIL,0,1.4707,1.0000,1.0000,0.8536,1.0000,1.0000,1.0000,0.0003,1.4235
8969,CHAOTIC TIME,GROW,0,1.4378,1.0000,1.0000,0.6890,1.0000,1.0000,1.0000,0.0001,1.4242
8970,CHAOTIC TIME,GROW,0,1.4378,1.0000,1.0000,0.6890,1.0000,1.0000,1.0000,0.0001,1.4249
8971,CHAOTIC TIME,GROW,0,1.4378,1.0000,1.0000,0.6890,1.0000,1.0000,1.0000,0.0001,1.4255
8972,CHAOTIC TIME,GROW,0,1.4378,1.0000,1.0000,0.6890,1.0000,1.0000,1.0000,0.0001,1.4262
8973,CHAOTIC TIME,GROW,0,1.4378,1.0000,1.0000,0.6890,1.0000,1.0000,1.0000,0.0001,1.4267
8974,CHAOTIC TIME,SPREAD,0,1.4000,1.0000,1.0000,0.5000,1.0000,1.0000,1.0000,-0.0001,1.4254
8975,CHAOTIC TIME,GROW,0,1.4378,1.0000,1.0000,0.6890,1.0000,1.0000,1.0000,0.0001,1.4260
8976,CHAOTIC TIME,SPREAD,0,1.4000,1.0000,1.0000,0.5000,1.0000,1.0000,1.0000,-0.0001,1.4247
8977,CHAOTIC TIME,SPREAD,0,1.4000,1.0000,1.0000,0.5000,1.0000,1.0000,1.0000,-0.0001,1.4235
8978,CHAOTIC TIME,FAIL,0,1.4707,1.0000,1.0000,0.8536,1.0000,1.0000,1.0000,0.0003,1.4258
8979,CHAOTIC TIME,GROW,0,1.4378,1.0000,1.0000,0.6890,1.0000,1.0000,1.0000,0.0001,1.4264
8980,CHAOTIC TIME,GROW,0,1.4378,1.0000,1.0000,0.6890,1.0000,1.0000,1.0000,0.0001,1.4270
8981,CHAOTIC TIME,GROW,0,1.4378,1.0000,1.0000,0.6890,1.0000,1.0000,1.0000,0.0001,1.4275
8982,CHAOTIC TIME,GROW,0,1.4378,1.0000,1.0000,0.6890,1.0000,1.0000,1.0000,0.0000,1.4281
8983,CHAOTIC TIME,GROW,0,1.4378,1.0000,1.0000,0.6890,1.0000,1.0000,1.0000,0.0000,1.4285
8984,CHAOTIC TIME,GROW,0,1.4378,1.0000,1.0000,0.6890,1.0000,1.0000,1.0000,0.0000,1.4290
8985,CHAOTIC TIME,GROW,0,1.4378,1.0000,1.0000,0.6890,1.0000,1.0000,1.0000,0.0000,1.4294
8986,CHAOTIC TIME,SPREAD,0,1.4000,1.0000,1.0000,0.5000,1.0000,1.0000,1.0000,-0.0002,1.4280
8987,CHAOTIC TIME,SPREAD,0,1.4000,1.0000,1.0000,0.5000,1.0000,1.0000,1.0000,-0.0001,1.4266
8988,CHAOTIC TIME,GROW,0,1.4378,1.0000,1.0000,0.6890,1.0000,1.0000,1.0000,0.0001,1.4271
8989,CHAOTIC TIME,GROW,0,1.4378,1.0000,1.0000,0.6890,1.0000,1.0000,1.0000,0.0001,1.4277
8990,CHAOTIC TIME,GROW,0,1.4378,1.0000,1.0000,0.6890,1.0000,1.0000,1.0000,0.0000,1.4282
8991,CHAOTIC TIME,GROW,0,1.4378,1.0000,1.0000,0.6890,1.0000,1.0000,1.0000,0.0001,1.4287
8992,CHAOTIC TIME,GROW,0,1.4378,1.0000,1.0000,0.6890,1.0000,1.0000,1.0000,0.0000,1.4291
8993,CHAOTIC TIME,FAIL,0,1.4707,1.0000,1.0000,0.8536,1.0000,1.0000,1.0000,0.0002,1.4312
8994,CHAOTIC TIME,GROW,0,1.4378,1.0000,1.0000,0.6890,1.0000,1.0000,1.0000,0.0000,1.4315
8995,CHAOTIC TIME,GROW,0,1.4378,1.0000,1.0000,0.6890,1.0000,1.0000,1.0000,0.0000,1.4318
8996,CHAOTIC TIME,GROW,0,1.4378,1.0000,1.0000,0.6890,1.0000,1.0000,1.0000,0.0000,1.4321
8997,CHAOTIC TIME,GROW,0,1.4378,1.0000,1.0000,0.6890,1.0000,1.0000,1.0000,0.0000,1.4324
8998,CHAOTIC TIME,GROW,0,1.4378,1.0000,1.0000,0.6890,1.0000,1.0000,1.0000,0.0000,1.4327
8999,CHAOTIC TIME,GROW,0,1.4378,1.0000,1.0000,0.6890,1.0000,1.0000,1.0000,0.0000,1.4329
9000,CHAOTIC TIME,GROW,0,1.4378,1.0000,1.0000,0.6890,1.0000,1.0000,1.0000,0.0000,1.4332
9001,CHAOTIC TIME,FAIL,0,1.4707,1.0000,1.0000,0.8536,1.0000,1.0000,1.0000,0.0002,1.4351
9002,CHAOTIC TIME,FAIL,0,1.4707,1.0000,1.0000,0.8536,1.0000,1.0000,1.0000,0.0002,1.4368
9003,CHAOTIC TIME,SPREAD,0,1.4000,1.0000,1.0000,0.5000,1.0000,1.0000,1.0000,-0.0002,1.4350
9004,CHAOTIC TIME,GROW,0,1.4378,1.0000,1.0000,0.6890,1.0000,1.0000,1.0000,0.0000,1.4351
9005,CHAOTIC TIME,GROW,0,1.4378,1.0000,1.0000,0.6890,1.0000,1.0000,1.0000,0.0000,1.4353
9006,CHAOTIC TIME,SPREAD,0,1.4000,1.0000,1.0000,0.5000,1.0000,1.0000,1.0000,-0.0002,1.4335
9007,CHAOTIC TIME,GROW,0,1.4378,1.0000,1.0000,0.6890,1.0000,1.0000,1.0000,0.0000,1.4337
9008,CHAOTIC TIME,GROW,0,1.4378,1.0000,1.0000,0.6890,1.0000,1.0000,1.0000,0.0000,1.4339
9009,CHAOTIC TIME,FAIL,0,1.4707,1.0000,1.0000,0.8536,1.0000,1.0000,1.0000,0.0002,1.4358
9010,CHAOTIC TIME,FAIL,0,1.4707,1.0000,1.0000,0.8536,1.0000,1.0000,1.0000,0.0002,1.4375
9011,CHAOTIC TIME,SPREAD,0,1.4000,1.0000,1.0000,0.5000,1.0000,1.0000,1.0000,-0.0002,1.4356
9012,CHAOTIC TIME,GROW,0,1.4378,1.0000,1.0000,0.6890,1.0000,1.0000,1.0000,0.0000,1.4357
9013,CHAOTIC TIME,GROW,0,1.4378,1.0000,1.0000,0.6890,1.0000,1.0000,1.0000,0.0000,1.4358
9014,CHAOTIC TIME,GROW,0,1.4378,1.0000,1.0000,0.6890,1.0000,1.0000,1.0000,0.0000,1.4359
9015,CHAOTIC TIME,SPREAD,0,1.4000,1.0000,1.0000,0.5000,1.0000,1.0000,1.0000,-0.0002,1.4341
9016,CHAOTIC TIME,SPREAD,0,1.4000,1.0000,1.0000,0.5000,1.0000,1.0000,1.0000,-0.0002,1.4324
9017,CHAOTIC TIME,GROW,0,1.4378,1.0000,1.0000,0.6890,1.0000,1.0000,1.0000,0.0000,1.4327
9018,CHAOTIC TIME,SPREAD,0,1.4000,1.0000,1.0000,0.5000,1.0000,1.0000,1.0000,-0.0002,1.4311
9019,CHAOTIC TIME,FAIL,0,1.4707,1.0000,1.0000,0.8536,1.0000,1.0000,1.0000,0.0002,1.4331
9020,CHAOTIC TIME,SPREAD,0,1.4000,1.0000,1.0000,0.5000,1.0000,1.0000,1.0000,-0.0002,1.4314
9021,CHAOTIC TIME,SPREAD,0,1.4000,1.0000,1.0000,0.5000,1.0000,1.0000,1.0000,-0.0002,1.4298
9022,CHAOTIC TIME,SPREAD,0,1.4000,1.0000,1.0000,0.5000,1.0000,1.0000,1.0000,-0.0001,1.4283
9023,CHAOTIC TIME,GROW,0,1.4378,1.0000,1.0000,0.6890,1.0000,1.0000,1.0000,0.0000,1.4288
9024,CHAOTIC TIME,GROW,0,1.4378,1.0000,1.0000,0.6890,1.0000,1.0000,1.0000,0.0000,1.4293
9025,CHAOTIC TIME,GROW,0,1.4378,1.0000,1.0000,0.6890,1.0000,1.0000,1.0000,0.0000,1.4297
9026,CHAOTIC TIME,GROW,0,1.4378,1.0000,1.0000,0.6890,1.0000,1.0000,1.0000,0.0000,1.4301
9027,CHAOTIC TIME,SPREAD,0,1.4000,1.0000,1.0000,0.5000,1.0000,1.0000,1.0000,-0.0001,1.4286
9028,CHAOTIC TIME,SPREAD,0,1.4000,1.0000,1.0000,0.5000,1.0000,1.0000,1.0000,-0.0001,1.4272
9029,CHAOTIC TIME,SPREAD,0,1.4000,1.0000,1.0000,0.5000,1.0000,1.0000,1.0000,-0.0001,1.4258
9030,CHAOTIC TIME,SPREAD,0,1.4000,1.0000,1.0000,0.5000,1.0000,1.0000,1.0000,-0.0001,1.4245
9031,CHAOTIC TIME,GROW,0,1.4378,1.0000,1.0000,0.6890,1.0000,1.0000,1.0000,0.0001,1.4252
9032,CHAOTIC TIME,SPREAD,0,1.4000,1.0000,1.0000,0.5000,1.0000,1.0000,1.0000,-0.0001,1.4239
9033,CHAOTIC TIME,GROW,0,1.4378,1.0000,1.0000,0.6890,1.0000,1.0000,1.0000,0.0001,1.4246
9034,CHAOTIC TIME,SPREAD,0,1.4000,1.0000,1.0000,0.5000,1.0000,1.0000,1.0000,-0.0001,1.4234
9035,CHAOTIC TIME,FAIL,0,1.4707,1.0000,1.0000,0.8536,1.0000,1.0000,1.0000,0.0002,1.4257
9036,CHAOTIC TIME,SPREAD,0,1.4000,1.0000,1.0000,0.5000,1.0000,1.0000,1.0000,-0.0001,1.4245
9037,CHAOTIC TIME,GROW,0,1.4378,1.0000,1.0000,0.6890,1.0000,1.0000,1.0000,0.0001,1.4251
9038,CHAOTIC TIME,GROW,0,1.4378,1.0000,1.0000,0.6890,1.0000,1.0000,1.0000,0.0001,1.4258
9039,CHAOTIC TIME,FAIL,0,1.4707,1.0000,1.0000,0.8536,1.0000,1.0000,1.0000,0.0002,1.4280
9040,CHAOTIC TIME,SPREAD,0,1.4000,1.0000,1.0000,0.5000,1.0000,1.0000,1.0000,-0.0001,1.4266
9041,CHAOTIC TIME,SPREAD,0,1.4000,1.0000,1.0000,0.5000,1.0000,1.0000,1.0000,-0.0001,1.4253
9042,CHAOTIC TIME,SPREAD,0,1.4000,1.0000,1.0000,0.5000,1.0000,1.0000,1.0000,-0.0001,1.4240
9043,CHAOTIC TIME,GROW,0,1.4378,1.0000,1.0000,0.6890,1.0000,1.0000,1.0000,0.0001,1.4247
9044,CHAOTIC TIME,GROW,0,1.4378,1.0000,1.0000,0.6890,1.0000,1.0000,1.0000,0.0001,1.4254
9045,CHAOTIC TIME,FAIL,0,1.4707,1.0000,1.0000,0.8536,1.0000,1.0000,1.0000,0.0002,1.4276
9046,CHAOTIC TIME,SPREAD,0,1.4000,1.0000,1.0000,0.5000,1.0000,1.0000,1.0000,-0.0001,1.4262
9047,CHAOTIC TIME,SPREAD,0,1.4000,1.0000,1.0000,0.5000,1.0000,1.0000,1.0000,-0.0001,1.4249
9048,CHAOTIC TIME,FAIL,0,1.4707,1.0000,1.0000,0.8536,1.0000,1.0000,1.0000,0.0002,1.4272
9049,CHAOTIC TIME,GROW,0,1.4378,1.0000,1.0000,0.6890,1.0000,1.0000,1.0000,0.0001,1.4277
9050,CHAOTIC TIME,SPREAD,0,1.4000,1.0000,1.0000,0.5000,1.0000,1.0000,1.0000,-0.0001,1.4264
9051,CHAOTIC TIME,GROW,0,1.4378,1.0000,1.0000,0.6890,1.0000,1.0000,1.0000,0.0001,1.4269
9052,CHAOTIC TIME,FAIL,0,1.4707,1.0000,1.0000,0.8536,1.0000,1.0000,1.0000,0.0002,1.4291
9053,CHAOTIC TIME,GROW,0,1.4378,1.0000,1.0000,0.6890,1.0000,1.0000,1.0000,0.0000,1.4296
9054,CHAOTIC TIME,SPREAD,0,1.4000,1.0000,1.0000,0.5000,1.0000,1.0000,1.0000,-0.0001,1.4281
9055,CHAOTIC TIME,GROW,0,1.4378,1.0000,1.0000,0.6890,1.0000,1.0000,1.0000,0.0000,1.4286
9056,CHAOTIC TIME,SPREAD,0,1.4000,1.0000,1.0000,0.5000,1.0000,1.0000,1.0000,-0.0001,1.4271
9057,CHAOTIC TIME,GROW,0,1.4378,1.0000,1.0000,0.6890,1.0000,1.0000,1.0000,0.0001,1.4277
9058,CHAOTIC TIME,FAIL,0,1.4707,1.0000,1.0000,0.8536,1.0000,1.0000,1.0000,0.0002,1.4298
9059,CHAOTIC TIME,GROW,0,1.4378,1.0000,1.0000,0.6890,1.0000,1.0000,1.0000,0.0000,1.4302
9060,CHAOTIC TIME,SPREAD,0,1.4000,1.0000,1.0000,0.5000,1.0000,1.0000,1.0000,-0.0001,1.4287
9061,CHAOTIC TIME,GROW,0,1.4378,1.0000,1.0000,0.6890,1.0000,1.0000,1.0000,0.0000,1.4292
9062,CHAOTIC TIME,FAIL,0,1.4707,1.0000,1.0000,0.8536,1.0000,1.0000,1.0000,0.0002,1.4312
9063,CHAOTIC TIME,FAIL,0,1.4707,1.0000,1.0000,0.8536,1.0000,1.0000,1.0000,0.0002,1.4332
9064,CHAOTIC TIME,FAIL,0,1.4707,1.0000,1.0000,0.8536,1.0000,1.0000,1.0000,0.0002,1.4351
9065,CHAOTIC TIME,GROW,0,1.4378,1.0000,1.0000,0.6890,1.0000,1.0000,1.0000,0.0000,1.4352
9066,CHAOTIC TIME,GROW,0,1.4378,1.0000,1.0000,0.6890,1.0000,1.0000,1.0000,0.0000,1.4354
9067,CHAOTIC TIME,FAIL,0,1.4707,1.0000,1.0000,0.8536,1.0000,1.0000,1.0000,0.0002,1.4371
9068,CHAOTIC TRUTH,SPREAD,0,1.3565,1.0000,1.0000,0.2824,1.0000,1.0000,1.0000,-0.5386,1.4331
9069,CHAOTIC TIME,GROW,0,1.4378,1.0000,1.0000,0.6890,1.0000,1.0000,1.0000,0.0000,1.4333
9070,CHAOTIC TIME,GROW,0,1.4378,1.0000,1.0000,0.6890,1.0000,1.0000,1.0000,0.0000,1.4335
9071,CHAOTIC TIME,SPREAD,0,1.4000,1.0000,1.0000,0.5000,1.0000,1.0000,1.0000,-0.0002,1.4319
9072,CHAOTIC TIME,SPREAD,0,1.4000,1.0000,1.0000,0.5000,1.0000,1.0000,1.0000,-0.0001,1.4303
9073,CHAOTIC TIME,GROW,0,1.4378,1.0000,1.0000,0.6890,1.0000,1.0000,1.0000,0.0000,1.4307
9074,CHAOTIC TIME,SPREAD,0,1.4000,1.0000,1.0000,0.5000,1.0000,1.0000,1.0000,-0.0001,1.4291
9075,CHAOTIC TIME,FAIL,0,1.4707,1.0000,1.0000,0.8536,1.0000,1.0000,1.0000,0.0002,1.4312
9076,CHAOTIC TIME,GROW,0,1.4378,1.0000,1.0000,0.6890,1.0000,1.0000,1.0000,0.0000,1.4315
9077,CHAOTIC TIME,FAIL,0,1.4707,1.0000,1.0000,0.8536,1.0000,1.0000,1.0000,0.0002,1.4335
9078,CHAOTIC TIME,SPREAD,0,1.4000,1.0000,1.0000,0.5000,1.0000,1.0000,1.0000,-0.0002,1.4318
9079,CHAOTIC TIME,GROW,0,1.4378,1.0000,1.0000,0.6890,1.0000,1.0000,1.0000,0.0000,1.4321
9080,CHAOTIC TIME,SPREAD,0,1.4000,1.0000,1.0000,0.5000,1.0000,1.0000,1.0000,-0.0001,1.4305
9081,CHAOTIC TIME,GROW,0,1.4378,1.0000,1.0000,0.6890,1.0000,1.0000,1.0000,0.0000,1.4309
9082,CHAOTIC TIME,FAIL,0,1.4707,1.0000,1.0000,0.8536,1.0000,1.0000,1.0000,0.0002,1.4329
9083,CHAOTIC TIME,GROW,0,1.4378,1.0000,1.0000,0.6890,1.0000,1.0000,1.0000,0.0000,1.4331
9084,CHAOTIC TIME,GROW,0,1.4378,1.0000,1.0000,0.6890,1.0000,1.0000,1.0000,0.0000,1.4333
9085,CHAOTIC TIME,GROW,0,1.4378,1.0000,1.0000,0.6890,1.0000,1.0000,1.0000,0.0000,1.4336
9086,CHAOTIC TIME,GROW,0,1.4378,1.0000,1.0000,0.6890,1.0000,1.0000,1.0000,0.0000,1.4338
9087,CHAOTIC TIME,FAIL,0,1.4707,1.0000,1.0000,0.8536,1.0000,1.0000,1.0000,0.0002,1.4356
9088,CHAOTIC TIME,SPREAD,0,1.4000,1.0000,1.0000,0.5000,1.0000,1.0000,1.0000,-0.0002,1.4338
9089,CHAOTIC TIME,SPREAD,0,1.4000,1.0000,1.0000,0.5000,1.0000,1.0000,1.0000,-0.0002,1.4322
9090,CHAOTIC TIME,SPREAD,0,1.4000,1.0000,1.0000,0.5000,1.0000,1.0000,1.0000,-0.0002,1.4305
9091,CHAOTIC TIME,SPREAD,0,1.4000,1.0000,1.0000,0.5000,1.0000,1.0000,1.0000,-0.0002,1.4290
9092,CHAOTIC TIME,GROW,0,1.4378,1.0000,1.0000,0.6890,1.0000,1.0000,1.0000,0.0000,1.4295
9093,CHAOTIC TIME,SPREAD,0,1.4000,1.0000,1.0000,0.5000,1.0000,1.0000,1.0000,-0.0001,1.4280
9094,CHAOTIC TIME,GROW,0,1.4378,1.0000,1.0000,0.6890,1.0000,1.0000,1.0000,0.0000,1.4285
9095,CHAOTIC TIME,UPDATE CAR,0,1.4389,1.0000,1.0000,0.6943,1.0000,1.0000,1.0000,0.0001,1.4290
9096,CHAOTIC TIME,GROW,0,1.4378,1.0000,1.0000,0.6890,1.0000,1.0000,1.0000,0.0000,1.4294
9097,CHAOTIC TIME,GROW,0,1.4378,1.0000,1.0000,0.6890,1.0000,1.0000,1.0000,0.0000,1.4299
9098,CHAOTIC TIME,SPREAD,0,1.4000,1.0000,1.0000,0.5000,1.0000,1.0000,1.0000,-0.0001,1.4284
9099,CHAOTIC TIME,SPREAD,0,1.4000,1.0000,1.0000,0.5000,1.0000,1.0000,1.0000,-0.0001,1.4269
9100,CHAOTIC TIME,FAIL,0,1.4707,1.0000,1.0000,0.8536,1.0000,1.0000,1.0000,0.0002,1.4291
9101,CHAOTIC TIME,GROW,0,1.4378,1.0000,1.0000,0.6890,1.0000,1.0000,1.0000,0.0000,1.4296
9102,CHAOTIC TIME,SPREAD,0,1.4000,1.0000,1.0000,0.5000,1.0000,1.0000,1.0000,-0.0001,1.4281
9103,CHAOTIC TIME,GROW,0,1.4378,1.0000,1.0000,0.6890,1.0000,1.0000,1.0000,0.0000,1.4286
9104,CHAOTIC TIME,FAIL,0,1.4707,1.0000,1.0000,0.8536,1.0000,1.0000,1.0000,0.0002,1.4307
9105,CHAOTIC TIME,GROW,0,1.4378,1.0000,1.0000,0.6890,1.0000,1.0000,1.0000,0.0000,1.4310
9106,CHAOTIC TIME,GROW,0,1.4378,1.0000,1.0000,0.6890,1.0000,1.0000,1.0000,0.0000,1.4314
9107,CHAOTIC STRANGER,BUILD STRONG TOOL FOLLOW CLEAN TOOL,0,1.3493,1.0000,1.0000,0.2463,1.0000,1.0000,1.0000,-0.7821,1.4273
9108,CHAOTIC TIME,FAIL,0,1.4707,1.0000,1.0000,0.8536,1.0000,1.0000,1.0000,0.0002,1.4294
9109,CHAOTIC TIME,SPREAD,0,1.4000,1.0000,1.0000,0.5000,1.0000,1.0000,1.0000,-0.0001,1.4280
9110,CHAOTIC TIME,GROW,0,1.4378,1.0000,1.0000,0.6890,1.0000,1.0000,1.0000,0.0000,1.4285
9111,CHAOTIC TIME,GROW,0,1.4378,1.0000,1.0000,0.6890,1.0000,1.0000,1.0000,0.0000,1.4289
9112,CHAOTIC TIME,GROW,0,1.4378,1.0000,1.0000,0.6890,1.0000,1.0000,1.0000,0.0000,1.4294
9113,CHAOTIC TIME,SPREAD,0,1.4000,1.0000,1.0000,0.5000,1.0000,1.0000,1.0000,-0.0001,1.4279
9114,CHAOTIC TIME,GROW,0,1.4378,1.0000,1.0000,0.6890,1.0000,1.0000,1.0000,0.0000,1.4284
9115,CHAOTIC TIME,GROW,0,1.4378,1.0000,1.0000,0.6890,1.0000,1.0000,1.0000,0.0000,1.4289
9116,CHAOTIC TIME,SPREAD,0,1.4000,1.0000,1.0000,0.5000,1.0000,1.0000,1.0000,-0.0001,1.4274
9117,CHAOTIC TIME,GROW,0,1.4378,1.0000,1.0000,0.6890,1.0000,1.0000,1.0000,0.0000,1.4279
9118,CHAOTIC TIME,GROW,0,1.4378,1.0000,1.0000,0.6890,1.0000,1.0000,1.0000,0.0000,1.4284
9119,CHAOTIC TIME,SPREAD,0,1.4000,1.0000,1.0000,0.5000,1.0000,1.0000,1.0000,-0.0001,1.4270
9120,CHAOTIC TIME,GROW,0,1.4378,1.0000,1.0000,0.6890,1.0000,1.0000,1.0000,0.0000,1.4276
9121,CHAOTIC TIME,GROW,0,1.4378,1.0000,1.0000,0.6890,1.0000,1.0000,1.0000,0.0000,1.4281
9122,CHAOTIC TIME,GROW,0,1.4378,1.0000,1.0000,0.6890,1.0000,1.0000,1.0000,0.0000,1.4285
9123,CHAOTIC TIME,SPREAD,0,1.4000,1.0000,1.0000,0.5000,1.0000,1.0000,1.0000,-0.0001,1.4271
9124,CHAOTIC TIME,GROW,0,1.4378,1.0000,1.0000,0.6890,1.0000,1.0000,1.0000,0.0000,1.4277
9125,CHAOTIC TIME,SPREAD,0,1.4000,1.0000,1.0000,0.5000,1.0000,1.0000,1.0000,-0.0001,1.4263
9126,CHAOTIC TIME,FAIL,0,1.4707,1.0000,1.0000,0.8536,1.0000,1.0000,1.0000,0.0001,1.4285
9127,CHAOTIC TIME,SPREAD,0,1.4000,1.0000,1.0000,0.5000,1.0000,1.0000,1.0000,-0.0001,1.4271
9128,CHAOTIC TIME,GROW,0,1.4378,1.0000,1.0000,0.6890,1.0000,1.0000,1.0000,0.0000,1.4276
9129,CHAOTIC TIME,SPREAD,0,1.4000,1.0000,1.0000,0.5000,1.0000,1.0000,1.0000,-0.0001,1.4262
9130,CHAOTIC TIME,SPREAD,0,1.4000,1.0000,1.0000,0.5000,1.0000,1.0000,1.0000,-0.0001,1.4249
9131,CHAOTIC TIME,SPREAD,0,1.4000,1.0000,1.0000,0.5000,1.0000,1.0000,1.0000,-0.0001,1.4237
9132,CHAOTIC TIME,GROW,0,1.4378,1.0000,1.0000,0.6890,1.0000,1.0000,1.0000,0.0001,1.4244
9133,CHAOTIC TIME,GROW,0,1.4378,1.0000,1.0000,0.6890,1.0000,1.0000,1.0000,0.0000,1.4250
9134,CHAOTIC TIME,GROW,0,1.4378,1.0000,1.0000,0.6890,1.0000,1.0000,1.0000,0.0000,1.4257
9135,CHAOTIC TIME,GROW,0,1.4378,1.0000,1.0000,0.6890,1.0000,1.0000,1.0000,0.0000,1.4263
9136,CHAOTIC TIME,GROW,0,1.4378,1.0000,1.0000,0.6890,1.0000,1.0000,1.0000,0.0000,1.4269
9137,CHAOTIC TIME,SPREAD,0,1.4000,1.0000,1.0000,0.5000,1.0000,1.0000,1.0000,-0.0001,1.4255
9138,CHAOTIC TIME,GROW,0,1.4378,1.0000,1.0000,0.6890,1.0000,1.0000,1.0000,0.0000,1.4261
9139,CHAOTIC TIME,FAIL,0,1.4707,1.0000,1.0000,0.8536,1.0000,1.0000,1.0000,0.0002,1.4284
9140,CHAOTIC TIME,GROW,0,1.4378,1.0000,1.0000,0.6890,1.0000,1.0000,1.0000,0.0000,1.4288
9141,CHAOTIC TIME,GROW,0,1.4378,1.0000,1.0000,0.6890,1.0000,1.0000,1.0000,0.0000,1.4293
9142,CHAOTIC TIME,SPREAD,0,1.4000,1.0000,1.0000,0.5000,1.0000,1.0000,1.0000,-0.0001,1.4278
9143,CHAOTIC TIME,SPREAD,0,1.4000,1.0000,1.0000,0.5000,1.0000,1.0000,1.0000,-0.0001,1.4264
9144,CHAOTIC TIME,GROW,0,1.4378,1.0000,1.0000,0.6890,1.0000,1.0000,1.0000,0.0000,1.4270
9145,CHAOTIC TIME,GROW,0,1.4378,1.0000,1.0000,0.6890,1.0000,1.0000,1.0000,0.0000,1.4275
9146,CHAOTIC TIME,GROW,0,1.4378,1.0000,1.0000,0.6890,1.0000,1.0000,1.0000,0.0000,1.4280
9147,CHAOTIC TIME,FAIL,0,1.4707,1.0000,1.0000,0.8536,1.0000,1.0000,1.0000,0.0001,1.4302
9148,CHAOTIC TIME,GROW,0,1.4378,1.0000,1.0000,0.6890,1.0000,1.0000,1.0000,0.0000,1.4306
9149,CHAOTIC TIME,SPREAD,0,1.4000,1.0000,1.0000,0.5000,1.0000,1.0000,1.0000,-0.0001,1.4290
9150,CHAOTIC TIME,GROW,0,1.4378,1.0000,1.0000,0.6890,1.0000,1.0000,1.0000,0.0000,1.4295
9151,CHAOTIC TIME,FAIL,0,1.4707,1.0000,1.0000,0.8536,1.0000,1.0000,1.0000,0.0001,1.4315
9152,CHAOTIC TIME,GROW,0,1.4378,1.0000,1.0000,0.6890,1.0000,1.0000,1.0000,0.0000,1.4318
9153,CHAOTIC TIME,SPREAD,0,1.4000,1.0000,1.0000,0.5000,1.0000,1.0000,1.0000,-0.0001,1.4303
9154,CHAOTIC TIME,GROW,0,1.4378,1.0000,1.0000,0.6890,1.0000,1.0000,1.0000,0.0000,1.4306
9155,CHAOTIC TIME,FAIL,0,1.4707,1.0000,1.0000,0.8536,1.0000,1.0000,1.0000,0.0001,1.4326
9156,CHAOTIC TIME,GROW,0,1.4378,1.0000,1.0000,0.6890,1.0000,1.0000,1.0000,0.0000,1.4329
9157,CHAOTIC TIME,FAIL,0,1.4707,1.0000,1.0000,0.8536,1.0000,1.0000,1.0000,0.0001,1.4348
9158,CHAOTIC TIME,GROW,0,1.4378,1.0000,1.0000,0.6890,1.0000,1.0000,1.0000,0.0000,1.4349
9159,CHAOTIC TIME,SPREAD,0,1.4000,1.0000,1.0000,0.5000,1.0000,1.0000,1.0000,-0.0001,1.4332
9160,CHAOTIC TIME,SPREAD,0,1.4000,1.0000,1.0000,0.5000,1.0000,1.0000,1.0000,-0.0001,1.4315
9161,CHAOTIC TIME,GROW,0,1.4378,1.0000,1.0000,0.6890,1.0000,1.0000,1.0000,0.0000,1.4318
9162,CHAOTIC TIME,FAIL,0,1.4707,1.0000,1.0000,0.8536,1.0000,1.0000,1.0000,0.0001,1.4338
9163,CHAOTIC TIME,SPREAD,0,1.4000,1.0000,1.0000,0.5000,1.0000,1.0000,1.0000,-0.0001,1.4321
9164,CHAOTIC TIME,SPREAD,0,1.4000,1.0000,1.0000,0.5000,1.0000,1.0000,1.0000,-0.0001,1.4305
9165,CHAOTIC TIME,FAIL,0,1.4707,1.0000,1.0000,0.8536,1.0000,1.0000,1.0000,0.0001,1.4325
9166,CHAOTIC TIME,GROW,0,1.4378,1.0000,1.0000,0.6890,1.0000,1.0000,1.0000,0.0000,1.4328
9167,CHAOTIC TIME,GROW,0,1.4378,1.0000,1.0000,0.6890,1.0000,1.0000,1.0000,0.0000,1.4330
9168,CHAOTIC TIME,GROW,0,1.4378,1.0000,1.0000,0.6890,1.0000,1.0000,1.0000,0.0000,1.4333
9169,CHAOTIC TIME,GROW,0,1.4378,1.0000,1.0000,0.6890,1.0000,1.0000,1.0000,0.0000,1.4335
9170,CHAOTIC TIME,GROW,0,1.4378,1.0000,1.0000,0.6890,1.0000,1.0000,1.0000,0.0000,1.4337
9171,CHAOTIC TIME,FAIL,0,1.4707,1.0000,1.0000,0.8536,1.0000,1.0000,1.0000,0.0001,1.4356
9172,CHAOTIC TIME,SPREAD,0,1.4000,1.0000,1.0000,0.5000,1.0000,1.0000,1.0000,-0.0001,1.4338
9173,CHAOTIC TIME,SPREAD,0,1.4000,1.0000,1.0000,0.5000,1.0000,1.0000,1.0000,-0.0001,1.4321
9174,CHAOTIC TIME,SPREAD,0,1.4000,1.0000,1.0000,0.5000,1.0000,1.0000,1.0000,-0.0001,1.4305
9175,CHAOTIC TIME,SPREAD,0,1.4000,1.0000,1.0000,0.5000,1.0000,1.0000,1.0000,-0.0001,1.4290
9176,CHAOTIC TIME,SPREAD,0,1.4000,1.0000,1.0000,0.5000,1.0000,1.0000,1.0000,-0.0001,1.4275
9177,CHAOTIC TIME,SPREAD,0,1.4000,1.0000,1.0000,0.5000,1.0000,1.0000,1.0000,-0.0001,1.4261
9178,CHAOTIC TIME,SPREAD,0,1.4000,1.0000,1.0000,0.5000,1.0000,1.0000,1.0000,-0.0001,1.4248
9179,CHAOTIC TIME,GROW,0,1.4378,1.0000,1.0000,0.6890,1.0000,1.0000,1.0000,0.0000,1.4255
9180,CHAOTIC TIME,FAIL,0,1.4707,1.0000,1.0000,0.8536,1.0000,1.0000,1.0000,0.0002,1.4277
9181,CHAOTIC TIME,GROW,0,1.4378,1.0000,1.0000,0.6890,1.0000,1.0000,1.0000,0.0000,1.4282
9182,CHAOTIC TIME,FAIL,0,1.4707,1.0000,1.0000,0.8536,1.0000,1.0000,1.0000,0.0001,1.4304
9183,CHAOTIC TIME,GROW,0,1.4378,1.0000,1.0000,0.6890,1.0000,1.0000,1.0000,0.0000,1.4307
9184,CHAOTIC TIME,GROW,0,1.4378,1.0000,1.0000,0.6890,1.0000,1.0000,1.0000,0.0000,1.4311
9185,CHAOTIC TIME,GROW,0,1.4378,1.0000,1.0000,0.6890,1.0000,1.0000,1.0000,0.0000,1.4314
9186,CHAOTIC TIME,SPREAD,0,1.4000,1.0000,1.0000,0.5000,1.0000,1.0000,1.0000,-0.0001,1.4299
9187,CHAOTIC TIME,GROW,0,1.4378,1.0000,1.0000,0.6890,1.0000,1.0000,1.0000,0.0000,1.4302
9188,CHAOTIC TIME,GROW,0,1.4378,1.0000,1.0000,0.6890,1.0000,1.0000,1.0000,0.0000,1.4306
9189,CHAOTIC TIME,SPREAD,0,1.4000,1.0000,1.0000,0.5000,1.0000,1.0000,1.0000,-0.0001,1.4291
9190,CHAOTIC TIME,GROW,0,1.4378,1.0000,1.0000,0.6890,1.0000,1.0000,1.0000,0.0000,1.4295
9191,CHAOTIC TIME,FAIL,0,1.4707,1.0000,1.0000,0.8536,1.0000,1.0000,1.0000,0.0001,1.4316
9192,CHAOTIC TIME,SPREAD,0,1.4000,1.0000,1.0000,0.5000,1.0000,1.0000,1.0000,-0.0001,1.4300
9193,CHAOTIC TIME,FAIL,0,1.4707,1.0000,1.0000,0.8536,1.0000,1.0000,1.0000,0.0001,1.4320
9194,CHAOTIC TIME,GROW,0,1.4378,1.0000,1.0000,0.6890,1.0000,1.0000,1.0000,0.0000,1.4323
9195,CHAOTIC TIME,FAIL,0,1.4707,1.0000,1.0000,0.8536,1.0000,1.0000,1.0000,0.0001,1.4343
9196,CHAOTIC TIME,SPREAD,0,1.4000,1.0000,1.0000,0.5000,1.0000,1.0000,1.0000,-0.0001,1.4325
9197,CHAOTIC TIME,GROW,0,1.4378,1.0000,1.0000,0.6890,1.0000,1.0000,1.0000,0.0000,1.4328
9198,CHAOTIC TIME,FAIL,0,1.4707,1.0000,1.0000,0.8536,1.0000,1.0000,1.0000,0.0001,1.4347
9199,CHAOTIC TIME,GROW,0,1.4378,1.0000,1.0000,0.6890,1.0000,1.0000,1.0000,0.0000,1.4349
9200,CHAOTIC TIME,GROW,0,1.4378,1.0000,1.0000,0.6890,1.0000,1.0000,1.0000,0.0000,1.4350
9201,CHAOTIC TIME,SPREAD,0,1.4000,1.0000,1.0000,0.5000,1.0000,1.0000,1.0000,-0.0001,1.4332
9202,CHAOTIC TIME,SPREAD,0,1.4000,1.0000,1.0000,0.5000,1.0000,1.0000,1.0000,-0.0001,1.4316
9203,CHAOTIC TIME,GROW,0,1.4378,1.0000,1.0000,0.6890,1.0000,1.0000,1.0000,0.0000,1.4319
9204,CHAOTIC TIME,GROW,0,1.4378,1.0000,1.0000,0.6890,1.0000,1.0000,1.0000,0.0000,1.4322
9205,CHAOTIC TIME,FAIL,0,1.4707,1.0000,1.0000,0.8536,1.0000,1.0000,1.0000,0.0001,1.4341
9206,CHAOTIC TIME,GROW,0,1.4378,1.0000,1.0000,0.6890,1.0000,1.0000,1.0000,0.0000,1.4343
9207,CHAOTIC TIME,SPREAD,0,1.4000,1.0000,1.0000,0.5000,1.0000,1.0000,1.0000,-0.0001,1.4326
9208,CHAOTIC TIME,FAIL,0,1.4707,1.0000,1.0000,0.8536,1.0000,1.0000,1.0000,0.0001,1.4345
9209,CHAOTIC TIME,GROW,0,1.4378,1.0000,1.0000,0.6890,1.0000,1.0000,1.0000,0.0000,1.4347
9210,CHAOTIC TIME,GROW,0,1.4378,1.0000,1.0000,0.6890,1.0000,1.0000,1.0000,0.0000,1.4348
9211,CHAOTIC TIME,GROW,0,1.4378,1.0000,1.0000,0.6890,1.0000,1.0000,1.0000,0.0000,1.4350
9212,CHAOTIC TIME,GROW,0,1.4378,1.0000,1.0000,0.6890,1.0000,1.0000,1.0000,0.0000,1.4351
9213,CHAOTIC TIME,GROW,0,1.4378,1.0000,1.0000,0.6890,1.0000,1.0000,1.0000,0.0000,1.4352
9214,CHAOTIC TIME,GROW,0,1.4378,1.0000,1.0000,0.6890,1.0000,1.0000,1.0000,0.0000,1.4354
9215,CHAOTIC TIME,FAIL,0,1.4707,1.0000,1.0000,0.8536,1.0000,1.0000,1.0000,0.0001,1.4371
9216,CHAOTIC TIME,GROW,0,1.4378,1.0000,1.0000,0.6890,1.0000,1.0000,1.0000,0.0000,1.4372
9217,CHAOTIC TIME,SPREAD,0,1.4000,1.0000,1.0000,0.5000,1.0000,1.0000,1.0000,-0.0001,1.4353
9218,CHAOTIC TIME,FAIL,0,1.4707,1.0000,1.0000,0.8536,1.0000,1.0000,1.0000,0.0001,1.4371
9219,CHAOTIC TIME,SPREAD,0,1.4000,1.0000,1.0000,0.5000,1.0000,1.0000,1.0000,-0.0001,1.4352
9220,CHAOTIC TIME,SPREAD,0,1.4000,1.0000,1.0000,0.5000,1.0000,1.0000,1.0000,-0.0001,1.4335
9221,CHAOTIC TIME,GROW,0,1.4378,1.0000,1.0000,0.6890,1.0000,1.0000,1.0000,0.0000,1.4337
9222,CHAOTIC TIME,GROW,0,1.4378,1.0000,1.0000,0.6890,1.0000,1.0000,1.0000,0.0000,1.4339
9223,CHAOTIC TIME,GROW,0,1.4378,1.0000,1.0000,0.6890,1.0000,1.0000,1.0000,0.0000,1.4341
9224,CHAOTIC TIME,SPREAD,0,1.4000,1.0000,1.0000,0.5000,1.0000,1.0000,1.0000,-0.0001,1.4324
9225,CHAOTIC TIME,GROW,0,1.4378,1.0000,1.0000,0.6890,1.0000,1.0000,1.0000,0.0000,1.4326
9226,CHAOTIC TIME,SPREAD,0,1.4000,1.0000,1.0000,0.5000,1.0000,1.0000,1.0000,-0.0001,1.4310
9227,CHAOTIC TIME,FAIL,0,1.4707,1.0000,1.0000,0.8536,1.0000,1.0000,1.0000,0.0001,1.4330
9228,CHAOTIC TIME,SPREAD,0,1.4000,1.0000,1.0000,0.5000,1.0000,1.0000,1.0000,-0.0001,1.4314
9229,CHAOTIC TIME,FAIL,0,1.4707,1.0000,1.0000,0.8536,1.0000,1.0000,1.0000,0.0001,1.4333
9230,CHAOTIC TIME,SPREAD,0,1.4000,1.0000,1.0000,0.5000,1.0000,1.0000,1.0000,-0.0001,1.4317
9231,CHAOTIC TIME,SPREAD,0,1.4000,1.0000,1.0000,0.5000,1.0000,1.0000,1.0000,-0.0001,1.4301
9232,CHAOTIC TIME,GROW,0,1.4378,1.0000,1.0000,0.6890,1.0000,1.0000,1.0000,0.0000,1.4305
9233,CHAOTIC TIME,GROW,0,1.4378,1.0000,1.0000,0.6890,1.0000,1.0000,1.0000,0.0000,1.4308
9234,CHAOTIC TIME,FAIL,0,1.4707,1.0000,1.0000,0.8536,1.0000,1.0000,1.0000,0.0001,1.4328
9235,CHAOTIC TIME,SPREAD,0,1.4000,1.0000,1.0000,0.5000,1.0000,1.0000,1.0000,-0.0001,1.4312
9236,CHAOTIC TIME,GROW,0,1.4378,1.0000,1.0000,0.6890,1.0000,1.0000,1.0000,0.0000,1.4315
9237,CHAOTIC TIME,SPREAD,0,1.4000,1.0000,1.0000,0.5000,1.0000,1.0000,1.0000,-0.0001,1.4299
9238,CHAOTIC TIME,FAIL,0,1.4707,1.0000,1.0000,0.8536,1.0000,1.0000,1.0000,0.0001,1.4320
9239,CHAOTIC TIME,FAIL,0,1.4707,1.0000,1.0000,0.8536,1.0000,1.0000,1.0000,0.0001,1.4339
9240,CHAOTIC TIME,GROW,0,1.4378,1.0000,1.0000,0.6890,1.0000,1.0000,1.0000,0.0000,1.4341
9241,CHAOTIC TIME,GROW,0,1.4378,1.0000,1.0000,0.6890,1.0000,1.0000,1.0000,0.0000,1.4343
9242,CHAOTIC TIME,FAIL,0,1.4707,1.0000,1.0000,0.8536,1.0000,1.0000,1.0000,0.0001,1.4361
9243,CHAOTIC TIME,GROW,0,1.4378,1.0000,1.0000,0.6890,1.0000,1.0000,1.0000,0.0000,1.4362
9244,CHAOTIC TIME,GROW,0,1.4378,1.0000,1.0000,0.6890,1.0000,1.0000,1.0000,0.0000,1.4363
9245,CHAOTIC TIME,SPREAD,0,1.4000,1.0000,1.0000,0.5000,1.0000,1.0000,1.0000,-0.0001,1.4345
9246,CHAOTIC TIME,GROW,0,1.4378,1.0000,1.0000,0.6890,1.0000,1.0000,1.0000,0.0000,1.4346
9247,CHAOTIC TIME,FAIL,0,1.4707,1.0000,1.0000,0.8536,1.0000,1.0000,1.0000,0.0001,1.4364
9248,CHAOTIC TIME,GROW,0,1.4378,1.0000,1.0000,0.6890,1.0000,1.0000,1.0000,0.0000,1.4365
9249,CHAOTIC TIME,GROW,0,1.4378,1.0000,1.0000,0.6890,1.0000,1.0000,1.0000,0.0000,1.4366
9250,CHAOTIC TIME,SPREAD,0,1.4000,1.0000,1.0000,0.5000,1.0000,1.0000,1.0000,-0.0001,1.4347
9251,CHAOTIC TIME,SPREAD,0,1.4000,1.0000,1.0000,0.5000,1.0000,1.0000,1.0000,-0.0001,1.4330
9252,CHAOTIC TIME,FAIL,0,1.4707,1.0000,1.0000,0.8536,1.0000,1.0000,1.0000,0.0001,1.4349
9253,CHAOTIC TIME,SPREAD,0,1.4000,1.0000,1.0000,0.5000,1.0000,1.0000,1.0000,-0.0001,1.4331
9254,CHAOTIC TIME,SPREAD,0,1.4000,1.0000,1.0000,0.5000,1.0000,1.0000,1.0000,-0.0001,1.4315
9255,CHAOTIC TIME,GROW,0,1.4378,1.0000,1.0000,0.6890,1.0000,1.0000,1.0000,0.0000,1.4318
9256,CHAOTIC TIME,GROW,0,1.4378,1.0000,1.0000,0.6890,1.0000,1.0000,1.0000,0.0000,1.4321
9257,CHAOTIC TIME,SPREAD,0,1.4000,1.0000,1.0000,0.5000,1.0000,1.0000,1.0000,-0.0001,1.4305
9258,CHAOTIC TIME,FAIL,0,1.4707,1.0000,1.0000,0.8536,1.0000,1.0000,1.0000,0.0002,1.4325
9259,CHAOTIC TIME,SPREAD,0,1.4000,1.0000,1.0000,0.5000,1.0000,1.0000,1.0000,-0.0001,1.4309
9260,CHAOTIC TIME,GROW,0,1.4378,1.0000,1.0000,0.6890,1.0000,1.0000,1.0000,0.0000,1.4312
9261,CHAOTIC TIME,SPREAD,0,1.4000,1.0000,1.0000,0.5000,1.0000,1.0000,1.0000,-0.0001,1.4297
9262,CHAOTIC TIME,GROW,0,1.4378,1.0000,1.0000,0.6890,1.0000,1.0000,1.0000,0.0000,1.4301
9263,CHAOTIC TIME,GROW,0,1.4378,1.0000,1.0000,0.6890,1.0000,1.0000,1.0000,0.0000,1.4305
9264,CHAOTIC TIME,FAIL,0,1.4707,1.0000,1.0000,0.8536,1.0000,1.0000,1.0000,0.0001,1.4325
9265,CHAOTIC TIME,FAIL,0,1.4707,1.0000,1.0000,0.8536,1.0000,1.0000,1.0000,0.0001,1.4344
9266,CHAOTIC TIME,GROW,0,1.4378,1.0000,1.0000,0.6890,1.0000,1.0000,1.0000,0.0000,1.4346
9267,CHAOTIC TIME,GROW,0,1.4378,1.0000,1.0000,0.6890,1.0000,1.0000,1.0000,0.0000,1.4347
9268,CHAOTIC TIME,GROW,0,1.4378,1.0000,1.0000,0.6890,1.0000,1.0000,1.0000,0.0000,1.4349
9269,CHAOTIC TIME,FAIL,0,1.4707,1.0000,1.0000,0.8536,1.0000,1.0000,1.0000,0.0001,1.4367
9270,CHAOTIC TIME,SPREAD,0,1.4000,1.0000,1.0000,0.5000,1.0000,1.0000,1.0000,-0.0001,1.4348
9271,CHAOTIC TIME,SPREAD,0,1.4000,1.0000,1.0000,0.5000,1.0000,1.0000,1.0000,-0.0001,1.4331
9272,CHAOTIC TIME,FAIL,0,1.4707,1.0000,1.0000,0.8536,1.0000,1.0000,1.0000,0.0001,1.4350
9273,CHAOTIC TIME,GROW,0,1.4378,1.0000,1.0000,0.6890,1.0000,1.0000,1.0000,0.0000,1.4351
9274,CHAOTIC TIME,GROW,0,1.4378,1.0000,1.0000,0.6890,1.0000,1.0000,1.0000,0.0000,1.4352
9275,CHAOTIC TIME,SPREAD,0,1.4000,1.0000,1.0000,0.5000,1.0000,1.0000,1.0000,-0.0001,1.4335
9276,CHAOTIC TIME,SPREAD,0,1.4000,1.0000,1.0000,0.5000,1.0000,1.0000,1.0000,-0.0001,1.4318
9277,CHAOTIC TIME,SPREAD,0,1.4000,1.0000,1.0000,0.5000,1.0000,1.0000,1.0000,-0.0001,1.4302
9278,CHAOTIC TIME,SPREAD,0,1.4000,1.0000,1.0000,0.5000,1.0000,1.0000,1.0000,-0.0001,1.4287
9279,CHAOTIC TIME,SPREAD,0,1.4000,1.0000,1.0000,0.5000,1.0000,1.0000,1.0000,-0.0001,1.4273
9280,CHAOTIC TIME,GROW,0,1.4378,1.0000,1.0000,0.6890,1.0000,1.0000,1.0000,0.0000,1.4278
9281,CHAOTIC TIME,GROW,0,1.4378,1.0000,1.0000,0.6890,1.0000,1.0000,1.0000,0.0000,1.4283
9282,CHAOTIC TIME,SPREAD,0,1.4000,1.0000,1.0000,0.5000,1.0000,1.0000,1.0000,-0.0001,1.4269
9283,CHAOTIC TIME,GROW,0,1.4378,1.0000,1.0000,0.6890,1.0000,1.0000,1.0000,0.0000,1.4274
9284,CHAOTIC TIME,GROW,0,1.4378,1.0000,1.0000,0.6890,1.0000,1.0000,1.0000,0.0000,1.4279
9285,CHAOTIC TIME,SPREAD,0,1.4000,1.0000,1.0000,0.5000,1.0000,1.0000,1.0000,-0.0001,1.4265
9286,CHAOTIC TIME,FAIL,0,1.4707,1.0000,1.0000,0.8536,1.0000,1.0000,1.0000,0.0001,1.4288
9287,CHAOTIC TIME,GROW,0,1.4378,1.0000,1.0000,0.6890,1.0000,1.0000,1.0000,0.0000,1.4292
9288,CHAOTIC TIME,SPREAD,0,1.4000,1.0000,1.0000,0.5000,1.0000,1.0000,1.0000,-0.0001,1.4277
9289,CHAOTIC TIME,SPREAD,0,1.4000,1.0000,1.0000,0.5000,1.0000,1.0000,1.0000,-0.0001,1.4264
9290,CHAOTIC TIME,SPREAD,0,1.4000,1.0000,1.0000,0.5000,1.0000,1.0000,1.0000,-0.0001,1.4250
9291,CHAOTIC TIME,GROW,0,1.4378,1.0000,1.0000,0.6890,1.0000,1.0000,1.0000,0.0000,1.4257
9292,CHAOTIC TIME,GROW,0,1.4378,1.0000,1.0000,0.6890,1.0000,1.0000,1.0000,0.0000,1.4263
9293,CHAOTIC TIME,SPREAD,0,1.4000,1.0000,1.0000,0.5000,1.0000,1.0000,1.0000,-0.0001,1.4250
9294,CHAOTIC TIME,GROW,0,1.4378,1.0000,1.0000,0.6890,1.0000,1.0000,1.0000,0.0000,1.4256
9295,CHAOTIC TIME,SPREAD,0,1.4000,1.0000,1.0000,0.5000,1.0000,1.0000,1.0000,-0.0001,1.4243
9296,CHAOTIC TIME,SPREAD,0,1.4000,1.0000,1.0000,0.5000,1.0000,1.0000,1.0000,-0.0001,1.4231
9297,CHAOTIC TIME,SPREAD,0,1.4000,1.0000,1.0000,0.5000,1.0000,1.0000,1.0000,-0.0001,1.4220
9298,CHAOTIC TIME,SPREAD,0,1.4000,1.0000,1.0000,0.5000,1.0000,1.0000,1.0000,-0.0001,1.4209
9299,CHAOTIC TIME,GROW,0,1.4378,1.0000,1.0000,0.6890,1.0000,1.0000,1.0000,0.0001,1.4217
9300,CHAOTIC TIME,GROW,0,1.4378,1.0000,1.0000,0.6890,1.0000,1.0000,1.0000,0.0001,1.4225
9301,CHAOTIC TIME,SPREAD,0,1.4000,1.0000,1.0000,0.5000,1.0000,1.0000,1.0000,-0.0001,1.4214
9302,CHAOTIC TIME,SPREAD,0,1.4000,1.0000,1.0000,0.5000,1.0000,1.0000,1.0000,-0.0001,1.4203
9303,CHAOTIC TIME,SPREAD,0,1.4000,1.0000,1.0000,0.5000,1.0000,1.0000,1.0000,-0.0001,1.4193
9304,CHAOTIC TIME,SPREAD,0,1.4000,1.0000,1.0000,0.5000,1.0000,1.0000,1.0000,-0.0001,1.4183
9305,CHAOTIC TIME,FAIL,0,1.4707,1.0000,1.0000,0.8536,1.0000,1.0000,1.0000,0.0002,1.4210
9306,CHAOTIC TIME,GROW,0,1.4378,1.0000,1.0000,0.6890,1.0000,1.0000,1.0000,0.0001,1.4218
9307,CHAOTIC TIME,GROW,0,1.4378,1.0000,1.0000,0.6890,1.0000,1.0000,1.0000,0.0001,1.4226
9308,CHAOTIC TIME,SPREAD,0,1.4000,1.0000,1.0000,0.5000,1.0000,1.0000,1.0000,-0.0001,1.4215
9309,CHAOTIC TIME,GROW,0,1.4378,1.0000,1.0000,0.6890,1.0000,1.0000,1.0000,0.0001,1.4223
9310,CHAOTIC TIME,SPREAD,0,1.4000,1.0000,1.0000,0.5000,1.0000,1.0000,1.0000,-0.0001,1.4212
9311,CHAOTIC TIME,GROW,0,1.4378,1.0000,1.0000,0.6890,1.0000,1.0000,1.0000,0.0001,1.4220
9312,CHAOTIC TIME,GROW,0,1.4378,1.0000,1.0000,0.6890,1.0000,1.0000,1.0000,0.0001,1.4228
9313,CHAOTIC TIME,SPREAD,0,1.4000,1.0000,1.0000,0.5000,1.0000,1.0000,1.0000,-0.0001,1.4217
9314,CHAOTIC TIME,SPREAD,0,1.4000,1.0000,1.0000,0.5000,1.0000,1.0000,1.0000,-0.0001,1.4206
9315,CHAOTIC TIME,FAIL,0,1.4707,1.0000,1.0000,0.8536,1.0000,1.0000,1.0000,0.0002,1.4231
9316,CHAOTIC TIME,GROW,0,1.4378,1.0000,1.0000,0.6890,1.0000,1.0000,1.0000,0.0000,1.4238
9317,CHAOTIC TIME,SPREAD,0,1.4000,1.0000,1.0000,0.5000,1.0000,1.0000,1.0000,-0.0001,1.4226
9318,CHAOTIC TIME,GROW,0,1.4378,1.0000,1.0000,0.6890,1.0000,1.0000,1.0000,0.0001,1.4234
9319,CHAOTIC TIME,SPREAD,0,1.4000,1.0000,1.0000,0.5000,1.0000,1.0000,1.0000,-0.0001,1.4222
9320,CHAOTIC TIME,FALL,0,1.4000,1.0000,1.0000,0.5000,1.0000,1.0000,1.0000,-0.0001,1.4211
9321,CHAOTIC TIME,SPREAD,0,1.4000,1.0000,1.0000,0.5000,1.0000,1.0000,1.0000,-0.0001,1.4200
9322,CHAOTIC TIME,FAIL,0,1.4707,1.0000,1.0000,0.8536,1.0000,1.0000,1.0000,0.0002,1.4226
9323,CHAOTIC TIME,SPREAD,0,1.4000,1.0000,1.0000,0.5000,1.0000,1.0000,1.0000,-0.0001,1.4215
9324,CHAOTIC TIME,GROW,0,1.4378,1.0000,1.0000,0.6890,1.0000,1.0000,1.0000,0.0001,1.4223
9325,CHAOTIC TIME,SPREAD,0,1.4000,1.0000,1.0000,0.5000,1.0000,1.0000,1.0000,-0.0001,1.4212
9326,CHAOTIC TIME,GROW,0,1.4378,1.0000,1.0000,0.6890,1.0000,1.0000,1.0000,0.0001,1.4220
9327,CHAOTIC TIME,GROW,0,1.4378,1.0000,1.0000,0.6890,1.0000,1.0000,1.0000,0.0001,1.4228
9328,CHAOTIC TIME,GROW,0,1.4378,1.0000,1.0000,0.6890,1.0000,1.0000,1.0000,0.0001,1.4235
9329,CHAOTIC TIME,GROW,0,1.4378,1.0000,1.0000,0.6890,1.0000,1.0000,1.0000,0.0000,1.4242
9330,CHAOTIC TIME,GROW,0,1.4378,1.0000,1.0000,0.6890,1.0000,1.0000,1.0000,0.0000,1.4249
9331,CHAOTIC TIME,GROW,0,1.4378,1.0000,1.0000,0.6890,1.0000,1.0000,1.0000,0.0000,1.4256
9332,CHAOTIC TIME,GROW,0,1.4378,1.0000,1.0000,0.6890,1.0000,1.0000,1.0000,0.0000,1.4262
9333,CHAOTIC TIME,GROW,0,1.4378,1.0000,1.0000,0.6890,1.0000,1.0000,1.0000,0.0000,1.4268
9334,CHAOTIC TIME,SPREAD,0,1.4000,1.0000,1.0000,0.5000,1.0000,1.0000,1.0000,-0.0001,1.4254
9335,CHAOTIC TIME,GROW,0,1.4378,1.0000,1.0000,0.6890,1.0000,1.0000,1.0000,0.0000,1.4260
9336,CHAOTIC TIME,SPREAD,0,1.4000,1.0000,1.0000,0.5000,1.0000,1.0000,1.0000,-0.0001,1.4247
9337,CHAOTIC TIME,GROW,0,1.4378,1.0000,1.0000,0.6890,1.0000,1.0000,1.0000,0.0000,1.4254
9338,CHAOTIC TIME,SPREAD,0,1.4000,1.0000,1.0000,0.5000,1.0000,1.0000,1.0000,-0.0001,1.4241
9339,CHAOTIC TIME,SPREAD,0,1.4000,1.0000,1.0000,0.5000,1.0000,1.0000,1.0000,-0.0001,1.4229
9340,CHAOTIC TIME,GROW,0,1.4378,1.0000,1.0000,0.6890,1.0000,1.0000,1.0000,0.0000,1.4237
9341,CHAOTIC TIME,GROW,0,1.4378,1.0000,1.0000,0.6890,1.0000,1.0000,1.0000,0.0000,1.4244
9342,CHAOTIC TIME,GROW,0,1.4378,1.0000,1.0000,0.6890,1.0000,1.0000,1.0000,0.0000,1.4250
9343,CHAOTIC TIME,GROW,0,1.4378,1.0000,1.0000,0.6890,1.0000,1.0000,1.0000,0.0000,1.4257
9344,CHAOTIC TIME,GROW,0,1.4378,1.0000,1.0000,0.6890,1.0000,1.0000,1.0000,0.0000,1.4263
9345,CHAOTIC TIME,GROW,0,1.4378,1.0000,1.0000,0.6890,1.0000,1.0000,1.0000,0.0000,1.4269
9346,CHAOTIC TIME,SPREAD,0,1.4000,1.0000,1.0000,0.5000,1.0000,1.0000,1.0000,-0.0001,1.4255
9347,CHAOTIC TIME,GROW,0,1.4378,1.0000,1.0000,0.6890,1.0000,1.0000,1.0000,0.0000,1.4261
9348,CHAOTIC TIME,SPREAD,0,1.4000,1.0000,1.0000,0.5000,1.0000,1.0000,1.0000,-0.0001,1.4248
9349,CHAOTIC TIME,SPREAD,0,1.4000,1.0000,1.0000,0.5000,1.0000,1.0000,1.0000,-0.0001,1.4236
9350,CHAOTIC TIME,SPREAD,0,1.4000,1.0000,1.0000,0.5000,1.0000,1.0000,1.0000,-0.0001,1.4224
9351,CHAOTIC TIME,FAIL,0,1.4707,1.0000,1.0000,0.8536,1.0000,1.0000,1.0000,0.0002,1.4248
9352,CHAOTIC TIME,GROW,0,1.4378,1.0000,1.0000,0.6890,1.0000,1.0000,1.0000,0.0000,1.4255
9353,CHAOTIC TIME,FAIL,0,1.4707,1.0000,1.0000,0.8536,1.0000,1.0000,1.0000,0.0002,1.4277
9354,CHAOTIC TIME,SPREAD,0,1.4000,1.0000,1.0000,0.5000,1.0000,1.0000,1.0000,-0.0001,1.4263
9355,CHAOTIC TIME,SPREAD,0,1.4000,1.0000,1.0000,0.5000,1.0000,1.0000,1.0000,-0.0001,1.4250
9356,CHAOTIC TIME,FAIL,0,1.4707,1.0000,1.0000,0.8536,1.0000,1.0000,1.0000,0.0002,1.4273
9357,CHAOTIC TIME,FAIL,0,1.4707,1.0000,1.0000,0.8536,1.0000,1.0000,1.0000,0.0001,1.4295
9358,CHAOTIC TIME,SPREAD,0,1.4000,1.0000,1.0000,0.5000,1.0000,1.0000,1.0000,-0.0001,1.4280
9359,CHAOTIC TIME,GROW,0,1.4378,1.0000,1.0000,0.6890,1.0000,1.0000,1.0000,0.0000,1.4285
9360,CHAOTIC TIME,FALL,0,1.4000,1.0000,1.0000,0.5000,1.0000,1.0000,1.0000,-0.0001,1.4271
9361,CHAOTIC TIME,GROW,0,1.4378,1.0000,1.0000,0.6890,1.0000,1.0000,1.0000,0.0000,1.4276
9362,CHAOTIC TIME,SPREAD,0,1.4000,1.0000,1.0000,0.5000,1.0000,1.0000,1.0000,-0.0001,1.4262
9363,CHAOTIC TIME,SPREAD,0,1.4000,1.0000,1.0000,0.5000,1.0000,1.0000,1.0000,-0.0001,1.4249
9364,CHAOTIC TIME,SPREAD,0,1.4000,1.0000,1.0000,0.5000,1.0000,1.0000,1.0000,-0.0001,1.4237
9365,CHAOTIC TIME,SPREAD,0,1.4000,1.0000,1.0000,0.5000,1.0000,1.0000,1.0000,-0.0001,1.4225
9366,CHAOTIC TIME,GROW,0,1.4378,1.0000,1.0000,0.6890,1.0000,1.0000,1.0000,0.0001,1.4233
9367,CHAOTIC TIME,SPREAD,0,1.4000,1.0000,1.0000,0.5000,1.0000,1.0000,1.0000,-0.0001,1.4221
9368,CHAOTIC TIME,FAIL,0,1.4707,1.0000,1.0000,0.8536,1.0000,1.0000,1.0000,0.0002,1.4245
9369,CHAOTIC TIME,GROW,0,1.4378,1.0000,1.0000,0.6890,1.0000,1.0000,1.0000,0.0000,1.4252
9370,CHAOTIC TIME,FAIL,0,1.4707,1.0000,1.0000,0.8536,1.0000,1.0000,1.0000,0.0002,1.4275
9371,CHAOTIC TIME,GROW,0,1.4378,1.0000,1.0000,0.6890,1.0000,1.0000,1.0000,0.0000,1.4280
9372,CHAOTIC TIME,GROW,0,1.4378,1.0000,1.0000,0.6890,1.0000,1.0000,1.0000,0.0000,1.4285
9373,CHAOTIC TIME,GROW,0,1.4378,1.0000,1.0000,0.6890,1.0000,1.0000,1.0000,0.0000,1.4289
9374,CHAOTIC TIME,SPREAD,0,1.4000,1.0000,1.0000,0.5000,1.0000,1.0000,1.0000,-0.0001,1.4275
9375,CHAOTIC TIME,SPREAD,0,1.4000,1.0000,1.0000,0.5000,1.0000,1.0000,1.0000,-0.0001,1.4261
9376,CHAOTIC TIME,FAIL,0,1.4707,1.0000,1.0000,0.8536,1.0000,1.0000,1.0000,0.0002,1.4283
9377,CHAOTIC TIME,SPREAD,0,1.4000,1.0000,1.0000,0.5000,1.0000,1.0000,1.0000,-0.0001,1.4269
9378,CHAOTIC TIME,GROW,0,1.4378,1.0000,1.0000,0.6890,1.0000,1.0000,1.0000,0.0000,1.4275
9379,CHAOTIC TIME,FAIL,0,1.4707,1.0000,1.0000,0.8536,1.0000,1.0000,1.0000,0.0001,1.4296
9380,CHAOTIC TIME,GROW,0,1.4378,1.0000,1.0000,0.6890,1.0000,1.0000,1.0000,0.0000,1.4300
9381,CHAOTIC TIME,SPREAD,0,1.4000,1.0000,1.0000,0.5000,1.0000,1.0000,1.0000,-0.0001,1.4285
9382,CHAOTIC TIME,SPREAD,0,1.4000,1.0000,1.0000,0.5000,1.0000,1.0000,1.0000,-0.0001,1.4271
9383,CHAOTIC TIME,GROW,0,1.4378,1.0000,1.0000,0.6890,1.0000,1.0000,1.0000,0.0000,1.4276
9384,CHAOTIC TIME,FAIL,0,1.4707,1.0000,1.0000,0.8536,1.0000,1.0000,1.0000,0.0002,1.4298
9385,CHAOTIC TIME,GROW,0,1.4378,1.0000,1.0000,0.6890,1.0000,1.0000,1.0000,0.0000,1.4302
9386,CHAOTIC TIME,SPREAD,0,1.4000,1.0000,1.0000,0.5000,1.0000,1.0000,1.0000,-0.0001,1.4287
9387,CHAOTIC TIME,SPREAD,0,1.4000,1.0000,1.0000,0.5000,1.0000,1.0000,1.0000,-0.0001,1.4273
9388,CHAOTIC TIME,SPREAD,0,1.4000,1.0000,1.0000,0.5000,1.0000,1.0000,1.0000,-0.0001,1.4259
9389,CHAOTIC TIME,GROW,0,1.4378,1.0000,1.0000,0.6890,1.0000,1.0000,1.0000,0.0000,1.4265
9390,CHAOTIC TIME,SPREAD,0,1.4000,1.0000,1.0000,0.5000,1.0000,1.0000,1.0000,-0.0001,1.4252
9391,CHAOTIC TIME,FAIL,0,1.4707,1.0000,1.0000,0.8536,1.0000,1.0000,1.0000,0.0002,1.4274
9392,CHAOTIC TIME,GROW,0,1.4378,1.0000,1.0000,0.6890,1.0000,1.0000,1.0000,0.0000,1.4280
9393,CHAOTIC TIME,GROW,0,1.4378,1.0000,1.0000,0.6890,1.0000,1.0000,1.0000,0.0000,1.4284
9394,CHAOTIC TIME,GROW,0,1.4378,1.0000,1.0000,0.6890,1.0000,1.0000,1.0000,0.0000,1.4289
9395,CHAOTIC TIME,GROW,0,1.4378,1.0000,1.0000,0.6890,1.0000,1.0000,1.0000,0.0000,1.4294
9396,CHAOTIC TIME,SPREAD,0,1.4000,1.0000,1.0000,0.5000,1.0000,1.0000,1.0000,-0.0001,1.4279
9397,CHAOTIC TIME,FAIL,0,1.4707,1.0000,1.0000,0.8536,1.0000,1.0000,1.0000,0.0001,1.4300
9398,CHAOTIC TIME,GROW,0,1.4378,1.0000,1.0000,0.6890,1.0000,1.0000,1.0000,0.0000,1.4304
9399,CHAOTIC TIME,SPREAD,0,1.4000,1.0000,1.0000,0.5000,1.0000,1.0000,1.0000,-0.0001,1.4289
9400,CHAOTIC TIME,GROW,0,1.4378,1.0000,1.0000,0.6890,1.0000,1.0000,1.0000,0.0000,1.4293
9401,CHAOTIC TIME,GROW,0,1.4378,1.0000,1.0000,0.6890,1.0000,1.0000,1.0000,0.0000,1.4298
9402,CHAOTIC TIME,FAIL,0,1.4707,1.0000,1.0000,0.8536,1.0000,1.0000,1.0000,0.0001,1.4318
9403,CHAOTIC TIME,GROW,0,1.4378,1.0000,1.0000,0.6890,1.0000,1.0000,1.0000,0.0000,1.4321
9404,CHAOTIC TIME,GROW,0,1.4378,1.0000,1.0000,0.6890,1.0000,1.0000,1.0000,0.0000,1.4324
9405,CHAOTIC TIME,GROW,0,1.4378,1.0000,1.0000,0.6890,1.0000,1.0000,1.0000,0.0000,1.4327
9406,CHAOTIC TIME,SPREAD,0,1.4000,1.0000,1.0000,0.5000,1.0000,1.0000,1.0000,-0.0001,1.4310
9407,CHAOTIC TIME,SPREAD,0,1.4000,1.0000,1.0000,0.5000,1.0000,1.0000,1.0000,-0.0001,1.4295
9408,CHAOTIC TIME,GROW,0,1.4378,1.0000,1.0000,0.6890,1.0000,1.0000,1.0000,0.0000,1.4299
9409,CHAOTIC TIME,SPREAD,0,1.4000,1.0000,1.0000,0.5000,1.0000,1.0000,1.0000,-0.0001,1.4284
9410,CHAOTIC TIME,SPREAD,0,1.4000,1.0000,1.0000,0.5000,1.0000,1.0000,1.0000,-0.0001,1.4270
9411,CHAOTIC TIME,GROW,0,1.4378,1.0000,1.0000,0.6890,1.0000,1.0000,1.0000,0.0000,1.4275
9412,CHAOTIC TIME,GROW,0,1.4378,1.0000,1.0000,0.6890,1.0000,1.0000,1.0000,0.0000,1.4280
9413,CHAOTIC TIME,FAIL,0,1.4707,1.0000,1.0000,0.8536,1.0000,1.0000,1.0000,0.0001,1.4302
9414,CHAOTIC TIME,GROW,0,1.4378,1.0000,1.0000,0.6890,1.0000,1.0000,1.0000,0.0000,1.4306
9415,CHAOTIC TIME,FAIL,0,1.4707,1.0000,1.0000,0.8536,1.0000,1.0000,1.0000,0.0001,1.4326
9416,CHAOTIC TIME,SPREAD,0,1.4000,1.0000,1.0000,0.5000,1.0000,1.0000,1.0000,-0.0001,1.4309
9417,CHAOTIC TIME,SPREAD,0,1.4000,1.0000,1.0000,0.5000,1.0000,1.0000,1.0000,-0.0001,1.4294
9418,CHAOTIC TIME,SPREAD,0,1.4000,1.0000,1.0000,0.5000,1.0000,1.0000,1.0000,-0.0001,1.4279
9419,CHAOTIC TIME,SPREAD,0,1.4000,1.0000,1.0000,0.5000,1.0000,1.0000,1.0000,-0.0001,1.4265
9420,CHAOTIC TIME,GROW,0,1.4378,1.0000,1.0000,0.6890,1.0000,1.0000,1.0000,0.0000,1.4271
9421,CHAOTIC TIME,FAIL,0,1.4707,1.0000,1.0000,0.8536,1.0000,1.0000,1.0000,0.0001,1.4293
9422,CHAOTIC TIME,GROW,0,1.4378,1.0000,1.0000,0.6890,1.0000,1.0000,1.0000,0.0000,1.4297
9423,CHAOTIC TIME,GROW,0,1.4378,1.0000,1.0000,0.6890,1.0000,1.0000,1.0000,0.0000,1.4301
9424,CHAOTIC TIME,SPREAD,0,1.4000,1.0000,1.0000,0.5000,1.0000,1.0000,1.0000,-0.0001,1.4286
9425,CHAOTIC TIME,SPREAD,0,1.4000,1.0000,1.0000,0.5000,1.0000,1.0000,1.0000,-0.0001,1.4272
9426,CHAOTIC TIME,GROW,0,1.4378,1.0000,1.0000,0.6890,1.0000,1.0000,1.0000,0.0000,1.4277
9427,CHAOTIC TIME,SPREAD,0,1.4000,1.0000,1.0000,0.5000,1.0000,1.0000,1.0000,-0.0001,1.4263
9428,CHAOTIC TIME,GROW,0,1.4378,1.0000,1.0000,0.6890,1.0000,1.0000,1.0000,0.0000,1.4269
9429,CHAOTIC TIME,GROW,0,1.4378,1.0000,1.0000,0.6890,1.0000,1.0000,1.0000,0.0000,1.4274
9430,CHAOTIC TIME,SPREAD,0,1.4000,1.0000,1.0000,0.5000,1.0000,1.0000,1.0000,-0.0001,1.4261
9431,CHAOTIC TIME,GROW,0,1.4378,1.0000,1.0000,0.6890,1.0000,1.0000,1.0000,0.0000,1.4266
9432,CHAOTIC TIME,FAIL,0,1.4707,1.0000,1.0000,0.8536,1.0000,1.0000,1.0000,0.0001,1.4288
9433,CHAOTIC TIME,GROW,0,1.4378,1.0000,1.0000,0.6890,1.0000,1.0000,1.0000,0.0000,1.4293
9434,CHAOTIC TIME,FAIL,0,1.4707,1.0000,1.0000,0.8536,1.0000,1.0000,1.0000,0.0001,1.4314
9435,CHAOTIC TIME,SPREAD,0,1.4000,1.0000,1.0000,0.5000,1.0000,1.0000,1.0000,-0.0001,1.4298
9436,CHAOTIC TIME,SPREAD,0,1.4000,1.0000,1.0000,0.5000,1.0000,1.0000,1.0000,-0.0001,1.4283
9437,CHAOTIC TIME,GROW,0,1.4378,1.0000,1.0000,0.6890,1.0000,1.0000,1.0000,0.0000,1.4288
9438,CHAOTIC TIME,GROW,0,1.4378,1.0000,1.0000,0.6890,1.0000,1.0000,1.0000,0.0000,1.4292
9439,CHAOTIC TIME,FAIL,0,1.4707,1.0000,1.0000,0.8536,1.0000,1.0000,1.0000,0.0001,1.4313
9440,CHAOTIC TIME,SPREAD,0,1.4000,1.0000,1.0000,0.5000,1.0000,1.0000,1.0000,-0.0001,1.4297
9441,CHAOTIC TIME,GROW,0,1.4378,1.0000,1.0000,0.6890,1.0000,1.0000,1.0000,0.0000,1.4301
9442,CHAOTIC TIME,SPREAD,0,1.4000,1.0000,1.0000,0.5000,1.0000,1.0000,1.0000,-0.0001,1.4286
9443,CHAOTIC TIME,SPREAD,0,1.4000,1.0000,1.0000,0.5000,1.0000,1.0000,1.0000,-0.0001,1.4272
9444,CHAOTIC TIME,GROW,0,1.4378,1.0000,1.0000,0.6890,1.0000,1.0000,1.0000,0.0000,1.4277
9445,CHAOTIC TIME,GROW,0,1.4378,1.0000,1.0000,0.6890,1.0000,1.0000,1.0000,0.0000,1.4282
9446,CHAOTIC TIME,FAIL,0,1.4707,1.0000,1.0000,0.8536,1.0000,1.0000,1.0000,0.0001,1.4304
9447,CHAOTIC TIME,SPREAD,0,1.4000,1.0000,1.0000,0.5000,1.0000,1.0000,1.0000,-0.0001,1.4288
9448,CHAOTIC TIME,GROW,0,1.4378,1.0000,1.0000,0.6890,1.0000,1.0000,1.0000,0.0000,1.4293
9449,CHAOTIC TIME,SPREAD,0,1.4000,1.0000,1.0000,0.5000,1.0000,1.0000,1.0000,-0.0001,1.4278
9450,MARKET,FALL,0,1.2676,1.0000,0.6667,0.3378,1.0000,1.0000,0.0000,-1.2665,1.4198
9451,CHAOTIC TIME,GROW,0,1.4378,1.0000,1.0000,0.6890,1.0000,1.0000,1.0000,0.0001,1.4207
9452,CHAOTIC TIME,FAIL,0,1.4707,1.0000,1.0000,0.8536,1.0000,1.0000,1.0000,0.0002,1.4232
9453,CHAOTIC TIME,FAIL,0,1.4707,1.0000,1.0000,0.8536,1.0000,1.0000,1.0000,0.0002,1.4256
9454,CHAOTIC TIME,FAIL,0,1.4707,1.0000,1.0000,0.8536,1.0000,1.0000,1.0000,0.0001,1.4278
9455,CHAOTIC TIME,SPREAD,0,1.4000,1.0000,1.0000,0.5000,1.0000,1.0000,1.0000,-0.0001,1.4265
9456,CHAOTIC TIME,GROW,0,1.4378,1.0000,1.0000,0.6890,1.0000,1.0000,1.0000,0.0000,1.4270
9457,CHAOTIC TIME,GROW,0,1.4378,1.0000,1.0000,0.6890,1.0000,1.0000,1.0000,0.0000,1.4276
9458,CHAOTIC TIME,SPREAD,0,1.4000,1.0000,1.0000,0.5000,1.0000,1.0000,1.0000,-0.0001,1.4262
9459,CHAOTIC TIME,GROW,0,1.4378,1.0000,1.0000,0.6890,1.0000,1.0000,1.0000,0.0000,1.4268
9460,CHAOTIC TIME,GROW,0,1.4378,1.0000,1.0000,0.6890,1.0000,1.0000,1.0000,0.0000,1.4273
9461,CHAOTIC TIME,SPREAD,0,1.4000,1.0000,1.0000,0.5000,1.0000,1.0000,1.0000,-0.0001,1.4259
9462,CHAOTIC TIME,GROW,0,1.4378,1.0000,1.0000,0.6890,1.0000,1.0000,1.0000,0.0000,1.4265
9463,CHAOTIC TIME,GROW,0,1.4378,1.0000,1.0000,0.6890,1.0000,1.0000,1.0000,0.0000,1.4271
9464,CHAOTIC TIME,SPREAD,0,1.4000,1.0000,1.0000,0.5000,1.0000,1.0000,1.0000,-0.0001,1.4257
9465,CHAOTIC TIME,FAIL,0,1.4707,1.0000,1.0000,0.8536,1.0000,1.0000,1.0000,0.0001,1.4280
9466,CHAOTIC TIME,GROW,0,1.4378,1.0000,1.0000,0.6890,1.0000,1.0000,1.0000,0.0000,1.4285
9467,CHAOTIC TIME,GROW,0,1.4378,1.0000,1.0000,0.6890,1.0000,1.0000,1.0000,0.0000,1.4290
9468,CHAOTIC TIME,FAIL,0,1.4707,1.0000,1.0000,0.8536,1.0000,1.0000,1.0000,0.0001,1.4310
9469,CHAOTIC TIME,GROW,0,1.4378,1.0000,1.0000,0.6890,1.0000,1.0000,1.0000,0.0000,1.4314
9470,CHAOTIC TIME,GROW,0,1.4378,1.0000,1.0000,0.6890,1.0000,1.0000,1.0000,0.0000,1.4317
9471,CHAOTIC TIME,GROW,0,1.4378,1.0000,1.0000,0.6890,1.0000,1.0000,1.0000,0.0000,1.4320
9472,CHAOTIC TIME,SPREAD,0,1.4000,1.0000,1.0000,0.5000,1.0000,1.0000,1.0000,-0.0001,1.4304
9473,CHAOTIC TIME,FAIL,0,1.4707,1.0000,1.0000,0.8536,1.0000,1.0000,1.0000,0.0001,1.4324
9474,CHAOTIC TIME,GROW,0,1.4378,1.0000,1.0000,0.6890,1.0000,1.0000,1.0000,0.0000,1.4327
9475,CHAOTIC TIME,SPREAD,0,1.4000,1.0000,1.0000,0.5000,1.0000,1.0000,1.0000,-0.0001,1.4311
9476,CHAOTIC TIME,GROW,0,1.4378,1.0000,1.0000,0.6890,1.0000,1.0000,1.0000,0.0000,1.4314
9477,CHAOTIC TIME,GROW,0,1.4378,1.0000,1.0000,0.6890,1.0000,1.0000,1.0000,0.0000,1.4317
9478,CHAOTIC TIME,GROW,0,1.4378,1.0000,1.0000,0.6890,1.0000,1.0000,1.0000,0.0000,1.4320
9479,CHAOTIC TIME,GROW,0,1.4378,1.0000,1.0000,0.6890,1.0000,1.0000,1.0000,0.0000,1.4323
9480,CHAOTIC TIME,GROW,0,1.4378,1.0000,1.0000,0.6890,1.0000,1.0000,1.0000,0.0000,1.4326
9481,CHAOTIC TIME,GROW,0,1.4378,1.0000,1.0000,0.6890,1.0000,1.0000,1.0000,0.0000,1.4328
9482,CHAOTIC TIME,SPREAD,0,1.4000,1.0000,1.0000,0.5000,1.0000,1.0000,1.0000,-0.0001,1.4312
9483,CHAOTIC TIME,SPREAD,0,1.4000,1.0000,1.0000,0.5000,1.0000,1.0000,1.0000,-0.0001,1.4296
9484,CHAOTIC TIME,SPREAD,0,1.4000,1.0000,1.0000,0.5000,1.0000,1.0000,1.0000,-0.0001,1.4282
9485,CHAOTIC TIME,GROW,0,1.4378,1.0000,1.0000,0.6890,1.0000,1.0000,1.0000,0.0000,1.4286
9486,CHAOTIC TIME,SPREAD,0,1.4000,1.0000,1.0000,0.5000,1.0000,1.0000,1.0000,-0.0001,1.4272
9487,CHAOTIC TIME,FAIL,0,1.4707,1.0000,1.0000,0.8536,1.0000,1.0000,1.0000,0.0001,1.4294
9488,CHAOTIC TIME,SPREAD,0,1.4000,1.0000,1.0000,0.5000,1.0000,1.0000,1.0000,-0.0001,1.4279
9489,CHAOTIC TIME,GROW,0,1.4378,1.0000,1.0000,0.6890,1.0000,1.0000,1.0000,0.0000,1.4284
9490,CHAOTIC TIME,GROW,0,1.4378,1.0000,1.0000,0.6890,1.0000,1.0000,1.0000,0.0000,1.4289
9491,CHAOTIC TIME,GROW,0,1.4378,1.0000,1.0000,0.6890,1.0000,1.0000,1.0000,0.0000,1.4293
9492,CHAOTIC TIME,FAIL,0,1.4707,1.0000,1.0000,0.8536,1.0000,1.0000,1.0000,0.0001,1.4314
9493,CHAOTIC TIME,SPREAD,0,1.4000,1.0000,1.0000,0.5000,1.0000,1.0000,1.0000,-0.0001,1.4298
9494,CHAOTIC TIME,GROW,0,1.4378,1.0000,1.0000,0.6890,1.0000,1.0000,1.0000,0.0000,1.4302
9495,CHAOTIC TIME,SPREAD,0,1.4000,1.0000,1.0000,0.5000,1.0000,1.0000,1.0000,-0.0001,1.4287
9496,CHAOTIC TIME,GROW,0,1.4378,1.0000,1.0000,0.6890,1.0000,1.0000,1.0000,0.0000,1.4292
9497,CHAOTIC TIME,GROW,0,1.4378,1.0000,1.0000,0.6890,1.0000,1.0000,1.0000,0.0000,1.4296
9498,CHAOTIC TIME,SPREAD,0,1.4000,1.0000,1.0000,0.5000,1.0000,1.0000,1.0000,-0.0001,1.4281
9499,CHAOTIC TIME,GROW,0,1.4378,1.0000,1.0000,0.6890,1.0000,1.0000,1.0000,0.0000,1.4286
9500,CHAOTIC TIME,GROW,0,1.4378,1.0000,1.0000,0.6890,1.0000,1.0000,1.0000,0.0000,1.4291
9501,CHAOTIC TIME,FAIL,0,1.4707,1.0000,1.0000,0.8536,1.0000,1.0000,1.0000,0.0001,1.4311
9502,CHAOTIC TIME,GROW,0,1.4378,1.0000,1.0000,0.6890,1.0000,1.0000,1.0000,0.0000,1.4315
9503,CHAOTIC TIME,GROW,0,1.4378,1.0000,1.0000,0.6890,1.0000,1.0000,1.0000,0.0000,1.4318
9504,CHAOTIC TIME,FAIL,0,1.4707,1.0000,1.0000,0.8536,1.0000,1.0000,1.0000,0.0001,1.4337
9505,CHAOTIC TIME,GROW,0,1.4378,1.0000,1.0000,0.6890,1.0000,1.0000,1.0000,0.0000,1.4339
9506,CHAOTIC TIME,GROW,0,1.4378,1.0000,1.0000,0.6890,1.0000,1.0000,1.0000,0.0000,1.4341
9507,CHAOTIC TIME,GROW,0,1.4378,1.0000,1.0000,0.6890,1.0000,1.0000,1.0000,0.0000,1.4343
9508,CHAOTIC TIME,SPREAD,0,1.4000,1.0000,1.0000,0.5000,1.0000,1.0000,1.0000,-0.0001,1.4326
9509,CHAOTIC TIME,FAIL,0,1.4707,1.0000,1.0000,0.8536,1.0000,1.0000,1.0000,0.0001,1.4345
9510,CHAOTIC TIME,SPREAD,0,1.4000,1.0000,1.0000,0.5000,1.0000,1.0000,1.0000,-0.0001,1.4328
9511,CHAOTIC TIME,GROW,0,1.4378,1.0000,1.0000,0.6890,1.0000,1.0000,1.0000,0.0000,1.4330
9512,CHAOTIC TIME,GROW,0,1.4378,1.0000,1.0000,0.6890,1.0000,1.0000,1.0000,0.0000,1.4333
9513,CHAOTIC TIME,SPREAD,0,1.4000,1.0000,1.0000,0.5000,1.0000,1.0000,1.0000,-0.0001,1.4316
9514,CHAOTIC TIME,SPREAD,0,1.4000,1.0000,1.0000,0.5000,1.0000,1.0000,1.0000,-0.0001,1.4300
9515,CHAOTIC TIME,SPREAD,0,1.4000,1.0000,1.0000,0.5000,1.0000,1.0000,1.0000,-0.0001,1.4285
9516,CHAOTIC TIME,GROW,0,1.4378,1.0000,1.0000,0.6890,1.0000,1.0000,1.0000,0.0000,1.4290
9517,CHAOTIC TIME,GROW,0,1.4378,1.0000,1.0000,0.6890,1.0000,1.0000,1.0000,0.0000,1.4294
9518,CHAOTIC TIME,SPREAD,0,1.4000,1.0000,1.0000,0.5000,1.0000,1.0000,1.0000,-0.0001,1.4280
9519,CHAOTIC TIME,SPREAD,0,1.4000,1.0000,1.0000,0.5000,1.0000,1.0000,1.0000,-0.0001,1.4266
9520,CHAOTIC TIME,SPREAD,0,1.4000,1.0000,1.0000,0.5000,1.0000,1.0000,1.0000,-0.0001,1.4252
9521,CHAOTIC TIME,SPREAD,0,1.4000,1.0000,1.0000,0.5000,1.0000,1.0000,1.0000,-0.0001,1.4240
9522,CHAOTIC TIME,GROW,0,1.4378,1.0000,1.0000,0.6890,1.0000,1.0000,1.0000,0.0000,1.4247
9523,CHAOTIC TIME,SPREAD,0,1.4000,1.0000,1.0000,0.5000,1.0000,1.0000,1.0000,-0.0001,1.4234
9524,CHAOTIC TIME,GROW,0,1.4378,1.0000,1.0000,0.6890,1.0000,1.0000,1.0000,0.0001,1.4241
9525,CHAOTIC TIME,GROW,0,1.4378,1.0000,1.0000,0.6890,1.0000,1.0000,1.0000,0.0000,1.4248
9526,CHAOTIC TIME,GROW,0,1.4378,1.0000,1.0000,0.6890,1.0000,1.0000,1.0000,0.0000,1.4255
9527,CHAOTIC TIME,SPREAD,0,1.4000,1.0000,1.0000,0.5000,1.0000,1.0000,1.0000,-0.0001,1.4242
9528,CHAOTIC TIME,GROW,0,1.4378,1.0000,1.0000,0.6890,1.0000,1.0000,1.0000,0.0000,1.4249
9529,CHAOTIC TIME,SPREAD,0,1.4000,1.0000,1.0000,0.5000,1.0000,1.0000,1.0000,-0.0001,1.4236
9530,CHAOTIC TIME,SPREAD,0,1.4000,1.0000,1.0000,0.5000,1.0000,1.0000,1.0000,-0.0001,1.4225
9531,CHAOTIC TIME,GROW,0,1.4378,1.0000,1.0000,0.6890,1.0000,1.0000,1.0000,0.0000,1.4232
9532,CHAOTIC TIME,GROW,0,1.4378,1.0000,1.0000,0.6890,1.0000,1.0000,1.0000,0.0000,1.4240
9533,CHAOTIC TIME,SPREAD,0,1.4000,1.0000,1.0000,0.5000,1.0000,1.0000,1.0000,-0.0001,1.4228
9534,CHAOTIC TIME,GROW,0,1.4378,1.0000,1.0000,0.6890,1.0000,1.0000,1.0000,0.0000,1.4235
9535,CHAOTIC TIME,SPREAD,0,1.4000,1.0000,1.0000,0.5000,1.0000,1.0000,1.0000,-0.0001,1.4223
9536,CHAOTIC TIME,GROW,0,1.4378,1.0000,1.0000,0.6890,1.0000,1.0000,1.0000,0.0000,1.4231
9537,CHAOTIC TIME,GROW,0,1.4378,1.0000,1.0000,0.6890,1.0000,1.0000,1.0000,0.0000,1.4238
9538,CHAOTIC TIME,GROW,0,1.4378,1.0000,1.0000,0.6890,1.0000,1.0000,1.0000,0.0000,1.4245
9539,CHAOTIC TIME,FAIL,0,1.4707,1.0000,1.0000,0.8536,1.0000,1.0000,1.0000,0.0001,1.4268
9540,CHAOTIC TIME,SPREAD,0,1.4000,1.0000,1.0000,0.5000,1.0000,1.0000,1.0000,-0.0001,1.4255
9541,CHAOTIC TIME,SPREAD,0,1.4000,1.0000,1.0000,0.5000,1.0000,1.0000,1.0000,-0.0001,1.4242
9542,CHAOTIC TIME,SPREAD,0,1.4000,1.0000,1.0000,0.5000,1.0000,1.0000,1.0000,-0.0001,1.4230
9543,CHAOTIC TIME,SPREAD,0,1.4000,1.0000,1.0000,0.5000,1.0000,1.0000,1.0000,-0.0001,1.4219
9544,CHAOTIC TIME,GROW,0,1.4378,1.0000,1.0000,0.6890,1.0000,1.0000,1.0000,0.0001,1.4227
9545,CHAOTIC TIME,GROW,0,1.4378,1.0000,1.0000,0.6890,1.0000,1.0000,1.0000,0.0000,1.4234
9546,CHAOTIC TIME,SPREAD,0,1.4000,1.0000,1.0000,0.5000,1.0000,1.0000,1.0000,-0.0001,1.4222
9547,CHAOTIC TIME,SPREAD,0,1.4000,1.0000,1.0000,0.5000,1.0000,1.0000,1.0000,-0.0001,1.4211
9548,CHAOTIC TIME,FAIL,0,1.4707,1.0000,1.0000,0.8536,1.0000,1.0000,1.0000,0.0002,1.4236
9549,CHAOTIC TIME,GROW,0,1.4378,1.0000,1.0000,0.6890,1.0000,1.0000,1.0000,0.0000,1.4243
9550,CHAOTIC TIME,GROW,0,1.4378,1.0000,1.0000,0.6890,1.0000,1.0000,1.0000,0.0000,1.4250
9551,CHAOTIC TIME,FAIL,0,1.4707,1.0000,1.0000,0.8536,1.0000,1.0000,1.0000,0.0001,1.4273
9552,CHAOTIC TIME,GROW,0,1.4378,1.0000,1.0000,0.6890,1.0000,1.0000,1.0000,0.0000,1.4278
9553,CHAOTIC TIME,GROW,0,1.4378,1.0000,1.0000,0.6890,1.0000,1.0000,1.0000,0.0000,1.4283
9554,CHAOTIC TIME,SPREAD,0,1.4000,1.0000,1.0000,0.5000,1.0000,1.0000,1.0000,-0.0001,1.4269
9555,CHAOTIC TIME,GROW,0,1.4378,1.0000,1.0000,0.6890,1.0000,1.0000,1.0000,0.0000,1.4274
9556,CHAOTIC TIME,SPREAD,0,1.4000,1.0000,1.0000,0.5000,1.0000,1.0000,1.0000,-0.0001,1.4261
9557,CHAOTIC TIME,GROW,0,1.4378,1.0000,1.0000,0.6890,1.0000,1.0000,1.0000,0.0000,1.4267
9558,CHAOTIC TIME,GROW,0,1.4378,1.0000,1.0000,0.6890,1.0000,1.0000,1.0000,0.0000,1.4272
9559,CHAOTIC TIME,GROW,0,1.4378,1.0000,1.0000,0.6890,1.0000,1.0000,1.0000,0.0000,1.4277
9560,CHAOTIC TIME,GROW,0,1.4378,1.0000,1.0000,0.6890,1.0000,1.0000,1.0000,0.0000,1.4282
9561,CHAOTIC TIME,FAIL,0,1.4707,1.0000,1.0000,0.8536,1.0000,1.0000,1.0000,0.0001,1.4304
9562,CHAOTIC TIME,SPREAD,0,1.4000,1.0000,1.0000,0.5000,1.0000,1.0000,1.0000,-0.0001,1.4288
9563,CHAOTIC TIME,SPREAD,0,1.4000,1.0000,1.0000,0.5000,1.0000,1.0000,1.0000,-0.0001,1.4274
9564,CHAOTIC TIME,GROW,0,1.4378,1.0000,1.0000,0.6890,1.0000,1.0000,1.0000,0.0000,1.4279
9565,CHAOTIC TIME,FAIL,0,1.4707,1.0000,1.0000,0.8536,1.0000,1.0000,1.0000,0.0001,1.4301
9566,CHAOTIC TIME,GROW,0,1.4378,1.0000,1.0000,0.6890,1.0000,1.0000,1.0000,0.0000,1.4305
9567,CHAOTIC TIME,SPREAD,0,1.4000,1.0000,1.0000,0.5000,1.0000,1.0000,1.0000,-0.0001,1.4289
9568,CHAOTIC TIME,GROW,0,1.4378,1.0000,1.0000,0.6890,1.0000,1.0000,1.0000,0.0000,1.4294
9569,CHAOTIC TIME,GROW,0,1.4378,1.0000,1.0000,0.6890,1.0000,1.0000,1.0000,0.0000,1.4298
9570,CHAOTIC TIME,SPREAD,0,1.4000,1.0000,1.0000,0.5000,1.0000,1.0000,1.0000,-0.0001,1.4283
9571,CHAOTIC TIME,SPREAD,0,1.4000,1.0000,1.0000,0.5000,1.0000,1.0000,1.0000,-0.0001,1.4269
9572,CHAOTIC TIME,SPREAD,0,1.4000,1.0000,1.0000,0.5000,1.0000,1.0000,1.0000,-0.0001,1.4255
9573,CHAOTIC TRUTH,GROW,0,1.4169,1.0000,1.0000,0.5845,1.0000,1.0000,1.0000,-0.0626,1.4251
9574,CHAOTIC TIME,GROW,0,1.4378,1.0000,1.0000,0.6890,1.0000,1.0000,1.0000,0.0000,1.4257
9575,CHAOTIC TIME,SPREAD,0,1.4000,1.0000,1.0000,0.5000,1.0000,1.0000,1.0000,-0.0001,1.4245
9576,CHAOTIC TIME,SPREAD,0,1.4000,1.0000,1.0000,0.5000,1.0000,1.0000,1.0000,-0.0001,1.4232
9577,CHAOTIC TIME,GROW,0,1.4378,1.0000,1.0000,0.6890,1.0000,1.0000,1.0000,0.0000,1.4240
9578,CHAOTIC TIME,GROW,0,1.4378,1.0000,1.0000,0.6890,1.0000,1.0000,1.0000,0.0000,1.4247
9579,CHAOTIC TIME,SPREAD,0,1.4000,1.0000,1.0000,0.5000,1.0000,1.0000,1.0000,-0.0001,1.4234
9580,CHAOTIC TIME,GROW,0,1.4378,1.0000,1.0000,0.6890,1.0000,1.0000,1.0000,0.0000,1.4241
9581,CHAOTIC TIME,SPREAD,0,1.4000,1.0000,1.0000,0.5000,1.0000,1.0000,1.0000,-0.0001,1.4229
9582,CHAOTIC TIME,GROW,0,1.4378,1.0000,1.0000,0.6890,1.0000,1.0000,1.0000,0.0000,1.4237
9583,CHAOTIC TIME,GROW,0,1.4378,1.0000,1.0000,0.6890,1.0000,1.0000,1.0000,0.0000,1.4244
9584,CHAOTIC TIME,GROW,0,1.4378,1.0000,1.0000,0.6890,1.0000,1.0000,1.0000,0.0000,1.4251
9585,CHAOTIC TIME,GROW,0,1.4378,1.0000,1.0000,0.6890,1.0000,1.0000,1.0000,0.0000,1.4257
9586,CHAOTIC TIME,GROW,0,1.4378,1.0000,1.0000,0.6890,1.0000,1.0000,1.0000,0.0000,1.4263
9587,CHAOTIC TIME,FAIL,0,1.4707,1.0000,1.0000,0.8536,1.0000,1.0000,1.0000,0.0001,1.4285
9588,CHAOTIC TIME,FAIL,0,1.4707,1.0000,1.0000,0.8536,1.0000,1.0000,1.0000,0.0001,1.4306
9589,CHAOTIC TIME,SPREAD,0,1.4000,1.0000,1.0000,0.5000,1.0000,1.0000,1.0000,-0.0001,1.4291
9590,CHAOTIC TIME,SPREAD,0,1.4000,1.0000,1.0000,0.5000,1.0000,1.0000,1.0000,-0.0001,1.4276
9591,CHAOTIC TIME,SPREAD,0,1.4000,1.0000,1.0000,0.5000,1.0000,1.0000,1.0000,-0.0001,1.4263
9592,CHAOTIC TIME,GROW,0,1.4378,1.0000,1.0000,0.6890,1.0000,1.0000,1.0000,0.0000,1.4268
9593,CHAOTIC TIME,GROW,0,1.4378,1.0000,1.0000,0.6890,1.0000,1.0000,1.0000,0.0000,1.4274
9594,CHAOTIC TIME,SPREAD,0,1.4000,1.0000,1.0000,0.5000,1.0000,1.0000,1.0000,-0.0001,1.4260
9595,CHAOTIC TIME,GROW,0,1.4378,1.0000,1.0000,0.6890,1.0000,1.0000,1.0000,0.0000,1.4266
9596,CHAOTIC TIME,GROW,0,1.4378,1.0000,1.0000,0.6890,1.0000,1.0000,1.0000,0.0000,1.4272
9597,CHAOTIC TIME,GROW,0,1.4378,1.0000,1.0000,0.6890,1.0000,1.0000,1.0000,0.0000,1.4277
9598,CHAOTIC TIME,SPREAD,0,1.4000,1.0000,1.0000,0.5000,1.0000,1.0000,1.0000,-0.0001,1.4263
9599,CHAOTIC TIME,GROW,0,1.4378,1.0000,1.0000,0.6890,1.0000,1.0000,1.0000,0.0000,1.4269
9600,CHAOTIC TIME,GROW,0,1.4378,1.0000,1.0000,0.6890,1.0000,1.0000,1.0000,0.0000,1.4274
9601,CHAOTIC TIME,SPREAD,0,1.4000,1.0000,1.0000,0.5000,1.0000,1.0000,1.0000,-0.0001,1.4261
9602,CHAOTIC TIME,GROW,0,1.4378,1.0000,1.0000,0.6890,1.0000,1.0000,1.0000,0.0000,1.4266
9603,CHAOTIC TIME,SPREAD,0,1.4000,1.0000,1.0000,0.5000,1.0000,1.0000,1.0000,-0.0001,1.4253
9604,CHAOTIC TIME,GROW,0,1.4378,1.0000,1.0000,0.6890,1.0000,1.0000,1.0000,0.0000,1.4259
9605,CHAOTIC TIME,GROW,0,1.4378,1.0000,1.0000,0.6890,1.0000,1.0000,1.0000,0.0000,1.4265
9606,CHAOTIC TIME,FAIL,0,1.4707,1.0000,1.0000,0.8536,1.0000,1.0000,1.0000,0.0001,1.4287
9607,CHAOTIC TIME,FAIL,0,1.4707,1.0000,1.0000,0.8536,1.0000,1.0000,1.0000,0.0001,1.4308
9608,CHAOTIC TIME,FAIL,0,1.4707,1.0000,1.0000,0.8536,1.0000,1.0000,1.0000,0.0001,1.4328
9609,CHAOTIC TIME,SPREAD,0,1.4000,1.0000,1.0000,0.5000,1.0000,1.0000,1.0000,-0.0001,1.4312
9610,CHAOTIC TIME,SPREAD,0,1.4000,1.0000,1.0000,0.5000,1.0000,1.0000,1.0000,-0.0001,1.4296
9611,CHAOTIC TIME,GROW,0,1.4378,1.0000,1.0000,0.6890,1.0000,1.0000,1.0000,0.0000,1.4300
9612,CHAOTIC TIME,FAIL,0,1.4707,1.0000,1.0000,0.8536,1.0000,1.0000,1.0000,0.0001,1.4321
9613,CHAOTIC TIME,GROW,0,1.4378,1.0000,1.0000,0.6890,1.0000,1.0000,1.0000,0.0000,1.4324
9614,CHAOTIC TIME,FAIL,0,1.4707,1.0000,1.0000,0.8536,1.0000,1.0000,1.0000,0.0001,1.4343
9615,CHAOTIC TIME,GROW,0,1.4378,1.0000,1.0000,0.6890,1.0000,1.0000,1.0000,0.0000,1.4345
9616,CHAOTIC TIME,SPREAD,0,1.4000,1.0000,1.0000,0.5000,1.0000,1.0000,1.0000,-0.0001,1.4327
9617,CHAOTIC TIME,FAIL,0,1.4707,1.0000,1.0000,0.8536,1.0000,1.0000,1.0000,0.0001,1.4346
9618,CHAOTIC TIME,SPREAD,0,1.4000,1.0000,1.0000,0.5000,1.0000,1.0000,1.0000,-0.0001,1.4329
9619,CHAOTIC TIME,GROW,0,1.4378,1.0000,1.0000,0.6890,1.0000,1.0000,1.0000,0.0000,1.4331
9620,CHAOTIC TIME,FAIL,0,1.4707,1.0000,1.0000,0.8536,1.0000,1.0000,1.0000,0.0001,1.4350
9621,CHAOTIC TIME,SPREAD,0,1.4000,1.0000,1.0000,0.5000,1.0000,1.0000,1.0000,-0.0001,1.4333
9622,CHAOTIC TIME,GROW,0,1.4378,1.0000,1.0000,0.6890,1.0000,1.0000,1.0000,0.0000,1.4335
9623,CHAOTIC TIME,SPREAD,0,1.4000,1.0000,1.0000,0.5000,1.0000,1.0000,1.0000,-0.0001,1.4318
9624,CHAOTIC TIME,SPREAD,0,1.4000,1.0000,1.0000,0.5000,1.0000,1.0000,1.0000,-0.0001,1.4302
9625,CHAOTIC TIME,GROW,0,1.4378,1.0000,1.0000,0.6890,1.0000,1.0000,1.0000,0.0000,1.4306
9626,CHAOTIC TIME,GROW,0,1.4378,1.0000,1.0000,0.6890,1.0000,1.0000,1.0000,0.0000,1.4310
9627,CHAOTIC TIME,SPREAD,0,1.4000,1.0000,1.0000,0.5000,1.0000,1.0000,1.0000,-0.0001,1.4294
9628,CHAOTIC TIME,GROW,0,1.4378,1.0000,1.0000,0.6890,1.0000,1.0000,1.0000,0.0000,1.4298
9629,CHAOTIC TIME,SPREAD,0,1.4000,1.0000,1.0000,0.5000,1.0000,1.0000,1.0000,-0.0001,1.4283
9630,CHAOTIC TIME,GROW,0,1.4378,1.0000,1.0000,0.6890,1.0000,1.0000,1.0000,0.0000,1.4288
9631,CHAOTIC TIME,GROW,0,1.4378,1.0000,1.0000,0.6890,1.0000,1.0000,1.0000,0.0000,1.4293
9632,CHAOTIC TIME,FAIL,0,1.4707,1.0000,1.0000,0.8536,1.0000,1.0000,1.0000,0.0001,1.4313
9633,CHAOTIC TIME,SPREAD,0,1.4000,1.0000,1.0000,0.5000,1.0000,1.0000,1.0000,-0.0001,1.4298
9634,CHAOTIC TIME,GROW,0,1.4378,1.0000,1.0000,0.6890,1.0000,1.0000,1.0000,0.0000,1.4302
9635,CHAOTIC TIME,SPREAD,0,1.4000,1.0000,1.0000,0.5000,1.0000,1.0000,1.0000,-0.0001,1.4287
9636,CHAOTIC TIME,GROW,0,1.4378,1.0000,1.0000,0.6890,1.0000,1.0000,1.0000,0.0000,1.4291
9637,CHAOTIC TIME,GROW,0,1.4378,1.0000,1.0000,0.6890,1.0000,1.0000,1.0000,0.0000,1.4296
9638,CHAOTIC TIME,GROW,0,1.4378,1.0000,1.0000,0.6890,1.0000,1.0000,1.0000,0.0000,1.4300
9639,CHAOTIC TIME,SPREAD,0,1.4000,1.0000,1.0000,0.5000,1.0000,1.0000,1.0000,-0.0001,1.4285
9640,CHAOTIC TIME,GROW,0,1.4378,1.0000,1.0000,0.6890,1.0000,1.0000,1.0000,0.0000,1.4289
9641,CHAOTIC TIME,GROW,0,1.4378,1.0000,1.0000,0.6890,1.0000,1.0000,1.0000,0.0000,1.4294
9642,CHAOTIC TIME,GROW,0,1.4378,1.0000,1.0000,0.6890,1.0000,1.0000,1.0000,0.0000,1.4298
9643,CHAOTIC TIME,GROW,0,1.4378,1.0000,1.0000,0.6890,1.0000,1.0000,1.0000,0.0000,1.4302
9644,CHAOTIC TIME,GROW,0,1.4378,1.0000,1.0000,0.6890,1.0000,1.0000,1.0000,0.0000,1.4306
9645,CHAOTIC TIME,SPREAD,0,1.4000,1.0000,1.0000,0.5000,1.0000,1.0000,1.0000,-0.0001,1.4291
9646,CHAOTIC TIME,GROW,0,1.4378,1.0000,1.0000,0.6890,1.0000,1.0000,1.0000,0.0000,1.4295
9647,CHAOTIC TIME,GROW,0,1.4378,1.0000,1.0000,0.6890,1.0000,1.0000,1.0000,0.0000,1.4299
9648,CHAOTIC TIME,FAIL,0,1.4707,1.0000,1.0000,0.8536,1.0000,1.0000,1.0000,0.0001,1.4319
9649,CHAOTIC TIME,FAIL,0,1.4707,1.0000,1.0000,0.8536,1.0000,1.0000,1.0000,0.0001,1.4339
9650,CHAOTIC TIME,GROW,0,1.4378,1.0000,1.0000,0.6890,1.0000,1.0000,1.0000,0.0000,1.4341
9651,CHAOTIC TIME,GROW,0,1.4378,1.0000,1.0000,0.6890,1.0000,1.0000,1.0000,0.0000,1.4343
9652,CHAOTIC TIME,SPREAD,0,1.4000,1.0000,1.0000,0.5000,1.0000,1.0000,1.0000,-0.0001,1.4326
9653,CHAOTIC TIME,GROW,0,1.4378,1.0000,1.0000,0.6890,1.0000,1.0000,1.0000,0.0000,1.4328
9654,CHAOTIC TIME,FAIL,0,1.4707,1.0000,1.0000,0.8536,1.0000,1.0000,1.0000,0.0001,1.4347
9655,CHAOTIC TIME,SPREAD,0,1.4000,1.0000,1.0000,0.5000,1.0000,1.0000,1.0000,-0.0001,1.4330
9656,CHAOTIC TIME,GROW,0,1.4378,1.0000,1.0000,0.6890,1.0000,1.0000,1.0000,0.0000,1.4332
9657,CHAOTIC TIME,GROW,0,1.4378,1.0000,1.0000,0.6890,1.0000,1.0000,1.0000,0.0000,1.4334
9658,CHAOTIC TIME,SPREAD,0,1.4000,1.0000,1.0000,0.5000,1.0000,1.0000,1.0000,-0.0001,1.4318
9659,CHAOTIC TIME,GROW,0,1.4378,1.0000,1.0000,0.6890,1.0000,1.0000,1.0000,0.0000,1.4321
9660,CHAOTIC TIME,SPREAD,0,1.4000,1.0000,1.0000,0.5000,1.0000,1.0000,1.0000,-0.0001,1.4305
9661,CHAOTIC TIME,GROW,0,1.4378,1.0000,1.0000,0.6890,1.0000,1.0000,1.0000,0.0000,1.4308
9662,CHAOTIC TIME,GROW,0,1.4378,1.0000,1.0000,0.6890,1.0000,1.0000,1.0000,0.0000,1.4312
9663,CHAOTIC TIME,FAIL,0,1.4707,1.0000,1.0000,0.8536,1.0000,1.0000,1.0000,0.0001,1.4332
9664,CHAOTIC TIME,SPREAD,0,1.4000,1.0000,1.0000,0.5000,1.0000,1.0000,1.0000,-0.0001,1.4315
9665,CHAOTIC TIME,GROW,0,1.4378,1.0000,1.0000,0.6890,1.0000,1.0000,1.0000,0.0000,1.4318
9666,CHAOTIC TIME,SPREAD,0,1.4000,1.0000,1.0000,0.5000,1.0000,1.0000,1.0000,-0.0001,1.4302
9667,CHAOTIC TIME,SPREAD,0,1.4000,1.0000,1.0000,0.5000,1.0000,1.0000,1.0000,-0.0001,1.4287
9668,CHAOTIC TIME,FAIL,0,1.4707,1.0000,1.0000,0.8536,1.0000,1.0000,1.0000,0.0001,1.4308
9669,CHAOTIC TIME,GROW,0,1.4378,1.0000,1.0000,0.6890,1.0000,1.0000,1.0000,0.0000,1.4312
9670,CHAOTIC TIME,GROW,0,1.4378,1.0000,1.0000,0.6890,1.0000,1.0000,1.0000,0.0000,1.4315
9671,CHAOTIC TIME,GROW,0,1.4378,1.0000,1.0000,0.6890,1.0000,1.0000,1.0000,0.0000,1.4318
9672,CHAOTIC TIME,GROW,0,1.4378,1.0000,1.0000,0.6890,1.0000,1.0000,1.0000,0.0000,1.4321
9673,CHAOTIC TIME,GROW,0,1.4378,1.0000,1.0000,0.6890,1.0000,1.0000,1.0000,0.0000,1.4324
9674,CHAOTIC TIME,SPREAD,0,1.4000,1.0000,1.0000,0.5000,1.0000,1.0000,1.0000,-0.0001,1.4308
9675,CHAOTIC TIME,GROW,0,1.4378,1.0000,1.0000,0.6890,1.0000,1.0000,1.0000,0.0000,1.4311
9676,CHAOTIC TIME,GROW,0,1.4378,1.0000,1.0000,0.6890,1.0000,1.0000,1.0000,0.0000,1.4315
9677,CHAOTIC TIME,GROW,0,1.4378,1.0000,1.0000,0.6890,1.0000,1.0000,1.0000,0.0000,1.4318
9678,CHAOTIC TIME,FAIL,0,1.4707,1.0000,1.0000,0.8536,1.0000,1.0000,1.0000,0.0001,1.4337
9679,CHAOTIC TIME,GROW,0,1.4378,1.0000,1.0000,0.6890,1.0000,1.0000,1.0000,0.0000,1.4339
9680,CHAOTIC TIME,FAIL,0,1.4707,1.0000,1.0000,0.8536,1.0000,1.0000,1.0000,0.0001,1.4358
9681,CHAOTIC TIME,GROW,0,1.4378,1.0000,1.0000,0.6890,1.0000,1.0000,1.0000,0.0000,1.4359
9682,CHAOTIC TIME,GROW,0,1.4378,1.0000,1.0000,0.6890,1.0000,1.0000,1.0000,0.0000,1.4360
9683,CHAOTIC TIME,GROW,0,1.4378,1.0000,1.0000,0.6890,1.0000,1.0000,1.0000,0.0000,1.4361
9684,CHAOTIC TIME,FAIL,0,1.4707,1.0000,1.0000,0.8536,1.0000,1.0000,1.0000,0.0001,1.4378
9685,CHAOTIC TIME,SPREAD,0,1.4000,1.0000,1.0000,0.5000,1.0000,1.0000,1.0000,-0.0001,1.4359
9686,CHAOTIC TIME,SPREAD,0,1.4000,1.0000,1.0000,0.5000,1.0000,1.0000,1.0000,-0.0001,1.4341
9687,CHAOTIC TIME,SPREAD,0,1.4000,1.0000,1.0000,0.5000,1.0000,1.0000,1.0000,-0.0001,1.4324
9688,CHAOTIC TIME,SPREAD,0,1.4000,1.0000,1.0000,0.5000,1.0000,1.0000,1.0000,-0.0001,1.4308
9689,CHAOTIC TIME,SPREAD,0,1.4000,1.0000,1.0000,0.5000,1.0000,1.0000,1.0000,-0.0001,1.4292
9690,CHAOTIC TIME,GROW,0,1.4378,1.0000,1.0000,0.6890,1.0000,1.0000,1.0000,0.0000,1.4297
9691,CHAOTIC TIME,SPREAD,0,1.4000,1.0000,1.0000,0.5000,1.0000,1.0000,1.0000,-0.0001,1.4282
9692,CHAOTIC TIME,GROW,0,1.4378,1.0000,1.0000,0.6890,1.0000,1.0000,1.0000,0.0000,1.4287
9693,CHAOTIC TIME,GROW,0,1.4378,1.0000,1.0000,0.6890,1.0000,1.0000,1.0000,0.0000,1.4291
9694,CHAOTIC TIME,GROW,0,1.4378,1.0000,1.0000,0.6890,1.0000,1.0000,1.0000,0.0000,1.4296
9695,CHAOTIC TIME,GROW,0,1.4378,1.0000,1.0000,0.6890,1.0000,1.0000,1.0000,0.0000,1.4300
9696,CHAOTIC TIME,SPREAD,0,1.4000,1.0000,1.0000,0.5000,1.0000,1.0000,1.0000,-0.0001,1.4285
9697,CHAOTIC TIME,FAIL,0,1.4707,1.0000,1.0000,0.8536,1.0000,1.0000,1.0000,0.0001,1.4306
9698,CHAOTIC TIME,SPREAD,0,1.4000,1.0000,1.0000,0.5000,1.0000,1.0000,1.0000,-0.0001,1.4291
9699,CHAOTIC TIME,GROW,0,1.4378,1.0000,1.0000,0.6890,1.0000,1.0000,1.0000,0.0000,1.4295
9700,CHAOTIC TIME,SPREAD,0,1.4000,1.0000,1.0000,0.5000,1.0000,1.0000,1.0000,-0.0001,1.4280
9701,CHAOTIC TIME,SPREAD,0,1.4000,1.0000,1.0000,0.5000,1.0000,1.0000,1.0000,-0.0001,1.4266
9702,CHAOTIC TIME,GROW,0,1.4378,1.0000,1.0000,0.6890,1.0000,1.0000,1.0000,0.0000,1.4272
9703,CHAOTIC TIME,GROW,0,1.4378,1.0000,1.0000,0.6890,1.0000,1.0000,1.0000,0.0000,1.4277
9704,CHAOTIC TIME,GROW,0,1.4378,1.0000,1.0000,0.6890,1.0000,1.0000,1.0000,0.0000,1.4282
9705,CHAOTIC TIME,GROW,0,1.4378,1.0000,1.0000,0.6890,1.0000,1.0000,1.0000,0.0000,1.4287
9706,CHAOTIC TIME,GROW,0,1.4378,1.0000,1.0000,0.6890,1.0000,1.0000,1.0000,0.0000,1.4291
9707,CHAOTIC TIME,GROW,0,1.4378,1.0000,1.0000,0.6890,1.0000,1.0000,1.0000,0.0000,1.4296
9708,CHAOTIC TIME,FAIL,0,1.4707,1.0000,1.0000,0.8536,1.0000,1.0000,1.0000,0.0001,1.4316
9709,CHAOTIC TIME,GROW,0,1.4378,1.0000,1.0000,0.6890,1.0000,1.0000,1.0000,0.0000,1.4319
9710,CHAOTIC TIME,SPREAD,0,1.4000,1.0000,1.0000,0.5000,1.0000,1.0000,1.0000,-0.0001,1.4303
9711,CHAOTIC TIME,SPREAD,0,1.4000,1.0000,1.0000,0.5000,1.0000,1.0000,1.0000,-0.0001,1.4288
9712,CHAOTIC TIME,SPREAD,0,1.4000,1.0000,1.0000,0.5000,1.0000,1.0000,1.0000,-0.0001,1.4274
9713,CHAOTIC TIME,GROW,0,1.4378,1.0000,1.0000,0.6890,1.0000,1.0000,1.0000,0.0000,1.4279
9714,CHAOTIC TIME,GROW,0,1.4378,1.0000,1.0000,0.6890,1.0000,1.0000,1.0000,0.0000,1.4284
9715,CHAOTIC TIME,GROW,0,1.4378,1.0000,1.0000,0.6890,1.0000,1.0000,1.0000,0.0000,1.4289
9716,CHAOTIC TIME,FAIL,0,1.4707,1.0000,1.0000,0.8536,1.0000,1.0000,1.0000,0.0001,1.4310
9717,CHAOTIC TIME,GROW,0,1.4378,1.0000,1.0000,0.6890,1.0000,1.0000,1.0000,0.0000,1.4313
9718,CHAOTIC TIME,FAIL,0,1.4707,1.0000,1.0000,0.8536,1.0000,1.0000,1.0000,0.0001,1.4333
9719,CHAOTIC TIME,FAIL,0,1.4707,1.0000,1.0000,0.8536,1.0000,1.0000,1.0000,0.0001,1.4351
9720,CHAOTIC TIME,GROW,0,1.4378,1.0000,1.0000,0.6890,1.0000,1.0000,1.0000,0.0000,1.4353
9721,CHAOTIC TIME,SPREAD,0,1.4000,1.0000,1.0000,0.5000,1.0000,1.0000,1.0000,-0.0001,1.4335
9722,CHAOTIC TIME,SPREAD,0,1.4000,1.0000,1.0000,0.5000,1.0000,1.0000,1.0000,-0.0001,1.4318
9723,CHAOTIC TIME,SPREAD,0,1.4000,1.0000,1.0000,0.5000,1.0000,1.0000,1.0000,-0.0001,1.4302
9724,CHAOTIC TIME,GROW,0,1.4378,1.0000,1.0000,0.6890,1.0000,1.0000,1.0000,0.0000,1.4306
9725,CHAOTIC TIME,GROW,0,1.4378,1.0000,1.0000,0.6890,1.0000,1.0000,1.0000,0.0000,1.4310
9726,CHAOTIC TIME,SPREAD,0,1.4000,1.0000,1.0000,0.5000,1.0000,1.0000,1.0000,-0.0001,1.4294
9727,CHAOTIC TIME,FAIL,0,1.4707,1.0000,1.0000,0.8536,1.0000,1.0000,1.0000,0.0001,1.4315
9728,CHAOTIC TIME,GROW,0,1.4378,1.0000,1.0000,0.6890,1.0000,1.0000,1.0000,0.0000,1.4318
9729,CHAOTIC TIME,GROW,0,1.4378,1.0000,1.0000,0.6890,1.0000,1.0000,1.0000,0.0000,1.4321
9730,CHAOTIC TIME,SPREAD,0,1.4000,1.0000,1.0000,0.5000,1.0000,1.0000,1.0000,-0.0001,1.4305
9731,CHAOTIC TIME,SPREAD,0,1.4000,1.0000,1.0000,0.5000,1.0000,1.0000,1.0000,-0.0001,1.4290
9732,CHAOTIC TIME,GROW,0,1.4378,1.0000,1.0000,0.6890,1.0000,1.0000,1.0000,0.0000,1.4294
9733,CHAOTIC TIME,GROW,0,1.4378,1.0000,1.0000,0.6890,1.0000,1.0000,1.0000,0.0000,1.4298
9734,CHAOTIC TIME,SPREAD,0,1.4000,1.0000,1.0000,0.5000,1.0000,1.0000,1.0000,-0.0001,1.4283
9735,CHAOTIC TIME,FAIL,0,1.4707,1.0000,1.0000,0.8536,1.0000,1.0000,1.0000,0.0001,1.4305
9736,CHAOTIC TIME,GROW,0,1.4378,1.0000,1.0000,0.6890,1.0000,1.0000,1.0000,0.0000,1.4308
9737,CHAOTIC TIME,SPREAD,0,1.4000,1.0000,1.0000,0.5000,1.0000,1.0000,1.0000,-0.0001,1.4293
9738,CHAOTIC TIME,SPREAD,0,1.4000,1.0000,1.0000,0.5000,1.0000,1.0000,1.0000,-0.0001,1.4278
9739,CHAOTIC TIME,SPREAD,0,1.4000,1.0000,1.0000,0.5000,1.0000,1.0000,1.0000,-0.0001,1.4264
9740,CHAOTIC TIME,GROW,0,1.4378,1.0000,1.0000,0.6890,1.0000,1.0000,1.0000,0.0000,1.4270
9741,CHAOTIC TIME,GROW,0,1.4378,1.0000,1.0000,0.6890,1.0000,1.0000,1.0000,0.0000,1.4275
9742,CHAOTIC TIME,GROW,0,1.4378,1.0000,1.0000,0.6890,1.0000,1.0000,1.0000,0.0000,1.4281
9743,CHAOTIC TIME,GROW,0,1.4378,1.0000,1.0000,0.6890,1.0000,1.0000,1.0000,0.0000,1.4285
9744,CHAOTIC TIME,FAIL,0,1.4707,1.0000,1.0000,0.8536,1.0000,1.0000,1.0000,0.0001,1.4307
9745,CHAOTIC TIME,GROW,0,1.4378,1.0000,1.0000,0.6890,1.0000,1.0000,1.0000,0.0000,1.4310
9746,CHAOTIC TIME,SPREAD,0,1.4000,1.0000,1.0000,0.5000,1.0000,1.0000,1.0000,-0.0001,1.4295
9747,CHAOTIC TIME,GROW,0,1.4378,1.0000,1.0000,0.6890,1.0000,1.0000,1.0000,0.0000,1.4299
9748,CHAOTIC TIME,GROW,0,1.4378,1.0000,1.0000,0.6890,1.0000,1.0000,1.0000,0.0000,1.4303
9749,CHAOTIC TIME,SPREAD,0,1.4000,1.0000,1.0000,0.5000,1.0000,1.0000,1.0000,-0.0001,1.4288
9750,CHAOTIC TIME,GROW,0,1.4378,1.0000,1.0000,0.6890,1.0000,1.0000,1.0000,0.0000,1.4292
9751,CHAOTIC TIME,FAIL,0,1.4707,1.0000,1.0000,0.8536,1.0000,1.0000,1.0000,0.0001,1.4313
9752,CHAOTIC TIME,GROW,0,1.4378,1.0000,1.0000,0.6890,1.0000,1.0000,1.0000,0.0000,1.4316
9753,CHAOTIC TIME,GROW,0,1.4378,1.0000,1.0000,0.6890,1.0000,1.0000,1.0000,0.0000,1.4319
9754,CHAOTIC TIME,GROW,0,1.4378,1.0000,1.0000,0.6890,1.0000,1.0000,1.0000,0.0000,1.4322
9755,CHAOTIC TIME,FAIL,0,1.4707,1.0000,1.0000,0.8536,1.0000,1.0000,1.0000,0.0001,1.4341
9756,CHAOTIC TIME,GROW,0,1.4378,1.0000,1.0000,0.6890,1.0000,1.0000,1.0000,0.0000,1.4343
9757,CHAOTIC TIME,SPREAD,0,1.4000,1.0000,1.0000,0.5000,1.0000,1.0000,1.0000,-0.0001,1.4326
9758,CHAOTIC TIME,GROW,0,1.4378,1.0000,1.0000,0.6890,1.0000,1.0000,1.0000,0.0000,1.4329
9759,CHAOTIC TIME,SPREAD,0,1.4000,1.0000,1.0000,0.5000,1.0000,1.0000,1.0000,-0.0001,1.4312
9760,CHAOTIC TIME,GROW,0,1.4378,1.0000,1.0000,0.6890,1.0000,1.0000,1.0000,0.0000,1.4316
9761,CHAOTIC TIME,GROW,0,1.4378,1.0000,1.0000,0.6890,1.0000,1.0000,1.0000,0.0000,1.4319
9762,CHAOTIC TIME,GROW,0,1.4378,1.0000,1.0000,0.6890,1.0000,1.0000,1.0000,0.0000,1.4322
9763,CHAOTIC TIME,SPREAD,0,1.4000,1.0000,1.0000,0.5000,1.0000,1.0000,1.0000,-0.0001,1.4306
9764,CHAOTIC TIME,FAIL,0,1.4707,1.0000,1.0000,0.8536,1.0000,1.0000,1.0000,0.0001,1.4326
9765,CHAOTIC TIME,FAIL,0,1.4707,1.0000,1.0000,0.8536,1.0000,1.0000,1.0000,0.0001,1.4345
9766,CHAOTIC TIME,GROW,0,1.4378,1.0000,1.0000,0.6890,1.0000,1.0000,1.0000,0.0000,1.4346
9767,CHAOTIC TIME,FAIL,0,1.4707,1.0000,1.0000,0.8536,1.0000,1.0000,1.0000,0.0001,1.4364
9768,CHAOTIC TIME,GROW,0,1.4378,1.0000,1.0000,0.6890,1.0000,1.0000,1.0000,0.0000,1.4365
9769,CHAOTIC TIME,SPREAD,0,1.4000,1.0000,1.0000,0.5000,1.0000,1.0000,1.0000,-0.0001,1.4347
9770,CHAOTIC TIME,GROW,0,1.4378,1.0000,1.0000,0.6890,1.0000,1.0000,1.0000,0.0000,1.4348
9771,CHAOTIC TIME,GROW,0,1.4378,1.0000,1.0000,0.6890,1.0000,1.0000,1.0000,0.0000,1.4350
9772,CHAOTIC TIME,GROW,0,1.4378,1.0000,1.0000,0.6890,1.0000,1.0000,1.0000,0.0000,1.4351
9773,CHAOTIC TIME,SPREAD,0,1.4000,1.0000,1.0000,0.5000,1.0000,1.0000,1.0000,-0.0001,1.4334
9774,CHAOTIC TIME,SPREAD,0,1.4000,1.0000,1.0000,0.5000,1.0000,1.0000,1.0000,-0.0001,1.4317
9775,CHAOTIC TIME,GROW,0,1.4378,1.0000,1.0000,0.6890,1.0000,1.0000,1.0000,0.0000,1.4320
9776,CHAOTIC TIME,GROW,0,1.4378,1.0000,1.0000,0.6890,1.0000,1.0000,1.0000,0.0000,1.4323
9777,CHAOTIC TIME,GROW,0,1.4378,1.0000,1.0000,0.6890,1.0000,1.0000,1.0000,0.0000,1.4326
9778,CHAOTIC TIME,FAIL,0,1.4707,1.0000,1.0000,0.8536,1.0000,1.0000,1.0000,0.0001,1.4345
9779,CHAOTIC TIME,SPREAD,0,1.4000,1.0000,1.0000,0.5000,1.0000,1.0000,1.0000,-0.0001,1.4328
9780,CHAOTIC TIME,FAIL,0,1.4707,1.0000,1.0000,0.8536,1.0000,1.0000,1.0000,0.0001,1.4347
9781,CHAOTIC TIME,GROW,0,1.4378,1.0000,1.0000,0.6890,1.0000,1.0000,1.0000,0.0000,1.4348
9782,CHAOTIC TIME,GROW,0,1.4378,1.0000,1.0000,0.6890,1.0000,1.0000,1.0000,0.0000,1.4350
9783,CHAOTIC TIME,FAIL,0,1.4707,1.0000,1.0000,0.8536,1.0000,1.0000,1.0000,0.0001,1.4367
9784,CHAOTIC TIME,FAIL,0,1.4707,1.0000,1.0000,0.8536,1.0000,1.0000,1.0000,0.0001,1.4384
9785,CHAOTIC TIME,SPREAD,0,1.4000,1.0000,1.0000,0.5000,1.0000,1.0000,1.0000,-0.0001,1.4365
9786,CHAOTIC TIME,GROW,0,1.4378,1.0000,1.0000,0.6890,1.0000,1.0000,1.0000,0.0000,1.4366
9787,CHAOTIC TIME,GROW,0,1.4378,1.0000,1.0000,0.6890,1.0000,1.0000,1.0000,0.0000,1.4366
9788,CHAOTIC TIME,GROW,0,1.4378,1.0000,1.0000,0.6890,1.0000,1.0000,1.0000,0.0000,1.4367
9789,CHAOTIC TIME,SPREAD,0,1.4000,1.0000,1.0000,0.5000,1.0000,1.0000,1.0000,-0.0001,1.4349
9790,CHAOTIC TIME,GROW,0,1.4378,1.0000,1.0000,0.6890,1.0000,1.0000,1.0000,0.0000,1.4350
9791,CHAOTIC TIME,GROW,0,1.4378,1.0000,1.0000,0.6890,1.0000,1.0000,1.0000,0.0000,1.4352
9792,CHAOTIC TIME,GROW,0,1.4378,1.0000,1.0000,0.6890,1.0000,1.0000,1.0000,0.0000,1.4353
9793,CHAOTIC TIME,FAIL,0,1.4707,1.0000,1.0000,0.8536,1.0000,1.0000,1.0000,0.0001,1.4371
9794,CHAOTIC TIME,SPREAD,0,1.4000,1.0000,1.0000,0.5000,1.0000,1.0000,1.0000,-0.0001,1.4352
9795,CHAOTIC TIME,GROW,0,1.4378,1.0000,1.0000,0.6890,1.0000,1.0000,1.0000,0.0000,1.4353
9796,CHAOTIC TIME,GROW,0,1.4378,1.0000,1.0000,0.6890,1.0000,1.0000,1.0000,0.0000,1.4355
9797,CHAOTIC TIME,FAIL,0,1.4707,1.0000,1.0000,0.8536,1.0000,1.0000,1.0000,0.0001,1.4372
9798,CHAOTIC TIME,GROW,0,1.4378,1.0000,1.0000,0.6890,1.0000,1.0000,1.0000,0.0000,1.4372
9799,CHAOTIC TIME,SPREAD,0,1.4000,1.0000,1.0000,0.5000,1.0000,1.0000,1.0000,-0.0001,1.4354
9800,CHAOTIC TIME,GROW,0,1.4378,1.0000,1.0000,0.6890,1.0000,1.0000,1.0000,0.0000,1.4355
9801,CHAOTIC TIME,GROW,0,1.4378,1.0000,1.0000,0.6890,1.0000,1.0000,1.0000,0.0000,1.4356
9802,CHAOTIC TIME,SPREAD,0,1.4000,1.0000,1.0000,0.5000,1.0000,1.0000,1.0000,-0.0001,1.4338
9803,CHAOTIC TIME,FAIL,0,1.4707,1.0000,1.0000,0.8536,1.0000,1.0000,1.0000,0.0001,1.4357
9804,CHAOTIC TIME,GROW,0,1.4378,1.0000,1.0000,0.6890,1.0000,1.0000,1.0000,0.0000,1.4358
9805,CHAOTIC TIME,GROW,0,1.4378,1.0000,1.0000,0.6890,1.0000,1.0000,1.0000,0.0000,1.4359
9806,CHAOTIC TIME,GROW,0,1.4378,1.0000,1.0000,0.6890,1.0000,1.0000,1.0000,0.0000,1.4360
9807,CHAOTIC TIME,SPREAD,0,1.4000,1.0000,1.0000,0.5000,1.0000,1.0000,1.0000,-0.0001,1.4342
9808,CHAOTIC TIME,GROW,0,1.4378,1.0000,1.0000,0.6890,1.0000,1.0000,1.0000,0.0000,1.4344
9809,CHAOTIC TIME,GROW,0,1.4378,1.0000,1.0000,0.6890,1.0000,1.0000,1.0000,0.0000,1.4345
9810,CHAOTIC TIME,GROW,0,1.4378,1.0000,1.0000,0.6890,1.0000,1.0000,1.0000,0.0000,1.4347
9811,CHAOTIC TIME,GROW,0,1.4378,1.0000,1.0000,0.6890,1.0000,1.0000,1.0000,0.0000,1.4349
9812,CHAOTIC TIME,GROW,0,1.4378,1.0000,1.0000,0.6890,1.0000,1.0000,1.0000,0.0000,1.4350
9813,CHAOTIC TIME,SPREAD,0,1.4000,1.0000,1.0000,0.5000,1.0000,1.0000,1.0000,-0.0001,1.4333
9814,CHAOTIC TIME,GROW,0,1.4378,1.0000,1.0000,0.6890,1.0000,1.0000,1.0000,0.0000,1.4335
9815,CHAOTIC TIME,GROW,0,1.4378,1.0000,1.0000,0.6890,1.0000,1.0000,1.0000,0.0000,1.4337
9816,CHAOTIC TIME,SPREAD,0,1.4000,1.0000,1.0000,0.5000,1.0000,1.0000,1.0000,-0.0001,1.4320
9817,CHAOTIC TIME,GROW,0,1.4378,1.0000,1.0000,0.6890,1.0000,1.0000,1.0000,0.0000,1.4323
9818,CHAOTIC TIME,GROW,0,1.4378,1.0000,1.0000,0.6890,1.0000,1.0000,1.0000,0.0000,1.4326
9819,CHAOTIC TIME,SPREAD,0,1.4000,1.0000,1.0000,0.5000,1.0000,1.0000,1.0000,-0.0001,1.4309
9820,CHAOTIC TIME,GROW,0,1.4378,1.0000,1.0000,0.6890,1.0000,1.0000,1.0000,0.0000,1.4313
9821,CHAOTIC TIME,SPREAD,0,1.4000,1.0000,1.0000,0.5000,1.0000,1.0000,1.0000,-0.0001,1.4297
9822,CHAOTIC TIME,FAIL,0,1.4707,1.0000,1.0000,0.8536,1.0000,1.0000,1.0000,0.0001,1.4318
9823,CHAOTIC TIME,SPREAD,0,1.4000,1.0000,1.0000,0.5000,1.0000,1.0000,1.0000,-0.0001,1.4302
9824,CHAOTIC TIME,GROW,0,1.4378,1.0000,1.0000,0.6890,1.0000,1.0000,1.0000,0.0000,1.4306
9825,CHAOTIC TIME,FAIL,0,1.4707,1.0000,1.0000,0.8536,1.0000,1.0000,1.0000,0.0001,1.4326
9826,CHAOTIC TIME,SPREAD,0,1.4000,1.0000,1.0000,0.5000,1.0000,1.0000,1.0000,-0.0001,1.4309
9827,CHAOTIC TIME,GROW,0,1.4378,1.0000,1.0000,0.6890,1.0000,1.0000,1.0000,0.0000,1.4313
9828,CHAOTIC TIME,FAIL,0,1.4707,1.0000,1.0000,0.8536,1.0000,1.0000,1.0000,0.0001,1.4333
9829,CHAOTIC TIME,GROW,0,1.4378,1.0000,1.0000,0.6890,1.0000,1.0000,1.0000,0.0000,1.4335
9830,CHAOTIC TIME,GROW,0,1.4378,1.0000,1.0000,0.6890,1.0000,1.0000,1.0000,0.0000,1.4337
9831,CHAOTIC TIME,SPREAD,0,1.4000,1.0000,1.0000,0.5000,1.0000,1.0000,1.0000,-0.0001,1.4320
9832,CHAOTIC TIME,GROW,0,1.4378,1.0000,1.0000,0.6890,1.0000,1.0000,1.0000,0.0000,1.4323
9833,CHAOTIC TIME,SPREAD,0,1.4000,1.0000,1.0000,0.5000,1.0000,1.0000,1.0000,-0.0001,1.4307
9834,CHAOTIC TIME,SPREAD,0,1.4000,1.0000,1.0000,0.5000,1.0000,1.0000,1.0000,-0.0001,1.4292
9835,CHAOTIC TIME,GROW,0,1.4378,1.0000,1.0000,0.6890,1.0000,1.0000,1.0000,0.0000,1.4296
9836,CHAOTIC TIME,GROW,0,1.4378,1.0000,1.0000,0.6890,1.0000,1.0000,1.0000,0.0000,1.4300
9837,CHAOTIC TIME,SPREAD,0,1.4000,1.0000,1.0000,0.5000,1.0000,1.0000,1.0000,-0.0001,1.4285
9838,CHAOTIC TIME,SPREAD,0,1.4000,1.0000,1.0000,0.5000,1.0000,1.0000,1.0000,-0.0001,1.4271
9839,CHAOTIC TIME,GROW,0,1.4378,1.0000,1.0000,0.6890,1.0000,1.0000,1.0000,0.0000,1.4276
9840,CHAOTIC TIME,SPREAD,0,1.4000,1.0000,1.0000,0.5000,1.0000,1.0000,1.0000,-0.0001,1.4262
9841,CHAOTIC TIME,FAIL,0,1.4707,1.0000,1.0000,0.8536,1.0000,1.0000,1.0000,0.0001,1.4285
9842,CHAOTIC TIME,GROW,0,1.4378,1.0000,1.0000,0.6890,1.0000,1.0000,1.0000,0.0000,1.4289
9843,CHAOTIC TIME,GROW,0,1.4378,1.0000,1.0000,0.6890,1.0000,1.0000,1.0000,0.0000,1.4294
9844,CHAOTIC TIME,GROW,0,1.4378,1.0000,1.0000,0.6890,1.0000,1.0000,1.0000,0.0000,1.4298
9845,CHAOTIC TIME,SPREAD,0,1.4000,1.0000,1.0000,0.5000,1.0000,1.0000,1.0000,-0.0001,1.4283
9846,CHAOTIC TIME,GROW,0,1.4378,1.0000,1.0000,0.6890,1.0000,1.0000,1.0000,0.0000,1.4288
9847,CHAOTIC TIME,GROW,0,1.4378,1.0000,1.0000,0.6890,1.0000,1.0000,1.0000,0.0000,1.4292
9848,CHAOTIC TIME,SPREAD,0,1.4000,1.0000,1.0000,0.5000,1.0000,1.0000,1.0000,-0.0001,1.4278
9849,CHAOTIC TIME,GROW,0,1.4378,1.0000,1.0000,0.6890,1.0000,1.0000,1.0000,0.0000,1.4283
9850,CHAOTIC TIME,FAIL,0,1.4707,1.0000,1.0000,0.8536,1.0000,1.0000,1.0000,0.0001,1.4304
9851,CHAOTIC TIME,GROW,0,1.4378,1.0000,1.0000,0.6890,1.0000,1.0000,1.0000,0.0000,1.4308
9852,CHAOTIC TIME,GROW,0,1.4378,1.0000,1.0000,0.6890,1.0000,1.0000,1.0000,0.0000,1.4311
9853,CHAOTIC TIME,SPREAD,0,1.4000,1.0000,1.0000,0.5000,1.0000,1.0000,1.0000,-0.0001,1.4296
9854,CHAOTIC TIME,GROW,0,1.4378,1.0000,1.0000,0.6890,1.0000,1.0000,1.0000,0.0000,1.4300
9855,CHAOTIC TIME,GROW,0,1.4378,1.0000,1.0000,0.6890,1.0000,1.0000,1.0000,0.0000,1.4304
9856,CHAOTIC TIME,SPREAD,0,1.4000,1.0000,1.0000,0.5000,1.0000,1.0000,1.0000,-0.0001,1.4288
9857,CHAOTIC TIME,GROW,0,1.4378,1.0000,1.0000,0.6890,1.0000,1.0000,1.0000,0.0000,1.4293
9858,CHAOTIC TIME,SPREAD,0,1.4000,1.0000,1.0000,0.5000,1.0000,1.0000,1.0000,-0.0001,1.4278
9859,CHAOTIC TIME,GROW,0,1.4378,1.0000,1.0000,0.6890,1.0000,1.0000,1.0000,0.0000,1.4283
9860,CHAOTIC TIME,GROW,0,1.4378,1.0000,1.0000,0.6890,1.0000,1.0000,1.0000,0.0000,1.4288
9861,CHAOTIC TIME,GROW,0,1.4378,1.0000,1.0000,0.6890,1.0000,1.0000,1.0000,0.0000,1.4292
9862,CHAOTIC TIME,SPREAD,0,1.4000,1.0000,1.0000,0.5000,1.0000,1.0000,1.0000,-0.0001,1.4278
9863,CHAOTIC TIME,GROW,0,1.4378,1.0000,1.0000,0.6890,1.0000,1.0000,1.0000,0.0000,1.4283
9864,CHAOTIC TIME,GROW,0,1.4378,1.0000,1.0000,0.6890,1.0000,1.0000,1.0000,0.0000,1.4288
9865,CHAOTIC TIME,SPREAD,0,1.4000,1.0000,1.0000,0.5000,1.0000,1.0000,1.0000,-0.0001,1.4273
9866,CHAOTIC TIME,SPREAD,0,1.4000,1.0000,1.0000,0.5000,1.0000,1.0000,1.0000,-0.0001,1.4260
9867,CHAOTIC TIME,GROW,0,1.4378,1.0000,1.0000,0.6890,1.0000,1.0000,1.0000,0.0000,1.4265
9868,CHAOTIC TIME,SPREAD,0,1.4000,1.0000,1.0000,0.5000,1.0000,1.0000,1.0000,-0.0001,1.4252
9869,CHAOTIC TIME,GROW,0,1.4378,1.0000,1.0000,0.6890,1.0000,1.0000,1.0000,0.0000,1.4258
9870,CHAOTIC TIME,GROW,0,1.4378,1.0000,1.0000,0.6890,1.0000,1.0000,1.0000,0.0000,1.4264
9871,CHAOTIC TIME,SPREAD,0,1.4000,1.0000,1.0000,0.5000,1.0000,1.0000,1.0000,-0.0001,1.4251
9872,CHAOTIC TIME,GROW,0,1.4378,1.0000,1.0000,0.6890,1.0000,1.0000,1.0000,0.0000,1.4258
9873,CHAOTIC TIME,GROW,0,1.4378,1.0000,1.0000,0.6890,1.0000,1.0000,1.0000,0.0000,1.4264
9874,CHAOTIC TIME,GROW,0,1.4378,1.0000,1.0000,0.6890,1.0000,1.0000,1.0000,0.0000,1.4269
9875,CHAOTIC TIME,GROW,0,1.4378,1.0000,1.0000,0.6890,1.0000,1.0000,1.0000,0.0000,1.4275
9876,CHAOTIC TIME,GROW,0,1.4378,1.0000,1.0000,0.6890,1.0000,1.0000,1.0000,0.0000,1.4280
9877,CHAOTIC TIME,GROW,0,1.4378,1.0000,1.0000,0.6890,1.0000,1.0000,1.0000,0.0000,1.4285
9878,CHAOTIC TIME,GROW,0,1.4378,1.0000,1.0000,0.6890,1.0000,1.0000,1.0000,0.0000,1.4289
9879,CHAOTIC TIME,GROW,0,1.4378,1.0000,1.0000,0.6890,1.0000,1.0000,1.0000,0.0000,1.4294
9880,CHAOTIC TIME,SPREAD,0,1.4000,1.0000,1.0000,0.5000,1.0000,1.0000,1.0000,-0.0001,1.4279
9881,CHAOTIC TIME,SPREAD,0,1.4000,1.0000,1.0000,0.5000,1.0000,1.0000,1.0000,-0.0001,1.4265
9882,CHAOTIC TIME,GROW,0,1.4378,1.0000,1.0000,0.6890,1.0000,1.0000,1.0000,0.0000,1.4271
9883,CHAOTIC TIME,SPREAD,0,1.4000,1.0000,1.0000,0.5000,1.0000,1.0000,1.0000,-0.0001,1.4257
9884,CHAOTIC TIME,SPREAD,0,1.4000,1.0000,1.0000,0.5000,1.0000,1.0000,1.0000,-0.0001,1.4244
9885,CHAOTIC TIME,GROW,0,1.4378,1.0000,1.0000,0.6890,1.0000,1.0000,1.0000,0.0000,1.4251
9886,CHAOTIC TIME,GROW,0,1.4378,1.0000,1.0000,0.6890,1.0000,1.0000,1.0000,0.0000,1.4257
9887,CHAOTIC TIME,GROW,0,1.4378,1.0000,1.0000,0.6890,1.0000,1.0000,1.0000,0.0000,1.4264
9888,CHAOTIC TIME,SPREAD,0,1.4000,1.0000,1.0000,0.5000,1.0000,1.0000,1.0000,-0.0001,1.4250
9889,CHAOTIC TIME,SPREAD,0,1.4000,1.0000,1.0000,0.5000,1.0000,1.0000,1.0000,-0.0001,1.4238
9890,CHAOTIC TIME,GROW,0,1.4378,1.0000,1.0000,0.6890,1.0000,1.0000,1.0000,0.0000,1.4245
9891,CHAOTIC TIME,SPREAD,0,1.4000,1.0000,1.0000,0.5000,1.0000,1.0000,1.0000,-0.0001,1.4233
9892,CHAOTIC TIME,GROW,0,1.4378,1.0000,1.0000,0.6890,1.0000,1.0000,1.0000,0.0000,1.4240
9893,CHAOTIC TIME,SPREAD,0,1.4000,1.0000,1.0000,0.5000,1.0000,1.0000,1.0000,-0.0001,1.4228
9894,CHAOTIC TIME,GROW,0,1.4378,1.0000,1.0000,0.6890,1.0000,1.0000,1.0000,0.0000,1.4235
9895,CHAOTIC TIME,GROW,0,1.4378,1.0000,1.0000,0.6890,1.0000,1.0000,1.0000,0.0000,1.4242
9896,CHAOTIC TIME,GROW,0,1.4378,1.0000,1.0000,0.6890,1.0000,1.0000,1.0000,0.0000,1.4249
9897,CHAOTIC TIME,FAIL,0,1.4707,1.0000,1.0000,0.8536,1.0000,1.0000,1.0000,0.0001,1.4272
9898,CHAOTIC TIME,SPREAD,0,1.4000,1.0000,1.0000,0.5000,1.0000,1.0000,1.0000,-0.0001,1.4259
9899,CHAOTIC TIME,GROW,0,1.4378,1.0000,1.0000,0.6890,1.0000,1.0000,1.0000,0.0000,1.4265
9900,CHAOTIC TIME,SPREAD,0,1.4000,1.0000,1.0000,0.5000,1.0000,1.0000,1.0000,-0.0001,1.4251
9901,CHAOTIC TIME,SPREAD,0,1.4000,1.0000,1.0000,0.5000,1.0000,1.0000,1.0000,-0.0001,1.4239
9902,CHAOTIC TIME,FAIL,0,1.4707,1.0000,1.0000,0.8536,1.0000,1.0000,1.0000,0.0001,1.4262
9903,CHAOTIC TIME,SPREAD,0,1.4000,1.0000,1.0000,0.5000,1.0000,1.0000,1.0000,-0.0001,1.4249
9904,CHAOTIC TIME,GROW,0,1.4378,1.0000,1.0000,0.6890,1.0000,1.0000,1.0000,0.0000,1.4255
9905,CHAOTIC TIME,GROW,0,1.4378,1.0000,1.0000,0.6890,1.0000,1.0000,1.0000,0.0000,1.4262
9906,CHAOTIC TIME,SPREAD,0,1.4000,1.0000,1.0000,0.5000,1.0000,1.0000,1.0000,-0.0001,1.4249
9907,CHAOTIC TIME,SPREAD,0,1.4000,1.0000,1.0000,0.5000,1.0000,1.0000,1.0000,-0.0001,1.4236
9908,CHAOTIC TIME,GROW,0,1.4378,1.0000,1.0000,0.6890,1.0000,1.0000,1.0000,0.0000,1.4243
9909,CHAOTIC TIME,GROW,0,1.4378,1.0000,1.0000,0.6890,1.0000,1.0000,1.0000,0.0000,1.4250
9910,CHAOTIC TIME,GROW,0,1.4378,1.0000,1.0000,0.6890,1.0000,1.0000,1.0000,0.0000,1.4256
9911,CHAOTIC TIME,FAIL,0,1.4707,1.0000,1.0000,0.8536,1.0000,1.0000,1.0000,0.0001,1.4279
9912,CHAOTIC TIME,SPREAD,0,1.4000,1.0000,1.0000,0.5000,1.0000,1.0000,1.0000,-0.0001,1.4265
9913,CHAOTIC TIME,GROW,0,1.4378,1.0000,1.0000,0.6890,1.0000,1.0000,1.0000,0.0000,1.4271
9914,CHAOTIC TIME,GROW,0,1.4378,1.0000,1.0000,0.6890,1.0000,1.0000,1.0000,0.0000,1.4276
9915,CHAOTIC TIME,SPREAD,0,1.4000,1.0000,1.0000,0.5000,1.0000,1.0000,1.0000,-0.0001,1.4262
9916,CHAOTIC TIME,SPREAD,0,1.4000,1.0000,1.0000,0.5000,1.0000,1.0000,1.0000,-0.0001,1.4249
9917,CHAOTIC TIME,FAIL,0,1.4707,1.0000,1.0000,0.8536,1.0000,1.0000,1.0000,0.0001,1.4272
9918,CHAOTIC TIME,GROW,0,1.4378,1.0000,1.0000,0.6890,1.0000,1.0000,1.0000,0.0000,1.4277
9919,CHAOTIC TIME,GROW,0,1.4378,1.0000,1.0000,0.6890,1.0000,1.0000,1.0000,0.0000,1.4282
9920,CHAOTIC TIME,SPREAD,0,1.4000,1.0000,1.0000,0.5000,1.0000,1.0000,1.0000,-0.0001,1.4268
9921,CHAOTIC TIME,GROW,0,1.4378,1.0000,1.0000,0.6890,1.0000,1.0000,1.0000,0.0000,1.4274
9922,CHAOTIC TIME,SPREAD,0,1.4000,1.0000,1.0000,0.5000,1.0000,1.0000,1.0000,-0.0001,1.4260
9923,CHAOTIC TIME,SPREAD,0,1.4000,1.0000,1.0000,0.5000,1.0000,1.0000,1.0000,-0.0001,1.4247
9924,CHAOTIC TIME,GROW,0,1.4378,1.0000,1.0000,0.6890,1.0000,1.0000,1.0000,0.0000,1.4254
9925,CHAOTIC TIME,SPREAD,0,1.4000,1.0000,1.0000,0.5000,1.0000,1.0000,1.0000,-0.0001,1.4241
9926,CHAOTIC TIME,GROW,0,1.4378,1.0000,1.0000,0.6890,1.0000,1.0000,1.0000,0.0000,1.4248
9927,CHAOTIC TIME,GROW,0,1.4378,1.0000,1.0000,0.6890,1.0000,1.0000,1.0000,0.0000,1.4254
9928,CHAOTIC TIME,SPREAD,0,1.4000,1.0000,1.0000,0.5000,1.0000,1.0000,1.0000,-0.0001,1.4242
9929,CHAOTIC TIME,FAIL,0,1.4707,1.0000,1.0000,0.8536,1.0000,1.0000,1.0000,0.0001,1.4265
9930,CHAOTIC TIME,GROW,0,1.4378,1.0000,1.0000,0.6890,1.0000,1.0000,1.0000,0.0000,1.4270
9931,CHAOTIC TIME,GROW,0,1.4378,1.0000,1.0000,0.6890,1.0000,1.0000,1.0000,0.0000,1.4276
9932,CHAOTIC TIME,FAIL,0,1.4707,1.0000,1.0000,0.8536,1.0000,1.0000,1.0000,0.0001,1.4297
9933,CHAOTIC TIME,SPREAD,0,1.4000,1.0000,1.0000,0.5000,1.0000,1.0000,1.0000,-0.0001,1.4283
9934,CHAOTIC TIME,SPREAD,0,1.4000,1.0000,1.0000,0.5000,1.0000,1.0000,1.0000,-0.0001,1.4268
9935,CHAOTIC TIME,FAIL,0,1.4707,1.0000,1.0000,0.8536,1.0000,1.0000,1.0000,0.0001,1.4290
9936,CHAOTIC TIME,GROW,0,1.4378,1.0000,1.0000,0.6890,1.0000,1.0000,1.0000,0.0000,1.4295
9937,CHAOTIC TIME,SPREAD,0,1.4000,1.0000,1.0000,0.5000,1.0000,1.0000,1.0000,-0.0001,1.4280
9938,CHAOTIC TIME,GROW,0,1.4378,1.0000,1.0000,0.6890,1.0000,1.0000,1.0000,0.0000,1.4285
9939,CHAOTIC TIME,SPREAD,0,1.4000,1.0000,1.0000,0.5000,1.0000,1.0000,1.0000,-0.0001,1.4271
9940,CHAOTIC TIME,SPREAD,0,1.4000,1.0000,1.0000,0.5000,1.0000,1.0000,1.0000,-0.0001,1.4257
9941,CHAOTIC TIME,FAIL,0,1.4707,1.0000,1.0000,0.8536,1.0000,1.0000,1.0000,0.0001,1.4280
9942,CHAOTIC TIME,GROW,0,1.4378,1.0000,1.0000,0.6890,1.0000,1.0000,1.0000,0.0000,1.4285
9943,CHAOTIC TIME,FAIL,0,1.4707,1.0000,1.0000,0.8536,1.0000,1.0000,1.0000,0.0001,1.4306
9944,CHAOTIC TIME,GROW,0,1.4378,1.0000,1.0000,0.6890,1.0000,1.0000,1.0000,0.0000,1.4309
9945,CHAOTIC TIME,SPREAD,0,1.4000,1.0000,1.0000,0.5000,1.0000,1.0000,1.0000,-0.0001,1.4294
9946,CHAOTIC TIME,SPREAD,0,1.4000,1.0000,1.0000,0.5000,1.0000,1.0000,1.0000,-0.0001,1.4279
9947,CHAOTIC TIME,GROW,0,1.4378,1.0000,1.0000,0.6890,1.0000,1.0000,1.0000,0.0000,1.4284
9948,CHAOTIC TIME,SPREAD,0,1.4000,1.0000,1.0000,0.5000,1.0000,1.0000,1.0000,-0.0001,1.4270
9949,CHAOTIC TIME,SPREAD,0,1.4000,1.0000,1.0000,0.5000,1.0000,1.0000,1.0000,-0.0001,1.4256
9950,CHAOTIC TIME,GROW,0,1.4378,1.0000,1.0000,0.6890,1.0000,1.0000,1.0000,0.0000,1.4262
9951,CHAOTIC TIME,GROW,0,1.4378,1.0000,1.0000,0.6890,1.0000,1.0000,1.0000,0.0000,1.4268
9952,CHAOTIC TIME,SPREAD,0,1.4000,1.0000,1.0000,0.5000,1.0000,1.0000,1.0000,-0.0001,1.4255
9953,CHAOTIC TIME,FAIL,0,1.4707,1.0000,1.0000,0.8536,1.0000,1.0000,1.0000,0.0001,1.4277
9954,CHAOTIC TIME,FAIL,0,1.4707,1.0000,1.0000,0.8536,1.0000,1.0000,1.0000,0.0001,1.4299
9955,CHAOTIC TIME,GROW,0,1.4378,1.0000,1.0000,0.6890,1.0000,1.0000,1.0000,0.0000,1.4303
9956,CHAOTIC TIME,GROW,0,1.4378,1.0000,1.0000,0.6890,1.0000,1.0000,1.0000,0.0000,1.4307
9957,CHAOTIC TIME,FAIL,0,1.4707,1.0000,1.0000,0.8536,1.0000,1.0000,1.0000,0.0001,1.4327
9958,CHAOTIC TIME,GROW,0,1.4378,1.0000,1.0000,0.6890,1.0000,1.0000,1.0000,0.0000,1.4329
9959,CHAOTIC TIME,SPREAD,0,1.4000,1.0000,1.0000,0.5000,1.0000,1.0000,1.0000,-0.0001,1.4313
9960,CHAOTIC TIME,SPREAD,0,1.4000,1.0000,1.0000,0.5000,1.0000,1.0000,1.0000,-0.0001,1.4297
9961,CHAOTIC TIME,GROW,0,1.4378,1.0000,1.0000,0.6890,1.0000,1.0000,1.0000,0.0000,1.4301
9962,CHAOTIC TIME,GROW,0,1.4378,1.0000,1.0000,0.6890,1.0000,1.0000,1.0000,0.0000,1.4305
9963,CHAOTIC TIME,SPREAD,0,1.4000,1.0000,1.0000,0.5000,1.0000,1.0000,1.0000,-0.0001,1.4290
9964,CHAOTIC TIME,GROW,0,1.4378,1.0000,1.0000,0.6890,1.0000,1.0000,1.0000,0.0000,1.4294
9965,CHAOTIC TIME,SPREAD,0,1.4000,1.0000,1.0000,0.5000,1.0000,1.0000,1.0000,-0.0001,1.4279
9966,CHAOTIC TIME,GROW,0,1.4378,1.0000,1.0000,0.6890,1.0000,1.0000,1.0000,0.0000,1.4284
9967,CHAOTIC TIME,GROW,0,1.4378,1.0000,1.0000,0.6890,1.0000,1.0000,1.0000,0.0000,1.4289
9968,CHAOTIC TIME,GROW,0,1.4378,1.0000,1.0000,0.6890,1.0000,1.0000,1.0000,0.0000,1.4293
9969,CHAOTIC TIME,GROW,0,1.4378,1.0000,1.0000,0.6890,1.0000,1.0000,1.0000,0.0000,1.4298
9970,CHAOTIC TIME,SPREAD,0,1.4000,1.0000,1.0000,0.5000,1.0000,1.0000,1.0000,-0.0001,1.4283
9971,CHAOTIC TIME,GROW,0,1.4378,1.0000,1.0000,0.6890,1.0000,1.0000,1.0000,0.0000,1.4288
9972,CHAOTIC TIME,FAIL,0,1.4707,1.0000,1.0000,0.8536,1.0000,1.0000,1.0000,0.0001,1.4309
9973,CHAOTIC TIME,GROW,0,1.4378,1.0000,1.0000,0.6890,1.0000,1.0000,1.0000,0.0000,1.4312
9974,CHAOTIC TIME,GROW,0,1.4378,1.0000,1.0000,0.6890,1.0000,1.0000,1.0000,0.0000,1.4315
9975,CHAOTIC TIME,GROW,0,1.4378,1.0000,1.0000,0.6890,1.0000,1.0000,1.0000,0.0000,1.4318
9976,CHAOTIC TIME,GROW,0,1.4378,1.0000,1.0000,0.6890,1.0000,1.0000,1.0000,0.0000,1.4321
9977,CHAOTIC TIME,GROW,0,1.4378,1.0000,1.0000,0.6890,1.0000,1.0000,1.0000,0.0000,1.4324
9978,CHAOTIC TIME,SPREAD,0,1.4000,1.0000,1.0000,0.5000,1.0000,1.0000,1.0000,-0.0001,1.4308
9979,CHAOTIC TIME,SPREAD,0,1.4000,1.0000,1.0000,0.5000,1.0000,1.0000,1.0000,-0.0001,1.4293
9980,CHAOTIC TIME,GROW,0,1.4378,1.0000,1.0000,0.6890,1.0000,1.0000,1.0000,0.0000,1.4297
9981,CHAOTIC TIME,GROW,0,1.4378,1.0000,1.0000,0.6890,1.0000,1.0000,1.0000,0.0000,1.4301
9982,CHAOTIC TIME,SPREAD,0,1.4000,1.0000,1.0000,0.5000,1.0000,1.0000,1.0000,-0.0001,1.4286
9983,CHAOTIC TIME,GROW,0,1.4378,1.0000,1.0000,0.6890,1.0000,1.0000,1.0000,0.0000,1.4291
9984,CHAOTIC TIME,SPREAD,0,1.4000,1.0000,1.0000,0.5000,1.0000,1.0000,1.0000,-0.0001,1.4276
9985,CHAOTIC TIME,SPREAD,0,1.4000,1.0000,1.0000,0.5000,1.0000,1.0000,1.0000,-0.0001,1.4262
9986,CHAOTIC TIME,GROW,0,1.4378,1.0000,1.0000,0.6890,1.0000,1.0000,1.0000,0.0000,1.4268
9987,CHAOTIC TIME,GROW,0,1.4378,1.0000,1.0000,0.6890,1.0000,1.0000,1.0000,0.0000,1.4273
9988,CHAOTIC TIME,SPREAD,0,1.4000,1.0000,1.0000,0.5000,1.0000,1.0000,1.0000,-0.0001,1.4260
9989,CHAOTIC TIME,SPREAD,0,1.4000,1.0000,1.0000,0.5000,1.0000,1.0000,1.0000,-0.0001,1.4247
9990,CHAOTIC TIME,GROW,0,1.4378,1.0000,1.0000,0.6890,1.0000,1.0000,1.0000,0.0000,1.4253
9991,CHAOTIC TIME,SPREAD,0,1.4000,1.0000,1.0000,0.5000,1.0000,1.0000,1.0000,-0.0001,1.4241
9992,CHAOTIC TIME,SPREAD,0,1.4000,1.0000,1.0000,0.5000,1.0000,1.0000,1.0000,-0.0001,1.4229
9993,CHAOTIC TIME,FAIL,0,1.4707,1.0000,1.0000,0.8536,1.0000,1.0000,1.0000,0.0001,1.4253
9994,CHAOTIC TIME,GROW,0,1.4378,1.0000,1.0000,0.6890,1.0000,1.0000,1.0000,0.0000,1.4259
9995,CHAOTIC TIME,GROW,0,1.4378,1.0000,1.0000,0.6890,1.0000,1.0000,1.0000,0.0000,1.4265
9996,CHAOTIC TIME,GROW,0,1.4378,1.0000,1.0000,0.6890,1.0000,1.0000,1.0000,0.0000,1.4270
9997,CHAOTIC TIME,FAIL,0,1.4707,1.0000,1.0000,0.8536,1.0000,1.0000,1.0000,0.0001,1.4292
9998,CHAOTIC TIME,SPREAD,0,1.4000,1.0000,1.0000,0.5000,1.0000,1.0000,1.0000,-0.0001,1.4278
9999,CHAOTIC TIME,SPREAD,0,1.4000,1.0000,1.0000,0.5000,1.0000,1.0000,1.0000,-0.0001,1.4264
10000,CHAOTIC TIME,SPREAD,0,1.4000,1.0000,1.0000,0.5000,1.0000,1.0000,1.0000,-0.0001,1.4251
