episode,prefix,completion,valid,reward,grammar_reward,tag_reward,axis_reward,noun_tag_dist,verb_tag_dist,adj_tag_dist,loss,baseline
1,ANGRY CROWD FALL,POISON DENSE BOOK FAIL SEE KEY FOREST HEAR,0,1.3176,1.0000,1.0000,0.0882,1.0000,1.0000,1.0000,13.8585,0.0659
2,REBELLIOUS GUARD BUILD STRONG MAP BREAK,BRIDGE ROBOT UPDATE MAN DRONE,0,1.2888,1.0000,0.9259,0.0549,0.7778,1.0000,1.0000,23.4745,0.1270
3,ENCRYPTED LANGUAGE,MOVE RIVER,0,1.3910,1.0000,1.0000,0.4550,1.0000,1.0000,1.0000,9.9749,0.1902
4,ROAD,OUTCAST SEED FAMOUS TRUST DEBT CAR BURN,0,1.3051,1.0000,1.0000,0.0254,1.0000,1.0000,1.0000,5.5600,0.2460
5,CAR FALL,HEAR CITY SEE WOMAN THINK ROOM SMALL COMPUTER FAST MOVE CORRUPTED ENCRYPTED CAT CARRY GROW,0,1.2801,1.0000,0.9107,0.0344,0.8750,0.8571,1.0000,6.1816,0.2977
6,WOMAN HELP VAST INSECT WANT CHOICE,STRONG COMPUTER RUN,0,1.3161,1.0000,1.0000,0.0804,1.0000,1.0000,1.0000,23.6020,0.3486
7,DUST,SOLDIER CAMERA TRAPPED POWER SECRET ENCODE TIME RUN,0,1.3453,1.0000,1.0000,0.2267,1.0000,1.0000,1.0000,4.4879,0.3984
8,CALM BIRD GROW,RUN SOLDIER,0,1.2427,1.0000,0.7778,0.0466,0.6667,0.6667,1.0000,8.4782,0.4406
9,SYSTEM SPREAD,,1,0.2000,0.0000,0.6667,0.0000,1.0000,1.0000,0.0000,-1.4930,0.4286
10,TRAPPED STRANGER,WEAK BREAK KEY SPREAD PATTERN BIRD,0,1.3286,1.0000,0.9524,0.2144,0.8571,1.0000,1.0000,6.9047,0.4736
11,ROAD,BREAK TIME FAST ANGRY BETRAY DIRTY WOMAN BIRD,0,1.3345,1.0000,1.0000,0.1724,1.0000,1.0000,1.0000,3.9041,0.5167
12,ENCRYPTED TRUTH,WEAPON KEY MOUNTAIN FAIL RULE,0,1.3095,1.0000,0.9524,0.1190,0.8571,1.0000,1.0000,6.0808,0.5563
13,BRIDGE,BURN LEADER,0,1.2131,1.0000,0.6667,0.0656,1.0000,1.0000,0.0000,3.1661,0.5891
14,ENGINE SEE FAMOUS WEAK CAT FALL,,1,0.3000,0.0000,1.0000,0.0000,1.0000,1.0000,1.0000,-4.9691,0.5747
15,BIRD MOVE METAL FORGET ACTIVE TRAPPED,ASK WOLF LEADER CHOICE,0,1.3013,1.0000,0.9048,0.1495,0.7143,1.0000,1.0000,16.1150,0.6110
16,LAW SPREAD,ACTIVE DOG LANGUAGE,0,1.2903,1.0000,0.9333,0.0516,0.8000,1.0000,1.0000,4.0623,0.6450
17,WOLF FALL,,1,0.2000,0.0000,0.6667,0.0000,1.0000,1.0000,0.0000,-3.3438,0.6227
18,TRAPPED INSECT,,0,1.2000,1.0000,0.6667,0.0000,1.0000,0.0000,1.0000,4.2431,0.6516
19,WOLF ATTACK MOUNTAIN SPREAD,,1,0.2000,0.0000,0.6667,0.0000,1.0000,1.0000,0.0000,-7.2692,0.6290
20,BORDER GROW,DRONE FALL RULE,0,1.1498,1.0000,0.4889,0.0159,0.8000,0.6667,0.0000,2.8895,0.6551
21,VAST FEAR,SPREAD BREAK FAST ISOLATED FALL PATTERN,0,1.3110,1.0000,0.8889,0.2217,0.6667,1.0000,1.0000,5.6317,0.6879
22,CALM ELDER,HEAR DENSE CALM CAMERA,0,1.2647,1.0000,0.8333,0.0733,1.0000,1.0000,0.5000,4.1137,0.7167
23,ENGINE GENERATE ENCRYPTED DEBT,MOVE WEAPON GROW,0,1.3202,1.0000,0.9333,0.2011,0.8000,1.0000,1.0000,7.8199,0.7469
24,SAD SOLDIER GROW,CHOOSE REBELLIOUS FALL FALL PHONE EAT BURN,0,1.2906,1.0000,0.9524,0.0244,1.0000,0.8571,1.0000,5.2966,0.7741
25,LANGUAGE,WOLF ELDER SPREAD ATTACK CROWD STRONG DORMANT HAPPY ENGINE CLOCK,0,1.3387,1.0000,1.0000,0.1935,1.0000,1.0000,1.0000,2.5857,0.8023
26,DUST,HEAR TRUTH GUARD FIRE STRANGER TALK CAMERA LEADER SENSOR,0,1.2250,1.0000,0.6296,0.1805,0.8889,1.0000,0.0000,1.7916,0.8234
27,COMPUTER FAIL,METAL SEE PLAN FREE TRUSTED ENGINE LEADER,0,1.3190,1.0000,0.9630,0.1504,0.8889,1.0000,1.0000,3.1993,0.8482
28,WEAK BIRD HEAR DUST HEAR DULL,HORSE OPTIMAL FAIL COMPUTER,0,1.2942,1.0000,0.8889,0.1378,0.6667,1.0000,1.0000,8.3901,0.8705
29,FOOD BURN,TIME CARRY ORDERED HOME SAD OBEDIENT GUARD,0,1.2880,1.0000,0.8889,0.1066,1.0000,0.6667,1.0000,2.5716,0.8914
30,CONNECTED WOOD GROW,ENCODE,0,1.3605,1.0000,1.0000,0.3023,1.0000,1.0000,1.0000,4.6131,0.9148
31,CITY,CROWD FALL,0,1.2283,1.0000,0.6667,0.1413,1.0000,1.0000,0.0000,1.4296,0.9305
32,CHANCE GROW,,1,0.2000,0.0000,0.6667,0.0000,1.0000,1.0000,0.0000,-4.0176,0.8940
33,SMALL MAP GROW,HAPPY BURN,0,1.2804,1.0000,0.8889,0.0688,1.0000,0.6667,1.0000,3.5771,0.9133
34,CHOICE,ENCODE,0,1.2456,1.0000,0.6667,0.2282,1.0000,1.0000,0.0000,1.4722,0.9299
35,COMPUTER UPDATE CONNECTED ENCRYPTED POISON UPDATE,WOLF SEE IDENTITY REBELLIOUS WEAK OUTCAST TOOL UPDATE FIRE,0,1.2353,1.0000,0.7116,0.1091,0.7778,0.5000,0.8571,5.0950,0.9452
36,VAST WOOD,,0,1.2000,1.0000,0.6667,0.0000,1.0000,0.0000,1.0000,2.1001,0.9579
37,RULE SPREAD,HEAVY BIRD,0,1.3654,1.0000,1.0000,0.3268,1.0000,1.0000,1.0000,2.4381,0.9783
38,CROWD GROW,SOLDIER CAT,0,1.1366,1.0000,0.4444,0.0164,0.3333,1.0000,0.0000,1.0861,0.9862
39,OUTCAST ELDER SPREAD,DORMANT DEAD BURN,0,1.4267,1.0000,1.0000,0.6336,1.0000,1.0000,1.0000,4.6563,1.0082
40,TRUSTED CROWD,MOVE SAD ELDER WEAK LIE BURN UPDATE SEED SPREAD SMALL SEED,0,1.2845,1.0000,0.8889,0.0889,0.6667,1.0000,1.0000,2.2090,1.0220
41,ACTIVE CLOCK HEAR COMPUTER SEE DOG,AUTOMATED RUN BUILD ACTIVE FAIL GROW WEAPON,0,1.2359,1.0000,0.7778,0.0129,0.8333,1.0000,0.5000,4.7120,1.0327
42,CITY,BUILD PATTERN BURN,0,1.2348,1.0000,0.6667,0.1742,1.0000,1.0000,0.0000,0.8852,1.0428
43,SHARP ROBOT,MOVE HEAR SENSOR LEADER LIE WANT BOOK MAN CAMERA CORRUPTED REBELLIOUS MOVE WOOD FALL,0,1.3133,1.0000,0.9667,0.1164,0.9000,1.0000,1.0000,2.2991,1.0564
44,CITY,FAIL,0,1.2513,1.0000,0.6667,0.2567,1.0000,1.0000,0.0000,0.8236,1.0661
45,ROAD,HEAR CHANCE GROW SOLDIER MOVE HEAVY THINK WEAK CAT ASHAMED GUARD BUILD,0,1.3216,1.0000,1.0000,0.1082,1.0000,1.0000,1.0000,1.0972,1.0789
46,HEAVY METAL,WOLF CROWD UPDATE ROBOT ORDERED VAST CAT,0,1.3168,1.0000,0.9333,0.1839,1.0000,1.0000,0.8000,1.9909,1.0908
47,ORDERED FEAR SPREAD,CLOCK BURN FALL,0,1.3569,1.0000,1.0000,0.2845,1.0000,1.0000,1.0000,2.6177,1.1041
48,BIRD KNOW FOREST HELP BIRD ATTACK,SECRET WEAK BIRD SOLDIER,0,1.2666,1.0000,0.8667,0.0332,0.6000,1.0000,1.0000,3.3790,1.1122
49,ASHAMED ELDER BURN,LIE DORMANT SIMPLE WEAK FREE ERROR COMPLEX TOOL BIG ERROR UPDATE COMPLEX DULL FIRE,0,1.3374,1.0000,0.9667,0.2369,1.0000,1.0000,0.9000,2.1662,1.1235
50,COMPUTER SEE BIRD FAIL,,1,0.2000,0.0000,0.6667,0.0000,1.0000,1.0000,0.0000,-11.8508,1.0773
51,SIGNAL FAIL,SECRET WOMAN,0,1.3795,1.0000,1.0000,0.3977,1.0000,1.0000,1.0000,1.8744,1.0924
52,RULE,RIVER BURN MAP BETRAY TALK DIRTY ENGINE,0,1.3472,1.0000,1.0000,0.2362,1.0000,1.0000,1.0000,1.1574,1.1052
53,SIMPLE CAR FALL,BIG SLOW GENERATE,0,1.3564,1.0000,0.9333,0.3820,1.0000,1.0000,0.8000,2.5224,1.1177
54,ROAD,TALK SLOW TRUTH IMAGINE MOVE WARN GROW BIG MAP,0,1.3147,1.0000,1.0000,0.0735,1.0000,1.0000,1.0000,0.8226,1.1276
55,PROUD ELDER,HEAR ASHAMED AUTOMATED DOG FALL BIRD MOVE REBELLIOUS,0,1.2735,1.0000,0.7778,0.2009,0.6667,1.0000,0.6667,0.9174,1.1349
56,AUTOMATED TIME FAIL,FAIL GROW SOLDIER,0,1.2719,1.0000,0.8333,0.1096,1.0000,0.5000,1.0000,1.3456,1.1417
57,CITY,LAW MOVE FEAR ORDERED DOG CALM GUARD SPREAD POISON FAIL,0,1.3056,1.0000,1.0000,0.0281,1.0000,1.0000,1.0000,0.6489,1.1499
58,STRANGER CARRY WOOD EAT TRAPPED HEAVY,BRIDGE AUTOMATED LAW LIE OPTIMAL,0,1.3746,1.0000,1.0000,0.3731,1.0000,1.0000,1.0000,4.3740,1.1611
59,GUARD FALL,,1,0.2000,0.0000,0.6667,0.0000,1.0000,1.0000,0.0000,-6.7458,1.1131
60,OBEDIENT BIRD SEE WOOD MOVE SECRET,CAMERA CHOICE GENERATE,0,1.3485,1.0000,1.0000,0.2426,1.0000,1.0000,1.0000,4.8055,1.1249
61,CONNECTED WOOD GROW,CAMERA FORGET BROKEN CROWD SEE TRUSTED DEBT CITY,0,1.2657,1.0000,0.8333,0.0783,1.0000,1.0000,0.5000,1.2996,1.1319
62,ENGINE SEE MAN GENERATE CORRUPTED FAMOUS,WOLF SENSOR BREAK BETRAY,0,1.2686,1.0000,0.8889,0.0097,0.6667,1.0000,1.0000,2.7112,1.1387
63,HEAVY CROWD,BURN GROW MOVE BUILD DORMANT SAD ASHAMED PATTERN,0,1.3276,1.0000,1.0000,0.1378,1.0000,1.0000,1.0000,1.4759,1.1482
64,TOOL GROW,CHANCE COMPUTER ROOM MAN,0,1.2108,1.0000,0.6296,0.1096,0.8889,1.0000,0.0000,0.4184,1.1513
65,SIMPLE COMPUTER FAIL,FIRE FREE DENSE DULL ISOLATED ACTIVE FALL,0,1.3451,1.0000,0.9630,0.2812,1.0000,1.0000,0.8889,1.9495,1.1610
66,BOOK GROW,SPREAD FORGET HAPPY ASHAMED BIRD,0,1.3022,1.0000,1.0000,0.0112,1.0000,1.0000,1.0000,0.8877,1.1681
67,RIVER,BIG STONE FAIL DULL SEE METAL GROW POISON,0,1.3132,1.0000,1.0000,0.0662,1.0000,1.0000,1.0000,0.7247,1.1753
68,LANGUAGE GROW,SLOW LIE COMPLEX,0,1.2842,1.0000,0.8889,0.0877,0.6667,1.0000,1.0000,0.5735,1.1808
69,OUTCAST POISON,WEAPON FALL DULL CHILD HEAVY HORSE FREE HAPPY ELDER CLOCK CHAOTIC DOG CHOICE EAT KNOW,0,1.3684,1.0000,0.9296,0.4478,0.8889,1.0000,0.9000,1.4385,1.1902
70,SMALL WOMAN ATTACK FAST INSECT TALK,CROWD HEAR CROWD ATTACK TRUST FOLLOW NETWORK SYSTEM SECRET SPREAD FALL FALL OBEDIENT SPREAD,0,1.2664,1.0000,0.8442,0.0656,0.7143,0.8182,1.0000,1.7478,1.1940
71,ELDER BUILD METAL ASK CLEAN DOG,SEED FALL SECRET CHOICE DORMANT BIG DIRTY CAMERA WANT METAL,0,1.2649,1.0000,0.8440,0.0586,0.8000,0.8571,0.8750,1.4657,1.1975
72,SLOW ENGINE FALL,FAMOUS ELDER FALL,0,1.2441,1.0000,0.6667,0.2206,1.0000,0.0000,1.0000,0.4149,1.1998
73,CROWD GROW,,1,0.2000,0.0000,0.6667,0.0000,1.0000,1.0000,0.0000,-6.5354,1.1498
74,PRISON,WOOD ELDER BUILD FIRE ELDER,0,1.2402,1.0000,0.6667,0.2010,1.0000,1.0000,0.0000,0.4505,1.1544
75,RULE GROW,,1,0.2000,0.0000,0.6667,0.0000,1.0000,1.0000,0.0000,-4.5970,1.1066
76,WOOD BURN,,1,0.2000,0.0000,0.6667,0.0000,1.0000,1.0000,0.0000,-4.3871,1.0613
77,RULE GROW,FAIL REBELLIOUS SPREAD LEADER BROKEN WOLF,0,1.3118,1.0000,1.0000,0.0591,1.0000,1.0000,1.0000,1.2266,1.0738
78,ELDER FALL,ENCODE GENERATE ERROR,0,1.2817,1.0000,0.6667,0.4085,1.0000,1.0000,0.0000,1.4735,1.0842
79,CONNECTED POISON BURN,ACTIVE MOUNTAIN,0,1.3083,1.0000,1.0000,0.0415,1.0000,1.0000,1.0000,2.1584,1.0954
80,ENGINE SEE CHAOTIC NETWORK FALL,COMPUTER ANGRY BURN SIMPLE ENGINE RUN VAST THINK STRONG BURN,0,1.1742,1.0000,0.5714,0.0139,0.5000,0.5000,0.7143,1.3566,1.0994
81,CORRUPTED INSECT,DRONE,0,1.3000,1.0000,0.6667,0.5000,1.0000,0.0000,1.0000,1.7102,1.1094
82,CLEAN FOOD BURN,BRIDGE LEADER WOLF HEAVY,0,1.3141,1.0000,1.0000,0.0705,1.0000,1.0000,1.0000,2.0677,1.1196
83,ENGINE ENCODE SYSTEM GENERATE LANGUAGE ENCODE,,0,1.2000,1.0000,0.6667,0.0000,1.0000,1.0000,0.0000,1.3566,1.1237
84,RIVER,SAD DORMANT ANGRY SPREAD BREAK ELDER SPREAD WEAPON PHONE HORSE FOLLOW CLEAN SEED CITY BURN,0,1.3066,1.0000,0.9667,0.0830,0.9000,1.0000,1.0000,0.8136,1.1328
85,ASHAMED ELDER,DRONE LEADER SOLDIER HEAVY SIMPLE STONE DORMANT OUTCAST FAIL BREAK FAMOUS DOG MEMORY BUILD VAST,0,1.2750,1.0000,0.8926,0.0362,0.7778,1.0000,0.9000,0.8421,1.1399
86,PROUD ELDER,HEAR DIRTY FAST OBEDIENT SAD DENSE SPREAD SEE SOLDIER AUTOMATED MAN SPREAD BOOK HEAR POISON,0,1.2608,1.0000,0.7926,0.1149,0.6000,1.0000,0.7778,0.6742,1.1460
87,KEY FAIL,SHARP FAIL BREAK TOOL TRUSTED POWER VAST UPDATE VAST CHILD CLOCK HEAR CHAOTIC DUST CORRUPTED,0,1.2748,1.0000,0.8214,0.1419,0.7500,0.7143,1.0000,0.8410,1.1524
88,WOOD BURN,DRONE MOVE GROW SAD HEAVY DOG UPDATE KEY SEED SLOW SIMPLE WEAPON ENCRYPTED UPDATE PLAN,0,1.2931,1.0000,0.9074,0.1043,0.8889,0.8333,1.0000,0.7373,1.1594
89,VAST BORDER GROW,,1,0.3000,0.0000,1.0000,0.0000,1.0000,1.0000,1.0000,-7.9079,1.1165
90,CHOICE GROW,MOUNTAIN SYSTEM FALL VAST REBELLIOUS,0,1.2434,1.0000,0.7222,0.1339,0.5000,0.6667,1.0000,0.6598,1.1228
91,DEBT GROW,,1,0.2000,0.0000,0.6667,0.0000,1.0000,1.0000,0.0000,-4.9975,1.0767
92,SYSTEM FAIL,CAT RUN THINK PROUD SPREAD EAT ROOM OUTCAST SMALL CAR METAL MAN INSECT SYSTEM OUTCAST,0,1.3313,1.0000,0.8977,0.3100,0.8182,0.8750,1.0000,1.5030,1.0894
93,POWER GROW,,1,0.2000,0.0000,0.6667,0.0000,1.0000,1.0000,0.0000,-4.9485,1.0449
94,NETWORK,BREAK STRANGER BIRD TRADE ROOM FALL BUILD SMALL SOLDIER MOVE WARN TIME TRUST BIRD BUILD,0,1.3287,1.0000,1.0000,0.1437,1.0000,1.0000,1.0000,1.3451,1.0591
95,AUTOMATED LANGUAGE,FALL SIGNAL CROWD TRUSTED DENSE SOLDIER GROW BURN SECRET LEADER DOG CAMERA EAT BREAK STRONG,0,1.3225,1.0000,0.9107,0.2465,0.8750,1.0000,0.8571,1.9116,1.0723
96,CORRUPTED NETWORK FAIL,CAR WOLF SPREAD MAP DRONE RUN,0,1.2862,1.0000,0.8857,0.1023,0.8571,0.8000,1.0000,2.0024,1.0830
97,DIRTY PRISON,MOVE,0,1.3613,1.0000,1.0000,0.3064,1.0000,1.0000,1.0000,2.4290,1.0969
98,REBELLIOUS ELDER,ASHAMED DRONE WATER THINK ORDERED REBELLIOUS WATER CONNECTED TRUSTED STRONG BETRAY FOLLOW WOOD FALL HEAR,0,1.2970,1.0000,0.9167,0.1100,1.0000,1.0000,0.7500,1.2076,1.1069
99,ENCRYPTED ENGINE,BUILD FAST SENSOR FALL,0,1.2457,1.0000,0.7778,0.0618,0.6667,1.0000,0.6667,1.1142,1.1138
100,SYSTEM GROW,SEE TRUSTED AUTOMATED ELDER GROW DIRTY COMPLEX SENSOR PATTERN LAW GROW TALK ROOM BIRD OPTIMAL,0,1.2589,1.0000,0.8222,0.0609,0.8000,0.6667,1.0000,0.8904,1.1211
101,ROAD,HEAVY ENGINE SOLDIER SOLDIER HELP HEAVY COMPLEX ALGORITHM MOVE WEAPON MOVE DULL CLOCK BURN SIMPLE,0,1.3154,1.0000,1.0000,0.0768,1.0000,1.0000,1.0000,0.8318,1.1308
102,HOME,CARRY FIRE MOVE ACTIVE,0,1.3512,1.0000,1.0000,0.2562,1.0000,1.0000,1.0000,1.1222,1.1418
103,MARKET,GUARD,0,1.1322,1.0000,0.3333,0.1611,1.0000,0.0000,0.0000,-0.0472,1.1414
104,LAW,CORRUPTED BIG PATTERN HEAR BIG LANGUAGE HEAR SIMPLE OUTCAST FOOD,0,1.3402,1.0000,0.9444,0.2843,0.8333,1.0000,1.0000,0.9750,1.1513
105,NETWORK GROW,TRUSTED OBEDIENT BREAK GUARD SPREAD,0,1.2881,1.0000,0.9333,0.0407,1.0000,0.8000,1.0000,0.7372,1.1581
106,STRANGER FALL,COMPUTER,0,1.2445,1.0000,0.6667,0.2225,1.0000,1.0000,0.0000,0.6649,1.1625
107,CHOICE GROW,,1,0.2000,0.0000,0.6667,0.0000,1.0000,1.0000,0.0000,-4.9357,1.1143
108,ENCRYPTED PLAN UPDATE ENCRYPTED ISOLATED BORDER,PATTERN MAN SMALL ELDER,0,1.3100,1.0000,0.8667,0.2499,0.6000,1.0000,1.0000,3.5838,1.1241
109,ANGRY ELDER,,0,1.2000,1.0000,0.6667,0.0000,1.0000,0.0000,1.0000,0.4761,1.1279
110,SENSOR COMPUTE SIGNAL UPDATE SECRET RULE,,1,0.3000,0.0000,1.0000,0.0000,1.0000,1.0000,1.0000,-16.4939,1.0865
111,MAN THINK TRUSTED DORMANT INSECT CARRY,ORDERED WEAK WOLF,0,1.2314,1.0000,0.7302,0.0620,0.3333,1.0000,0.8571,3.0152,1.0938
112,CORRUPTED IDENTITY,,0,1.2000,1.0000,0.6667,0.0000,1.0000,0.0000,1.0000,0.8977,1.0991
113,HEAVY ELDER SEE WATER ATTACK ENCRYPTED,FALL,0,1.3158,1.0000,1.0000,0.0789,1.0000,1.0000,1.0000,4.9200,1.1099
114,CHAOTIC FIRE,MAN BURN CALM BROKEN STRONG FALL MOVE FIRE SEE WANT SEE KEY SYSTEM WOOD BURN,0,1.3198,1.0000,0.9167,0.2238,0.7500,1.0000,1.0000,1.9277,1.1204
115,POISON FALL,MOVE SOLDIER INSECT SEED BREAK CAT PRISON FALL FALL HEAR CROWD UPDATE PROUD DOG FEAR,0,1.2760,1.0000,0.8833,0.0549,0.9000,0.7500,1.0000,0.9554,1.1282
116,MAP BURN,FAIL TRUST TOOL ALGORITHM GUARD BREAK MARKET,0,1.1696,1.0000,0.5185,0.0703,0.8889,0.6667,0.0000,0.2714,1.1303
117,PLAN FAIL,,1,0.2000,0.0000,0.6667,0.0000,1.0000,1.0000,0.0000,-5.7451,1.0837
118,OBEDIENT DOG SPREAD,OBEDIENT LEADER,0,1.1735,1.0000,0.5556,0.0341,0.6667,1.0000,0.0000,0.8299,1.0882
119,BIG WOMAN TALK,CHOICE HELP CROWD SEE GUARD,0,1.2322,1.0000,0.7667,0.0110,0.5000,0.8000,1.0000,1.7463,1.0954
120,WEAPON SPREAD,,1,0.2000,0.0000,0.6667,0.0000,1.0000,1.0000,0.0000,-5.8254,1.0507
121,PLAN SPREAD,KNOW ROOM,0,1.2243,1.0000,0.6667,0.1215,1.0000,1.0000,0.0000,1.1461,1.0593
122,CALM DOG MOVE DIRTY BOOK GROW,SECRET SOLDIER FREE SIMPLE CHAOTIC CITY GROW BURN,0,1.2259,1.0000,0.7440,0.0133,0.8571,0.5000,0.8750,3.3084,1.0677
123,INSECT GROW,REBELLIOUS FALL NETWORK HEAR PRISON ACTIVE SEE TRUSTED ELDER FOOD ISOLATED,0,1.2737,1.0000,0.8963,0.0241,0.8889,0.8000,1.0000,1.1460,1.0780
124,MEMORY SPREAD,CAMERA ASK BREAK SPREAD UPDATE BROKEN SYSTEM CLEAN FALL SMALL SAD ISOLATED COMPUTER FALL,0,1.2742,1.0000,0.8500,0.0960,0.8000,0.7500,1.0000,1.2528,1.0878
125,SYSTEM FAIL,OUTCAST ELDER ELDER,0,1.3732,1.0000,1.0000,0.3660,1.0000,1.0000,1.0000,1.5597,1.1020
126,ELDER BETRAY TRUSTED SHARP CAT,BREAK ASHAMED IMAGINE,0,1.3448,1.0000,1.0000,0.2242,1.0000,1.0000,1.0000,3.6939,1.1142
127,ORDERED SOLDIER BURN,FAIL,0,1.3517,1.0000,1.0000,0.2583,1.0000,1.0000,1.0000,2.7502,1.1261
128,PRISON,DRONE COMPUTER ROBOT CONNECTED FAIL SEE OBEDIENT ELDER TIME,0,1.3072,1.0000,1.0000,0.0360,1.0000,1.0000,1.0000,0.8713,1.1351
129,OUTCAST DOG,TALK FALL MOVE BUILD OPTIMAL ELDER GUARD,0,1.2998,1.0000,0.8889,0.1655,0.6667,1.0000,1.0000,1.2422,1.1434
130,COMPUTER FAIL,COMPUTE FALL,0,1.1847,1.0000,0.6000,0.0234,1.0000,0.8000,0.0000,0.2647,1.1454
131,CHOICE SPREAD,,1,0.2000,0.0000,0.6667,0.0000,1.0000,1.0000,0.0000,-5.0569,1.0981
132,WEAK TOOL,MAN ATTACK CHANCE SEED FAIL SIGNAL CHAOTIC BURN HEAVY BRIDGE ENCRYPTED,0,1.3049,1.0000,0.9111,0.1578,0.9000,1.0000,0.8333,1.7789,1.1085
133,DORMANT CLOCK,BURN GROW,0,1.3126,1.0000,1.0000,0.0630,1.0000,1.0000,1.0000,1.7257,1.1187
134,OBEDIENT BIRD SPREAD,MOVE RIVER ANGRY SENSOR,0,1.3436,1.0000,1.0000,0.2181,1.0000,1.0000,1.0000,2.0281,1.1299
135,FAMOUS MAP,THINK SECRET FAIL SHARP CLEAN SHARP FOREST INSECT BURN RUN,0,1.2986,1.0000,0.8667,0.1930,1.0000,1.0000,0.6000,1.4458,1.1384
136,WOLF ATTACK MAN WANT WOLF HEAR,SPREAD WOOD METAL,0,1.2209,1.0000,0.6667,0.1047,1.0000,1.0000,0.0000,1.9754,1.1425
137,OUTCAST POISON,PATTERN WANT SMALL FALL CAT MEMORY ENCODE,0,1.3598,1.0000,1.0000,0.2989,1.0000,1.0000,1.0000,1.5658,1.1534
138,SAD GUARD SPREAD,ISOLATED CHILD FALL,0,1.2097,1.0000,0.5556,0.2154,0.0000,1.0000,0.6667,0.5560,1.1562
139,SYSTEM GROW,LEADER POISON MOVE STONE RULE,0,1.1790,1.0000,0.5139,0.1241,0.8750,0.6667,0.0000,0.1254,1.1573
140,COMPLEX WEAPON GROW,CHILD,0,1.3280,1.0000,1.0000,0.1400,1.0000,1.0000,1.0000,1.8451,1.1659
141,RIVER,HEAR TRADE MEMORY,0,1.2490,1.0000,0.6667,0.2452,1.0000,1.0000,0.0000,0.3495,1.1700
142,POISON BURN,MOUNTAIN ENCODE ORDERED STONE LEADER BREAK STRANGER STRONG SEE ASHAMED FALL,0,1.2652,1.0000,0.8571,0.0402,0.8571,0.7143,1.0000,0.5461,1.1748
143,COMPLEX CROWD SPREAD,,1,0.3000,0.0000,1.0000,0.0000,1.0000,1.0000,1.0000,-9.0339,1.1310
144,SIGNAL GROW,SHARP WOLF HORSE DUST WATER KNOW WOLF BRIDGE GROW ASHAMED WATER,0,1.2814,1.0000,0.8333,0.1572,1.0000,0.5000,1.0000,0.8883,1.1386
145,SMALL SENSOR GENERATE TIME GENERATE LANGUAGE,HEAR COMPUTER AUTOMATED WEAPON SOLDIER MOVE ASHAMED DOG KNOW THINK ASK CARRY STRONG SMALL CHANCE,0,1.2652,1.0000,0.7566,0.1911,0.5556,1.0000,0.7143,2.3668,1.1449
146,POISON SPREAD,,1,0.2000,0.0000,0.6667,0.0000,1.0000,1.0000,0.0000,-5.4439,1.0976
147,POWER,DOG SAD BIRD CHOOSE DULL ACTIVE CLOCK UPDATE ISOLATED HORSE VAST STRONG ATTACK STRONG NETWORK,0,1.3247,1.0000,1.0000,0.1237,1.0000,1.0000,1.0000,1.1483,1.1090
148,PROUD LEADER,GROW REBELLIOUS WANT,0,1.3463,1.0000,1.0000,0.2316,1.0000,1.0000,1.0000,1.6319,1.1209
149,AUTOMATED POWER GROW,LANGUAGE FALL RULE,0,1.2529,1.0000,0.8056,0.0559,0.7500,0.6667,1.0000,1.0916,1.1275
150,POWER SPREAD,KNOW BREAK SAD FORGET,0,1.3418,1.0000,1.0000,0.2090,1.0000,1.0000,1.0000,1.2684,1.1382
151,TRUSTED RULE,BURN GUARD ORDERED ISOLATED CAMERA WOMAN SECRET CLOCK FALL UPDATE HEAVY HOME SOLDIER SPREAD SMALL,0,1.3130,1.0000,0.9048,0.2077,1.0000,1.0000,0.7143,1.4714,1.1469
152,GUARD,POISON HEAR CHANCE,0,1.2098,1.0000,0.6667,0.0490,1.0000,1.0000,0.0000,0.2995,1.1501
153,CHOICE SPREAD,CAMERA BROKEN CHILD LEADER GENERATE BROKEN CLOCK AUTOMATED ROAD SOLDIER SEE ASHAMED GUARD MOVE,0,1.3143,1.0000,0.9524,0.1427,1.0000,0.8571,1.0000,0.9588,1.1583
154,SYSTEM GROW,,1,0.2000,0.0000,0.6667,0.0000,1.0000,1.0000,0.0000,-4.9936,1.1104
155,DUST,CHAOTIC WATER,0,1.1882,1.0000,0.5556,0.1078,0.6667,0.0000,1.0000,0.3876,1.1143
156,DEBT,IMAGINE POISON GROW AUTOMATED ACTIVE DEAD COMPUTE,0,1.3565,1.0000,1.0000,0.2827,1.0000,1.0000,1.0000,1.1962,1.1264
157,CAT RUN,FALL,0,1.1111,1.0000,0.3333,0.0556,1.0000,0.0000,0.0000,-0.1082,1.1256
158,WEAPON FALL,,1,0.2000,0.0000,0.6667,0.0000,1.0000,1.0000,0.0000,-6.0671,1.0793
159,PRISON,CROWD,0,1.1333,1.0000,0.3333,0.1666,1.0000,0.0000,0.0000,0.2455,1.0820
160,CITY,SEE SENSOR ELDER CONNECTED DENSE DRONE,0,1.3283,1.0000,1.0000,0.1413,1.0000,1.0000,1.0000,1.1917,1.0943
161,BIG POISON FALL,WEAK CAT HEAR DORMANT SIGNAL WEAPON LEADER HEAR ROBOT HEAR DENSE ROBOT,0,1.2912,1.0000,0.9153,0.0830,0.8889,1.0000,0.8571,1.9529,1.1042
162,SOLDIER MOVE STONE,SEE SPREAD CAR HEAR ISOLATED GUARD,0,1.2752,1.0000,0.8889,0.0427,0.6667,1.0000,1.0000,2.0107,1.1127
163,DORMANT WOLF BURN,WOMAN WOLF,0,1.2485,1.0000,0.7778,0.0757,0.3333,1.0000,1.0000,1.2452,1.1195
164,ROBOT ENCODE CHAOTIC ENCRYPTED DEBT BREAK,SMALL,0,1.4454,1.0000,1.0000,0.7269,1.0000,1.0000,1.0000,5.8703,1.1358
165,SIGNAL SPREAD,,1,0.2000,0.0000,0.6667,0.0000,1.0000,1.0000,0.0000,-5.3220,1.0890
166,TRAPPED GUARD HEAR VAST OBEDIENT,ISOLATED CONNECTED PLAN GROW SENSOR BUILD FAST SMALL OPTIMAL CROWD PRISON,0,1.2781,1.0000,0.8833,0.0653,0.7500,1.0000,0.9000,3.5406,1.0985
167,TIME GROW,BETRAY ENGINE POISON IMAGINE HELP OPTIMAL,0,1.3191,1.0000,1.0000,0.0957,1.0000,1.0000,1.0000,1.2723,1.1095
168,SYSTEM GROW,SPREAD WOOD SECRET,0,1.3125,1.0000,1.0000,0.0626,1.0000,1.0000,1.0000,1.0997,1.1197
169,DEAD FIRE,WANT WOMAN MEMORY GENERATE ATTACK HAPPY GROW EAT WANT BUILD WOMAN BETRAY HEAR SPREAD COMPLEX,0,1.4321,1.0000,1.0000,0.6607,1.0000,1.0000,1.0000,2.6720,1.1353
170,VAST ERROR GROW,ENCRYPTED,0,1.3333,1.0000,1.0000,0.1666,1.0000,1.0000,1.0000,2.0396,1.1452
171,ISOLATED PRISON,POWER WATER ROBOT MOVE SMALL SIGNAL,0,1.3223,1.0000,1.0000,0.1113,1.0000,1.0000,1.0000,1.4671,1.1540
172,WOLF FORGET ACTIVE DULL WOLF SEE,PATTERN HELP DEAD FOLLOW TALK,0,1.2553,1.0000,0.8333,0.0267,1.0000,1.0000,0.5000,2.1362,1.1591
173,COMPLEX CHANCE GROW,SPREAD,0,1.3197,1.0000,1.0000,0.0985,1.0000,1.0000,1.0000,1.4689,1.1671
174,SYSTEM FAIL,SMALL CONNECTED TOOL,0,1.3321,1.0000,1.0000,0.1603,1.0000,1.0000,1.0000,0.9656,1.1754
175,CLEAN WOOD BURN,BURN MAN ENCRYPTED LAW TRADE ANGRY ROBOT,0,1.2633,1.0000,0.7667,0.1663,1.0000,0.5000,0.8000,0.8032,1.1798
176,WOOD BURN,,1,0.2000,0.0000,0.6667,0.0000,1.0000,1.0000,0.0000,-4.6473,1.1308
177,DOG ATTACK ROAD SEE MAP EAT,SEE SHARP MEMORY FALL OBEDIENT HEAR ENCRYPTED,0,1.2745,1.0000,0.8571,0.0869,1.0000,0.5714,1.0000,3.0796,1.1380
178,DEAD POISON,SEED METAL FALL KEY,0,1.3428,1.0000,0.9333,0.3138,0.8000,1.0000,1.0000,1.6292,1.1482
179,ENGINE GENERATE CHANCE MOVE SOLDIER HEAR,DENSE CHANCE SPREAD MARKET DRONE HAPPY SEE SAD DRONE SPREAD,0,1.2298,1.0000,0.7460,0.0302,0.6667,0.5714,1.0000,1.4458,1.1523
180,TIME GROW,,1,0.2000,0.0000,0.6667,0.0000,1.0000,1.0000,0.0000,-5.0297,1.1047
181,SIMPLE SEED,FALL CARRY CARRY SHARP DRONE BUILD SMALL ACTIVE PHONE FALL SEED MAN SEED WOLF IDENTITY,0,1.3104,1.0000,0.9333,0.1522,0.8000,1.0000,1.0000,1.8171,1.1150
182,PRISON,DORMANT FREE MAN LEADER MOUNTAIN BIRD DORMANT ALGORITHM,0,1.2204,1.0000,0.6250,0.1647,0.8750,0.0000,1.0000,0.4562,1.1202
183,INSECT SPREAD,,1,0.2000,0.0000,0.6667,0.0000,1.0000,1.0000,0.0000,-5.4003,1.0742
184,SIGNAL SPREAD,,1,0.2000,0.0000,0.6667,0.0000,1.0000,1.0000,0.0000,-5.4846,1.0305
185,MARKET,ASK BETRAY,0,1.2373,1.0000,0.6667,0.1864,1.0000,1.0000,0.0000,1.0731,1.0409
186,NETWORK HEAR FIRE GROW,,1,0.2000,0.0000,0.6667,0.0000,1.0000,1.0000,0.0000,-9.2260,0.9988
187,ORDERED CLOCK UPDATE ORDERED SLOW DRONE,WOLF,0,1.3378,1.0000,1.0000,0.1890,1.0000,1.0000,1.0000,6.7141,1.0158
188,DIRTY PRISON,FAIL OPTIMAL ORDERED LAW ROBOT GROW SHARP TALK BREAK SLOW ACTIVE DULL CLEAN PROUD FEAR,0,1.2832,1.0000,0.9167,0.0410,1.0000,1.0000,0.7500,2.1421,1.0291
189,PRISON,CONNECTED KEY STRONG KEY,0,1.2122,1.0000,0.6667,0.0612,1.0000,0.0000,1.0000,0.7773,1.0383
190,DOG FORGET PLAN CARRY CLOCK HEAR,UPDATE RIVER OUTCAST FAIL,0,1.3479,1.0000,1.0000,0.2393,1.0000,1.0000,1.0000,6.4382,1.0538
191,BIRD MOVE DUST MOVE CAMERA FALL,SHARP THINK WOOD,0,1.2873,1.0000,0.9524,0.0080,0.8571,1.0000,1.0000,4.9782,1.0654
192,FOOD FALL,CROWD SEE COMPUTER,0,1.2223,1.0000,0.6667,0.1114,1.0000,1.0000,0.0000,0.9085,1.0733
193,WOMAN WANT CHAOTIC ACTIVE PHONE BETRAY,ENGINE FAIL CAMERA SPREAD BURN DULL WEAK DEAD,0,1.2736,1.0000,0.6667,0.3681,0.6000,1.0000,0.4000,4.5333,1.0833
194,PRISON,SPREAD ENGINE CLOCK CROWD FALL SEE CHAOTIC ANGRY DOG,0,1.3334,1.0000,1.0000,0.1672,1.0000,1.0000,1.0000,1.0271,1.0958
195,BROKEN DOG,,0,1.2000,1.0000,0.6667,0.0000,1.0000,0.0000,1.0000,0.8774,1.1010
196,DOG HEAR DOG RUN,,1,0.2000,0.0000,0.6667,0.0000,1.0000,1.0000,0.0000,-12.3369,1.0560
197,FOREST,BURN ENCODE CHOICE MAP CROWD,0,1.2222,1.0000,0.6667,0.1110,1.0000,1.0000,0.0000,0.7865,1.0643
198,PRISON,SMALL MOUNTAIN FALL CAR,0,1.3241,1.0000,0.9333,0.2203,0.8000,1.0000,1.0000,1.0298,1.0773
199,DORMANT NETWORK,FOREST POISON UPDATE BURN SPREAD HAPPY DRONE WATER WOMAN WEAK ASK FALL HAPPY BREAK UPDATE,0,1.3148,1.0000,0.9630,0.1296,0.8889,1.0000,1.0000,1.9189,1.0891
200,DEBT GROW,DUST VAST STRONG FALL FALL SEED,0,1.3144,1.0000,0.8889,0.2389,1.0000,0.6667,1.0000,1.0988,1.1004
201,DEBT GROW,TRUTH ISOLATED BUILD,0,1.2443,1.0000,0.7778,0.0549,0.6667,0.6667,1.0000,0.7126,1.1076
202,TIME GROW,ROOM TIME CHILD SEED,0,1.1901,1.0000,0.5833,0.0757,0.7500,1.0000,0.0000,0.4413,1.1117
203,MARKET,STRANGER WATER FALL ISOLATED ENCRYPTED,0,1.3896,1.0000,1.0000,0.4482,1.0000,1.0000,1.0000,1.3167,1.1256
204,HOME,GENERATE VAST BIRD RUN STRANGER BREAK INSECT CLOCK WEAK WANT CHOICE DOG HEAR FOOD,0,1.3301,1.0000,1.0000,0.1507,1.0000,1.0000,1.0000,1.0056,1.1359
205,DUST,FALL,0,1.2000,1.0000,0.6667,0.0000,1.0000,1.0000,0.0000,0.3036,1.1391
206,TRUSTED GUARD,TRUTH SMALL BURN BROKEN FIRE KNOW DENSE OBEDIENT SHARP BURN GROW SENSOR SLOW LEADER CHANCE,0,1.2910,1.0000,0.9259,0.0663,0.7778,1.0000,1.0000,1.2466,1.1467
207,GUARD BURN,TALK,0,1.2218,1.0000,0.6667,0.1090,1.0000,1.0000,0.0000,0.5212,1.1504
208,INSECT GROW,FOLLOW BREAK SIGNAL HELP MARKET SPREAD SOLDIER FAIL ISOLATED CROWD BREAK,0,1.2832,1.0000,0.9153,0.0431,0.8571,0.8889,1.0000,0.7278,1.1571
209,SOLDIER BUILD WOOD FALL,DULL HAPPY ELDER SENSOR SOLDIER,0,1.2770,1.0000,0.8889,0.0515,0.6667,1.0000,1.0000,1.5881,1.1631
210,SIMPLE SOLDIER WARN WOLF HELP WEAK,SEE SHARP WATER BREAK CORRUPTED CONNECTED PRISON SEE SOLDIER FAMOUS LANGUAGE ROBOT TIME WOMAN,0,1.2447,1.0000,0.7778,0.0568,0.8333,1.0000,0.5000,1.7597,1.1671
211,WOMAN EAT STONE HELP HORSE,WEAK SECRET,0,1.4774,1.0000,1.0000,0.8868,1.0000,1.0000,1.0000,5.6228,1.1826
212,FOREST,GROW SIMPLE SLOW DEAD SAD TOOL SYSTEM,0,1.3262,1.0000,1.0000,0.1308,1.0000,1.0000,1.0000,0.6486,1.1898
213,COMPLEX DRONE,DENSE,0,1.3000,1.0000,0.6667,0.5000,1.0000,0.0000,1.0000,0.8761,1.1953
214,DEBT GROW,DEBT BETRAY SPREAD TALK LEADER,0,1.1651,1.0000,0.5000,0.0755,0.5000,1.0000,0.0000,-0.1369,1.1938
215,CLOCK HEAR SLOW VAST CHOICE HEAR,CHAOTIC ROBOT RIVER CORRUPTED CITY ORDERED FIRE ORDERED STRANGER FALL DIRTY CLOCK FALL IDENTITY IDENTITY,0,1.2307,1.0000,0.7677,0.0018,0.6364,1.0000,0.6667,0.7137,1.1957
216,SAD DOG,SEE MOVE STRONG SAD,0,1.2676,1.0000,0.8333,0.0881,1.0000,1.0000,0.5000,0.5126,1.1993
217,VAST STRANGER,MOVE ANGRY HEAR GROW FAST MAN,0,1.2036,1.0000,0.6667,0.0181,0.0000,1.0000,1.0000,0.0392,1.1995
218,RIVER,WOMAN,0,1.1259,1.0000,0.3333,0.1296,1.0000,0.0000,0.0000,-0.3317,1.1958
219,CAR FAIL,TIME CONNECTED HEAVY BREAK CAMERA,0,1.3009,1.0000,0.9333,0.1044,0.8000,1.0000,1.0000,0.7021,1.2011
220,MAP GROW,HEAR MAP FALL GROW SAD LIE BRIDGE,0,1.2304,1.0000,0.7556,0.0186,0.6667,0.6000,1.0000,0.1646,1.2025
221,DUST,,0,1.1000,1.0000,0.3333,0.0000,1.0000,0.0000,0.0000,-0.4564,1.1974
222,DOG WANT,FIRE OBEDIENT STRONG DULL FREE GUARD FREE ELDER CHILD WEAPON,0,1.2856,1.0000,0.9444,0.0116,0.8333,1.0000,1.0000,0.6056,1.2018
223,HORSE CARRY DULL DEAD LEADER HELP,STRONG AUTOMATED ENCRYPTED HEAR OPTIMAL FAMOUS CAT MEMORY RUN OUTCAST CHAOTIC METAL WOMAN WOLF MOVE,0,1.2047,1.0000,0.6667,0.0237,0.5714,0.7143,0.7143,0.0489,1.2020
224,RULE GROW,LEADER,0,1.2243,1.0000,0.6667,0.1216,1.0000,1.0000,0.0000,0.1170,1.2031
225,BORDER GROW,FALL SPREAD,0,1.1832,1.0000,0.6000,0.0158,1.0000,0.8000,0.0000,-0.1031,1.2021
226,STONE FALL,SPREAD NETWORK MOVE,0,1.2315,1.0000,0.6000,0.2575,1.0000,0.8000,0.0000,0.1576,1.2035
227,PRISON,LIE SPREAD BUILD ASHAMED DEAD SECRET WOMAN,0,1.3185,1.0000,1.0000,0.0926,1.0000,1.0000,1.0000,0.4399,1.2093
228,CLOCK FALL,,1,0.2000,0.0000,0.6667,0.0000,1.0000,1.0000,0.0000,-6.5750,1.1588
229,INSECT HEAR ACTIVE DOG HEAR SECRET,MOVE DEAD,0,1.3654,1.0000,0.8333,0.5771,1.0000,1.0000,0.5000,3.9930,1.1692
230,COMPLEX ELDER FALL,OPTIMAL RUN FORGET,0,1.1569,1.0000,0.5000,0.0344,1.0000,0.5000,0.0000,-0.1228,1.1685
231,LANGUAGE SPREAD,SPREAD GROW GROW ENGINE,0,1.1864,1.0000,0.5000,0.1819,1.0000,0.5000,0.0000,0.1126,1.1694
232,INSECT GROW,UPDATE ACTIVE BIRD KEY RUN FALL FAST FREE,0,1.2338,1.0000,0.7667,0.0191,0.5000,0.8000,1.0000,0.3340,1.1727
233,CHAOTIC SEED,SPREAD DRONE SEE SECRET COMPLEX TRAPPED,0,1.3667,1.0000,0.8889,0.5000,1.0000,1.0000,0.6667,1.7204,1.1824
234,BIRD HELP SMALL HEAVY DOG WANT,WEAPON ELDER FALL CORRUPTED SAD WOLF ASK SEE FIRE OUTCAST GUARD NETWORK STONE GUARD,0,1.2593,1.0000,0.8333,0.0466,0.7500,0.7500,1.0000,1.4204,1.1862
235,CONNECTED METAL GROW,CHAOTIC ROOM THINK SPREAD FORGET FAIL DULL DIRTY FALL AUTOMATED SAD ASHAMED STRANGER FALL EAT,0,1.2764,1.0000,0.9074,0.0207,1.0000,0.8889,0.8333,0.8703,1.1907
236,DENSE PHONE SEE BROKEN ORDERED SOLDIER,,1,0.3000,0.0000,1.0000,0.0000,1.0000,1.0000,1.0000,-17.9800,1.1462
237,PRISON,FALL,0,1.2676,1.0000,0.6667,0.3378,1.0000,1.0000,0.0000,0.4539,1.1522
238,LAW GROW,BURN BREAK ANGRY WANT SIMPLE ELDER AUTOMATED RUN,0,1.3306,1.0000,0.9444,0.2362,1.0000,0.8333,1.0000,0.9625,1.1612
239,CAT BREAK VAST SIMPLE POISON MOVE,OPTIMAL WEAK MOVE ACTIVE,0,1.2571,1.0000,0.6944,0.2437,1.0000,0.3333,0.7500,1.6631,1.1660
240,MAP FALL,DUST CONNECTED OBEDIENT SPREAD MOVE ENGINE SIGNAL,0,1.2747,1.0000,0.8857,0.0449,0.8571,0.8000,1.0000,0.6731,1.1714
241,STRANGER SEE CLOCK RUN,HEAR POWER,0,1.1864,1.0000,0.5000,0.1821,1.0000,0.5000,0.0000,0.2240,1.1721
242,ROBOT FALL,SEE RULE TALK HELP,0,1.2226,1.0000,0.6667,0.1128,1.0000,1.0000,0.0000,0.3530,1.1747
243,INSECT HEAR SLOW SIMPLE ENGINE GROW,NETWORK DORMANT ASHAMED SOLDIER EAT,0,1.2328,1.0000,0.7667,0.0142,0.6667,0.8000,0.8333,0.9956,1.1776
244,METAL FALL,SOLDIER BIG BIRD WOMAN SMALL SLOW CLOCK,0,1.3259,1.0000,1.0000,0.1295,1.0000,1.0000,1.0000,0.7883,1.1850
245,REBELLIOUS GUARD WANT TRUTH FALL,SEE RUN TALK BROKEN RULE CHILD HORSE,0,1.1760,1.0000,0.5794,0.0109,0.5000,0.5714,0.6667,-0.1523,1.1845
246,HORSE ATTACK CITY EAT BIG DUST,FEAR LEADER SEE FEAR MOVE BIG FORGET BUILD POWER,0,1.1847,1.0000,0.5963,0.0291,0.9000,0.8889,0.0000,0.0034,1.1846
247,ACTIVE CAT SEE NETWORK BURN,,1,0.3000,0.0000,1.0000,0.0000,1.0000,1.0000,1.0000,-14.6570,1.1403
248,SIGNAL,ERROR,0,1.0106,1.0000,0.0000,0.0528,0.0000,0.0000,0.0000,-0.6416,1.1338
249,ROAD,BOOK BREAK DULL SEED BUILD ROAD BREAK AUTOMATED FIRE STRONG DENSE BUILD SHARP ROOM,0,1.2838,1.0000,0.8889,0.0856,0.6667,1.0000,1.0000,0.6785,1.1413
250,ELDER KNOW DULL SECRET BIRD SEE,HAPPY BREAK WOOD FAIL ROAD STRONG,0,1.2876,1.0000,0.9333,0.0378,1.0000,1.0000,0.8000,3.2432,1.1486
251,SAD BIRD SEE TRUSTED FREE INSECT,KEY SPREAD WOMAN BURN BURN IMAGINE,0,1.2687,1.0000,0.8857,0.0150,0.8000,0.8571,1.0000,2.2416,1.1546
252,MAP BURN,FALL ATTACK COMPUTER BURN,0,1.1653,1.0000,0.5333,0.0264,1.0000,0.6000,0.0000,0.0642,1.1552
253,PROUD ELDER,SENSOR PATTERN SLOW CAR COMPUTER HEAR HORSE POWER,0,1.3146,1.0000,0.9630,0.1285,0.8889,1.0000,1.0000,0.9119,1.1631
254,DUST,HEAR FOREST FALL CHOOSE ATTACK TRUSTED OUTCAST DOG FOLLOW,0,1.3274,1.0000,1.0000,0.1372,1.0000,1.0000,1.0000,0.7316,1.1714
255,CITY,PHONE,0,1.1049,1.0000,0.3333,0.0244,1.0000,0.0000,0.0000,-0.2878,1.1680
256,VAST RIVER,ROOM PLAN SEE FREE DOG PATTERN SHARP SMALL SPREAD MOVE STRONG DORMANT ENCODE BROKEN BROKEN,0,1.2938,1.0000,0.9153,0.0960,0.8571,1.0000,0.8889,1.0729,1.1743
257,WOMAN FOLLOW POWER EAT DIRTY CLEAN,PATTERN FALL,0,1.3088,1.0000,0.8667,0.2441,0.8000,0.8000,1.0000,2.9321,1.1811
258,PROUD LEADER,BREAK DRONE CHILD,0,1.2786,1.0000,0.8333,0.1432,0.5000,1.0000,1.0000,0.6631,1.1859
259,SAD CAT HEAR BOOK HEAR FAMOUS,,0,1.3000,1.0000,1.0000,0.0000,1.0000,1.0000,1.0000,2.3712,1.1916
260,WOMAN WARN ELDER TALK,ENCODE MOVE COMPUTER MARKET OPTIMAL TRADE FAIL ANGRY BURN SYSTEM FALL,0,1.3212,1.0000,0.9667,0.1560,1.0000,0.9000,1.0000,1.8674,1.1981
261,KEY FAIL,BURN DULL SEED DOG,0,1.3299,1.0000,0.9333,0.2497,0.8000,1.0000,1.0000,0.8890,1.2047
262,MAP GROW,SENSOR,0,1.2059,1.0000,0.6667,0.0293,1.0000,1.0000,0.0000,0.0061,1.2048
263,CHANCE SPREAD,BRIDGE,0,1.2241,1.0000,0.6667,0.1206,1.0000,1.0000,0.0000,0.1179,1.2057
264,NETWORK HEAR PLAN HEAR OUTCAST DULL,POISON GROW UPDATE FEAR TRUSTED FOOD ELDER BUILD ELDER STRANGER CLEAN LEADER,0,1.2558,1.0000,0.8000,0.0792,0.9000,1.0000,0.5000,1.0211,1.2082
265,POISON GROW,CHILD SECRET BOOK TRUTH BURN,0,1.2594,1.0000,0.8413,0.0352,0.8571,0.6667,1.0000,0.2763,1.2108
266,INSECT GROW,PATTERN KEY WOMAN,0,1.1916,1.0000,0.6190,0.0296,0.8571,1.0000,0.0000,-0.0924,1.2098
267,IDENTITY,FALL FALL GROW CARRY FEAR FALL,0,1.2387,1.0000,0.5556,0.3603,0.6667,1.0000,0.0000,0.1493,1.2113
268,POISON BURN,CAT LAW ROOM,0,1.2263,1.0000,0.6667,0.1316,1.0000,1.0000,0.0000,0.0915,1.2120
269,ANGRY WOLF FORGET DEBT KNOW ELDER,FAIL FOOD,0,1.3230,1.0000,1.0000,0.1150,1.0000,1.0000,1.0000,2.3466,1.2176
270,CLEAN ELDER BREAK SEED FALL,SPREAD DIRTY INSECT DORMANT,0,1.2904,1.0000,0.8667,0.1519,0.8000,1.0000,0.8000,1.1212,1.2212
271,HAPPY CAT HELP DOG HELP PROUD,DULL CLOCK CALM PRISON FALL ELDER SPREAD SIGNAL FALL GROW CORRUPTED AUTOMATED HAPPY ELDER CAMERA,0,1.2691,1.0000,0.8333,0.0954,0.9000,1.0000,0.6000,0.9897,1.2236
272,ENGINE UPDATE KEY SEE METAL UPDATE,STONE CHANCE CAT DOG DENSE OUTCAST SAD BOOK BIRD PHONE FREE SAD SYSTEM SPREAD,0,1.2585,1.0000,0.8424,0.0287,0.7273,0.8000,1.0000,0.6514,1.2254
273,CLEAN INSECT GROW,,1,0.3000,0.0000,1.0000,0.0000,1.0000,1.0000,1.0000,-7.6307,1.1791
274,FOREST,GUARD METAL MOVE WEAK WOMAN CARRY ISOLATED ELDER DIRTY BIG DOG NETWORK FALL FAST SAD,0,1.3165,1.0000,1.0000,0.0826,1.0000,1.0000,1.0000,0.6300,1.1860
275,FOOD FALL,AUTOMATED ANGRY FALL BURN,0,1.2633,1.0000,0.7778,0.1501,1.0000,0.3333,1.0000,0.4111,1.1898
276,FOREST,SPREAD HEAR REBELLIOUS KNOW DRONE,0,1.3227,1.0000,1.0000,0.1137,1.0000,1.0000,1.0000,0.6017,1.1965
277,SHARP GUARD BREAK STONE FALL,,1,0.3000,0.0000,1.0000,0.0000,1.0000,1.0000,1.0000,-15.3322,1.1517
278,SIGNAL GROW,MOVE GUARD DENSE COMPLEX BROKEN HORSE GROW SOLDIER CHAOTIC WOLF PHONE,0,1.2649,1.0000,0.7778,0.1579,1.0000,0.3333,1.0000,0.6741,1.1573
279,MAN THINK DULL CONNECTED SOLDIER FOLLOW,CHILD CARRY THINK FAIL GROW DEBT BREAK ORDERED EAT TRADE KEY CHOOSE ENGINE FALL METAL,0,1.2396,1.0000,0.7786,0.0303,0.7500,0.7857,0.8000,1.9465,1.1614
280,SENSOR HEAR BOOK FALL,SIMPLE SMALL BIRD SPREAD BREAK COMPUTE MOVE CONNECTED LAW CROWD CLOCK WEAK METAL BOOK,0,1.2663,1.0000,0.8721,0.0234,0.7273,0.8889,1.0000,1.5287,1.1667
281,SIGNAL GROW,DEAD,0,1.4287,1.0000,1.0000,0.6436,1.0000,1.0000,1.0000,1.5512,1.1798
282,ELDER BREAK FOOD FORGET INSECT BETRAY,COMPLEX MARKET,0,1.3356,1.0000,1.0000,0.1780,1.0000,1.0000,1.0000,3.1749,1.1876
283,BIRD FALL,DULL BROKEN BOOK,0,1.3503,1.0000,1.0000,0.2513,1.0000,1.0000,1.0000,1.0559,1.1957
284,VAST TOOL FALL,CAR ENCRYPTED,0,1.2991,1.0000,0.8889,0.1620,0.6667,1.0000,1.0000,1.0479,1.2009
285,BIRD FOLLOW DOG HEAR SECRET DORMANT,,0,1.3000,1.0000,1.0000,0.0000,1.0000,1.0000,1.0000,2.1981,1.2058
286,COMPUTER SEE PRISON BREAK SHARP TRAPPED,BRIDGE SPREAD,0,1.2982,1.0000,0.9333,0.0910,0.8000,1.0000,1.0000,1.8913,1.2104
287,CLOCK FALL,PRISON BURN MOVE BREAK PRISON CAR BOOK FIRE ENCODE,0,1.1750,1.0000,0.5694,0.0210,0.8750,0.8333,0.0000,-0.2326,1.2087
288,PRISON,WOLF GENERATE SOLDIER CALM ELDER PRISON COMPUTER FREE FORGET COMPLEX DULL SLOW BIRD,0,1.2849,1.0000,0.9048,0.0675,0.7143,1.0000,1.0000,0.2852,1.2125
289,ROBOT MOVE ENCRYPTED CAMERA SEE TRUSTED,THINK OBEDIENT BROKEN MAN MOVE ELDER STRANGER SECRET IMAGINE FIRE ORDERED ALGORITHM GUARD SMALL DOG,0,1.2127,1.0000,0.6889,0.0302,1.0000,0.4000,0.6667,0.0050,1.2125
290,DOG FALL,,1,0.2000,0.0000,0.6667,0.0000,1.0000,1.0000,0.0000,-6.6232,1.1619
291,FOOD BURN,CORRUPTED CAMERA,0,1.3086,1.0000,1.0000,0.0432,1.0000,1.0000,1.0000,0.8139,1.1692
292,ELDER BUILD FOREST FORGET LAW SEE,LAW MOVE HOME MAP,0,1.1589,1.0000,0.5000,0.0443,0.6667,0.8333,0.0000,-0.2098,1.1687
293,LANGUAGE GROW,,1,0.2000,0.0000,0.6667,0.0000,1.0000,1.0000,0.0000,-4.7123,1.1203
294,POWER SPREAD,LAW SEED BURN WOOD THINK ELDER,0,1.2104,1.0000,0.6250,0.1147,0.8750,1.0000,0.0000,0.5385,1.1248
295,HEAVY METAL,TRUSTED FREE TRADE GENERATE FALL FALL FREE STRONG CLEAN DOG SEE DIRTY HEAR CLEAN CLOCK,0,1.3380,1.0000,1.0000,0.1902,1.0000,1.0000,1.0000,1.6215,1.1354
296,RIVER,ELDER SIMPLE BIG STRONG SOLDIER REBELLIOUS,0,1.2303,1.0000,0.6667,0.1517,1.0000,0.0000,1.0000,0.4311,1.1402
297,TRUSTED CAT TALK,RUN BRIDGE LEADER CROWD SPREAD STONE CROWD ENGINE STRANGER MOVE PATTERN,0,1.3000,1.0000,0.9697,0.0456,0.9091,1.0000,1.0000,1.7557,1.1482
298,WATER FALL,SLOW HELP GROW UPDATE BIRD,0,1.3251,1.0000,0.9524,0.1968,1.0000,0.8571,1.0000,1.0874,1.1570
299,CHAOTIC POWER,MAP PRISON CONNECTED,0,1.2589,1.0000,0.6667,0.2945,1.0000,0.0000,1.0000,0.8605,1.1621
300,NETWORK GROW,,1,0.2000,0.0000,0.6667,0.0000,1.0000,1.0000,0.0000,-5.3399,1.1140
301,WOLF ATTACK KEY FORGET CHANCE FORGET,BIRD WANT MARKET ENGINE BETRAY BIG SAD PHONE SPREAD UPDATE FALL ISOLATED EAT,0,1.2441,1.0000,0.8091,0.0070,0.7000,0.7273,1.0000,2.9622,1.1205
302,SECRET WEAPON,SPREAD HEAR ISOLATED SEED BUILD LAW HEAR TRUSTED MAN HEAR CROWD WOOD FIRE,0,1.2597,1.0000,0.7407,0.1876,0.8889,1.0000,0.3333,1.3066,1.1275
303,ROOM,GROW RUN ENCODE RUN LIE ASK CHILD UPDATE STRONG,0,1.3312,1.0000,1.0000,0.1560,1.0000,1.0000,1.0000,1.2199,1.1377
304,MEMORY GROW,WARN,0,1.2395,1.0000,0.6667,0.1973,1.0000,1.0000,0.0000,0.6264,1.1427
305,WOLF,WOLF DIRTY METAL SPREAD DIRTY METAL WOMAN CAMERA,0,1.2762,1.0000,0.9048,0.0241,0.7143,1.0000,1.0000,0.5891,1.1494
306,OPTIMAL ROBOT,CARRY SOLDIER CLEAN FALL ELDER MAN BUILD ACTIVE BUILD HOME MOVE SLOW BROKEN WOLF HEAVY,0,1.3202,1.0000,0.9583,0.1635,1.0000,1.0000,0.8750,1.5371,1.1580
307,ISOLATED RIVER,FALL BREAK HEAR DULL KNOW SIMPLE CAR GUARD BORDER ATTACK WEAPON,0,1.3196,1.0000,0.8750,0.2853,0.8750,1.0000,0.7500,1.3511,1.1660
308,DUST,BURN ROBOT CHOOSE ASHAMED WEAK POWER,0,1.3510,1.0000,1.0000,0.2550,1.0000,1.0000,1.0000,0.8206,1.1753
309,WOOD FALL,FREE MOVE KEY FAST SEED MEMORY GENERATE INSECT SPREAD,0,1.3187,1.0000,0.9028,0.2394,0.8750,0.8333,1.0000,0.7001,1.1825
310,WOLF KNOW IDENTITY BETRAY BIRD FOLLOW,BOOK ELDER DENSE RUN WOOD BUILD TRUSTED ROAD SEE HEAVY ACTIVE LEADER FALL TOOL,0,1.2925,1.0000,0.9327,0.0636,0.9091,0.8889,1.0000,2.4214,1.1880
311,VAST STONE,GUARD FAST SIMPLE CHOOSE CHOOSE CONNECTED SAD HAPPY BORDER DULL FREE MARKET CLEAN CAT SPREAD,0,1.3574,1.0000,1.0000,0.2868,1.0000,1.0000,1.0000,1.4753,1.1964
312,PRISON,SEE DOG,0,1.2449,1.0000,0.6667,0.2246,1.0000,1.0000,0.0000,0.1764,1.1989
313,WOMAN SEE HEAVY DRONE WANT FAST,MAN,1,0.2596,0.0000,0.8333,0.0479,0.5000,1.0000,1.0000,-23.1760,1.1519
314,POISON GROW,COMPUTER CLOCK TRUST,0,1.2186,1.0000,0.6667,0.0931,1.0000,1.0000,0.0000,0.3560,1.1552
315,ROBOT UPDATE DORMANT WEAK ROBOT SEE,CAMERA AUTOMATED STRONG WOMAN LAW ENCODE SPREAD WATER HAPPY SIMPLE SMALL BREAK WOLF,0,1.2677,1.0000,0.8509,0.0622,0.9000,0.8750,0.7778,1.7711,1.1609
316,WOOD BURN,DORMANT DORMANT CAT ORDERED STONE SEE SAD CLEAN TRAPPED FREE CAMERA AUTOMATED ENCRYPTED UPDATE,0,1.2873,1.0000,0.8889,0.1029,0.6667,1.0000,1.0000,0.6634,1.1672
317,TRUSTED ELDER,DULL CAMERA,0,1.2183,1.0000,0.6667,0.0915,1.0000,0.0000,1.0000,0.3717,1.1697
318,ROBOT SEE ENCRYPTED DORMANT GUARD BREAK,KNOW CLEAN FALL ROAD GROW GROW GROW,0,1.2533,1.0000,0.8381,0.0096,1.0000,0.7143,0.8000,1.5235,1.1739
319,FAST ROBOT,BUILD CHILD MAP FORGET CHOOSE CROWD HEAR BORDER CAT CITY CLOCK ENCODE ENCODE CORRUPTED COMPLEX,0,1.2656,1.0000,0.8500,0.0532,0.8000,1.0000,0.7500,0.7586,1.1785
320,FAST GUARD HEAR LAW UPDATE MAP,FORGET,0,1.2912,1.0000,0.9333,0.0560,1.0000,0.8000,1.0000,2.3419,1.1841
321,COMPLEX ENGINE HEAR BIRD GENERATE SECRET,LEADER SEE SIMPLE BURN ERROR,0,1.2118,1.0000,0.6746,0.0473,0.8571,0.6667,0.5000,0.5098,1.1855
322,STRONG WOLF TALK,,1,0.3000,0.0000,1.0000,0.0000,1.0000,1.0000,1.0000,-10.0183,1.1412
323,SIMPLE ROBOT UPDATE OPTIMAL SECRET TIME,SMALL NETWORK SOLDIER SEE CAMERA ALGORITHM OPTIMAL GROW DULL DENSE GROW FALL SPREAD TRUST,0,1.2393,1.0000,0.7546,0.0647,0.7500,0.8889,0.6250,1.7167,1.1461
324,SIMPLE TOOL,OBEDIENT DENSE TRUSTED PLAN FEAR HORSE MOVE FAIL TRUST COMPUTE,0,1.3804,1.0000,1.0000,0.4019,1.0000,1.0000,1.0000,2.0237,1.1579
325,PHONE HEAR DIRTY WOLF SEE DORMANT,DENSE CAT OBEDIENT MOVE INSECT ROOM FIRE GROW,0,1.2649,1.0000,0.8690,0.0207,0.7500,1.0000,0.8571,2.1942,1.1632
326,CITY,FALL CROWD,0,1.2283,1.0000,0.6667,0.1413,1.0000,1.0000,0.0000,0.2964,1.1665
327,TIME FAIL,,1,0.2000,0.0000,0.6667,0.0000,1.0000,1.0000,0.0000,-5.6085,1.1181
328,DOG HEAR CHAOTIC BIG COMPUTER HELP,TIME FORGET,0,1.2987,1.0000,0.9333,0.0936,1.0000,0.8000,1.0000,3.5629,1.1272
329,ORDERED ROAD,AUTOMATED SEE HAPPY,0,1.2503,1.0000,0.7778,0.0850,1.0000,1.0000,0.3333,1.0591,1.1333
330,DULL BIRD,LIE CHILD NETWORK SPREAD,0,1.3280,1.0000,0.9524,0.2115,0.8571,1.0000,1.0000,1.4735,1.1431
331,ASHAMED SOLDIER,NETWORK FALL,0,1.3316,1.0000,1.0000,0.1579,1.0000,1.0000,1.0000,1.3455,1.1525
332,INSECT GROW,,1,0.2000,0.0000,0.6667,0.0000,1.0000,1.0000,0.0000,-5.1496,1.1049
333,DORMANT DRONE FAIL,DULL SEED,0,1.3686,1.0000,1.0000,0.3430,1.0000,1.0000,1.0000,2.3943,1.1180
334,ENCRYPTED POWER GROW,FIRE TRUSTED RUN CHILD FALL PHONE,0,1.2495,1.0000,0.7778,0.0809,1.0000,0.6667,0.6667,1.0667,1.1246
335,CITY,MOVE DRONE SPREAD,0,1.2247,1.0000,0.6667,0.1235,1.0000,1.0000,0.0000,0.4483,1.1296
336,LAW GROW,MOVE LEADER HEAR SOLDIER AUTOMATED CAR BUILD BROKEN LIE SEE METAL POISON HEAR GUARD HORSE,0,1.2973,1.0000,0.9141,0.1150,0.9091,0.8333,1.0000,0.8612,1.1380
337,RULE GROW,HEAR AUTOMATED BIG,0,1.3064,1.0000,1.0000,0.0321,1.0000,1.0000,1.0000,0.8817,1.1464
338,WEAK ENGINE FAIL,,1,0.3000,0.0000,1.0000,0.0000,1.0000,1.0000,1.0000,-7.5086,1.1041
339,PATTERN FAIL,ATTACK FREE COMPUTER HEAR WANT COMPUTER CROWD,0,1.3584,1.0000,1.0000,0.2921,1.0000,1.0000,1.0000,1.8447,1.1168
340,MAP FALL,ACTIVE ELDER FALL SIMPLE WEAPON BIRD SEED UPDATE HEAR BOOK,0,1.2482,1.0000,0.7937,0.0506,0.7143,0.6667,1.0000,0.8067,1.1234
341,DEBT GROW,CARRY MEMORY BURN FEAR,0,1.1585,1.0000,0.5000,0.0424,0.7500,0.7500,0.0000,0.1694,1.1251
342,TRUSTED LEADER,ORDERED GUARD HEAR WEAPON DORMANT CHAOTIC COMPLEX THINK,0,1.2522,1.0000,0.7778,0.0941,0.5000,1.0000,0.8333,1.0554,1.1315
343,WEAK MAN FOLLOW MAN TALK,BURN UPDATE MAN MEMORY ASHAMED SHARP FREE SMALL HEAR ROAD HEAR TRUSTED SIMPLE DIRTY,0,1.2567,1.0000,0.8283,0.0411,0.6667,1.0000,0.8182,2.3777,1.1378
344,FAMOUS SIGNAL,BRIDGE HEAR FREE PLAN FORGET,0,1.3058,1.0000,0.9333,0.1292,0.8000,1.0000,1.0000,1.5451,1.1462
345,BIRD BREAK SIMPLE COMPLEX ENGINE SEE,BREAK DEAD DUST VAST SYSTEM CROWD BURN,0,1.2494,1.0000,0.7963,0.0528,0.8889,0.5000,1.0000,1.8299,1.1513
346,ELDER BREAK WEAK SECRET DOG WANT,FAMOUS HEAR WOLF,0,1.1986,1.0000,0.6278,0.0514,0.3333,0.8000,0.7500,0.8268,1.1537
347,SAD ELDER BUILD CALM SLOW CAT,PHONE SECRET HORSE,0,1.2463,1.0000,0.8000,0.0314,0.6000,1.0000,0.8000,1.8411,1.1583
348,TRAPPED DOG FALL,SOLDIER DRONE WOOD,0,1.3041,1.0000,0.9524,0.0921,0.8571,1.0000,1.0000,1.1375,1.1656
349,POWER,FALL FIRE OUTCAST GUARD FREE ROBOT CONNECTED HEAVY,0,1.3477,1.0000,1.0000,0.2384,1.0000,1.0000,1.0000,0.7409,1.1747
350,SLOW DOG,DRONE TALK OBEDIENT FALL ROBOT CHILD SEE CHILD SMALL ENCRYPTED FAIL BORDER FAST TRAPPED,0,1.3136,1.0000,0.9167,0.1931,0.8750,1.0000,0.8750,1.0725,1.1817
351,ELDER BUILD POISON ATTACK ENGINE ATTACK,BORDER KEY,0,1.2011,1.0000,0.5833,0.1303,0.7500,1.0000,0.0000,0.4151,1.1826
352,IDENTITY GROW,POISON WOMAN BOOK SENSOR ASHAMED TALK STONE MOVE DIRTY CLEAN PRISON,0,1.2942,1.0000,0.9333,0.0710,1.0000,0.8000,1.0000,0.6067,1.1882
353,DOG FORGET TRUSTED SIMPLE PLAN CARRY,OBEDIENT ISOLATED CAR FALL FALL PHONE,0,1.2668,1.0000,0.8222,0.1008,1.0000,0.8000,0.6667,1.4809,1.1921
354,ROBOT MOVE WATER FALL,,1,0.2000,0.0000,0.6667,0.0000,1.0000,1.0000,0.0000,-13.5272,1.1425
355,REBELLIOUS GUARD MOVE TOOL BREAK SAD,BIG BRIDGE PATTERN MAP LAW ASK,0,1.3419,1.0000,0.9667,0.2596,0.9000,1.0000,1.0000,4.1390,1.1525
356,MARKET,HEAR SYSTEM FALL CROWD BURN DORMANT SIMPLE DIRTY BETRAY FAIL HELP ENCRYPTED WARN DRONE GUARD,0,1.3188,1.0000,1.0000,0.0941,1.0000,1.0000,1.0000,0.8356,1.1608
357,BOOK SPREAD,ROBOT,0,1.2261,1.0000,0.6667,0.1306,1.0000,1.0000,0.0000,0.4297,1.1641
358,WEAK WOOD,MOVE ALGORITHM FAIL BREAK CALM SENSOR SEED STRANGER SECRET PLAN CAR COMPUTER FAIL,0,1.3275,1.0000,0.9030,0.2828,0.9091,1.0000,0.8000,1.2652,1.1723
359,DOG FORGET CHANCE FALL,HEAR LAW ACTIVE HAPPY ELDER TRADE,0,1.2761,1.0000,0.8413,0.1186,0.6667,0.8571,1.0000,1.3814,1.1774
360,SMALL METAL,SPREAD,0,1.3771,1.0000,1.0000,0.3853,1.0000,1.0000,1.0000,1.5782,1.1874
361,ISOLATED MOUNTAIN,DOG DIRTY,0,1.2072,1.0000,0.5556,0.2029,1.0000,0.0000,0.6667,0.1839,1.1884
362,WOOD FALL,FAIL LEADER POWER WANT ASK FALL SOLDIER FALL MOVE STRONG ASHAMED,0,1.3094,1.0000,0.9259,0.1580,1.0000,0.7778,1.0000,0.5693,1.1945
363,BOOK FALL,OBEDIENT BUILD TRUTH LEADER HELP CONNECTED SENSOR CLOCK WOLF OBEDIENT KNOW MOVE TALK CITY HELP,0,1.3053,1.0000,0.9630,0.0822,1.0000,0.8889,1.0000,0.6807,1.2000
364,DIRTY METAL,,0,1.2000,1.0000,0.6667,0.0000,1.0000,0.0000,1.0000,-0.0001,1.2000
365,PRISON,BURN BREAK DOG SHARP STRANGER COMPUTE LEADER LEADER MOVE SLOW REBELLIOUS SYSTEM GROW,0,1.3334,1.0000,1.0000,0.1671,1.0000,1.0000,1.0000,0.5004,1.2067
366,OBEDIENT BIRD FALL,SPREAD KNOW UPDATE,0,1.3397,1.0000,1.0000,0.1987,1.0000,1.0000,1.0000,1.1897,1.2133
367,STONE FALL,,1,0.2000,0.0000,0.6667,0.0000,1.0000,1.0000,0.0000,-5.5627,1.1627
368,ENCRYPTED PLAN UPDATE DULL SECRET MAP,DULL SIMPLE KEY,0,1.3307,1.0000,0.7333,0.5534,0.8000,1.0000,0.4000,2.7425,1.1711
369,CORRUPTED POISON,,0,1.2000,1.0000,0.6667,0.0000,1.0000,0.0000,1.0000,0.2346,1.1725
370,ROAD,SEE BETRAY DENSE CORRUPTED MARKET FALL BIG ROOM UPDATE BIG COMPLEX SIGNAL BUILD CHAOTIC AUTOMATED,0,1.2604,1.0000,0.8333,0.0520,0.5000,1.0000,1.0000,0.3866,1.1769
371,BOOK SPREAD,UPDATE SEE DEBT MEMORY ELDER LEADER,0,1.1895,1.0000,0.6000,0.0475,1.0000,0.8000,0.0000,0.0802,1.1775
372,DEAD METAL,ALGORITHM BREAK BURN ELDER,0,1.3926,1.0000,1.0000,0.4628,1.0000,1.0000,1.0000,1.7122,1.1883
373,DORMANT ELDER FALL,BUILD WANT ATTACK FORGET,0,1.2965,1.0000,0.9583,0.0450,1.0000,0.8750,1.0000,1.0307,1.1937
374,REBELLIOUS MAN,TIME COMPLEX ENCRYPTED GROW SEE PATTERN SEE CHOOSE HEAR PROUD ELDER MOVE ENCODE FOLLOW POISON,0,1.3190,1.0000,0.9048,0.2379,0.7143,1.0000,1.0000,0.9323,1.2000
375,SECRET WOOD,MOVE CLEAN DIRTY GUARD BURN SECRET SLOW OPTIMAL FIRE CLEAN WANT MOVE ASHAMED WEAK,0,1.2594,1.0000,0.8222,0.0635,0.8000,1.0000,0.6667,0.4507,1.2029
376,OUTCAST BOOK,SPREAD ENCODE FALL FAMOUS CORRUPTED RUN INSECT MAN ELDER,0,1.3095,1.0000,0.8333,0.2976,1.0000,1.0000,0.5000,0.8182,1.2083
377,SMALL WOOD FALL,CARRY ACTIVE MOVE UPDATE SMALL DEBT BURN SECRET SIMPLE CHANCE ELDER SEE DULL BROKEN,0,1.2932,1.0000,0.8750,0.1533,1.0000,0.8750,0.7500,0.6757,1.2125
378,BIRD SEE RIVER BREAK DULL ORDERED,DORMANT TOOL ISOLATED FREE FALL MOVE MARKET SPREAD SEE BIG SECRET STRONG TRAPPED GROW CAT,0,1.1998,1.0000,0.6460,0.0298,0.5714,0.6667,0.7000,-0.2452,1.2119
379,RULE,VAST ELDER GUARD SEE CHILD HEAR CITY COMPUTER REBELLIOUS ENGINE FIRE,0,1.3476,1.0000,1.0000,0.2380,1.0000,1.0000,1.0000,0.6106,1.2187
380,VAST SIGNAL GROW,THINK FIRE FAIL FALL CHILD WEAK POISON HEAR OUTCAST BIRD DRONE RUN FORGET MOVE OBEDIENT,0,1.2996,1.0000,0.9630,0.0533,1.0000,0.8889,1.0000,0.7332,1.2227
381,CHANCE GROW,CAR CITY,0,1.2113,1.0000,0.6667,0.0565,1.0000,1.0000,0.0000,-0.0567,1.2221
382,SYSTEM SPREAD,,1,0.2000,0.0000,0.6667,0.0000,1.0000,1.0000,0.0000,-6.3202,1.1710
383,SHARP METAL,ELDER MAN COMPLEX CHILD DIRTY FIRE GUARD SIMPLE CHOOSE CORRUPTED DOG FALL FAIL SEE,0,1.2876,1.0000,0.8778,0.1213,0.8333,1.0000,0.8000,0.8904,1.1769
384,ELDER KNOW MARKET HELP DIRTY STRONG,LIE BURN,0,1.3167,1.0000,1.0000,0.0837,1.0000,1.0000,1.0000,3.2357,1.1838
385,DOG MOVE CAR BREAK SIMPLE SMALL,FREE HEAR LAW FALL SPREAD CONNECTED CAMERA LEADER ASK DOG BUILD OUTCAST ORDERED HEAVY FAMOUS,0,1.2400,1.0000,0.7336,0.0994,0.6250,0.9091,0.6667,1.1721,1.1867
386,CONNECTED ENGINE HEAR SAD DULL ELDER,BURN TRAPPED OBEDIENT SPREAD,0,1.3327,1.0000,1.0000,0.1633,1.0000,1.0000,1.0000,2.8182,1.1940
387,ELDER FORGET DORMANT ORDERED ELDER KNOW,REBELLIOUS VAST WOMAN BURN BETRAY OPTIMAL DENSE OPTIMAL STRANGER SPREAD,0,1.1690,1.0000,0.5417,0.0326,0.0000,1.0000,0.6250,-0.4311,1.1927
388,PATTERN GROW,CAR FALL MOVE BUILD WOOD SAD REBELLIOUS CROWD FALL TRUSTED SIMPLE,0,1.3254,1.0000,0.9333,0.2271,1.0000,0.8000,1.0000,0.8766,1.1993
389,VAST POWER,,0,1.2000,1.0000,0.6667,0.0000,1.0000,0.0000,1.0000,0.0050,1.1994
390,SHARP WOMAN FALL,BURN,0,1.2823,1.0000,0.8889,0.0782,1.0000,0.6667,1.0000,0.9501,1.2035
391,ISOLATED ELDER FORGET CLEAN ANGRY BIRD,ANGRY,0,1.3290,1.0000,0.8667,0.3449,1.0000,1.0000,0.6000,2.2997,1.2098
392,SIGNAL FAIL,BRIDGE WOMAN,0,1.2774,1.0000,0.6667,0.3872,1.0000,1.0000,0.0000,0.3947,1.2132
393,NETWORK SPREAD,CAT SIGNAL,0,1.2099,1.0000,0.6667,0.0497,1.0000,1.0000,0.0000,-0.0217,1.2130
394,TIME SPREAD,ROOM CONNECTED AUTOMATED CAMERA BURN LEADER COMPUTE CLEAN BIRD LAW CHAOTIC METAL,0,1.2909,1.0000,0.9056,0.0960,0.9167,0.8000,1.0000,0.5086,1.2169
395,CAT ATTACK GUARD SEE DORMANT COMPUTER,FALL,1,0.3197,0.0000,1.0000,0.0987,1.0000,1.0000,1.0000,-20.6745,1.1721
396,TOOL GROW,BETRAY SEE CONNECTED,0,1.3503,1.0000,1.0000,0.2515,1.0000,1.0000,1.0000,1.0638,1.1810
397,REBELLIOUS STRANGER,,0,1.2000,1.0000,0.6667,0.0000,1.0000,0.0000,1.0000,0.1467,1.1819
398,DORMANT BIRD,CARRY SENSOR BIG CROWD SPREAD ELDER CLEAN CORRUPTED CLEAN ACTIVE WEAK HEAR SEED SMALL MEMORY,0,1.3044,1.0000,0.8889,0.1887,0.8889,1.0000,0.7778,0.8799,1.1880
399,METAL FALL,WEAK ALGORITHM ENCRYPTED,0,1.4139,1.0000,1.0000,0.5693,1.0000,1.0000,1.0000,0.9506,1.1993
400,FAMOUS SOLDIER,BRIDGE ENGINE BOOK COMPLEX,0,1.1836,1.0000,0.5556,0.0844,1.0000,0.0000,0.6667,-0.1418,1.1985
401,ROAD,MOVE ISOLATED TRUSTED INSECT,0,1.3278,1.0000,1.0000,0.1389,1.0000,1.0000,1.0000,0.5406,1.2050
402,PRISON,,0,1.1000,1.0000,0.3333,0.0000,1.0000,0.0000,0.0000,-0.3926,1.1998
403,DOG FORGET DORMANT TRUSTED PLAN EAT,TIME,0,1.3188,1.0000,0.9333,0.1942,0.8000,1.0000,1.0000,2.0162,1.2057
404,INSECT GROW,,1,0.2000,0.0000,0.6667,0.0000,1.0000,1.0000,0.0000,-5.4889,1.1554
405,WEAK WEAPON,BUILD ANGRY,0,1.3465,1.0000,0.8889,0.3990,1.0000,1.0000,0.6667,1.6818,1.1650
406,WATER,BIRD EAT SPREAD ELDER UPDATE STRONG SECRET ISOLATED BIG SYSTEM SLOW WOLF HEAR OPTIMAL BREAK,0,1.3341,1.0000,1.0000,0.1705,1.0000,1.0000,1.0000,0.9390,1.1734
407,TRUSTED FOOD FALL,,1,0.3000,0.0000,1.0000,0.0000,1.0000,1.0000,1.0000,-7.1297,1.1298
408,GUARD BREAK BIG ENGINE BREAK MAP,BURN BUILD KEY AUTOMATED MEMORY IMAGINE,0,1.2457,1.0000,0.7833,0.0533,0.7500,0.6000,1.0000,2.3262,1.1356
409,WEAK BIRD,FALL KEY BURN CHILD MEMORY,0,1.3008,1.0000,0.9524,0.0756,0.8571,1.0000,1.0000,1.2065,1.1438
410,TOOL SPREAD,BURN OUTCAST BURN ATTACK CAMERA ORDERED ALGORITHM MARKET SPREAD CROWD,0,1.2572,1.0000,0.8519,0.0082,0.8889,0.6667,1.0000,0.7576,1.1495
411,CHOICE GROW,HEAVY WOLF RUN BURN CAMERA HORSE SPREAD BROKEN SIGNAL CLOCK DRONE LIE SPREAD BROKEN CAMERA,0,1.2858,1.0000,0.9111,0.0626,0.9000,0.8333,1.0000,0.6852,1.1563
412,CLOCK HEAR FEAR GENERATE ENCRYPTED SLOW,ASK SLOW SOLDIER,0,1.2877,1.0000,0.8333,0.1883,1.0000,1.0000,0.5000,2.5451,1.1629
413,WATER FALL,METAL FAIL IMAGINE,0,1.2131,1.0000,0.5556,0.2320,0.6667,1.0000,0.0000,0.2884,1.1654
414,ENGINE MOVE METAL FALL,CHANCE FREE DEAD CLEAN PATTERN,0,1.3901,1.0000,1.0000,0.4507,1.0000,1.0000,1.0000,2.6478,1.1766
415,CONNECTED FIRE SPREAD,SMALL STRONG FAST CLEAN COMPUTER BUILD BROKEN KEY HEAR OBEDIENT CAT,0,1.2779,1.0000,0.9028,0.0352,0.8333,1.0000,0.8750,1.1387,1.1817
416,PROUD STRANGER TALK,SLOW DOG ENCRYPTED FALL,0,1.2733,1.0000,0.8222,0.1332,0.6667,1.0000,0.8000,0.8934,1.1863
417,ROBOT HEAR METAL HEAR LAW MOVE,FREE UPDATE INSECT,0,1.3143,1.0000,1.0000,0.0715,1.0000,1.0000,1.0000,2.4590,1.1927
418,FOREST,FAIL,0,1.2553,1.0000,0.6667,0.2764,1.0000,1.0000,0.0000,0.2669,1.1958
419,FEAR GROW,AUTOMATED CHOICE ISOLATED MOVE,0,1.2546,1.0000,0.7778,0.1064,0.6667,0.6667,1.0000,0.3110,1.1987
420,AUTOMATED IDENTITY GROW,ISOLATED,0,1.4503,1.0000,1.0000,0.7513,1.0000,1.0000,1.0000,2.1185,1.2113
421,ENGINE GENERATE SECRET CORRUPTED LAW GENERATE,,0,1.3000,1.0000,1.0000,0.0000,1.0000,1.0000,1.0000,1.3804,1.2157
422,WEAK WOOD,HEAR ENCODE MOVE CAMERA SMALL CAR FALL BURN FALL,0,1.3281,1.0000,1.0000,0.1405,1.0000,1.0000,1.0000,0.7780,1.2214
423,RULE SPREAD,FAIL SEED,0,1.1994,1.0000,0.5556,0.1635,1.0000,0.6667,0.0000,-0.1208,1.2203
424,SLOW BIRD,HEAR TOOL SMALL MEMORY,0,1.3494,1.0000,1.0000,0.2469,1.0000,1.0000,1.0000,0.9284,1.2267
425,LANGUAGE GROW,HEAR CITY BURN MOVE MAN BURN BROKEN CONNECTED MAP ROOM SOLDIER FALL DEAD,0,1.3114,1.0000,0.9524,0.1284,1.0000,0.8571,1.0000,0.4488,1.2310
426,BIRD SEE SIMPLE TRAPPED GUARD FORGET,,0,1.3000,1.0000,1.0000,0.0000,1.0000,1.0000,1.0000,1.2247,1.2344
427,TRUSTED CAT BURN,SEE LEADER,0,1.2729,1.0000,0.8889,0.0314,0.6667,1.0000,1.0000,0.4520,1.2363
428,PROUD MAN,FALL PRISON ISOLATED UPDATE BETRAY THINK DORMANT ORDERED FAST ELDER SENSOR SIMPLE CALM DOG CROWD,0,1.2602,1.0000,0.8214,0.0687,0.7143,1.0000,0.7500,0.1433,1.2375
429,AUTOMATED LEADER,BURN SPREAD BURN VAST CAMERA CONNECTED SLOW TRAPPED MOUNTAIN CORRUPTED SAD SEE CAR SMALL SAD,0,1.3248,1.0000,0.9394,0.2148,1.0000,1.0000,0.8182,0.7370,1.2419
430,SAD STRANGER,FALL CLOCK BUILD SIGNAL WOOD HEAR DOG SPREAD UPDATE DIRTY GENERATE CARRY DOG TOOL SOLDIER,0,1.2748,1.0000,0.8148,0.1518,0.7778,1.0000,0.6667,0.2495,1.2435
431,AUTOMATED CAR UPDATE AUTOMATED WEAK CAR,FAIL HEAR ALGORITHM,0,1.2833,1.0000,0.9333,0.0163,1.0000,0.8000,1.0000,0.6520,1.2455
432,BIG CAT FORGET CLEAN BIRD FORGET,WANT WANT CORRUPTED OPTIMAL GENERATE ELDER FALL MOUNTAIN CORRUPTED FORGET ELDER SPREAD,0,1.2399,1.0000,0.7944,0.0076,0.8000,0.7500,0.8333,-0.1143,1.2452
433,PROUD MAN,SPREAD,0,1.3425,1.0000,1.0000,0.2124,1.0000,1.0000,1.0000,0.5791,1.2501
434,SAD BIRD BURN,MOUNTAIN FALL WOLF BURN,0,1.1839,1.0000,0.6111,0.0030,0.5000,0.3333,1.0000,-0.5393,1.2468
435,AUTOMATED MEMORY,FALL SEE,0,1.3823,1.0000,1.0000,0.4113,1.0000,1.0000,1.0000,1.1029,1.2536
436,CROWD FOLLOW HEAVY CALM BIRD HEAR,DOG GENERATE CLEAN SLOW IMAGINE LANGUAGE,0,1.2474,1.0000,0.7635,0.0916,0.6000,0.8571,0.8333,-0.1169,1.2533
437,DOG SEE FOOD RUN,GROW,0,1.1963,1.0000,0.6000,0.0817,1.0000,0.8000,0.0000,-0.8381,1.2504
438,SIGNAL FAIL,CLOCK SEE GENERATE SMALL SLOW TRAPPED BROKEN STRONG CHANCE LEADER BURN KEY ROOM NETWORK FALL,0,1.3188,1.0000,0.9280,0.2021,0.9091,0.8750,1.0000,0.3977,1.2538
439,FAST WOLF BUILD DORMANT WEAK ELDER,,1,0.3000,0.0000,1.0000,0.0000,1.0000,1.0000,1.0000,-17.8054,1.2061
440,SYSTEM FAIL,UPDATE COMPLEX STRONG AUTOMATED ACTIVE SOLDIER FALL SAD BURN FORGET LEADER FORGET AUTOMATED IDENTITY,0,1.2692,1.0000,0.7917,0.1586,0.5000,0.8750,1.0000,0.3792,1.2093
441,CHAOTIC MAP FALL,HEAR BIRD MOVE WEAK HORSE,0,1.2560,1.0000,0.8222,0.0467,1.0000,0.8000,0.6667,0.4134,1.2116
442,ASHAMED GUARD,GUARD FAIL HORSE CLOCK BIG SIMPLE BRIDGE KEY HEAR SLOW TOOL DIRTY KNOW DRONE VAST,0,1.2764,1.0000,0.8704,0.0766,0.7778,1.0000,0.8333,0.4548,1.2149
443,MAP SPREAD,WANT DEBT SEE FEAR HAPPY CORRUPTED,0,1.3212,1.0000,1.0000,0.1062,1.0000,1.0000,1.0000,0.6746,1.2202
444,METAL FALL,,1,0.2000,0.0000,0.6667,0.0000,1.0000,1.0000,0.0000,-4.1416,1.1692
445,WOMAN WARN DULL SECRET DOG HELP,INSECT FALL MAN ORDERED WOMAN IMAGINE FALL ELDER,0,1.2023,1.0000,0.6667,0.0116,0.0000,1.0000,1.0000,0.6079,1.1708
446,HEAVY METAL,CAR BOOK SECRET,0,1.2061,1.0000,0.6000,0.1307,0.8000,0.0000,1.0000,0.2564,1.1726
447,PROUD MAN,PHONE MOVE DORMANT ATTACK THINK FAST OUTCAST ACTIVE SLOW CALM STRONG FAIL SEE TRUTH,0,1.2983,1.0000,0.9048,0.1344,1.0000,1.0000,0.7143,0.7054,1.1789
448,METAL FALL,BIG CAMERA POISON RUN ELDER WARN FALL,0,1.2613,1.0000,0.7857,0.1280,0.8571,0.5000,1.0000,0.3417,1.1830
449,MAN MOVE CLEAN SIMPLE TOOL WARN,FALL LEADER HEAR CARRY GENERATE WEAK LIE,0,1.2036,1.0000,0.6481,0.0460,0.6667,0.7778,0.5000,0.4425,1.1840
450,TRAPPED WOMAN HEAR CLOCK FORGET ENCRYPTED,HEAR SEE ENCRYPTED,0,1.1870,1.0000,0.6111,0.0182,1.0000,0.3333,0.5000,0.0607,1.1842
451,HORSE KNOW TOOL HELP SIMPLE SOLDIER,,1,0.3000,0.0000,1.0000,0.0000,1.0000,1.0000,1.0000,-20.0950,1.1400
452,VAST IDENTITY,TRADE RIVER CHOICE VAST SECRET ALGORITHM UPDATE BORDER,0,1.2254,1.0000,0.7000,0.0772,0.6000,1.0000,0.5000,0.7162,1.1442
453,CHOICE GROW,BORDER,0,1.1918,1.0000,0.5556,0.1256,0.6667,1.0000,0.0000,0.2391,1.1466
454,DOG EAT SAD DIRTY CROWD CARRY,MARKET ISOLATED SIGNAL,0,1.3366,1.0000,0.9167,0.3080,1.0000,1.0000,0.7500,3.0590,1.1561
455,PATTERN FAIL,SIMPLE CAT LEADER BROKEN SEE CALM STONE UPDATE WATER BURN,0,1.3671,1.0000,0.9524,0.4067,1.0000,0.8571,1.0000,1.3944,1.1667
456,STRONG MAN FALL,GENERATE BREAK GUARD HORSE MOVE LEADER SEE MAN BURN SLOW THINK SEE ASK DOG SIMPLE,0,1.2016,1.0000,0.6641,0.0118,0.3333,0.9091,0.7500,0.4143,1.1684
457,ACTIVE ROBOT,,0,1.2000,1.0000,0.6667,0.0000,1.0000,0.0000,1.0000,0.2469,1.1700
458,PROUD ELDER,WATER,0,1.2673,1.0000,0.6667,0.3363,1.0000,0.0000,1.0000,0.4898,1.1749
459,SYSTEM FAIL,HEAVY ERROR GROW BIRD BURN,0,1.3246,1.0000,0.9333,0.2230,0.8000,1.0000,1.0000,0.8665,1.1823
460,PATTERN GROW,GROW RUN GUARD HEAR SAD OPTIMAL SOLDIER FAMOUS FIRE BUILD DIRTY FIRE OUTCAST,0,1.2880,1.0000,0.8889,0.1066,1.0000,0.6667,1.0000,0.6671,1.1876
461,DEBT GROW,REBELLIOUS METAL IDENTITY GROW CHANCE KNOW COMPLEX,0,1.2455,1.0000,0.7778,0.0606,0.8333,0.5000,1.0000,0.3025,1.1905
462,PROUD ELDER,FALL GROW,0,1.3574,1.0000,1.0000,0.2870,1.0000,1.0000,1.0000,0.8398,1.1989
463,OUTCAST MAN,ENCODE HEAVY SENSOR SPREAD,0,1.3619,1.0000,1.0000,0.3094,1.0000,1.0000,1.0000,1.2161,1.2070
464,ELDER CHOOSE WEAK OUTCAST ELDER ATTACK,STRONG DULL CITY METAL FOLLOW FAST BURN SAD FREE DOG FALL COMPUTER WOLF,0,1.2597,1.0000,0.8261,0.0593,0.8889,0.8750,0.7143,1.0340,1.2096
465,SMALL BOOK GROW,FALL BURN KNOW OBEDIENT SMALL MOVE MAN,0,1.2447,1.0000,0.7857,0.0449,1.0000,0.8571,0.5000,0.2833,1.2114
466,ERROR FAIL,BORDER SPREAD SEE ASK FALL GROW BURN ANGRY STRANGER CAT GUARD MOVE,0,1.3429,1.0000,0.9167,0.3394,0.8333,0.9167,1.0000,0.8757,1.2180
467,CLOCK SEE PRISON FALL,RUN,0,1.1780,1.0000,0.5000,0.1398,1.0000,0.5000,0.0000,-0.5204,1.2160
468,BOOK SPREAD,ALGORITHM REBELLIOUS MOVE,0,1.3693,1.0000,1.0000,0.3465,1.0000,1.0000,1.0000,0.9361,1.2236
469,MEMORY GROW,ELDER GENERATE,0,1.2102,1.0000,0.6667,0.0511,1.0000,1.0000,0.0000,-0.0823,1.2230
470,HOME,COMPUTE GROW WOOD PLAN STRONG BETRAY THINK SIMPLE ERROR DORMANT SHARP BRIDGE CHANCE,0,1.3135,1.0000,0.9630,0.1232,0.8889,1.0000,1.0000,0.4551,1.2275
471,COMPUTER UPDATE ISOLATED ENCRYPTED BORDER FAIL,TOOL MAN GROW CAR SENSOR SIMPLE SMALL CLEAN ENCODE BURN WOMAN CAMERA HEAR,0,1.2505,1.0000,0.7368,0.1475,0.7500,0.8889,0.5714,0.3566,1.2286
472,FOOD FALL,MOVE PLAN,0,1.1993,1.0000,0.5556,0.1633,1.0000,0.6667,0.0000,-0.1570,1.2272
473,ELDER CHOOSE WOLF,SLOW BROKEN FALL SEE SMALL GROW TRUST WEAK CHAOTIC PLAN BREAK WOLF STONE,0,1.2785,1.0000,0.8631,0.0977,0.7143,0.8750,1.0000,0.6329,1.2297
474,DOG HELP VAST CONNECTED BIRD EAT,SIMPLE FORGET REBELLIOUS OUTCAST MOVE PROUD MOVE LIE ROOM OBEDIENT MEMORY ALGORITHM HEAR,0,1.2787,1.0000,0.8843,0.0671,1.0000,0.8750,0.7778,0.7616,1.2322
475,AUTOMATED PATTERN,HORSE ANGRY WATER SPREAD,0,1.3688,1.0000,1.0000,0.3438,1.0000,1.0000,1.0000,1.0479,1.2390
476,ENGINE ENCODE SECRET ORDERED LIE GENERATE,CLOCK LIE BIG CHOOSE TALK CHILD COMPUTER CAMERA BREAK CARRY PATTERN CHAOTIC BRIDGE POWER AUTOMATED,0,1.2467,1.0000,0.7121,0.1654,0.6364,1.0000,0.5000,0.1381,1.2394
477,FEAR SPREAD,FALL,0,1.2846,1.0000,0.6667,0.4228,1.0000,1.0000,0.0000,0.2552,1.2417
478,DORMANT NETWORK,SPREAD DEAD HEAR KEY HEAR CLEAN TOOL,0,1.2326,1.0000,0.7222,0.0799,0.6667,1.0000,0.5000,-0.0737,1.2412
479,CROWD HELP DULL CROWD BURN,,1,0.3000,0.0000,1.0000,0.0000,1.0000,1.0000,1.0000,-17.3816,1.1942
480,CONNECTED ROBOT,EAT GUARD FAIL ORDERED CLOCK WEAPON,0,1.2326,1.0000,0.7556,0.0299,0.6000,1.0000,0.6667,0.2982,1.1961
481,PLAN GROW,,1,0.2000,0.0000,0.6667,0.0000,1.0000,1.0000,0.0000,-6.2791,1.1463
482,PRISON,WANT WOMAN CAT ROBOT BURN,0,1.2394,1.0000,0.6667,0.1971,1.0000,1.0000,0.0000,0.3921,1.1509
483,GUARD FALL,GUARD PATTERN MAN ASHAMED STRANGER DEBT BETRAY TALK BROKEN COMPLEX BOOK WOMAN LEADER FAIL,0,1.2824,1.0000,0.9048,0.0550,0.7143,1.0000,1.0000,0.8960,1.1575
484,METAL FALL,STONE SOLDIER,0,1.1591,1.0000,0.5000,0.0454,0.5000,1.0000,0.0000,0.0067,1.1576
485,PROUD STRANGER BREAK CAMERA TALK,SEE NETWORK STRONG INSECT CROWD FALL,0,1.2086,1.0000,0.6746,0.0311,0.5000,0.8571,0.6667,0.8553,1.1601
486,CLOCK HEAR ERROR FALL,PRISON MOVE IDENTITY TRUTH CAT BREAK BREAK ROAD MOVE CHAOTIC OUTCAST CLOCK FALL WATER,0,1.2561,1.0000,0.8056,0.0723,0.7500,0.6667,1.0000,1.3695,1.1649
487,SECRET METAL,BRIDGE GROW LEADER SAD GROW LEADER MOVE DIRTY,0,1.3168,1.0000,0.9167,0.2092,1.0000,1.0000,0.7500,1.1451,1.1725
488,ELDER ATTACK BIRD TALK,SEE IDENTITY DULL TALK AUTOMATED REBELLIOUS FALL COMPUTER DENSE CHILD FEAR CALM TRUSTED LIE BREAK,0,1.2563,1.0000,0.8426,0.0174,0.7778,0.7500,1.0000,1.0929,1.1767
489,WOMAN MOVE CLEAN STRONG WEAPON EAT,SAD SOLDIER,0,1.2552,1.0000,0.8333,0.0259,0.5000,1.0000,1.0000,1.7999,1.1806
490,VAST FEAR GROW,INSECT LAW FALL FOOD FALL WEAK GUARD SECRET KEY ROOM COMPLEX CONNECTED CHOICE CAR SOLDIER,0,1.2599,1.0000,0.8632,0.0047,0.9231,0.6667,1.0000,0.6858,1.1846
491,ROOM,GUARD TRADE,0,1.2271,1.0000,0.6667,0.1355,1.0000,1.0000,0.0000,0.2340,1.1867
492,SENSOR FAIL,,1,0.2000,0.0000,0.6667,0.0000,1.0000,1.0000,0.0000,-7.3473,1.1374
493,GUARD FALL,SPREAD SEE CLOCK SPREAD,0,1.2198,1.0000,0.6667,0.0989,1.0000,1.0000,0.0000,0.5447,1.1415
494,PRISON,FOREST BIG OBEDIENT BUILD THINK MOVE MAN PLAN GUARD TOOL WANT CONNECTED SENSOR FOLLOW HEAVY,0,1.3174,1.0000,0.9667,0.1371,0.9000,1.0000,1.0000,0.7348,1.1503
495,ENCRYPTED CLOCK FAIL,STRANGER,0,1.3730,1.0000,1.0000,0.3652,1.0000,1.0000,1.0000,2.1841,1.1614
496,CONNECTED TOOL FAIL,DIRTY LEADER HEAR AUTOMATED FAMOUS CHILD KEY GROW FAIL SHARP VAST MEMORY UPDATE BREAK STONE,0,1.2383,1.0000,0.7381,0.0843,0.7143,0.7500,0.7500,0.7350,1.1653
497,OUTCAST KEY,DOG DRONE,0,1.2328,1.0000,0.6000,0.2640,0.8000,0.0000,1.0000,0.5494,1.1687
498,SAD DOG BURN,SPREAD LEADER SEE HAPPY,0,1.2599,1.0000,0.7778,0.1326,0.6667,1.0000,0.6667,0.7843,1.1732
499,DOG CARRY OUTCAST DULL CROWD EAT,STRANGER FOOD FALL FALL FALL,0,1.2386,1.0000,0.7833,0.0180,0.6000,0.7500,1.0000,1.0131,1.1765
500,SLOW DOG,FALL,0,1.3230,1.0000,1.0000,0.1151,1.0000,1.0000,1.0000,1.0481,1.1838
501,ANGRY WOMAN,SOLDIER CAT CARRY SAD GUARD RUN BORDER FEAR MOVE DULL CLEAN UPDATE CONNECTED FOOD,0,1.2593,1.0000,0.7833,0.1214,0.7500,1.0000,0.6000,0.5761,1.1876
502,WOLF BETRAY SIMPLE ORDERED ELDER MOVE,ROAD CONNECTED CALM ACTIVE,0,1.3148,1.0000,0.9524,0.1456,1.0000,1.0000,0.8571,2.3658,1.1940
503,SIMPLE ENGINE HEAR PLAN SEE FOREST,FALL WOMAN FALL,0,1.3135,1.0000,1.0000,0.0677,1.0000,1.0000,1.0000,2.4075,1.1999
504,CITY,UPDATE,0,1.2350,1.0000,0.6667,0.1750,1.0000,1.0000,0.0000,0.1529,1.2017
505,COMPUTER UPDATE ENCRYPTED SECRET TRUTH FALL,WANT VAST THINK SPREAD,0,1.3108,1.0000,0.9583,0.1163,1.0000,0.8750,1.0000,1.8230,1.2071
506,BIG BOOK GROW,BUILD PHONE FALL THINK DIRTY,0,1.2903,1.0000,0.9444,0.0349,1.0000,0.8333,1.0000,0.8100,1.2113
507,FEAR GROW,,1,0.2000,0.0000,0.6667,0.0000,1.0000,1.0000,0.0000,-5.0050,1.1607
508,CHOICE SPREAD,MAN HEAVY ASHAMED,0,1.3735,1.0000,1.0000,0.3673,1.0000,1.0000,1.0000,1.1925,1.1714
509,CLEAN PRISON,FORGET BIG CONNECTED ELDER WOMAN STRANGER ORDERED CORRUPTED CHANCE FALL,0,1.3316,1.0000,0.9524,0.2293,1.0000,1.0000,0.8571,1.1881,1.1794
510,LANGUAGE GROW,UPDATE,0,1.2161,1.0000,0.6667,0.0804,1.0000,1.0000,0.0000,0.1993,1.1812
511,BIRD WANT BROKEN CONNECTED WOLF HELP,STRONG FAST FREE IMAGINE ORDERED MEMORY,0,1.2883,1.0000,0.8381,0.1844,1.0000,0.8000,0.7143,2.1397,1.1866
512,DORMANT INSECT,FORGET HAPPY BIRD CROWD,0,1.2709,1.0000,0.7778,0.1877,0.3333,1.0000,1.0000,0.6902,1.1908
513,REBELLIOUS ELDER,STRONG ELDER DUST BURN STRONG CONNECTED MOUNTAIN,0,1.2949,1.0000,0.8889,0.1409,0.6667,1.0000,1.0000,0.6661,1.1960
514,DOG FALL,DORMANT CLEAN FALL SEE HORSE CROWD SPREAD STRANGER FALL SIGNAL HEAR KEY FALL BREAK POISON,0,1.2515,1.0000,0.8214,0.0253,0.7500,0.7143,1.0000,0.3426,1.1988
515,AUTOMATED CLOCK,MOVE FORGET BREAK SAD VAST CLEAN DENSE DULL ISOLATED TOOL,0,1.2996,1.0000,0.8519,0.2203,0.6667,1.0000,0.8889,0.7133,1.2038
516,PLAN UPDATE KEY UPDATE DORMANT OPTIMAL,BIG OUTCAST DORMANT CHOICE DOG SPREAD DULL WOLF FALL WOMAN DEAD WOOD DOG FAST ENCODE,0,1.2490,1.0000,0.7083,0.1826,0.6250,0.8333,0.6667,0.8619,1.2061
517,ANGRY BIRD FORGET BIRD FALL,UPDATE CLOCK MEMORY,0,1.3497,1.0000,1.0000,0.2485,1.0000,1.0000,1.0000,1.9803,1.2132
518,FEAR SPREAD,,1,0.2000,0.0000,0.6667,0.0000,1.0000,1.0000,0.0000,-5.6904,1.1626
519,CITY,ENCRYPTED UPDATE BRIDGE,0,1.2840,1.0000,0.8889,0.0869,0.6667,1.0000,1.0000,0.5334,1.1687
520,TRAPPED LEADER FALL,STONE MOVE BURN,0,1.2916,1.0000,0.9167,0.0830,1.0000,0.7500,1.0000,1.2340,1.1748
521,CROWD FOLLOW SIGNAL HELP DULL CONNECTED,WANT CAMERA HEAR HAPPY INSECT ATTACK ASK BIRD CITY,0,1.2620,1.0000,0.8546,0.0282,0.8889,0.8750,0.8000,1.9406,1.1792
522,SAD CAT FALL,,1,0.3000,0.0000,1.0000,0.0000,1.0000,1.0000,1.0000,-7.6345,1.1352
523,DULL MAP GROW,COMPUTER DRONE SPREAD,0,1.3065,1.0000,1.0000,0.0325,1.0000,1.0000,1.0000,1.5277,1.1438
524,TRUSTED DOG,BURN SPREAD WOOD DENSE VAST CITY BIRD LAW FALL FALL MAN IMAGINE ELDER CROWD COMPLEX,0,1.2696,1.0000,0.8704,0.0424,0.7778,1.0000,0.8333,0.8709,1.1501
525,SHARP ROBOT,,0,1.2000,1.0000,0.6667,0.0000,1.0000,0.0000,1.0000,0.3926,1.1526
526,FOREST,STRONG WOMAN GUARD MOVE HOME CALM ORDERED LIE MAN FALL POISON UPDATE LEADER FREE IMAGINE,0,1.3231,1.0000,0.9630,0.1710,0.8889,1.0000,1.0000,0.7334,1.1611
527,MAP BURN,FOLLOW GUARD NETWORK HEAVY GENERATE ISOLATED SIMPLE FIRE BUILD SOLDIER SEE COMPLEX SENSOR FALL,0,1.2855,1.0000,0.9213,0.0454,0.8750,0.8889,1.0000,0.8184,1.1673
528,WEAK CROWD HEAR GUARD FALL,SHARP KEY BURN BURN CLOCK BREAK WARN,0,1.2547,1.0000,0.8413,0.0117,1.0000,0.8571,0.6667,1.4275,1.1717
529,PRISON,,0,1.1000,1.0000,0.3333,0.0000,1.0000,0.0000,0.0000,-0.2719,1.1681
530,COMPUTER GENERATE SIMPLE SIGNAL UPDATE BROKEN,CHOOSE KEY SOLDIER DOG CAR SEE WEAK ISOLATED WARN WANT VAST DIRTY SEE DULL,0,1.3209,1.0000,0.9213,0.2226,0.8889,1.0000,0.8750,2.8396,1.1757
531,METAL FALL,GROW FOLLOW GUARD BURN,0,1.2036,1.0000,0.6111,0.1015,1.0000,0.8333,0.0000,0.1159,1.1771
532,ROAD,HEAR CROWD,0,1.2070,1.0000,0.6667,0.0350,1.0000,1.0000,0.0000,0.1250,1.1786
533,TIME GROW,WOMAN SPREAD PATTERN ROBOT DORMANT DENSE FAIL TRADE FALL LIE WEAK WEAK WEAPON UPDATE AUTOMATED,0,1.2791,1.0000,0.9259,0.0067,0.8889,0.8889,1.0000,0.5979,1.1836
534,WOLF KNOW DORMANT IDENTITY FALL,,1,0.3000,0.0000,1.0000,0.0000,1.0000,1.0000,1.0000,-16.9509,1.1395
535,METAL BURN,PATTERN FALL BREAK SMALL COMPUTER FALL SHARP INSECT SEE INSECT,0,1.2741,1.0000,0.8667,0.0704,1.0000,0.6000,1.0000,0.6864,1.1462
536,GUARD GROW,TRUSTED BUILD,0,1.2811,1.0000,0.8889,0.0722,1.0000,0.6667,1.0000,0.8984,1.1529
537,ELDER TALK,EAT FORGET KEY SIMPLE DENSE LIE SEE COMPUTER DIRTY FAST,0,1.3159,1.0000,1.0000,0.0795,1.0000,1.0000,1.0000,1.0333,1.1611
538,SECRET ROAD,SPREAD LEADER CHAOTIC ELDER FOREST SEE DENSE OUTCAST OUTCAST GROW FOREST HEAR DEBT MOVE PROUD,0,1.2771,1.0000,0.8571,0.0997,0.8571,1.0000,0.7143,0.9009,1.1669
539,SOLDIER GROW,WEAK ISOLATED NETWORK,0,1.3395,1.0000,1.0000,0.1973,1.0000,1.0000,1.0000,1.2342,1.1755
540,FOREST,COMPUTER FALL,0,1.2085,1.0000,0.6667,0.0424,1.0000,1.0000,0.0000,0.1358,1.1772
541,ROBOT COMPUTE,CHOOSE ERROR,0,1.2071,1.0000,0.6667,0.0357,1.0000,1.0000,0.0000,0.2149,1.1787
542,ROBOT UPDATE DIRTY AUTOMATED KEY COMPUTE,,0,1.3000,1.0000,1.0000,0.0000,1.0000,1.0000,1.0000,1.7886,1.1847
543,OBEDIENT ELDER BREAK SECRET TRUSTED POISON,BROKEN THINK SAD ROOM HEAR DRONE SOLDIER COMPUTER DULL ROOM BROKEN REBELLIOUS BURN,0,1.2038,1.0000,0.6676,0.0174,0.7778,0.6000,0.6250,0.2993,1.1857
544,CITY,DEAD SOLDIER FALL SPREAD FALL ELDER CHILD BIRD ELDER BURN,0,1.3296,1.0000,1.0000,0.1481,1.0000,1.0000,1.0000,0.5985,1.1929
545,FAST GUARD SEE CITY GENERATE ENCRYPTED,,0,1.3000,1.0000,1.0000,0.0000,1.0000,1.0000,1.0000,2.1500,1.1982
546,COMPLEX INSECT SPREAD,DORMANT STRANGER BURN FOREST RIVER FALL BREAK OUTCAST,0,1.3446,1.0000,0.9333,0.3232,0.8000,1.0000,1.0000,1.6110,1.2056
547,FEAR SPREAD,FALL,0,1.2846,1.0000,0.6667,0.4228,1.0000,1.0000,0.0000,0.4892,1.2095
548,BOOK GROW,ALGORITHM FALL SEE PLAN,0,1.1891,1.0000,0.6000,0.0456,1.0000,0.8000,0.0000,-0.1124,1.2085
549,PATTERN FAIL,SPREAD DIRTY SHARP SAD,0,1.2892,1.0000,0.8889,0.1127,1.0000,0.6667,1.0000,0.5019,1.2125
550,SYSTEM GROW,DENSE TALK ENCODE GUARD,0,1.3202,1.0000,1.0000,0.1012,1.0000,1.0000,1.0000,0.5976,1.2179
551,ENCRYPTED BORDER GROW,WANT CLEAN SEED MOVE BIRD DULL BIG MARKET FOREST HEAR CAR HEAR ENGINE RULE FALL,0,1.2669,1.0000,0.8413,0.0727,0.8333,0.8571,0.8333,0.4221,1.2204
552,DUST,SOLDIER WOOD TRAPPED ELDER MOVE ASHAMED BURN WOLF RUN FALL CITY DIRTY CAT,0,1.2977,1.0000,0.9583,0.0508,0.8750,1.0000,1.0000,0.3406,1.2242
553,CLOCK HEAR NETWORK UPDATE SECRET MAP,MOVE TRUSTED REBELLIOUS,0,1.3637,1.0000,0.9333,0.4186,1.0000,1.0000,0.8000,2.6675,1.2312
554,SEED GROW,,1,0.2000,0.0000,0.6667,0.0000,1.0000,1.0000,0.0000,-6.7322,1.1796
555,SLOW CROWD MOVE ORDERED CALM STRANGER,LANGUAGE FIRE OPTIMAL GUARD LEADER ACTIVE ELDER ACTIVE CONNECTED REBELLIOUS CAR BUILD MARKET FAIL CARRY,0,1.2269,1.0000,0.7259,0.0458,0.8000,0.6000,0.7778,0.9182,1.1820
556,ENGINE ENCODE VAST SIGNAL UPDATE SENSOR,ROAD MOVE IDENTITY BROKEN STRANGER FALL CARRY ISOLATED MAN,0,1.3397,1.0000,0.9667,0.2483,0.9000,1.0000,1.0000,3.0092,1.1899
557,BOOK FALL,KNOW,0,1.2214,1.0000,0.6667,0.1071,1.0000,1.0000,0.0000,0.1806,1.1915
558,SAD WOLF EAT VAST SLOW,,0,1.3000,1.0000,1.0000,0.0000,1.0000,1.0000,1.0000,1.5869,1.1969
559,FOREST,FALL SPREAD HEAR CHOICE,0,1.2312,1.0000,0.6667,0.1561,1.0000,1.0000,0.0000,0.1422,1.1986
560,SHARP ELDER FALL,,1,0.3000,0.0000,1.0000,0.0000,1.0000,1.0000,1.0000,-8.0939,1.1537
561,PROUD ELDER,TOOL LEADER GUARD BURN,0,1.2710,1.0000,0.8333,0.1051,0.5000,1.0000,1.0000,0.5457,1.1595
562,ORDERED CITY,,0,1.2000,1.0000,0.6667,0.0000,1.0000,0.0000,1.0000,0.3257,1.1616
563,SLOW WOMAN,BREAK DUST BETRAY,0,1.3027,1.0000,1.0000,0.0135,1.0000,1.0000,1.0000,1.1348,1.1686
564,PRISON,STONE ORDERED ASK CAT MOVE FEAR BUILD ANGRY,0,1.3413,1.0000,1.0000,0.2065,1.0000,1.0000,1.0000,0.6812,1.1773
565,DEBT GROW,RIVER CAT MOVE OBEDIENT LIE WANT CLOCK WOOD ELDER GROW CORRUPTED BORDER BUILD SIMPLE TRAPPED,0,1.2809,1.0000,0.8611,0.1126,0.9167,0.6667,1.0000,0.5308,1.1824
566,DULL COMPUTER FAIL,GUARD HEAVY TRUSTED STRONG WOMAN GROW,0,1.3299,1.0000,0.9444,0.2326,1.0000,1.0000,0.8333,1.4012,1.1898
567,SIMPLE TIME,THINK BREAK SENSOR SPREAD UPDATE KEY OPTIMAL RIVER COMPLEX IMAGINE,0,1.3354,1.0000,0.8889,0.3434,1.0000,1.0000,0.6667,1.1630,1.1971
568,DULL ELDER HEAR DIRTY ELDER HELP,ENGINE DOG EAT SECRET,0,1.2725,1.0000,0.8222,0.1294,0.8000,1.0000,0.6667,1.2910,1.2009
569,WOOD FALL,FALL OUTCAST SAD KEY STRONG SPREAD HAPPY,0,1.2337,1.0000,0.7222,0.0852,0.6667,0.5000,1.0000,0.1473,1.2025
570,CONNECTED CAT SEE ACTIVE HAPPY DOG,HEAR ELDER TIME CLEAN,0,1.1701,1.0000,0.5444,0.0337,0.8000,0.0000,0.8333,-0.7362,1.2009
571,AUTOMATED ENGINE,TRUSTED WARN CAR MOVE CHILD,0,1.2852,1.0000,0.8222,0.1929,0.8000,1.0000,0.6667,0.5538,1.2051
572,TRAPPED BIRD FALL,SEE ERROR,0,1.3564,1.0000,1.0000,0.2818,1.0000,1.0000,1.0000,1.0709,1.2127
573,DORMANT DOG,TRAPPED SECRET SEE NETWORK SLOW ENCODE GENERATE,0,1.3752,1.0000,0.9444,0.4592,1.0000,1.0000,0.8333,1.1221,1.2208
574,CHAOTIC TOOL,CHOOSE SPREAD HEAR ASHAMED FAIL HELP HELP SEE ERROR HEAR SEED FALL SLOW CLOCK,0,1.3339,1.0000,0.8056,0.4611,0.6667,1.0000,0.7500,1.0304,1.2264
575,COMPUTER,LANGUAGE AUTOMATED SENSOR INSECT PROUD,0,1.1711,1.0000,0.5556,0.0222,0.6667,0.0000,1.0000,-0.2564,1.2237
576,OBEDIENT STRANGER FORGET ASHAMED ACTIVE ELDER,WOLF BUILD STRANGER SPREAD WEAPON BUILD ROOM CLEAN BIG CITY BROKEN LEADER BREAK KNOW MOVE,0,1.2305,1.0000,0.7474,0.0316,0.7143,0.7500,0.7778,0.1286,1.2240
577,SIMPLE COMPUTER UPDATE CHAOTIC ORDERED MAP,ANGRY FALL OBEDIENT ELDER,0,1.3039,1.0000,0.9444,0.1027,1.0000,1.0000,0.8333,1.3371,1.2280
578,ENGINE GENERATE,ELDER MOVE DRONE,0,1.2049,1.0000,0.6000,0.1245,0.8000,1.0000,0.0000,-0.1410,1.2269
579,COMPUTER UPDATE ENCRYPTED VAST TIME UPDATE,TRAPPED PHONE FIRE FAIL FAIL GROW ISOLATED HOME FAIL OUTCAST WOMAN BREAK ELDER MOVE,0,1.2783,1.0000,0.8857,0.0631,0.8000,0.8571,1.0000,0.7388,1.2294
580,TRUTH GROW,ENCODE,0,1.2365,1.0000,0.6667,0.1823,1.0000,1.0000,0.0000,0.0429,1.2298
581,SAD WOMAN TALK,DIRTY FAIL BOOK STRONG SHARP SIMPLE WOOD TRAPPED SOLDIER ATTACK BUILD SHARP BORDER STRANGER FALL,0,1.2577,1.0000,0.8214,0.0564,0.7143,0.8750,0.8750,0.2687,1.2312
582,HEAVY KEY FALL,BURN WOOD FIRE KEY FALL HEAR CAT SOLDIER,0,1.2343,1.0000,0.7714,0.0146,0.7143,0.6000,1.0000,0.0315,1.2313
583,STONE FALL,,1,0.2000,0.0000,0.6667,0.0000,1.0000,1.0000,0.0000,-6.1471,1.1798
584,METAL BURN,STRONG CHAOTIC BRIDGE,0,1.3249,1.0000,1.0000,0.1245,1.0000,1.0000,1.0000,0.6966,1.1870
585,CONNECTED ROAD,ROBOT CITY BURN MAN MOVE NETWORK,0,1.2861,1.0000,0.9048,0.0733,0.7143,1.0000,1.0000,0.7527,1.1920
586,BRIDGE,BURN,0,1.2277,1.0000,0.6667,0.1383,1.0000,1.0000,0.0000,0.1958,1.1938
587,SIMPLE SIGNAL GROW,UPDATE FOREST,0,1.3049,1.0000,1.0000,0.0245,1.0000,1.0000,1.0000,0.9481,1.1993
588,DULL BIRD,FAMOUS FIRE,0,1.2199,1.0000,0.6667,0.0997,1.0000,0.0000,1.0000,0.1434,1.2004
589,PROUD MAN,FALL,0,1.3544,1.0000,1.0000,0.2721,1.0000,1.0000,1.0000,0.8500,1.2081
590,DRONE FALL,,1,0.2000,0.0000,0.6667,0.0000,1.0000,1.0000,0.0000,-8.1442,1.1577
591,BORDER GROW,FALL FIRE WATER UPDATE CHOICE METAL ASHAMED FAST MAN UPDATE CONNECTED CLEAN FAST ELDER SHARP,0,1.2774,1.0000,0.8963,0.0427,0.8889,0.8000,1.0000,0.6785,1.1636
592,PROUD ELDER,ASK MOVE WEAK BIRD,0,1.2766,1.0000,0.8889,0.0495,0.6667,1.0000,1.0000,0.5084,1.1693
593,MARKET,GROW,0,1.2480,1.0000,0.6667,0.2399,1.0000,1.0000,0.0000,0.3999,1.1732
594,ENGINE ENCODE SECRET FAMOUS CHANCE SEE,CORRUPTED SMALL SENSOR,0,1.3126,1.0000,0.8778,0.2463,0.8000,1.0000,0.8333,2.5071,1.1802
595,ROBOT ENCODE SECRET TRUTH UPDATE CLOCK,FREE CORRUPTED SLOW RULE GROW,0,1.2999,1.0000,0.8778,0.1828,0.8000,1.0000,0.8333,2.2944,1.1862
596,ELDER KNOW LANGUAGE BURN,TRUSTED IMAGINE RUN MOVE ERROR,0,1.2409,1.0000,0.7667,0.0543,0.8000,0.5000,1.0000,0.8336,1.1889
597,DULL WOOD,CAR TRUSTED WANT WEAPON MOVE THINK CHOOSE CLEAN BROKEN BRIDGE,0,1.3083,1.0000,0.8889,0.2083,0.8333,1.0000,0.8333,0.8326,1.1949
598,WEAK METAL,DRONE METAL FALL COMPUTE UPDATE,0,1.2946,1.0000,0.8333,0.2232,0.5000,1.0000,1.0000,0.6815,1.1999
599,WOLF FOLLOW TRAPPED ENCRYPTED SOLDIER GROW,,1,0.3000,0.0000,1.0000,0.0000,1.0000,1.0000,1.0000,-17.5123,1.1549
600,GUARD MOVE ROOM MOVE MAP HEAR,DENSE FAMOUS SPREAD BREAK DEBT UPDATE SLOW COMPUTER LEADER MOVE FAST PRISON OUTCAST MAP CHOOSE,0,1.2177,1.0000,0.6889,0.0551,0.4000,0.6667,1.0000,1.2741,1.1580
601,SECRET FOREST,SPREAD MOVE TRUST HEAR STRONG STRONG KEY FALL MOVE PATTERN STRANGER,0,1.3567,1.0000,1.0000,0.2836,1.0000,1.0000,1.0000,1.5006,1.1680
602,BORDER GROW,CARRY EAT SEED BURN GROW,0,1.1886,1.0000,0.5333,0.1430,1.0000,0.6000,0.0000,0.1133,1.1690
603,SENSOR UPDATE SIMPLE SMALL SENSOR ENCODE,UPDATE,0,1.2396,1.0000,0.7778,0.0312,1.0000,0.3333,1.0000,1.1178,1.1725
604,BIRD BREAK ENGINE FOLLOW WOLF FORGET,SOLDIER OPTIMAL SEE ELDER FAIL CAMERA TOOL,0,1.2666,1.0000,0.8677,0.0316,0.7143,0.8889,1.0000,1.7975,1.1772
605,REBELLIOUS WOLF,FALL DIRTY CLOCK FALL TRADE CROWD COMPLEX SAD GROW GROW MAP SEE CAT MEMORY COMPUTE,0,1.3164,1.0000,0.9259,0.1933,0.7778,1.0000,1.0000,0.9840,1.1842
606,CHOICE SPREAD,MOVE LAW HEAR STRONG CHILD FALL TRUSTED SIMPLE SIMPLE OUTCAST PLAN,0,1.2883,1.0000,0.8667,0.1415,0.6000,1.0000,1.0000,0.6037,1.1894
607,RIVER,DUST DORMANT TALK FAIL MAP,0,1.3268,1.0000,1.0000,0.1340,1.0000,1.0000,1.0000,0.6602,1.1963
608,FAST ROBOT,MOVE BIRD SEED,0,1.3359,1.0000,1.0000,0.1793,1.0000,1.0000,1.0000,1.1401,1.2032
609,CONNECTED PHONE,SOLDIER WARN FEAR GROW ENCODE BURN ENCODE CHANCE HEAR EAT SEE SENSOR REBELLIOUS ACTIVE,0,1.2930,1.0000,0.9048,0.1077,0.7143,1.0000,1.0000,0.8383,1.2077
610,IDENTITY GROW,ERROR BIRD,0,1.1896,1.0000,0.6000,0.0480,0.8000,1.0000,0.0000,-0.0990,1.2068
611,LANGUAGE GROW,ENCRYPTED,0,1.3628,1.0000,1.0000,0.3142,1.0000,1.0000,1.0000,0.8195,1.2146
612,SIMPLE LEADER BREAK METAL TALK,THINK,0,1.3055,1.0000,1.0000,0.0277,1.0000,1.0000,1.0000,1.5147,1.2192
613,WOMAN TALK,,1,0.2000,0.0000,0.6667,0.0000,1.0000,1.0000,0.0000,-7.2708,1.1682
614,CHAOTIC WOLF,SAD DOG VAST CONNECTED VAST PATTERN FALL CORRUPTED ASK CAT UPDATE HAPPY TALK SHARP BETRAY,0,1.2474,1.0000,0.7593,0.0979,0.5000,1.0000,0.7778,0.6812,1.1722
615,DORMANT ENGINE,LEADER LIE SEE SIMPLE,0,1.3541,1.0000,1.0000,0.2707,1.0000,1.0000,1.0000,1.3394,1.1813
616,ISOLATED BOOK FAIL,,1,0.3000,0.0000,1.0000,0.0000,1.0000,1.0000,1.0000,-8.8080,1.1372
617,SHARP METAL,FALL,0,1.3014,1.0000,1.0000,0.0068,1.0000,1.0000,1.0000,1.2007,1.1454
618,SOLDIER MOVE SECRET BOOK MOVE DULL,CROWD STRONG WEAK HELP OUTCAST CHILD,0,1.1811,1.0000,0.5833,0.0306,0.5000,1.0000,0.2500,0.7364,1.1472
619,BIRD BURN,PHONE FORGET HEAR TRAPPED STONE,0,1.3075,1.0000,1.0000,0.0377,1.0000,1.0000,1.0000,1.0743,1.1552
620,WEAK BIRD HEAR TRUSTED WEAPON HEAR,OPTIMAL DIRTY HEAVY LEADER KNOW LANGUAGE FOREST CAR SYSTEM DORMANT FREE CONNECTED INSECT SPREAD BIG,0,1.2251,1.0000,0.7212,0.0439,0.7273,0.8000,0.6364,1.1095,1.1587
621,AUTOMATED PLAN,HELP GROW FORGET,0,1.3418,1.0000,1.0000,0.2091,1.0000,1.0000,1.0000,1.3880,1.1679
622,CLEAN FOREST,HELP KNOW DOG MOVE DIRTY WOMAN FORGET,0,1.2958,1.0000,0.8889,0.1459,1.0000,1.0000,0.6667,0.9888,1.1743
623,SIMPLE LEADER HELP DOG CHOOSE SIMPLE,AUTOMATED TRAPPED CAMERA ASHAMED SEE FORGET BOOK,0,1.3086,1.0000,0.8333,0.2931,1.0000,0.8333,0.6667,2.8759,1.1810
624,OBEDIENT STRANGER FOLLOW LANGUAGE GROW,BURN SIMPLE BIG CHAOTIC WOOD,0,1.3550,1.0000,0.9333,0.3752,1.0000,0.8000,1.0000,3.2023,1.1897
625,RIVER,SEE SECRET CLOCK SEE WOMAN SEE REBELLIOUS CHOOSE COMPUTER BRIDGE VAST GUARD GUARD ASK TALK,0,1.3119,1.0000,0.9583,0.1218,0.8750,1.0000,1.0000,0.5555,1.1958
626,ROBOT BUILD COMPLEX SHARP TOOL HEAR,WARN GROW,0,1.2943,1.0000,0.9524,0.0428,1.0000,0.8571,1.0000,1.8967,1.2007
627,ROAD,SEE BUILD SEE COMPUTE KNOW PATTERN MOVE RUN,0,1.2253,1.0000,0.6667,0.1265,1.0000,1.0000,0.0000,0.0980,1.2019
628,COMPLEX DEBT GROW,TRUTH HEAR BORDER SEE ROOM BIRD,0,1.3011,1.0000,0.9524,0.0771,0.8571,1.0000,1.0000,0.8493,1.2069
629,CHAOTIC BOOK,BIRD GROW HEAR BORDER SECRET NETWORK FORGET WEAPON,0,1.2943,1.0000,0.8472,0.2008,0.8750,1.0000,0.6667,0.7393,1.2113
630,BRIDGE,MOVE SOLDIER HEAR CROWD BROKEN CALM METAL,0,1.3071,1.0000,1.0000,0.0353,1.0000,1.0000,1.0000,0.5258,1.2161
631,PROUD ELDER,BURN,0,1.3656,1.0000,1.0000,0.3280,1.0000,1.0000,1.0000,0.6511,1.2235
632,DEBT GROW,SPREAD MAP DIRTY ROOM ELDER BURN,0,1.2896,1.0000,0.9333,0.0479,1.0000,0.8000,1.0000,0.3231,1.2268
633,WOOD BURN,CITY TALK WEAK CLOCK WEAPON FAST SEED ASHAMED DOG UPDATE GUARD,0,1.3183,1.0000,0.9667,0.1416,0.9000,1.0000,1.0000,0.4355,1.2314
634,PROUD ELDER,MOVE CAMERA ELDER HEAVY SPREAD CAT MOVE PHONE COMPUTE FAIL FALL,0,1.2869,1.0000,0.8667,0.1347,0.6000,1.0000,1.0000,0.2387,1.2342
635,WOLF HEAR MAP CARRY DORMANT ASHAMED,DENSE FAST HAPPY CAMERA SPREAD ENGINE INSECT GUARD HELP FALL BREAK INSECT SPREAD CONNECTED SOLDIER,0,1.2602,1.0000,0.8463,0.0313,0.7500,0.9000,0.8889,0.5829,1.2355
636,WATER,SPREAD BROKEN BORDER MEMORY FOLLOW HELP CHAOTIC HORSE CHOOSE,0,1.3551,1.0000,1.0000,0.2753,1.0000,1.0000,1.0000,0.6584,1.2415
637,FOREST,BIRD HEAR MAN FIRE CITY TRAPPED FEAR KEY BURN RUN VAST SLOW OBEDIENT SMALL,0,1.3067,1.0000,0.9697,0.0789,0.9091,1.0000,1.0000,0.2558,1.2447
638,WOOD BURN,OPTIMAL GROW BREAK SIGNAL,0,1.2645,1.0000,0.7778,0.1558,1.0000,0.3333,1.0000,0.0913,1.2457
639,ROAD,FAIL CAR FALL DEBT TIME CROWD BREAK CHANCE UPDATE SLOW STRONG DULL CROWD,0,1.3067,1.0000,1.0000,0.0335,1.0000,1.0000,1.0000,0.2443,1.2488
640,CHOICE SPREAD,RULE FALL SENSOR HAPPY,0,1.2944,1.0000,0.9333,0.0721,0.8000,1.0000,1.0000,0.2648,1.2511
641,AUTOMATED,CONNECTED SOLDIER HEAR COMPLEX FOOD FALL BREAK FAST OPTIMAL,0,1.2996,1.0000,0.8333,0.2482,1.0000,1.0000,0.5000,0.1876,1.2535
642,BIG ENGINE UPDATE SMALL CLOCK UPDATE,SECRET MOVE ERROR CHOICE RUN FIRE GUARD DEAD NETWORK AUTOMATED FOREST LEADER ELDER,0,1.2995,1.0000,0.9722,0.0392,0.9167,1.0000,1.0000,0.8305,1.2558
643,PROUD ELDER,MARKET COMPUTE HEAR HEAVY ISOLATED WEAPON CHANCE SPREAD THINK BUILD WOOD HEAR OPTIMAL,0,1.3127,1.0000,0.9524,0.1350,1.0000,1.0000,0.8571,0.2364,1.2586
644,TIME GROW,,1,0.2000,0.0000,0.6667,0.0000,1.0000,1.0000,0.0000,-5.7501,1.2057
645,WATER FALL,FORGET GENERATE FALL ROAD ELDER CLEAN SPREAD CAT MOVE SYSTEM RUN CORRUPTED CHANCE,0,1.3049,1.0000,0.9167,0.1493,1.0000,0.7500,1.0000,0.6057,1.2107
646,SIMPLE CAR HEAR ELDER SEE PROUD,ELDER SAD ELDER BURN STRONG DENSE CHILD HEAR CAR AUTOMATED COMPLEX COMPLEX WOLF CLOCK,0,1.1303,1.0000,0.4206,0.0207,0.3333,0.5000,0.4286,-1.4410,1.2066
647,DEAD ELDER,HEAR HAPPY,0,1.3645,1.0000,1.0000,0.3223,1.0000,1.0000,1.0000,1.2528,1.2145
648,BRIDGE,ROBOT HEAR CALM CALM HEAR ENCRYPTED OUTCAST CAR KEY,0,1.3235,1.0000,1.0000,0.1174,1.0000,1.0000,1.0000,0.5727,1.2200
649,CLOCK FALL,,1,0.2000,0.0000,0.6667,0.0000,1.0000,1.0000,0.0000,-7.3939,1.1690
650,RIVER,GROW STRANGER ROOM HEAR CONNECTED ASHAMED TIME ISOLATED BIG GROW CLEAN CROWD METAL POISON FALL,0,1.2998,1.0000,0.9667,0.0491,0.9000,1.0000,1.0000,0.5626,1.1755
651,BIRD FORGET VAST SECRET TRUTH HELP,PLAN HEAR OPTIMAL HEAR PRISON GROW HEAR PLAN CAR COMPUTER KNOW WOLF HEAR HORSE MAN,0,1.2482,1.0000,0.8139,0.0203,0.7273,0.7143,1.0000,1.2677,1.1792
652,FOREST,WOMAN COMPUTE IMAGINE ELDER TALK CORRUPTED ALGORITHM WANT GROW CROWD,0,1.3363,1.0000,1.0000,0.1817,1.0000,1.0000,1.0000,0.6082,1.1870
653,PATTERN GROW,BURN SECRET CAMERA,0,1.2749,1.0000,0.8889,0.0413,1.0000,0.6667,1.0000,0.5445,1.1914
654,COMPUTER HEAR AUTOMATED VAST KEY UPDATE,WOOD STRANGER,0,1.3274,1.0000,0.9444,0.2201,0.8333,1.0000,1.0000,2.2257,1.1982
655,ACTIVE DOG HEAR WOOD SEE METAL,HEAR OBEDIENT FALL SIMPLE BROKEN WOMAN,0,1.2020,1.0000,0.6333,0.0601,0.8000,0.5000,0.6000,0.0722,1.1984
656,SIMPLE TRUTH,GROW HEAR SIMPLE,0,1.2820,1.0000,0.6667,0.4102,1.0000,1.0000,0.0000,0.6837,1.2026
657,AUTOMATED LAW,WATER LEADER UPDATE GROW MAN TRUST BRIDGE FALL SEED CROWD MOUNTAIN SEED REBELLIOUS HEAR CAT,0,1.3544,1.0000,1.0000,0.2718,1.0000,1.0000,1.0000,1.0712,1.2102
658,CONNECTED ROOM,SPREAD WANT CROWD CORRUPTED SENSOR DOG SECRET PRISON CHOOSE ROOM KNOW CHILD SPREAD RIVER FOLLOW,0,1.2660,1.0000,0.8333,0.0800,0.7500,1.0000,0.7500,0.4987,1.2130
659,TIME FAIL,ANGRY WOLF OUTCAST PATTERN,0,1.3400,1.0000,0.9333,0.2999,0.8000,1.0000,1.0000,0.7522,1.2193
660,DULL WOOD,,0,1.2000,1.0000,0.6667,0.0000,1.0000,0.0000,1.0000,-0.1340,1.2183
661,POISON FAIL,ERROR FALL MAP FALL SPREAD CARRY REBELLIOUS,0,1.2826,1.0000,0.8778,0.0964,0.8000,0.8333,1.0000,0.3982,1.2216
662,DULL SEED,WOMAN MOVE ELDER RUN HEAR DULL PROUD DOG,0,1.2653,1.0000,0.8333,0.0765,1.0000,1.0000,0.5000,0.3806,1.2237
663,CONNECTED ELDER,FOLLOW DOG HEAVY FORGET FALL TRUTH WOMAN SPREAD LANGUAGE KNOW ALGORITHM HEAR SYSTEM LANGUAGE,0,1.2811,1.0000,0.9048,0.0482,0.7143,1.0000,1.0000,0.4147,1.2266
664,ERROR SPREAD,ERROR ISOLATED,0,1.2382,1.0000,0.6667,0.1910,0.0000,1.0000,1.0000,0.0838,1.2272
665,METAL FALL,OUTCAST DULL CAMERA ELDER DORMANT BRIDGE,0,1.3208,1.0000,1.0000,0.1039,1.0000,1.0000,1.0000,0.4205,1.2319
666,CLEAN ELDER HEAR TIME BREAK FOOD,,1,0.3000,0.0000,1.0000,0.0000,1.0000,1.0000,1.0000,-18.4853,1.1853
667,METAL FALL,DORMANT DENSE GUARD GUARD,0,1.3143,1.0000,1.0000,0.0713,1.0000,1.0000,1.0000,0.5672,1.1917
668,KEY FAIL,HEAR BROKEN COMPUTER BURN COMPLEX ROBOT ELDER KNOW FREE LANGUAGE UPDATE,0,1.2875,1.0000,0.9167,0.0627,0.8750,0.8750,1.0000,0.6308,1.1965
669,ENCRYPTED NETWORK,CHANCE SPREAD ASHAMED MOVE HORSE BIRD COMPUTE SIMPLE CAR MOVE WEAK SLOW,0,1.2957,1.0000,0.8857,0.1502,0.8571,1.0000,0.8000,0.8173,1.2015
670,TRUSTED ELDER,FALL SPREAD GUARD MAN SIMPLE BROKEN RUN WOMAN PATTERN IMAGINE CLOCK SECRET METAL LIE DULL,0,1.2807,1.0000,0.8783,0.0861,0.7778,1.0000,0.8571,0.5549,1.2054
671,METAL BURN,,1,0.2000,0.0000,0.6667,0.0000,1.0000,1.0000,0.0000,-4.2913,1.1552
672,SIMPLE INSECT,,0,1.2000,1.0000,0.6667,0.0000,1.0000,0.0000,1.0000,0.3417,1.1574
673,ROBOT UPDATE SIMPLE SECRET MAP HEAR,ISOLATED MOVE OUTCAST CAMERA DULL HOME ASHAMED MAN,0,1.2741,1.0000,0.8296,0.1262,0.8889,1.0000,0.6000,1.6406,1.1632
674,DORMANT WOLF BURN,SPREAD,0,1.3470,1.0000,1.0000,0.2351,1.0000,1.0000,1.0000,1.7563,1.1724
675,BIG CAMERA GENERATE DORMANT SECRET POWER,BURN FAIL PROUD CALM DOG WARN SPREAD SIGNAL HEAR EAT OPTIMAL WOLF,0,1.2856,1.0000,0.9221,0.0447,0.8571,0.9091,1.0000,2.0159,1.1781
676,WEAK WOOD,MEMORY VAST SEED MOVE CAMERA HEAR ORDERED CONNECTED DENSE FAMOUS CLEAN CAR ACTIVE SPREAD BURN,0,1.3223,1.0000,0.9250,0.2242,0.8750,1.0000,0.9000,1.0519,1.1853
677,GUARD SEE FAMOUS ASHAMED ELDER BREAK,SHARP ANGRY RIVER FALL CAT GROW UPDATE SIMPLE CALM CAR BURN SECRET SENSOR ALGORITHM,0,1.2238,1.0000,0.6929,0.0798,0.9000,0.7500,0.4286,0.7437,1.1872
678,FOREST,PHONE FAMOUS OPTIMAL,0,1.2495,1.0000,0.6667,0.2476,1.0000,0.0000,1.0000,0.2333,1.1903
679,METAL BURN,PLAN SPREAD,0,1.2791,1.0000,0.6667,0.3957,1.0000,1.0000,0.0000,0.3825,1.1948
680,NETWORK HEAR HAPPY MAN GROW,TALK GROW FAST FREE CAMERA DOG BROKEN CHILD HEAR SLOW STRANGER METAL DRONE AUTOMATED CAT,0,1.1932,1.0000,0.6250,0.0285,0.6667,0.3333,0.8750,-0.0274,1.1947
681,CONNECTED ENGINE UPDATE COMPLEX SIMPLE PLAN,HOME CAR,0,1.3057,1.0000,0.9524,0.1002,0.8571,1.0000,1.0000,1.8410,1.2003
682,STRANGER MOVE DEAD SIMPLE LEADER FALL,,1,0.3000,0.0000,1.0000,0.0000,1.0000,1.0000,1.0000,-15.7474,1.1552
683,DUST,FOOD FAIL DOG REBELLIOUS SEED BIRD FALL RUN BETRAY SEE CROWD FALL FALL,0,1.2988,1.0000,0.9444,0.0772,0.8333,1.0000,1.0000,0.6541,1.1624
684,AUTOMATED SIGNAL,UPDATE TRUTH,0,1.2751,1.0000,0.8889,0.0420,0.6667,1.0000,1.0000,0.7454,1.1681
685,BIRD MOVE SHARP ACTIVE SEED SEE,WOLF FALL BIRD SAD LAW OBEDIENT HAPPY UPDATE,0,1.2626,1.0000,0.7996,0.1137,0.6667,0.8571,0.8750,1.8887,1.1728
686,CITY,HEAR ROBOT,0,1.2315,1.0000,0.6667,0.1575,1.0000,1.0000,0.0000,0.2399,1.1757
687,AUTOMATED KEY UPDATE SIMPLE AUTOMATED KEY,BURN,1,0.3403,0.0000,1.0000,0.2016,1.0000,1.0000,1.0000,-12.1268,1.1339
688,TRUSTED CROWD,SEE VAST ATTACK DENSE MAN WOOD FREE SOLDIER,0,1.2691,1.0000,0.8333,0.0956,0.5000,1.0000,1.0000,1.1151,1.1407
689,DULL METAL,CAT,0,1.2153,1.0000,0.6667,0.0766,1.0000,0.0000,1.0000,0.4852,1.1444
690,SECRET CROWD BURN,WANT BIG KEY GROW UPDATE FALL MOVE CARRY HOME BIG ROAD CAT BREAK AUTOMATED,0,1.2645,1.0000,0.8783,0.0048,0.8571,0.7778,1.0000,1.2679,1.1504
691,PLAN GROW,,1,0.2000,0.0000,0.6667,0.0000,1.0000,1.0000,0.0000,-6.4938,1.1029
692,MAP SPREAD,SPREAD ELDER,0,1.1132,1.0000,0.3333,0.0661,1.0000,0.0000,0.0000,0.0659,1.1034
693,LAW GROW,,1,0.2000,0.0000,0.6667,0.0000,1.0000,1.0000,0.0000,-4.7398,1.0583
694,ANGRY WOLF HEAR MAN HEAR ROBOT,HEAR CLEAN RULE MEMORY FALL,0,1.2759,1.0000,0.8333,0.1293,1.0000,0.5000,1.0000,4.6973,1.0691
695,ROBOT HEAR STRANGER UPDATE SLOW WEAK,,0,1.3000,1.0000,1.0000,0.0000,1.0000,1.0000,1.0000,4.4881,1.0807
696,PROUD ELDER,FIRE FEAR COMPLEX BREAK GENERATE,0,1.3097,1.0000,0.8889,0.2149,1.0000,1.0000,0.6667,0.9467,1.0921
697,BIRD BURN,CHILD POISON,0,1.1814,1.0000,0.6000,0.0070,0.8000,1.0000,0.0000,0.5764,1.0966
698,ENGINE SEE CITY UPDATE DULL AUTOMATED,CHAOTIC LIE LEADER LEADER EAT SECRET MARKET STRANGER SHARP ANGRY TOOL,0,1.2448,1.0000,0.7460,0.1049,0.6667,1.0000,0.5714,2.5190,1.1040
699,SYSTEM SPREAD,,1,0.2000,0.0000,0.6667,0.0000,1.0000,1.0000,0.0000,-5.9179,1.0588
700,KEY FAIL,,1,0.2000,0.0000,0.6667,0.0000,1.0000,1.0000,0.0000,-5.4900,1.0159
701,CITY,MOVE TOOL CROWD FAIL MOUNTAIN SMALL UPDATE BRIDGE RUN CROWD SAD CAMERA DENSE CAR SEE,0,1.3161,1.0000,0.9667,0.1303,0.9000,1.0000,1.0000,1.1781,1.0309
702,ROBOT ENCODE ISOLATED COMPLEX BORDER ENCODE,GUARD FALL ENGINE HEAR COMPUTER FOLLOW STONE GUARD,0,1.3129,1.0000,0.9259,0.1756,0.7778,1.0000,1.0000,4.4792,1.0450
703,WOMAN WARN DENSE ASHAMED ELDER BURN,BROKEN PATTERN FOLLOW CARRY GUARD PLAN MOVE HAPPY SIMPLE ELDER MAP CONNECTED SHARP TRUST SENSOR,0,1.2401,1.0000,0.7727,0.0413,0.7500,0.7500,0.8182,4.0472,1.0547
704,SHARP METAL,FAMOUS DENSE DRONE DENSE TRUST ROOM CROWD,0,1.3350,1.0000,1.0000,0.1750,1.0000,1.0000,1.0000,1.9216,1.0687
705,ORDERED ELDER SEE DULL DULL SOLDIER,BURN,1,0.3372,0.0000,1.0000,0.1858,1.0000,1.0000,1.0000,-14.0173,1.0322
706,DEAD WOLF,FALL,0,1.3147,1.0000,1.0000,0.0736,1.0000,1.0000,1.0000,2.4084,1.0463
707,ROBOT UPDATE MAP ENCODE CHANCE ENCODE,MEMORY ISOLATED SMALL AUTOMATED CHILD INSECT STRONG BORDER ATTACK,0,1.3088,1.0000,0.9697,0.0892,0.9091,1.0000,1.0000,4.3213,1.0594
708,ROAD,HEAR ELDER,0,1.2175,1.0000,0.6667,0.0875,1.0000,1.0000,0.0000,0.6467,1.0673
709,TRAPPED SOLDIER MOVE AUTOMATED WEAK GUARD,LEADER MAP,0,1.2582,1.0000,0.8333,0.0412,0.5000,1.0000,1.0000,3.2966,1.0769
710,DOG MOVE SIMPLE OPTIMAL ENGINE HELP,MAN GROW MAP STRONG FOLLOW TRUSTED NETWORK ALGORITHM SHARP OPTIMAL ATTACK TOOL UPDATE CAT SENSOR,0,1.2240,1.0000,0.7148,0.0477,0.7000,0.7778,0.6667,2.7827,1.0842
711,BIRD HELP TRAPPED TRUSTED BIRD KNOW,SYSTEM SIMPLE CLOCK,0,1.3343,1.0000,1.0000,0.1717,1.0000,1.0000,1.0000,4.1057,1.0967
712,CLOCK HEAR DRONE GENERATE ENCRYPTED CHAOTIC,SECRET CAMERA,0,1.2511,1.0000,0.8333,0.0054,0.7500,1.0000,0.7500,3.2356,1.1044
713,REBELLIOUS STRANGER,INSECT FAMOUS CHANCE MAN FALL SIMPLE TALK HEAVY METAL SOLDIER WANT ELDER CAT HORSE SMALL,0,1.3120,1.0000,0.9048,0.2028,0.7143,1.0000,1.0000,1.5681,1.1148
714,SYSTEM FAIL,SPREAD HAPPY SOLDIER ORDERED DULL INSECT,0,1.3042,1.0000,0.8889,0.1878,1.0000,0.6667,1.0000,1.0965,1.1243
715,AUTOMATED RULE,MOVE WOMAN MAN GROW CHANCE FALL CLOCK FALL,0,1.3475,1.0000,0.9524,0.3089,0.8571,1.0000,1.0000,1.4830,1.1355
716,DUST,STRONG FORGET SOLDIER BIG WANT CROWD,0,1.3245,1.0000,1.0000,0.1226,1.0000,1.0000,1.0000,0.8177,1.1449
717,LANGUAGE GROW,,1,0.2000,0.0000,0.6667,0.0000,1.0000,1.0000,0.0000,-4.8124,1.0977
718,OUTCAST KEY,WOLF KNOW UPDATE UPDATE ENGINE FALL BROKEN NETWORK GUARD CLEAN ORDERED DRONE,0,1.3417,1.0000,0.9583,0.2709,0.8750,1.0000,1.0000,2.0317,1.1099
719,AUTOMATED LANGUAGE,ORDERED OPTIMAL HORSE CAMERA,0,1.1274,1.0000,0.3333,0.1371,1.0000,0.0000,0.0000,0.1127,1.1107
720,PLAN UPDATE SIMPLE VAST ERROR GROW,MAN CHOICE BIRD ENCRYPTED LEADER CAT HEAR DULL ASK MOVE ALGORITHM MOVE OPTIMAL SLOW,0,1.2520,1.0000,0.7566,0.1250,0.7143,0.8889,0.6667,1.8606,1.1178
721,WOOD BURN,,1,0.2000,0.0000,0.6667,0.0000,1.0000,1.0000,0.0000,-4.1645,1.0719
722,OUTCAST WOMAN,DEAD ORDERED OPTIMAL ASK HELP HEAVY DENSE SOLDIER WOLF,0,1.2589,1.0000,0.7778,0.1279,0.3333,1.0000,1.0000,1.4840,1.0813
723,ROAD,LEADER GROW SMALL COMPUTE ENCODE BIRD,0,1.3257,1.0000,1.0000,0.1285,1.0000,1.0000,1.0000,0.9581,1.0935
724,HOME,FAIL BUILD SIGNAL FAIL,0,1.2499,1.0000,0.6667,0.2497,1.0000,1.0000,0.0000,0.8262,1.1013
725,AUTOMATED GUARD SEE CHAOTIC SHARP NETWORK,ELDER CHILD SIGNAL FALL COMPLEX DEAD COMPUTE DRONE GENERATE SEE CLEAN ENCRYPTED GROW CHANCE FALL,0,1.2001,1.0000,0.6488,0.0271,0.6250,0.7500,0.5714,1.9913,1.1062
726,SHARP CAT FOLLOW ACTIVE SHARP BIRD,COMPUTE EAT FALL STRONG TRAPPED DRONE HEAR SPREAD SEE CAMERA CHANCE ELDER CARRY,0,1.2575,1.0000,0.8472,0.0166,0.8750,1.0000,0.6667,3.2501,1.1138
727,DRONE UPDATE ISOLATED ENCRYPTED BORDER SEE,CHILD HEAR OUTCAST SOLDIER PROUD ANGRY,0,1.2222,1.0000,0.6333,0.1610,1.0000,0.5000,0.4000,1.8755,1.1192
728,CHOICE GROW,WOLF,0,1.2116,1.0000,0.6667,0.0578,1.0000,1.0000,0.0000,0.4654,1.1238
729,ERROR FAIL,EAT HEAR DORMANT BROKEN DEBT CHAOTIC BIG SIMPLE,0,1.4086,1.0000,0.8889,0.7097,0.6667,1.0000,1.0000,1.8207,1.1381
730,SECRET FOREST,,0,1.2000,1.0000,0.6667,0.0000,1.0000,0.0000,1.0000,0.4321,1.1412
731,LANGUAGE SPREAD,FALL CONNECTED TRUSTED BIG DEBT LEADER FOOD CORRUPTED BURN WANT MAN HEAR WOMAN LIE GENERATE,0,1.3100,1.0000,0.9213,0.1683,0.8750,0.8889,1.0000,0.9814,1.1496
732,WOLF HELP DIRTY WOLF GROW,,1,0.3000,0.0000,1.0000,0.0000,1.0000,1.0000,1.0000,-15.0007,1.1071
733,FOREST,ASK TRADE SMALL CAR CARRY KNOW KEY FALL BURN,0,1.3210,1.0000,1.0000,0.1051,1.0000,1.0000,1.0000,0.8022,1.1178
734,FEAR GROW,BUILD OBEDIENT,0,1.2713,1.0000,0.8889,0.0230,1.0000,0.6667,1.0000,0.8605,1.1255
735,ANGRY STRANGER,BURN FALL SOLDIER,0,1.2352,1.0000,0.6667,0.1759,0.0000,1.0000,1.0000,0.8501,1.1310
736,CHAOTIC DEBT,,0,1.2000,1.0000,0.6667,0.0000,1.0000,0.0000,1.0000,0.5903,1.1344
737,WEAK CROWD GROW,FALL BREAK SEED BROKEN DRONE DRONE MOVE BREAK TOOL CHILD AUTOMATED CLEAN ROBOT RULE MOVE,0,1.2478,1.0000,0.8037,0.0333,0.7778,0.8000,0.8333,1.0959,1.1401
738,CHAOTIC COMPUTER HEAR OBEDIENT ASHAMED MAN,BROKEN REBELLIOUS MAN BREAK MAP WARN SOLDIER CAMERA SOLDIER SPREAD BIG VAST FOOD SPREAD SEE,0,1.1952,1.0000,0.6429,0.0118,0.4286,0.7500,0.7500,1.1834,1.1429
739,NETWORK HEAR DOG SPREAD,BIRD ANGRY,0,1.3003,1.0000,0.8333,0.2513,0.5000,1.0000,1.0000,1.8357,1.1507
740,ROBOT FALL,,1,0.2000,0.0000,0.6667,0.0000,1.0000,1.0000,0.0000,-6.2304,1.1032
741,WEAK ENGINE FAIL,,1,0.3000,0.0000,1.0000,0.0000,1.0000,1.0000,1.0000,-6.0114,1.0630
742,CITY,CLOCK TOOL SOLDIER PRISON SIGNAL FAIL,0,1.1973,1.0000,0.5926,0.0974,0.7778,1.0000,0.0000,0.5011,1.0697
743,OUTCAST GUARD,FALL RUN WOLF STRONG BREAK LIE BURN HEAR FAST SIMPLE FIRE,0,1.2887,1.0000,0.8857,0.1151,0.8571,1.0000,0.8000,1.5877,1.0807
744,COMPLEX DEBT GROW,,1,0.3000,0.0000,1.0000,0.0000,1.0000,1.0000,1.0000,-6.5991,1.0417
745,BIG SEED GROW,BREAK GROW IDENTITY KEY LEADER BURN TRUST CLOCK BROKEN ERROR ACTIVE BREAK OBEDIENT,0,1.2640,1.0000,0.8296,0.0754,0.8889,0.6000,1.0000,2.4745,1.0528
746,PHONE HEAR METAL FALL,,1,0.2000,0.0000,0.6667,0.0000,1.0000,1.0000,0.0000,-10.0487,1.0101
747,DEAD POISON,ROAD HAPPY FALL FALL,0,1.3855,1.0000,1.0000,0.4275,1.0000,1.0000,1.0000,3.3314,1.0289
748,ANGRY CROWD HELP DIRTY DORMANT GUARD,MAP CAT MOVE HAPPY RULE,0,1.2788,1.0000,0.8968,0.0488,0.8571,1.0000,0.8333,4.4558,1.0414
749,TRUSTED ELDER,HEAR LIE OBEDIENT MAN SEE KNOW OBEDIENT FOOD OPTIMAL OPTIMAL BIRD GROW,0,1.2681,1.0000,0.8381,0.0836,0.7143,1.0000,0.8000,1.5506,1.0527
750,SIGNAL GROW,FALL,0,1.2242,1.0000,0.5556,0.2879,1.0000,0.6667,0.0000,0.9957,1.0613
751,OBEDIENT ELDER BUILD ROAD BUILD SECRET,SECRET CHOOSE CLOCK DORMANT TRUSTED CLEAN ALGORITHM TIME RIVER REBELLIOUS,0,1.2404,1.0000,0.7762,0.0379,0.9000,1.0000,0.4286,3.3829,1.0703
752,FOREST,PRISON,0,1.1014,1.0000,0.2222,0.1735,0.6667,0.0000,0.0000,0.1100,1.0718
753,ROAD,CHAOTIC GUARD CHILD,0,1.2296,1.0000,0.6667,0.1482,1.0000,0.0000,1.0000,0.5925,1.0797
754,ENCRYPTED TRUTH GROW,,1,0.3000,0.0000,1.0000,0.0000,1.0000,1.0000,1.0000,-6.6824,1.0407
755,CLEAN METAL BURN,,1,0.3000,0.0000,1.0000,0.0000,1.0000,1.0000,1.0000,-6.3294,1.0037
756,NETWORK GROW,MOVE PATTERN,0,1.1767,1.0000,0.5556,0.0504,1.0000,0.6667,0.0000,1.0469,1.0123
757,TRUSTED BIRD FOLLOW STRANGER HEAR TRUSTED,MAN FALL SIMPLE PRISON,0,1.2661,1.0000,0.8667,0.0304,0.6000,1.0000,1.0000,5.1266,1.0250
758,CITY,GUARD CLOCK FAIL CLOCK,0,1.2272,1.0000,0.6667,0.1361,1.0000,1.0000,0.0000,0.7321,1.0351
759,RIVER,HEAR RULE FALL SAD ELDER,0,1.3210,1.0000,1.0000,0.1050,1.0000,1.0000,1.0000,1.2691,1.0494
760,FOREST,UPDATE HORSE,0,1.2185,1.0000,0.6667,0.0924,1.0000,1.0000,0.0000,0.6122,1.0579
761,BIRD HELP DORMANT CONNECTED STRANGER ATTACK,ELDER FALL,1,0.2343,0.0000,0.7778,0.0049,0.3333,1.0000,1.0000,-13.6182,1.0167
762,CITY,CAR ERROR FALL BIRD GUARD PHONE FALL CHILD UPDATE TALK SEE TRADE,0,1.2203,1.0000,0.6667,0.1013,1.0000,1.0000,0.0000,0.7249,1.0269
763,ENGINE MOVE DUST HEAR LANGUAGE MOVE,HEAVY HELP WOMAN,0,1.3190,1.0000,1.0000,0.0952,1.0000,1.0000,1.0000,5.7292,1.0415
764,BOOK SPREAD,,1,0.2000,0.0000,0.6667,0.0000,1.0000,1.0000,0.0000,-5.4328,0.9994
765,PROUD ELDER,FALL,0,1.3673,1.0000,1.0000,0.3363,1.0000,1.0000,1.0000,1.6178,1.0178
766,WATER BURN,LIE BREAK RUN HEAR SYSTEM GENERATE BURN POWER GROW CAR MOVE DORMANT ROBOT MEMORY FEAR,0,1.3085,1.0000,0.9259,0.1534,1.0000,0.7778,1.0000,1.6687,1.0323
767,DEAD GUARD,CONNECTED MOUNTAIN SEE OBEDIENT ELDER FOOD,0,1.3067,1.0000,0.8222,0.3000,0.6667,1.0000,0.8000,2.2645,1.0461
768,AUTOMATED PATTERN,GROW EAT WANT,0,1.3738,1.0000,1.0000,0.3691,1.0000,1.0000,1.0000,2.3035,1.0624
769,ELDER MOVE CHILD ASK CONNECTED DIRTY,ATTACK FREE KEY HEAR VAST DORMANT DIRTY BREAK OBEDIENT MEMORY FALL BETRAY PLAN NETWORK DORMANT,0,1.2639,1.0000,0.8519,0.0416,1.0000,0.7778,0.7778,4.9836,1.0725
770,SEED GROW,TRUST,0,1.2748,1.0000,0.6667,0.3739,1.0000,1.0000,0.0000,1.3515,1.0826
771,DULL STONE,COMPUTER SEE BROKEN ACTIVE FALL MOVE CORRUPTED POISON MOVE COMPLEX WEAK ROBOT FALL DORMANT DORMANT,0,1.2715,1.0000,0.8333,0.1075,0.8333,1.0000,0.6667,1.7194,1.0921
772,REBELLIOUS WOMAN,DORMANT SHARP WEAK HEAR DORMANT FOREST,0,1.4038,1.0000,0.9444,0.6022,1.0000,1.0000,0.8333,2.1376,1.1077
773,STRANGER FORGET ACTIVE BIRD CARRY OUTCAST,STRONG,0,1.3039,1.0000,1.0000,0.0196,1.0000,1.0000,1.0000,3.9907,1.1175
774,ERROR FAIL,TRUSTED WEAK FREE WARN BUILD STONE SPREAD PATTERN HEAR CHAOTIC WARN FALL BIRD CAR SLOW,0,1.3544,1.0000,0.9296,0.3773,0.8889,0.9000,1.0000,1.4851,1.1293
775,WOMAN EAT WEAK SMALL HORSE BUILD,DIRTY WEAK SAD CARRY BORDER,0,1.2547,1.0000,0.7833,0.0984,1.0000,0.7500,0.6000,2.0648,1.1356
776,CITY,DEAD SOLDIER MOVE SIMPLE ELDER BURN,0,1.3511,1.0000,1.0000,0.2555,1.0000,1.0000,1.0000,0.7250,1.1464
777,SIGNAL SPREAD,SENSOR BORDER AUTOMATED CALM TOOL ASK SEE ASHAMED WOLF TRADE CHANCE ENCODE MEMORY FALL BIG,0,1.2842,1.0000,0.8926,0.0819,0.7778,0.9000,1.0000,0.8453,1.1533
778,ENGINE UPDATE VAST SECRET TIME ENCODE,ELDER ENCRYPTED DORMANT BRIDGE DOG GUARD BIG COMPUTER KEY,0,1.2924,1.0000,0.8864,0.1327,0.9091,1.0000,0.7500,1.9164,1.1602
779,CITY,HEAR MEMORY GUARD HEAR FORGET ORDERED NETWORK CAT WOLF OPTIMAL BREAK SHARP FALL,0,1.3226,1.0000,1.0000,0.1130,1.0000,1.0000,1.0000,0.5348,1.1683
780,POISON GROW,SEED BIG HORSE BOOK ERROR,0,1.2895,1.0000,0.9583,0.0101,0.8750,1.0000,1.0000,0.7405,1.1744
781,PRISON,STRANGER TRUSTED PHONE GENERATE ERROR FALL,0,1.3093,1.0000,1.0000,0.0464,1.0000,1.0000,1.0000,0.5801,1.1811
782,NETWORK GROW,DEBT CAMERA HEAR POWER PHONE,0,1.1893,1.0000,0.6111,0.0300,0.8333,1.0000,0.0000,0.0473,1.1815
783,BRIDGE,BURN PRISON LAW BORDER LIE,0,1.1987,1.0000,0.6111,0.0767,0.8333,1.0000,0.0000,0.0869,1.1824
784,RIVER,CAT ACTIVE BUILD BIRD CAR GENERATE DIRTY THINK WANT FREE,0,1.3318,1.0000,1.0000,0.1592,1.0000,1.0000,1.0000,0.6371,1.1899
785,SMALL TOOL SPREAD,SPREAD SHARP WOMAN LEADER HEAR BURN BUILD KEY TRADE STONE HEAR BROKEN CROWD,0,1.2544,1.0000,0.7926,0.0829,0.6000,0.7778,1.0000,0.6239,1.1931
786,TIME SPREAD,FALL GUARD CHILD,0,1.2554,1.0000,0.6667,0.2772,1.0000,1.0000,0.0000,0.4171,1.1962
787,COMPUTER BREAK SIMPLE CAMERA BREAK SMALL,SHARP LANGUAGE SEED DRONE COMPUTE FREE DEAD WANT WOLF OBEDIENT CHANCE FALL IDENTITY,0,1.2883,1.0000,0.9221,0.0584,0.9091,0.8571,1.0000,2.0167,1.2008
788,RIVER,CHILD,0,1.1096,1.0000,0.3333,0.0482,1.0000,0.0000,0.0000,-0.3772,1.1963
789,ROBOT ENCODE CONNECTED SECRET DUST UPDATE,DULL STONE MOVE UPDATE GUARD TRUSTED DEBT BREAK LEADER BURN TRUTH LAW BURN GROW CONNECTED,0,1.2130,1.0000,0.6214,0.1330,0.9000,0.7143,0.2500,0.2143,1.1971
790,TRUSTED RULE,FALL SENSOR SHARP DOG BIRD SLOW ENGINE GUARD SAD AUTOMATED ROOM MOVE CLEAN CORRUPTED,0,1.3471,1.0000,0.9524,0.3072,1.0000,1.0000,0.8571,1.0915,1.2046
791,ERROR FAIL,FOLLOW,0,1.2764,1.0000,0.6667,0.3821,1.0000,1.0000,0.0000,0.4301,1.2082
792,TRUSTED PLAN GROW,SECRET GROW GROW MOVE SEE SIMPLE UPDATE TOOL,0,1.2799,1.0000,0.8214,0.1672,1.0000,0.7143,0.7500,0.5894,1.2118
793,BIRD FORGET TIME HELP SAD SIMPLE,SLOW INSECT GUARD BREAK GUARD MOVE FAMOUS NETWORK HEAR OPTIMAL LIE DUST FALL FORGET CHOOSE,0,1.2205,1.0000,0.7222,0.0194,0.7000,0.8000,0.6667,0.1699,1.2122
794,CONNECTED METAL FALL,CLEAN CAMERA BUILD METAL OPTIMAL WOLF ELDER SPREAD HEAR HOME SIMPLE FAMOUS FREE WEAPON BURN,0,1.2543,1.0000,0.7890,0.0880,0.7778,0.8750,0.7143,0.3784,1.2143
795,STRANGER EAT CORRUPTED ORDERED WEAPON CARRY,LIE SEE TOOL EAT,0,1.2348,1.0000,0.7556,0.0407,0.6667,0.6000,1.0000,0.3185,1.2153
796,TRAPPED GUARD HEAR CHAOTIC VAST MAP,CHAOTIC UPDATE HAPPY PRISON CAT LEADER STRANGER CAMERA BUILD DEBT HEAR PLAN CHOOSE LIE DIRTY,0,1.2528,1.0000,0.7794,0.0947,0.8462,0.7143,0.7778,0.6771,1.2172
797,BOOK BURN,WOOD SPREAD UPDATE DEAD,0,1.2946,1.0000,0.8889,0.1394,0.6667,1.0000,1.0000,0.5050,1.2211
798,ROAD,KEY CHOOSE WOLF STRONG,0,1.3184,1.0000,1.0000,0.0921,1.0000,1.0000,1.0000,0.3644,1.2259
799,CITY,SPREAD CHOICE TRUSTED LEADER LEADER,0,1.3153,1.0000,1.0000,0.0765,1.0000,1.0000,1.0000,0.2767,1.2304
800,TRAPPED DOG BURN,CONNECTED PLAN CONNECTED ROAD POISON PRISON METAL HAPPY DUST FOOD SPREAD MOVE WEAPON FALL ACTIVE,0,1.2807,1.0000,0.8889,0.0701,1.0000,0.8333,0.8333,0.3737,1.2329
801,FOREST,PLAN SEE,0,1.2222,1.0000,0.6667,0.1108,1.0000,1.0000,0.0000,-0.0388,1.2324
802,SMALL WOOD BURN,CHILD ALGORITHM KNOW AUTOMATED OBEDIENT LEADER FALL,0,1.3154,1.0000,0.9333,0.1772,1.0000,0.8000,1.0000,0.6738,1.2365
803,SMALL MAP FAIL,SEE KEY HEAR COMPUTER PROUD TOOL DRONE,0,1.3019,1.0000,0.9333,0.1096,0.8000,1.0000,1.0000,0.5652,1.2398
804,ROAD,WOLF LEADER FIRE HEAR LIE PRISON CALM DULL SECRET HEAR CHANCE GUARD CLEAN ACTIVE DULL,0,1.2916,1.0000,0.9333,0.0579,0.8000,1.0000,1.0000,0.1889,1.2424
805,COMPUTER GENERATE SIMPLE SIGNAL UPDATE SECRET,CAR,0,1.3082,1.0000,0.9333,0.1408,0.8000,1.0000,1.0000,1.0225,1.2457
806,HEAVY MAP GROW,PHONE GUARD SLOW SIMPLE MEMORY TIME SOLDIER ACTIVE CLOCK,0,1.3116,1.0000,1.0000,0.0580,1.0000,1.0000,1.0000,0.6058,1.2490
807,CITY,MOVE REBELLIOUS ENGINE CARRY SMALL BUILD SHARP WOLF,0,1.3504,1.0000,1.0000,0.2522,1.0000,1.0000,1.0000,0.3085,1.2541
808,CITY,SPREAD WATER GROW CAT ENCRYPTED CAT,0,1.3363,1.0000,1.0000,0.1817,1.0000,1.0000,1.0000,0.2481,1.2582
809,AUTOMATED ENGINE,DORMANT SLOW ASK ATTACK BURN STRONG SEED CAR,0,1.2951,1.0000,0.8778,0.1586,0.8000,1.0000,0.8333,0.2193,1.2600
810,SLOW STRANGER,POISON FALL,0,1.3326,1.0000,1.0000,0.1631,1.0000,1.0000,1.0000,0.6070,1.2636
811,WATER FALL,FAIL FALL LEADER BIG KEY HEAVY SOLDIER,0,1.2578,1.0000,0.7667,0.1392,0.8000,0.5000,1.0000,-0.0348,1.2634
812,BIRD FORGET KEY WANT FOREST HELP,CROWD CAR TALK DORMANT NETWORK BIRD BETRAY FOOD ENCRYPTED PHONE WEAPON SEE WEAK DOG BREAK,0,1.2443,1.0000,0.8121,0.0035,0.6364,0.8000,1.0000,-0.3659,1.2624
813,POWER GROW,ASK STRANGER RUN CHILD KEY,0,1.1961,1.0000,0.6000,0.0806,1.0000,0.8000,0.0000,-0.3751,1.2591
814,ROBOT GENERATE COMPLEX FAMOUS CHANCE UPDATE,ROBOT DIRTY CHANCE MOVE STRANGER RUN VAST SIGNAL SPREAD UPDATE STRANGER FALL GUARD SYSTEM,0,1.2417,1.0000,0.7381,0.1013,0.5000,0.7143,1.0000,-0.2606,1.2582
815,SIMPLE,,0,1.1000,1.0000,0.3333,0.0000,0.0000,0.0000,1.0000,-0.6276,1.2503
816,SIMPLE RULE GROW,FAIL,0,1.3433,1.0000,1.0000,0.2165,1.0000,1.0000,1.0000,0.7364,1.2550
817,DUST,COMPLEX CHILD,0,1.2244,1.0000,0.6667,0.1220,1.0000,0.0000,1.0000,-0.1283,1.2534
818,AUTOMATED SIGNAL,SEE FAST,0,1.3139,1.0000,0.8889,0.2360,1.0000,1.0000,0.6667,0.3657,1.2565
819,CITY,MOUNTAIN ROBOT FOREST,0,1.1162,1.0000,0.2667,0.1810,0.8000,0.0000,0.0000,-0.4023,1.2494
820,ORDERED SIGNAL,HEAR FAMOUS,0,1.3104,1.0000,0.8889,0.2189,1.0000,1.0000,0.6667,0.5407,1.2525
821,SIGNAL GROW,FAIL COMPLEX HOME OBEDIENT,0,1.3074,1.0000,1.0000,0.0369,1.0000,1.0000,1.0000,0.2938,1.2552
822,SECRET TOOL,ATTACK MAN DUST PLAN STRANGER AUTOMATED HEAVY ANGRY RUN SIMPLE DORMANT CONNECTED BRIDGE,0,1.3184,1.0000,0.8889,0.2587,0.8889,1.0000,0.7778,0.5175,1.2584
823,LANGUAGE GROW,HEAR DIRTY SHARP METAL,0,1.3547,1.0000,1.0000,0.2736,1.0000,1.0000,1.0000,0.4887,1.2632
824,OUTCAST ELDER FALL,DEAD FALL GUARD TRUST ISOLATED DEAD FORGET BREAK CAMERA,0,1.1808,1.0000,0.5556,0.0708,0.5000,0.6667,0.5000,-0.7573,1.2591
825,TRAPPED WOLF BURN,FALL HEAR ENCODE TALK LANGUAGE WOMAN DOG TRUST TRAPPED STRONG CLOCK SLOW SIMPLE ORDERED,0,1.2468,1.0000,0.7603,0.0934,0.7143,0.9000,0.6667,-0.1093,1.2585
826,RULE GROW,RIVER KEY HEAR DULL MAN KNOW MOVE ENCODE SPREAD FOOD OUTCAST CORRUPTED WEAK,0,1.3048,1.0000,0.9630,0.0794,1.0000,0.8889,1.0000,0.2311,1.2608
827,ENCRYPTED TIME GROW,DORMANT SECRET DRONE,0,1.3160,1.0000,1.0000,0.0802,1.0000,1.0000,1.0000,0.4952,1.2636
828,SIGNAL FAIL,MOVE FEAR SPREAD,0,1.1812,1.0000,0.4889,0.1724,0.6667,0.8000,0.0000,-0.4119,1.2594
829,OUTCAST ELDER MOVE SECRET CHAOTIC CITY,SLOW INSECT FAIL BURN FALL TIME FREE ENGINE,0,1.2679,1.0000,0.8519,0.0615,0.8889,0.8333,0.8333,0.1357,1.2599
830,BIRD HEAR PROUD SAD MAN HEAR,FORGET CORRUPTED REBELLIOUS SPREAD CROWD FALL BUILD BIG BROKEN DRONE BETRAY FALL OPTIMAL CHILD BURN,0,1.2328,1.0000,0.7623,0.0205,0.6000,0.9091,0.7778,-0.4475,1.2585
831,SIMPLE RULE SPREAD,CORRUPTED PHONE SOLDIER CHILD UPDATE MOVE HELP FREE ELDER STRONG UPDATE FALL WOOD OBEDIENT ENGINE,0,1.2902,1.0000,0.8472,0.1803,1.0000,0.8750,0.6667,0.2748,1.2601
832,WEAPON GROW,SHARP MAP BROKEN HEAR DOG CROWD SEE TOOL SLOW ACTIVE STRONG SOLDIER SEE METAL OUTCAST,0,1.2736,1.0000,0.9048,0.0108,0.7143,1.0000,1.0000,0.0890,1.2608
833,DORMANT CAMERA,BREAK BIG OBEDIENT TALK WOLF STRANGER BETRAY HORSE BURN BORDER WEAK MAP POISON WEAK REBELLIOUS,0,1.3111,1.0000,0.9524,0.1268,1.0000,1.0000,0.8571,0.4636,1.2633
834,CLEAN INSECT GROW,,1,0.3000,0.0000,1.0000,0.0000,1.0000,1.0000,1.0000,-9.7589,1.2151
835,KEY FAIL,,1,0.2000,0.0000,0.6667,0.0000,1.0000,1.0000,0.0000,-6.8061,1.1644
836,HAPPY ELDER,NETWORK DOG HAPPY KEY ROBOT BORDER SEED FALL TALK,0,1.2040,1.0000,0.6333,0.0700,0.9000,1.0000,0.0000,0.3313,1.1663
837,FAST ENGINE ENCODE SIGNAL UPDATE ISOLATED,RULE COMPLEX CITY MAN SPREAD ASK MAN DIRTY ENCRYPTED INSECT,0,1.2500,1.0000,0.7111,0.1833,0.9000,0.8333,0.4000,1.5576,1.1705
838,FOREST,ASK MOVE CITY HOME FAIL HEAR MOUNTAIN COMPUTER DORMANT HEAVY,0,1.2776,1.0000,0.8667,0.0882,0.6000,1.0000,1.0000,0.3999,1.1759
839,HEAVY WOLF,SPREAD CAR SEE MAN,0,1.2838,1.0000,0.9333,0.0189,0.8000,1.0000,1.0000,0.9218,1.1813
840,ROAD,CAR WOMAN SEE FAMOUS,0,1.3101,1.0000,1.0000,0.0504,1.0000,1.0000,1.0000,0.4533,1.1877
841,TRUSTED CHOICE,SPREAD DUST FOLLOW CLEAN SIMPLE ROBOT DOG ASK ROBOT BURN GROW HEAVY ROOM RULE,0,1.3075,1.0000,0.9221,0.1544,0.9091,1.0000,0.8571,0.8337,1.1937
842,TRUSTED CROWD,RUN,0,1.3432,1.0000,1.0000,0.2160,1.0000,1.0000,1.0000,1.0531,1.2012
843,VAST DEBT GROW,,1,0.3000,0.0000,1.0000,0.0000,1.0000,1.0000,1.0000,-7.9092,1.1561
844,DIRTY CITY,ENCRYPTED SPREAD FALL CAR,0,1.3214,1.0000,1.0000,0.1072,1.0000,1.0000,1.0000,1.1683,1.1644
845,IDENTITY GROW,BUILD SECRET SECRET GROW FIRE SEE NETWORK,0,1.2807,1.0000,0.8667,0.1033,1.0000,0.6000,1.0000,0.6949,1.1702
846,PROUD ELDER,,0,1.2000,1.0000,0.6667,0.0000,1.0000,0.0000,1.0000,0.1396,1.1717
847,ASHAMED STRANGER,POWER FAIL,0,1.4096,1.0000,1.0000,0.5482,1.0000,1.0000,1.0000,1.5774,1.1836
848,ENGINE HEAR SAD BIRD UPDATE SIMPLE,CARRY POISON EAT FREE OPTIMAL HEAR GUARD STRONG SOLDIER WOMAN BREAK KEY SEE,0,1.2363,1.0000,0.7738,0.0207,0.7143,0.7500,0.8571,0.9711,1.1862
849,TRUSTED LAW,CAT WEAPON,0,1.2679,1.0000,0.6667,0.3395,1.0000,0.0000,1.0000,0.5946,1.1903
850,SHARP ELDER SEE SEED SEE SAD,SEED,0,1.2525,1.0000,0.8333,0.0124,0.5000,1.0000,1.0000,1.3515,1.1934
851,MARKET,FORGET,0,1.2288,1.0000,0.6667,0.1440,1.0000,1.0000,0.0000,0.1821,1.1952
852,ERROR FAIL,TRUSTED METAL HEAR TRUSTED CAR,0,1.3782,1.0000,1.0000,0.3909,1.0000,1.0000,1.0000,1.1230,1.2043
853,PROUD ELDER,HEAR WEAPON SECRET POISON RIVER PHONE COMPLEX PROUD BOOK ENCODE,0,1.2921,1.0000,0.8667,0.1605,1.0000,1.0000,0.6000,0.4096,1.2087
854,REBELLIOUS GUARD MOVE ISOLATED CONNECTED MAP,SPREAD IDENTITY METAL FOLLOW SEE FREE CALM CHILD ROBOT LANGUAGE FALL,0,1.2279,1.0000,0.6963,0.0951,0.7000,0.8889,0.5000,0.3822,1.2097
855,FOREST,SHARP CHAOTIC POISON,0,1.2106,1.0000,0.6667,0.0528,1.0000,0.0000,1.0000,0.0032,1.2097
856,WOLF MOVE DIRTY TRUSTED WEAPON HEAR,ANGRY ALGORITHM FALL PHONE EAT FOREST SLOW WOMAN FIRE TRADE CAMERA,0,1.2265,1.0000,0.7341,0.0313,0.7273,0.8750,0.6000,0.3308,1.2106
857,TRUSTED FEAR GROW,GUARD SEE PLAN OPTIMAL FALL CHAOTIC HAPPY FOOD ROBOT,0,1.2614,1.0000,0.8296,0.0627,0.8889,0.8000,0.8000,0.3800,1.2131
858,BORDER SPREAD,FALL,0,1.2788,1.0000,0.6667,0.3940,1.0000,1.0000,0.0000,0.4296,1.2164
859,OPTIMAL CLOCK ENCODE PLAN UPDATE AUTOMATED,GUARD SMALL CLEAN HEAR ROOM COMPUTER CHOOSE BREAK POISON OUTCAST LEADER GUARD BIRD,0,1.3110,1.0000,0.9246,0.1681,0.9167,1.0000,0.8571,1.8070,1.2211
860,TRAPPED BIRD FALL,WARN,0,1.3568,1.0000,1.0000,0.2838,1.0000,1.0000,1.0000,1.0118,1.2279
861,ROAD,MAP STONE GROW SPREAD,0,1.2085,1.0000,0.6667,0.0424,1.0000,1.0000,0.0000,-0.0667,1.2269
862,ROAD,HEAR LIE,0,1.2067,1.0000,0.6667,0.0333,1.0000,1.0000,0.0000,-0.0692,1.2259
863,SHARP WOOD BURN,SEED CHOOSE WOLF BURN,0,1.2528,1.0000,0.7667,0.1140,0.8000,0.5000,1.0000,0.2313,1.2273
864,OPTIMAL TRUTH GROW,WEAPON SPREAD MOVE WEAPON,0,1.2972,1.0000,0.9333,0.0862,1.0000,0.8000,1.0000,0.7200,1.2308
865,BIRD FORGET TRUSTED SIMPLE SIGNAL FALL,CAT SLOW LAW FALL,0,1.1721,1.0000,0.5667,0.0103,0.4000,0.5000,0.8000,-0.9701,1.2278
866,ENCRYPTED LAW,GROW CLOCK DEBT CHILD HOME AUTOMATED STRANGER FOLLOW,0,1.2097,1.0000,0.5833,0.1735,0.7500,1.0000,0.0000,-0.1454,1.2269
867,CITY,HELP DOG UPDATE BURN WANT CAMERA CHILD PHONE BROKEN COMPUTER HELP WANT CORRUPTED PRISON CAT,0,1.2908,1.0000,0.9048,0.0969,0.7143,1.0000,1.0000,0.1899,1.2301
868,BRIDGE,GROW,0,1.2326,1.0000,0.6667,0.1628,1.0000,1.0000,0.0000,0.0124,1.2302
869,ISOLATED CITY,REBELLIOUS,0,1.3700,1.0000,0.6667,0.8501,1.0000,0.0000,1.0000,0.9741,1.2372
870,MARKET,MOVE FEAR FOLLOW,0,1.2162,1.0000,0.6667,0.0810,1.0000,1.0000,0.0000,-0.1078,1.2362
871,WOOD BURN,CORRUPTED SOLDIER SEE SIGNAL CHILD ENCODE FALL OUTCAST HEAR CALM LANGUAGE BUILD LAW DEBT WANT,0,1.3269,1.0000,0.9630,0.1903,1.0000,0.8889,1.0000,0.4304,1.2407
872,BORDER SPREAD,RUN ENCODE LEADER WARN CORRUPTED WEAK DORMANT GUARD BREAK BUILD ANGRY,0,1.3372,1.0000,0.9630,0.2418,1.0000,0.8889,1.0000,0.6136,1.2455
873,ROAD,FALL,0,1.2333,1.0000,0.6667,0.1667,1.0000,1.0000,0.0000,-0.0424,1.2449
874,AUTOMATED LEADER,BREAK ORDERED WOOD,0,1.2316,1.0000,0.6667,0.1581,1.0000,1.0000,0.0000,-0.1003,1.2443
875,MAN WARN SAD PROUD MAN BURN,CLOCK FALL,0,1.3047,1.0000,0.9333,0.1236,1.0000,0.8000,1.0000,1.1966,1.2473
876,ENCRYPTED RULE FAIL,CHANCE FOLLOW SEE SYSTEM BIG ENCODE DIRTY VAST CHILD HEAR INSECT,0,1.3082,1.0000,0.9048,0.1839,0.8571,0.8571,1.0000,0.5195,1.2503
877,CITY,DENSE FALL,0,1.3777,1.0000,1.0000,0.3887,1.0000,1.0000,1.0000,0.3643,1.2567
878,TRUSTED PLAN SPREAD,BUILD MOUNTAIN ASK CLOCK,0,1.3364,1.0000,1.0000,0.1820,1.0000,1.0000,1.0000,0.6463,1.2607
879,CHAOTIC CHANCE,ERROR CLOCK SMALL GROW,0,1.4677,1.0000,0.9333,0.9385,0.8000,1.0000,1.0000,1.8713,1.2710
880,ELDER MOVE CLEAN WEAK BIRD SEE,ISOLATED BREAK CHOOSE FREE TRUTH GROW FAIL,0,1.2775,1.0000,0.8704,0.0820,1.0000,0.7778,0.8333,0.1301,1.2714
881,CALM GUARD BURN,UPDATE CONNECTED ROBOT,0,1.2926,1.0000,0.8889,0.1295,1.0000,1.0000,0.6667,0.1997,1.2724
882,RULE GROW,MEMORY WOMAN MOVE SHARP DRONE SPREAD BIRD BIRD BRIDGE DORMANT ELDER BIG TOOL DENSE FOOD,0,1.2896,1.0000,0.9056,0.0895,0.9167,0.8000,1.0000,0.0824,1.2733
883,REBELLIOUS MAN,WEAPON MEMORY,0,1.2841,1.0000,0.6667,0.4205,1.0000,0.0000,1.0000,0.0749,1.2738
884,WOOD BURN,SOLDIER BURN MOVE BIRD ELDER WATER GROW,0,1.1463,1.0000,0.4444,0.0650,0.8333,0.5000,0.0000,-0.5865,1.2674
885,ENGINE UPDATE CHAOTIC VAST ERROR HEAR,NETWORK ATTACK HAPPY HORSE FORGET DULL BIG SOLDIER MOVE HAPPY ENCODE LEADER,0,1.2409,1.0000,0.7488,0.0815,0.8750,0.8000,0.5714,-0.3499,1.2661
886,BIRD HEAR LEADER HELP CROWD HEAR,DORMANT CONNECTED INSECT TRUSTED SEED BURN,0,1.2708,1.0000,0.8667,0.0542,0.6000,1.0000,1.0000,0.0941,1.2664
887,GUARD BREAK CHAOTIC CLEAN POISON HEAR,ISOLATED FEAR,0,1.3847,1.0000,0.9333,0.5233,1.0000,1.0000,0.8000,2.0357,1.2723
888,TRUSTED POISON FALL,BOOK GENERATE CROWD FALL GUARD LEADER SYSTEM TRUTH CAT,0,1.2462,1.0000,0.7963,0.0364,0.8889,0.5000,1.0000,-0.2320,1.2710
889,ELDER HELP PROUD SECRET WOMAN HEAR,SAD FAST ELDER,1,0.1425,0.0000,0.4667,0.0126,0.0000,1.0000,0.4000,-17.1176,1.2145
890,TOOL BURN,DORMANT INSECT RUN BIG MARKET SPREAD DENSE BROKEN BROKEN CAMERA BREAK DULL MOVE MEMORY KEY,0,1.2586,1.0000,0.8148,0.0706,0.7778,0.6667,1.0000,0.2636,1.2167
891,GUARD GROW,SYSTEM LANGUAGE MOVE POISON MOVE ENGINE BROKEN SOLDIER,0,1.2511,1.0000,0.8148,0.0332,0.7778,0.6667,1.0000,0.2292,1.2185
892,OUTCAST MAP,DRONE TRUSTED GUARD DRONE ALGORITHM ELDER KEY SEE DULL LANGUAGE GROW,0,1.2891,1.0000,0.7917,0.2579,0.8750,1.0000,0.5000,0.4888,1.2220
893,PROUD STRANGER TRADE BIG TRUSTED BIRD,FALL FALL RULE WOLF UPDATE MOVE ENCODE,0,1.2814,1.0000,0.8667,0.1071,0.6000,1.0000,1.0000,0.9213,1.2250
894,ROAD,ACTIVE CARRY ORDERED MAN,0,1.3231,1.0000,1.0000,0.1154,1.0000,1.0000,1.0000,0.3529,1.2299
895,ELDER BURN,WOMAN HEAR,0,1.1017,1.0000,0.3333,0.0087,0.0000,1.0000,0.0000,-0.8816,1.2235
896,MAN CHOOSE CITY TRUST GUARD RUN,FOREST BORDER INSECT,0,1.1876,1.0000,0.5714,0.0810,0.7143,1.0000,0.0000,-0.8452,1.2217
897,RULE GROW,SIMPLE CLEAN BIRD MOVE CAR OBEDIENT ROBOT HEAR CHOICE LEADER MARKET MOVE WEAPON DUST TRAPPED,0,1.2836,1.0000,0.9077,0.0565,0.9231,0.8000,1.0000,0.2954,1.2248
898,STONE BURN,SMALL CARRY CAMERA FALL DORMANT MAN GROW CARRY FOREST HEAR TRADE FALL COMPUTER TALK HEAR,0,1.3117,1.0000,0.9667,0.1087,1.0000,0.9000,1.0000,0.5346,1.2291
899,DORMANT SEED,SOLDIER,0,1.2505,1.0000,0.6667,0.2523,1.0000,0.0000,1.0000,0.1739,1.2302
900,SLOW BIRD,CORRUPTED BIRD COMPLEX,0,1.0922,1.0000,0.2500,0.0860,0.0000,0.0000,0.7500,-1.0239,1.2233
901,SECRET ROAD,BIRD UPDATE SPREAD CALM BUILD ROOM SAD BURN PLAN COMPLEX TRADE,0,1.2700,1.0000,0.8222,0.1165,0.6667,1.0000,0.8000,0.3227,1.2256
902,CITY,MOVE WOLF SOLDIER DORMANT STONE TALK MEMORY CHAOTIC ORDERED LANGUAGE EAT CLOCK MAN,0,1.3219,1.0000,1.0000,0.1093,1.0000,1.0000,1.0000,0.2690,1.2304
903,ROAD,SPREAD DORMANT WOLF TOOL SPREAD WANT FAST ISOLATED GUARD UPDATE CHAOTIC ERROR SAD COMPUTER FALL,0,1.3151,1.0000,1.0000,0.0757,1.0000,1.0000,1.0000,0.2994,1.2347
904,CLOCK HEAR AUTOMATED TRAPPED LEADER FAIL,AUTOMATED DRONE BURN,0,1.2365,1.0000,0.7667,0.0323,0.8000,1.0000,0.5000,0.0317,1.2348
905,TRUSTED FOOD FALL,SENSOR MOVE,0,1.2988,1.0000,0.8889,0.1605,1.0000,0.6667,1.0000,0.5934,1.2380
906,SMALL GUARD GROW,GUARD SPREAD FOOD,0,1.2580,1.0000,0.8333,0.0399,0.5000,1.0000,1.0000,0.1910,1.2390
907,ANGRY MAN,SEE CALM FAST,0,1.3177,1.0000,0.9167,0.2136,1.0000,1.0000,0.7500,0.5900,1.2429
908,FAMOUS PRISON,GUARD ATTACK,0,1.3442,1.0000,1.0000,0.2209,1.0000,1.0000,1.0000,0.9049,1.2480
909,BIRD BURN,CHILD COMPUTE MEMORY POWER ACTIVE,0,1.3233,1.0000,0.9444,0.2001,0.8333,1.0000,1.0000,0.5005,1.2517
910,ROAD,KNOW CHAOTIC COMPLEX CHANCE,0,1.3167,1.0000,1.0000,0.0833,1.0000,1.0000,1.0000,0.2211,1.2550
911,FEAR GROW,,1,0.2000,0.0000,0.6667,0.0000,1.0000,1.0000,0.0000,-5.6740,1.2022
912,ROAD,OPTIMAL FALL,0,1.3287,1.0000,1.0000,0.1437,1.0000,1.0000,1.0000,0.4299,1.2086
913,PLAN FAIL,CORRUPTED WEAPON FAST,0,1.4313,1.0000,1.0000,0.6564,1.0000,1.0000,1.0000,1.4703,1.2197
914,CITY,STRANGER OUTCAST MAP,0,1.2750,1.0000,0.6667,0.3749,1.0000,0.0000,1.0000,0.1553,1.2225
915,ENGINE UPDATE AUTOMATED DIRTY KEY UPDATE,BROKEN CLOCK HEAR PROUD CONNECTED SIMPLE CLOCK,0,1.2255,1.0000,0.6528,0.1482,0.3333,1.0000,0.6250,0.0356,1.2226
916,AUTOMATED PATTERN,BUILD WOLF,0,1.3661,1.0000,1.0000,0.3305,1.0000,1.0000,1.0000,0.9968,1.2298
917,ANGRY MAN,BURN ORDERED DOG ELDER SOLDIER,0,1.2523,1.0000,0.7778,0.0949,0.3333,1.0000,1.0000,0.1613,1.2309
918,COMPUTER GENERATE DORMANT AUTOMATED PLAN UPDATE,WOOD BURN COMPUTER MAN,0,1.3178,1.0000,0.9167,0.2141,0.7500,1.0000,1.0000,1.1001,1.2353
919,TRAPPED INSECT,LEADER HEAR FAST CLOCK KEY LEADER FALL BUILD FALL UPDATE CHILD HEAR CLEAN CHOICE AUTOMATED,0,1.3389,1.0000,0.9583,0.2570,0.8750,1.0000,1.0000,0.7782,1.2404
920,CITY,MOVE FIRE CHILD CARRY STRANGER,0,1.2580,1.0000,0.6667,0.2898,1.0000,1.0000,0.0000,0.0494,1.2413
921,SHARP MAN EAT WOOD KNOW VAST,UPDATE ASHAMED FOREST RIVER BREAK GUARD BURN RUN ACTIVE CAMERA HEAR TOOL OBEDIENT WEAK GUARD,0,1.2358,1.0000,0.7639,0.0332,0.6250,0.7778,0.8889,-0.1161,1.2410
922,DULL CROWD MOVE TOOL FORGET LAW,UPDATE SEE METAL COMPUTE ELDER PLAN FAIL ROOM GENERATE DULL WOMAN POWER SYSTEM BREAK MOVE,0,1.1434,1.0000,0.4545,0.0350,0.6364,0.7273,0.0000,-2.1060,1.2362
923,VAST BORDER GROW,DULL FALL SIMPLE SEED THINK PROUD BIRD,0,1.3031,1.0000,0.9333,0.1155,1.0000,0.8000,1.0000,0.6497,1.2395
924,SHARP ROBOT,SECRET LEADER WOLF,0,1.2186,1.0000,0.6667,0.0930,1.0000,0.0000,1.0000,-0.1615,1.2385
925,PATTERN FAIL,GUARD PATTERN TOOL BRIDGE DULL STONE BIRD FALL KEY SMALL CONNECTED HOME FALL TALK HEAR,0,1.3524,1.0000,0.9394,0.3531,0.8182,1.0000,1.0000,0.6815,1.2442
926,RIVER,MAP HEAR TIME FALL ANGRY BURN,0,1.3151,1.0000,1.0000,0.0755,1.0000,1.0000,1.0000,0.3130,1.2477
927,FOREST,,0,1.1000,1.0000,0.3333,0.0000,1.0000,0.0000,0.0000,-0.5615,1.2403
928,AUTOMATED LAW,CHILD WEAK ORDERED PATTERN THINK CHILD MOVE SAD DORMANT TIME MOVE ENGINE HEAR CAT ORDERED,0,1.3047,1.0000,0.8677,0.2220,0.8889,1.0000,0.7143,0.4289,1.2435
929,AUTOMATED CAMERA,BURN,0,1.3400,1.0000,1.0000,0.2002,1.0000,1.0000,1.0000,0.7020,1.2484
930,CITY,FOLLOW,0,1.2159,1.0000,0.6667,0.0794,1.0000,1.0000,0.0000,-0.0935,1.2467
931,AUTOMATED BORDER,,0,1.2000,1.0000,0.6667,0.0000,1.0000,0.0000,1.0000,-0.3007,1.2444
932,SIGNAL GROW,FALL BUILD DIRTY RULE HELP STRONG MAP,0,1.2845,1.0000,0.8778,0.1057,0.8000,0.8333,1.0000,0.2245,1.2464
933,DORMANT CROWD BURN,BURN COMPUTE,0,1.2920,1.0000,0.8333,0.2100,1.0000,0.5000,1.0000,0.3716,1.2487
934,LAW GROW,,1,0.2000,0.0000,0.6667,0.0000,1.0000,1.0000,0.0000,-5.9268,1.1962
935,FAMOUS CHOICE,,0,1.2000,1.0000,0.6667,0.0000,1.0000,0.0000,1.0000,0.0325,1.1964
936,OUTCAST POISON,WEAK GUARD CHAOTIC SECRET CAT COMPLEX,0,1.2073,1.0000,0.5333,0.2364,1.0000,0.0000,0.6000,0.0760,1.1970
937,SIMPLE CLOCK MOVE SECRET ROAD MOVE,WOLF ROBOT,0,1.2822,1.0000,0.8889,0.0776,0.6667,1.0000,1.0000,1.4377,1.2012
938,CHAOTIC MAN,CROWD FORGET UPDATE CALM FOREST PATTERN,0,1.3425,1.0000,0.8889,0.3791,0.6667,1.0000,1.0000,1.2460,1.2083
939,CONNECTED SEED BURN,,1,0.3000,0.0000,1.0000,0.0000,1.0000,1.0000,1.0000,-9.1749,1.1629
940,SLOW,STRANGER BORDER CROWD ELDER FALL FOLLOW IMAGINE WOMAN MOVE BROKEN ROAD STRONG UPDATE ORDERED FREE,0,1.4423,1.0000,0.9524,0.7828,1.0000,1.0000,0.8571,1.4466,1.1769
941,CONNECTED DOG FORGET AUTOMATED TRUSTED KEY,FOOD GUARD PATTERN WANT ROBOT SPREAD CHAOTIC FREE FREE LEADER CHOICE BURN,0,1.2400,1.0000,0.7857,0.0214,0.6667,0.8571,0.8333,1.0276,1.1800
942,ROAD,TALK THINK SPREAD PRISON TRUSTED METAL SPREAD SLOW CALM GUARD DORMANT SENSOR ELDER,0,1.2807,1.0000,0.9167,0.0285,0.7500,1.0000,1.0000,0.3147,1.1850
943,ROBOT UPDATE DORMANT ORDERED,IMAGINE,0,1.3599,1.0000,1.0000,0.2996,1.0000,1.0000,1.0000,2.2418,1.1938
944,CHANCE SPREAD,FAIL,0,1.1970,1.0000,0.5556,0.1518,1.0000,0.6667,0.0000,0.0193,1.1940
945,ROBOT HEAR TRAPPED GUARD MOVE CLEAN,DULL BUILD FORGET FALL CHOICE,0,1.2572,1.0000,0.8381,0.0290,1.0000,0.7143,0.8000,1.4353,1.1971
946,RULE GROW,SLOW VAST OBEDIENT BREAK SENSOR HEAR DORMANT TRUSTED WEAK MEMORY FALL BREAK BROKEN CAT SEE,0,1.2939,1.0000,0.8968,0.1245,0.8571,0.8333,1.0000,0.4572,1.2020
947,WOOD BURN,FALL GROW,0,1.1781,1.0000,0.5833,0.0157,1.0000,0.7500,0.0000,-0.1132,1.2008
948,TRUTH SPREAD,,1,0.2000,0.0000,0.6667,0.0000,1.0000,1.0000,0.0000,-6.1971,1.1507
949,HEAVY GUARD,ORDERED ROBOT GROW,0,1.3179,1.0000,1.0000,0.0893,1.0000,1.0000,1.0000,1.3375,1.1591
950,AUTOMATED ENGINE,SEED FREE EAT FALL GROW TALK IDENTITY ASHAMED BIRD DORMANT FREE BROKEN CALM COMPLEX CALM,0,1.3035,1.0000,0.9048,0.1604,1.0000,1.0000,0.7143,0.7973,1.1663
951,SYSTEM SPREAD,DRONE IMAGINE GUARD,0,1.2429,1.0000,0.6667,0.2143,1.0000,1.0000,0.0000,0.4977,1.1701
952,BROKEN SOLDIER MOVE COMPUTER BURN,ORDERED CAR HEAR ENCODE MOVE CARRY GUARD FAIL SEED BREAK,0,1.2235,1.0000,0.7321,0.0194,0.5714,0.6250,1.0000,0.9253,1.1728
953,DIRTY ELDER KNOW DULL AUTOMATED GUARD,PLAN,0,1.3289,1.0000,1.0000,0.1443,1.0000,1.0000,1.0000,2.9225,1.1806
954,CALM BIRD BURN,CLOCK WOLF,0,1.2566,1.0000,0.8333,0.0328,0.5000,1.0000,1.0000,0.6546,1.1844
955,CONNECTED BIRD FORGET SIGNAL FORGET AUTOMATED,REBELLIOUS FAIL HEAR KEY FALL ERROR ALGORITHM HEAR ASHAMED BIRD SENSOR HORSE ACTIVE HEAR ASHAMED,0,1.2459,1.0000,0.7857,0.0507,0.5000,0.8571,1.0000,1.1804,1.1875
956,PROUD WOMAN,FAIL BURN GUARD PHONE,0,1.2860,1.0000,0.8333,0.1800,0.5000,1.0000,1.0000,0.5542,1.1924
957,TRUSTED MAP BURN,,1,0.3000,0.0000,1.0000,0.0000,1.0000,1.0000,1.0000,-6.8951,1.1478
958,ELDER HELP BIRD HEAR BIRD HEAR,DORMANT CHANCE TRAPPED COMPUTER MOVE LAW,0,1.3361,1.0000,1.0000,0.1807,1.0000,1.0000,1.0000,3.8012,1.1572
959,LAW SPREAD,CAR,0,1.2395,1.0000,0.6667,0.1977,1.0000,1.0000,0.0000,0.5074,1.1613
960,REBELLIOUS LEADER,,0,1.2000,1.0000,0.6667,0.0000,1.0000,0.0000,1.0000,0.2978,1.1633
961,ASHAMED SOLDIER,FALL FAIL HEAR COMPUTER BURN,0,1.3143,1.0000,1.0000,0.0713,1.0000,1.0000,1.0000,1.0994,1.1708
962,TRUSTED CHOICE,,0,1.2000,1.0000,0.6667,0.0000,1.0000,0.0000,1.0000,0.1942,1.1723
963,INSECT SPREAD,BIG MAN OUTCAST FALL CAT BIRD DEAD BREAK SHARP ENGINE BREAK,0,1.3077,1.0000,0.8667,0.2385,0.6000,1.0000,1.0000,0.8799,1.1790
964,CITY,HEAR DOG TRAPPED ATTACK AUTOMATED TRUST SEED,0,1.3246,1.0000,1.0000,0.1232,1.0000,1.0000,1.0000,0.4524,1.1863
965,TRUSTED SIGNAL SPREAD,PLAN CROWD BRIDGE DORMANT SAD ERROR FALL LEADER FIRE DRONE SIMPLE PROUD CONNECTED ASHAMED,0,1.2752,1.0000,0.8442,0.1098,0.8182,1.0000,0.7143,0.6419,1.1908
966,REBELLIOUS STRANGER,FREE CAR,0,1.1443,1.0000,0.3333,0.2215,1.0000,0.0000,0.0000,-0.2968,1.1884
967,CHOICE SPREAD,ROBOT BURN ENGINE TRUTH DOG,0,1.2093,1.0000,0.6190,0.1179,0.8571,1.0000,0.0000,0.1141,1.1895
968,CLEAN METAL GROW,KEY DOG MOVE WEAK DRONE BREAK ANGRY TRUST BIRD SIMPLE TRUTH FALL CLEAN GUARD BURN,0,1.2447,1.0000,0.7820,0.0503,0.8889,0.8571,0.6000,0.5159,1.1922
969,ROAD,CLOCK HEAR RIVER,0,1.1901,1.0000,0.6000,0.0507,0.8000,1.0000,0.0000,-0.0066,1.1921
970,FAMOUS SIGNAL,DUST CORRUPTED ROBOT SMALL CLEAN TRUTH,0,1.1963,1.0000,0.5714,0.1245,0.8571,0.0000,0.8571,0.0350,1.1923
971,TRAPPED ELDER FORGET SEED GROW,SOLDIER FOLLOW CARRY GUARD,0,1.2397,1.0000,0.7857,0.0200,0.5000,0.8571,1.0000,0.7655,1.1947
972,ROBOT HEAR LANGUAGE ENCODE SIGNAL UPDATE,FAMOUS PHONE CAR FALL ROAD CALM DENSE BREAK RIVER KEY WEAK EAT,0,1.3289,1.0000,0.9697,0.1898,0.9091,1.0000,1.0000,2.3882,1.2014
973,ELDER HEAR LAW BURN,CAR,0,1.2095,1.0000,0.6667,0.0473,1.0000,1.0000,0.0000,0.1186,1.2018
974,SYSTEM FAIL,,1,0.2000,0.0000,0.6667,0.0000,1.0000,1.0000,0.0000,-5.6604,1.1517
975,FOREST,TRADE DRONE,0,1.2346,1.0000,0.6667,0.1728,1.0000,1.0000,0.0000,0.3395,1.1559
976,DULL LEADER FORGET DUST BUILD DORMANT,FAST OUTCAST BREAK SAD COMPUTER SIMPLE DUST HEAR CHANCE HEAR TRAPPED CHILD HELP INSECT,0,1.2018,1.0000,0.6574,0.0227,0.5556,0.7500,0.6667,1.0499,1.1582
977,LAW SPREAD,MOVE BURN HAPPY,0,1.3631,1.0000,1.0000,0.3155,1.0000,1.0000,1.0000,1.2033,1.1684
978,CHAOTIC STONE,HEAR CALM COMPLEX GENERATE ATTACK ISOLATED CLOCK GROW MOVE CHOOSE BIG FREE SIMPLE SECRET CAR,0,1.3533,1.0000,0.9259,0.3774,1.0000,1.0000,0.7778,1.7079,1.1777
979,FOREST,SEE FOOD UPDATE FOOD,0,1.2087,1.0000,0.6667,0.0436,1.0000,1.0000,0.0000,0.1248,1.1792
980,ASHAMED GUARD,BOOK GROW,0,1.3213,1.0000,1.0000,0.1063,1.0000,1.0000,1.0000,0.8463,1.1863
981,GUARD BUILD HOME BURN,LEADER WOLF HEAR TOOL HEAR SIMPLE ELDER OUTCAST SYSTEM BROKEN LAW FAIL,0,1.2846,1.0000,0.9333,0.0228,0.8000,1.0000,1.0000,1.3397,1.1912
982,IDENTITY SPREAD,GUARD UPDATE ORDERED CROWD SEED HEAVY BIRD CLOCK TALK FALL FAMOUS OBEDIENT IDENTITY,0,1.2800,1.0000,0.8783,0.0825,0.7778,0.8571,1.0000,0.5533,1.1957
983,SIGNAL SPREAD,WANT CHILD,0,1.2690,1.0000,0.6667,0.3448,1.0000,1.0000,0.0000,0.3962,1.1993
984,SIGNAL FAIL,CROWD DULL SEED,0,1.3766,1.0000,1.0000,0.3829,1.0000,1.0000,1.0000,0.9045,1.2082
985,AUTOMATED ENGINE,SMALL CHOICE MAN BUILD FAIL GROW HEAVY GUARD FEAR BOOK FAIL WOOD HORSE DORMANT WEAK,0,1.3148,1.0000,1.0000,0.0742,1.0000,1.0000,1.0000,0.5713,1.2135
986,RULE GROW,,1,0.2000,0.0000,0.6667,0.0000,1.0000,1.0000,0.0000,-4.9848,1.1628
987,CHAOTIC METAL,SOLDIER FALL SEE ATTACK ATTACK CARRY ASK STRONG BREAK WOLF FALL FEAR,0,1.3450,1.0000,1.0000,0.2250,1.0000,1.0000,1.0000,1.3705,1.1720
988,STRANGER CARRY METAL CARRY SECRET SMALL,HAPPY BIRD ALGORITHM BREAK UPDATE WEAPON SEE SECRET OUTCAST BROKEN SEED ISOLATED GROW,0,1.2553,1.0000,0.8009,0.0752,0.7778,0.8750,0.7500,1.6197,1.1761
989,OUTCAST GUARD,FALL DORMANT GROW STRONG TRAPPED SPREAD DORMANT BIG MAN,0,1.2363,1.0000,0.6667,0.1817,0.0000,1.0000,1.0000,0.4021,1.1791
990,ROOM,MOVE DIRTY CAMERA HEAR HEAR CHOICE FALL,0,1.3211,1.0000,1.0000,0.1055,1.0000,1.0000,1.0000,0.8096,1.1862
991,TRUSTED SOLDIER FALL,,1,0.3000,0.0000,1.0000,0.0000,1.0000,1.0000,1.0000,-8.7442,1.1419
992,PROUD,FALL CAMERA CARRY CHANCE BREAK ACTIVE TRUTH,0,1.3492,1.0000,1.0000,0.2462,1.0000,1.0000,1.0000,0.7285,1.1523
993,DULL ROBOT ENCODE SIGNAL UPDATE DULL,LAW IMAGINE OUTCAST VAST CALM FAIL FAST HEAR WOOD DORMANT KEY COMPUTER GENERATE CAR,0,1.2550,1.0000,0.8102,0.0598,0.7778,0.8750,0.7778,1.6405,1.1574
994,NETWORK,BREAK ENGINE FALL SOLDIER SEE OUTCAST IDENTITY TRUTH CAT,0,1.3156,1.0000,0.9630,0.1334,0.8889,1.0000,1.0000,0.7848,1.1653
995,SIMPLE ERROR SPREAD,GENERATE UPDATE,0,1.2844,1.0000,0.9167,0.0469,1.0000,0.7500,1.0000,1.0915,1.1713
996,PLAN UPDATE SIMPLE SLOW COMPUTER FAIL,FALL ALGORITHM MOVE SENSOR SEE CLEAN CARRY DUST ELDER WOLF LIE STRONG SEE COMPLEX SEED,0,1.2543,1.0000,0.7500,0.1464,0.7500,1.0000,0.5000,1.1416,1.1754
997,ROAD,ELDER BURN ISOLATED BUILD HEAVY HEAVY BROKEN ELDER SPREAD COMPUTE HELP CHOOSE SIMPLE OBEDIENT LANGUAGE,0,1.3112,1.0000,1.0000,0.0562,1.0000,1.0000,1.0000,0.4392,1.1822
998,WEAK WOMAN CHOOSE WEAK MAN FORGET,HORSE SIMPLE STONE,0,1.2781,1.0000,0.8222,0.1572,0.8000,1.0000,0.6667,2.2047,1.1870
999,ELDER HEAR OUTCAST DULL CROWD ASK,ROBOT FAST BIRD POWER CLOCK,0,1.2695,1.0000,0.8690,0.0438,0.8571,1.0000,0.7500,1.5781,1.1911
1000,FOREST,UPDATE FREE TRUTH CARRY ENCODE CHILD WEAPON,0,1.3266,1.0000,1.0000,0.1329,1.0000,1.0000,1.0000,0.5242,1.1979
