episode,prefix,completion,valid,reward,grammar_reward,tag_reward,axis_reward,noun_tag_dist,verb_tag_dist,adj_tag_dist,loss,baseline
1,VAST SEED GROW,FAST PLAN COMPUTE BRIDGE AUTOMATED NETWORK FALL CAT KEY,0,1.2884,1.0000,0.9000,0.0922,0.9000,0.8000,1.0000,13.1561,0.0644
2,BORDER GROW,DUST FORGET MOVE STRONG,0,1.3086,1.0000,0.9333,0.1430,1.0000,0.8000,1.0000,7.0198,0.1266
3,TRUSTED CHILD ATTACK WOOD HELP CAT,,1,0.3000,0.0000,1.0000,0.0000,1.0000,1.0000,1.0000,3.9307,0.1353
4,MARKET,SOLDIER SEE WANT TRUSTED CAMERA HEAR SMALL SECRET CORRUPTED SAD CLOCK,0,1.3363,1.0000,1.0000,0.1817,1.0000,1.0000,1.0000,5.6007,0.1954
5,FOOD FALL,CARRY SEE DORMANT SHARP OBEDIENT GUARD GUARD,0,1.2907,1.0000,0.9333,0.0536,1.0000,0.8000,1.0000,6.2274,0.2501
6,SAD ELDER TRADE WEAK WOMAN HEAR,MOUNTAIN ROAD SEE SMALL SEED BORDER SOLDIER BRIDGE MOVE TIME SOLDIER BURN MOVE GENERATE BREAK,0,1.2709,1.0000,0.8593,0.0657,0.8000,0.7778,1.0000,20.7515,0.3012
7,WOMAN BURN,ORDERED DUST GROW BREAK CHILD BRIDGE,0,1.2025,1.0000,0.6667,0.0127,0.6667,0.3333,1.0000,7.1592,0.3462
8,FREE SEED GROW,ASHAMED KEY FOREST MOVE,0,1.2640,1.0000,0.8222,0.0866,0.8000,0.6667,1.0000,9.0003,0.3921
9,ROOM,SYSTEM UPDATE FAST WOLF,0,1.3497,1.0000,1.0000,0.2487,1.0000,1.0000,1.0000,4.5030,0.4400
10,BRIDGE,FREE SHARP CHILD,0,1.2197,1.0000,0.6667,0.0984,1.0000,0.0000,1.0000,3.6180,0.4790
11,KEY FALL,WOLF,0,1.2185,1.0000,0.6667,0.0923,1.0000,1.0000,0.0000,4.6315,0.5160
12,DRONE BREAK WOOD ENCODE MEMORY UPDATE,LANGUAGE MOVE SEE ELDER GROW HEAR KEY GENERATE,0,1.1532,1.0000,0.4889,0.0325,0.6667,0.8000,0.0000,11.9598,0.5478
13,TRAPPED ELDER ATTACK ENGINE BURN,CARRY ATTACK CHOICE BURN FALL INSECT SEE ACTIVE HEAR TRUST SOLDIER BOOK SENSOR SIMPLE ROBOT,0,1.1984,1.0000,0.6519,0.0142,0.6000,0.5556,0.8000,10.9278,0.5803
14,ENGINE UPDATE ISOLATED,PATTERN,0,1.3181,1.0000,1.0000,0.0904,1.0000,1.0000,1.0000,7.4169,0.6172
15,SYSTEM FAIL,NETWORK DENSE MOVE SIMPLE TRUTH PLAN,0,1.2987,1.0000,0.8667,0.1933,0.6000,1.0000,1.0000,4.0816,0.6513
16,PHONE HEAR CAMERA HEAR TRAPPED TRUSTED,FORGET SEE KEY,0,1.2080,1.0000,0.6667,0.0398,0.6667,0.3333,1.0000,11.3928,0.6791
17,CROWD FOLLOW SYSTEM GROW,,1,0.2000,0.0000,0.6667,0.0000,1.0000,1.0000,0.0000,-7.0897,0.6552
18,MAP,MOVE ORDERED ROBOT CAT WEAK SIGNAL GUARD ORDERED FEAR,0,1.3060,1.0000,1.0000,0.0300,1.0000,1.0000,1.0000,3.0877,0.6877
19,TOOL FALL,MOVE CAR FALL,0,1.1030,1.0000,0.3333,0.0148,0.6667,0.3333,0.0000,2.5702,0.7085
20,VAST DEBT,DULL WOLF MAN WOMAN BIG PATTERN ENCRYPTED LEADER CAT ELDER CLEAN HORSE TRAPPED DOG HEAR,0,1.2870,1.0000,0.8611,0.1433,0.8333,1.0000,0.7500,4.7974,0.7374
21,SEED MOVE BOOK SPREAD,RUN,0,1.2058,1.0000,0.6000,0.1292,1.0000,0.8000,0.0000,6.0323,0.7608
22,LIE GROW,PATTERN MEMORY HEAR,0,1.1869,1.0000,0.5833,0.0595,0.7500,1.0000,0.0000,2.3595,0.7821
23,BORDER GROW,LEADER TRAPPED CALM INSECT LEADER,0,1.3108,1.0000,1.0000,0.0540,1.0000,1.0000,1.0000,2.6469,0.8086
24,MAP BURN,,1,0.2000,0.0000,0.6667,0.0000,1.0000,1.0000,0.0000,-3.7422,0.7781
25,OUTCAST CHILD,SOLDIER METAL SEED DULL ROBOT GENERATE TIME,0,1.2907,1.0000,0.8148,0.2314,0.7778,1.0000,0.6667,3.8208,0.8038
26,FREE MAN,HEAR KNOW CHOOSE,0,1.3081,1.0000,1.0000,0.0406,1.0000,1.0000,1.0000,3.8407,0.8290
27,GUARD BUILD TOOL BUILD WOOD GROW,ROBOT HEAR TRADE PHONE THINK MEMORY FALL BETRAY HORSE TOOL DORMANT SHARP CLOCK ELDER SMALL,0,1.2568,1.0000,0.8333,0.0342,0.6000,0.9000,1.0000,8.1636,0.8504
28,MOUNTAIN,FIRE CLOCK CORRUPTED SAD SMALL WOLF HEAR TRAPPED STONE SEE DULL BETRAY HORSE MAP BURN,0,1.3072,1.0000,1.0000,0.0362,1.0000,1.0000,1.0000,2.1748,0.8732
29,SMALL BIRD,IDENTITY,0,1.2296,1.0000,0.6667,0.1482,1.0000,0.0000,1.0000,3.1051,0.8910
30,ENGINE SEE ASHAMED WOLF MOVE GUARD,,1,0.3000,0.0000,1.0000,0.0000,1.0000,1.0000,1.0000,-12.4446,0.8615
31,DOG,AUTOMATED KEY UPDATE VAST CONNECTED WATER,0,1.3276,1.0000,1.0000,0.1378,1.0000,1.0000,1.0000,2.2783,0.8848
32,KEY BURN,FAIL FOLLOW WANT OPTIMAL DULL BRIDGE ISOLATED TALK MOVE SHARP CHOICE MOVE WOLF,0,1.3090,1.0000,0.9667,0.0951,1.0000,0.9000,1.0000,2.6060,0.9060
33,MAP FAIL,AUTOMATED ORDERED RULE DOG SPREAD,0,1.2789,1.0000,0.8889,0.0611,1.0000,0.6667,1.0000,2.3117,0.9246
34,WOOD FALL,,1,0.2000,0.0000,0.6667,0.0000,1.0000,1.0000,0.0000,-3.8050,0.8884
35,WOOD BURN,INSECT SEE CORRUPTED CLEAN REBELLIOUS BURN STRANGER DOG SOLDIER FALL,0,1.2729,1.0000,0.8667,0.0644,1.0000,0.6000,1.0000,2.0348,0.9076
36,MAN MOVE DOG CARRY VAST ISOLATED,OBEDIENT WOMAN FALL,0,1.2036,1.0000,0.6667,0.0178,0.3333,0.6667,1.0000,6.3346,0.9224
37,PLAN FAIL,,1,0.2000,0.0000,0.6667,0.0000,1.0000,1.0000,0.0000,-4.5585,0.8863
38,MEMORY GROW,SEE SIMPLE GUARD MOVE HELP TOOL HEAR CAR ROOM WEAK NETWORK REBELLIOUS FALL MOVE MARKET,0,1.3079,1.0000,0.9583,0.1022,1.0000,0.8750,1.0000,2.5131,0.9074
39,ROBOT SEE,BURN COMPUTER,0,1.1699,1.0000,0.5556,0.0164,0.6667,1.0000,0.0000,1.9719,0.9205
40,CAMERA SEE CLEAN STRANGER FAIL,BURN,0,1.3225,1.0000,1.0000,0.1126,1.0000,1.0000,1.0000,7.1986,0.9406
41,MARKET,BRIDGE SPREAD RIVER ENCODE,0,1.1831,1.0000,0.5833,0.0405,0.7500,1.0000,0.0000,0.9785,0.9527
42,AUTOMATED CAR FALL,FALL,0,1.2261,1.0000,0.6667,0.1307,1.0000,0.0000,1.0000,2.9259,0.9664
43,SYSTEM FAIL,FAMOUS CARRY DOG,0,1.3869,1.0000,1.0000,0.4346,1.0000,1.0000,1.0000,2.3780,0.9874
44,REBELLIOUS WOMAN,SPREAD,0,1.3970,1.0000,1.0000,0.4848,1.0000,1.0000,1.0000,2.7790,1.0079
45,CHILD BURN,MOUNTAIN CALM TRUST,0,1.3224,1.0000,1.0000,0.1122,1.0000,1.0000,1.0000,2.0668,1.0236
46,ISOLATED CAT,FALL DRONE ISOLATED,0,1.2139,1.0000,0.6667,0.0696,1.0000,1.0000,0.0000,1.4410,1.0332
47,WOOD BURN,DULL COMPUTER ERROR FALL,0,1.3097,1.0000,0.8889,0.2154,1.0000,0.6667,1.0000,1.3675,1.0470
48,DRONE ENCODE CHAOTIC VAST,HAPPY MOVE LEADER ACTIVE ENGINE COMPUTER RUN CAT,0,1.2981,1.0000,0.9524,0.0618,0.8571,1.0000,1.0000,3.1979,1.0595
49,STRANGER WANT WOLF CHOOSE MOUNTAIN FALL,PATTERN,0,1.2914,1.0000,0.6667,0.4572,1.0000,1.0000,0.0000,5.1091,1.0711
50,DIRTY STONE,GENERATE HEAR ASHAMED FALL,0,1.3169,1.0000,0.8889,0.2513,1.0000,1.0000,0.6667,2.2075,1.0834
51,BROKEN DOG,CAR GUARD FALL DORMANT DEAD PROUD CORRUPTED TRUSTED CHILD SPREAD MOVE SIMPLE METAL,0,1.2706,1.0000,0.8571,0.0672,0.8571,1.0000,0.7143,1.5653,1.0928
52,ROOM,SPREAD SYSTEM,0,1.2553,1.0000,0.6667,0.2764,1.0000,1.0000,0.0000,0.7066,1.1009
53,CHILD HELP TRAPPED REBELLIOUS,OPTIMAL FALL RUN OPTIMAL FAIL,0,1.3577,1.0000,1.0000,0.2883,1.0000,1.0000,1.0000,3.5027,1.1137
54,METAL,,0,1.1000,1.0000,0.3333,0.0000,1.0000,0.0000,0.0000,-0.0678,1.1131
55,OUTCAST GUARD,ROOM,0,1.2733,1.0000,0.6667,0.3664,1.0000,0.0000,1.0000,1.2266,1.1211
56,FOOD BURN,WARN BURN BURN SOLDIER CAT HEAR BIG ASHAMED GROW BURN NETWORK BIG SENSOR CORRUPTED PLAN,0,1.2823,1.0000,0.9048,0.0543,1.0000,0.7143,1.0000,0.8322,1.1291
57,SAD,HEAR CLEAN DOG GROW LEADER MOVE BROKEN STRONG BURN AUTOMATED SLOW OBEDIENT COMPUTER SAD SAD,0,1.4191,1.0000,0.9167,0.7203,1.0000,1.0000,0.7500,1.3079,1.1436
58,CAMERA GENERATE TIME,,1,0.2000,0.0000,0.6667,0.0000,1.0000,1.0000,0.0000,-9.2255,1.0964
59,VAST BORDER GROW,FALL,0,1.3023,1.0000,0.8889,0.1784,1.0000,0.6667,1.0000,1.6924,1.1067
60,TOOL BURN,DRONE ENCRYPTED TOOL TOOL,0,1.2447,1.0000,0.7778,0.0570,0.3333,1.0000,1.0000,0.7407,1.1136
61,ISOLATED INSECT,LIE REBELLIOUS TRUSTED ELDER TALK SIGNAL,0,1.3633,1.0000,0.8778,0.5000,0.8333,1.0000,0.8000,1.9700,1.1261
62,LIE,OUTCAST FALL,0,1.4744,1.0000,1.0000,0.8721,1.0000,1.0000,1.0000,1.5419,1.1435
63,ANGRY DOG BUILD SEED MOVE WOOD,,1,0.3000,0.0000,1.0000,0.0000,1.0000,1.0000,1.0000,-17.5480,1.1014
64,DOG WANT BRIDGE SEE AUTOMATED HAPPY,CROWD AUTOMATED CONNECTED FAST,0,1.2493,1.0000,0.8000,0.0463,0.8000,1.0000,0.6000,3.3292,1.1088
65,TIME SPREAD,FORGET,0,1.2349,1.0000,0.6667,0.1746,1.0000,1.0000,0.0000,0.8284,1.1151
66,MOUNTAIN,WOLF UPDATE WOLF SEE ENCRYPTED KEY SPREAD SPREAD BURN GROW POWER MAP PROUD SLOW WOMAN,0,1.3285,1.0000,1.0000,0.1424,1.0000,1.0000,1.0000,0.8876,1.1257
67,TRAPPED MAN FOLLOW CAR ATTACK SOLDIER,ENCODE,0,1.3695,1.0000,1.0000,0.3474,1.0000,1.0000,1.0000,5.3679,1.1379
68,SECRET BORDER GROW,PLAN UPDATE VAST DEAD GUARD SIMPLE WEAK ROBOT FOLLOW,0,1.2742,1.0000,0.9107,0.0047,0.8571,1.0000,0.8750,1.2960,1.1447
69,WOOD,SIMPLE FIRE,0,1.1762,1.0000,0.5556,0.0477,0.6667,0.0000,1.0000,0.1316,1.1463
70,REBELLIOUS LEADER,,0,1.2000,1.0000,0.6667,0.0000,1.0000,0.0000,1.0000,0.3709,1.1490
71,CROWD FOLLOW ANGRY TRAPPED WOMAN FORGET,ACTIVE DUST IMAGINE,0,1.2544,1.0000,0.7667,0.1220,1.0000,0.5000,0.8000,2.1785,1.1543
72,MAP BURN,,1,0.2000,0.0000,0.6667,0.0000,1.0000,1.0000,0.0000,-5.3958,1.1066
73,CROWD EAT WOOD HEAR CHANCE BURN,CHAOTIC PLAN ALGORITHM BOOK MOVE AUTOMATED METAL,0,1.2619,1.0000,0.8333,0.0597,0.6667,0.8333,1.0000,3.2144,1.1143
74,SEED MOVE HAPPY ISOLATED,CLOCK FALL WARN MOVE HOME CAMERA ENCRYPTED DEAD,0,1.2680,1.0000,0.8190,0.1115,1.0000,0.6000,0.8571,1.9921,1.1220
75,PATTERN GROW,WEAK GUARD FALL BIRD HOME HAPPY CROWD BURN BIRD,0,1.3169,1.0000,0.9167,0.2094,1.0000,0.7500,1.0000,1.1699,1.1317
76,LIE GROW,BORDER THINK FIRE BETRAY PHONE AUTOMATED FAIL SPREAD DEAD SIMPLE INSECT VAST LANGUAGE FAIL VAST,0,1.2920,1.0000,0.9667,0.0099,0.9000,1.0000,1.0000,0.7853,1.1398
77,ROBOT,STRANGER RUN CLOCK SEE BRIDGE POWER CHILD CAT,0,1.2006,1.0000,0.5926,0.1143,0.7778,1.0000,0.0000,0.2839,1.1428
78,ACTIVE ENGINE ENCODE CLEAN CONNECTED DUST,LIE SPREAD,0,1.2976,1.0000,0.8889,0.1546,1.0000,0.6667,1.0000,2.5837,1.1505
79,GUARD HEAR HORSE BREAK SHARP OBEDIENT,SIMPLE ANGRY MAN SHARP ELDER,0,1.2181,1.0000,0.6825,0.0666,0.3333,1.0000,0.7143,1.5385,1.1539
80,DIRTY MARKET,FALL,0,1.3592,1.0000,1.0000,0.2959,1.0000,1.0000,1.0000,1.6019,1.1642
81,VAST WOOD,SPREAD FALL FAST ISOLATED WEAK HORSE FALL KNOW HORSE,0,1.3098,1.0000,1.0000,0.0491,1.0000,1.0000,1.0000,1.0613,1.1715
82,WEAK CHILD BURN,WEAPON ATTACK SEE,0,1.3026,1.0000,1.0000,0.0132,1.0000,1.0000,1.0000,1.1924,1.1780
83,GUARD MOVE WOLF FALL,SIMPLE PROUD LEADER FALL KNOW PATTERN FALL HORSE BUILD VAST WARN UPDATE CITY,0,1.2446,1.0000,0.7905,0.0372,0.5714,0.8000,1.0000,0.8941,1.1814
84,ORDERED BRIDGE,FREE COMPUTER BURN SPREAD TRAPPED WEAK ORDERED HAPPY,0,1.2758,1.0000,0.9048,0.0220,1.0000,1.0000,0.7143,0.8374,1.1861
85,BROKEN WEAPON,,0,1.2000,1.0000,0.6667,0.0000,1.0000,0.0000,1.0000,0.1202,1.1868
86,STRANGER BURN,,1,0.2000,0.0000,0.6667,0.0000,1.0000,1.0000,0.0000,-6.4524,1.1374
87,REBELLIOUS STRANGER,FORGET,0,1.3600,1.0000,1.0000,0.3000,1.0000,1.0000,1.0000,1.4383,1.1486
88,HOME,BOOK SEED TRUSTED DIRTY AUTOMATED FAMOUS GENERATE ALGORITHM BREAK SIMPLE OUTCAST TOOL DEAD COMPLEX UPDATE,0,1.3508,1.0000,1.0000,0.2541,1.0000,1.0000,1.0000,1.0192,1.1587
89,TOOL BURN,MAP,0,1.1876,1.0000,0.5556,0.1046,0.6667,1.0000,0.0000,0.1474,1.1601
90,SMALL GUARD GROW,ROBOT GUARD,0,1.2514,1.0000,0.8333,0.0072,0.5000,1.0000,1.0000,0.9087,1.1647
91,CAT CARRY ISOLATED DORMANT,CALM MAP SEE DORMANT BETRAY,0,1.3230,1.0000,0.8889,0.2818,1.0000,1.0000,0.6667,2.1815,1.1726
92,HAPPY CROWD,ASHAMED ASHAMED MOVE CAR INSECT GROW CLOCK,0,1.3081,1.0000,0.8333,0.2905,0.8333,1.0000,0.6667,1.0331,1.1794
93,BORDER,FALL TRADE,0,1.2230,1.0000,0.6667,0.1150,1.0000,1.0000,0.0000,0.1799,1.1816
94,CHILD FOLLOW LEADER CARRY DIRTY BOOK,RUN KNOW GUARD CAR,0,1.2572,1.0000,0.8413,0.0242,0.6667,0.8571,1.0000,1.5436,1.1853
95,WEAK WOMAN WANT DEBT ATTACK MAP,AUTOMATED MEMORY UPDATE RIVER DULL WEAK BOOK,0,1.2402,1.0000,0.7222,0.1176,0.6667,1.0000,0.5000,1.2536,1.1881
96,SEED,MOVE OUTCAST BREAK HORSE CITY BURN CROWD DULL MAP DENSE MAP SEE DENSE CORRUPTED CONNECTED,0,1.2932,1.0000,0.9583,0.0284,0.8750,1.0000,1.0000,0.4529,1.1933
97,CHAOTIC CAT,BURN WEAK FAIL HORSE STRANGER BIRD,0,1.2424,1.0000,0.6667,0.2120,0.3333,1.0000,0.6667,0.4419,1.1958
98,ORDERED PHONE,LANGUAGE CORRUPTED CARRY METAL SPREAD HEAR ANGRY SECRET LEADER FIRE FAIL CROWD GENERATE CORRUPTED POISON,0,1.2949,1.0000,0.9333,0.0746,1.0000,1.0000,0.8000,0.8901,1.2008
99,BORDER GROW,SOLDIER MOVE DRONE BURN CAMERA,0,1.1881,1.0000,0.5833,0.0655,1.0000,0.7500,0.0000,-0.0578,1.2001
100,MAP FAIL,BIG DRONE FALL,0,1.3273,1.0000,1.0000,0.1364,1.0000,1.0000,1.0000,0.8124,1.2065
101,ASHAMED LEADER HEAR PHONE FALL,SPREAD ENGINE GROW OBEDIENT BIRD SMALL CITY FORGET,0,1.2540,1.0000,0.8333,0.0198,0.7500,0.7500,1.0000,0.7319,1.2089
102,ISOLATED CAT,,0,1.2000,1.0000,0.6667,0.0000,1.0000,0.0000,1.0000,-0.0614,1.2084
103,AUTOMATED TIME SPREAD,GROW DULL ORDERED SMALL MOVE CLEAN MOVE WATER SAD FREE FIRE MOVE DULL SENSOR SEED,0,1.3311,1.0000,0.9259,0.2667,1.0000,1.0000,0.7778,1.2123,1.2145
104,CROWD SPREAD,,1,0.2000,0.0000,0.6667,0.0000,1.0000,1.0000,0.0000,-7.9188,1.1638
105,TIME GROW,SEE CAT BURN FOOD CONNECTED OUTCAST TOOL ACTIVE DIRTY SMALL DIRTY SPREAD CLOCK BIG METAL,0,1.3037,1.0000,0.9524,0.0898,1.0000,0.8571,1.0000,0.7827,1.1708
106,WOMAN CARRY CAMERA FALL,BROKEN FREE CROWD ASK BORDER GROW GROW WOMAN HEAR UPDATE CLEAN BUILD WEAK SMALL ASK,0,1.2658,1.0000,0.8586,0.0409,0.6667,0.9091,1.0000,1.3144,1.1756
107,WOLF BREAK VAST TOOL WANT SYSTEM,CITY DEAD FAIL,0,1.3690,1.0000,1.0000,0.3449,1.0000,1.0000,1.0000,4.0375,1.1852
108,ISOLATED SOLDIER,SPREAD,0,1.3707,1.0000,1.0000,0.3534,1.0000,1.0000,1.0000,1.4165,1.1945
109,REBELLIOUS STRANGER,EAT ENGINE TOOL,0,1.3446,1.0000,1.0000,0.2232,1.0000,1.0000,1.0000,0.9297,1.2020
110,TOOL GROW,BRIDGE GUARD METAL CHILD METAL RUN BUILD SYSTEM ISOLATED SYSTEM UPDATE CHOICE BIRD ASK,0,1.2907,1.0000,0.9250,0.0659,0.9000,0.8750,1.0000,0.4619,1.2064
111,SIMPLE WEAPON,WOOD,0,1.1762,1.0000,0.5556,0.0477,0.6667,0.0000,1.0000,-0.2864,1.2049
112,AUTOMATED IDENTITY GROW,MEMORY DRONE MOVE FAST SAD BURN CALM ERROR SAD CHILD GROW WOLF BURN,0,1.2348,1.0000,0.7250,0.0864,0.8750,0.5000,0.8000,0.2606,1.2064
113,FEAR SPREAD,FALL,0,1.2846,1.0000,0.6667,0.4228,1.0000,1.0000,0.0000,0.5315,1.2103
114,SECRET CHOICE SPREAD,FOOD DULL DOG MOVE AUTOMATED DRONE,0,1.3123,1.0000,0.9333,0.1613,1.0000,1.0000,0.8000,1.1975,1.2154
115,CHILD FOLLOW POWER CARRY TOOL HEAR,STONE FALL,1,0.2003,0.0000,0.5714,0.1444,0.8571,0.8571,0.0000,-19.6875,1.1647
116,PROUD WOMAN,,0,1.2000,1.0000,0.6667,0.0000,1.0000,0.0000,1.0000,0.2308,1.1664
117,SOLDIER HEAR ASHAMED VAST ELDER MOVE,MOVE HEAR TRAPPED,0,1.2164,1.0000,0.6667,0.0818,1.0000,0.0000,1.0000,0.8418,1.1689
118,TOOL BURN,CHANCE NETWORK WOLF SPREAD,0,1.2297,1.0000,0.6190,0.2198,0.8571,1.0000,0.0000,0.3212,1.1720
119,SIGNAL GROW,,1,0.2000,0.0000,0.6667,0.0000,1.0000,1.0000,0.0000,-6.0961,1.1234
120,POISON GROW,SMALL CORRUPTED ACTIVE DULL DENSE SAD BIG ASK FALL DOG STRANGER UPDATE ISOLATED FIRE CROWD,0,1.2861,1.0000,0.8968,0.0854,0.8333,0.8571,1.0000,1.1099,1.1315
121,METAL BURN,SAD CHANCE WOLF HEAR FOOD HEAR DIRTY BIRD WATER MOVE GENERATE FALL BURN,0,1.2705,1.0000,0.8750,0.0399,0.8750,0.7500,1.0000,0.8357,1.1385
122,TIME SPREAD,CHAOTIC FAST,0,1.4857,1.0000,1.0000,0.9287,1.0000,1.0000,1.0000,2.0862,1.1558
123,TOOL FALL,BURN WOMAN DIRTY COMPLEX MOUNTAIN SLOW BIRD STRANGER RUN,0,1.2447,1.0000,0.7778,0.0567,1.0000,0.3333,1.0000,0.4641,1.1603
124,CITY,HEAR BIG BIG REBELLIOUS TALK DUST,0,1.3546,1.0000,1.0000,0.2730,1.0000,1.0000,1.0000,1.0436,1.1700
125,CLEAN METAL FALL,SMALL SMALL ENGINE CHANCE ROBOT,0,1.3441,1.0000,1.0000,0.2204,1.0000,1.0000,1.0000,1.7189,1.1787
126,TOOL FALL,BIG GROW FAMOUS METAL FAIL STRONG CLEAN CHAOTIC COMPUTER FORGET,0,1.2542,1.0000,0.7857,0.0922,0.5000,0.8571,1.0000,0.3945,1.1825
127,ROOM,MOVE BIG,0,1.3314,1.0000,1.0000,0.1570,1.0000,1.0000,1.0000,0.6381,1.1899
128,WOMAN KNOW AUTOMATED KEY FOLLOW OBEDIENT,SOLDIER LAW,0,1.2702,1.0000,0.8889,0.0178,0.6667,1.0000,1.0000,1.8165,1.1939
129,BRIDGE,CROWD,0,1.1057,1.0000,0.3333,0.0286,1.0000,0.0000,0.0000,-0.3649,1.1895
130,LAW GROW,MOVE,0,1.2291,1.0000,0.5556,0.3124,1.0000,0.6667,0.0000,0.2437,1.1915
131,ASHAMED WOLF RUN,COMPUTER PRISON CHAOTIC WOOD HOME CROWD MEMORY BIG ENCODE TALK CAT,0,1.2870,1.0000,0.8727,0.1260,0.8182,1.0000,0.8000,0.8864,1.1963
132,BROKEN BOOK,FALL FIRE MOVE CHOOSE CLEAN WEAK SENSOR ELDER SOLDIER,0,1.3405,1.0000,0.9524,0.2742,0.8571,1.0000,1.0000,1.1815,1.2035
133,HORSE HEAR WEAPON,FORGET MOVE ANGRY GUARD FALL,0,1.2697,1.0000,0.8778,0.0319,0.8000,0.8333,1.0000,0.8578,1.2068
134,IDENTITY SPREAD,FAIL,0,1.2151,1.0000,0.5556,0.2421,1.0000,0.6667,0.0000,0.0497,1.2072
135,MEMORY GROW,CAT MOVE INSECT FALL FOLLOW LEADER BUILD DULL HOME ORDERED ROBOT CARRY DIRTY CLEAN CHILD,0,1.3077,1.0000,0.9524,0.1101,1.0000,0.8571,1.0000,0.5605,1.2122
136,SENSOR FAIL,,1,0.2000,0.0000,0.6667,0.0000,1.0000,1.0000,0.0000,-7.6385,1.1616
137,CHILD WANT BOOK CARRY FOOD HELP,DRONE SEE AUTOMATED CORRUPTED KNOW CROWD CLEAN GUARD MOVE LEADER ENCRYPTED,0,1.2437,1.0000,0.7798,0.0491,0.7143,0.6250,1.0000,1.6411,1.1657
138,FAST ROBOT,CORRUPTED SENSOR SOLDIER ORDERED RULE MOVE DIRTY DORMANT KEY,0,1.2733,1.0000,0.8472,0.0958,0.8750,1.0000,0.6667,0.9272,1.1711
139,WEAK DRONE HEAR SMALL STONE COMPUTE,,0,1.3000,1.0000,1.0000,0.0000,1.0000,1.0000,1.0000,2.8111,1.1776
140,STRANGER BUILD MOUNTAIN CARRY SIMPLE SLOW,CITY FALL FALL HEAR HAPPY FALL FIRE CHAOTIC ROAD BURN,0,1.2408,1.0000,0.7714,0.0469,0.8571,0.8571,0.6000,1.3631,1.1807
141,OUTCAST HORSE,BOOK ENGINE WOLF TRUSTED CHAOTIC IDENTITY LEADER HAPPY FALL FREE COMPLEX RIVER DEAD GROW BETRAY,0,1.3125,1.0000,0.8561,0.2785,0.8182,1.0000,0.7500,1.0385,1.1873
142,MEMORY GROW,,1,0.2000,0.0000,0.6667,0.0000,1.0000,1.0000,0.0000,-5.3266,1.1379
143,BROKEN STONE,AUTOMATED REBELLIOUS HAPPY PRISON,0,1.3049,1.0000,0.6111,0.6080,1.0000,0.0000,0.8333,1.3660,1.1463
144,SYSTEM GROW,WOMAN ANGRY BIRD BUILD FAIL CALM ERROR CALM UPDATE SYSTEM,0,1.2546,1.0000,0.8333,0.0231,0.6667,0.8333,1.0000,0.5798,1.1517
145,SIMPLE SYSTEM SPREAD,IMAGINE BUILD CITY,0,1.3293,1.0000,1.0000,0.1465,1.0000,1.0000,1.0000,1.7113,1.1606
146,LANGUAGE SPREAD,ISOLATED FOLLOW TRUSTED MOVE,0,1.3528,1.0000,1.0000,0.2639,1.0000,1.0000,1.0000,1.2520,1.1702
147,HOME,SOLDIER POWER DIRTY,0,1.2172,1.0000,0.6667,0.0858,1.0000,0.0000,1.0000,0.2188,1.1725
148,IDENTITY GROW,ORDERED SYSTEM CALM GUARD FALL INSECT,0,1.2325,1.0000,0.7556,0.0290,0.6000,0.6667,1.0000,0.3372,1.1755
149,ASHAMED MAN RUN,TOOL CHOICE,0,1.3311,1.0000,1.0000,0.1555,1.0000,1.0000,1.0000,1.3737,1.1833
150,GUARD BURN,WEAK STRANGER TIME MOVE PRISON MOVE CROWD BREAK CHOICE DRONE,0,1.2152,1.0000,0.7037,0.0206,0.7778,0.3333,1.0000,0.2093,1.1849
151,WOLF RUN,CORRUPTED RUN SPREAD ELDER CROWD PROUD HAPPY,0,1.2260,1.0000,0.7222,0.0469,0.6667,0.5000,1.0000,0.3068,1.1870
152,FREE WOLF EAT FOOD FOLLOW ASHAMED,SIMPLE METAL HEAVY ELDER IMAGINE MOVE CALM TIME CONNECTED DUST MEMORY TALK,0,1.2374,1.0000,0.7759,0.0229,0.8000,0.7500,0.7778,1.0289,1.1895
153,STRANGER,PATTERN FAIL,0,1.3000,1.0000,0.6667,0.5000,1.0000,1.0000,0.0000,0.4847,1.1950
154,WOLF HEAR SHARP ENGINE WARN BIG,FOLLOW WEAPON GUARD BUILD DOG FOLLOW ANGRY ASHAMED SHARP CAR BURN CAT GROW,0,1.2144,1.0000,0.7090,0.0083,0.5714,0.8889,0.6667,0.4676,1.1960
155,OUTCAST,FAIL CLEAN WATER WANT CORRUPTED SIMPLE SAD SENSOR UPDATE ERROR MARKET,0,1.4098,1.0000,0.9444,0.6324,1.0000,1.0000,0.8333,0.9447,1.2067
156,WOMAN BURN,SECRET CAT FALL DORMANT BOOK,0,1.2574,1.0000,0.8222,0.0537,0.8000,0.6667,1.0000,0.3783,1.2092
157,HOME,FOLLOW LAW BREAK,0,1.2100,1.0000,0.6667,0.0498,1.0000,1.0000,0.0000,0.0033,1.2092
158,WOMAN FOLLOW REBELLIOUS CLEAN SOLDIER FORGET,BIG SOLDIER LIE SPREAD,0,1.2654,1.0000,0.8333,0.0769,0.5000,1.0000,1.0000,1.0018,1.2121
159,PHONE HEAR SHARP ASHAMED WOMAN FALL,GUARD DEBT CHOICE CLOCK CALM DEBT TIME HEAR BIRD ASHAMED SHARP GUARD WANT GUARD,0,1.1575,1.0000,0.5000,0.0377,0.7000,0.6000,0.2000,-0.9155,1.2093
160,CROWD SEE KEY FORGET CHAOTIC ISOLATED,OUTCAST DEBT WARN,0,1.2685,1.0000,0.7778,0.1757,1.0000,1.0000,0.3333,1.3293,1.2123
161,INSECT HEAR LIE SPREAD,REBELLIOUS EAT TRUST FIRE BREAK FOREST SEE CROWD MOVE RULE FALL CARRY IMAGINE FOREST CONNECTED,0,1.2842,1.0000,0.8727,0.1119,0.8000,0.8182,1.0000,0.8262,1.2159
162,MOUNTAIN,COMPUTER ROAD SECRET STRONG ISOLATED CLEAN POISON SMALL LEADER BUILD BIG DEBT ROBOT SEE,0,1.3265,1.0000,0.9722,0.1741,0.9167,1.0000,1.0000,0.4899,1.2214
163,CROWD BURN,HEAR DIRTY DRONE BIG PHONE CORRUPTED CHANCE DORMANT VAST COMPLEX ASK,0,1.3044,1.0000,1.0000,0.0218,1.0000,1.0000,1.0000,0.6204,1.2256
164,MARKET,CLEAN BURN THINK WOLF IMAGINE ORDERED ASK GUARD SIMPLE CAT FAMOUS CAT FALL SHARP SHARP,0,1.3306,1.0000,1.0000,0.1530,1.0000,1.0000,1.0000,0.4599,1.2308
165,CORRUPTED ENGINE,GROW CAR POISON,0,1.3136,1.0000,0.9333,0.1682,0.8000,1.0000,1.0000,0.7479,1.2350
166,ELDER HELP SLOW ANGRY WOLF WARN,SOLDIER SIMPLE ROBOT MAP MOVE BUILD ENCRYPTED,0,1.2694,1.0000,0.8381,0.0898,0.7143,1.0000,0.8000,0.6797,1.2367
167,SIMPLE BORDER GROW,CAT OUTCAST GUARD FALL ELDER ASHAMED,0,1.2720,1.0000,0.8056,0.1515,1.0000,0.6667,0.7500,0.3293,1.2384
168,CLEAN POISON BURN,DIRTY STRONG SOLDIER COMPUTE,0,1.2546,1.0000,0.7778,0.1063,1.0000,1.0000,0.3333,0.1625,1.2392
169,SECRET BORDER GROW,SOLDIER BURN HOME,0,1.2642,1.0000,0.8222,0.0877,0.8000,0.6667,1.0000,0.2445,1.2405
170,FREE INSECT HEAR TIME HEAR ROBOT,ANGRY RULE,0,1.3031,1.0000,0.9524,0.0869,0.8571,1.0000,1.0000,1.2073,1.2436
171,VAST FOOD,MOVE STRONG,0,1.3200,1.0000,1.0000,0.1000,1.0000,1.0000,1.0000,0.6009,1.2474
172,WOMAN WARN CROWD TRADE PROUD TRAPPED,STRANGER,1,0.2313,0.0000,0.6667,0.1565,0.0000,1.0000,1.0000,-20.9076,1.1966
173,SHARP CHILD KNOW SHARP BROKEN GUARD,CAT,0,1.2727,1.0000,0.8889,0.0303,0.6667,1.0000,1.0000,1.7094,1.2004
174,SYSTEM,FALL SEE KEY CLEAN ALGORITHM SOLDIER GENERATE BROKEN,0,1.3113,1.0000,0.9524,0.1281,0.8571,1.0000,1.0000,0.4435,1.2060
175,WOMAN FOLLOW DEBT ATTACK KEY TRADE,,0,1.2000,1.0000,0.6667,0.0000,1.0000,1.0000,0.0000,-0.1336,1.2057
176,CLOCK ENCODE ISOLATED TRUSTED BORDER HEAR,FREE DULL CAR POISON DORMANT COMPUTE SEE ELDER PATTERN HELP DEAD,0,1.2281,1.0000,0.7429,0.0261,0.8000,0.5714,0.8571,0.3218,1.2068
177,MAN THINK PROUD TRAPPED WOMAN BURN,DEBT COMPLEX FREE GROW,0,1.2481,1.0000,0.7333,0.1406,1.0000,0.8000,0.4000,0.8064,1.2089
178,STRANGER FALL,POWER CHOOSE ANGRY WEAK PATTERN,0,1.3669,1.0000,1.0000,0.3344,1.0000,1.0000,1.0000,1.0450,1.2168
179,SOLDIER SEE LEADER BUILD PHONE FALL,,1,0.2000,0.0000,0.6667,0.0000,1.0000,1.0000,0.0000,-20.8993,1.1659
180,POISON GROW,COMPUTER ANGRY SEE SIMPLE KEY PLAN CHOICE WOLF COMPUTER GENERATE WEAPON,0,1.2986,1.0000,0.9583,0.0557,0.8750,1.0000,1.0000,0.8968,1.1726
181,CAMERA HEAR REBELLIOUS ORDERED,ENGINE SAD BIRD SIGNAL CAT SMALL WOOD MOVE MAN SOLDIER CHOICE BURN BUILD FOOD HEAR,0,1.2626,1.0000,0.8611,0.0213,0.9167,0.6667,1.0000,1.1308,1.1771
182,METAL BURN,,1,0.2000,0.0000,0.6667,0.0000,1.0000,1.0000,0.0000,-5.3281,1.1282
183,MARKET,WATER ENCODE,0,1.2424,1.0000,0.6667,0.2121,1.0000,1.0000,0.0000,0.4612,1.1339
184,BOOK FALL,,1,0.2000,0.0000,0.6667,0.0000,1.0000,1.0000,0.0000,-5.3058,1.0872
185,ISOLATED INSECT,CORRUPTED CLEAN ANGRY ELDER MOVE STRONG LEADER DORMANT FAMOUS DOG COMPLEX SMALL CAR SEE OBEDIENT,0,1.3094,1.0000,0.8061,0.3380,0.6000,1.0000,0.8182,1.5634,1.0983
186,MOUNTAIN,CLEAN DIRTY DENSE RUN,0,1.3081,1.0000,1.0000,0.0406,1.0000,1.0000,1.0000,0.8389,1.1088
187,ROOM,MOVE MAN ROBOT HEAR CLEAN BUILD INSECT CHOOSE MARKET SEE WARN MOVE ROBOT BRIDGE,0,1.2994,1.0000,0.9167,0.1221,0.7500,1.0000,1.0000,0.7927,1.1184
188,WEAK WOOD,PHONE,0,1.2610,1.0000,0.6667,0.3048,1.0000,0.0000,1.0000,1.1058,1.1255
189,ROOM,CAT CHAOTIC SIMPLE SHARP GUARD TIME LEADER DUST,0,1.2162,1.0000,0.6667,0.0809,1.0000,0.0000,1.0000,0.3741,1.1300
190,HAPPY STRANGER HELP ELDER SEE ENCRYPTED,CAR WATER SEE ATTACK SEED ALGORITHM SHARP BIG CHOOSE TALK ELDER,0,1.2381,1.0000,0.7831,0.0161,0.7778,0.5714,1.0000,2.4813,1.1354
191,BROKEN CROWD,STONE POISON SPREAD CLEAN MOVE DEBT,0,1.3255,1.0000,1.0000,0.1274,1.0000,1.0000,1.0000,1.4642,1.1449
192,CLEAN METAL FALL,CAT SEE UPDATE,0,1.3200,1.0000,1.0000,0.1001,1.0000,1.0000,1.0000,1.6619,1.1537
193,MAP FALL,DULL INSECT,0,1.3340,1.0000,1.0000,0.1701,1.0000,1.0000,1.0000,1.0686,1.1627
194,COMPLEX PATTERN SPREAD,FALL MAP CLOCK CHANCE FAIL FREE MOUNTAIN WOLF,0,1.3008,1.0000,0.9030,0.1493,0.9091,0.8000,1.0000,1.4496,1.1696
195,COMPLEX WEAPON FAIL,SPREAD FAIL COMPUTER MOVE HOME THINK DUST LANGUAGE WANT TOOL GENERATE CAT GROW,0,1.2762,1.0000,0.8667,0.0808,0.8000,0.8000,1.0000,1.2327,1.1749
196,BROKEN FOOD,BETRAY BREAK CONNECTED ANGRY BREAK ISOLATED ENGINE CROWD CHOICE ROAD,0,1.3695,1.0000,1.0000,0.3476,1.0000,1.0000,1.0000,1.4372,1.1847
197,FOOD BURN,,1,0.2000,0.0000,0.6667,0.0000,1.0000,1.0000,0.0000,-4.8725,1.1354
198,VAST WATER,UPDATE ELDER KNOW STRONG,0,1.3498,1.0000,1.0000,0.2488,1.0000,1.0000,1.0000,1.9561,1.1461
199,SAD LEADER SEE AUTOMATED,VAST THINK,0,1.2713,1.0000,0.8889,0.0231,1.0000,0.6667,1.0000,1.7740,1.1524
200,GUARD BURN,CAT CONNECTED DENSE FALL,0,1.2399,1.0000,0.7778,0.0329,0.6667,0.6667,1.0000,0.5677,1.1568
201,ROAD,BRIDGE OPTIMAL MOVE CHOOSE FALL DIRTY DRONE MOVE KNOW TOOL FAMOUS BIG SEED OBEDIENT CAT,0,1.3018,1.0000,0.9630,0.0647,0.8889,1.0000,1.0000,0.8511,1.1640
202,ANGRY,ROBOT GROW,0,1.3790,1.0000,1.0000,0.3950,1.0000,1.0000,1.0000,1.0673,1.1748
203,STONE FALL,FAMOUS COMPUTE ENCODE OPTIMAL TIME CHAOTIC PATTERN ANGRY BIG LIE MOVE WANT WARN MEMORY,0,1.3606,1.0000,0.9667,0.3528,1.0000,0.9000,1.0000,1.0141,1.1841
204,SAD WOLF FOLLOW SIGNAL FALL,MOUNTAIN SEE COMPUTER,0,1.3059,1.0000,1.0000,0.0293,1.0000,1.0000,1.0000,2.1215,1.1902
205,MARKET,FALL SLOW BURN ISOLATED RULE MOVE TRAPPED BIG HEAVY STRANGER GUARD BETRAY,0,1.3444,1.0000,1.0000,0.2219,1.0000,1.0000,1.0000,0.5851,1.1979
206,GUARD HEAR COMPLEX FREE PLAN FALL,HORSE HORSE UPDATE WOLF LIE SLOW COMPUTER DULL OUTCAST HAPPY,0,1.2645,1.0000,0.8750,0.0101,0.7500,1.0000,0.8750,1.3162,1.2012
207,DEBT GROW,WOMAN MOVE SAD TRUTH DEBT OPTIMAL BORDER,0,1.2370,1.0000,0.7778,0.0183,0.6667,0.6667,1.0000,0.1949,1.2030
208,POISON BURN,CAT MOUNTAIN MEMORY FAMOUS COMPLEX SECRET,0,1.3096,1.0000,1.0000,0.0480,1.0000,1.0000,1.0000,0.6915,1.2083
209,HOME,CHAOTIC GROW,0,1.3937,1.0000,1.0000,0.4685,1.0000,1.0000,1.0000,0.8597,1.2176
210,SAD CROWD FALL,KEY CHILD HORSE UPDATE OBEDIENT,0,1.2670,1.0000,0.8667,0.0351,0.6000,1.0000,1.0000,0.4183,1.2201
211,OBEDIENT STRANGER BUILD SLOW INSECT SPREAD,SMALL CHOICE GENERATE,0,1.2922,1.0000,0.8333,0.2108,1.0000,0.5000,1.0000,1.5479,1.2237
212,ROBOT BREAK TRAPPED ISOLATED CROWD COMPUTE,HEAVY BROKEN ANGRY SHARP WOLF GENERATE WOOD,0,1.2515,1.0000,0.8190,0.0287,0.8571,0.8000,0.8000,0.4398,1.2251
213,SEED GROW,PATTERN DRONE HEAR,0,1.2139,1.0000,0.6667,0.0693,1.0000,1.0000,0.0000,-0.0704,1.2245
214,DEBT GROW,FAST TRUSTED METAL FALL SPREAD,0,1.2927,1.0000,0.9333,0.0633,1.0000,0.8000,1.0000,0.3680,1.2279
215,STRANGER FORGET ISOLATED VAST BORDER FALL,MAN BURN ROOM CROWD CAR,0,1.2420,1.0000,0.7905,0.0245,0.5714,0.8000,1.0000,0.2076,1.2286
216,ELDER TRUST KEY BURN,,1,0.2000,0.0000,0.6667,0.0000,1.0000,1.0000,0.0000,-15.8969,1.1772
217,CAMERA UPDATE BROKEN ORDERED DRONE HEAR,SMALL CHILD UPDATE SOLDIER SPREAD INSECT DENSE COMPLEX CLEAN HORSE SEE MAN MOVE CAMERA CHOICE,0,1.2044,1.0000,0.6429,0.0578,0.7500,0.4286,0.7500,0.3786,1.1785
218,DENSE STRANGER,FALL CHANCE UPDATE CONNECTED HAPPY FAST COMPUTER MOVE COMPUTER FOLLOW DIRTY WOOD SECRET DORMANT CALM,0,1.3441,1.0000,1.0000,0.2205,1.0000,1.0000,1.0000,1.4457,1.1868
219,HAPPY CROWD,CLOCK VAST MEMORY FALL FOLLOW LEADER BRIDGE,0,1.2814,1.0000,0.9167,0.0318,0.7500,1.0000,1.0000,0.6628,1.1915
220,WOOD FALL,COMPUTER CAR ELDER,0,1.2423,1.0000,0.6667,0.2113,1.0000,1.0000,0.0000,0.2500,1.1941
221,BRIDGE,BREAK METAL,0,1.2328,1.0000,0.6667,0.1641,1.0000,1.0000,0.0000,0.1772,1.1960
222,ROBOT BUILD ORDERED FOOD ENCODE AUTOMATED,WOMAN,0,1.3333,1.0000,1.0000,0.1667,1.0000,1.0000,1.0000,2.7254,1.2029
223,ISOLATED MARKET,VAST STONE,0,1.2451,1.0000,0.6667,0.2256,1.0000,0.0000,1.0000,0.2653,1.2050
224,SEED MOVE TOOL BURN,SIMPLE SLOW SIMPLE MOUNTAIN COMPUTER BRIDGE ATTACK FAMOUS BUILD GUARD FORGET CHAOTIC FEAR ENGINE GUARD,0,1.2937,1.0000,0.9306,0.0728,0.9167,0.8750,1.0000,1.0596,1.2094
225,DENSE CROWD,ROBOT STRANGER HOME FOREST MOVE HORSE SENSOR DIRTY HEAVY SPREAD FALL,0,1.2389,1.0000,0.7593,0.0557,0.7778,1.0000,0.5000,0.2667,1.2109
226,METAL FALL,BUILD ASK LEADER CHILD CLEAN GROW,0,1.3224,1.0000,0.9444,0.1953,1.0000,0.8333,1.0000,0.5866,1.2165
227,ISOLATED MAN MOVE KEY FALL,GUARD HELP STONE HAPPY,0,1.2497,1.0000,0.8000,0.0485,0.4000,1.0000,1.0000,0.5332,1.2181
228,SHARP CHILD FALL,ELDER MOVE MAN,0,1.1796,1.0000,0.5556,0.0649,0.0000,0.6667,1.0000,-0.4017,1.2162
229,REBELLIOUS STRANGER,SPREAD MOVE FIRE UPDATE,0,1.3758,1.0000,1.0000,0.3791,1.0000,1.0000,1.0000,0.8720,1.2242
230,ENGINE UPDATE CHAOTIC ORDERED MEMORY ENCODE,,0,1.3000,1.0000,1.0000,0.0000,1.0000,1.0000,1.0000,1.2522,1.2280
231,SAD ELDER SPREAD,TRUSTED GUARD BURN UPDATE FAIL OBEDIENT SIMPLE ENGINE,0,1.2289,1.0000,0.7302,0.0491,0.5000,0.8333,0.8571,0.0093,1.2280
232,SHARP FIRE BURN,FALL SHARP INSECT FEAR FOLLOW,0,1.1979,1.0000,0.6000,0.0893,1.0000,0.8000,0.0000,-0.3455,1.2265
233,STRANGER BURN,FEAR NETWORK KEY WOMAN POWER,0,1.2167,1.0000,0.5833,0.2083,0.7500,1.0000,0.0000,-0.0634,1.2260
234,INSECT HEAR BOOK GROW,WOMAN WOOD ANGRY SENSOR BROKEN RULE FOLLOW SHARP BIG SAD DEAD KEY TRUST POISON MOVE,0,1.2575,1.0000,0.8561,0.0036,0.8182,0.7500,1.0000,0.3494,1.2276
235,MAP FAIL,WOLF HORSE BROKEN REBELLIOUS ENCRYPTED,0,1.3751,1.0000,1.0000,0.3756,1.0000,1.0000,1.0000,0.9205,1.2350
236,WOOD FALL,FALL BIRD HEAVY ELDER INSECT BURN WOMAN,0,1.2523,1.0000,0.7778,0.0947,1.0000,0.3333,1.0000,0.0842,1.2358
237,REBELLIOUS WOLF,COMPUTER ATTACK ROAD,0,1.3303,1.0000,1.0000,0.1514,1.0000,1.0000,1.0000,0.5583,1.2406
238,ROOM,ROOM MAN DIRTY ENCRYPTED HEAR CLOCK COMPUTE KEY SOLDIER CORRUPTED SIMPLE ENGINE,0,1.2988,1.0000,0.9048,0.1370,0.7143,1.0000,1.0000,0.2349,1.2435
239,CITY,CROWD REBELLIOUS OUTCAST BIRD OUTCAST CLEAN FIRE FALL SEE SIGNAL CLOCK SPREAD CALM POISON SPREAD,0,1.3252,1.0000,1.0000,0.1261,1.0000,1.0000,1.0000,0.4054,1.2476
240,BROKEN CAMERA,FALL,0,1.3225,1.0000,1.0000,0.1127,1.0000,1.0000,1.0000,0.5524,1.2513
241,ROBOT,SEED ENCODE FOLLOW DEAD,0,1.3205,1.0000,1.0000,0.1023,1.0000,1.0000,1.0000,0.2899,1.2548
242,POWER GROW,,1,0.2000,0.0000,0.6667,0.0000,1.0000,1.0000,0.0000,-6.5965,1.2020
243,LANGUAGE GROW,HEAVY GUARD WOMAN SLOW ERROR SPREAD CLEAN SAD DENSE SENSOR COMPUTER,0,1.2949,1.0000,0.9524,0.0459,0.8571,1.0000,1.0000,0.5606,1.2067
244,DOG MOVE CHAOTIC ACTIVE PHONE WANT,STRANGER STRANGER SPREAD,0,1.2830,1.0000,0.9333,0.0149,0.8000,1.0000,1.0000,1.5496,1.2105
245,WEAK STRANGER FALL,,1,0.3000,0.0000,1.0000,0.0000,1.0000,1.0000,1.0000,-8.2035,1.1650
246,CAMERA FALL,BOOK HEAR DULL REBELLIOUS UPDATE TRUTH ENGINE BETRAY STONE,0,1.2970,1.0000,0.9583,0.0477,0.8750,1.0000,1.0000,0.7787,1.1716
247,STRONG LEADER,SLOW CLOCK PATTERN HEAR WOLF,0,1.2653,1.0000,0.8413,0.0647,0.8571,1.0000,0.6667,0.9057,1.1763
248,CROWD CARRY BROKEN AUTOMATED ENGINE RUN,GUARD BURN BIG BIRD,0,1.2352,1.0000,0.7833,0.0011,0.6000,0.7500,1.0000,1.0063,1.1792
249,BIRD MOVE ORDERED CAMERA SEE TRUSTED,BOOK ANGRY SECRET BURN,0,1.2800,1.0000,0.8667,0.1000,1.0000,0.8000,0.8000,2.3294,1.1842
250,CLOCK FAIL,BURN,0,1.2440,1.0000,0.6667,0.2199,1.0000,1.0000,0.0000,0.4795,1.1872
251,LAW SPREAD,HEAR ACTIVE COMPUTER SIMPLE ACTIVE ENGINE,0,1.3379,1.0000,1.0000,0.1894,1.0000,1.0000,1.0000,0.9358,1.1948
252,PRISON,BORDER GUARD CITY KEY GENERATE ALGORITHM BUILD WATER FALL MOVE ANGRY COMPUTER BREAK CHILD HELP,0,1.2986,1.0000,0.9333,0.0930,0.8000,1.0000,1.0000,0.6488,1.2000
253,HORSE SEE MARKET FORGET SIGNAL ATTACK,ELDER SEE CLEAN CHOOSE PROUD ORDERED SOLDIER WANT KEY DULL GENERATE TOOL CLOCK PATTERN WEAPON,0,1.2624,1.0000,0.8653,0.0138,0.8182,0.7778,1.0000,1.3960,1.2031
254,ERROR SPREAD,LEADER FAIL,0,1.1854,1.0000,0.5556,0.0935,1.0000,0.6667,0.0000,-0.1298,1.2022
255,TIME GROW,,1,0.2000,0.0000,0.6667,0.0000,1.0000,1.0000,0.0000,-5.6505,1.1521
256,PHONE MOVE,FREE CONNECTED COMPUTER WOOD BUILD BRIDGE FREE COMPLEX DOG,0,1.2441,1.0000,0.8056,0.0121,0.7500,0.6667,1.0000,0.5816,1.1567
257,METAL FALL,VAST CLEAN,0,1.3333,1.0000,1.0000,0.1667,1.0000,1.0000,1.0000,0.8868,1.1655
258,CAT WANT TIME HEAR DOG CARRY,ENCRYPTED FALL POISON,0,1.3109,1.0000,0.9444,0.1376,1.0000,0.8333,1.0000,3.0598,1.1728
259,DEBT GROW,CAR,0,1.2132,1.0000,0.6667,0.0661,1.0000,1.0000,0.0000,0.2218,1.1748
260,FOOD BURN,MEMORY INSECT COMPLEX FALL BIRD SPREAD,0,1.3038,1.0000,0.9333,0.1191,1.0000,0.8000,1.0000,0.6961,1.1813
261,STONE BURN,ACTIVE CROWD,0,1.3430,1.0000,1.0000,0.2148,1.0000,1.0000,1.0000,0.9295,1.1893
262,DEBT,HEAR KNOW REBELLIOUS,0,1.3787,1.0000,1.0000,0.3933,1.0000,1.0000,1.0000,0.8841,1.1988
263,WEAK DOG MOVE STONE HEAR ALGORITHM,SEE MOUNTAIN BUILD WEAK CAMERA HEAVY BIRD,0,1.1716,1.0000,0.5667,0.0080,0.8000,0.4000,0.5000,-0.5747,1.1974
264,VAST LIE,,0,1.2000,1.0000,0.6667,0.0000,1.0000,0.0000,1.0000,0.0196,1.1976
265,GUARD GROW,KNOW HEAVY TRUSTED ATTACK WOLF,0,1.2765,1.0000,0.8889,0.0489,0.6667,1.0000,1.0000,0.5519,1.2015
266,STRANGER FALL,,1,0.2000,0.0000,0.6667,0.0000,1.0000,1.0000,0.0000,-6.3832,1.1514
267,MEMORY GROW,GENERATE MEMORY,0,1.1133,1.0000,0.3333,0.0663,0.0000,1.0000,0.0000,-0.2233,1.1495
268,CORRUPTED SOLDIER,HEAR CAT ENCODE,0,1.3053,1.0000,0.8889,0.1933,0.6667,1.0000,1.0000,1.4426,1.1573
269,HOME,ENGINE MOVE ACTIVE HELP VAST ENCRYPTED TALK,0,1.3297,1.0000,1.0000,0.1483,1.0000,1.0000,1.0000,0.7944,1.1659
270,ASHAMED,OBEDIENT SEE TRUSTED TOOL SEE FAMOUS TRUSTED GUARD TRUSTED ELDER INSECT FALL HEAR WARN FALL,0,1.4699,1.0000,1.0000,0.8493,1.0000,1.0000,1.0000,1.2629,1.1811
271,TRUTH SPREAD,VAST SPREAD,0,1.2089,1.0000,0.6667,0.0445,1.0000,0.0000,1.0000,0.1867,1.1825
272,PHONE HEAR AUTOMATED TIME MOVE OUTCAST,DEAD MEMORY CLOCK,0,1.3017,1.0000,0.8889,0.1752,0.6667,1.0000,1.0000,2.2125,1.1885
273,MEMORY,CAMERA NETWORK HOME FREE,0,1.2168,1.0000,0.6667,0.0841,1.0000,0.0000,1.0000,0.1317,1.1899
274,AUTOMATED LANGUAGE,FALL SMALL DORMANT HORSE GUARD SENSOR FAMOUS HORSE IMAGINE ENGINE MOVE,0,1.3390,1.0000,0.9524,0.2663,1.0000,1.0000,0.8571,1.1149,1.1974
275,ROOM,TIME DIRTY FALL,0,1.3147,1.0000,1.0000,0.0736,1.0000,1.0000,1.0000,0.4652,1.2032
276,DEBT SPREAD,SENSOR,0,1.2429,1.0000,0.6667,0.2145,1.0000,1.0000,0.0000,0.2037,1.2052
277,GUARD HEAR WOOD HEAR BROKEN OUTCAST,SOLDIER CARRY BORDER SIMPLE WEAK CORRUPTED MEMORY,0,1.2788,1.0000,0.8492,0.1202,0.7143,1.0000,0.8333,1.4533,1.2089
278,CHILD ATTACK CALM MAN HELP STRONG,UPDATE CHILD MOVE ASHAMED,0,1.2024,1.0000,0.5833,0.1370,0.0000,1.0000,0.7500,-0.1586,1.2086
279,OBEDIENT MAN ATTACK SMALL DENSE TOOL,NETWORK,0,1.3209,1.0000,0.9333,0.2047,0.8000,1.0000,1.0000,2.5779,1.2142
280,SYSTEM GROW,SPREAD MOVE LEADER MOVE PROUD OPTIMAL FALL CARRY LIE,0,1.2931,1.0000,0.8778,0.1489,0.8000,0.8333,1.0000,0.4409,1.2181
281,METAL FALL,SPREAD BREAK VAST ENCRYPTED HELP CONNECTED EAT KEY,0,1.2835,1.0000,0.8472,0.1468,0.6667,0.8750,1.0000,0.3372,1.2214
282,CAR MOVE ENGINE HEAR ASHAMED AUTOMATED,CHOICE MOVE SOLDIER SAD,0,1.2168,1.0000,0.6667,0.0840,1.0000,0.5000,0.5000,-0.0862,1.2212
283,DOG BURN,SYSTEM HEAR DUST DRONE BURN UPDATE CITY ROAD SENSOR MAP GROW FALL FAST DIRTY IDENTITY,0,1.2952,1.0000,0.9167,0.1011,1.0000,0.7500,1.0000,0.5388,1.2249
284,DORMANT INSECT,TALK MOVE CHAOTIC RIVER ELDER,0,1.3249,1.0000,0.9333,0.2243,0.8000,1.0000,1.0000,0.8484,1.2299
285,PHONE MOVE OUTCAST BROKEN LEADER HEAR,BIG DENSE DENSE COMPLEX BREAK BROKEN LEADER ENCODE ELDER FAIL FALL CHILD LEADER RIVER LEADER,0,1.2347,1.0000,0.7778,0.0068,0.6667,0.8889,0.7778,0.0650,1.2301
286,TIME FAIL,BURN CAT ELDER VAST ROBOT TRUTH PLAN STRONG SLOW HEAR BOOK HAPPY AUTOMATED DULL IMAGINE,0,1.3336,1.0000,0.9697,0.2136,0.9091,1.0000,1.0000,0.5717,1.2353
287,AUTOMATED PHONE,RUN ELDER OPTIMAL SPREAD STRONG HEAR WEAK ASHAMED ELDER ALGORITHM WANT ANGRY SEE HOME SPREAD,0,1.2699,1.0000,0.8667,0.0493,1.0000,1.0000,0.6000,0.2356,1.2370
288,HORSE FOLLOW CHAOTIC ORDERED DRONE FALL,CLOCK ATTACK SHARP ENCRYPTED BREAK ERROR HEAR TRUTH MEMORY BURN STRANGER,0,1.2187,1.0000,0.7093,0.0295,0.7778,0.7500,0.6000,-0.3781,1.2361
289,HAPPY MAN EAT CORRUPTED CLEAN KEY,CONNECTED SIMPLE CONNECTED SOLDIER HEAR INSECT CHILD BREAK CHAOTIC STRONG STRANGER MOVE DRONE RUN STRANGER,0,1.1736,1.0000,0.5635,0.0229,0.5000,0.8571,0.3333,-1.0281,1.2330
290,DEAD KEY,TRADE LEADER,0,1.4367,1.0000,1.0000,0.6835,1.0000,1.0000,1.0000,1.9744,1.2432
291,RIVER,OUTCAST,0,1.3307,1.0000,0.6667,0.6534,1.0000,0.0000,1.0000,0.5439,1.2475
292,TIME GROW,FAIL MOVE MOVE HELP OUTCAST SMALL IDENTITY,0,1.2583,1.0000,0.8413,0.0294,0.6667,0.8571,1.0000,0.0612,1.2481
293,MAP FALL,PLAN THINK,0,1.2259,1.0000,0.6667,0.1293,1.0000,1.0000,0.0000,-0.1343,1.2470
294,TIME FAIL,MOVE CAT ACTIVE,0,1.3753,1.0000,1.0000,0.3764,1.0000,1.0000,1.0000,0.6934,1.2534
295,SECRET MARKET,DENSE SEE DOG MEMORY UPDATE DOG BUILD ERROR GROW METAL,0,1.3185,1.0000,1.0000,0.0927,1.0000,1.0000,1.0000,0.5281,1.2566
296,LIE GROW,MAP TRADE SLOW ELDER UPDATE CAT STRANGER,0,1.3078,1.0000,1.0000,0.0390,1.0000,1.0000,1.0000,0.2606,1.2592
297,FREE CROWD SEE INSECT FALL,CORRUPTED SIMPLE SOLDIER MOVE CHILD HEAR FREE COMPLEX CHILD PLAN COMPLEX LIE DRONE KEY CHANCE,0,1.1825,1.0000,0.6000,0.0123,0.8000,0.4000,0.6000,-1.3658,1.2554
298,FAST DOG HELP BROKEN ANGRY LEADER,TRUSTED CHILD FALL ELDER FALL SIMPLE FEAR OPTIMAL BURN WOLF TRAPPED CAT GUARD SPREAD BURN,0,1.2158,1.0000,0.6889,0.0458,0.4000,1.0000,0.6667,-0.7015,1.2534
299,INSECT,RUN,0,1.2155,1.0000,0.6667,0.0774,1.0000,1.0000,0.0000,-0.1660,1.2515
300,ISOLATED ROOM,SOLDIER CAMERA,0,1.2566,1.0000,0.6667,0.2828,1.0000,0.0000,1.0000,0.0326,1.2517
301,SLOW ROBOT FAIL,RUN NETWORK,0,1.2859,1.0000,0.8889,0.0962,0.6667,1.0000,1.0000,0.3424,1.2534
302,MAN ATTACK SLOW OBEDIENT DOG CHOOSE,SIGNAL FALL FOLLOW KEY MOVE DORMANT ENGINE,0,1.2902,1.0000,0.8917,0.1137,1.0000,0.8750,0.8000,0.8052,1.2553
303,BRIDGE,TRUSTED WANT LAW FALL BURN KNOW TOOL BURN,0,1.3062,1.0000,1.0000,0.0309,1.0000,1.0000,1.0000,0.2273,1.2578
304,IDENTITY GROW,,1,0.2000,0.0000,0.6667,0.0000,1.0000,1.0000,0.0000,-5.9941,1.2049
305,ROOM,MOVE BRIDGE CAR TIME FREE,0,1.2992,1.0000,0.9524,0.0674,0.8571,1.0000,1.0000,0.3626,1.2097
306,DEBT SPREAD,FORGET HEAR ROBOT FAIL POISON,0,1.2126,1.0000,0.6111,0.1464,1.0000,0.8333,0.0000,0.0149,1.2098
307,BIRD FOLLOW SLOW SECRET LEADER FALL,SPREAD,0,1.3384,1.0000,1.0000,0.1921,1.0000,1.0000,1.0000,2.7378,1.2162
308,OUTCAST,SEE REBELLIOUS FALL WATER FALL,0,1.3910,1.0000,1.0000,0.4552,1.0000,1.0000,1.0000,0.7229,1.2250
309,OBEDIENT MAN HELP FREE WOLF CARRY,SPREAD SEE KNOW TRAPPED,0,1.2264,1.0000,0.6667,0.1321,1.0000,1.0000,0.0000,0.0289,1.2250
310,TIME FAIL,BUILD METAL,0,1.2759,1.0000,0.6667,0.3794,1.0000,1.0000,0.0000,0.2587,1.2276
311,KEY GROW,WEAPON CHILD SIGNAL BUILD OPTIMAL,0,1.2393,1.0000,0.7778,0.0297,0.6667,0.6667,1.0000,0.0763,1.2282
312,CHANCE GROW,GROW UPDATE FEAR LEADER,0,1.1396,1.0000,0.4333,0.0482,0.8000,0.5000,0.0000,-0.5753,1.2237
313,SYSTEM SPREAD,SPREAD,0,1.1033,1.0000,0.3333,0.0163,1.0000,0.0000,0.0000,-0.6695,1.2177
314,SENSOR HEAR FOOD HEAR DIRTY DORMANT,STRANGER WEAPON ENGINE TIME,0,1.2829,1.0000,0.9259,0.0255,0.7778,1.0000,1.0000,1.4654,1.2210
315,HORSE FORGET ENCRYPTED BORDER HEAR CAMERA,CLOCK GROW FIRE VAST ANGRY DOG UPDATE IDENTITY LANGUAGE FALL FALL FALL SLOW DORMANT STRONG,0,1.2534,1.0000,0.8418,0.0046,0.6364,1.0000,0.8889,0.7369,1.2226
316,GUARD HEAR CHAOTIC VAST LAW SEE,ENGINE MOVE LIE GROW CHANCE FALL DIRTY THINK DULL BROKEN MAN FALL WARN,0,1.2397,1.0000,0.7903,0.0130,0.6250,0.8889,0.8571,0.3282,1.2235
317,PROUD MAN,CAMERA LIE HEAR MOUNTAIN MOVE CHILD TRAPPED SIMPLE HORSE FAST DULL OPTIMAL SIMPLE SHARP OBEDIENT,0,1.2840,1.0000,0.8843,0.0937,0.7778,1.0000,0.8750,0.4050,1.2265
318,WOLF HEAR WEAK DOG CARRY SAD,GUARD UPDATE MAN,0,1.2760,1.0000,0.8889,0.0466,0.6667,1.0000,1.0000,1.0952,1.2290
319,SENSOR HEAR OBEDIENT REBELLIOUS WOLF FALL,MOVE CLEAN GUARD CLEAN DRONE EAT COMPUTER,0,1.2362,1.0000,0.7778,0.0144,0.5000,0.8333,1.0000,0.1362,1.2293
320,TRAPPED DOG,ACTIVE SIMPLE SAD CLOCK KEY ROOM,0,1.1977,1.0000,0.6111,0.0716,1.0000,0.0000,0.8333,-0.2250,1.2277
321,CHILD MOVE BOOK FOLLOW ORDERED PATTERN,UPDATE LAW,0,1.3166,1.0000,0.9524,0.1547,0.8571,1.0000,1.0000,1.9688,1.2322
322,MOUNTAIN,STRONG FIRE ANGRY CAMERA FALL SEE IMAGINE,0,1.3284,1.0000,1.0000,0.1421,1.0000,1.0000,1.0000,0.3960,1.2370
323,CORRUPTED COMPUTER FAIL,SAD SIGNAL TRUTH SEE BORDER ENCODE,0,1.2626,1.0000,0.8222,0.0795,1.0000,0.8000,0.6667,0.2895,1.2383
324,VAST WATER,TIME ISOLATED BREAK FAMOUS ACTIVE BIRD TALK GROW DENSE DOG COMPUTE SOLDIER VAST CALM ROOM,0,1.3020,1.0000,0.9259,0.1211,1.0000,1.0000,0.7778,0.5771,1.2415
325,AUTOMATED LANGUAGE,THINK BIRD,0,1.3549,1.0000,1.0000,0.2746,1.0000,1.0000,1.0000,0.8034,1.2471
326,WEAPON FALL,PHONE SMALL SECRET FALL STRANGER SPREAD DOG HORSE CAR SPREAD ROAD HEAR HEAVY BROKEN FAMOUS,0,1.2693,1.0000,0.8519,0.0690,0.8889,0.6667,1.0000,0.1428,1.2482
327,WOOD BURN,DULL LEADER SIGNAL LEADER HORSE SEE FIRE CONNECTED TRUSTED DENSE MOVE ACTIVE CAR BIRD SOLDIER,0,1.3003,1.0000,0.9000,0.1516,0.9000,0.8000,1.0000,0.2632,1.2508
328,SLOW GUARD ATTACK REBELLIOUS WEAK GUARD,FREE SENSOR STONE FALL BETRAY HEAR FOREST MAP IDENTITY EAT FAIL CONNECTED DENSE DOG,0,1.2555,1.0000,0.8148,0.0553,0.9167,0.7778,0.7500,0.0820,1.2511
329,FAST WOMAN HEAR ASHAMED AUTOMATED LEADER,HEAR STRANGER HEAR COMPUTER UPDATE ENCODE,0,1.2176,1.0000,0.7000,0.0382,0.5000,0.6000,1.0000,-0.6122,1.2494
330,BRIDGE,POWER CAT TRUTH ANGRY DIRTY TRUTH WEAPON,0,1.2095,1.0000,0.6667,0.0476,1.0000,0.0000,1.0000,-0.1761,1.2474
331,FAST CROWD BREAK SAD ISOLATED CROWD,SPREAD FREE OBEDIENT TRAPPED GENERATE,0,1.3612,1.0000,1.0000,0.3060,1.0000,1.0000,1.0000,1.9461,1.2531
332,REBELLIOUS STRANGER,,0,1.2000,1.0000,0.6667,0.0000,1.0000,0.0000,1.0000,-0.3157,1.2504
333,AUTOMATED PHONE,AUTOMATED FAIL SEED FALL ASHAMED,0,1.2787,1.0000,0.8333,0.1433,1.0000,1.0000,0.5000,0.1842,1.2519
334,INSECT HEAR CAT HEAR KEY HEAR,MOVE SEE DIRTY SIMPLE FAMOUS CHAOTIC PLAN,0,1.2673,1.0000,0.8333,0.0866,1.0000,0.5000,1.0000,0.2452,1.2526
335,BRIDGE,ELDER SEE TIME COMPUTER FORGET COMPUTER MOVE CONNECTED ROAD DORMANT TALK,0,1.3001,1.0000,0.9630,0.0558,0.8889,1.0000,1.0000,0.2137,1.2550
336,ASHAMED MAN BURN,,1,0.3000,0.0000,1.0000,0.0000,1.0000,1.0000,1.0000,-8.1304,1.2073
337,FOOD BURN,HEAR NETWORK DOG STRANGER,0,1.2191,1.0000,0.6667,0.0953,1.0000,1.0000,0.0000,0.0582,1.2078
338,MEMORY SPREAD,BURN POISON ENCODE GENERATE UPDATE SIMPLE BRIDGE IMAGINE COMPUTER,0,1.3067,1.0000,0.9630,0.0890,1.0000,0.8889,1.0000,0.5929,1.2128
339,SOLDIER BUILD ORDERED STONE MOVE INSECT,,1,0.3000,0.0000,1.0000,0.0000,1.0000,1.0000,1.0000,-19.0969,1.1671
340,WOLF GROW,CHILD GROW GROW,0,1.0688,1.0000,0.2222,0.0106,0.6667,0.0000,0.0000,-0.7713,1.1622
341,OUTCAST CAT,,0,1.2000,1.0000,0.6667,0.0000,1.0000,0.0000,1.0000,0.2659,1.1641
342,FAST INSECT SPREAD,,1,0.3000,0.0000,1.0000,0.0000,1.0000,1.0000,1.0000,-8.7530,1.1209
343,ISOLATED MOUNTAIN,ENGINE FOLLOW,0,1.3467,1.0000,1.0000,0.2337,1.0000,1.0000,1.0000,1.4943,1.1322
344,OBEDIENT CHILD,FALL ENCODE WEAK BUILD TRUST BURN GUARD SEE ELDER ELDER ENCRYPTED HEAR STONE CHANCE BURN,0,1.2741,1.0000,0.8889,0.0370,0.6667,1.0000,1.0000,1.0188,1.1393
345,BIG CAR FALL,UPDATE,0,1.3682,1.0000,1.0000,0.3411,1.0000,1.0000,1.0000,2.6136,1.1507
346,CLOCK FAIL,ORDERED MAP FAMOUS CAR METAL WEAPON SMALL DOG KNOW AUTOMATED DENSE DIRTY WEAK WOLF SEE,0,1.3185,1.0000,0.9583,0.1550,0.8750,1.0000,1.0000,1.1833,1.1591
347,AUTOMATED CHOICE,,0,1.2000,1.0000,0.6667,0.0000,1.0000,0.0000,1.0000,0.3048,1.1612
348,ROOM,HELP INSECT SEE GENERATE SIMPLE SEE SAD SIGNAL MEMORY SIMPLE UPDATE ENGINE CAMERA FREE DEAD,0,1.3386,1.0000,1.0000,0.1932,1.0000,1.0000,1.0000,0.6756,1.1700
349,REBELLIOUS MAN,PROUD TRAPPED FALL FALL ISOLATED ISOLATED GUARD SEE POISON,0,1.2615,1.0000,0.7222,0.2244,0.5000,1.0000,0.6667,0.5525,1.1746
350,CITY,MOVE FREE BRIDGE,0,1.2946,1.0000,0.8889,0.1395,0.6667,1.0000,1.0000,0.5764,1.1806
351,AUTOMATED PATTERN,FAIL FORGET DOG ROOM,0,1.3441,1.0000,1.0000,0.2204,1.0000,1.0000,1.0000,1.1436,1.1888
352,FOOD FALL,EAT,0,1.1767,1.0000,0.5556,0.0504,1.0000,0.6667,0.0000,-0.0631,1.1882
353,MAN EAT VAST SAD,ERROR FALL TALK SPREAD DENSE GUARD CONNECTED ANGRY GUARD SIGNAL FALL HEAR CHOICE,0,1.2240,1.0000,0.6868,0.0901,0.6000,0.8889,0.5714,0.4299,1.1900
354,LIE GROW,,1,0.2000,0.0000,0.6667,0.0000,1.0000,1.0000,0.0000,-5.2649,1.1405
355,FOOD BURN,LEADER,0,1.2367,1.0000,0.6667,0.1834,1.0000,1.0000,0.0000,0.4834,1.1453
356,SYSTEM FAIL,FALL,0,1.3000,1.0000,0.6667,0.5000,1.0000,1.0000,0.0000,0.7773,1.1530
357,WOLF FORGET FREE DIRTY SEED FORGET,HORSE,0,1.2558,1.0000,0.8333,0.0292,0.5000,1.0000,1.0000,2.0485,1.1582
358,LIE GROW,,1,0.2000,0.0000,0.6667,0.0000,1.0000,1.0000,0.0000,-5.2056,1.1103
359,WOOD BURN,ATTACK CALM DORMANT BURN,0,1.2604,1.0000,0.8333,0.0521,1.0000,0.5000,1.0000,0.7372,1.1178
360,GUARD SPREAD,ANGRY AUTOMATED,0,1.3674,1.0000,1.0000,0.3372,1.0000,1.0000,1.0000,1.6637,1.1303
361,CROWD SEE LEADER SPREAD,IDENTITY FALL DULL GUARD,0,1.2507,1.0000,0.8333,0.0033,0.5000,1.0000,1.0000,1.8024,1.1363
362,LEADER HEAR POISON BREAK CLEAN CHAOTIC,COMPUTE SLOW MARKET MOVE BIRD TRUST POISON FORGET,0,1.1943,1.0000,0.6164,0.0471,0.5714,0.7778,0.5000,1.1782,1.1392
363,DEAD WOOD,,0,1.2000,1.0000,0.6667,0.0000,1.0000,0.0000,1.0000,0.5210,1.1422
364,OBEDIENT HORSE FALL,UPDATE CONNECTED METAL POISON GUARD KEY NETWORK,0,1.3041,1.0000,0.9583,0.0830,0.8750,1.0000,1.0000,1.5000,1.1503
365,BORDER SPREAD,HEAR DOG BURN REBELLIOUS THINK CAT FAIL SEE SEED SHARP ACTIVE,0,1.3354,1.0000,0.9583,0.2393,1.0000,0.8750,1.0000,0.9490,1.1596
366,WOOD,,0,1.1000,1.0000,0.3333,0.0000,1.0000,0.0000,0.0000,-0.2484,1.1566
367,TRAPPED SOLDIER SEE AUTOMATED VAST KEY,,1,0.3000,0.0000,1.0000,0.0000,1.0000,1.0000,1.0000,-14.0371,1.1138
368,CHILD ATTACK ELDER SEE PHONE SEE,MOVE STRONG UPDATE,0,1.3113,1.0000,1.0000,0.0567,1.0000,1.0000,1.0000,4.5077,1.1236
369,CITY,OUTCAST BIRD HEAR ENCODE GROW BROKEN MEMORY COMPUTER SECRET SECRET PATTERN ELDER,0,1.3354,1.0000,1.0000,0.1770,1.0000,1.0000,1.0000,0.9737,1.1342
370,WOMAN FOLLOW TIME IMAGINE PLAN FOLLOW,LEADER,1,0.1615,0.0000,0.5333,0.0073,0.6000,1.0000,0.0000,-22.3901,1.0856
371,SOLDIER SPREAD,MOVE,0,1.2379,1.0000,0.6667,0.1895,1.0000,1.0000,0.0000,1.0652,1.0932
372,ACTIVE CHOICE,WANT RUN PLAN SPREAD,0,1.2216,1.0000,0.6667,0.1079,0.0000,1.0000,1.0000,1.1208,1.0996
373,DORMANT COMPUTER FALL,WOLF DIRTY LEADER,0,1.3305,1.0000,1.0000,0.1524,1.0000,1.0000,1.0000,2.1354,1.1112
374,CITY,WANT SIMPLE CITY SMALL ENCODE STRANGER CARRY WANT SYSTEM,0,1.2884,1.0000,0.8889,0.1089,0.6667,1.0000,1.0000,0.7694,1.1200
375,WOMAN BUILD BROKEN SECRET CROWD BREAK,OBEDIENT THINK ALGORITHM INSECT TRAPPED WOMAN FALL FAIL BROKEN MARKET FALL OUTCAST FALL COMPLEX,0,1.2227,1.0000,0.6726,0.1045,0.7143,0.8750,0.4286,2.1487,1.1252
376,FOOD,PRISON,0,1.1492,1.0000,0.3333,0.2461,1.0000,0.0000,0.0000,0.1023,1.1264
377,ISOLATED RIVER,BROKEN GENERATE KNOW SAD ELDER ERROR FALL,0,1.3542,1.0000,0.9333,0.3709,1.0000,1.0000,0.8000,1.6695,1.1378
378,RULE,WOMAN WATER ENCODE BORDER SIMPLE SIMPLE STRANGER FEAR SEE CHILD BREAK WEAPON BURN RUN,0,1.3545,1.0000,0.9630,0.3279,0.8889,1.0000,1.0000,1.1480,1.1486
379,PRISON,CROWD,0,1.1333,1.0000,0.3333,0.1666,1.0000,0.0000,0.0000,-0.0679,1.1478
380,LAW SPREAD,CLEAN FIRE MOVE DIRTY CLEAN STRANGER SLOW CHANCE SYSTEM FALL OPTIMAL WOLF TALK KNOW BORDER,0,1.3196,1.0000,0.9667,0.1479,0.9000,1.0000,1.0000,1.1787,1.1564
381,DIRTY INSECT HEAR DOG,SEED GENERATE METAL ORDERED PHONE,0,1.3225,1.0000,1.0000,0.1125,1.0000,1.0000,1.0000,2.3074,1.1647
382,OBEDIENT SOLDIER FALL,,1,0.3000,0.0000,1.0000,0.0000,1.0000,1.0000,1.0000,-7.6993,1.1215
383,ORDERED CHOICE SPREAD,MOVE DIRTY ELDER GROW PLAN SIMPLE ENCRYPTED STRANGER DULL OBEDIENT ISOLATED THINK CAR MEMORY,0,1.2749,1.0000,0.8095,0.1604,0.7143,1.0000,0.7143,1.3500,1.1292
384,BIG CHILD SEE BRIDGE BREAK POISON,POISON STRONG WATER FALL ASHAMED SEE PATTERN,0,1.2277,1.0000,0.7167,0.0637,0.7500,0.4000,1.0000,2.2867,1.1341
385,SOLDIER,DIRTY BIRD BREAK CARRY CAR SEE MARKET,0,1.2890,1.0000,0.9524,0.0163,0.8571,1.0000,1.0000,0.7424,1.1418
386,CHAOTIC TRUTH,RIVER GROW CROWD,0,1.3683,1.0000,1.0000,0.3413,1.0000,1.0000,1.0000,1.9439,1.1532
387,DOG BURN,UPDATE HOME PRISON,0,1.2428,1.0000,0.6667,0.2139,1.0000,1.0000,0.0000,0.6985,1.1576
388,CAMERA SEE DORMANT DORMANT,ENCRYPTED DRONE BETRAY FALL SEE SLOW SLOW DULL ENGINE HEAR SENSOR CHOICE,0,1.2645,1.0000,0.7778,0.1560,0.6667,0.6667,1.0000,1.5948,1.1630
389,BIRD WANT WOOD BURN,STRONG HORSE ACTIVE WARN,0,1.2664,1.0000,0.8333,0.0818,0.5000,1.0000,1.0000,1.5436,1.1681
390,ACTIVE DRONE,FALL CARRY,0,1.3495,1.0000,1.0000,0.2474,1.0000,1.0000,1.0000,1.4868,1.1772
391,HAPPY CHILD FALL,ENCODE,0,1.3932,1.0000,1.0000,0.4658,1.0000,1.0000,1.0000,2.3663,1.1880
392,FOOD FALL,STRANGER,0,1.2320,1.0000,0.6667,0.1600,1.0000,1.0000,0.0000,0.2608,1.1902
393,NETWORK GROW,,1,0.2000,0.0000,0.6667,0.0000,1.0000,1.0000,0.0000,-6.4845,1.1407
394,MAN FALL,STRANGER SEE SHARP LEADER BURN CALM WEAK CAT FALL ELDER BORDER KEY KEY TRADE TOOL,0,1.2510,1.0000,0.8095,0.0409,0.7143,0.7143,1.0000,0.8769,1.1462
395,CROWD FOLLOW CONNECTED COMPLEX CAR FORGET,LEADER,0,1.2577,1.0000,0.8333,0.0383,0.5000,1.0000,1.0000,2.3782,1.1518
396,COMPUTER UPDATE ENCRYPTED MAP FAIL,BIG AUTOMATED STONE GENERATE RULE BURN TRADE LEADER,0,1.2415,1.0000,0.7546,0.0755,0.8889,0.8750,0.5000,1.4396,1.1563
397,BOOK GROW,,1,0.2000,0.0000,0.6667,0.0000,1.0000,1.0000,0.0000,-5.9778,1.1085
398,SIGNAL FAIL,,1,0.2000,0.0000,0.6667,0.0000,1.0000,1.0000,0.0000,-5.6109,1.0630
399,STONE BURN,DENSE ENCRYPTED UPDATE ALGORITHM RUN,0,1.3213,1.0000,0.9333,0.2065,1.0000,0.8000,1.0000,1.4191,1.0759
400,ANGRY HORSE SEE ACTIVE ENGINE SEE,LAW GUARD,0,1.3204,1.0000,0.9524,0.1736,0.8571,1.0000,1.0000,5.2958,1.0882
401,FEAR GROW,GENERATE VAST DEBT SOLDIER OUTCAST ROOM WEAPON SPREAD SIGNAL,0,1.2919,1.0000,0.9667,0.0097,0.9000,1.0000,1.0000,1.3499,1.0984
402,LEADER,GROW,0,1.2329,1.0000,0.6667,0.1646,1.0000,1.0000,0.0000,0.6077,1.1051
403,OBEDIENT DOG BURN,WEAK SHARP OBEDIENT ACTIVE CROWD GROW BURN CHANCE LANGUAGE MOVE TRUST BURN FALL BUILD WOMAN,0,1.2315,1.0000,0.7500,0.0327,0.8333,0.7500,0.6667,1.1178,1.1114
404,HAPPY HORSE SEE POISON TRADE SLOW,ISOLATED WEAK FIRE FOLLOW SECRET FOLLOW,0,1.2316,1.0000,0.7333,0.0580,0.8000,0.8000,0.6000,2.5657,1.1174
405,REBELLIOUS STRANGER,GROW SEED TOOL FALL SAD INSECT TRUST CAT,0,1.3263,1.0000,0.9444,0.2149,0.8333,1.0000,1.0000,1.3057,1.1279
406,CAT FALL,MOUNTAIN SPREAD,0,1.2199,1.0000,0.6667,0.0993,1.0000,1.0000,0.0000,0.7028,1.1325
407,SAD MAN WANT SIMPLE ISOLATED BOOK,MOVE COMPLEX FAST SPREAD BREAK METAL BOOK,0,1.2553,1.0000,0.8111,0.0600,0.6000,1.0000,0.8333,2.4003,1.1386
408,MAP FAIL,METAL FALL GUARD FREE VAST FAST MOVE CROWD ASHAMED FIRE,0,1.3310,1.0000,0.9444,0.2386,0.8333,1.0000,1.0000,1.1270,1.1482
409,LEADER BURN,MAP CLEAN FAST KEY,0,1.3153,1.0000,1.0000,0.0764,1.0000,1.0000,1.0000,1.0274,1.1566
410,WOLF FORGET OUTCAST CALM,GUARD SAD WEAK TIME WEAPON HEAR BOOK HEAR FREE RULE TALK,0,1.2507,1.0000,0.8011,0.0517,0.8889,0.8000,0.7143,1.4273,1.1613
411,CHILD FALL,SAD,0,1.4375,1.0000,1.0000,0.6873,1.0000,1.0000,1.0000,2.1169,1.1751
412,SOLDIER HEAR DIRTY ISOLATED CROWD BURN,WANT LAW HEAR CLOCK WANT STRANGER FORGET BURN FALL COMPUTE WEAK SMALL MARKET DRONE,0,1.2030,1.0000,0.6444,0.0484,0.7778,0.5556,0.6000,0.4770,1.1765
413,SIMPLE TOOL,CAR CLEAN STRONG SOLDIER SECRET TRUST BURN WEAPON SEE ASK SPREAD GUARD FALL RULE GUARD,0,1.3012,1.0000,0.8381,0.2487,0.7143,1.0000,0.8000,1.0468,1.1827
414,CORRUPTED WEAPON,ENCODE ROOM GENERATE SIMPLE SOLDIER SEE DULL PHONE RUN GROW SIMPLE UPDATE SIGNAL MOVE BIG,0,1.3405,1.0000,0.8296,0.4581,0.8889,1.0000,0.6000,1.4017,1.1906
415,LANGUAGE SPREAD,LAW HEAR ROBOT,0,1.1910,1.0000,0.6000,0.0549,0.8000,1.0000,0.0000,0.0019,1.1906
416,TOOL BURN,CITY STRANGER SMALL CHILD,0,1.3284,1.0000,1.0000,0.1418,1.0000,1.0000,1.0000,0.7662,1.1975
417,GUARD FALL,WEAPON LEADER,0,1.1575,1.0000,0.5000,0.0374,0.5000,1.0000,0.0000,-0.2660,1.1955
418,CITY,BUILD PRISON WANT DORMANT GENERATE SMALL GUARD,0,1.2699,1.0000,0.8333,0.0993,0.5000,1.0000,1.0000,0.3164,1.1992
419,DOG CARRY DIRTY SIMPLE MAP HEAR,KNOW ROOM ELDER FAIL ELDER FAIL STRONG SEED,0,1.2544,1.0000,0.7857,0.0935,0.7500,0.8571,0.7500,0.9041,1.2020
420,SMALL LEADER BREAK CHAOTIC CLEAN,CLEAN FREE SENSOR,0,1.3066,1.0000,0.9167,0.1580,1.0000,1.0000,0.7500,1.7357,1.2072
421,ENCRYPTED PATTERN,MARKET FALL HORSE LEADER,0,1.3875,1.0000,1.0000,0.4373,1.0000,1.0000,1.0000,1.4717,1.2162
422,DOG FORGET IDENTITY FORGET OPTIMAL TIME,CROWD,0,1.2905,1.0000,0.9444,0.0356,0.8333,1.0000,1.0000,1.6785,1.2199
423,TRAPPED BIRD BURN,DRONE HEAVY FREE WOMAN ENCRYPTED HEAR ALGORITHM DENSE DENSE MAN FALL CONNECTED SPREAD ROOM SIMPLE,0,1.2660,1.0000,0.8320,0.0821,0.8889,0.8571,0.7500,0.4011,1.2223
424,WOMAN HEAR FOOD TRADE FREE ISOLATED,ELDER FALL BREAK HOME SPREAD CLOCK UPDATE ROAD TIME SIMPLE FAST DOG DORMANT LEADER LAW,0,1.2659,1.0000,0.8611,0.0380,0.8333,1.0000,0.7500,0.9208,1.2244
425,AUTOMATED CLOCK,WOMAN SPREAD COMPUTER FREE AUTOMATED FIRE CLEAN TIME DORMANT IDENTITY,0,1.2718,1.0000,0.8556,0.0759,0.9000,1.0000,0.6667,0.3525,1.2268
426,WOMAN RUN,FAIL TRUSTED WEAK BURN,0,1.3370,1.0000,0.9333,0.2849,1.0000,0.8000,1.0000,0.8929,1.2323
427,MAN FALL,FALL,0,1.1186,1.0000,0.3333,0.0931,1.0000,0.0000,0.0000,-0.8583,1.2266
428,OUTCAST BIRD,MOVE GUARD ERROR GENERATE MAN SENSOR CHOICE BUILD BUILD ENGINE WATER,0,1.3402,1.0000,0.9697,0.2466,0.9091,1.0000,1.0000,0.8369,1.2323
429,SIMPLE FEAR,SEE WANT OBEDIENT SEE THINK,0,1.3912,1.0000,1.0000,0.4561,1.0000,1.0000,1.0000,1.3188,1.2403
430,TRAPPED HORSE,GENERATE TRUTH FIRE ORDERED OBEDIENT ANGRY,0,1.3367,1.0000,0.8889,0.3504,1.0000,1.0000,0.6667,0.7313,1.2451
431,OUTCAST WEAPON,SIMPLE CONNECTED ORDERED FOREST EAT,0,1.3327,1.0000,0.8333,0.4134,1.0000,1.0000,0.5000,0.6276,1.2495
432,WEAK SEED SPREAD,SMALL STRANGER CALM WEAPON HAPPY GENERATE,0,1.2566,1.0000,0.8222,0.0498,0.8000,0.6667,1.0000,0.0647,1.2498
433,BRIDGE,PATTERN FALL TRADE DULL KEY INSECT CLOCK COMPUTER ASK COMPUTE UPDATE FALL ENCODE,0,1.3267,1.0000,1.0000,0.1334,1.0000,1.0000,1.0000,0.3553,1.2537
434,CITY,HEAR CHILD LEADER,0,1.2273,1.0000,0.6667,0.1365,1.0000,1.0000,0.0000,-0.1101,1.2523
435,DRONE MOVE FREE OUTCAST DOG COMPUTE,FIRE CHAOTIC IDENTITY HEAR DORMANT CROWD BROKEN CHOICE SOLDIER AUTOMATED ELDER ELDER GROW METAL,0,1.2679,1.0000,0.8238,0.1040,0.9000,0.8571,0.7143,0.2756,1.2531
436,MOUNTAIN,ENGINE ROOM CONNECTED SLOW STRONG STRANGER DENSE GUARD ELDER KEY GUARD HEAR CONNECTED TRADE CLEAN,0,1.3116,1.0000,0.9583,0.1205,0.8750,1.0000,1.0000,0.2341,1.2560
437,FOOD BURN,DRONE BETRAY FAIL TRADE CITY KEY ISOLATED ELDER HEAR FOREST TIME UPDATE CARRY BROKEN LEADER,0,1.3140,1.0000,0.9394,0.1609,0.9091,0.9091,1.0000,0.2610,1.2589
438,DUST,SLOW BIRD,0,1.2225,1.0000,0.6667,0.1127,1.0000,0.0000,1.0000,-0.2093,1.2571
439,OUTCAST WOMAN,SEED DOG SHARP WOOD,0,1.2011,1.0000,0.6111,0.0890,0.8333,0.0000,1.0000,-0.3836,1.2543
440,OUTCAST KEY,FALL ASHAMED TALK TRUST,0,1.3526,1.0000,0.8889,0.4296,1.0000,1.0000,0.6667,0.7205,1.2592
441,ENGINE UPDATE CLEAN DIRTY KEY GENERATE,FREE ROAD BURN SOLDIER POWER,0,1.3253,1.0000,1.0000,0.1263,1.0000,1.0000,1.0000,1.0569,1.2625
442,CHILD FORGET HAPPY BIRD RUN,,1,0.3000,0.0000,1.0000,0.0000,1.0000,1.0000,1.0000,-15.9653,1.2144
443,STONE BURN,ISOLATED FOOD HEAR MARKET SIMPLE CLEAN ELDER BRIDGE COMPLEX ALGORITHM TIME MOVE FORGET,0,1.3044,1.0000,0.9141,0.1509,0.9091,0.8333,1.0000,0.4479,1.2189
444,PHONE HEAR WATER MOVE SMALL CORRUPTED,BETRAY BUILD FAIL HORSE FALL,0,1.3015,1.0000,0.9667,0.0574,1.0000,0.9000,1.0000,1.7574,1.2230
445,CAT ATTACK POISON FALL,HEAR OUTCAST DORMANT OPTIMAL,0,1.3772,1.0000,1.0000,0.3861,1.0000,1.0000,1.0000,2.3103,1.2308
446,OBEDIENT WOLF SEE CLOCK HEAR VAST,DORMANT PATTERN AUTOMATED BOOK,0,1.3131,1.0000,0.9524,0.1368,1.0000,1.0000,0.8571,1.6631,1.2349
447,CORRUPTED FEAR,FAIL BUILD METAL TALK,0,1.4456,1.0000,1.0000,0.7279,1.0000,1.0000,1.0000,1.7400,1.2454
448,TRAPPED LEADER HEAR SIMPLE CAMERA BUILD,OUTCAST TRUSTED ERROR SIMPLE DEAD MAN DEBT FIRE FALL CARRY VAST ANGRY BIRD ASK FALL,0,1.2422,1.0000,0.7917,0.0233,0.8000,0.8750,0.7000,-0.0647,1.2452
449,STRANGER CHOOSE ANGRY ORDERED GUARD FORGET,SEED,1,0.3167,0.0000,1.0000,0.0835,1.0000,1.0000,1.0000,-17.4105,1.1988
450,COMPUTER FAIL,ANGRY METAL SIMPLE WEAK SPREAD,0,1.3160,1.0000,0.8889,0.2467,1.0000,0.6667,1.0000,0.8314,1.2047
451,HOME,HAPPY SMALL TALK FORGET,0,1.3180,1.0000,1.0000,0.0899,1.0000,1.0000,1.0000,0.5087,1.2103
452,SLOW DOG,SPREAD AUTOMATED CONNECTED ANGRY WEAPON MAN,0,1.2968,1.0000,0.8778,0.1672,0.8000,1.0000,0.8333,0.6648,1.2147
453,RIVER,,0,1.1000,1.0000,0.3333,0.0000,1.0000,0.0000,0.0000,-0.6533,1.2089
454,ASHAMED WOMAN FORGET IDENTITY BUILD CALM,BORDER BROKEN HOME BURN UPDATE BIRD TRUTH SOLDIER HEAR INSECT WANT CAR,0,1.2508,1.0000,0.8259,0.0151,0.7000,0.7778,1.0000,0.9255,1.2110
455,STONE FALL,ELDER COMPUTER BURN BREAK CALM AUTOMATED ROBOT,0,1.3045,1.0000,0.8889,0.1890,1.0000,0.6667,1.0000,0.5462,1.2157
456,ENCRYPTED ROBOT,WEAPON ROAD,0,1.2225,1.0000,0.6000,0.2126,0.8000,0.0000,1.0000,0.0534,1.2160
457,OBEDIENT GUARD MOVE WOLF MOVE OUTCAST,,0,1.3000,1.0000,1.0000,0.0000,1.0000,1.0000,1.0000,1.5846,1.2202
458,ENGINE HEAR SYSTEM ENCODE BORDER ENCODE,,0,1.2000,1.0000,0.6667,0.0000,1.0000,1.0000,0.0000,-0.3689,1.2192
459,WOLF BURN,SAD WOLF MOVE DENSE KNOW BREAK RIVER,0,1.2110,1.0000,0.7000,0.0052,0.5000,0.6000,1.0000,-0.0589,1.2188
460,POISON FAIL,GUARD MOVE FORGET HEAR ISOLATED TRUSTED WOLF HEAVY INSECT FOREST KNOW BUILD FEAR SYSTEM THINK,0,1.3293,1.0000,1.0000,0.1466,1.0000,1.0000,1.0000,0.6161,1.2243
461,CHAOTIC WOOD,HEAR BIRD SEE WOMAN DENSE HEAVY SYSTEM PRISON BIG COMPLEX ENCODE,0,1.3761,1.0000,0.9444,0.4638,1.0000,1.0000,0.8333,1.2836,1.2319
462,WOLF FORGET BIG CLEAN INSECT TALK,CAT FALL GUARD FREE,0,1.2381,1.0000,0.7778,0.0237,0.3333,1.0000,1.0000,0.1089,1.2322
463,PLAN GROW,SIMPLE FAMOUS CAMERA CAT,0,1.3317,1.0000,1.0000,0.1585,1.0000,1.0000,1.0000,0.7536,1.2372
464,BRIDGE,UPDATE FOOD,0,1.2115,1.0000,0.6667,0.0575,1.0000,1.0000,0.0000,-0.1163,1.2359
465,ASHAMED WOLF MOVE HAPPY ISOLATED DOG,,1,0.3000,0.0000,1.0000,0.0000,1.0000,1.0000,1.0000,-15.2792,1.1891
466,WOOD BURN,MOVE,0,1.1725,1.0000,0.5556,0.0293,1.0000,0.6667,0.0000,-0.0815,1.1883
467,ISOLATED CITY,,0,1.2000,1.0000,0.6667,0.0000,1.0000,0.0000,1.0000,0.0834,1.1889
468,DULL PHONE HEAR MAP HEAR AUTOMATED,LAW UPDATE PATTERN HAPPY FALL CAMERA BIRD BIG FOOD KNOW SHARP SYSTEM VAST WOMAN WOLF,0,1.2352,1.0000,0.7781,0.0089,0.7273,0.8571,0.7500,0.8536,1.1912
469,FAMOUS DEBT,CAR WATER,0,1.2779,1.0000,0.6667,0.3895,1.0000,0.0000,1.0000,0.8685,1.1955
470,WATER,OUTCAST DEBT ROOM COMPLEX SEE RUN KEY ATTACK STONE WEAPON BREAK ALGORITHM,0,1.3036,1.0000,0.9630,0.0736,0.8889,1.0000,1.0000,0.5646,1.2009
471,MAP BURN,SECRET DULL ANGRY SPREAD ELDER HEAR LAW WEAK ALGORITHM OUTCAST TIME SPREAD ATTACK CLOCK BURN,0,1.2889,1.0000,0.9167,0.0697,1.0000,0.7500,1.0000,0.5285,1.2053
472,DENSE PHONE HEAR DOG HEAR SOLDIER,ENGINE SPREAD LEADER CAT HEAVY HOME BURN ENGINE CITY MOVE DORMANT ASHAMED BOOK WARN,0,1.2276,1.0000,0.7556,0.0049,0.6000,1.0000,0.6667,0.4310,1.2065
473,CLOCK GENERATE SLOW ENCRYPTED PLAN SEE,,0,1.3000,1.0000,1.0000,0.0000,1.0000,1.0000,1.0000,1.3248,1.2111
474,ACTIVE WOLF HEAR BIG WOLF FALL,SEE CITY GROW MAN SOLDIER BREAK,0,1.2303,1.0000,0.7667,0.0014,0.8000,0.5000,1.0000,0.3952,1.2121
475,LEADER BURN,PATTERN DIRTY BIRD ENGINE ERROR,0,1.3117,1.0000,0.9583,0.1210,0.8750,1.0000,1.0000,0.6080,1.2171
476,WOOD FALL,,1,0.2000,0.0000,0.6667,0.0000,1.0000,1.0000,0.0000,-5.8178,1.1662
477,FOREST,SENSOR CONNECTED ENCODE DULL,0,1.3397,1.0000,1.0000,0.1986,1.0000,1.0000,1.0000,1.0648,1.1749
478,SEED SPREAD,PRISON FALL PATTERN POISON FAMOUS,0,1.2876,1.0000,0.9524,0.0095,0.8571,1.0000,1.0000,0.7170,1.1805
479,BOOK SPREAD,GROW TRAPPED RULE SEE STRONG,0,1.3159,1.0000,1.0000,0.0796,1.0000,1.0000,1.0000,0.8168,1.1873
480,LANGUAGE GROW,CORRUPTED WOLF MOVE DENSE ORDERED BRIDGE BIRD FOLLOW CARRY FEAR RULE CROWD RUN HEAR CAR,0,1.3031,1.0000,0.9280,0.1237,0.9091,0.8750,1.0000,0.6612,1.1931
481,DIRTY ROAD,SIMPLE OUTCAST CONNECTED THINK BOOK,0,1.2928,1.0000,0.9333,0.0640,1.0000,1.0000,0.8000,0.8341,1.1981
482,TIME SPREAD,OPTIMAL,0,1.3374,1.0000,1.0000,0.1869,1.0000,1.0000,1.0000,0.8191,1.2050
483,CAMERA HEAR PHONE FALL,DEBT SEE BURN DIRTY VAST SLOW PHONE MOVE ANGRY FIRE MOVE BROKEN DENSE HEAR,0,1.2251,1.0000,0.7222,0.0421,0.6667,0.5000,1.0000,0.2740,1.2060
484,ANGRY,BETRAY BURN SECRET LEADER LAW STRANGER HEAR SMALL CHANCE COMPUTER HELP METAL WEAK GUARD BETRAY,0,1.3848,1.0000,0.9444,0.5074,1.0000,1.0000,0.8333,0.8694,1.2150
485,PATTERN SPREAD,FIRE FALL FORGET MAN WATER ORDERED ASHAMED BURN RUN ANGRY ELDER HEAR LEADER POISON ALGORITHM,0,1.3327,1.0000,0.9583,0.2259,0.8750,1.0000,1.0000,0.6796,1.2209
486,COMPLEX KEY SPREAD,GENERATE FALL CHILD FOOD TALK OPTIMAL ASHAMED FALL NETWORK SECRET,0,1.2273,1.0000,0.7079,0.0744,0.6667,0.8571,0.6000,0.0648,1.2212
487,DOG FOLLOW CHANCE MOVE DIRTY CLEAN,TRUSTED HAPPY,0,1.3137,1.0000,0.9333,0.1687,1.0000,1.0000,0.8000,2.0423,1.2258
488,MOUNTAIN,FORGET BURN ORDERED DIRTY FAST FREE KNOW DOG,0,1.3224,1.0000,1.0000,0.1119,1.0000,1.0000,1.0000,0.4118,1.2306
489,AUTOMATED GUARD GENERATE CHAOTIC ENCRYPTED SIGNAL,INSECT MOVE ROBOT WOLF KNOW LAW DEAD,0,1.2897,1.0000,0.9167,0.0733,0.7500,1.0000,1.0000,1.0146,1.2336
490,CORRUPTED POWER,,0,1.2000,1.0000,0.6667,0.0000,1.0000,0.0000,1.0000,-0.2804,1.2319
491,FIRE BURN,FAIL GENERATE BUILD CLEAN WEAPON FIRE FALL GROW FIRE WEAPON,0,1.2300,1.0000,0.7302,0.0547,0.3333,0.8571,1.0000,-0.0130,1.2318
492,WEAK BOOK,LEADER,0,1.2380,1.0000,0.6667,0.1901,1.0000,0.0000,1.0000,0.0520,1.2321
493,DULL TOOL,ORDERED FEAR FALL FORGET TIME MAN,0,1.3374,1.0000,1.0000,0.1869,1.0000,1.0000,1.0000,0.9698,1.2374
494,PHONE SEE CLEAN POISON MOVE SECRET,ELDER FALL ROBOT,0,1.2728,1.0000,0.8857,0.0355,0.8571,0.8000,1.0000,0.7079,1.2392
495,ISOLATED FOOD,PROUD SPREAD LEADER,0,1.3848,1.0000,1.0000,0.4241,1.0000,1.0000,1.0000,1.1021,1.2464
496,SIMPLE BOOK BURN,GUARD FAIL MOVE CAMERA,0,1.3028,1.0000,0.9333,0.1142,1.0000,0.8000,1.0000,0.4754,1.2493
497,REBELLIOUS LEADER,GUARD OBEDIENT SPREAD,0,1.1399,1.0000,0.3333,0.1993,0.0000,1.0000,0.0000,-0.6828,1.2438
498,BOOK BURN,WANT WOOD ENCODE COMPUTE CHANCE,0,1.2056,1.0000,0.6000,0.1281,0.8000,1.0000,0.0000,-0.2112,1.2419
499,RULE SPREAD,BURN BORDER HEAR ATTACK CAR HEAR CHANCE OUTCAST PRISON ENGINE GROW,0,1.3199,1.0000,0.9583,0.1619,0.8750,1.0000,1.0000,0.4693,1.2458
500,LEADER BREAK WEAPON BREAK SHARP DEAD,,0,1.3000,1.0000,1.0000,0.0000,1.0000,1.0000,1.0000,1.1413,1.2485
501,CLEAN INSECT HEAR WOOD SPREAD,,1,0.3000,0.0000,1.0000,0.0000,1.0000,1.0000,1.0000,-13.9381,1.2011
502,MARKET,MEMORY SIMPLE WOLF RUN,0,1.3298,1.0000,1.0000,0.1491,1.0000,1.0000,1.0000,0.5916,1.2075
503,ALGORITHM SPREAD,ASK,0,1.2597,1.0000,0.6667,0.2984,1.0000,1.0000,0.0000,0.3335,1.2101
504,BIRD HELP INSECT BREAK DENSE CLEAN,ELDER ROAD FEAR MOVE COMPUTER MEMORY MOVE CAT BORDER MAN MOUNTAIN ENCRYPTED CLOCK SEE AUTOMATED,0,1.2584,1.0000,0.8302,0.0468,0.8333,0.8571,0.8000,1.0296,1.2125
505,WEAPON SPREAD,HORSE CARRY TIME FAIL,0,1.1873,1.0000,0.6000,0.0364,1.0000,0.8000,0.0000,-0.1458,1.2113
506,CLEAN ROAD,FOOD BURN SAD MOVE CHAOTIC CAT GROW CLOCK WEAPON SEE FIRE SLOW DIRTY BIG,0,1.3276,1.0000,0.9524,0.2094,1.0000,1.0000,0.8571,0.8883,1.2171
507,SEED SPREAD,OPTIMAL FOOD ELDER KNOW TALK,0,1.2630,1.0000,0.8333,0.0648,0.5000,1.0000,1.0000,0.2788,1.2194
508,ROBOT SEE MARKET SEE TRUSTED DORMANT,PLAN MAN SPREAD ALGORITHM MEMORY FOOD,0,1.3033,1.0000,1.0000,0.0167,1.0000,1.0000,1.0000,1.8893,1.2236
509,CITY,GUARD HEAR BIRD GENERATE SENSOR SENSOR,0,1.2310,1.0000,0.6667,0.1552,1.0000,1.0000,0.0000,0.0328,1.2239
510,CONNECTED POISON BURN,MEMORY POISON,0,1.2614,1.0000,0.8333,0.0568,0.5000,1.0000,1.0000,0.3716,1.2258
511,ENGINE UPDATE CAMERA ENCODE SIMPLE ISOLATED,WOLF METAL FALL OPTIMAL,0,1.3069,1.0000,0.9167,0.1595,1.0000,1.0000,0.7500,1.5071,1.2299
512,CAMERA UPDATE CAR UPDATE DORMANT DRONE,FALL GROW,0,1.3277,1.0000,1.0000,0.1385,1.0000,1.0000,1.0000,1.9291,1.2348
513,SIMPLE DEBT SPREAD,BURN TALK FALL KEY FOOD DOG ENCODE PROUD SAD DIRTY AUTOMATED DEAD CAT MOUNTAIN CHILD,0,1.3069,1.0000,0.8631,0.2400,1.0000,0.8750,0.7143,0.5951,1.2384
514,BIG HORSE,MAN UPDATE GENERATE HORSE SLOW CROWD CAT FAMOUS,0,1.2466,1.0000,0.7778,0.0662,0.3333,1.0000,1.0000,0.0664,1.2388
515,SEED SPREAD,TIME WOLF CITY FOLLOW CROWD WOLF,0,1.2093,1.0000,0.6667,0.0467,1.0000,1.0000,0.0000,-0.1756,1.2373
516,WATER BURN,SEED CARRY SIMPLE PATTERN MOVE CALM WEAPON,0,1.2576,1.0000,0.8333,0.0378,0.8333,0.6667,1.0000,0.1047,1.2383
517,HOME,MEMORY FALL,0,1.2209,1.0000,0.6667,0.1045,1.0000,1.0000,0.0000,-0.0765,1.2375
518,WOLF GROW,HEAR DRONE,0,1.2079,1.0000,0.6667,0.0395,1.0000,1.0000,0.0000,-0.2410,1.2360
519,HAPPY STRANGER TRUST OPTIMAL KEY FOLLOW,BOOK FALL EAT CAT GROW,0,1.2863,1.0000,0.8889,0.0980,0.6667,1.0000,1.0000,1.1432,1.2385
520,REBELLIOUS SOLDIER WANT SMALL TRUSTED MAP,CROWD,0,1.2563,1.0000,0.8333,0.0313,0.5000,1.0000,1.0000,0.3825,1.2394
521,ENCRYPTED CHOICE SPREAD,INSECT GROW MAN FALL CAT IDENTITY BURN GROW FAMOUS PRISON,0,1.2645,1.0000,0.7937,0.1321,0.7143,1.0000,0.6667,0.2047,1.2406
522,FEAR SPREAD,BIG DULL ROOM OPTIMAL,0,1.3219,1.0000,1.0000,0.1096,1.0000,1.0000,1.0000,0.3939,1.2447
523,PROUD STRANGER CHOOSE CHOICE ASK WOLF,,1,0.3000,0.0000,1.0000,0.0000,1.0000,1.0000,1.0000,-20.2275,1.1975
524,LAW SPREAD,LAW CARRY CHANCE STRANGER SAD GROW CAT FAIL DOG WOMAN HELP,0,1.2916,1.0000,0.8472,0.1874,0.6667,0.8750,1.0000,0.4746,1.2022
525,TIME GROW,STRANGER,0,1.2484,1.0000,0.6667,0.2418,1.0000,1.0000,0.0000,0.3028,1.2045
526,LAW GROW,MOVE CAT KNOW,0,1.2158,1.0000,0.6000,0.1791,1.0000,0.8000,0.0000,0.0676,1.2050
527,BOOK SPREAD,,1,0.2000,0.0000,0.6667,0.0000,1.0000,1.0000,0.0000,-5.6377,1.1548
528,POISON BURN,MOVE ROBOT CROWD BORDER COMPUTER SPREAD BROKEN MAP SOLDIER BROKEN BORDER BURN SEE DORMANT,0,1.2725,1.0000,0.8714,0.0554,0.9000,0.7143,1.0000,0.6385,1.1607
529,MAP SPREAD,HEAR CALM POISON SENSOR SEED FALL SPREAD,0,1.2574,1.0000,0.8333,0.0368,0.8333,0.6667,1.0000,0.5707,1.1655
530,ISOLATED MAN WANT CLEAN SHARP WATER,SAD SIMPLE WOMAN FALL LANGUAGE SEE BOOK PRISON LAW,0,1.2643,1.0000,0.7857,0.1430,0.7000,0.8000,0.8571,2.1412,1.1705
531,HOME,THINK BUILD STRANGER ELDER MAN SEE AUTOMATED BREAK RULE FOREST SPREAD ELDER FALL FALL DORMANT,0,1.3134,1.0000,0.9524,0.1382,0.8571,1.0000,1.0000,0.6504,1.1776
532,SMALL CAT BREAK SMALL SIMPLE ENGINE,BURN FIRE,0,1.2070,1.0000,0.6667,0.0351,1.0000,0.0000,1.0000,0.5174,1.1791
533,PATTERN SPREAD,CARRY WOMAN WEAPON,0,1.2651,1.0000,0.6667,0.3256,1.0000,1.0000,0.0000,0.4370,1.1834
534,NETWORK GROW,CHOOSE BUILD FEAR CAT PATTERN DOG SHARP TRUSTED BIRD HEAR DULL SIGNAL BURN CHILD GENERATE,0,1.2955,1.0000,0.9583,0.0398,1.0000,0.8750,1.0000,0.8126,1.1890
535,COMPLEX PHONE,CHAOTIC,0,1.3550,1.0000,0.5556,0.9418,1.0000,0.0000,0.6667,1.4165,1.1973
536,METAL FALL,HORSE SPREAD SLOW BIRD MOVE ANGRY BREAK,0,1.2977,1.0000,0.9444,0.0718,1.0000,0.8333,1.0000,0.6215,1.2023
537,ENCRYPTED CLOCK COMPUTE ORDERED CORRUPTED SIGNAL,STRANGER GUARD TALK,0,1.3564,1.0000,1.0000,0.2818,1.0000,1.0000,1.0000,2.5656,1.2100
538,INSECT GROW,GUARD TIME CALM SEE PHONE SEE GUARD SPREAD TRADE,0,1.2966,1.0000,0.9524,0.0545,0.8571,1.0000,1.0000,0.5919,1.2143
539,INSECT,MOVE LAW,0,1.2153,1.0000,0.6667,0.0766,1.0000,1.0000,0.0000,0.0050,1.2144
540,CORRUPTED CAR,SEE ACTIVE LAW FIRE CALM GENERATE WEAK ENGINE FALL LEADER SEE SPREAD SIGNAL FALL MAN,0,1.3451,1.0000,0.9190,0.3471,0.9000,1.0000,0.8571,1.0576,1.2209
541,DORMANT CAMERA,GUARD HEAR SAD OBEDIENT KEY GENERATE UPDATE THINK COMPLEX ELDER BREAK HAPPY HORSE STRANGER FALL,0,1.2938,1.0000,0.8968,0.1238,0.8333,1.0000,0.8571,0.6059,1.2246
542,PROUD WOMAN,MOVE CAR UPDATE HAPPY,0,1.2240,1.0000,0.6667,0.1201,1.0000,1.0000,0.0000,-0.0040,1.2245
543,LANGUAGE SPREAD,KEY WOMAN ANGRY BURN SPREAD,0,1.2898,1.0000,0.8333,0.1991,1.0000,0.5000,1.0000,0.3252,1.2278
544,SIMPLE PATTERN SPREAD,NETWORK CAT,0,1.3175,1.0000,1.0000,0.0875,1.0000,1.0000,1.0000,0.6897,1.2323
545,SLOW PHONE FALL,OPTIMAL EAT COMPLEX CLEAN SIGNAL WANT COMPUTE HEAR METAL HEAR ROBOT TRADE STRANGER GUARD BREAK,0,1.2703,1.0000,0.8493,0.0776,0.8889,0.9091,0.7500,0.2971,1.2342
546,CLEAN WOOD SPREAD,POWER DULL NETWORK HEAVY CHANCE,0,1.2916,1.0000,0.9333,0.0582,1.0000,1.0000,0.8000,0.4757,1.2371
547,ROAD,FORGET,0,1.2139,1.0000,0.6667,0.0697,1.0000,1.0000,0.0000,-0.1034,1.2359
548,STONE FALL,,1,0.2000,0.0000,0.6667,0.0000,1.0000,1.0000,0.0000,-5.8264,1.1841
549,SMALL HORSE ATTACK SIMPLE COMPUTER EAT,,0,1.3000,1.0000,1.0000,0.0000,1.0000,1.0000,1.0000,2.4565,1.1899
550,PATTERN SPREAD,HEAR SEE BROKEN HEAR FREE CAR CITY GROW MAN ASHAMED BUILD LEADER BROKEN CLOCK CHAOTIC,0,1.3477,1.0000,1.0000,0.2384,1.0000,1.0000,1.0000,0.8012,1.1978
551,FREE DOG FALL,CHILD EAT,0,1.2344,1.0000,0.7778,0.0053,0.6667,0.6667,1.0000,0.4182,1.1996
552,OPTIMAL ENGINE MOVE BIG CORRUPTED MAP,MOVE BRIDGE SPREAD FAIL FALL SEE VAST ATTACK STRONG LEADER,0,1.2410,1.0000,0.7667,0.0548,1.0000,0.8000,0.5000,0.8481,1.2017
553,BIG DUST BURN,MOVE CLEAN BUILD MOUNTAIN WEAK SYSTEM ACTIVE CAT TRADE HEAR REBELLIOUS WEAK INSECT STONE SEED,0,1.2976,1.0000,0.9250,0.1003,0.9000,0.8750,1.0000,0.9264,1.2065
554,LEADER BURN,,1,0.2000,0.0000,0.6667,0.0000,1.0000,1.0000,0.0000,-5.7537,1.1562
555,TOOL SPREAD,CROWD WEAPON SMALL PROUD BOOK HEAR DENSE TOOL BURN FALL,0,1.2718,1.0000,0.8667,0.0592,0.6000,1.0000,1.0000,0.6642,1.1619
556,PRISON,CHAOTIC BOOK WARN STRONG TRAPPED,0,1.3476,1.0000,1.0000,0.2382,1.0000,1.0000,1.0000,0.8895,1.1712
557,MOUNTAIN,FOREST AUTOMATED SIMPLE FOOD GUARD FALL ELDER UPDATE BURN ACTIVE OBEDIENT WOLF BURN,0,1.2897,1.0000,0.9048,0.0912,0.7143,1.0000,1.0000,0.5378,1.1772
558,SEED MOVE SIMPLE CAMERA MOVE ROOM,DEAD MAP MOVE HORSE MEMORY BURN SHARP ASHAMED DULL DOG CHANCE WOLF SEE BRIDGE DENSE,0,1.2364,1.0000,0.7783,0.0143,0.8462,0.6000,0.8889,1.1835,1.1801
559,BIG BOOK SPREAD,LAW SPREAD FAMOUS,0,1.2133,1.0000,0.6667,0.0665,1.0000,0.0000,1.0000,0.3015,1.1818
560,KEY FALL,,1,0.2000,0.0000,0.6667,0.0000,1.0000,1.0000,0.0000,-7.1317,1.1327
561,BROKEN DRONE FAIL,PLAN CAR HEAR FAMOUS DUST SIMPLE PRISON MOVE SECRET WOLF SPREAD SOLDIER CAMERA DORMANT CROWD,0,1.2685,1.0000,0.7857,0.1637,0.8333,0.8571,0.6667,1.2353,1.1395
562,COMPLEX LEADER BUILD CORRUPTED OPTIMAL KEY,,1,0.3000,0.0000,1.0000,0.0000,1.0000,1.0000,1.0000,-14.9586,1.0975
563,HAPPY DOG BETRAY MAN TALK,FORGET GROW,0,1.3374,1.0000,1.0000,0.1872,1.0000,1.0000,1.0000,4.1005,1.1095
564,CITY,SEE DENSE DIRTY,0,1.3939,1.0000,1.0000,0.4693,1.0000,1.0000,1.0000,1.2160,1.1237
565,HAPPY MAN TRUST CLEAN BROKEN,MAN SEE SMALL INSECT,0,1.2200,1.0000,0.6667,0.1002,0.3333,0.6667,1.0000,1.7225,1.1285
566,PLAN SPREAD,BURN SYSTEM BURN WEAK BROKEN PROUD LEADER FREE UPDATE FALL,0,1.2508,1.0000,0.7778,0.0875,0.5000,0.8333,1.0000,0.7069,1.1346
567,CITY,TALK EAT BURN INSECT,0,1.2350,1.0000,0.6667,0.1749,1.0000,1.0000,0.0000,0.4194,1.1397
568,DENSE CAT,MOVE SIGNAL HEAR CONNECTED HAPPY HORSE FAIL FALL INSECT FALL,0,1.2759,1.0000,0.8333,0.1296,0.5000,1.0000,1.0000,1.1040,1.1465
569,LEADER BUILD BIG DUST HEAR ANGRY,COMPLEX MAP KEY SEE WEAK ROBOT FALL ALGORITHM INSECT TRUTH,0,1.2312,1.0000,0.6918,0.1183,0.8182,0.4000,0.8571,1.8538,1.1507
570,PATTERN GROW,,1,0.2000,0.0000,0.6667,0.0000,1.0000,1.0000,0.0000,-5.7760,1.1032
571,CORRUPTED COMPUTER MOVE SMALL DOG MOVE,PATTERN BURN,0,1.2954,1.0000,0.8889,0.1437,1.0000,0.6667,1.0000,3.6344,1.1128
572,SENSOR ENCODE CHANCE HEAR SEED UPDATE,LEADER MOUNTAIN EAT,0,1.2380,1.0000,0.6667,0.1901,1.0000,1.0000,0.0000,2.6583,1.1190
573,BOOK SPREAD,SOLDIER SEE CORRUPTED FALL FAIL,0,1.3233,1.0000,0.9524,0.1881,1.0000,0.8571,1.0000,1.1743,1.1293
574,SIGNAL GROW,SPREAD STONE EAT SPREAD,0,1.1970,1.0000,0.6000,0.0852,1.0000,0.8000,0.0000,0.4619,1.1326
575,CHOICE GROW,FORGET DENSE MAN SEE HEAR MAN STRONG ACTIVE DORMANT OBEDIENT TIME MOVE ACTIVE BIRD,0,1.2767,1.0000,0.8889,0.0500,0.8333,0.8333,1.0000,0.9690,1.1399
576,TIME SPREAD,FAIL LEADER CONNECTED STONE BREAK OUTCAST,0,1.3229,1.0000,0.9333,0.2145,1.0000,0.8000,1.0000,0.9842,1.1490
577,MOUNTAIN,HEAR FOREST AUTOMATED SIMPLE ISOLATED LEADER,0,1.2804,1.0000,0.8333,0.1522,0.5000,1.0000,1.0000,0.5639,1.1556
578,HORSE HEAR REBELLIOUS SMALL GUARD SEE,ORDERED CHOOSE DULL SENSOR BIRD,0,1.2444,1.0000,0.7556,0.0887,0.6000,0.6667,1.0000,1.6406,1.1600
579,SENSOR FAIL,HAPPY EAT CHILD COMPUTER TIME IDENTITY,0,1.3125,1.0000,0.9048,0.2054,0.7143,1.0000,1.0000,1.0499,1.1676
580,TRUTH SPREAD,FALL SEE CLEAN GROW DIRTY,0,1.3714,1.0000,1.0000,0.3571,1.0000,1.0000,1.0000,1.0981,1.1778
581,ENCRYPTED GUARD,HEAR CITY BORDER ROOM BOOK,0,1.3281,1.0000,1.0000,0.1405,1.0000,1.0000,1.0000,1.1830,1.1853
582,COMPLEX TIME FAIL,COMPUTER WEAK CITY HELP KEY FAIL FOOD,0,1.2790,1.0000,0.8333,0.1449,1.0000,0.5000,1.0000,0.8915,1.1900
583,FOOD,,0,1.1000,1.0000,0.3333,0.0000,1.0000,0.0000,0.0000,-0.4141,1.1855
584,CITY,MOVE WOLF SEE WOMAN RUN GROW BROKEN CHOICE HEAR CROWD BUILD WANT SEED COMPLEX CLEAN,0,1.3329,1.0000,1.0000,0.1646,1.0000,1.0000,1.0000,0.5841,1.1929
585,SEED BURN,DEBT TRUTH,0,1.2856,1.0000,0.6667,0.4279,1.0000,1.0000,0.0000,0.5802,1.1975
586,WATER BURN,BRIDGE,0,1.2289,1.0000,0.6667,0.1443,1.0000,1.0000,0.0000,0.1576,1.1991
587,FEAR SPREAD,DULL SENSOR SIMPLE ATTACK VAST ELDER AUTOMATED WEAK BROKEN WOMAN WOMAN FALL BORDER SPREAD,0,1.2817,1.0000,0.8413,0.1468,0.8571,0.6667,1.0000,0.4030,1.2032
588,ISOLATED ROOM,LAW,0,1.3349,1.0000,0.6667,0.6746,1.0000,0.0000,1.0000,1.0532,1.2098
589,POWER GROW,MOVE FAMOUS ASHAMED,0,1.3005,1.0000,0.8889,0.1691,1.0000,0.6667,1.0000,0.6100,1.2143
590,FEAR SPREAD,UPDATE,0,1.1903,1.0000,0.5556,0.1181,1.0000,0.6667,0.0000,-0.1115,1.2131
591,ENCRYPTED LANGUAGE,WARN CROWD RUN DIRTY LEADER GUARD RIVER,0,1.3594,1.0000,1.0000,0.2972,1.0000,1.0000,1.0000,1.0569,1.2205
592,OBEDIENT CROWD HEAR WOMAN MOVE PRISON,ENGINE DEAD SEE KEY BURN SHARP PHONE SEE IDENTITY BIG CHOOSE CARRY BROKEN FOLLOW,0,1.2388,1.0000,0.7857,0.0156,1.0000,0.5000,0.8571,0.3770,1.2214
593,PRISON,SPREAD BIRD CAR FALL GUARD ELDER BORDER GROW,0,1.2075,1.0000,0.6250,0.0998,0.8750,1.0000,0.0000,-0.0633,1.2207
594,SOLDIER BURN,PRISON,0,1.2353,1.0000,0.6667,0.1764,1.0000,1.0000,0.0000,0.0954,1.2214
595,LAW SPREAD,WOMAN METAL COMPLEX AUTOMATED DRONE,0,1.3449,1.0000,1.0000,0.2244,1.0000,1.0000,1.0000,0.5869,1.2276
596,OUTCAST WOMAN,FIRE,0,1.2113,1.0000,0.6667,0.0565,1.0000,0.0000,1.0000,-0.1277,1.2268
597,OUTCAST CAT,WARN FALL MOVE CITY CHAOTIC DORMANT SECRET CHAOTIC ANGRY CROWD,0,1.2987,1.0000,0.8222,0.2602,0.8000,1.0000,0.6667,0.5161,1.2304
598,SMALL GUARD MOVE TOOL SEE PHONE,,1,0.3000,0.0000,1.0000,0.0000,1.0000,1.0000,1.0000,-19.3232,1.1838
599,AUTOMATED TRUTH SPREAD,,1,0.3000,0.0000,1.0000,0.0000,1.0000,1.0000,1.0000,-7.3501,1.1397
600,MARKET,BURN OBEDIENT STRONG REBELLIOUS FREE COMPLEX ASK GROW WOMAN HEAR CARRY DOG BETRAY SPREAD REBELLIOUS,0,1.3369,1.0000,1.0000,0.1844,1.0000,1.0000,1.0000,0.8847,1.1495
601,SAD CAT HEAR CALM SIMPLE SOLDIER,ELDER LEADER WOOD BREAK,0,1.2626,1.0000,0.8667,0.0128,0.6000,1.0000,1.0000,2.0597,1.1552
602,HAPPY STRANGER ATTACK MAN MOVE DRONE,GENERATE SEE IDENTITY SEE CLEAN CHILD DIRTY BROKEN FOOD LAW MARKET FAIL ORDERED BIG MAN,0,1.2915,1.0000,0.9024,0.1040,0.8182,1.0000,0.8889,3.0205,1.1620
603,BIG SEED,CAT GENERATE,0,1.3208,1.0000,1.0000,0.1039,1.0000,1.0000,1.0000,1.2587,1.1699
604,MARKET,SOLDIER SPREAD DOG COMPUTER LEADER,0,1.2163,1.0000,0.6667,0.0817,1.0000,1.0000,0.0000,0.2058,1.1722
605,BIG FOREST,,0,1.2000,1.0000,0.6667,0.0000,1.0000,0.0000,1.0000,0.2424,1.1736
606,CLOCK UPDATE ENCRYPTED SMALL CAR GENERATE,TRUSTED SAD SPREAD COMPUTER HORSE FOREST FALL MARKET AUTOMATED CHAOTIC WOMAN,0,1.2749,1.0000,0.8159,0.1505,0.9000,0.8333,0.7143,1.7532,1.1787
607,BIRD HEAR BORDER FORGET POISON FALL,SPREAD HEAVY WEAK ANGRY IMAGINE ELDER GROW BORDER SEE STRONG STRONG KEY DUST,0,1.2101,1.0000,0.6852,0.0229,0.5556,0.5000,1.0000,0.6905,1.1803
608,LEADER SEE HAPPY ACTIVE CHILD BURN,CARRY TRAPPED CONNECTED HORSE GENERATE ISOLATED CLEAN COMPUTER SPREAD KEY COMPUTE COMPUTER CHILD,0,1.2433,1.0000,0.7685,0.0635,0.6667,0.8889,0.7500,1.1803,1.1834
609,ISOLATED POISON,FALL SHARP COMPUTER CAR FALL DULL STRANGER HEAR ROBOT BREAK ACTIVE HEAR HEAR BURN BURN,0,1.3113,1.0000,0.9444,0.1400,1.0000,1.0000,0.8333,0.9896,1.1898
610,BOOK GROW,MOVE,0,1.1904,1.0000,0.5556,0.1185,1.0000,0.6667,0.0000,0.0037,1.1898
611,MAN ATTACK MAN IMAGINE PRISON BURN,SEE TOOL OBEDIENT COMPUTE SIMPLE RULE SYSTEM LEADER BURN SPREAD EAT,0,1.2628,1.0000,0.8350,0.0616,0.7778,0.7273,1.0000,1.6518,1.1935
612,HORSE BREAK CLEAN SHARP SEED WANT,COMPLEX CHAOTIC FIRE CHAOTIC HAPPY SECRET ORDERED CHAOTIC BOOK RUN SAD CROWD BREAK SAD BIG,0,1.2230,1.0000,0.7344,0.0135,0.7143,0.6000,0.8889,0.5565,1.1950
613,SIMPLE LIE,HEAR CLEAN FAMOUS SLOW WOOD MOVE ASK SPREAD GROW HEAVY LAW FALL,0,1.3222,1.0000,0.8857,0.2826,0.8000,1.0000,0.8571,1.0076,1.2013
614,LANGUAGE SPREAD,ISOLATED HORSE,0,1.4051,1.0000,1.0000,0.5256,1.0000,1.0000,1.0000,0.9327,1.2115
615,BOOK SPREAD,CHOOSE MOUNTAIN WOMAN,0,1.2350,1.0000,0.6667,0.1748,1.0000,1.0000,0.0000,0.1304,1.2127
616,MEMORY FAIL,DULL ENGINE FALL BRIDGE SHARP FOREST DENSE,0,1.3691,1.0000,1.0000,0.3454,1.0000,1.0000,1.0000,1.0093,1.2205
617,COMPLEX WEAPON SPREAD,THINK FREE DRONE SEE ASHAMED ANGRY TRUST HEAR CAT BURN,0,1.3119,1.0000,0.9333,0.1596,0.8000,1.0000,1.0000,0.8784,1.2251
618,SIGNAL SPREAD,STRANGER WARN CALM FAIL HEAR TRADE WANT REBELLIOUS HORSE FALL OUTCAST CAR STRONG GENERATE WEAK,0,1.3311,1.0000,0.9722,0.1974,1.0000,0.9167,1.0000,0.5929,1.2304
619,CHANCE SPREAD,HEAR DULL RIVER WARN GUARD WOLF SENSOR WEAPON,0,1.3347,1.0000,1.0000,0.1736,1.0000,1.0000,1.0000,0.5796,1.2356
620,STRONG LEADER,WANT OUTCAST IMAGINE LAW DULL SIGNAL EAT CITY MOVE CLOCK,0,1.2840,1.0000,0.9167,0.0451,1.0000,1.0000,0.7500,0.4346,1.2380
621,BOOK BURN,MOVE SEE WEAK CAR MOVE TRUSTED WANT GUARD WOMAN TALK EAT SOLDIER FALL STRONG ANGRY,0,1.3066,1.0000,0.9667,0.0829,1.0000,0.9000,1.0000,0.3981,1.2414
622,DULL SOLDIER BREAK BIG FOOD ATTACK,BORDER OPTIMAL DULL SOLDIER SEE SPREAD,0,1.2586,1.0000,0.7778,0.1264,0.6667,1.0000,0.6667,0.3742,1.2423
623,STRANGER EAT SLOW SECRET DOG BREAK,HELP ATTACK FAMOUS ENGINE BIRD DORMANT ALGORITHM SPREAD FOLLOW,0,1.2825,1.0000,0.8492,0.1388,0.7143,1.0000,0.8333,0.6948,1.2443
624,WATER BURN,DOG UPDATE RIVER BREAK FREE DORMANT RULE,0,1.2781,1.0000,0.8333,0.1405,1.0000,0.5000,1.0000,0.1675,1.2460
625,HAPPY DOG BURN,SEE MEMORY,0,1.3248,1.0000,1.0000,0.1238,1.0000,1.0000,1.0000,0.7331,1.2499
626,REBELLIOUS MAN,ENCODE RUN CAT SLOW ELDER VAST DORMANT SLOW STRONG ACTIVE FOLLOW TRAPPED OUTCAST WEAK SEE,0,1.2453,1.0000,0.7037,0.1709,0.3333,1.0000,0.7778,-0.0290,1.2497
627,ASHAMED STRANGER,GROW WOLF BURN SAD COMPLEX MAP,0,1.2777,1.0000,0.7667,0.2385,0.8000,1.0000,0.5000,0.1888,1.2511
628,MARKET,SEED BUILD SEE ROBOT SEE SIMPLE SAD COMPUTER RUN SMALL COMPUTER SEE SPREAD,0,1.3328,1.0000,1.0000,0.1638,1.0000,1.0000,1.0000,0.3387,1.2552
629,ELDER HELP HORSE TALK,FALL TRAPPED DENSE WATER,0,1.3653,1.0000,1.0000,0.3267,1.0000,1.0000,1.0000,1.6550,1.2607
630,ROOM,PATTERN MOVE CHANCE PROUD ASHAMED INSECT BIRD ACTIVE TRUST DORMANT OPTIMAL GROW SOLDIER CAR,0,1.3292,1.0000,1.0000,0.1460,1.0000,1.0000,1.0000,0.3114,1.2641
631,SEED SPREAD,COMPUTE LANGUAGE DULL SEED,0,1.2285,1.0000,0.7222,0.0592,0.5000,0.6667,1.0000,-0.1943,1.2623
632,STONE BURN,MOVE WOMAN RUN SLOW WEAK ORDERED MARKET CROWD BOOK KNOW WEAK GENERATE BUILD BROKEN DEAD,0,1.2953,1.0000,0.9107,0.1107,0.8571,0.8750,1.0000,0.1709,1.2640
633,MAP SPREAD,HEAR SIMPLE DEBT BRIDGE CALM BREAK DUST LEADER FALL FIRE EAT FALL SIGNAL THINK KEY,0,1.3077,1.0000,0.9722,0.0802,0.9167,1.0000,1.0000,0.2377,1.2662
634,ELDER TALK,STRONG DULL FOOD FALL,0,1.3334,1.0000,1.0000,0.1671,1.0000,1.0000,1.0000,0.5580,1.2695
635,DEAD LEADER BURN,DORMANT TRADE SPREAD UPDATE CHOOSE SMALL COMPUTER,0,1.2991,1.0000,0.8333,0.2453,1.0000,1.0000,0.5000,0.2823,1.2710
636,CAT WANT BROKEN SAD SOLDIER HEAR,SMALL DRONE FALL FAST NETWORK FAIL,0,1.3434,1.0000,1.0000,0.2171,1.0000,1.0000,1.0000,1.3935,1.2746
637,ROOM,MOVE OUTCAST CHILD FALL INSECT BURN BUILD SEE ELDER FEAR VAST BORDER CAT,0,1.3032,1.0000,0.9524,0.0874,0.8571,1.0000,1.0000,0.1281,1.2761
638,ROBOT COMPUTE SECRET COMPLEX FEAR COMPUTE,PHONE,0,1.3071,1.0000,0.9333,0.1356,0.8000,1.0000,1.0000,0.5081,1.2776
639,FEAR GROW,CAT BREAK DIRTY BIRD FOLLOW TRUST,0,1.3090,1.0000,0.9524,0.1162,1.0000,0.8571,1.0000,0.1908,1.2792
640,SMALL ROBOT ENCODE ENCRYPTED DORMANT CHOICE,SOLDIER BIG DOG BIG INSECT LEADER FALL MARKET GROW BUILD IMAGINE BURN OBEDIENT ISOLATED SPREAD,0,1.3020,1.0000,0.9000,0.1602,1.0000,0.9000,0.8000,0.3771,1.2803
641,ENCRYPTED POISON SPREAD,SMALL DRONE VAST FOREST CHOOSE FAMOUS TRAPPED CHANCE CHOOSE HEAVY INSECT,0,1.3076,1.0000,0.9630,0.0937,1.0000,1.0000,0.8889,0.2175,1.2817
642,CITY,MOVE DEBT CHOICE HEAR,0,1.2099,1.0000,0.6667,0.0497,1.0000,1.0000,0.0000,-0.2741,1.2781
643,CLEAN CITY,CONNECTED SOLDIER,0,1.1835,1.0000,0.5556,0.0842,1.0000,0.0000,0.6667,-0.6978,1.2734
644,KEY FAIL,HEAR TRUTH FAMOUS GUARD RULE MAN,0,1.3330,1.0000,1.0000,0.1649,1.0000,1.0000,1.0000,0.4094,1.2764
645,WOMAN TRADE SMALL WOLF ATTACK LEADER,BOOK,0,1.3215,1.0000,1.0000,0.1076,1.0000,1.0000,1.0000,1.0157,1.2786
646,HAPPY CAT FORGET SIMPLE PATTERN HELP,CONNECTED TOOL FALL HEAR CONNECTED COMPUTE,0,1.2875,1.0000,0.8963,0.0930,1.0000,0.8889,0.8000,0.1703,1.2791
647,PLAN FAIL,BIRD SPREAD FALL SEE GUARD WOLF BURN ENCRYPTED SAD CONNECTED VAST OUTCAST SEED DRONE DORMANT,0,1.3389,1.0000,0.9583,0.2571,1.0000,0.8750,1.0000,0.3660,1.2820
648,DENSE TOOL BURN,FALL ALGORITHM FAMOUS CLEAN FORGET PLAN FORGET BROKEN ERROR TRUST CAMERA MOUNTAIN FALL CAT,0,1.3023,1.0000,0.9141,0.1405,0.9091,0.8333,1.0000,0.1696,1.2831
649,ISOLATED FOOD,FALL BIRD CORRUPTED STONE,0,1.2545,1.0000,0.8222,0.0391,0.8000,1.0000,0.6667,-0.2150,1.2816
650,MAP SPREAD,BREAK FOREST,0,1.2466,1.0000,0.6667,0.2330,1.0000,1.0000,0.0000,-0.1876,1.2799
651,METAL BURN,,1,0.2000,0.0000,0.6667,0.0000,1.0000,1.0000,0.0000,-5.2418,1.2259
652,TRAPPED ELDER HEAR STRONG ISOLATED MAN,,1,0.3000,0.0000,1.0000,0.0000,1.0000,1.0000,1.0000,-19.5023,1.1796
653,DOG CARRY WEAPON FORGET CHAOTIC LANGUAGE,DORMANT RUN CAMERA CAR SPREAD,0,1.2785,1.0000,0.9107,0.0264,0.8750,0.8571,1.0000,2.0067,1.1845
654,MARKET,FAIL WOLF FALL CAMERA CROWD MAN FALL DULL TRUST MOUNTAIN BETRAY BUILD CHAOTIC CHILD ASK,0,1.3152,1.0000,0.9583,0.1387,0.8750,1.0000,1.0000,0.5137,1.1911
655,MOUNTAIN,CHILD,0,1.1119,1.0000,0.3333,0.0596,1.0000,0.0000,0.0000,-0.3241,1.1871
656,SAD STRANGER,STRONG SPREAD HAPPY STRANGER BIG ISOLATED HEAR CAT GENERATE ACTIVE FOLLOW CHILD FALL HAPPY ROBOT,0,1.2618,1.0000,0.7926,0.1199,0.6000,1.0000,0.7778,0.5323,1.1908
657,SIMPLE TOOL,LEADER WOLF CROWD,0,1.2497,1.0000,0.6667,0.2483,1.0000,0.0000,1.0000,0.4393,1.1938
658,MARKET,FALL SOLDIER RUN IDENTITY CLEAN WOLF,0,1.3239,1.0000,1.0000,0.1195,1.0000,1.0000,1.0000,0.4967,1.2003
659,SMALL CAR HEAR GUARD HEAR CHAOTIC,INSECT UPDATE HAPPY ELDER OBEDIENT RUN,0,1.2673,1.0000,0.8667,0.0366,0.6000,1.0000,1.0000,1.2634,1.2036
660,FEAR SPREAD,GENERATE SPREAD ACTIVE BURN,0,1.2829,1.0000,0.8667,0.1144,1.0000,0.6000,1.0000,0.3684,1.2076
661,OUTCAST POISON,WOMAN FOOD SEE FORGET,0,1.3499,1.0000,0.9333,0.3497,0.8000,1.0000,1.0000,0.9711,1.2147
662,MARKET,MOVE SLOW CHOICE WARN SPREAD,0,1.3138,1.0000,1.0000,0.0690,1.0000,1.0000,1.0000,0.3728,1.2197
663,SAD CROWD SPREAD,,1,0.3000,0.0000,1.0000,0.0000,1.0000,1.0000,1.0000,-7.9366,1.1737
664,FREE ELDER,BUILD CITY DORMANT SOLDIER ASHAMED DIRTY WOOD CARRY ENGINE CARRY WEAK WARN BREAK WEAPON FALL,0,1.2844,1.0000,0.8611,0.1303,0.7500,1.0000,0.8333,0.9562,1.1792
665,HORSE BURN,SOLDIER FALL BOOK RUN,0,1.1490,1.0000,0.4889,0.0116,0.8000,0.6667,0.0000,-0.2066,1.1777
666,DORMANT SEED,GENERATE,0,1.4062,1.0000,1.0000,0.5310,1.0000,1.0000,1.0000,1.8572,1.1891
667,HORSE MOVE DOG BURN,MOUNTAIN FALL,0,1.1808,1.0000,0.5833,0.0292,1.0000,0.7500,0.0000,-0.1109,1.1887
668,SECRET MAN WANT MAP BURN,GUARD,0,1.2523,1.0000,0.8333,0.0117,0.5000,1.0000,1.0000,1.1483,1.1919
669,ROAD,SPREAD SHARP PRISON DULL FALL SMALL TALK CAR DENSE BROKEN ASHAMED GUARD FALL TRUSTED SAD,0,1.2713,1.0000,0.8889,0.0232,0.6667,1.0000,1.0000,0.3936,1.1959
670,CHOICE,SIMPLE HOME WOLF MOVE SLOW STRONG ROBOT SIGNAL FALL,0,1.3229,1.0000,0.9630,0.1702,0.8889,1.0000,1.0000,0.6503,1.2022
671,AUTOMATED CAMERA,GENERATE RULE GROW BIG FREE CHILD,0,1.3034,1.0000,1.0000,0.0172,1.0000,1.0000,1.0000,0.7410,1.2073
672,GUARD SPREAD,TRADE FALL ISOLATED VAST FIRE CHANCE MOVE ROAD FALL SEE LIE FALL SPREAD KEY SEE,0,1.2853,1.0000,0.9259,0.0377,1.0000,0.7778,1.0000,0.5002,1.2112
673,COMPUTER,ACTIVE SIGNAL MOVE DULL SEE TALK MAN BUILD BOOK BORDER KNOW INSECT MOVE STRANGER CAR,0,1.3033,1.0000,0.9697,0.0619,0.9091,1.0000,1.0000,0.4581,1.2158
674,DEAD FOOD,HEAR OBEDIENT OPTIMAL FALL CAR COMPUTER SMALL MEMORY,0,1.3810,1.0000,0.9524,0.4765,1.0000,1.0000,0.8571,1.3999,1.2241
675,POISON FAIL,SIMPLE BROKEN GUARD SYSTEM FAIL FREE CONNECTED,0,1.2143,1.0000,0.6667,0.0713,1.0000,0.0000,1.0000,-0.0545,1.2236
676,ROBOT MOVE SIMPLE ENCRYPTED BOOK SEE,ALGORITHM,0,1.3486,1.0000,1.0000,0.2429,1.0000,1.0000,1.0000,2.2985,1.2298
677,DEAD WOLF,LEADER THINK MOVE TRUST CALM CLEAN TOOL POISON MOVE OBEDIENT OBEDIENT BIRD MOVE FIRE HEAR,0,1.3117,1.0000,0.8492,0.2847,0.7143,1.0000,0.8333,0.7064,1.2339
678,CITY,CROWD GROW,0,1.2234,1.0000,0.6667,0.1172,1.0000,1.0000,0.0000,-0.0441,1.2334
679,DOG WANT CAT RUN,BURN WEAPON CONNECTED COMPUTER COMPUTER DRONE SPREAD BIG DUST BIRD,0,1.2788,1.0000,0.8571,0.1083,0.7143,0.8571,1.0000,0.6332,1.2357
680,WOMAN FORGET SIMPLE SIMPLE LAW TRADE,FALL WOMAN,0,1.2662,1.0000,0.8333,0.0812,0.5000,1.0000,1.0000,0.5725,1.2372
681,ROOM,ENCRYPTED,0,1.3316,1.0000,0.6667,0.6581,1.0000,0.0000,1.0000,0.3821,1.2419
682,CLOCK UPDATE MEMORY,CROWD BURN DIRTY LEADER GUARD WEAPON,0,1.3216,1.0000,0.9524,0.1795,0.8571,1.0000,1.0000,0.8430,1.2459
683,LIE SPREAD,ENCRYPTED,0,1.3877,1.0000,1.0000,0.4386,1.0000,1.0000,1.0000,0.7271,1.2530
684,BROKEN POISON,CAR BUILD POWER MOVE HEAVY AUTOMATED MARKET,0,1.3570,1.0000,1.0000,0.2852,1.0000,1.0000,1.0000,0.7780,1.2582
685,POWER SPREAD,,1,0.2000,0.0000,0.6667,0.0000,1.0000,1.0000,0.0000,-6.0237,1.2053
686,COMPUTER BREAK BIG DIRTY INSECT FAIL,WOLF CLEAN WOMAN POISON DRONE MOVE STONE,0,1.2360,1.0000,0.7556,0.0468,0.6667,0.8000,0.8000,0.5682,1.2068
687,MOUNTAIN,CHILD FALL CROWD VAST TRUSTED FAST BURN SEE SIMPLE FORGET FEAR GROW BETRAY FALL FORGET,0,1.3134,1.0000,1.0000,0.0670,1.0000,1.0000,1.0000,0.4326,1.2121
688,SMALL GUARD BURN,GENERATE,0,1.3581,1.0000,1.0000,0.2905,1.0000,1.0000,1.0000,1.3848,1.2194
689,SYSTEM FAIL,BUILD STRANGER CLEAN RUN HEAR TRUSTED MAN,0,1.3777,1.0000,1.0000,0.3885,1.0000,1.0000,1.0000,0.9136,1.2274
690,CHAOTIC STONE,SEE LIE REBELLIOUS GROW SAD WOOD FALL ACTIVE GUARD SOLDIER ENGINE CAR FIRE ENCODE,0,1.3237,1.0000,0.8778,0.3018,0.8000,1.0000,0.8333,0.8257,1.2322
691,CLEAN WEAPON SPREAD,FALL MAP,0,1.2805,1.0000,0.8889,0.0692,0.6667,1.0000,1.0000,0.4358,1.2346
692,PHONE MOVE DOG HEAR STONE MOVE,DUST ELDER DORMANT MAN HEAR CHOICE TRAPPED,0,1.2376,1.0000,0.7667,0.0380,0.8000,0.5000,1.0000,0.0511,1.2347
693,WATER BURN,,1,0.2000,0.0000,0.6667,0.0000,1.0000,1.0000,0.0000,-5.2935,1.1830
694,NETWORK SPREAD,,1,0.2000,0.0000,0.6667,0.0000,1.0000,1.0000,0.0000,-6.5553,1.1339
695,GUARD BURN,CONNECTED CAT ENCODE PROUD ORDERED REBELLIOUS BIRD TALK CITY CARRY OUTCAST PHONE,0,1.2812,1.0000,0.9048,0.0490,0.8571,0.8571,1.0000,0.9244,1.1412
696,FEAR GROW,BURN ACTIVE ENCRYPTED FOLLOW,0,1.2843,1.0000,0.9333,0.0217,1.0000,0.8000,1.0000,0.8452,1.1484
697,MOUNTAIN,FALL ENCODE CLOCK,0,1.2407,1.0000,0.6667,0.2033,1.0000,1.0000,0.0000,0.3618,1.1530
698,DEAD POISON,BURN METAL BIG BREAK BOOK FAMOUS CARRY SAD SHARP FIRE HEAR CLEAN WOMAN,0,1.3749,1.0000,0.9524,0.4460,0.8571,1.0000,1.0000,1.7429,1.1641
699,AUTOMATED IDENTITY SPREAD,RUN SHARP CLOCK,0,1.3489,1.0000,1.0000,0.2443,1.0000,1.0000,1.0000,1.4866,1.1733
700,LIE SPREAD,SIMPLE SIGNAL FALL,0,1.2900,1.0000,0.8889,0.1169,0.6667,1.0000,1.0000,0.5789,1.1792
701,POWER SPREAD,,1,0.2000,0.0000,0.6667,0.0000,1.0000,1.0000,0.0000,-5.9753,1.1302
702,ACTIVE LEADER,CHOOSE CLOCK GROW,0,1.3057,1.0000,1.0000,0.0286,1.0000,1.0000,1.0000,1.4266,1.1390
703,OBEDIENT MAN SPREAD,BIG FREE CALM WOOD CHOICE TALK GENERATE WANT MAP,0,1.2554,1.0000,0.8413,0.0150,1.0000,0.8571,0.6667,1.1385,1.1448
704,ROOM,EAT,0,1.2228,1.0000,0.6667,0.1142,1.0000,1.0000,0.0000,0.2994,1.1487
705,ROOM,OPTIMAL MOVE COMPLEX SECRET SMALL FEAR HELP FEAR INSECT,0,1.3324,1.0000,1.0000,0.1621,1.0000,1.0000,1.0000,0.7034,1.1579
706,CHAOTIC CHILD,LIE CAR,0,1.2722,1.0000,0.6667,0.3611,1.0000,0.0000,1.0000,0.9890,1.1636
707,LANGUAGE GROW,BUILD HORSE,0,1.2008,1.0000,0.5556,0.1705,1.0000,0.6667,0.0000,0.2187,1.1655
708,TOOL BURN,CHAOTIC ANGRY HEAR,0,1.3700,1.0000,1.0000,0.3501,1.0000,1.0000,1.0000,1.0656,1.1757
709,OUTCAST CAT,UPDATE CHILD DENSE MOVE ACTIVE UPDATE HEAR SEE SECRET COMPLEX CHANCE BIRD,0,1.2888,1.0000,0.7833,0.2691,0.6000,1.0000,0.7500,0.7454,1.1813
710,HOME,CAT GROW HELP CONNECTED PROUD TALK CLOCK SOLDIER DEAD SPREAD ENGINE WEAK MAN HEAR FAST,0,1.3200,1.0000,1.0000,0.0998,1.0000,1.0000,1.0000,0.6173,1.1883
711,CHAOTIC MOUNTAIN,COMPUTER SIMPLE INSECT SHARP SEED AUTOMATED FAST ALGORITHM UPDATE STRANGER STRONG BIG TRAPPED,0,1.3661,1.0000,0.9259,0.4415,1.0000,1.0000,0.7778,1.3329,1.1972
712,ACTIVE LEADER,SEE DEAD ELDER DULL ENCRYPTED CARRY ELDER BREAK CAT CHANCE KEY HORSE HEAR ANGRY,0,1.2605,1.0000,0.8095,0.0885,0.7143,1.0000,0.7143,0.5027,1.2003
713,RIVER,SIMPLE BROKEN CLOCK BREAK ROAD SIMPLE KEY WOMAN ELDER MEMORY HORSE UPDATE PATTERN,0,1.3079,1.0000,0.9722,0.0814,0.9167,1.0000,1.0000,0.6467,1.2057
714,SIGNAL FAIL,,1,0.2000,0.0000,0.6667,0.0000,1.0000,1.0000,0.0000,-6.1657,1.1554
715,INSECT SPREAD,SLOW WOMAN RUN ENCODE IDENTITY WEAPON RULE STRANGER WATER FIRE LAW BOOK,0,1.2763,1.0000,0.9030,0.0272,0.9091,0.8000,1.0000,0.7247,1.1615
716,HOME,FAIL WANT FAIL BRIDGE MOVE,0,1.2019,1.0000,0.5556,0.1762,0.6667,1.0000,0.0000,0.1759,1.1635
717,POISON BURN,SECRET FALL WANT MOVE FAST SHARP UPDATE,0,1.2997,1.0000,0.9583,0.0608,1.0000,0.8750,1.0000,0.7132,1.1703
718,STONE BURN,BRIDGE FALL FALL CALM SEED,0,1.2548,1.0000,0.8222,0.0406,0.8000,0.6667,1.0000,0.4017,1.1745
719,BROKEN WOLF,,0,1.2000,1.0000,0.6667,0.0000,1.0000,0.0000,1.0000,0.1989,1.1758
720,CALM CROWD,CITY CROWD RIVER SPREAD WOLF HEAR DEAD,0,1.2720,1.0000,0.8889,0.0265,0.6667,1.0000,1.0000,0.8542,1.1806
721,STRANGER FALL,FALL CAT,0,1.0705,1.0000,0.2222,0.0189,0.6667,0.0000,0.0000,-0.8381,1.1751
722,WOLF TRADE VAST SMALL WOMAN THINK,WANT ENCRYPTED SENSOR,0,1.3086,1.0000,0.9333,0.1430,1.0000,0.8000,1.0000,2.3912,1.1818
723,LEADER BURN,BUILD ROOM BURN PLAN FALL METAL FIRE,0,1.1553,1.0000,0.5000,0.0265,1.0000,0.5000,0.0000,-0.1506,1.1805
724,ORDERED BRIDGE,HORSE BREAK STRONG,0,1.3093,1.0000,0.8889,0.2131,1.0000,1.0000,0.6667,1.1634,1.1869
725,HORSE HELP DENSE WEAK CROWD MOVE,ROOM ENGINE SMALL BUILD BORDER,0,1.2739,1.0000,0.8667,0.0693,1.0000,0.8000,0.8000,1.7137,1.1912
726,WEAK CLOCK FAIL,ELDER COMPUTER FALL RUN POISON,0,1.3261,1.0000,0.9524,0.2021,0.8571,1.0000,1.0000,1.2270,1.1980
727,FREE HORSE BREAK CLOCK WANT ACTIVE,,0,1.3000,1.0000,1.0000,0.0000,1.0000,1.0000,1.0000,2.2597,1.2031
728,DOG EAT CORRUPTED STRONG MAP WANT,MEMORY AUTOMATED SIGNAL ELDER,0,1.2876,1.0000,0.7857,0.2594,0.8571,1.0000,0.5000,1.3483,1.2073
729,LIE SPREAD,WEAPON GUARD MOVE TRAPPED STRANGER BREAK CAMERA VAST ACTIVE TRUTH,0,1.3157,1.0000,0.9048,0.2212,0.7143,1.0000,1.0000,0.5231,1.2127
730,HOME,CHANCE,0,1.1228,1.0000,0.3333,0.1142,1.0000,0.0000,0.0000,-0.3764,1.2082
731,FEAR SPREAD,,1,0.2000,0.0000,0.6667,0.0000,1.0000,1.0000,0.0000,-4.7153,1.1578
732,MAN ATTACK STONE TRUST FOOD BREAK,CARRY PLAN KEY DOG ISOLATED DEAD THINK ASHAMED SENSOR WOMAN FALL,0,1.2604,1.0000,0.8259,0.0630,0.7000,0.7778,1.0000,2.2657,1.1630
733,SECRET BOOK SPREAD,,1,0.3000,0.0000,1.0000,0.0000,1.0000,1.0000,1.0000,-8.5897,1.1198
734,SYSTEM FAIL,HEAR SAD BIG SIGNAL STRONG BIRD MOVE TIME GROW,0,1.3266,1.0000,0.9444,0.2164,0.8333,1.0000,1.0000,1.1371,1.1301
735,OUTCAST GUARD,MOVE DOG FALL FALL FAMOUS ROBOT,0,1.2789,1.0000,0.8222,0.1611,0.8000,1.0000,0.6667,1.0157,1.1376
736,SIMPLE POISON BURN,ROAD MOVE CHOICE,0,1.2971,1.0000,0.8889,0.1524,1.0000,0.6667,1.0000,1.1648,1.1456
737,CHILD FOLLOW CHOICE HEAR PATTERN RUN,BIRD DENSE INSECT,0,1.2909,1.0000,0.9333,0.0546,0.8000,1.0000,1.0000,3.1713,1.1528
738,BRIDGE,SEED FALL BURN BIRD WANT CALM KEY CAR SOLDIER FALL SHARP DIRTY,0,1.3136,1.0000,1.0000,0.0681,1.0000,1.0000,1.0000,0.7325,1.1609
739,PLAN FAIL,SEE GROW GROW CLOCK POWER DIRTY DENSE ACTIVE FIRE CHANCE BETRAY ATTACK ATTACK WOMAN AUTOMATED,0,1.3409,1.0000,0.9630,0.2598,0.8889,1.0000,1.0000,1.1661,1.1699
740,CAMERA HEAR TRUSTED CLEAN WEAPON MOVE,FIRE,1,0.2908,0.0000,0.9167,0.0789,0.7500,1.0000,1.0000,-16.4562,1.1259
741,MARKET,SLOW CALM CAR,0,1.2087,1.0000,0.6667,0.0434,1.0000,0.0000,1.0000,0.3126,1.1301
742,MAN HELP DORMANT OUTCAST LEADER TALK,WOMAN HEAR AUTOMATED OBEDIENT,0,1.1940,1.0000,0.6190,0.0415,0.0000,1.0000,0.8571,1.0742,1.1333
743,STONE BURN,DORMANT STRANGER WOOD ENCRYPTED GUARD WANT CONNECTED TALK GROW FOOD BURN SPREAD UPDATE CHAOTIC FREE,0,1.2596,1.0000,0.8000,0.0980,0.6000,0.8000,1.0000,0.5726,1.1396
744,FOOD BURN,BURN COMPLEX CAR PHONE,0,1.2178,1.0000,0.6667,0.0888,1.0000,0.0000,1.0000,0.3493,1.1435
745,FEAR SPREAD,,1,0.2000,0.0000,0.6667,0.0000,1.0000,1.0000,0.0000,-4.6727,1.0963
746,STRONG WOLF WARN MAN WANT GUARD,WEAK FOREST ELDER HAPPY TRUST SEE WEAK MEMORY HORSE,0,1.1963,1.0000,0.6349,0.0291,0.5714,0.8333,0.5000,2.3162,1.1013
747,ROAD,ELDER FAIL OUTCAST GROW PLAN BIG WEAK RIVER ACTIVE,0,1.3139,1.0000,0.9524,0.1410,0.8571,1.0000,1.0000,1.0605,1.1119
748,MOUNTAIN,SEE CAR FOLLOW BETRAY BUILD SMALL METAL CHANCE,0,1.3252,1.0000,1.0000,0.1262,1.0000,1.0000,1.0000,0.7768,1.1226
749,FOOD FALL,,1,0.2000,0.0000,0.6667,0.0000,1.0000,1.0000,0.0000,-5.4654,1.0765
750,SAD WOLF WANT VAST INSECT CARRY,POISON SLOW FALL REBELLIOUS,0,1.2870,1.0000,0.8857,0.1064,1.0000,0.8000,0.8571,4.4190,1.0870
751,HORSE SEE FOOD ATTACK SAD OUTCAST,,0,1.3000,1.0000,1.0000,0.0000,1.0000,1.0000,1.0000,4.5838,1.0976
752,CROWD SPREAD,ANGRY BIRD DRONE BURN HEAR CHANCE SOLDIER SEED HEAR ERROR FALL SECRET DULL TOOL SPREAD,0,1.2713,1.0000,0.8381,0.0995,0.8000,0.7143,1.0000,1.2512,1.1063
753,MOUNTAIN,MARKET HEAR ERROR WOOD HEAVY INSECT ELDER GROW DUST SOLDIER ISOLATED SECRET UPDATE DULL METAL,0,1.3113,1.0000,0.9697,0.1019,0.9091,1.0000,1.0000,0.7385,1.1166
754,BIRD HELP WEAK BIRD HELP WEAK,STRONG SAD GUARD CROWD FALL,0,1.2333,1.0000,0.7222,0.0829,0.6667,1.0000,0.5000,2.5596,1.1224
755,BORDER SPREAD,CARRY GUARD MOUNTAIN CHAOTIC HEAR BREAK COMPUTER UPDATE IDENTITY LAW,0,1.2868,1.0000,0.8843,0.1075,0.7778,0.8750,1.0000,0.8686,1.1306
756,GUARD GROW,LIE SEE WEAK FIRE PHONE SEE DUST,0,1.3053,1.0000,1.0000,0.0263,1.0000,1.0000,1.0000,1.2304,1.1394
757,POISON GROW,ASHAMED WOOD BURN MOVE PLAN HEAR HEAVY CROWD TRUST COMPUTE DORMANT CLEAN BURN TRUST ACTIVE,0,1.2808,1.0000,0.9153,0.0310,0.8571,0.8889,1.0000,0.9093,1.1464
758,CONNECTED INSECT SPREAD,,1,0.3000,0.0000,1.0000,0.0000,1.0000,1.0000,1.0000,-8.8616,1.1041
759,SIMPLE LIE,HORSE CONNECTED COMPLEX,0,1.2363,1.0000,0.5833,0.3064,1.0000,0.0000,0.7500,0.9797,1.1107
760,DRONE MOVE OUTCAST BIG CROWD FAIL,MOVE ISOLATED SMALL BIRD HEAR BREAK OUTCAST SECRET CORRUPTED ASHAMED SEE MARKET SEE CORRUPTED,0,1.2408,1.0000,0.7143,0.1328,0.8571,0.7143,0.5714,2.1271,1.1172
761,ROOM,OPTIMAL SEE FAST SPREAD ATTACK CAR,0,1.3290,1.0000,1.0000,0.1452,1.0000,1.0000,1.0000,0.7547,1.1278
762,SMALL POISON GROW,ORDERED MAP BREAK CONNECTED ROAD,0,1.2542,1.0000,0.8222,0.0378,0.8000,0.6667,1.0000,1.1416,1.1341
763,SLOW SOLDIER KNOW LANGUAGE EAT METAL,INSECT HEAR ALGORITHM FAIL,0,1.2758,1.0000,0.8095,0.1647,0.5714,0.8571,1.0000,3.3782,1.1412
764,OBEDIENT WOLF HEAR DORMANT ELDER BURN,,1,0.3000,0.0000,1.0000,0.0000,1.0000,1.0000,1.0000,-16.5511,1.0992
765,LANGUAGE GROW,,1,0.2000,0.0000,0.6667,0.0000,1.0000,1.0000,0.0000,-5.0614,1.0542
766,POISON FAIL,CHAOTIC COMPUTER BROKEN FIRE RUN VAST HORSE BIG HEAVY CLEAN INSECT DEAD HEAVY CHAOTIC LEADER,0,1.3413,1.0000,0.9583,0.2692,0.8750,1.0000,1.0000,1.4641,1.0686
767,STRANGER BUILD SLOW CHAOTIC PHONE HEAR,KEY DENSE MAN,0,1.2424,1.0000,0.8000,0.0118,0.4000,1.0000,1.0000,3.1909,1.0772
768,PHONE SEE CROWD SEE ROAD SEE,TRAPPED FORGET ELDER EAT CROWD COMPUTER FAIL GROW BIG CLOCK SIMPLE SENSOR WEAPON SENSOR UPDATE,0,1.2430,1.0000,0.7963,0.0207,0.5000,0.8889,1.0000,3.0000,1.0855
769,SMALL WOOD BURN,MOVE SAD CAR CHANCE POISON FALL MOVE OUTCAST CAT FORGET GUARD HEAR SYSTEM FALL WOOD,0,1.2738,1.0000,0.8918,0.0314,0.8182,0.8571,1.0000,1.4645,1.0949
770,WOOD BURN,ENCRYPTED CLEAN SPREAD SEE CAT UPDATE AUTOMATED TRUTH UPDATE TIME DORMANT,0,1.3591,1.0000,1.0000,0.2956,1.0000,1.0000,1.0000,1.2473,1.1082
771,ENCRYPTED MEMORY FAIL,MAN STONE,0,1.3971,1.0000,1.0000,0.4855,1.0000,1.0000,1.0000,2.4525,1.1226
772,CROWD SPREAD,HEAR VAST THINK DIRTY SEE TRUTH,0,1.3077,1.0000,1.0000,0.0385,1.0000,1.0000,1.0000,1.3039,1.1319
773,FIRE BURN,ORDERED KNOW FIRE BURN HEAVY FIRE CHAOTIC ENCRYPTED HELP DENSE MOVE ENGINE DOG CROWD MAP,0,1.2539,1.0000,0.8214,0.0372,0.7500,0.7143,1.0000,0.9607,1.1380
774,VAST METAL,UPDATE CLEAN ORDERED BREAK INSECT KEY,0,1.3161,1.0000,0.9333,0.1804,0.8000,1.0000,1.0000,1.5542,1.1469
775,DRONE UPDATE ENCRYPTED DORMANT CHOICE UPDATE,ORDERED STRONG CAR CHANCE STRANGER BREAK WEAK BRIDGE ENCODE HEAR FALL UPDATE HAPPY,0,1.2314,1.0000,0.7103,0.0917,0.6667,0.7500,0.7143,1.3928,1.1511
776,FOREST,GROW BETRAY,0,1.2513,1.0000,0.6667,0.2566,1.0000,1.0000,0.0000,0.6276,1.1561
777,AUTOMATED CAMERA,,0,1.2000,1.0000,0.6667,0.0000,1.0000,0.0000,1.0000,0.3088,1.1583
778,MAP FAIL,,1,0.2000,0.0000,0.6667,0.0000,1.0000,1.0000,0.0000,-5.4415,1.1104
779,MARKET,MAP HEAR MOVE DORMANT VAST PLAN REBELLIOUS ROBOT DIRTY FAIL AUTOMATED ENGINE TRADE,0,1.3261,1.0000,1.0000,0.1305,1.0000,1.0000,1.0000,0.7871,1.1212
780,DOG RUN,ALGORITHM HEAR GUARD,0,1.2108,1.0000,0.6000,0.1539,0.8000,1.0000,0.0000,0.6518,1.1257
781,LAW SPREAD,CORRUPTED STRANGER REBELLIOUS SEE SEED LEADER UPDATE DENSE,0,1.3599,1.0000,0.9333,0.3996,1.0000,0.8000,1.0000,1.2869,1.1374
782,ENCRYPTED CHOICE SPREAD,,1,0.3000,0.0000,1.0000,0.0000,1.0000,1.0000,1.0000,-7.3715,1.0955
783,HOME,SPREAD,0,1.2149,1.0000,0.6667,0.0745,1.0000,1.0000,0.0000,0.5370,1.1015
784,ACTIVE BIRD HEAR LIE BREAK SAD,PROUD SAD DEBT,0,1.2902,1.0000,0.8000,0.2510,0.8000,1.0000,0.6000,3.6711,1.1109
785,MEMORY SPREAD,BROKEN CHILD DEAD LIE FAIL BURN HOME BIRD,0,1.3017,1.0000,0.8917,0.1711,0.8750,0.8000,1.0000,1.0531,1.1204
786,BROKEN STRANGER,ROOM,0,1.2423,1.0000,0.6667,0.2113,1.0000,0.0000,1.0000,0.9683,1.1265
787,MOUNTAIN,SOLDIER,0,1.1249,1.0000,0.3333,0.1245,1.0000,0.0000,0.0000,-0.0057,1.1265
788,FREE WOMAN,RUN,0,1.3241,1.0000,1.0000,0.1204,1.0000,1.0000,1.0000,1.5680,1.1363
789,ANGRY SOLDIER HEAR SAD AUTOMATED GUARD,SMALL DUST BETRAY TRUST MAP GUARD WOLF HEAR OUTCAST STONE ROBOT GROW ELDER,0,1.2399,1.0000,0.7831,0.0248,0.7778,0.7143,0.8571,1.8620,1.1415
790,PATTERN FAIL,RUN ALGORITHM BURN ELDER,0,1.2330,1.0000,0.6000,0.2651,0.8000,1.0000,0.0000,0.4810,1.1461
791,OBEDIENT DOG MOVE SOLDIER BURN,DRONE RUN PRISON,0,1.2871,1.0000,0.9167,0.0603,1.0000,0.7500,1.0000,2.1740,1.1531
792,DIRTY ROOM,BIG PLAN UPDATE CHILD DOG,0,1.3489,1.0000,1.0000,0.2443,1.0000,1.0000,1.0000,1.4682,1.1629
793,ENGINE GENERATE FAMOUS ENCRYPTED,WEAK SEE FEAR SIMPLE CAR DEBT SOLDIER HEAR CHOICE FALL WARN,0,1.2919,1.0000,0.8963,0.1148,0.8889,1.0000,0.8000,1.7471,1.1694
794,DENSE STONE,LEADER ORDERED ACTIVE BIRD COMPUTE CITY CAR METAL TALK GROW WOLF ASK UPDATE CHANCE,0,1.3342,1.0000,0.9394,0.2622,0.8182,1.0000,1.0000,1.3580,1.1776
795,MARKET,CLOCK MOVE AUTOMATED INSECT SOLDIER OPTIMAL AUTOMATED GROW CROWD,0,1.3286,1.0000,1.0000,0.1428,1.0000,1.0000,1.0000,0.5371,1.1852
796,LANGUAGE GROW,BIRD DORMANT CHILD FOLLOW SPREAD SEE KEY CALM INSECT STRANGER CAR,0,1.3188,1.0000,1.0000,0.0939,1.0000,1.0000,1.0000,0.7861,1.1918
797,REBELLIOUS STRANGER,LEADER MOUNTAIN HEAR BIG FOREST,0,1.2976,1.0000,0.8333,0.2378,0.5000,1.0000,1.0000,0.6735,1.1971
798,PATTERN SPREAD,BIG CALM TRADE,0,1.3223,1.0000,1.0000,0.1116,1.0000,1.0000,1.0000,0.6734,1.2034
799,PRISON,FALL BURN,0,1.2564,1.0000,0.6667,0.2821,1.0000,1.0000,0.0000,0.2993,1.2060
800,PHONE HEAR SEED HEAR DIRTY ASHAMED,,0,1.3000,1.0000,1.0000,0.0000,1.0000,1.0000,1.0000,1.8513,1.2107
801,DEBT GROW,ELDER,0,1.2265,1.0000,0.6667,0.1327,1.0000,1.0000,0.0000,0.0911,1.2115
802,SENSOR GENERATE SIGNAL GENERATE SECRET ENCRYPTED,TRUSTED OUTCAST SMALL WARN ELDER DEBT,0,1.2954,1.0000,0.7857,0.2984,0.8571,1.0000,0.5000,1.7493,1.2157
803,ORDERED POISON FAIL,CALM MOUNTAIN STRANGER FAIL WOMAN COMPUTE KNOW TIME SIMPLE MOVE CARRY OPTIMAL TOOL DOG SPREAD,0,1.2434,1.0000,0.7167,0.1420,0.9000,0.7500,0.5000,0.2524,1.2171
804,CAT EAT CHAOTIC CLEAN POISON RUN,SECRET CLEAN MOVE SENSOR LEADER FALL ASK EAT WEAPON MAP OBEDIENT WOLF COMPLEX HORSE,0,1.1656,1.0000,0.5179,0.0515,0.6250,0.5000,0.4286,-0.7679,1.2145
805,PLAN SPREAD,,1,0.2000,0.0000,0.6667,0.0000,1.0000,1.0000,0.0000,-6.5308,1.1638
806,PATTERN SPREAD,HEAR WARN MOVE ASHAMED,0,1.3593,1.0000,1.0000,0.2965,1.0000,1.0000,1.0000,1.0374,1.1736
807,OUTCAST BOOK,,0,1.2000,1.0000,0.6667,0.0000,1.0000,0.0000,1.0000,0.1826,1.1749
808,IDENTITY SPREAD,,1,0.2000,0.0000,0.6667,0.0000,1.0000,1.0000,0.0000,-5.6515,1.1262
809,HAPPY SOLDIER SEE SLOW CAMERA BURN,SEE WARN BURN BRIDGE HEAVY SPREAD WOLF,0,1.2373,1.0000,0.7857,0.0081,0.8571,0.5000,1.0000,2.1970,1.1317
810,CHANCE GROW,FEAR ASHAMED SOLDIER HEAR VAST CHOOSE SHARP ENCRYPTED BUILD WOOD HEAR PHONE DUST TIME,0,1.2673,1.0000,0.8778,0.0197,0.8000,0.8333,1.0000,0.8918,1.1385
811,STRANGER WANT TRUTH HEAR OUTCAST FREE,CLOCK,0,1.3186,1.0000,1.0000,0.0929,1.0000,1.0000,1.0000,3.9042,1.1475
812,REBELLIOUS MAN,CHAOTIC KNOW TRUSTED AUTOMATED HEAVY VAST CAMERA GROW COMPLEX CLOCK BREAK INSECT FALL ASHAMED MAN,0,1.3006,1.0000,0.8889,0.1697,0.6667,1.0000,1.0000,0.9384,1.1552
813,SYSTEM SPREAD,FALL,0,1.2895,1.0000,0.6667,0.4473,1.0000,1.0000,0.0000,0.7521,1.1619
814,WEAK CAR FAIL,ORDERED ISOLATED MOVE HAPPY LEADER SLOW COMPUTE LEADER MAP,0,1.2769,1.0000,0.8222,0.1512,1.0000,0.8000,0.6667,1.0032,1.1676
815,DIRTY SEED,FALL,0,1.3095,1.0000,1.0000,0.0477,1.0000,1.0000,1.0000,1.1628,1.1747
816,SIMPLE RULE SPREAD,SLOW FEAR FOLLOW BURN MAP FAIL,0,1.2501,1.0000,0.7746,0.0888,0.8000,0.8571,0.6667,0.7497,1.1785
817,COMPLEX LANGUAGE,FALL MAP,0,1.3488,1.0000,1.0000,0.2439,1.0000,1.0000,1.0000,1.4588,1.1870
818,MAP FALL,FOLLOW,0,1.2293,1.0000,0.6667,0.1464,1.0000,1.0000,0.0000,0.3323,1.1891
819,GUARD BREAK FIRE BURN,CORRUPTED INSECT HAPPY ACTIVE ROBOT MOVE FEAR BIRD,0,1.2646,1.0000,0.8519,0.0452,0.8889,0.6667,1.0000,1.0325,1.1929
820,CAMERA HEAR SEED SEE MAN HEAR,CROWD,1,0.1747,0.0000,0.5556,0.0402,0.6667,1.0000,0.0000,-19.2780,1.1420
821,ENCRYPTED SIGNAL,POISON GROW BUILD CROWD SECRET CHAOTIC SYSTEM,0,1.3051,1.0000,0.8690,0.2221,0.8571,1.0000,0.7500,1.3787,1.1501
822,PROUD STRANGER ATTACK AUTOMATED DEAD LEADER,FOLLOW,0,1.2761,1.0000,0.8889,0.0470,1.0000,0.6667,1.0000,2.1925,1.1564
823,REBELLIOUS GUARD BUILD SAD DORMANT SOLDIER,SOLDIER MOVE SMALL DENSE SHARP SOLDIER MOVE DENSE PLAN BREAK WOMAN UPDATE OPTIMAL,0,1.2354,1.0000,0.7778,0.0102,0.5000,0.8333,1.0000,1.3901,1.1604
824,MEMORY FAIL,TOOL,0,1.2693,1.0000,0.6667,0.3466,1.0000,1.0000,0.0000,0.5613,1.1658
825,GUARD BURN,SMALL KEY SEED CROWD,0,1.2650,1.0000,0.8667,0.0249,0.6000,1.0000,1.0000,0.5737,1.1708
826,POISON FAIL,SPREAD,0,1.1860,1.0000,0.5556,0.0968,1.0000,0.6667,0.0000,0.0783,1.1715
827,BORDER SPREAD,BIRD MAP COMPUTE TRUST CLOCK,0,1.1939,1.0000,0.6000,0.0696,1.0000,0.8000,0.0000,0.1183,1.1727
828,TOOL BURN,SPREAD FALL CROWD GROW SOLDIER,0,1.2008,1.0000,0.6111,0.0876,1.0000,0.8333,0.0000,0.1439,1.1741
829,SOLDIER BURN,,1,0.2000,0.0000,0.6667,0.0000,1.0000,1.0000,0.0000,-6.0335,1.1254
830,CROWD HEAR OUTCAST DORMANT LEADER BREAK,KEY,1,0.3145,0.0000,1.0000,0.0727,1.0000,1.0000,1.0000,-14.3598,1.0848
831,SEED BURN,,1,0.2000,0.0000,0.6667,0.0000,1.0000,1.0000,0.0000,-4.8136,1.0406
832,ENCRYPTED CLOCK GENERATE PATTERN COMPUTE ENCRYPTED,,0,1.3000,1.0000,1.0000,0.0000,1.0000,1.0000,1.0000,4.3902,1.0536
833,MOUNTAIN,UPDATE BROKEN DIRTY FAST UPDATE SMALL CORRUPTED TRADE ORDERED SYSTEM SEE FAMOUS COMPUTER UPDATE DOG,0,1.3566,1.0000,1.0000,0.2831,1.0000,1.0000,1.0000,1.1022,1.0687
834,DEAD POISON,SIMPLE FAMOUS HORSE HEAR UPDATE ACTIVE PHONE,0,1.3840,1.0000,0.8889,0.5867,1.0000,1.0000,0.6667,2.3606,1.0845
835,ANGRY CHILD BURN,SAD ELDER CAT FALL WOLF GROW RUN,0,1.1125,1.0000,0.3611,0.0208,0.3333,0.7500,0.0000,0.2645,1.0859
836,POISON BURN,HEAR PATTERN VAST CROWD RUN OUTCAST STRANGER AUTOMATED STRANGER MOVE CHOOSE HEAR,0,1.3037,1.0000,0.9524,0.0899,1.0000,0.8571,1.0000,1.0954,1.0968
837,BORDER SPREAD,SEE BREAK PHONE,0,1.2340,1.0000,0.6667,0.1701,1.0000,1.0000,0.0000,0.7195,1.1036
838,PLAN UPDATE CHAOTIC ENCRYPTED DEBT UPDATE,,0,1.3000,1.0000,1.0000,0.0000,1.0000,1.0000,1.0000,3.0078,1.1134
839,FOOD BURN,MOVE CHANCE BUILD SOLDIER STRANGER MOVE CONNECTED TOOL TIME SECRET SLOW HORSE DULL WEAK ORDERED,0,1.2756,1.0000,0.8750,0.0653,0.8750,0.7500,1.0000,0.7460,1.1216
840,SEED MOVE METAL SPREAD,BURN SENSOR,0,1.1869,1.0000,0.6000,0.0347,1.0000,0.8000,0.0000,0.8226,1.1248
841,MOUNTAIN,CHAOTIC TRADE NETWORK OPTIMAL SPREAD HEAR BOOK,0,1.3453,1.0000,1.0000,0.2265,1.0000,1.0000,1.0000,0.7867,1.1358
842,BROKEN CLOCK,GROW PHONE SLOW CAMERA HEAR ROBOT FEAR FOLLOW SECRET COMPUTER LEADER WOLF PHONE MAN TRADE,0,1.3095,1.0000,0.9167,0.1724,0.7500,1.0000,1.0000,1.3655,1.1445
843,SENSOR HEAR PLAN FAIL,BORDER OBEDIENT KEY BROKEN BIRD FALL GROW DRONE BURN,0,1.3008,1.0000,0.9259,0.1150,0.7778,1.0000,1.0000,2.2436,1.1523
844,COMPLEX CHOICE SPREAD,MAN GROW BIG,0,1.3441,1.0000,1.0000,0.2206,1.0000,1.0000,1.0000,1.7743,1.1619
845,FOOD FALL,WEAPON SEED HEAVY ORDERED FOOD SPREAD BETRAY ANGRY BIG ROBOT SIMPLE ELDER PLAN SLOW CALM,0,1.3017,1.0000,0.9167,0.1337,0.7500,1.0000,1.0000,0.8968,1.1689
846,HOME,ASK SOLDIER THINK FALL HELP SAD FOOD METAL SEE ERROR WANT FOREST WOLF ALGORITHM BURN,0,1.3214,1.0000,0.9722,0.1486,0.9167,1.0000,1.0000,0.6619,1.1765
847,TRAPPED FIRE,RUN BURN CLEAN BIRD,0,1.3340,1.0000,1.0000,0.1700,1.0000,1.0000,1.0000,1.4285,1.1844
848,ORDERED SEED SPREAD,HORSE WATER CLEAN COMPUTER SEE GUARD,0,1.2693,1.0000,0.8472,0.0759,0.8750,1.0000,0.6667,0.9025,1.1887
849,FOOD BURN,LEADER STRONG PRISON CLOCK,0,1.3284,1.0000,1.0000,0.1421,1.0000,1.0000,1.0000,0.6179,1.1957
850,METAL FALL,KEY SENSOR FAST INSECT FALL FALL,0,1.1994,1.0000,0.6111,0.0802,0.8333,0.0000,1.0000,0.0252,1.1958
851,TIME SPREAD,BURN,0,1.2694,1.0000,0.6667,0.3472,1.0000,1.0000,0.0000,0.4265,1.1995
852,MAN FOLLOW DORMANT DENSE DRONE BREAK,METAL GROW COMPUTE THINK,0,1.2991,1.0000,0.9630,0.0513,1.0000,0.8889,1.0000,1.9438,1.2045
853,STRANGER BURN,ISOLATED BURN IMAGINE MOVE CHILD DIRTY CONNECTED SOLDIER SPREAD MOUNTAIN PATTERN,0,1.2456,1.0000,0.7937,0.0375,0.6667,0.7143,1.0000,0.2548,1.2066
854,SAD DOG BURN,MOVE BRIDGE CAMERA,0,1.2730,1.0000,0.8889,0.0315,1.0000,0.6667,1.0000,0.4787,1.2099
855,CHAOTIC SYSTEM SPREAD,GROW,0,1.3464,1.0000,1.0000,0.2319,1.0000,1.0000,1.0000,1.2773,1.2167
856,TRAPPED MAN SEE MARKET MOVE STONE,LEADER BURN,0,1.2515,1.0000,0.8222,0.0242,0.6667,0.8000,1.0000,0.7297,1.2184
857,MARKET,CHILD WOMAN HEAR SLOW TRUST CORRUPTED ENCODE ENGINE BREAK CHANCE FAIL HOME DULL MEMORY WEAPON,0,1.2983,1.0000,0.9333,0.0913,0.8000,1.0000,1.0000,0.2941,1.2224
858,COMPUTER GENERATE TIME FAIL,BUILD ENCODE,0,1.1716,1.0000,0.5333,0.0581,1.0000,0.6000,0.0000,-0.6047,1.2199
859,SYSTEM SPREAD,FALL,0,1.2895,1.0000,0.6667,0.4473,1.0000,1.0000,0.0000,0.3719,1.2234
860,LIE SPREAD,FALL METAL BORDER FOOD SEE OPTIMAL PHONE COMPLEX CITY MOVE CALM ENCRYPTED DOG BURN,0,1.3184,1.0000,0.9697,0.1377,0.9091,1.0000,1.0000,0.4473,1.2281
861,ENCRYPTED POISON BURN,FALL PATTERN POISON,0,1.2178,1.0000,0.7222,0.0054,0.5000,0.6667,1.0000,-0.0758,1.2276
862,POISON FALL,,1,0.2000,0.0000,0.6667,0.0000,1.0000,1.0000,0.0000,-6.7102,1.1762
863,DUST,MOVE CAR MOVE FORGET CROWD TOOL,0,1.1956,1.0000,0.6111,0.0613,0.8333,1.0000,0.0000,0.1125,1.1772
864,METAL BURN,BROKEN MOUNTAIN CHAOTIC CITY CLOCK FALL METAL HELP,0,1.2625,1.0000,0.8381,0.0553,0.7143,0.8000,1.0000,0.4291,1.1815
865,MOUNTAIN,WANT CHANCE GROW OUTCAST BROKEN ANGRY BURN CONNECTED MAN ENCRYPTED UPDATE ELDER METAL,0,1.3177,1.0000,1.0000,0.0885,1.0000,1.0000,1.0000,0.4635,1.1883
866,DENSE FIRE FALL,INSECT COMPUTE PHONE CHAOTIC FOREST KNOW CHOOSE DORMANT CHOOSE LAW WEAPON CARRY INSECT,0,1.3193,1.0000,0.9250,0.2089,0.9000,0.8750,1.0000,1.5234,1.1948
867,SYSTEM FAIL,WEAK MOVE ENCODE REBELLIOUS SAD,0,1.3338,1.0000,0.9333,0.2692,1.0000,0.8000,1.0000,0.7465,1.2018
868,MARKET,HEAR AUTOMATED DOG HEAR ELDER SOLDIER SENSOR,0,1.3252,1.0000,1.0000,0.1258,1.0000,1.0000,1.0000,0.4295,1.2079
869,BIRD WANT REBELLIOUS OBEDIENT GUARD KNOW,DULL FIRE WOOD,0,1.3234,1.0000,1.0000,0.1170,1.0000,1.0000,1.0000,2.1165,1.2137
870,CHAOTIC CITY,FALL FALL ACTIVE,0,1.3595,1.0000,1.0000,0.2977,1.0000,1.0000,1.0000,1.2374,1.2210
871,SYSTEM SPREAD,,1,0.2000,0.0000,0.6667,0.0000,1.0000,1.0000,0.0000,-5.1623,1.1700
872,MARKET,SIMPLE ENGINE COMPUTER,0,1.2312,1.0000,0.6667,0.1559,1.0000,0.0000,1.0000,0.2066,1.1730
873,LAW GROW,,1,0.2000,0.0000,0.6667,0.0000,1.0000,1.0000,0.0000,-6.1604,1.1244
874,PRISON,SPREAD WATER FAIL CAMERA SMALL BRIDGE FAIL CAMERA,0,1.2882,1.0000,0.9524,0.0123,0.8571,1.0000,1.0000,0.8665,1.1326
875,INSECT HEAR WOOD SPREAD,LEADER BURN LEADER SPREAD SECRET TOOL SAD INSECT SEE LEADER IMAGINE FALL MEMORY FIRE SMALL,0,1.2221,1.0000,0.7222,0.0274,0.6667,0.5000,1.0000,1.0359,1.1370
876,FOOD BURN,TRUST FALL BREAK,0,1.1780,1.0000,0.5333,0.0899,1.0000,0.6000,0.0000,0.1694,1.1391
877,SEED SPREAD,GUARD SIMPLE,0,1.3284,1.0000,1.0000,0.1418,1.0000,1.0000,1.0000,1.0543,1.1485
878,FREE SOLDIER HEAR SECRET ORDERED LEADER,FALL SOLDIER,0,1.2110,1.0000,0.6667,0.0552,0.0000,1.0000,1.0000,1.3597,1.1517
879,VAST FOOD,LEADER SPREAD LAW BUILD REBELLIOUS,0,1.3348,1.0000,1.0000,0.1740,1.0000,1.0000,1.0000,1.4345,1.1608
880,MAP BURN,LANGUAGE NETWORK CLEAN,0,1.3378,1.0000,1.0000,0.1889,1.0000,1.0000,1.0000,1.0666,1.1697
881,BRIDGE,FORGET GROW IMAGINE DENSE COMPLEX DULL HAPPY,0,1.3297,1.0000,1.0000,0.1487,1.0000,1.0000,1.0000,0.7404,1.1777
882,SYSTEM SPREAD,SOLDIER,0,1.2450,1.0000,0.6667,0.2248,1.0000,1.0000,0.0000,0.3378,1.1810
883,BROKEN CAT,FALL RUN CAMERA MOVE DORMANT FEAR ORDERED CAT FAIL,0,1.2606,1.0000,0.7222,0.2194,0.6667,1.0000,0.5000,0.6309,1.1850
884,MARKET,MOVE STRONG DIRTY BIG SOLDIER CONNECTED STRANGER NETWORK,0,1.3322,1.0000,1.0000,0.1608,1.0000,1.0000,1.0000,0.4662,1.1924
885,DOG FORGET SYSTEM CARRY SENSOR FOLLOW,LEADER SPREAD FALL REBELLIOUS ORDERED CHILD TALK CITY PLAN UPDATE SOLDIER ISOLATED SMALL WEAK,0,1.2512,1.0000,0.8283,0.0138,0.6667,0.8182,1.0000,1.2104,1.1953
886,TOOL SPREAD,ORDERED OBEDIENT,0,1.3249,1.0000,1.0000,0.1243,1.0000,1.0000,1.0000,0.6947,1.2018
887,POISON FAIL,BURN KEY SEE ISOLATED LEADER ELDER FALL,0,1.3185,1.0000,0.9333,0.1924,0.8000,1.0000,1.0000,0.6113,1.2076
888,HAPPY STRANGER TRADE HAPPY OUTCAST,,0,1.3000,1.0000,1.0000,0.0000,1.0000,1.0000,1.0000,1.4690,1.2122
889,WOMAN WARN ASHAMED SLOW LEADER RUN,,1,0.3000,0.0000,1.0000,0.0000,1.0000,1.0000,1.0000,-17.2426,1.1666
890,DOG SEE HOME MOVE FREE BIG,CLOCK MOVE ROBOT,0,1.2679,1.0000,0.8333,0.0894,1.0000,0.5000,1.0000,2.2221,1.1717
891,CHAOTIC ROBOT HEAR TIME HEAR TRAPPED,MOUNTAIN SMALL OUTCAST LEADER FALL ORDERED SIGNAL BREAK MAP CONNECTED WANT STONE,0,1.2529,1.0000,0.8333,0.0145,0.9167,0.8333,0.7500,1.6784,1.1758
892,TOOL SPREAD,ASHAMED EAT,0,1.3659,1.0000,1.0000,0.3296,1.0000,1.0000,1.0000,0.9922,1.1853
893,CHOICE SPREAD,,1,0.2000,0.0000,0.6667,0.0000,1.0000,1.0000,0.0000,-5.2351,1.1360
894,MARKET,LEADER CAMERA CROWD BURN COMPUTE MAP LIE BREAK WEAK ATTACK CALM DOG SPREAD OUTCAST,0,1.3156,1.0000,1.0000,0.0779,1.0000,1.0000,1.0000,0.5465,1.1450
895,AUTOMATED BORDER,SIMPLE OUTCAST SENSOR SEE AUTOMATED DRONE SIGNAL FALL DORMANT CONNECTED CHAOTIC FREE RULE FALL GROW,0,1.2852,1.0000,0.8571,0.1403,0.8571,1.0000,0.7143,0.9791,1.1520
896,CROWD SPREAD,FIRE SAD ALGORITHM BUILD SAD HAPPY WOLF DIRTY KEY TRUSTED WEAK HAPPY CHAOTIC INSECT COMPUTE,0,1.2743,1.0000,0.8917,0.0342,0.8750,0.8000,1.0000,0.8355,1.1581
897,BRIDGE,CARRY PRISON,0,1.1774,1.0000,0.5556,0.0539,0.6667,1.0000,0.0000,0.0860,1.1591
898,REBELLIOUS GUARD CHOOSE SEED WANT ENGINE,ENCODE WEAK HEAVY LANGUAGE NETWORK GROW GUARD ENCRYPTED SIMPLE ATTACK WEAK KEY,0,1.2738,1.0000,0.8333,0.1191,0.5000,1.0000,1.0000,2.3067,1.1648
899,SMALL MAN HELP OBEDIENT CHAOTIC GUARD,SEE CLEAN LAW TRUSTED ANGRY BURN SAD CORRUPTED FORGET DULL TRUTH,0,1.2957,1.0000,0.9333,0.0785,1.0000,1.0000,0.8000,2.3432,1.1714
900,MEMORY SPREAD,SMALL METAL SYSTEM ATTACK,0,1.3110,1.0000,0.9333,0.1551,0.8000,1.0000,1.0000,0.7439,1.1783
901,OBEDIENT DOG HEAR ORDERED MEMORY SPREAD,DULL ROBOT PATTERN SOLDIER FALL BUILD DUST GUARD KNOW METAL FREE TOOL SAD WOMAN,0,1.2625,1.0000,0.8025,0.1087,0.8182,0.8750,0.7143,1.5357,1.1825
902,COMPLEX TOOL BURN,ISOLATED CAR IMAGINE DULL LAW ELDER CAR DIRTY PROUD OPTIMAL,0,1.2965,1.0000,0.8413,0.2206,0.8571,1.0000,0.6667,1.0530,1.1882
903,TIME FAIL,ANGRY FAIL,0,1.2259,1.0000,0.6667,0.1294,1.0000,0.0000,1.0000,0.2093,1.1901
904,MOUNTAIN,TRAPPED DENSE DRONE,0,1.2204,1.0000,0.6667,0.1022,1.0000,0.0000,1.0000,0.1012,1.1916
905,MARKET,BROKEN ELDER CHAOTIC SIMPLE,0,1.2936,1.0000,0.6667,0.4680,1.0000,0.0000,1.0000,0.2922,1.1967
906,ENGINE SEE SAD CLEAN ELDER HEAR,BREAK CHANCE FALL HEAR WEAPON SPREAD,0,1.2595,1.0000,0.8571,0.0119,0.8571,0.7143,1.0000,1.2584,1.1999
907,CHAOTIC CAMERA SEE INSECT,GROW ORDERED TRUST CAMERA BREAK ROBOT ACTIVE METAL,0,1.2435,1.0000,0.7825,0.0437,0.7143,0.8333,0.8000,0.6462,1.2021
908,GUARD SPREAD,PROUD MOVE DUST BURN CLEAN HORSE FALL KNOW GENERATE FALL DULL ROBOT,0,1.2814,1.0000,0.9153,0.0339,0.8571,0.8889,1.0000,0.4479,1.2060
909,REBELLIOUS SOLDIER HEAR CHAOTIC BIG NETWORK,TRUSTED FALL HORSE MOVE SYSTEM,0,1.2917,1.0000,0.9524,0.0300,0.8571,1.0000,1.0000,1.7209,1.2103
910,BIG ROOM,HEAR ROBOT,0,1.3414,1.0000,1.0000,0.2072,1.0000,1.0000,1.0000,1.0674,1.2169
911,SAD STRANGER,SPREAD BREAK CLEAN SOLDIER OPTIMAL FORGET BURN HEAR,0,1.2293,1.0000,0.6667,0.1465,0.0000,1.0000,1.0000,0.0798,1.2175
912,CROWD HEAR VAST RULE FOLLOW STRANGER,,1,0.3000,0.0000,1.0000,0.0000,1.0000,1.0000,1.0000,-21.6552,1.1716
913,WOMAN ATTACK VAST POISON BETRAY MAN,MOVE ELDER MOVE CHANCE DULL INSECT ELDER FALL DIRTY CAT FALL ORDERED KEY DENSE CHANCE,0,1.2527,1.0000,0.8274,0.0222,0.6250,1.0000,0.8571,1.7840,1.1757
914,WOMAN WANT MARKET KNOW INSECT WANT,OUTCAST ASHAMED SOLDIER GROW SLOW COMPUTER COMPUTER CHILD MOVE DENSE BIG RULE RUN CHILD BUILD,0,1.2887,1.0000,0.9259,0.0544,0.7778,1.0000,1.0000,2.4310,1.1813
915,BROKEN FOOD,FORGET HEAR ROOM CITY SEE CHANCE ENCODE OPTIMAL GENERATE HORSE WOMAN EAT ERROR,0,1.3753,1.0000,1.0000,0.3763,1.0000,1.0000,1.0000,1.3144,1.1910
916,HOME,SEE CAT ENCODE UPDATE ASHAMED SEED TRUTH SPREAD SLOW TOOL ROAD FALL ENCODE HEAR,0,1.3109,1.0000,0.9259,0.1658,0.7778,1.0000,1.0000,0.5077,1.1970
917,TRAPPED LEADER GROW,DOG HEAR POISON ASHAMED PLAN,0,1.2877,1.0000,0.9524,0.0101,0.8571,1.0000,1.0000,0.9628,1.2015
918,CHAOTIC GUARD,FOLLOW CLEAN SYSTEM FAMOUS ACTIVE GENERATE,0,1.3797,1.0000,1.0000,0.3986,1.0000,1.0000,1.0000,1.3757,1.2105
919,SLOW CLOCK FAIL,FREE SIMPLE,0,1.4364,1.0000,0.9333,0.7821,1.0000,1.0000,0.8000,1.9525,1.2218
920,FAMOUS FOOD,LEADER COMPUTER,0,1.2307,1.0000,0.6667,0.1533,1.0000,0.0000,1.0000,0.0827,1.2222
921,MARKET,SPREAD DIRTY DENSE HEAR STRANGER OUTCAST SIMPLE POWER LEADER HELP LEADER DEAD FALL DIRTY SEE,0,1.3341,1.0000,1.0000,0.1707,1.0000,1.0000,1.0000,0.3116,1.2278
922,PLAN GROW,,1,0.2000,0.0000,0.6667,0.0000,1.0000,1.0000,0.0000,-7.6198,1.1764
923,MAN SEE MARKET TRADE FREE DIRTY,STRONG WOLF CONNECTED WOOD CORRUPTED SMALL FORGET,0,1.2568,1.0000,0.8116,0.0666,0.8571,0.8000,0.7778,1.5673,1.1804
924,VAST LEADER,CHANCE CHAOTIC DOG FAIL,0,1.2864,1.0000,0.9333,0.0319,0.8000,1.0000,1.0000,0.9194,1.1857
925,MOUNTAIN,UPDATE CAR,0,1.2542,1.0000,0.6667,0.2710,1.0000,1.0000,0.0000,0.2334,1.1891
926,WOMAN MOVE SENSOR HEAR MAP TALK,ROBOT FALL FALL,0,1.1787,1.0000,0.5714,0.0361,0.8571,0.8571,0.0000,-0.2467,1.1886
927,DORMANT CHILD,SPREAD MEMORY BOOK DIRTY,0,1.3530,1.0000,1.0000,0.2650,1.0000,1.0000,1.0000,1.3985,1.1968
928,PATTERN FAIL,ACTIVE PHONE,0,1.3283,1.0000,1.0000,0.1414,1.0000,1.0000,1.0000,0.7022,1.2034
929,CONNECTED MOUNTAIN,GUARD BREAK CITY NETWORK DIRTY ASHAMED BOOK FALL UPDATE OPTIMAL,0,1.2877,1.0000,0.9074,0.0772,0.8889,1.0000,0.8333,0.7232,1.2076
930,INSECT HEAR SAD OUTCAST LEADER HEAR,UPDATE PATTERN FALL,0,1.3267,1.0000,1.0000,0.1336,1.0000,1.0000,1.0000,1.6733,1.2136
931,SECRET STRANGER,CLOCK,0,1.2375,1.0000,0.6667,0.1875,1.0000,0.0000,1.0000,0.2181,1.2148
932,BOOK SPREAD,CAT TRAPPED GUARD SPREAD ROBOT SEE STONE,0,1.2583,1.0000,0.7917,0.1042,0.8750,0.5000,1.0000,0.2470,1.2170
933,WOOD BURN,,1,0.2000,0.0000,0.6667,0.0000,1.0000,1.0000,0.0000,-4.7479,1.1661
934,TOOL BURN,SEE MAN SIMPLE FREE ATTACK ISOLATED INSECT WOLF BREAK ATTACK CHILD MOVE LIE CAT MOVE,0,1.2934,1.0000,0.9048,0.1096,1.0000,0.7143,1.0000,0.6584,1.1725
935,DENSE ELDER ATTACK BRIDGE HEAR SOLDIER,,1,0.3000,0.0000,1.0000,0.0000,1.0000,1.0000,1.0000,-20.7605,1.1288
936,SENSOR MOVE MOUNTAIN FALL,,1,0.2000,0.0000,0.6667,0.0000,1.0000,1.0000,0.0000,-13.1645,1.0824
937,HOME,BORDER MOVE TRUST SECRET SIMPLE WEAPON SPREAD IDENTITY,0,1.2913,1.0000,0.9444,0.0397,0.8333,1.0000,1.0000,0.8531,1.0928
938,BOOK BURN,CHAOTIC SECRET FOOD SPREAD CAR TOOL MOVE CLOCK TALK MEMORY ELDER FAIL,0,1.2854,1.0000,0.9250,0.0395,0.9000,0.8750,1.0000,1.1422,1.1025
939,SOLDIER BURN,,1,0.2000,0.0000,0.6667,0.0000,1.0000,1.0000,0.0000,-6.0890,1.0574
940,ROOM,GROW LEADER TRUTH CORRUPTED CAR HEAR INSECT CLOCK HELP WEAK HELP SMALL ENGINE FAST ORDERED,0,1.3208,1.0000,1.0000,0.1040,1.0000,1.0000,1.0000,0.9791,1.0705
941,OUTCAST WOLF,ISOLATED CHOICE GROW MOVE ROAD SEE VAST ANGRY BETRAY SPREAD,0,1.2816,1.0000,0.8667,0.1079,1.0000,1.0000,0.6000,1.5200,1.0811
942,FOOD BURN,WEAPON,0,1.1687,1.0000,0.5556,0.0100,0.6667,1.0000,0.0000,0.3502,1.0855
943,BROKEN STRANGER,BURN,0,1.3307,1.0000,1.0000,0.1534,1.0000,1.0000,1.0000,1.8249,1.0977
944,INSECT HEAR SYSTEM GROW,CORRUPTED GROW CHAOTIC HELP BORDER,0,1.2876,1.0000,0.8222,0.2044,0.8000,0.6667,1.0000,2.2221,1.1072
945,GUARD SEE DOG MOVE SECRET COMPLEX,IDENTITY ROBOT TIME RULE STONE TALK DRONE HEAR ALGORITHM,0,1.2824,1.0000,0.8889,0.0787,1.0000,0.6667,1.0000,3.8536,1.1160
946,OBEDIENT DOG SEE REBELLIOUS COMPLEX GUARD,MARKET GENERATE CAMERA BIG PHONE ASK CHOOSE DORMANT ACTIVE BURN HAPPY,0,1.2779,1.0000,0.8796,0.0698,1.0000,0.8889,0.7500,2.5597,1.1241
947,LIE SPREAD,COMPLEX,0,1.3451,1.0000,1.0000,0.2253,1.0000,1.0000,1.0000,0.9861,1.1351
948,ROOM,BURN CALM CHILD BIRD CAT,0,1.3106,1.0000,1.0000,0.0532,1.0000,1.0000,1.0000,0.6399,1.1439
949,DOG EAT WOOD MOVE MAP WANT,DRONE ELDER OPTIMAL HEAVY HELP GROW STRANGER METAL ACTIVE OBEDIENT MEMORY PRISON FALL CAT STRANGER,0,1.2619,1.0000,0.8519,0.0316,0.6667,0.8889,1.0000,2.3079,1.1498
950,ROOM,TALK BURN ENGINE FALL WARN HEAR MOVE DOG HAPPY CALM MOUNTAIN,0,1.2976,1.0000,0.9524,0.0593,0.8571,1.0000,1.0000,0.5272,1.1572
951,STRANGER BUILD ROOM EAT FOOD HEAR,ERROR CHILD SMALL ROBOT FORGET ELDER GENERATE,0,1.2745,1.0000,0.8381,0.1154,0.8000,0.7143,1.0000,2.1099,1.1630
952,CORRUPTED DEBT,HEAR DRONE SYSTEM KEY BRIDGE OPTIMAL MOVE CALM WATER OUTCAST ENGINE BURN LEADER TALK FALL,0,1.3198,1.0000,0.8389,0.3408,0.9167,1.0000,0.6000,1.4038,1.1709
953,DIRTY STRANGER,MOVE DOG MOVE DULL BROKEN TRAPPED STRANGER MOVE STONE CORRUPTED,0,1.2425,1.0000,0.7556,0.0790,0.6000,1.0000,0.6667,0.5922,1.1745
954,MARKET,MOVE STRONG WEAK GROW CHANCE ROBOT HAPPY,0,1.3283,1.0000,1.0000,0.1417,1.0000,1.0000,1.0000,0.4199,1.1822
955,HOME,GROW DENSE ELDER,0,1.3289,1.0000,1.0000,0.1447,1.0000,1.0000,1.0000,0.5918,1.1895
956,SYSTEM SPREAD,HEAVY REBELLIOUS SLOW ROAD ALGORITHM PRISON LEADER OPTIMAL BURN CAMERA ERROR CAT ALGORITHM UPDATE,0,1.2865,1.0000,0.9030,0.0778,0.9091,0.8000,1.0000,0.4784,1.1943
957,MAN HELP HAPPY HAPPY CAT BUILD,CONNECTED RIVER SEED BREAK BROKEN NETWORK WATER HORSE CHANCE FALL COMPUTER CORRUPTED DRONE SLOW AUTOMATED,0,1.2765,1.0000,0.8552,0.0998,0.8571,0.8333,0.8750,1.4936,1.1985
958,PATTERN SPREAD,FALL DOG MAN,0,1.2692,1.0000,0.6667,0.3461,1.0000,1.0000,0.0000,0.3715,1.2020
959,VAST METAL,STRANGER FALL TALK,0,1.3222,1.0000,1.0000,0.1111,1.0000,1.0000,1.0000,1.0067,1.2080
960,MOUNTAIN,TRUST,0,1.2846,1.0000,0.6667,0.4231,1.0000,1.0000,0.0000,0.2613,1.2118
961,MAN BETRAY DORMANT HAPPY SOLDIER MOVE,SPREAD,0,1.3435,1.0000,1.0000,0.2174,1.0000,1.0000,1.0000,2.6270,1.2184
962,ROBOT SEE TOOL FALL,BURN BETRAY BURN STRANGER HEAR ACTIVE,0,1.2664,1.0000,0.8571,0.0461,1.0000,0.5714,1.0000,0.6748,1.2208
963,SYSTEM SPREAD,,1,0.2000,0.0000,0.6667,0.0000,1.0000,1.0000,0.0000,-4.9262,1.1698
964,ROAD,FALL HORSE FOREST,0,1.2002,1.0000,0.6000,0.1009,0.8000,1.0000,0.0000,0.1616,1.1713
965,CHOICE GROW,STRONG ANGRY SPREAD SPREAD,0,1.3037,1.0000,1.0000,0.0183,1.0000,1.0000,1.0000,0.9659,1.1779
966,ROOM,PHONE INSECT SENSOR SPREAD GROW WEAK BREAK METAL SEE CLEAN WOLF SEE DUST FAIL FALL,0,1.3256,1.0000,1.0000,0.1282,1.0000,1.0000,1.0000,0.4879,1.1853
967,BORDER SPREAD,SEE BREAK ISOLATED CROWD,0,1.3646,1.0000,1.0000,0.3232,1.0000,1.0000,1.0000,0.8403,1.1943
968,SAD CAT BURN,LEADER,0,1.3093,1.0000,0.8889,0.2131,0.6667,1.0000,1.0000,0.9473,1.2000
969,SIMPLE ENGINE MOVE CHAOTIC AUTOMATED CAR,ELDER DENSE FAST ACTIVE DENSE KEY HORSE BOOK BIG TRUST,0,1.2934,1.0000,0.9213,0.0850,0.8750,1.0000,0.8889,1.7044,1.2047
970,MARKET,MOVE GROW SEE SECRET HEAR NETWORK TALK FAST GROW CAMERA FALL,0,1.3298,1.0000,1.0000,0.1491,1.0000,1.0000,1.0000,0.3402,1.2109
971,CAMERA FAIL,PATTERN BROKEN MAN THINK SMALL ERROR NETWORK SPREAD,0,1.2762,1.0000,0.8917,0.0433,0.8750,0.8000,1.0000,0.4085,1.2142
972,AUTOMATED CAR HEAR DOG GENERATE ISOLATED,TRUSTED CHOICE MOVE KNOW CLEAN DOG KEY,0,1.2237,1.0000,0.6762,0.1042,0.5714,0.8571,0.6000,0.1812,1.2147
973,REBELLIOUS WOMAN,WOMAN WOLF ANGRY ENCODE RUN SEE CAMERA ENCODE,0,1.2958,1.0000,0.8667,0.1789,0.6000,1.0000,1.0000,0.5151,1.2187
974,MARKET,SIGNAL GROW CAR TIME WOLF,0,1.2143,1.0000,0.6667,0.0716,1.0000,1.0000,0.0000,-0.0119,1.2185
975,CHAOTIC KEY,GENERATE KNOW INSECT FEAR WEAPON SECRET ACTIVE BUILD SIMPLE GUARD,0,1.2876,1.0000,0.7714,0.2808,0.7143,1.0000,0.6000,0.6110,1.2220
976,METAL BURN,COMPUTER MAN WANT CROWD ISOLATED INSECT MEMORY DORMANT OUTCAST BUILD IMAGINE ORDERED FALL FALL ACTIVE,0,1.3131,1.0000,0.9524,0.1368,1.0000,0.8571,1.0000,0.4455,1.2265
977,FEAR SPREAD,,1,0.2000,0.0000,0.6667,0.0000,1.0000,1.0000,0.0000,-5.7930,1.1752
978,MOUNTAIN,FALL,0,1.2019,1.0000,0.6667,0.0097,1.0000,1.0000,0.0000,0.0907,1.1765
979,LIE SPREAD,,1,0.2000,0.0000,0.6667,0.0000,1.0000,1.0000,0.0000,-4.2957,1.1277
980,REBELLIOUS STRANGER,BIRD UPDATE BETRAY FALL MAN SMALL FORGET SIMPLE CLEAN ORDERED RIVER MOVE BROKEN STONE,0,1.3078,1.0000,0.8677,0.2375,0.7143,1.0000,0.8889,1.0064,1.1367
981,STRANGER FALL,FALL HEAVY TOOL KNOW LAW SECRET VAST ISOLATED ENCRYPTED CONNECTED KEY SOLDIER HEAR WEAK,0,1.2548,1.0000,0.7556,0.1405,0.6667,0.6000,1.0000,0.9412,1.1426
982,TOOL FALL,SPREAD MAP FALL STRONG DENSE CROWD STRONG ELDER SMALL LAW EAT MAP ANGRY CROWD,0,1.2735,1.0000,0.8190,0.1388,0.8571,0.6000,1.0000,0.8347,1.1492
983,MOUNTAIN,KEY SYSTEM DOG SPREAD,0,1.2401,1.0000,0.6667,0.2005,1.0000,1.0000,0.0000,0.3114,1.1537
984,MOUNTAIN,FALL WOMAN,0,1.2134,1.0000,0.6667,0.0668,1.0000,1.0000,0.0000,0.2037,1.1567
985,BOOK BURN,MAN BURN ROBOT WATER MAP COMPUTER,0,1.0819,1.0000,0.2500,0.0347,0.7500,0.0000,0.0000,-0.4290,1.1529
986,TOOL BURN,,1,0.2000,0.0000,0.6667,0.0000,1.0000,1.0000,0.0000,-4.5343,1.1053
987,MAN BURN,,1,0.2000,0.0000,0.6667,0.0000,1.0000,1.0000,0.0000,-6.4969,1.0600
988,CHANCE GROW,TRAPPED CHAOTIC STRONG MOUNTAIN ELDER,0,1.3405,1.0000,1.0000,0.2026,1.0000,1.0000,1.0000,2.0081,1.0741
989,TRAPPED GUARD SEE POISON BURN,LIE ENCODE STRANGER FREE CHILD SPREAD,0,1.1892,1.0000,0.5556,0.1127,0.6667,1.0000,0.0000,1.6625,1.0798
990,SLOW CHILD,HEAR DORMANT MAP DRONE SEE CHANCE GENERATE BIG ROAD BURN FALL GUARD,0,1.3115,1.0000,0.9333,0.1577,0.8000,1.0000,1.0000,1.9145,1.0914
991,MEMORY FAIL,BIG SHARP CHILD COMPLEX ROOM GROW SEED,0,1.3582,1.0000,1.0000,0.2910,1.0000,1.0000,1.0000,1.3467,1.1047
992,FAMOUS MARKET,TALK HEAR MOVE HAPPY CAT FALL SECRET KNOW,0,1.2941,1.0000,0.8333,0.2207,1.0000,1.0000,0.5000,1.5995,1.1142
993,CROWD BURN,BURN,0,1.1121,1.0000,0.3333,0.0605,1.0000,0.0000,0.0000,-0.0153,1.1141
994,OUTCAST BIRD,CAT FALL CHANCE FAIL FEAR HORSE FOOD WOMAN FALL,0,1.3218,1.0000,0.9167,0.2339,0.7500,1.0000,1.0000,1.5356,1.1245
995,BROKEN CROWD,,0,1.2000,1.0000,0.6667,0.0000,1.0000,0.0000,1.0000,0.5746,1.1283
996,PHONE FALL,,1,0.2000,0.0000,0.6667,0.0000,1.0000,1.0000,0.0000,-6.6486,1.0819
997,ROBOT COMPUTE CHAOTIC ORDERED MEMORY GENERATE,SENSOR,0,1.2917,1.0000,0.9333,0.0587,0.8000,1.0000,1.0000,2.8813,1.0923
998,LANGUAGE SPREAD,RUN FAIL SPREAD,0,1.1812,1.0000,0.5333,0.1059,1.0000,0.6000,0.0000,0.4768,1.0968
999,REBELLIOUS WOMAN,MOVE TALK CARRY GROW HEAVY FREE COMPUTER GROW CHILD ELDER,0,1.2245,1.0000,0.6667,0.1224,0.5000,1.0000,0.5000,0.7509,1.1032
1000,FEAR GROW,KEY,0,1.2039,1.0000,0.6667,0.0196,1.0000,1.0000,0.0000,0.6832,1.1082
