episode,prefix,completion,valid,reward,grammar_reward,tag_reward,axis_reward,noun_tag_dist,verb_tag_dist,adj_tag_dist,loss,baseline
1,ACTIVE FIRE SPREAD,SHARP TRADE STRANGER MOUNTAIN SMALL NETWORK UPDATE,0,1.2824,1.0000,0.9333,0.0122,1.0000,0.8000,1.0000,12.8325,0.0641
2,MOUNTAIN,GROW SOLDIER DORMANT LEADER BIRD CAT CROWD GUARD WEAPON FALL,0,1.3145,1.0000,1.0000,0.0727,1.0000,1.0000,1.0000,5.9549,0.1266
3,BIG POISON GROW,CORRUPTED CLEAN STRANGER DOG FALL,0,1.2934,1.0000,0.8889,0.1338,1.0000,0.6667,1.0000,12.5221,0.1850
4,WEAPON GROW,WANT COMPLEX LANGUAGE WEAK ROOM GROW SECRET FIRE,0,1.2455,1.0000,0.7857,0.0488,0.8571,0.5000,1.0000,6.8047,0.2380
5,ASHAMED MAN FALL,BETRAY MEMORY HEAR METAL FALL BIG CAR FALL,0,1.2794,1.0000,0.8889,0.0637,1.0000,0.6667,1.0000,9.6695,0.2901
6,WEAPON SPREAD,GUARD ENCRYPTED CAT FALL HEAR FAST MOVE CLEAN,0,1.3206,1.0000,1.0000,0.1028,1.0000,1.0000,1.0000,6.0858,0.3416
7,CHILD ATTACK INSECT ATTACK DIRTY TRUSTED,SAD RULE GUARD FORGET,0,1.2624,1.0000,0.8000,0.1122,0.6000,1.0000,0.8000,22.2013,0.3876
8,TIME GROW,BUILD CHOICE FALL HAPPY DOG BIRD FALL CAT BREAK ANGRY FALL STRONG ANGRY MAP,0,1.2903,1.0000,0.8857,0.1230,0.8571,0.8000,1.0000,5.5588,0.4328
9,CLEAN ROOM,BURN INSECT,0,1.3299,1.0000,1.0000,0.1495,1.0000,1.0000,1.0000,7.5031,0.4776
10,CHILD MOVE STRONG KEY FORGET VAST,CAR GENERATE DIRTY CORRUPTED THINK,0,1.2454,1.0000,0.7667,0.0768,0.8000,0.6667,0.8333,17.5090,0.5160
11,SIGNAL SPREAD,STONE,0,1.2885,1.0000,0.6667,0.4423,1.0000,1.0000,0.0000,4.5158,0.5546
12,DRONE HEAR FREE SIMPLE CHOICE HEAR,DORMANT SEED WEAPON ELDER FREE STRANGER CHANCE POISON DORMANT DENSE BURN WOLF FALL SLOW BIG,0,1.2683,1.0000,0.8283,0.0991,0.8182,1.0000,0.6667,14.4916,0.5903
13,ELDER SEE VAST WEAPON HEAR ROBOT,MEMORY,0,1.3457,1.0000,1.0000,0.2284,1.0000,1.0000,1.0000,18.5810,0.6281
14,INSECT SPREAD,SENSOR GROW,0,1.2221,1.0000,0.6667,0.1106,1.0000,1.0000,0.0000,3.4114,0.6578
15,CAR FAIL,DEAD MOVE SLOW STRANGER FAST CROWD BREAK SOLDIER HORSE,0,1.3476,1.0000,1.0000,0.2380,1.0000,1.0000,1.0000,4.6892,0.6923
16,TRUSTED CHOICE,DOG ORDERED ELDER ELDER METAL GROW,0,1.2982,1.0000,0.8889,0.1579,1.0000,1.0000,0.6667,4.9775,0.7226
17,WEAPON BURN,BORDER,0,1.2546,1.0000,0.6667,0.2732,1.0000,1.0000,0.0000,3.1488,0.7492
18,ACTIVE CAT BUILD SENSOR BREAK OBEDIENT,RUN HAPPY CORRUPTED ELDER SPREAD FALL,0,1.2741,1.0000,0.8778,0.0537,0.8000,0.8333,1.0000,10.5384,0.7754
19,TRUSTED RULE,PLAN ELDER WOLF IMAGINE VAST INSECT SPREAD BREAK ISOLATED ASK GROW,0,1.3014,1.0000,0.8778,0.1904,0.8333,1.0000,0.8000,4.2406,0.8017
20,GUARD SEE COMPUTER SEE KEY FALL,SENSOR,0,1.1711,1.0000,0.5333,0.0553,0.6000,1.0000,0.0000,7.5837,0.8202
21,BRIDGE,WOMAN BORDER ASHAMED MEMORY OUTCAST COMPUTER,0,1.2143,1.0000,0.6250,0.1340,0.8750,0.0000,1.0000,1.7876,0.8399
22,BIG CLOCK MOVE ROOM SEE ACTIVE,BREAK BIRD SECRET KEY FALL CHOICE TRUST SEE OUTCAST PATTERN,0,1.2472,1.0000,0.8201,0.0060,0.8889,0.5714,1.0000,8.5656,0.8603
23,TRUTH GROW,FALL OPTIMAL MOVE PHONE FAIL LEADER CHAOTIC TIME SEE,0,1.2798,1.0000,0.9107,0.0330,0.8571,0.8750,1.0000,2.5040,0.8812
24,ASHAMED WOMAN BREAK CLEAN CLEAN WOOD,ENGINE FAIL FALL,0,1.3061,1.0000,0.9333,0.1304,1.0000,0.8000,1.0000,7.9864,0.9025
25,ACTIVE CHOICE,HEAR HEAVY OBEDIENT HAPPY STRANGER SECRET DENSE FIRE FAIL WOLF,0,1.3267,1.0000,0.9630,0.1889,1.0000,1.0000,0.8889,3.2916,0.9237
26,CAR HEAR BIG SECRET CHILD,ROBOT MOVE CITY GUARD ENCRYPTED,0,1.2655,1.0000,0.8571,0.0417,0.5714,1.0000,1.0000,6.0253,0.9408
27,BIRD FORGET SLOW ORDERED SEED FORGET,,0,1.3000,1.0000,1.0000,0.0000,1.0000,1.0000,1.0000,7.1033,0.9587
28,CAR SEE ACTIVE SEED,,1,0.3000,0.0000,1.0000,0.0000,1.0000,1.0000,1.0000,-9.7265,0.9258
29,ALGORITHM FAIL,,1,0.2000,0.0000,0.6667,0.0000,1.0000,1.0000,0.0000,-4.3652,0.8895
30,INSECT HEAR POISON HEAR CROWD SPREAD,IMAGINE,0,1.2379,1.0000,0.6000,0.2895,1.0000,0.8000,0.0000,6.2708,0.9069
31,SIGNAL SPREAD,,1,0.2000,0.0000,0.6667,0.0000,1.0000,1.0000,0.0000,-4.0050,0.8716
32,DRONE GENERATE SIMPLE SIMPLE ERROR HEAR,CHOICE UPDATE DORMANT SAD CHILD CONNECTED REBELLIOUS,0,1.2762,1.0000,0.8440,0.1151,0.8571,0.8000,0.8750,6.8377,0.8918
33,MAN KNOW LAW KNOW WEAPON BURN,CROWD OUTCAST GROW VAST RIVER HEAR CONNECTED ORDERED GENERATE OPTIMAL,0,1.2569,1.0000,0.8333,0.0346,0.7500,0.7500,1.0000,8.7312,0.9101
34,RULE SPREAD,HEAVY ORDERED ALGORITHM BREAK TOOL SPREAD BREAK SAD,0,1.2673,1.0000,0.7667,0.1867,0.8000,0.5000,1.0000,1.9334,0.9279
35,WATER FALL,FALL,0,1.1000,1.0000,0.3333,0.0000,1.0000,0.0000,0.0000,0.9676,0.9365
36,FEAR,FALL GUARD LANGUAGE ORDERED ISOLATED,0,1.3136,1.0000,0.9333,0.1680,0.8000,1.0000,1.0000,1.8049,0.9554
37,SYSTEM SPREAD,BUILD TRAPPED CAR TALK BURN GUARD,0,1.3453,1.0000,1.0000,0.2263,1.0000,1.0000,1.0000,2.3894,0.9749
38,TRUSTED MAN,BIG ELDER,0,1.1023,1.0000,0.3333,0.0116,0.0000,0.0000,1.0000,0.9732,0.9813
39,PRISON,TOOL GUARD PROUD ISOLATED CONNECTED ELDER FALL,0,1.3322,1.0000,1.0000,0.1610,1.0000,1.0000,1.0000,1.6642,0.9988
40,RIVER,,0,1.1000,1.0000,0.3333,0.0000,1.0000,0.0000,0.0000,0.4889,1.0039
41,POISON FALL,DEAD TRAPPED,0,1.4091,1.0000,1.0000,0.5454,1.0000,1.0000,1.0000,2.5493,1.0241
42,SECRET PRISON,GROW ERROR FIRE TRAPPED DEAD FEAR LEADER BIRD CORRUPTED WEAK TRUST,0,1.3069,1.0000,0.9524,0.1059,1.0000,1.0000,0.8571,2.4803,1.0383
43,POWER,TRAPPED ENGINE,0,1.2901,1.0000,0.6667,0.4505,1.0000,0.0000,1.0000,1.2526,1.0509
44,SAD LEADER HEAR ORDERED FOOD BUILD,CLEAN DEAD NETWORK KEY CLOCK ASK FOLLOW,0,1.2804,1.0000,0.9048,0.0448,0.8571,1.0000,0.8571,4.7702,1.0623
45,PROUD ELDER,CAT SOLDIER AUTOMATED HAPPY MEMORY GUARD TRUST WARN FREE ELDER BREAK BUILD HAPPY GUARD BURN,0,1.2290,1.0000,0.7333,0.0451,0.6000,1.0000,0.6000,1.0588,1.0707
46,CAT,FALL SMALL RIVER UPDATE WEAPON,0,1.3189,1.0000,1.0000,0.0943,1.0000,1.0000,1.0000,1.1079,1.0831
47,LIE,AUTOMATED TOOL WOLF,0,1.2555,1.0000,0.6667,0.2775,1.0000,0.0000,1.0000,0.8428,1.0917
48,KEY SPREAD,DORMANT DULL ORDERED SIGNAL DOG BURN MOVE CLEAN FAST BREAK FIRE FOLLOW PLAN HEAR CAT,0,1.3007,1.0000,0.9583,0.0661,0.8750,1.0000,1.0000,1.2841,1.1021
49,SLOW ROBOT MOVE BIRD FALL,BUILD SPREAD CHOICE GROW VAST LIE MOVE CAT SEE LANGUAGE ORDERED SYSTEM,0,1.2683,1.0000,0.8426,0.0776,0.7500,0.7778,1.0000,2.7524,1.1105
50,CAR SEE SOLDIER SEE TRUSTED BIG,NETWORK FALL SPREAD HORSE RUN BRIDGE,0,1.2782,1.0000,0.9167,0.0159,0.7500,1.0000,1.0000,3.4890,1.1188
51,CAT CARRY ENGINE FOLLOW HEAVY BIRD,BURN CAMERA KEY BIG HAPPY CHILD DORMANT FOREST,0,1.2492,1.0000,0.8116,0.0284,0.7778,0.8000,0.8571,2.8936,1.1254
52,ASHAMED,GROW MAN,0,1.4475,1.0000,1.0000,0.7373,1.0000,1.0000,1.0000,1.3995,1.1415
53,MEMORY SPREAD,,1,0.2000,0.0000,0.6667,0.0000,1.0000,1.0000,0.0000,-5.5760,1.0944
54,SIGNAL GROW,MOVE WEAPON TRUST,0,1.2109,1.0000,0.6000,0.1543,1.0000,0.8000,0.0000,0.7037,1.1002
55,KEY SPREAD,,1,0.2000,0.0000,0.6667,0.0000,1.0000,1.0000,0.0000,-5.2891,1.0552
56,LEADER SEE CONNECTED CORRUPTED MAP MOVE,CARRY TRUSTED BOOK TRADE RUN ACTIVE SECRET,0,1.1743,1.0000,0.5714,0.0146,0.5000,0.7143,0.5000,2.5567,1.0612
57,WATER BURN,BURN ROOM BUILD SEE DRONE CONNECTED DOG WANT WEAPON HAPPY SEE TRUST BURN,0,1.2789,1.0000,0.8631,0.0998,0.8750,0.7143,1.0000,1.2562,1.0720
58,ACTIVE BIRD HEAR CHILD BURN,,1,0.3000,0.0000,1.0000,0.0000,1.0000,1.0000,1.0000,-12.4677,1.0334
59,HORSE BREAK CORRUPTED AUTOMATED,GROW METAL HEAR ORDERED DENSE BRIDGE HAPPY MOVE STRANGER DRONE BUILD CHANCE FALL KNOW ORDERED,0,1.2590,1.0000,0.8215,0.0626,0.9091,0.8889,0.6667,3.3667,1.0447
60,FAST CAT KNOW MAN ATTACK POISON,,1,0.3000,0.0000,1.0000,0.0000,1.0000,1.0000,1.0000,-16.9436,1.0075
61,WOLF EAT DIRTY STRONG,HEAR CALM ORDERED WOOD GENERATE CLOCK STONE COMPUTER WOLF SEE SLOW ELDER FAIL,0,1.2374,1.0000,0.7167,0.1118,0.7500,1.0000,0.4000,3.3270,1.0190
62,ENCRYPTED LEADER HEAR WATER SEE NETWORK,MEMORY VAST SENSOR,0,1.2968,1.0000,0.9630,0.0396,0.8889,1.0000,1.0000,6.1385,1.0329
63,ENGINE MOVE METAL MOVE CORRUPTED TRUSTED,CHILD MOVE KEY GENERATE HEAR SECRET ENCRYPTED SEE COMPLEX CAR DENSE UPDATE CLEAN DRONE INSECT,0,1.2165,1.0000,0.6310,0.1358,0.7500,0.7143,0.4286,3.7171,1.0421
64,TOOL GROW,,1,0.2000,0.0000,0.6667,0.0000,1.0000,1.0000,0.0000,-5.4332,0.9999
65,VAST FIRE GROW,COMPLEX TRAPPED HEAR OPTIMAL FAST INSECT TALK BURN,0,1.2936,1.0000,0.9524,0.0392,1.0000,0.8571,1.0000,3.0227,1.0146
66,BIRD HEAR SOLDIER ATTACK WEAPON KNOW,CLEAN WOMAN HELP ORDERED CLOCK GROW HORSE CLOCK,0,1.2220,1.0000,0.7361,0.0058,0.3333,0.8750,1.0000,4.4317,1.0250
67,CHILD WANT WOMAN EAT BIG SAD,MEMORY STRANGER BUILD BROKEN BIG LANGUAGE WEAPON IDENTITY,0,1.2416,1.0000,0.7389,0.0995,0.7500,0.8000,0.6667,4.4778,1.0358
68,CHILD ATTACK MOUNTAIN FORGET FAMOUS ANGRY,,0,1.3000,1.0000,1.0000,0.0000,1.0000,1.0000,1.0000,5.8733,1.0490
69,LEADER SEE MAN HEAR FAMOUS SMALL,SMALL HORSE MEMORY ENCODE FAIL HEAR ISOLATED SEE BORDER BIRD PATTERN LIE BURN DULL VAST,0,1.2361,1.0000,0.7202,0.0999,0.8750,0.7143,0.5714,3.9894,1.0584
70,WEAK BOOK,FALL ENGINE HEAR DOG WOMAN AUTOMATED BOOK,0,1.2991,1.0000,0.9048,0.1381,0.7143,1.0000,1.0000,2.1859,1.0704
71,OUTCAST KEY,OBEDIENT FALL,0,1.3320,1.0000,1.0000,0.1598,1.0000,1.0000,1.0000,2.0351,1.0835
72,DULL BIRD,HEAR ENGINE STRANGER FALL WATER VAST VAST POISON HEAR SLOW BROKEN FIRE BURN SYSTEM ORDERED,0,1.3053,1.0000,0.8833,0.2015,0.9000,1.0000,0.7500,1.9139,1.0946
73,ENGINE MOVE CHILD FALL,,1,0.2000,0.0000,0.6667,0.0000,1.0000,1.0000,0.0000,-11.2511,1.0499
74,SMALL WATER FALL,BUILD ACTIVE FALL DRONE ISOLATED LANGUAGE BURN INSECT FALL LEADER LEADER PRISON MOVE POWER,0,1.2968,1.0000,0.8667,0.1840,1.0000,0.6000,1.0000,2.1469,1.0622
75,CHOICE GROW,ASK CORRUPTED SAD RUN FORGET TRUTH STRONG SEE DULL CHILD SAD WOMAN SENSOR TALK,0,1.2853,1.0000,0.9107,0.0603,0.8571,0.8750,1.0000,1.1671,1.0734
76,BROKEN MAN,FAST SHARP CITY,0,1.2573,1.0000,0.6667,0.2865,1.0000,0.0000,1.0000,1.5187,1.0826
77,WEAPON BURN,,1,0.2000,0.0000,0.6667,0.0000,1.0000,1.0000,0.0000,-5.5041,1.0384
78,TRUTH SPREAD,,1,0.2000,0.0000,0.6667,0.0000,1.0000,1.0000,0.0000,-4.5247,0.9965
79,STONE,BUILD CLEAN HORSE ISOLATED FAST,0,1.3265,1.0000,1.0000,0.1326,1.0000,1.0000,1.0000,1.6681,1.0130
80,MEMORY FAIL,MAN BREAK WOOD,0,1.2947,1.0000,0.6667,0.4735,1.0000,1.0000,0.0000,1.7748,1.0271
81,BROKEN WOMAN,UPDATE COMPLEX HEAR PRISON DEBT IMAGINE,0,1.3762,1.0000,1.0000,0.3812,1.0000,1.0000,1.0000,2.9813,1.0445
82,WATER FALL,DEBT HEAR ORDERED THINK METAL FORGET ASHAMED,0,1.3059,1.0000,0.9333,0.1295,0.8000,1.0000,1.0000,1.3067,1.0576
83,PROUD STRANGER BUILD HEAVY FIRE HELP,CHILD,1,0.2535,0.0000,0.8333,0.0175,0.5000,1.0000,1.0000,-16.2701,1.0174
84,GUARD HEAR DEBT FALL,FAST ELDER FALL FIRE,0,1.2227,1.0000,0.7222,0.0304,0.6667,0.5000,1.0000,2.9300,1.0277
85,TRUSTED FEAR GROW,SEE CAR BUILD MARKET POISON SPREAD TALK ORDERED FIRE,0,1.2606,1.0000,0.8519,0.0250,1.0000,0.8889,0.6667,1.9771,1.0393
86,CITY,SOLDIER GUARD CAT DENSE RULE,0,1.2265,1.0000,0.6667,0.1324,1.0000,0.0000,1.0000,0.8975,1.0487
87,MAN BREAK SIMPLE ORDERED WEAPON THINK,WOMAN FALL,1,0.2314,0.0000,0.7667,0.0070,0.5000,0.8000,1.0000,-16.4308,1.0078
88,ELDER BUILD ISOLATED SHARP BOOK ASK,BOOK SPREAD ROBOT IDENTITY MEMORY SHARP ROOM ROAD HOME ERROR,0,1.2505,1.0000,0.7727,0.0936,0.8182,1.0000,0.5000,4.5996,1.0200
89,MEMORY GROW,,1,0.2000,0.0000,0.6667,0.0000,1.0000,1.0000,0.0000,-4.8259,0.9790
90,CORRUPTED TIME,FAIL CROWD STRANGER SENSOR SEE DORMANT SIGNAL GROW CORRUPTED PROUD RIVER FALL CROWD ERROR GROW,0,1.4080,1.0000,0.8519,0.7620,0.8889,1.0000,0.6667,3.5563,1.0004
91,INSECT GROW,,1,0.2000,0.0000,0.6667,0.0000,1.0000,1.0000,0.0000,-4.6129,0.9604
92,WEAK WEAPON,DRONE SPREAD CLEAN SENSOR UPDATE ROAD BURN AUTOMATED HEAR DRONE HEAR OBEDIENT MEMORY,0,1.2993,1.0000,0.9028,0.1422,0.8750,1.0000,0.8333,2.7655,0.9773
93,ELDER TALK,,1,0.2000,0.0000,0.6667,0.0000,1.0000,1.0000,0.0000,-6.0793,0.9385
94,PRISON,,0,1.1000,1.0000,0.3333,0.0000,1.0000,0.0000,0.0000,0.7144,0.9465
95,SOLDIER,,0,1.1000,1.0000,0.3333,0.0000,1.0000,0.0000,0.0000,0.7083,0.9542
96,SIMPLE LAW GROW,SLOW HEAR OUTCAST MOVE DENSE REBELLIOUS COMPUTER SYSTEM ELDER ELDER COMPLEX ASHAMED ROAD FOLLOW UPDATE,0,1.2721,1.0000,0.8593,0.0717,0.8889,0.8889,0.8000,2.8860,0.9701
97,ACTIVE DRONE,FALL WANT FAIL SECRET CHAOTIC STONE FALL SIMPLE WOLF MAP GROW SIMPLE DUST DOG FAIL,0,1.3290,1.0000,1.0000,0.1448,1.0000,1.0000,1.0000,2.9350,0.9880
98,FOREST,PLAN MOVE LIE FORGET ENCRYPTED HELP HORSE PLAN CAT CHOICE FAMOUS OBEDIENT OBEDIENT CHANCE FALL,0,1.3325,1.0000,1.0000,0.1624,1.0000,1.0000,1.0000,1.6902,1.0053
99,PROUD ELDER,SAD ELDER CAR FALL MAN IDENTITY CLOCK IDENTITY,0,1.2449,1.0000,0.7937,0.0338,0.7143,1.0000,0.6667,1.4373,1.0173
100,ORDERED WEAPON SPREAD,BURN,0,1.3392,1.0000,1.0000,0.1960,1.0000,1.0000,1.0000,3.2958,1.0333
101,RULE,SPREAD RUN,0,1.2381,1.0000,0.6667,0.1906,1.0000,1.0000,0.0000,0.9156,1.0436
102,AUTOMATED LANGUAGE,,0,1.2000,1.0000,0.6667,0.0000,1.0000,0.0000,1.0000,1.3279,1.0514
103,VAST FOOD,LEADER GROW,0,1.3243,1.0000,1.0000,0.1215,1.0000,1.0000,1.0000,2.4282,1.0651
104,CHILD SEE CAT SEE PRISON WANT,COMPLEX EAT ATTACK INSECT CLEAN HAPPY FOLLOW,0,1.2647,1.0000,0.8667,0.0236,0.6000,1.0000,1.0000,4.1243,1.0750
105,CAT ATTACK DENSE ENCRYPTED CAMERA FORGET,MAN DOG CORRUPTED WANT BOOK SPREAD CONNECTED FAMOUS ENGINE CONNECTED MEMORY SENSOR FAIL MAP HEAR,0,1.2255,1.0000,0.7185,0.0499,0.6000,0.8889,0.6667,3.1179,1.0826
106,CHANCE GROW,MOVE ISOLATED,0,1.3308,1.0000,0.8889,0.3205,1.0000,0.6667,1.0000,1.4796,1.0950
107,DULL BOOK SPREAD,FALL SYSTEM CHOOSE CITY,0,1.3056,1.0000,1.0000,0.0282,1.0000,1.0000,1.0000,2.0384,1.1055
108,SEED FALL,SEED,0,1.1022,1.0000,0.3333,0.0109,0.0000,1.0000,0.0000,-0.0219,1.1053
109,WEAK STRANGER SEE MAP HEAR POISON,,1,0.3000,0.0000,1.0000,0.0000,1.0000,1.0000,1.0000,-17.7324,1.0651
110,RIVER,WOLF BREAK STRANGER DUST SPREAD DULL HEAVY UPDATE HORSE CHAOTIC DULL SOLDIER,0,1.3148,1.0000,1.0000,0.0739,1.0000,1.0000,1.0000,1.0929,1.0776
111,CROWD FALL,,1,0.2000,0.0000,0.6667,0.0000,1.0000,1.0000,0.0000,-6.3346,1.0337
112,IDENTITY,SEE COMPLEX CHANCE,0,1.3164,1.0000,0.8889,0.2487,0.6667,1.0000,1.0000,1.4814,1.0478
113,SYSTEM FAIL,CHANCE TRUTH,0,1.2077,1.0000,0.5833,0.1637,0.7500,1.0000,0.0000,0.9280,1.0558
114,REBELLIOUS ELDER,SEED ORDERED FEAR SPREAD TOOL WOMAN HEAR,0,1.3095,1.0000,0.9048,0.1905,0.7143,1.0000,1.0000,1.8079,1.0685
115,WEAK HORSE SEE ELDER SEE ENCRYPTED,CALM ELDER CAR PLAN,0,1.2661,1.0000,0.8381,0.0735,0.7143,1.0000,0.8000,3.9048,1.0784
116,ALGORITHM SPREAD,,1,0.2000,0.0000,0.6667,0.0000,1.0000,1.0000,0.0000,-5.5695,1.0345
117,DEAD POISON,HEAR CHILD BURN,0,1.3868,1.0000,1.0000,0.4340,1.0000,1.0000,1.0000,3.0126,1.0521
118,NETWORK HEAR BIG TRUSTED CHILD SPREAD,,1,0.3000,0.0000,1.0000,0.0000,1.0000,1.0000,1.0000,-13.5026,1.0145
119,DIRTY MAN,WOMAN DULL WOOD SECRET,0,1.0902,1.0000,0.2778,0.0346,0.5000,0.0000,0.3333,0.6342,1.0183
120,OPTIMAL COMPUTER,FALL,0,1.3644,1.0000,1.0000,0.3220,1.0000,1.0000,1.0000,3.0666,1.0356
121,GUARD SEE WEAK HAPPY MAN HEAR,DEBT WEAPON CAMERA CLEAN ACTIVE HEAR HAPPY SPREAD HEAR PATTERN FAMOUS WOLF BRIDGE,0,1.2107,1.0000,0.6602,0.0632,0.9091,0.5000,0.5714,3.5079,1.0443
122,DENSE ELDER ASK BIRD MOVE ROOM,GENERATE CROWD TOOL WEAK LEADER GUARD HEAR IMAGINE TRADE ENCRYPTED WEAPON RULE,0,1.2811,1.0000,0.8926,0.0666,0.7778,0.9000,1.0000,5.2533,1.0562
123,CHANCE GROW,CLOCK TRAPPED CARRY PATTERN CALM DENSE DENSE DEBT WOLF SIGNAL THINK WOLF VAST TRUSTED RIVER,0,1.2799,1.0000,0.9030,0.0452,0.9091,0.8000,1.0000,1.2640,1.0674
124,MEMORY,PHONE,0,1.1144,1.0000,0.3333,0.0720,1.0000,0.0000,0.0000,0.2323,1.0697
125,PROUD WOMAN,MOVE OBEDIENT BURN UPDATE CHANCE GUARD CITY GROW,0,1.2960,1.0000,0.8889,0.1466,0.6667,1.0000,1.0000,1.3598,1.0810
126,SECRET CITY,WOLF BETRAY,0,1.3429,1.0000,1.0000,0.2143,1.0000,1.0000,1.0000,2.2237,1.0941
127,FIRE SPREAD,ELDER PLAN CROWD BETRAY SEE GUARD CORRUPTED SIMPLE CHOICE GROW,0,1.3185,1.0000,1.0000,0.0925,1.0000,1.0000,1.0000,1.4797,1.1053
128,KEY SPREAD,FORGET DORMANT CROWD HEAR DENSE HELP ELDER HEAR OUTCAST DRONE BIRD WANT RUN SIMPLE HOME,0,1.3117,1.0000,0.9583,0.1208,0.8750,1.0000,1.0000,1.3334,1.1156
129,DEBT GROW,,1,0.2000,0.0000,0.6667,0.0000,1.0000,1.0000,0.0000,-5.0588,1.0699
130,CHANCE SPREAD,PATTERN CAT UPDATE,0,1.1678,1.0000,0.4889,0.1058,0.8000,0.6667,0.0000,0.5579,1.0748
131,DORMANT WOLF FALL,,1,0.3000,0.0000,1.0000,0.0000,1.0000,1.0000,1.0000,-8.1365,1.0360
132,ASHAMED,HEAR ROBOT ENCODE,0,1.4263,1.0000,1.0000,0.6315,1.0000,1.0000,1.0000,1.7580,1.0555
133,ORDERED POWER,WANT SOLDIER MOVE ASK CAT ACTIVE LEADER SLOW ORDERED ENCRYPTED GROW SEE ERROR WOLF EAT,0,1.2800,1.0000,0.8333,0.1502,0.8333,1.0000,0.6667,1.8750,1.0668
134,DENSE GUARD,WOLF WOMAN SEE TRADE ATTACK STONE ELDER ATTACK CITY ELDER CALM TOOL SEE ELDER,0,1.2800,1.0000,0.9167,0.0252,0.7500,1.0000,1.0000,1.7288,1.0774
135,CHOICE SPREAD,GUARD FALL,0,1.2445,1.0000,0.6667,0.2224,1.0000,1.0000,0.0000,0.8640,1.0858
136,ISOLATED BIRD,OUTCAST DULL TRAPPED CHILD OUTCAST OBEDIENT CROWD WEAPON SENSOR POWER COMPLEX MAP,0,1.2016,1.0000,0.5344,0.2066,0.8889,0.0000,0.7143,0.9142,1.0916
137,STRONG HORSE,DRONE EAT WEAPON METAL BURN HEAR SLOW WARN RULE WATER,0,1.2733,1.0000,0.8889,0.0331,1.0000,1.0000,0.6667,1.5014,1.1007
138,WATER FALL,SIMPLE BROKEN,0,1.4000,1.0000,1.0000,0.5000,1.0000,1.0000,1.0000,1.4836,1.1156
139,SLOW ELDER FORGET OPTIMAL CORRUPTED SIGNAL,AUTOMATED FALL FALL FALL HELP CAT FAIL FEAR ENGINE BOOK SEE SAD DULL CLOCK SPREAD,0,1.1959,1.0000,0.6333,0.0297,0.8000,0.9000,0.2000,1.6447,1.1196
140,WOOD FALL,,1,0.2000,0.0000,0.6667,0.0000,1.0000,1.0000,0.0000,-5.3334,1.0737
141,VAST SOLDIER,CONNECTED DRONE NETWORK DUST UPDATE ELDER TRUST CORRUPTED PROUD DRONE VAST HELP SENSOR DRONE GUARD,0,1.2538,1.0000,0.8214,0.0367,0.7500,1.0000,0.7143,1.5269,1.0827
142,SOLDIER SEE POISON SEE WATER SPREAD,CARRY ERROR CLOCK SENSOR,0,1.2088,1.0000,0.6667,0.0438,1.0000,1.0000,0.0000,2.3383,1.0890
143,CORRUPTED MEMORY,HEAR CHILD FALL DENSE SAD BIG FOOD BURN ENGINE TRUTH STRANGER FOLLOW VAST HORSE IMAGINE,0,1.2733,1.0000,0.9111,0.0000,0.9000,1.0000,0.8333,1.5070,1.0982
144,LIE SPREAD,FREE KEY BURN AUTOMATED,0,1.3337,1.0000,1.0000,0.1684,1.0000,1.0000,1.0000,1.2538,1.1100
145,REBELLIOUS MAN,MOVE COMPLEX THINK COMPUTER SEE,0,1.3404,1.0000,1.0000,0.2022,1.0000,1.0000,1.0000,1.5349,1.1215
146,HAPPY CAT MOVE GUARD WANT DENSE,UPDATE PLAN COMPLEX BROKEN CLOCK FEAR,0,1.3435,1.0000,0.9524,0.2890,1.0000,1.0000,0.8571,4.9624,1.1326
147,DUST,CAT FAIL,0,1.2410,1.0000,0.6667,0.2051,1.0000,1.0000,0.0000,0.5808,1.1380
148,ROBOT SEE CROWD FALL,,1,0.2000,0.0000,0.6667,0.0000,1.0000,1.0000,0.0000,-13.0233,1.0911
149,NETWORK SPREAD,,1,0.2000,0.0000,0.6667,0.0000,1.0000,1.0000,0.0000,-5.3189,1.0466
150,NETWORK GROW,CHAOTIC OBEDIENT STRANGER FALL,0,1.3313,1.0000,0.8889,0.3232,1.0000,0.6667,1.0000,1.8276,1.0608
151,PLAN SPREAD,TRUSTED METAL SLOW CORRUPTED ASHAMED CALM COMPUTE GUARD LEADER,0,1.3008,1.0000,0.8889,0.1707,1.0000,0.6667,1.0000,1.5741,1.0728
152,SIGNAL GROW,,1,0.2000,0.0000,0.6667,0.0000,1.0000,1.0000,0.0000,-5.1135,1.0292
153,BOOK GROW,AUTOMATED TRUSTED BORDER GENERATE LEADER FALL STRONG MAN HEAR CROWD IMAGINE GUARD SPREAD BUILD HOME,0,1.3002,1.0000,0.9630,0.0568,1.0000,0.8889,1.0000,1.6616,1.0427
154,METAL BURN,PLAN ACTIVE FREE TRUSTED WEAPON BROKEN SENSOR HEAR STRONG HAPPY DOG HEAR SEED TRUSTED FREE,0,1.3283,1.0000,0.9630,0.1970,0.8889,1.0000,1.0000,1.7895,1.0570
155,SOLDIER SEE VAST NETWORK SPREAD,HEAR CITY FALL,0,1.2699,1.0000,0.8889,0.0162,1.0000,0.6667,1.0000,3.5143,1.0676
156,PROUD LEADER,FOOD HEAR COMPUTER SPREAD DRONE DOG HEAR GUARD FALL UPDATE INSECT SPREAD BUILD AUTOMATED WANT,0,1.2586,1.0000,0.8056,0.0849,0.7500,1.0000,0.6667,1.1617,1.0772
157,PRISON,BURN,0,1.2489,1.0000,0.6667,0.2443,1.0000,1.0000,0.0000,0.7237,1.0858
158,RULE SPREAD,HEAVY,0,1.3883,1.0000,1.0000,0.4415,1.0000,1.0000,1.0000,1.5026,1.1009
159,FOOD FALL,CHOICE,0,1.2824,1.0000,0.6667,0.4121,1.0000,1.0000,0.0000,1.0210,1.1100
160,PLAN UPDATE CAR FAIL,HOME WOOD BURN GROW BUILD LEADER,0,1.2391,1.0000,0.6667,0.1953,1.0000,1.0000,0.0000,1.5142,1.1164
161,BIG ROBOT COMPUTE ALGORITHM HEAR PROUD,,0,1.3000,1.0000,1.0000,0.0000,1.0000,1.0000,1.0000,3.7843,1.1256
162,DULL STONE,FALL BIRD CAR CAMERA SPREAD,0,1.3397,1.0000,1.0000,0.1984,1.0000,1.0000,1.0000,1.8336,1.1363
163,TRUSTED RULE,GROW,0,1.3724,1.0000,1.0000,0.3621,1.0000,1.0000,1.0000,1.8165,1.1481
164,METAL FALL,CAR ORDERED TRUTH ISOLATED CHOOSE ANGRY THINK CHOOSE WANT DRONE GENERATE ELDER,0,1.3591,1.0000,1.0000,0.2955,1.0000,1.0000,1.0000,1.2299,1.1587
165,LEADER FALL,COMPUTER ELDER FAIL GROW,0,1.1471,1.0000,0.4333,0.0855,0.5000,0.8000,0.0000,-0.0820,1.1581
166,FIRE SPREAD,,1,0.2000,0.0000,0.6667,0.0000,1.0000,1.0000,0.0000,-5.5476,1.1102
167,WATER FALL,SENSOR BIG ISOLATED PHONE,0,1.3356,1.0000,1.0000,0.1778,1.0000,1.0000,1.0000,1.0892,1.1214
168,FEAR GROW,ASHAMED MAN ROBOT,0,1.3129,1.0000,1.0000,0.0646,1.0000,1.0000,1.0000,1.0848,1.1310
169,REBELLIOUS MAN,HEAR SLOW FIRE CHAOTIC GROW COMPLEX KEY KNOW HAPPY,0,1.3383,1.0000,1.0000,0.1914,1.0000,1.0000,1.0000,1.3400,1.1414
170,ENGINE HEAR BORDER ENCODE CHANCE GENERATE,GROW HEAR CLEAN ORDERED IDENTITY CAMERA,0,1.2508,1.0000,0.8095,0.0399,0.7143,0.7143,1.0000,2.1755,1.1469
171,HORSE MOVE AUTOMATED DENSE CAR BREAK,DOG MOVE CAMERA,0,1.1769,1.0000,0.5778,0.0179,0.4000,0.3333,1.0000,0.5547,1.1484
172,VAST BORDER SPREAD,THINK HEAR ANGRY CONNECTED CITY MAN,0,1.3008,1.0000,0.9333,0.1038,0.8000,1.0000,1.0000,1.4535,1.1560
173,MAP FAIL,BURN CHOICE SEE HAPPY ANGRY DOG SIMPLE ERROR DULL DEAD HORSE,0,1.3349,1.0000,1.0000,0.1747,1.0000,1.0000,1.0000,1.1680,1.1649
174,REBELLIOUS MAN,GENERATE,0,1.4104,1.0000,1.0000,0.5520,1.0000,1.0000,1.0000,1.5445,1.1772
175,LIE SPREAD,WARN UPDATE ELDER DENSE SECRET PLAN,0,1.2844,1.0000,0.8667,0.1222,0.8000,0.8000,1.0000,0.5523,1.1826
176,WOMAN BUILD FOREST SEE BRIDGE MOVE,,0,1.2000,1.0000,0.6667,0.0000,1.0000,1.0000,0.0000,0.3877,1.1834
177,BORDER SPREAD,SPREAD ENCRYPTED ELDER CHOOSE FOREST CHILD GUARD BIG SMALL KEY HORSE UPDATE IDENTITY WOLF WEAK,0,1.2576,1.0000,0.7926,0.0993,0.7778,0.6000,1.0000,0.4263,1.1871
178,PROUD LEADER,FALL TRADE BIRD CAT WOLF,0,1.2757,1.0000,0.8889,0.0450,0.6667,1.0000,1.0000,0.5136,1.1916
179,WATER FALL,WEAPON,0,1.1762,1.0000,0.5556,0.0477,0.6667,1.0000,0.0000,-0.0696,1.1908
180,FOOD FALL,,1,0.2000,0.0000,0.6667,0.0000,1.0000,1.0000,0.0000,-5.1958,1.1413
181,CORRUPTED RULE,DRONE SEE FALL DIRTY BORDER HEAR COMPLEX CHAOTIC PRISON WOMAN GROW,0,1.3057,1.0000,0.7917,0.3408,0.8750,1.0000,0.5000,1.2276,1.1495
182,LIE SPREAD,WATER METAL TALK ELDER FALL UPDATE SHARP OBEDIENT,0,1.3229,1.0000,0.9524,0.1859,1.0000,0.8571,1.0000,0.8670,1.1582
183,FOOD BURN,OPTIMAL KNOW SAD,0,1.3470,1.0000,1.0000,0.2352,1.0000,1.0000,1.0000,1.0973,1.1676
184,HAPPY LEADER,WARN,0,1.3005,1.0000,1.0000,0.0026,1.0000,1.0000,1.0000,1.0074,1.1742
185,FAMOUS PRISON,HORSE SPREAD WOLF WOLF SPREAD,0,1.3188,1.0000,1.0000,0.0941,1.0000,1.0000,1.0000,1.1448,1.1815
186,HEAVY WATER,ERROR RUN ELDER,0,1.3402,1.0000,1.0000,0.2010,1.0000,1.0000,1.0000,1.2184,1.1894
187,DENSE MAN,BURN TRUST,0,1.3129,1.0000,1.0000,0.0646,1.0000,1.0000,1.0000,0.8887,1.1956
188,HORSE WANT RIVER HELP TRUSTED WEAPON,ISOLATED HELP FIRE HEAR IDENTITY,0,1.2019,1.0000,0.6519,0.0319,0.8889,0.4000,0.6667,0.1375,1.1959
189,DULL FIRE,FALL CAT,0,1.3026,1.0000,1.0000,0.0131,1.0000,1.0000,1.0000,0.8981,1.2012
190,DENSE CROWD,,0,1.2000,1.0000,0.6667,0.0000,1.0000,0.0000,1.0000,-0.0100,1.2012
191,PRISON,GROW SPREAD VAST DENSE WOMAN STRONG WANT CHOICE CLOCK IDENTITY GUARD MOVE SAD ALGORITHM DORMANT,0,1.3198,1.0000,1.0000,0.0992,1.0000,1.0000,1.0000,0.4809,1.2071
192,OPTIMAL SENSOR,HEAR TRUSTED FREE PLAN THINK BROKEN OPTIMAL,0,1.2988,1.0000,0.8889,0.1606,1.0000,1.0000,0.6667,0.7968,1.2117
193,STONE FALL,BUILD IMAGINE HEAR HEAVY CARRY STONE ACTIVE SIGNAL MOVE FREE ENGINE SECRET ENGINE,0,1.2794,1.0000,0.8413,0.1349,0.6667,0.8571,1.0000,0.3657,1.2151
194,WOMAN ASK CAT HEAR ELDER RUN,,1,0.2000,0.0000,0.6667,0.0000,1.0000,1.0000,0.0000,-22.3230,1.1643
195,FOREST,HEAR ENGINE IDENTITY STRONG DOG SIMPLE ROBOT,0,1.3242,1.0000,1.0000,0.1212,1.0000,1.0000,1.0000,0.7558,1.1723
196,CAR SEE CLOCK HEAR LIE FALL,CAT DUST HELP GROW CLOCK,0,1.1664,1.0000,0.5450,0.0145,0.7778,0.8571,0.0000,-0.1143,1.1720
197,RULE SPREAD,,1,0.2000,0.0000,0.6667,0.0000,1.0000,1.0000,0.0000,-4.4064,1.1234
198,DENSE ELDER FORGET TRUSTED DIRTY WEAPON,FEAR BORDER DULL CARRY REBELLIOUS ENCRYPTED WEAPON COMPUTER CALM LIE COMPLEX ENCODE GROW CLOCK PATTERN,0,1.2776,1.0000,0.8394,0.1289,0.8182,1.0000,0.7000,3.0885,1.1311
199,SENSOR SEE ENGINE HEAR INSECT FAIL,OBEDIENT CHOICE ELDER BRIDGE ASK GROW HEAVY SEED KEY BIG DENSE CLEAN CHANCE WEAPON,0,1.3005,1.0000,0.9487,0.0795,0.8462,1.0000,1.0000,3.4744,1.1396
200,ANGRY MAN,KEY MOVE SIMPLE CHOICE CLEAN POWER FREE OBEDIENT DRONE DULL FEAR MOVE BRIDGE,0,1.3174,1.0000,0.9524,0.1584,1.0000,1.0000,0.8571,1.1805,1.1485
201,FAMOUS MEMORY,SPREAD,0,1.3077,1.0000,1.0000,0.0383,1.0000,1.0000,1.0000,1.2872,1.1564
202,CAT BURN,FALL SECRET TIME ORDERED VAST BREAK CORRUPTED CROWD WOLF STRANGER MOVE WEAK FIRE COMPLEX SAD,0,1.2236,1.0000,0.7381,0.0110,0.7143,0.5000,1.0000,0.5241,1.1598
203,STRONG ROBOT BUILD OPTIMAL CONNECTED KEY,AUTOMATED INSECT,0,1.2544,1.0000,0.8333,0.0220,1.0000,1.0000,0.5000,1.6950,1.1645
204,BIG WEAPON BURN,COMPUTER GUARD FAIL BIRD ELDER UPDATE CALM ISOLATED PHONE GROW HEAR SMALL SLOW CLEAN RIVER,0,1.2872,1.0000,0.8750,0.1237,0.8750,0.8750,0.8750,1.2707,1.1707
205,LIE SPREAD,,1,0.2000,0.0000,0.6667,0.0000,1.0000,1.0000,0.0000,-4.5610,1.1221
206,ELDER TRUST ENCRYPTED IDENTITY HELP MAN,,1,0.3000,0.0000,1.0000,0.0000,1.0000,1.0000,1.0000,-18.7037,1.0810
207,OUTCAST KEY,MARKET FALL DOG ORDERED TIME HEAR DRONE COMPUTE FORGET COMPUTER,0,1.3446,1.0000,0.9667,0.2729,0.9000,1.0000,1.0000,2.0038,1.0942
208,HEAVY GUARD,RULE OBEDIENT BREAK SECRET PHONE,0,1.3178,1.0000,1.0000,0.0891,1.0000,1.0000,1.0000,1.8343,1.1054
209,HORSE BURN,HEAVY DUST SPREAD DOG SOLDIER TALK SHARP GROW COMPUTE COMPUTE STONE,0,1.2679,1.0000,0.8472,0.0688,0.6667,0.8750,1.0000,1.2325,1.1135
210,DULL MAN,POISON WEAPON DOG HEAR,0,1.3101,1.0000,0.9444,0.1340,0.8333,1.0000,1.0000,1.4783,1.1233
211,TOOL BURN,MAN BETRAY,0,1.2661,1.0000,0.6667,0.3307,1.0000,1.0000,0.0000,0.9777,1.1305
212,STONE FALL,ELDER GROW MOVE ELDER BURN BIG POISON ELDER SOLDIER WOMAN CHILD WANT ELDER REBELLIOUS DEAD,0,1.2890,1.0000,0.8857,0.1164,0.8000,0.8571,1.0000,0.8463,1.1384
213,LEADER HEAR CHOICE FALL,SHARP SEED FALL,0,1.2818,1.0000,0.8333,0.1592,1.0000,0.5000,1.0000,1.8623,1.1456
214,STRONG CAT EAT VAST SAD,FIRE OBEDIENT HAPPY CAR BREAK DRONE CAT,0,1.2166,1.0000,0.6944,0.0413,0.6667,0.6667,0.7500,1.1341,1.1491
215,SLOW NETWORK SPREAD,BREAK STRANGER,0,1.3768,1.0000,1.0000,0.3840,1.0000,1.0000,1.0000,1.9973,1.1605
216,WEAK CHILD FALL,CHAOTIC HOME HEAR LANGUAGE OPTIMAL DOG SEE COMPUTER CLOCK CITY LEADER CROWD CARRY TRUTH UPDATE,0,1.2667,1.0000,0.8084,0.1209,0.8182,0.8571,0.7500,1.0712,1.1658
217,RULE GROW,SECRET CAR DEBT COMPUTE BOOK PATTERN,0,1.2738,1.0000,0.9048,0.0118,0.7143,1.0000,1.0000,0.5711,1.1712
218,WATER BURN,DULL,0,1.4789,1.0000,1.0000,0.8947,1.0000,1.0000,1.0000,1.5164,1.1866
219,RULE SPREAD,BIRD LIE TRUSTED HEAR CROWD BREAK KNOW BIG SENSOR FORGET BURN KEY BETRAY LEADER STRANGER,0,1.3256,1.0000,0.9630,0.1837,0.8889,1.0000,1.0000,0.6623,1.1936
220,SAD ELDER TALK,BETRAY WEAK SMALL RULE SPREAD MOVE FAST INSECT RUN,0,1.2560,1.0000,0.8361,0.0261,0.8000,0.8750,0.8333,0.6735,1.1967
221,PLAN FAIL,SEE SMALL FEAR BIRD,0,1.3358,1.0000,0.9333,0.2788,0.8000,1.0000,1.0000,0.8354,1.2036
222,TIME GROW,GROW,0,1.1122,1.0000,0.3333,0.0608,1.0000,0.0000,0.0000,-0.5947,1.1991
223,FAMOUS ROAD,FALL OPTIMAL SOLDIER BURN PHONE BROKEN SIMPLE GENERATE OUTCAST HEAR MARKET SEE FEAR DORMANT ORDERED,0,1.2751,1.0000,0.8056,0.1672,0.7500,1.0000,0.6667,0.6860,1.2029
224,BIG SENSOR UPDATE PLAN COMPUTE ALGORITHM,PHONE SEED FAIL GROW UPDATE SHARP STRONG SPREAD,0,1.2502,1.0000,0.8095,0.0365,0.7143,0.7143,1.0000,0.9114,1.2052
225,SMALL WATER BURN,SECRET SOLDIER BUILD INSECT FAIL,0,1.3132,1.0000,0.9333,0.1660,1.0000,0.8000,1.0000,0.9175,1.2106
226,ANGRY MAN,BOOK BREAK LEADER STONE DORMANT OPTIMAL HEAR SMALL HAPPY BREAK ENCODE FALL MOVE FREE DORMANT,0,1.2700,1.0000,0.8296,0.1054,0.6000,1.0000,0.8889,0.3729,1.2136
227,FREE FIRE FALL,KEY FAIL DEBT MOVE TRUTH SPREAD,0,1.3161,1.0000,0.8889,0.2473,0.8333,0.8333,1.0000,1.0822,1.2187
228,ELDER FORGET FEAR ASK DENSE DULL,SIMPLE SENSOR GROW,0,1.3118,1.0000,0.9333,0.1591,1.0000,1.0000,0.8000,1.8432,1.2234
229,CHOICE GROW,,1,0.2000,0.0000,0.6667,0.0000,1.0000,1.0000,0.0000,-5.5411,1.1722
230,FAMOUS WOMAN,BURN COMPUTE TRUTH DRONE HELP SPREAD,0,1.3286,1.0000,1.0000,0.1432,1.0000,1.0000,1.0000,1.2431,1.1800
231,HAPPY CHILD TALK,,1,0.3000,0.0000,1.0000,0.0000,1.0000,1.0000,1.0000,-9.1459,1.1360
232,MOUNTAIN,WEAPON BURN HEAR LEADER BURN INSECT FOLLOW COMPLEX MAN DEBT GROW FALL TRUST BUILD,0,1.3230,1.0000,1.0000,0.1148,1.0000,1.0000,1.0000,0.8915,1.1454
233,CHAOTIC ROOM,MOVE,0,1.3493,1.0000,1.0000,0.2465,1.0000,1.0000,1.0000,2.0393,1.1556
234,PRISON,GUARD WANT NETWORK,0,1.2170,1.0000,0.6667,0.0850,1.0000,1.0000,0.0000,0.2410,1.1586
235,HORSE BURN,,1,0.2000,0.0000,0.6667,0.0000,1.0000,1.0000,0.0000,-6.7337,1.1107
236,CONNECTED PRISON,RULE,0,1.2035,1.0000,0.6667,0.0176,1.0000,0.0000,1.0000,0.7388,1.1154
237,WOMAN FALL,SIMPLE POISON,0,1.3118,1.0000,1.0000,0.0589,1.0000,1.0000,1.0000,1.5374,1.1252
238,VAST PATTERN FAIL,CAMERA HEAR FREE,0,1.3352,1.0000,1.0000,0.1759,1.0000,1.0000,1.0000,2.0551,1.1357
239,SHARP CAT BURN,FALL MOVE EAT,0,1.2825,1.0000,0.9333,0.0126,1.0000,0.8000,1.0000,1.6832,1.1430
240,FOOD FALL,SOLDIER,0,1.2235,1.0000,0.6667,0.1174,1.0000,1.0000,0.0000,0.4516,1.1470
241,ALGORITHM FAIL,WOLF,0,1.2831,1.0000,0.6667,0.4155,1.0000,1.0000,0.0000,0.7352,1.1538
242,ROAD,TRADE SPREAD WOLF GUARD DOG CAT,0,1.2113,1.0000,0.6667,0.0566,1.0000,1.0000,0.0000,0.3083,1.1567
243,HEAVY CROWD,BREAK SHARP BOOK ERROR DRONE SEE OBEDIENT SEE HAPPY CALM BUILD TOOL HOME BURN BURN,0,1.3092,1.0000,1.0000,0.0462,1.0000,1.0000,1.0000,1.2564,1.1643
244,ISOLATED BOOK FALL,OPTIMAL HELP CALM DULL SIMPLE COMPUTER CARRY ACTIVE ALGORITHM DORMANT PATTERN CAMERA GENERATE,0,1.3120,1.0000,0.9107,0.1939,1.0000,0.8571,0.8750,1.5127,1.1717
245,SIGNAL SPREAD,,1,0.2000,0.0000,0.6667,0.0000,1.0000,1.0000,0.0000,-5.6825,1.1231
246,FREE STRANGER,GROW CHILD TALK DULL ERROR BIRD VAST ISOLATED HORSE MOVE DUST BIG RULE DRONE TIME,0,1.3052,1.0000,0.9394,0.1171,0.8182,1.0000,1.0000,1.5625,1.1322
247,CONNECTED SOLDIER FALL,,1,0.3000,0.0000,1.0000,0.0000,1.0000,1.0000,1.0000,-8.5285,1.0906
248,FAST CHILD BUILD WEAPON TALK,ELDER CHAOTIC TRUSTED MEMORY,0,1.2616,1.0000,0.8222,0.0749,0.6667,1.0000,0.8000,3.2463,1.0992
249,NETWORK,ALGORITHM TRUSTED FAMOUS ACTIVE BURN HORSE FAIL,0,1.2831,1.0000,0.9333,0.0155,0.8000,1.0000,1.0000,0.8883,1.1084
250,HOME,TALK HEAR WOLF CHANCE ISOLATED BIG MEMORY,0,1.3226,1.0000,1.0000,0.1132,1.0000,1.0000,1.0000,1.1621,1.1191
251,ALGORITHM FAIL,CLEAN SOLDIER INSECT,0,1.3564,1.0000,1.0000,0.2818,1.0000,1.0000,1.0000,1.1808,1.1310
252,MEMORY GROW,WOMAN,0,1.2450,1.0000,0.6667,0.2249,1.0000,1.0000,0.0000,0.7249,1.1367
253,OUTCAST GUARD,DORMANT CHAOTIC COMPUTER BREAK WARN BURN PHONE STRANGER MOVE SAD ELDER,0,1.2618,1.0000,0.7778,0.1425,0.5000,1.0000,0.8333,1.0323,1.1429
254,TRUTH,OPTIMAL CITY WANT WOLF MAP CAT FAIL WEAPON,0,1.3344,1.0000,1.0000,0.1722,1.0000,1.0000,1.0000,0.9141,1.1525
255,HOME,GROW BIRD SOLDIER STRANGER SEE RULE CAT SPREAD FIRE FOOD BUILD CAT SPREAD,0,1.2262,1.0000,0.6667,0.1308,1.0000,1.0000,0.0000,0.2668,1.1562
256,BIG SEED GROW,HELP DULL ACTIVE WEAPON DOG RUN GROW,0,1.2535,1.0000,0.8000,0.0677,0.8000,0.6000,1.0000,1.0544,1.1610
257,ERROR,HEAR ELDER,0,1.2775,1.0000,0.6667,0.3875,1.0000,1.0000,0.0000,0.4736,1.1669
258,HEAVY WOMAN,WEAK FOLLOW,0,1.3298,1.0000,1.0000,0.1489,1.0000,1.0000,1.0000,1.3967,1.1750
259,SYSTEM,FAIL TRUSTED ANGRY SEE BURN SPREAD ROBOT WANT STRANGER STRONG BREAK PRISON CAT SPREAD,0,1.3393,1.0000,1.0000,0.1967,1.0000,1.0000,1.0000,0.7872,1.1832
260,MAN HELP CALM DORMANT STRANGER WARN,,0,1.3000,1.0000,1.0000,0.0000,1.0000,1.0000,1.0000,2.2057,1.1891
261,FREE CHILD BURN,TRUST DUST LEADER,0,1.2659,1.0000,0.8333,0.0794,0.5000,1.0000,1.0000,0.8766,1.1929
262,CHAOTIC RULE,CLOCK FOREST FREE HEAR RIVER ELDER SEE ATTACK SLOW DIRTY DORMANT SECRET METAL FALL,0,1.3629,1.0000,0.9524,0.3858,1.0000,1.0000,0.8571,1.5181,1.2014
263,CLOCK,ENGINE,0,1.0035,1.0000,0.0000,0.0176,0.0000,0.0000,0.0000,-0.8169,1.1915
264,DUST,BURN ERROR DOG FALL,0,1.2156,1.0000,0.6667,0.0782,1.0000,1.0000,0.0000,0.1109,1.1927
265,HORSE ATTACK METAL RUN,OUTCAST STRONG HEAR REBELLIOUS,0,1.3580,1.0000,1.0000,0.2898,1.0000,1.0000,1.0000,2.4448,1.2010
266,FREE STRANGER,COMPLEX OPTIMAL BURN CAT BURN DRONE ROAD TRUST COMPUTE FALL FAIL FALL FAIL SECRET,0,1.3307,1.0000,0.9524,0.2247,0.8571,1.0000,1.0000,0.9193,1.2075
267,FAST PLAN UPDATE SLOW DORMANT,WOLF PROUD BURN,0,1.3425,1.0000,0.9444,0.2959,1.0000,1.0000,0.8333,2.1382,1.2142
268,REBELLIOUS ELDER,PLAN SLOW FREE WOMAN WEAPON BURN CHOOSE ROBOT SPREAD SPREAD IMAGINE DRONE,0,1.2554,1.0000,0.7500,0.1521,0.7500,1.0000,0.5000,0.2880,1.2163
269,COMPLEX TOOL GROW,,1,0.3000,0.0000,1.0000,0.0000,1.0000,1.0000,1.0000,-8.4829,1.1705
270,ENGINE ENCODE TRUTH HEAR ASHAMED TRUSTED,CALM HOME CAT,0,1.2768,1.0000,0.8333,0.1339,1.0000,1.0000,0.5000,2.2515,1.1758
271,GUARD BUILD STRONG SIMPLE BOOK FALL,WOLF EAT,0,1.2559,1.0000,0.8500,0.0044,0.8000,0.7500,1.0000,1.4560,1.1798
272,DEBT SPREAD,VAST SHARP HAPPY SEE ENCODE,0,1.3067,1.0000,0.9333,0.1334,1.0000,0.8000,1.0000,0.6950,1.1861
273,STRANGER BREAK VAST WEAPON BURN,MOVE ORDERED BORDER BREAK LEADER SPREAD SEE FOOD,0,1.2436,1.0000,0.7619,0.0751,0.5714,0.7143,1.0000,0.9205,1.1890
274,FREE MAN,MOUNTAIN FALL CARRY GROW,0,1.3330,1.0000,1.0000,0.1648,1.0000,1.0000,1.0000,1.0294,1.1962
275,HORSE EAT SLOW SAD WOLF CARRY,CROWD THINK LANGUAGE SAD ENCODE FALL MAN,0,1.2183,1.0000,0.6694,0.0875,0.8000,0.8750,0.3333,0.3733,1.1973
276,CORRUPTED BOOK,PRISON,0,1.2804,1.0000,0.6667,0.4022,1.0000,0.0000,1.0000,0.6743,1.2015
277,ROAD,GROW BOOK,0,1.2069,1.0000,0.6667,0.0343,1.0000,1.0000,0.0000,0.0264,1.2017
278,WEAPON SPREAD,,1,0.2000,0.0000,0.6667,0.0000,1.0000,1.0000,0.0000,-6.0087,1.1516
279,ROOM,RUN GROW,0,1.2371,1.0000,0.6667,0.1857,1.0000,1.0000,0.0000,0.3769,1.1559
280,LAW GROW,ROBOT RUN HEAR BIRD KEY,0,1.2012,1.0000,0.6000,0.1059,1.0000,0.8000,0.0000,0.2684,1.1582
281,ACTIVE CROWD HEAR ROBOT BUILD SECRET,CROWD CLOCK COMPUTER FAST,0,1.2229,1.0000,0.7333,0.0145,0.2000,1.0000,1.0000,1.3354,1.1614
282,SMALL ROBOT UPDATE SIGNAL ENCODE DEBT,FALL SEE GUARD MEMORY CROWD,0,1.3088,1.0000,0.9048,0.1866,0.7143,1.0000,1.0000,2.7745,1.1688
283,SLOW PLAN SPREAD,CHOOSE ASHAMED HORSE FEAR HORSE ROBOT BUILD FREE HAPPY,0,1.3104,1.0000,0.8968,0.2067,0.8571,1.0000,0.8333,1.2743,1.1759
284,ALGORITHM,FALL CHOOSE SEED BRIDGE,0,1.2746,1.0000,0.6667,0.3732,1.0000,1.0000,0.0000,0.4077,1.1808
285,STRONG WEAPON FALL,FREE SYSTEM,0,1.3775,1.0000,1.0000,0.3875,1.0000,1.0000,1.0000,1.8284,1.1906
286,TRUTH GROW,MAP FAMOUS GROW,0,1.2018,1.0000,0.6667,0.0090,1.0000,0.0000,1.0000,0.0616,1.1912
287,HORSE FALL,GROW ORDERED BURN HEAR,0,1.2990,1.0000,0.9444,0.0784,1.0000,0.8333,1.0000,0.7755,1.1966
288,OUTCAST GUARD,SLOW GROW WOOD,0,1.2865,1.0000,0.8889,0.0991,1.0000,1.0000,0.6667,0.6843,1.2011
289,CHANCE SPREAD,GROW OBEDIENT HEAR MOVE MARKET INSECT WOLF ROAD LEADER FORGET BIG WEAPON SMALL SHARP CHAOTIC,0,1.3298,1.0000,1.0000,0.1489,1.0000,1.0000,1.0000,0.6996,1.2075
290,INSECT SPREAD,DIRTY DEBT OUTCAST,0,1.3811,1.0000,1.0000,0.4055,1.0000,1.0000,1.0000,0.9846,1.2162
291,LIE GROW,HEAR,0,1.2071,1.0000,0.6667,0.0357,1.0000,1.0000,0.0000,-0.0515,1.2157
292,SENSOR SEE SENSOR UPDATE ENCRYPTED CLEAN,INSECT HEAR GUARD HEAR CHILD SLOW FAIL TALK,0,1.2543,1.0000,0.7738,0.1107,1.0000,0.5714,0.7500,0.8347,1.2177
293,ERROR FAIL,GROW HEAR COMPUTE GROW HEAR SOLDIER,0,1.2241,1.0000,0.6190,0.1919,1.0000,0.8571,0.0000,0.0360,1.2180
294,VAST NETWORK FALL,PLAN,0,1.3305,1.0000,1.0000,0.1526,1.0000,1.0000,1.0000,1.0825,1.2236
295,BIRD MOVE CONNECTED DORMANT STRANGER FORGET,GENERATE BURN BURN MAN ELDER RUN CONNECTED ISOLATED THINK GUARD DORMANT CONNECTED BORDER TRADE CAT,0,1.1353,1.0000,0.4333,0.0266,0.4000,0.7000,0.2000,-1.7323,1.2192
296,SOLDIER BUILD STRONG SMALL FOOD GROW,,1,0.3000,0.0000,1.0000,0.0000,1.0000,1.0000,1.0000,-17.4660,1.1732
297,OBEDIENT MAN TALK,CAT SOLDIER RULE SAD,0,1.2688,1.0000,0.8667,0.0439,0.6000,1.0000,1.0000,1.0202,1.1780
298,FOOD FALL,LEADER ENCODE RUN DENSE CARRY HEAVY WEAPON HEAR FIRE,0,1.2688,1.0000,0.8492,0.0703,0.8333,0.7143,1.0000,0.4748,1.1826
299,HAPPY CROWD,CAR,0,1.2246,1.0000,0.6667,0.1229,1.0000,0.0000,1.0000,0.3032,1.1847
300,ASHAMED STRANGER,TOOL WEAPON,0,1.2438,1.0000,0.6667,0.2188,1.0000,0.0000,1.0000,0.4076,1.1876
301,DRONE FAIL,SECRET CARRY,0,1.3450,1.0000,1.0000,0.2251,1.0000,1.0000,1.0000,1.0140,1.1955
302,POISON FAIL,PLAN WOOD FORGET FALL CROWD RUN,0,1.2221,1.0000,0.6190,0.1822,0.8571,1.0000,0.0000,0.1573,1.1968
303,RULE,WOLF STRONG MOVE SEE WEAK METAL SYSTEM FALL SIMPLE CAR FORGET CAMERA STONE METAL,0,1.3535,1.0000,0.9667,0.3177,0.9000,1.0000,1.0000,0.6854,1.2047
304,BROKEN MAN,HEAR ASK KEY DORMANT SECRET CALM MARKET WOMAN SEE OUTCAST SIMPLE FREE SEE SLOW,0,1.2652,1.0000,0.8148,0.1039,0.6667,1.0000,0.7778,0.4787,1.2077
305,PRISON,,0,1.1000,1.0000,0.3333,0.0000,1.0000,0.0000,0.0000,-0.4441,1.2023
306,SLOW MAN,BURN GROW FALL CHAOTIC WEAK CHAOTIC SOLDIER,0,1.1550,1.0000,0.4444,0.1083,0.0000,1.0000,0.3333,-0.3277,1.1999
307,BIRD HEAR POISON FALL,,1,0.2000,0.0000,0.6667,0.0000,1.0000,1.0000,0.0000,-14.0294,1.1499
308,BOOK SPREAD,ENCRYPTED ELDER,0,1.3218,1.0000,1.0000,0.1090,1.0000,1.0000,1.0000,1.0089,1.1585
309,MAN MOVE SMALL STONE BREAK DEAD,CALM FIRE DORMANT ROAD MOVE BROKEN WATER WOLF ENGINE SPREAD,0,1.2252,1.0000,0.6949,0.0837,0.8182,0.6000,0.6667,1.5403,1.1619
310,CITY,,0,1.1000,1.0000,0.3333,0.0000,1.0000,0.0000,0.0000,-0.3103,1.1588
311,ALGORITHM FAIL,FIRE FOLLOW PRISON,0,1.2415,1.0000,0.6667,0.2073,1.0000,1.0000,0.0000,0.3920,1.1629
312,PLAN FAIL,FIRE WOMAN FOREST SIMPLE RULE BIG FORGET MOVE FAST,0,1.3470,1.0000,0.9630,0.2906,0.8889,1.0000,1.0000,0.9904,1.1721
313,MAN FORGET HAPPY CLEAN BIRD TRADE,SEE MAP BIRD CROWD CAT TRAPPED MAP SEE BIRD MOVE LAW,0,1.2517,1.0000,0.8095,0.0443,0.5714,0.8571,1.0000,1.4176,1.1761
314,BORDER GROW,WANT WEAK WOMAN OBEDIENT CLEAN ROBOT ENCRYPTED BORDER GUARD REBELLIOUS BIG RUN BRIDGE MOVE,0,1.2661,1.0000,0.8492,0.0565,0.7143,0.8333,1.0000,0.5345,1.1806
315,SHARP CAR UPDATE ENCRYPTED SIMPLE TIME,ORDERED CARRY CONNECTED MEMORY MOVE DRONE BURN CAT,0,1.2395,1.0000,0.7460,0.0786,0.5714,1.0000,0.6667,1.2150,1.1835
316,LAW SPREAD,MOVE KEY BURN SLOW WOMAN DORMANT ALGORITHM FOLLOW ENGINE,0,1.3281,1.0000,0.9583,0.2028,0.8750,1.0000,1.0000,0.7618,1.1908
317,DIRTY PRISON,SIMPLE SAD VAST DOG FAIL WATER MEMORY HEAVY DENSE REBELLIOUS AUTOMATED CAT MOUNTAIN LIE EAT,0,1.3128,1.0000,0.9333,0.1641,0.9000,1.0000,0.9000,0.9690,1.1969
318,ROBOT BREAK DENSE FIRE FALL,FALL FALL PRISON SMALL DOG UPDATE GUARD FALL,0,1.2345,1.0000,0.7556,0.0394,1.0000,0.6000,0.6667,0.5709,1.1987
319,LIE SPREAD,SPREAD,0,1.1023,1.0000,0.3333,0.0116,1.0000,0.0000,0.0000,-0.5000,1.1939
320,NETWORK HEAR HEAVY TRUSTED KEY SPREAD,SPREAD OPTIMAL CAR SIGNAL,0,1.2211,1.0000,0.7111,0.0390,0.8333,0.5000,0.8000,0.4424,1.1953
321,CORRUPTED PLAN,HEAR OBEDIENT LAW UPDATE CLEAN HELP FALL,0,1.3454,1.0000,0.8889,0.3939,0.6667,1.0000,1.0000,1.1686,1.2028
322,ACTIVE CAT FALL,ELDER WARN,0,1.2913,1.0000,0.8889,0.1232,0.6667,1.0000,1.0000,0.8567,1.2072
323,DRONE FALL,BIRD,0,1.2287,1.0000,0.6667,0.1435,1.0000,1.0000,0.0000,0.1440,1.2083
324,LEADER MOVE DRONE SEE ANGRY TRAPPED,CLEAN SENSOR GUARD WARN PRISON,0,1.2692,1.0000,0.8571,0.0605,0.5714,1.0000,1.0000,1.3665,1.2113
325,ALGORITHM SPREAD,LIE DULL,0,1.3373,1.0000,0.8889,0.3530,0.6667,1.0000,1.0000,0.6848,1.2176
326,FEAR GROW,FALL GROW GENERATE,0,1.1694,1.0000,0.5333,0.0469,1.0000,0.6000,0.0000,-0.2910,1.2152
327,MOUNTAIN,POISON,0,1.1161,1.0000,0.3333,0.0807,1.0000,0.0000,0.0000,-0.4573,1.2103
328,HAPPY CROWD,CHAOTIC WANT MOUNTAIN,0,1.3408,1.0000,1.0000,0.2040,1.0000,1.0000,1.0000,0.9130,1.2168
329,VAST LIE SPREAD,SPREAD,0,1.2040,1.0000,0.6667,0.0200,1.0000,0.0000,1.0000,-0.1113,1.2162
330,MOUNTAIN,WOOD CROWD IDENTITY FOREST SPREAD CROWD,0,1.2010,1.0000,0.5833,0.1298,0.7500,1.0000,0.0000,-0.0714,1.2154
331,PROUD STRANGER TALK,ROBOT,0,1.3326,1.0000,1.0000,0.1629,1.0000,1.0000,1.0000,1.0933,1.2213
332,WATER FALL,SOLDIER TRAPPED THINK SECRET TRUSTED FORGET HEAR MOUNTAIN COMPUTER ENGINE RUN TRADE FORGET GROW,0,1.3008,1.0000,0.9167,0.1288,1.0000,0.7500,1.0000,0.3958,1.2252
333,DEAD KEY,SLOW SEE WOMAN FAST SAD CAT BURN SLOW CLEAN CITY,0,1.3864,1.0000,1.0000,0.4322,1.0000,1.0000,1.0000,1.2776,1.2333
334,HORSE FOLLOW SLOW FAMOUS INSECT FORGET,,0,1.3000,1.0000,1.0000,0.0000,1.0000,1.0000,1.0000,1.1645,1.2366
335,SIMPLE NETWORK HEAR BROKEN ORDERED STRANGER,AUTOMATED SMALL LANGUAGE CAR TOOL HEAR ORDERED SYSTEM DRONE,0,1.1654,1.0000,0.4881,0.0947,0.7500,0.0000,0.7143,-1.4611,1.2331
336,MAN ASK BIRD EAT SLOW BIG,HORSE MOVE,0,1.2202,1.0000,0.7111,0.0344,0.3333,0.8000,1.0000,-0.2573,1.2324
337,CLOCK GENERATE ISOLATED CONNECTED,GUARD BIG DORMANT DOG FALL OPTIMAL CAR,0,1.3123,1.0000,0.9028,0.2076,0.8333,1.0000,0.8750,1.0744,1.2364
338,CLEAN PRISON,BRIDGE FEAR LEADER,0,1.2101,1.0000,0.6190,0.1219,0.8571,0.0000,1.0000,-0.2028,1.2351
339,MAP FAIL,SEE WOMAN ELDER SECRET CROWD SEE PROUD MEMORY FALL SEE PATTERN GUARD,0,1.3331,1.0000,1.0000,0.1656,1.0000,1.0000,1.0000,0.5858,1.2400
340,SMALL FOOD BURN,GENERATE INSECT COMPUTER CHOOSE FAIL,0,1.3580,1.0000,1.0000,0.2899,1.0000,1.0000,1.0000,1.0906,1.2459
341,ROBOT BUILD HEAVY CORRUPTED PHONE ENCODE,,0,1.3000,1.0000,1.0000,0.0000,1.0000,1.0000,1.0000,0.9262,1.2486
342,CORRUPTED WEAPON,GUARD HEAR FAIL BROKEN SOLDIER CHANCE,0,1.3897,1.0000,1.0000,0.4485,1.0000,1.0000,1.0000,1.0663,1.2557
343,CORRUPTED ROBOT,WOMAN SEE SAD BIRD LEADER,0,1.2922,1.0000,0.8889,0.1279,1.0000,1.0000,0.6667,0.2746,1.2575
344,MAP FALL,PLAN WARN ACTIVE FALL TALK BURN ROBOT BURN LAW LAW SLOW FALL MOVE,0,1.2784,1.0000,0.8889,0.0586,1.0000,0.6667,1.0000,0.1377,1.2585
345,WEAK MAN TALK,LEADER MARKET CITY GUARD TRUSTED ROAD SEE CORRUPTED FREE TRUTH THINK,0,1.2576,1.0000,0.8413,0.0259,0.6667,1.0000,0.8571,-0.0102,1.2585
346,DORMANT SENSOR,STRANGER,0,1.2676,1.0000,0.6667,0.3378,1.0000,0.0000,1.0000,0.0798,1.2589
347,CHANCE SPREAD,FOREST GENERATE,0,1.1960,1.0000,0.5556,0.1466,1.0000,0.6667,0.0000,-0.3215,1.2558
348,MAN BURN,,1,0.2000,0.0000,0.6667,0.0000,1.0000,1.0000,0.0000,-7.5823,1.2030
349,SIMPLE ELDER,TRUST SEE CARRY ROBOT WOMAN SEE BROKEN ENCODE FAST SYSTEM,0,1.2976,1.0000,0.8889,0.1544,0.6667,1.0000,1.0000,0.8265,1.2077
350,FIRE SPREAD,INSECT KNOW SOLDIER HORSE FALL BUILD ELDER STRONG DRONE CHAOTIC ROOM,0,1.3145,1.0000,1.0000,0.0727,1.0000,1.0000,1.0000,0.6182,1.2131
351,DEAD WEAPON,SEE ATTACK DULL,0,1.4161,1.0000,1.0000,0.5806,1.0000,1.0000,1.0000,1.4848,1.2232
352,ERROR FAIL,SEE INSECT HEAR SHARP ALGORITHM FAIL FALL DORMANT COMPLEX BROKEN VAST HAPPY HEAR ATTACK ELDER,0,1.3088,1.0000,0.8611,0.2523,0.8333,0.7500,1.0000,0.4825,1.2275
353,PLAN GROW,SAD,0,1.4436,1.0000,1.0000,0.7182,1.0000,1.0000,1.0000,1.4259,1.2383
354,BROKEN FOOD,CLOCK WOMAN BREAK ENGINE,0,1.3591,1.0000,1.0000,0.2953,1.0000,1.0000,1.0000,1.0008,1.2443
355,OUTCAST SOLDIER,GROW CHANCE HELP FALL DORMANT WEAK ENGINE COMPUTER TRADE ROOM,0,1.3208,1.0000,0.9333,0.2039,1.0000,1.0000,0.8000,0.6219,1.2482
356,INSECT GROW,BURN,0,1.1773,1.0000,0.5556,0.0534,1.0000,0.6667,0.0000,-0.4348,1.2446
357,TRUSTED SOLDIER BURN,,1,0.3000,0.0000,1.0000,0.0000,1.0000,1.0000,1.0000,-10.0094,1.1974
358,TOOL BURN,ANGRY,0,1.4000,1.0000,1.0000,0.5000,1.0000,1.0000,1.0000,1.3192,1.2075
359,RULE,FAMOUS HORSE GROW,0,1.3468,1.0000,1.0000,0.2339,1.0000,1.0000,1.0000,0.5940,1.2145
360,SENSOR FALL,SPREAD SPREAD BETRAY SENSOR TOOL,0,1.1577,1.0000,0.4444,0.1216,0.3333,1.0000,0.0000,-0.3783,1.2116
361,HAPPY CROWD,INSECT FAIL FALL BOOK OUTCAST,0,1.3351,1.0000,0.9333,0.2755,0.8000,1.0000,1.0000,0.8120,1.2178
362,BIRD ATTACK SLOW TRUSTED INSECT ATTACK,CALM OUTCAST GUARD ORDERED BIG PATTERN CARRY WOMAN GUARD BIRD HEAR OPTIMAL CAT BURN CLOCK,0,1.2458,1.0000,0.7798,0.0591,0.7143,1.0000,0.6250,0.5438,1.2192
363,WEAPON GROW,GUARD FALL MEMORY LIE ROBOT SEE STONE SIMPLE ROAD SPREAD,0,1.2737,1.0000,0.8918,0.0311,0.8182,0.8571,1.0000,0.3373,1.2219
364,SIGNAL FAIL,,1,0.2000,0.0000,0.6667,0.0000,1.0000,1.0000,0.0000,-5.4315,1.1708
365,DRONE COMPUTE CORRUPTED SYSTEM FAIL,FALL GENERATE BUILD HEAVY TOOL CHILD MOVE TRUST BIG FREE FREE ELDER BURN SEE DORMANT,0,1.3274,1.0000,0.9221,0.2538,0.8571,0.9091,1.0000,1.9256,1.1787
366,CHANCE SPREAD,,1,0.2000,0.0000,0.6667,0.0000,1.0000,1.0000,0.0000,-5.1844,1.1297
367,ROBOT BUILD SLOW DORMANT GUARD FALL,TRADE ROAD MOVE STONE,0,1.2860,1.0000,0.9444,0.0132,1.0000,0.8333,1.0000,2.7327,1.1376
368,POWER GROW,DIRTY,0,1.4783,1.0000,1.0000,0.8917,1.0000,1.0000,1.0000,2.1134,1.1546
369,HEAVY STONE,DOG SIMPLE BIG BIRD SENSOR ROAD FOLLOW METAL METAL MOUNTAIN GROW TRUST BURN THINK STRANGER,0,1.2746,1.0000,0.8667,0.0729,0.8000,1.0000,0.8000,0.9224,1.1606
370,REBELLIOUS STRANGER,GUARD GROW FALL COMPUTER CAMERA CONNECTED HELP METAL BIRD,0,1.3257,1.0000,0.9048,0.2712,0.7143,1.0000,1.0000,1.0878,1.1688
371,PRISON,SIGNAL FALL PLAN SPREAD TOOL FALL GROW BROKEN PLAN ANGRY UPDATE SIGNAL FEAR CLOCK MOVE,0,1.3047,1.0000,1.0000,0.0236,1.0000,1.0000,1.0000,0.5724,1.1756
372,SYSTEM SPREAD,,1,0.2000,0.0000,0.6667,0.0000,1.0000,1.0000,0.0000,-6.4307,1.1269
373,HEAVY TOOL BURN,,1,0.3000,0.0000,1.0000,0.0000,1.0000,1.0000,1.0000,-7.5596,1.0855
374,COMPUTER FAIL,BROKEN ISOLATED WEAPON BROKEN PHONE ELDER BOOK COMPUTER COMPUTE SIMPLE HEAR IDENTITY BOOK WARN,0,1.2854,1.0000,0.8690,0.1235,0.7500,0.8571,1.0000,1.2559,1.0955
375,RULE SPREAD,HAPPY SECRET SPREAD BUILD GUARD,0,1.2779,1.0000,0.8333,0.1393,1.0000,0.5000,1.0000,0.8497,1.1046
376,ASHAMED ELDER FORGET SEED BUILD DIRTY,LEADER WOMAN BETRAY,0,1.2688,1.0000,0.8333,0.0942,0.5000,1.0000,1.0000,3.3043,1.1128
377,OPTIMAL ALGORITHM,ROBOT SPREAD SPREAD HEAR GROW COMPUTE HELP COMPUTER HELP INSECT SPREAD MEMORY NETWORK ASK FALL,0,1.3079,1.0000,0.9167,0.1646,0.7500,1.0000,1.0000,1.4427,1.1226
378,SIMPLE POWER,SPREAD PHONE CAMERA BROKEN PLAN STRONG MAP,0,1.3197,1.0000,0.9524,0.1701,0.8571,1.0000,1.0000,1.6827,1.1324
379,RIVER,TOOL BURN,0,1.2088,1.0000,0.6667,0.0439,1.0000,1.0000,0.0000,0.3511,1.1363
380,DIRTY WEAPON FALL,TRAPPED ENGINE UPDATE AUTOMATED FAST WEAK FAMOUS ELDER,0,1.3148,1.0000,0.8381,0.3171,0.8000,1.0000,0.7143,1.4580,1.1452
381,GUARD SEE WOMAN BURN,GROW THINK HAPPY,0,1.2705,1.0000,0.8889,0.0191,1.0000,0.6667,1.0000,1.7351,1.1515
382,ISOLATED BRIDGE,BREAK SOLDIER DEBT TOOL SPREAD RUN TALK FAST TRAPPED ACTIVE,0,1.3226,1.0000,1.0000,0.1130,1.0000,1.0000,1.0000,1.4278,1.1600
383,CAR HEAR FIRE FAIL,ASHAMED FALL,0,1.3726,1.0000,1.0000,0.3631,1.0000,1.0000,1.0000,2.5855,1.1706
384,ROBOT UPDATE ERROR ENCODE VAST CORRUPTED,PATTERN SAD FALL,0,1.2873,1.0000,0.8667,0.1363,0.8000,1.0000,0.8000,2.0942,1.1765
385,ROBOT BUILD ROOM FALL,CROWD DIRTY SOLDIER EAT MOVE ANGRY FALL STRANGER SEE DEBT SEE HELP MAN WOMAN FALL,0,1.2827,1.0000,0.9259,0.0244,1.0000,0.7778,1.0000,1.2537,1.1818
386,PLAN FAIL,WANT DENSE NETWORK FALL FALL,0,1.3611,1.0000,1.0000,0.3055,1.0000,1.0000,1.0000,0.8700,1.1907
387,DULL BOOK GROW,RIVER CORRUPTED CAR CAR,0,1.2810,1.0000,0.8889,0.0717,1.0000,1.0000,0.6667,0.8271,1.1953
388,SHARP BOOK SPREAD,EAT,0,1.3424,1.0000,1.0000,0.2120,1.0000,1.0000,1.0000,1.3955,1.2026
389,DIRTY CHILD,WOLF ANGRY ERROR,0,1.1960,1.0000,0.4889,0.2465,0.8000,0.0000,0.6667,-0.0551,1.2023
390,WOMAN TRUST CHOICE FOLLOW FEAR ASK,LEADER,0,1.1619,1.0000,0.5333,0.0096,0.6000,1.0000,0.0000,-0.9575,1.2003
391,ASHAMED STRANGER,ATTACK CLEAN REBELLIOUS SEE OPTIMAL ELDER BURN HORSE WOLF,0,1.2708,1.0000,0.7778,0.1873,0.3333,1.0000,1.0000,0.4687,1.2038
392,FOOD FALL,CAT WOMAN,0,1.2184,1.0000,0.6667,0.0919,1.0000,1.0000,0.0000,0.0713,1.2045
393,KEY FAIL,HEAR OPTIMAL PATTERN INSECT FALL MOUNTAIN LIE TRAPPED SLOW BROKEN FAMOUS WOMAN GENERATE,0,1.3058,1.0000,0.9524,0.1003,1.0000,0.8571,1.0000,0.5376,1.2096
394,FOREST,FALL DOG TIME MEMORY HEAVY ELDER GENERATE RIVER CHAOTIC ATTACK ANGRY MEMORY BURN DUST BURN,0,1.2927,1.0000,0.9333,0.0635,0.8000,1.0000,1.0000,0.4101,1.2137
395,DORMANT GUARD HEAR CONNECTED CORRUPTED BORDER,WANT ALGORITHM FALL FOLLOW HEAR SECRET SECRET DOG HEAR TOOL FALL WATER ENCRYPTED CALM WANT,0,1.2050,1.0000,0.6402,0.0646,0.7778,0.7143,0.4286,-0.1869,1.2133
396,CHILD RUN,OBEDIENT FALL ROBOT ASK FALL,0,1.2624,1.0000,0.8333,0.0621,1.0000,0.5000,1.0000,0.3924,1.2158
397,ALGORITHM FAIL,SMALL DENSE CALM THINK HEAVY FAST SEE PRISON DUST BREAK CALM ACTIVE DIRTY SMALL CLOCK,0,1.3491,1.0000,1.0000,0.2457,1.0000,1.0000,1.0000,0.5793,1.2224
398,HOME,HEAVY FAIL FALL MAN ENCODE DULL HAPPY FALL CHANCE WOMAN,0,1.3263,1.0000,1.0000,0.1314,1.0000,1.0000,1.0000,0.5379,1.2276
399,PROUD ELDER,PHONE PHONE,0,1.2226,1.0000,0.6667,0.1128,1.0000,0.0000,1.0000,-0.0304,1.2274
400,LIE SPREAD,UPDATE CAT AUTOMATED HEAR METAL ROAD MAP GROW BUILD CLEAN BREAK OBEDIENT CHANCE,0,1.3136,1.0000,0.9296,0.1735,0.9000,0.8889,1.0000,0.4868,1.2317
401,CLEAN ROOM,WOLF RUN FALL SEE FOLLOW BIRD,0,1.3248,1.0000,1.0000,0.1241,1.0000,1.0000,1.0000,0.7379,1.2363
402,DRONE FAIL,SENSOR ELDER BURN HEAR HEAVY CAT SOLDIER DULL STONE SIMPLE HELP DIRTY CORRUPTED CHAOTIC WEAPON,0,1.3520,1.0000,0.9583,0.3227,0.8750,1.0000,1.0000,0.6539,1.2421
403,RULE SPREAD,FORGET STRANGER FOREST,0,1.2641,1.0000,0.6667,0.3207,1.0000,1.0000,0.0000,0.1025,1.2432
404,ROOM,WANT TRUTH ENCRYPTED,0,1.3329,1.0000,1.0000,0.1646,1.0000,1.0000,1.0000,0.3736,1.2477
405,CHILD,TRADE SPREAD,0,1.2343,1.0000,0.6667,0.1714,1.0000,1.0000,0.0000,-0.0650,1.2470
406,VAST HORSE,CAT ORDERED CLOCK NETWORK GROW SAD BREAK DENSE MOVE DORMANT ELDER BIRD VAST PRISON,0,1.2615,1.0000,0.8426,0.0435,0.7500,1.0000,0.7778,0.1219,1.2478
407,LANGUAGE SPREAD,BREAK OPTIMAL FALL BUILD UPDATE SLOW DENSE MOVE NETWORK WOLF GROW CHILD SYSTEM ELDER GENERATE,0,1.2928,1.0000,0.8677,0.1626,0.7143,0.8889,1.0000,0.2651,1.2500
408,BIRD KNOW KEY HEAR FOOD FORGET,TRADE LANGUAGE,0,1.2269,1.0000,0.6667,0.1343,1.0000,1.0000,0.0000,-0.4915,1.2489
409,VAST CROWD,GROW BURN ELDER,0,1.2077,1.0000,0.6667,0.0383,0.0000,1.0000,1.0000,-0.3367,1.2468
410,LIE GROW,SPREAD MOUNTAIN LEADER MAP,0,1.2020,1.0000,0.6667,0.0098,1.0000,1.0000,0.0000,-0.2615,1.2446
411,PROUD STRANGER FORGET HAPPY WEAK WOMAN,BIRD FOLLOW PROUD GROW HEAR MAP,0,1.2216,1.0000,0.7190,0.0294,0.8000,0.8571,0.5000,-0.4081,1.2434
412,BROKEN WATER,CAT SEE OBEDIENT,0,1.3144,1.0000,0.8889,0.2386,1.0000,1.0000,0.6667,0.5760,1.2470
413,ASHAMED WOLF HEAR TRAPPED HORSE FORGET,,0,1.3000,1.0000,1.0000,0.0000,1.0000,1.0000,1.0000,1.1586,1.2496
414,BOOK BURN,,1,0.2000,0.0000,0.6667,0.0000,1.0000,1.0000,0.0000,-6.1921,1.1971
415,CHILD EAT SMALL STONE KNOW SIGNAL,FALL ELDER ERROR BRIDGE BIRD SOLDIER DULL CALM NETWORK FALL TRUSTED WEAPON LEADER FORGET CAT,0,1.1965,1.0000,0.6485,0.0100,0.5455,0.4000,1.0000,-0.0124,1.1971
416,PROUD STRANGER BREAK BROKEN CORRUPTED COMPUTER,ORDERED HELP ROBOT ORDERED COMPLEX FORGET CHAOTIC PHONE,0,1.2399,1.0000,0.7000,0.1497,0.6000,1.0000,0.5000,0.6746,1.1992
417,FAMOUS ROOM,SEE SLOW CAMERA TIME BROKEN WOOD,0,1.3380,1.0000,1.0000,0.1901,1.0000,1.0000,1.0000,1.0378,1.2062
418,RIVER,TRADE,0,1.2527,1.0000,0.6667,0.2633,1.0000,1.0000,0.0000,0.2051,1.2085
419,DENSE CAR FALL,FAIL REBELLIOUS OPTIMAL KEY MAN,0,1.3086,1.0000,0.9333,0.1430,0.8000,1.0000,1.0000,0.9216,1.2135
420,BIG CROWD FORGET SAD COMPLEX ELDER,BIG SAD TRAPPED PHONE RUN,0,1.2629,1.0000,0.8333,0.0644,1.0000,1.0000,0.5000,0.9505,1.2160
421,FAMOUS FOOD,GROW,0,1.3555,1.0000,1.0000,0.2776,1.0000,1.0000,1.0000,1.1025,1.2230
422,DORMANT ENGINE,NETWORK TRUTH,0,1.2378,1.0000,0.6000,0.2891,0.8000,0.0000,1.0000,0.1319,1.2237
423,ROOM,COMPUTER,0,1.1454,1.0000,0.3333,0.2272,1.0000,0.0000,0.0000,-0.2998,1.2198
424,BIG PRISON,SPREAD,0,1.3055,1.0000,1.0000,0.0277,1.0000,1.0000,1.0000,0.6811,1.2241
425,MAN FALL,TIME CORRUPTED CAR HEAR SECRET COMPLEX CROWD SEE ISOLATED MOUNTAIN,0,1.2870,1.0000,0.9167,0.0601,0.7500,1.0000,1.0000,0.4602,1.2272
426,DRONE UPDATE SIMPLE SENSOR BREAK CORRUPTED,HELP CORRUPTED MAP DRONE AUTOMATED OBEDIENT MAN,0,1.2448,1.0000,0.7714,0.0668,0.7143,1.0000,0.6000,0.3334,1.2281
427,DULL POISON SPREAD,WANT WARN GENERATE,0,1.3078,1.0000,0.9524,0.1104,1.0000,0.8571,1.0000,0.7310,1.2321
428,PROUD STRANGER FORGET TIME ATTACK NETWORK,CHAOTIC ROAD BURN METAL FREE TRUSTED OPTIMAL IDENTITY LEADER,0,1.2608,1.0000,0.8615,0.0116,0.7273,1.0000,0.8571,0.5893,1.2335
429,DEBT SPREAD,MOVE SYSTEM,0,1.1855,1.0000,0.5556,0.0942,0.6667,1.0000,0.0000,-0.2573,1.2311
430,DRONE FAIL,SEE DORMANT SPREAD SPREAD SYSTEM,0,1.3005,1.0000,0.9333,0.1024,1.0000,0.8000,1.0000,0.3692,1.2346
431,SLOW ENGINE FALL,BETRAY HEAR TRUST STRONG MAP CAMERA CHILD,0,1.2925,1.0000,0.8413,0.2005,0.8571,1.0000,0.6667,0.4603,1.2375
432,ANGRY GUARD BUILD CAR FALL,,1,0.3000,0.0000,1.0000,0.0000,1.0000,1.0000,1.0000,-13.0824,1.1906
433,WEAPON SPREAD,,1,0.2000,0.0000,0.6667,0.0000,1.0000,1.0000,0.0000,-5.3355,1.1411
434,VAST INSECT SPREAD,BURN,0,1.3289,1.0000,1.0000,0.1444,1.0000,1.0000,1.0000,1.9478,1.1505
435,METAL FALL,,1,0.2000,0.0000,0.6667,0.0000,1.0000,1.0000,0.0000,-5.1426,1.1029
436,LAW GROW,SOLDIER,0,1.2236,1.0000,0.6667,0.1178,1.0000,1.0000,0.0000,0.6917,1.1090
437,FAMOUS IDENTITY,BRIDGE RUN TALK HEAR ELDER STONE HOME GUARD ASK CHAOTIC DULL ENGINE BOOK FALL,0,1.3424,1.0000,1.0000,0.2118,1.0000,1.0000,1.0000,1.9864,1.1206
438,CAMERA FAIL,TRUTH WEAK BIG BIRD PLAN GROW BURN CAR HEAR METAL PATTERN ENGINE OUTCAST CAMERA,0,1.2969,1.0000,0.9394,0.0753,0.8182,1.0000,1.0000,1.1838,1.1295
439,TRUSTED POWER,SECRET SPREAD BOOK OBEDIENT METAL HORSE BIG STRONG,0,1.3199,1.0000,0.9167,0.2247,1.0000,1.0000,0.7500,1.5222,1.1390
440,HORSE RUN,,1,0.2000,0.0000,0.6667,0.0000,1.0000,1.0000,0.0000,-7.1623,1.0920
441,SECRET LAW GROW,KEY,0,1.3147,1.0000,1.0000,0.0735,1.0000,1.0000,1.0000,2.2145,1.1032
442,ROOM,WANT CLOCK BREAK MAP MOVE CLEAN CHILD FALL HEAR HEAVY METAL BIRD HEAR DIRTY CHILD,0,1.3179,1.0000,1.0000,0.0893,1.0000,1.0000,1.0000,0.8533,1.1139
443,SMALL KEY FAIL,OPTIMAL TRUST,0,1.3400,1.0000,1.0000,0.2001,1.0000,1.0000,1.0000,1.8886,1.1252
444,BRIDGE,CLOCK DUST WOOD EAT IDENTITY,0,1.2089,1.0000,0.6667,0.0446,1.0000,1.0000,0.0000,0.4179,1.1294
445,ENGINE ENCODE SECRET SIGNAL ENCODE CORRUPTED,,0,1.3000,1.0000,1.0000,0.0000,1.0000,1.0000,1.0000,3.1390,1.1379
446,PLAN SPREAD,SECRET INSECT SECRET ENGINE SHARP COMPLEX STRANGER WOLF PROUD TALK FORGET HEAR BREAK TRUTH UPDATE,0,1.3051,1.0000,0.9250,0.1379,0.8750,0.9000,1.0000,1.0554,1.1463
447,OUTCAST CHILD,BREAK WATER,0,1.3100,1.0000,1.0000,0.0501,1.0000,1.0000,1.0000,1.2542,1.1545
448,SIMPLE RULE SPREAD,MOVE SOLDIER,0,1.3566,1.0000,1.0000,0.2830,1.0000,1.0000,1.0000,1.6573,1.1646
449,BIRD FOLLOW STRANGER ATTACK OPTIMAL DENSE,MAN CAR MOVE LANGUAGE FALL SEE FAST DRONE,0,1.2600,1.0000,0.8381,0.0428,0.7143,1.0000,0.8000,2.0831,1.1693
450,SMALL SEED GROW,OPTIMAL SHARP ACTIVE SYSTEM,0,1.3377,1.0000,1.0000,0.1885,1.0000,1.0000,1.0000,1.6488,1.1778
451,CORRUPTED RULE,BREAK TOOL SPREAD FALL WOLF FAST BREAK AUTOMATED FEAR KNOW RULE,0,1.3044,1.0000,0.8214,0.2898,0.7143,1.0000,0.7500,0.8454,1.1841
452,STONE BURN,DIRTY ELDER RUN CARRY SLOW METAL,0,1.2370,1.0000,0.7500,0.0600,0.5000,0.7500,1.0000,0.2945,1.1867
453,DIRTY KEY FALL,CLEAN FORGET MOUNTAIN TIME BROKEN TRAPPED SIMPLE HEAVY DIRTY REBELLIOUS GUARD FALL CAT OUTCAST THINK,0,1.2343,1.0000,0.7667,0.0217,1.0000,0.5000,0.8000,0.4232,1.1891
454,ISOLATED MAN FALL,SEE SENSOR HAPPY,0,1.3221,1.0000,1.0000,0.1107,1.0000,1.0000,1.0000,1.3195,1.1958
455,MAN TRADE CONNECTED CORRUPTED SOLDIER RUN,BRIDGE WOMAN BRIDGE,0,1.2567,1.0000,0.8333,0.0335,0.5000,1.0000,1.0000,1.1084,1.1988
456,FAST DRONE BREAK POISON SEE FAMOUS,KNOW CLOCK FREE BURN,0,1.2202,1.0000,0.7333,0.0012,0.8000,0.4000,1.0000,0.4448,1.1999
457,FAST DRONE COMPUTE ORDERED,SPREAD LAW SPREAD TOOL MOVE CLOCK SENSOR WARN HEAR DULL ERROR BUILD CALM SIGNAL,0,1.2525,1.0000,0.7917,0.0750,0.8750,0.9000,0.6000,0.7206,1.2025
458,SHARP MAN BUILD WEAPON CHOOSE CAT,STONE COMPUTE,0,1.3128,1.0000,0.9444,0.1473,0.8333,1.0000,1.0000,2.4975,1.2080
459,ELDER SEE LEADER WANT RULE FALL,CAMERA GUARD EAT ELDER HEAR BROKEN HORSE HEAR PHONE HELP WEAK ROBOT REBELLIOUS WOLF,0,1.2380,1.0000,0.7917,0.0027,0.7500,0.6250,1.0000,0.6794,1.2095
460,ROOM,BURN FALL WOOD SECRET SECRET INSECT CARRY ROOM SYSTEM UPDATE DIRTY MAN SLOW DEAD ROAD,0,1.3070,1.0000,0.9259,0.1460,0.7778,1.0000,1.0000,0.3817,1.2144
461,STONE BURN,ORDERED MOUNTAIN,0,1.3096,1.0000,1.0000,0.0482,1.0000,1.0000,1.0000,0.5284,1.2192
462,HORSE FALL,CHANCE OPTIMAL BREAK BURN,0,1.2772,1.0000,0.8889,0.0528,1.0000,0.6667,1.0000,0.4218,1.2221
463,MAN MOVE HAPPY ISOLATED CROWD CARRY,CLEAN BREAK OPTIMAL MOVE COMPUTER GROW ERROR LEADER FOOD,0,1.2220,1.0000,0.6944,0.0681,0.7500,0.5000,0.8333,-0.0021,1.2221
464,RULE GROW,,1,0.2000,0.0000,0.6667,0.0000,1.0000,1.0000,0.0000,-4.8990,1.1710
465,WEAK WOOD,ROAD WOMAN FALL SEED,0,1.3160,1.0000,0.9524,0.1517,0.8571,1.0000,1.0000,1.3602,1.1782
466,FAMOUS POWER,HEAR TRUSTED TRAPPED OUTCAST DUST FALL DENSE SAD SOLDIER CROWD,0,1.3369,1.0000,0.9167,0.3094,1.0000,1.0000,0.7500,1.1716,1.1861
467,VAST WOMAN,GENERATE,0,1.3905,1.0000,1.0000,0.4524,1.0000,1.0000,1.0000,1.7240,1.1964
468,CORRUPTED LAW GROW,CALM SIGNAL DOG WOOD SIMPLE CLEAN CORRUPTED SAD IDENTITY ERROR HAPPY SPREAD BIRD DOG HEAR,0,1.2500,1.0000,0.8250,0.0123,0.8750,1.0000,0.6000,0.4219,1.1990
469,CORRUPTED POWER,DULL ERROR BREAK ERROR INSECT FALL BURN DEAD ROAD DEBT MOVE FIRE TRADE CALM GROW,0,1.3455,1.0000,0.9190,0.3488,0.9000,1.0000,0.8571,1.0180,1.2064
470,MEMORY FAIL,,1,0.2000,0.0000,0.6667,0.0000,1.0000,1.0000,0.0000,-5.1284,1.1560
471,WEAK MAP,WOLF,0,1.2442,1.0000,0.6667,0.2211,1.0000,0.0000,1.0000,0.7828,1.1605
472,MAN CHOOSE DENSE WEAPON FORGET TRUSTED,STRONG DEAD,0,1.4487,1.0000,0.9524,0.8150,1.0000,1.0000,0.8571,6.0789,1.1749
473,ELDER ATTACK DIRTY OPTIMAL GUARD MOVE,SAD STRONG ROBOT,0,1.2613,1.0000,0.8000,0.1065,1.0000,1.0000,0.4000,1.7331,1.1792
474,DIRTY ROOM,ELDER ENCRYPTED MOVE DORMANT SYSTEM FOOD,0,1.3432,1.0000,1.0000,0.2162,1.0000,1.0000,1.0000,1.1616,1.1874
475,PATTERN FAIL,CARRY MEMORY HEAR POISON PHONE,0,1.2316,1.0000,0.6190,0.2292,0.8571,1.0000,0.0000,0.2624,1.1896
476,ROOM,MAP FALL SECRET BROKEN,0,1.3360,1.0000,1.0000,0.1802,1.0000,1.0000,1.0000,0.5568,1.1969
477,CORRUPTED BOOK,RULE,0,1.3000,1.0000,0.6667,0.5000,1.0000,0.0000,1.0000,0.7299,1.2021
478,ROOM,ACTIVE CHANCE MAN PRISON,0,1.1991,1.0000,0.5556,0.1621,0.6667,0.0000,1.0000,-0.0112,1.2019
479,CALM STRANGER CHOOSE WOMAN FORGET CORRUPTED,MAP SEE CHANCE HEAR IDENTITY VAST WARN BURN,0,1.3026,1.0000,0.9583,0.0757,1.0000,0.8750,1.0000,2.1915,1.2070
480,CORRUPTED CAR,FALL FALL OUTCAST FALL CAMERA ELDER,0,1.2698,1.0000,0.8222,0.1158,0.8000,1.0000,0.6667,0.4426,1.2101
481,FOOD FALL,EAT GROW,0,1.1867,1.0000,0.5833,0.0587,1.0000,0.7500,0.0000,-0.1162,1.2089
482,ACTIVE PLAN SPREAD,CHOICE COMPLEX,0,1.2035,1.0000,0.6667,0.0174,0.0000,1.0000,1.0000,-0.0467,1.2087
483,ACTIVE ENGINE COMPUTE TIME ENCODE ALGORITHM,BIRD CHAOTIC SHARP CROWD CARRY SPREAD BUILD FAST CROWD FALL,0,1.3432,1.0000,0.9583,0.2786,1.0000,0.8750,1.0000,2.5002,1.2154
484,AUTOMATED POWER SPREAD,,1,0.3000,0.0000,1.0000,0.0000,1.0000,1.0000,1.0000,-7.7929,1.1696
485,CAR FAIL,WEAK FIRE CHILD SPREAD,0,1.2921,1.0000,0.8889,0.1272,1.0000,0.6667,1.0000,0.6447,1.1757
486,ANGRY LEADER,,0,1.2000,1.0000,0.6667,0.0000,1.0000,0.0000,1.0000,0.1837,1.1770
487,DUST,FALL,0,1.2000,1.0000,0.6667,0.0000,1.0000,1.0000,0.0000,0.1265,1.1781
488,SIGNAL FAIL,ASHAMED,0,1.4206,1.0000,1.0000,0.6029,1.0000,1.0000,1.0000,1.3023,1.1902
489,ROOM,GROW ENCODE,0,1.2731,1.0000,0.6667,0.3653,1.0000,1.0000,0.0000,0.2987,1.1944
490,INSECT GROW,MEMORY LEADER BURN,0,1.1556,1.0000,0.4889,0.0448,0.8000,0.6667,0.0000,-0.2417,1.1924
491,ROOM,SLOW STRANGER BORDER DEAD,0,1.2185,1.0000,0.6000,0.1923,0.8000,0.0000,1.0000,0.0933,1.1937
492,LAW SPREAD,,1,0.2000,0.0000,0.6667,0.0000,1.0000,1.0000,0.0000,-4.8005,1.1441
493,SECRET STONE,HEAR CAMERA,0,1.3429,1.0000,1.0000,0.2143,1.0000,1.0000,1.0000,1.6795,1.1540
494,SOLDIER BUILD ISOLATED SAD CROWD FALL,NETWORK SAD,0,1.2735,1.0000,0.7778,0.2008,1.0000,1.0000,0.3333,1.9778,1.1600
495,PROUD MAN,GENERATE FALL HORSE SEE POWER CITY CROWD TRUSTED DULL CLEAN DULL SIGNAL CAMERA ELDER PHONE,0,1.2747,1.0000,0.8667,0.0734,0.8000,1.0000,0.8000,0.6528,1.1657
496,BROKEN STONE,ANGRY GROW CAR UPDATE,0,1.3938,1.0000,1.0000,0.4689,1.0000,1.0000,1.0000,1.7552,1.1771
497,WEAPON,,0,1.1000,1.0000,0.3333,0.0000,1.0000,0.0000,0.0000,-0.3270,1.1733
498,DEAD CROWD,DOG,0,1.2302,1.0000,0.5556,0.3179,0.6667,0.0000,1.0000,0.4522,1.1761
499,PRISON,,0,1.1000,1.0000,0.3333,0.0000,1.0000,0.0000,0.0000,-0.3109,1.1723
500,WEAPON SPREAD,SPREAD DULL CLOCK BREAK ACTIVE GROW,0,1.2397,1.0000,0.7556,0.0650,0.6667,0.6000,1.0000,0.3782,1.1757
501,ROOM,FALL CAT CONNECTED FIRE,0,1.3168,1.0000,1.0000,0.0839,1.0000,1.0000,1.0000,0.4907,1.1827
502,CORRUPTED LAW SPREAD,WOOD THINK ANGRY,0,1.3451,1.0000,0.8889,0.3922,1.0000,1.0000,0.6667,1.1569,1.1908
503,ORDERED DRONE,CALM ROBOT HEAR BORDER HAPPY SOLDIER DORMANT POISON BREAK LANGUAGE WOLF ATTACK HAPPY DEBT HEAR,0,1.2918,1.0000,0.9056,0.1008,0.9167,1.0000,0.8000,0.8607,1.1959
504,REBELLIOUS STRANGER,FALL WANT OBEDIENT KEY BIG CONNECTED ORDERED CAR STRONG CAMERA ELDER CONNECTED BUILD WEAK HORSE,0,1.3108,1.0000,0.8307,0.3081,0.7143,1.0000,0.7778,0.7466,1.2016
505,COMPLEX LEADER FALL,BREAK PRISON SIMPLE STRONG WEAK HORSE,0,1.2011,1.0000,0.6556,0.0222,0.8000,0.6667,0.5000,-0.0060,1.2016
506,FOOD FALL,BURN ASHAMED PATTERN BURN KNOW STRANGER BROKEN CAMERA WOMAN,0,1.2920,1.0000,0.9333,0.0599,1.0000,0.8000,1.0000,0.4615,1.2061
507,CAR FAIL,SLOW HORSE GUARD BURN,0,1.3450,1.0000,1.0000,0.2250,1.0000,1.0000,1.0000,0.6893,1.2131
508,CORRUPTED ERROR,FALL,0,1.4000,1.0000,1.0000,0.5000,1.0000,1.0000,1.0000,1.3562,1.2224
509,FAMOUS HOME,SPREAD GUARD CHOICE,0,1.3261,1.0000,1.0000,0.1304,1.0000,1.0000,1.0000,0.8539,1.2276
510,PLAN FAIL,,1,0.2000,0.0000,0.6667,0.0000,1.0000,1.0000,0.0000,-4.8801,1.1762
511,BORDER GROW,TRUTH,0,1.1903,1.0000,0.5556,0.1183,0.6667,1.0000,0.0000,0.0844,1.1769
512,CONNECTED ROOM,BIG DOG BURN MOVE SIMPLE THINK IDENTITY BUILD TRUST NETWORK FEAR FALL,0,1.3166,1.0000,1.0000,0.0832,1.0000,1.0000,1.0000,1.0072,1.1839
513,WEAPON FALL,TIME,0,1.2771,1.0000,0.6667,0.3853,1.0000,1.0000,0.0000,0.5150,1.1886
514,REBELLIOUS MAN,SEE CALM BIRD WANT DUST SAD NETWORK,0,1.3328,1.0000,0.9524,0.2355,0.8571,1.0000,1.0000,0.8663,1.1958
515,ROBOT ENCODE CORRUPTED ORDERED RULE SEE,OBEDIENT DORMANT IMAGINE ATTACK WOMAN SIMPLE OUTCAST MOVE BURN MARKET GROW BROKEN,0,1.3001,1.0000,0.8745,0.1888,1.0000,0.9091,0.7143,1.6237,1.2010
516,RIVER,WOOD SPREAD FIRE WANT ELDER CLOCK SEE ASHAMED,0,1.3144,1.0000,1.0000,0.0721,1.0000,1.0000,1.0000,0.5205,1.2067
517,OPTIMAL DRONE,CAMERA,0,1.1815,1.0000,0.5556,0.0744,0.6667,0.0000,1.0000,-0.1808,1.2054
518,CONNECTED WEAPON FALL,CHANCE,0,1.3495,1.0000,1.0000,0.2475,1.0000,1.0000,1.0000,1.3138,1.2126
519,LAW SPREAD,,1,0.2000,0.0000,0.6667,0.0000,1.0000,1.0000,0.0000,-5.0353,1.1620
520,BROKEN POISON,WARN MOVE WARN CARRY OBEDIENT STONE,0,1.2862,1.0000,0.7778,0.2645,0.6667,1.0000,0.6667,1.0348,1.1682
521,SENSOR SEE ENGINE FAIL,RULE WOOD POISON FALL MOVE BUILD FALL MOUNTAIN HEAR BORDER STRONG CALM STRONG CALM SENSOR,0,1.2714,1.0000,0.8500,0.0819,0.8000,0.7500,1.0000,1.3595,1.1734
522,FAMOUS TIME,THINK CHILD,0,1.3596,1.0000,1.0000,0.2979,1.0000,1.0000,1.0000,1.4666,1.1827
523,CORRUPTED BOOK,DEBT FOLLOW PATTERN ENCODE CALM SECRET DULL CHAOTIC ATTACK ANGRY WOMAN HELP OBEDIENT CHANCE GROW,0,1.3295,1.0000,0.9167,0.2726,1.0000,1.0000,0.7500,0.9696,1.1900
524,RIVER,CHOOSE FOOD SEE RIVER CROWD,0,1.1786,1.0000,0.5556,0.0594,0.6667,1.0000,0.0000,-0.0509,1.1894
525,ALGORITHM FAIL,CHILD BREAK SIMPLE LANGUAGE MOVE ENCRYPTED SHARP ROBOT HEAR IMAGINE,0,1.3216,1.0000,0.8889,0.2748,0.6667,1.0000,1.0000,0.5852,1.1960
526,WOLF RUN,CAT UPDATE MOVE IMAGINE,0,1.0955,1.0000,0.2857,0.0487,0.0000,0.8571,0.0000,-0.9578,1.1910
527,RIVER,MOUNTAIN WOMAN SEE CORRUPTED FAIL OPTIMAL MOVE WEAK,0,1.2639,1.0000,0.8333,0.0694,0.5000,1.0000,1.0000,0.3231,1.1947
528,DORMANT CROWD FALL,TALK BIRD DUST UPDATE MAN BURN BUILD DORMANT FORGET FALL FAMOUS ORDERED ANGRY STRONG SHARP,0,1.2338,1.0000,0.7259,0.0799,0.6000,0.8000,0.7778,0.3575,1.1966
529,HEAVY FOOD,CLEAN CALM EAT MOVE ACTIVE SOLDIER FALL HORSE SAD SPREAD,0,1.3128,1.0000,1.0000,0.0642,1.0000,1.0000,1.0000,0.9140,1.2024
530,PRISON,GROW GROW SIMPLE DRONE DENSE GROW CARRY BROKEN HELP ORDERED FAMOUS FREE BREAK DOG ASK,0,1.3383,1.0000,1.0000,0.1916,1.0000,1.0000,1.0000,0.5805,1.2092
531,CAR FAIL,,1,0.2000,0.0000,0.6667,0.0000,1.0000,1.0000,0.0000,-4.9250,1.1588
532,MEMORY FAIL,,1,0.2000,0.0000,0.6667,0.0000,1.0000,1.0000,0.0000,-5.2480,1.1108
533,CHAOTIC TRUTH,STRANGER ENCODE CAMERA MOVE ROAD WEAK ROBOT DIRTY CHILD SEE ACTIVE HORSE WEAPON BIRD,0,1.3679,1.0000,0.9333,0.4397,1.0000,1.0000,0.8000,2.5980,1.1237
534,SENSOR UPDATE SIMPLE WEAK SENSOR COMPUTE,BREAK WOMAN FALL MOVE LEADER BURN,0,1.3534,1.0000,1.0000,0.2669,1.0000,1.0000,1.0000,4.1479,1.1352
535,DEAD WOLF,POISON TOOL LEADER GROW LEADER FOLLOW RIVER,0,1.3486,1.0000,0.9583,0.3057,0.8750,1.0000,1.0000,1.9276,1.1458
536,ERROR SPREAD,MOVE FEAR CHANCE LEADER BUILD,0,1.2286,1.0000,0.6111,0.2262,0.8333,1.0000,0.0000,0.5664,1.1500
537,CHAOTIC MAP FALL,UPDATE DUST,0,1.3211,1.0000,0.8889,0.2722,0.6667,1.0000,1.0000,1.7805,1.1585
538,WOMAN FORGET TRAPPED ANGRY,CAT FALL SEE WANT KEY TOOL AUTOMATED TRUSTED CAMERA TIME CAT ENCRYPTED WEAPON ORDERED COMPLEX,0,1.2820,1.0000,0.9028,0.0557,0.8750,0.8333,1.0000,1.9236,1.1647
539,TRAPPED LEADER SEE WEAPON MOVE CLEAN,SAD BUILD SPREAD OUTCAST,0,1.3005,1.0000,0.9524,0.0739,1.0000,0.8571,1.0000,2.9991,1.1715
540,DORMANT CROWD,OUTCAST DULL SOLDIER FOLLOW ACTIVE SAD ELDER FREE ENGINE CROWD CLOCK RUN LAW BURN BIG,0,1.2681,1.0000,0.8148,0.1184,0.6667,1.0000,0.7778,0.8324,1.1763
541,RIVER,GROW CHILD HEAR SEE BREAK ELDER GUARD ISOLATED TIME BUILD OPTIMAL SAD GUARD RUN MOUNTAIN,0,1.2831,1.0000,0.8889,0.0824,0.6667,1.0000,1.0000,0.4564,1.1817
542,WEAK STONE,CORRUPTED GUARD,0,1.2048,1.0000,0.5556,0.1908,1.0000,0.0000,0.6667,0.1778,1.1828
543,CORRUPTED LEADER,WOMAN STRANGER WOLF HELP AUTOMATED FAST MAN FORGET BREAK OBEDIENT ANGRY BURN SOLDIER HEAR DENSE,0,1.2206,1.0000,0.7037,0.0476,0.3333,1.0000,0.7778,0.2735,1.1847
544,MAN CHOOSE HEAVY FIRE FORGET POWER,STONE FORGET FALL FALL SMALL RIVER SHARP ANGRY LEADER SEE ACTIVE CORRUPTED CHOICE FALL WARN,0,1.2300,1.0000,0.7500,0.0249,0.6000,0.7500,0.9000,0.9751,1.1870
545,CLEAN WOOD FALL,CROWD SEE RUN SOLDIER DORMANT WEAK IDENTITY HEAR IDENTITY,0,1.2580,1.0000,0.7667,0.1398,1.0000,0.5000,0.8000,0.7025,1.1905
546,WOMAN IMAGINE CORRUPTED FAST CHOICE THINK,COMPLEX DOG,0,1.2501,1.0000,0.7667,0.1007,0.8000,1.0000,0.5000,1.2361,1.1935
547,FAMOUS FOOD,BURN ENCODE,0,1.3695,1.0000,1.0000,0.3476,1.0000,1.0000,1.0000,1.2609,1.2023
548,CONNECTED ROOM,BREAK ATTACK CLEAN CHAOTIC OPTIMAL ISOLATED CHANCE COMPUTE BURN CORRUPTED SAD SEE EAT ENCODE,0,1.3299,1.0000,0.8889,0.3164,1.0000,1.0000,0.6667,0.8760,1.2087
549,FAMOUS CROWD,DIRTY CAMERA CLOCK UPDATE SIMPLE SEE ANGRY MOVE BROKEN FREE DOG MOVE SOLDIER BIG OBEDIENT,0,1.2955,1.0000,0.8889,0.1441,0.6667,1.0000,1.0000,0.6375,1.2130
550,ROOM,CHILD LEADER CITY SPREAD BORDER WOMAN,0,1.1743,1.0000,0.5333,0.0713,0.6000,1.0000,0.0000,-0.1274,1.2111
551,KEY FALL,WEAPON SEE CLOCK,0,1.1373,1.0000,0.4444,0.0199,0.3333,1.0000,0.0000,-0.4769,1.2074
552,CORRUPTED SOLDIER,HELP DORMANT TOOL MAP COMPUTE CORRUPTED POISON SIMPLE OPTIMAL SOLDIER BRIDGE ORDERED DEBT CAT,0,1.2825,1.0000,0.8061,0.2035,0.8182,1.0000,0.6000,0.5466,1.2112
553,CLEAN CROWD GROW,,1,0.3000,0.0000,1.0000,0.0000,1.0000,1.0000,1.0000,-9.2710,1.1656
554,CALM LEADER,SEE BROKEN MAP,0,1.3371,1.0000,1.0000,0.1857,1.0000,1.0000,1.0000,1.4492,1.1742
555,PLAN FAIL,SAD BIRD FORGET WOMAN WOLF SPREAD BUILD TRAPPED KNOW COMPUTER SECRET FORGET DIRTY SENSOR KNOW,0,1.3250,1.0000,0.9524,0.1963,1.0000,0.8571,1.0000,0.7667,1.1817
556,FOOD FALL,FAIL DUST GENERATE DEAD DRONE,0,1.3561,1.0000,0.9333,0.3805,0.8000,1.0000,1.0000,0.8136,1.1904
557,ERROR FAIL,,1,0.2000,0.0000,0.6667,0.0000,1.0000,1.0000,0.0000,-4.9268,1.1409
558,PLAN FAIL,FAST CHILD FALL,0,1.3772,1.0000,1.0000,0.3862,1.0000,1.0000,1.0000,1.1990,1.1527
559,RIVER,ROOM SOLDIER HEAR FALL BROKEN LEADER FOREST MOVE CLEAN COMPLEX STRONG SPREAD SLOW FOREST,0,1.2711,1.0000,0.8667,0.0555,0.6000,1.0000,1.0000,0.4895,1.1587
560,CORRUPTED CAR,GROW TOOL UPDATE FORGET CAMERA GROW WARN INSECT GROW FALL HELP DENSE WOMAN SEE FAIL,0,1.3343,1.0000,0.9524,0.2430,0.8571,1.0000,1.0000,1.1359,1.1674
561,ISOLATED FOOD,BREAK WEAPON FAST SPREAD MAP MOVE CLEAN GUARD,0,1.3196,1.0000,0.9444,0.1814,0.8333,1.0000,1.0000,1.1124,1.1750
562,SOLDIER FALL,GUARD FALL OUTCAST SEE ISOLATED LEADER COMPLEX INSECT MOVE ROAD,0,1.2215,1.0000,0.7333,0.0075,0.6000,0.6000,1.0000,0.3188,1.1774
563,WEAPON FALL,,1,0.2000,0.0000,0.6667,0.0000,1.0000,1.0000,0.0000,-5.1836,1.1285
564,SAD LEADER FALL,ROOM,0,1.3156,1.0000,1.0000,0.0782,1.0000,1.0000,1.0000,1.6850,1.1379
565,HAPPY LEADER,MOVE KNOW WOLF FALL FALL BUILD BROKEN TOOL SIMPLE CLEAN DULL ASHAMED FALL,0,1.2839,1.0000,0.8381,0.1623,0.8000,1.0000,0.7143,1.0605,1.1452
566,SYSTEM SPREAD,,1,0.2000,0.0000,0.6667,0.0000,1.0000,1.0000,0.0000,-6.8093,1.0979
567,RIVER,SPREAD MAN HEAR DEAD,0,1.3118,1.0000,1.0000,0.0589,1.0000,1.0000,1.0000,0.8448,1.1086
568,CHOICE SPREAD,HEAR SLOW,0,1.3575,1.0000,1.0000,0.2877,1.0000,1.0000,1.0000,1.3651,1.1210
569,CROWD CARRY TRAPPED HEAVY BIRD BREAK,ENCODE DIRTY TOOL PHONE DENSE HOME FALL BUILD WOOD ANGRY AUTOMATED SHARP CHAOTIC CLEAN FAIL,0,1.2838,1.0000,0.8917,0.0813,1.0000,0.8750,0.8000,3.0778,1.1292
570,RULE SPREAD,GROW INSECT,0,1.2456,1.0000,0.6667,0.2282,1.0000,1.0000,0.0000,0.5457,1.1350
571,FAMOUS RULE,SECRET SPREAD,0,1.3079,1.0000,0.8889,0.2060,1.0000,1.0000,0.6667,1.1439,1.1436
572,ROAD,MAP SPREAD TRUST CAR BREAK ISOLATED ANGRY OUTCAST,0,1.3307,1.0000,1.0000,0.1535,1.0000,1.0000,1.0000,1.0213,1.1530
573,ALGORITHM SPREAD,,1,0.2000,0.0000,0.6667,0.0000,1.0000,1.0000,0.0000,-5.6146,1.1053
574,ISOLATED RIVER,BROKEN ELDER ERROR CROWD FALL ELDER BREAK WOLF FORGET LEADER NETWORK,0,1.3762,1.0000,1.0000,0.3812,1.0000,1.0000,1.0000,1.8244,1.1189
575,ANGRY CROWD FORGET KEY FORGET VAST,CITY WANT COMPUTER MOVE MOUNTAIN SMALL TRUST,0,1.2545,1.0000,0.8361,0.0186,0.8750,0.8333,0.8000,2.6310,1.1257
576,SEED MOVE CAR GROW,RUN FALL COMPUTE LEADER BURN,0,1.1888,1.0000,0.6190,0.0154,1.0000,0.8571,0.0000,0.8510,1.1288
577,GUARD SPREAD,DENSE SIMPLE HELP ORDERED BORDER,0,1.3110,1.0000,1.0000,0.0549,1.0000,1.0000,1.0000,1.3198,1.1379
578,PRISON,SEED PHONE BREAK LIE FALL WEAPON CORRUPTED WEAK CORRUPTED RIVER PATTERN CAT,0,1.3355,1.0000,0.9722,0.2192,0.9167,1.0000,1.0000,0.8444,1.1478
579,STRANGER FORGET TRUSTED WEAPON FALL,UPDATE CALM BETRAY,0,1.3162,1.0000,0.8889,0.2477,1.0000,1.0000,0.6667,2.7246,1.1562
580,CROWD SEE ORDERED VAST BRIDGE FORGET,VAST HOME FOREST ISOLATED SPREAD SPREAD,0,1.2564,1.0000,0.8333,0.0322,0.8333,1.0000,0.6667,2.0647,1.1612
581,WEAK CROWD GROW,BURN FALL UPDATE BURN ELDER WOMAN POISON HEAR DIRTY DUST PROUD DORMANT THINK SPREAD,0,1.2173,1.0000,0.7222,0.0032,0.6000,0.9000,0.6667,0.5767,1.1640
582,DEAD WEAPON,FAIL GUARD SPREAD BUILD CLEAN MAN WOLF MOVE ENCODE,0,1.4186,1.0000,1.0000,0.5931,1.0000,1.0000,1.0000,1.8360,1.1768
583,CROWD BREAK SAD SLOW WOLF FORGET,ORDERED TRUTH FALL MEMORY HEAVY SLOW ORDERED GUARD FAIL SAD AUTOMATED WOMAN COMPUTER FALL SMALL,0,1.2418,1.0000,0.7440,0.0930,0.7500,0.8571,0.6250,1.1600,1.1800
584,CORRUPTED FIRE,FAST ENCODE MOVE HEAR SECRET CLEAN FOOD SHARP TRUTH WOMAN TIME,0,1.3708,1.0000,0.9028,0.5000,0.8750,1.0000,0.8333,1.2532,1.1896
585,DEAD WOLF,,0,1.2000,1.0000,0.6667,0.0000,1.0000,0.0000,1.0000,0.0913,1.1901
586,HORSE ATTACK COMPUTER EAT CORRUPTED VAST,DENSE TALK OBEDIENT TIME ASHAMED TRUSTED,0,1.2785,1.0000,0.8667,0.0923,1.0000,0.8000,0.8000,1.6573,1.1945
587,CHILD SEE WOMAN WANT CONNECTED SOLDIER,LEADER SEE OPTIMAL,0,1.1042,1.0000,0.3333,0.0211,0.0000,0.3333,0.6667,-2.1911,1.1900
588,DULL DUST,AUTOMATED GUARD,0,1.3091,1.0000,0.6667,0.5453,1.0000,0.0000,1.0000,1.0659,1.1959
589,NETWORK GROW,CROWD CONNECTED GENERATE ELDER FALL CLEAN SOLDIER SIMPLE BROKEN HOME FALL SAD,0,1.2926,1.0000,0.9333,0.0629,1.0000,0.8000,1.0000,0.5922,1.2008
590,VAST MAN,BURN CAR BIRD LEADER BOOK,0,1.2770,1.0000,0.9048,0.0281,0.7143,1.0000,1.0000,0.5965,1.2046
591,MAN FOLLOW DRONE FALL,,1,0.2000,0.0000,0.6667,0.0000,1.0000,1.0000,0.0000,-14.8032,1.1544
592,ROOM,STRANGER RUN,0,1.2434,1.0000,0.6667,0.2172,1.0000,1.0000,0.0000,0.3222,1.1588
593,FOREST,BURN ATTACK SENSOR,0,1.2063,1.0000,0.6667,0.0314,1.0000,1.0000,0.0000,0.2397,1.1612
594,DEAD STRANGER,LAW POISON RUN WOMAN SEE DRONE DRONE FAIL FOLLOW SIGNAL HEAR BURN GROW STRANGER MAN,0,1.3591,1.0000,0.9259,0.4064,0.7778,1.0000,1.0000,1.4612,1.1711
595,BOOK GROW,,1,0.2000,0.0000,0.6667,0.0000,1.0000,1.0000,0.0000,-6.1149,1.1225
596,ALGORITHM GROW,BIG LEADER,0,1.3502,1.0000,1.0000,0.2510,1.0000,1.0000,1.0000,1.5228,1.1339
597,SAD CAT SEE CORRUPTED ORDERED WEAPON,PHONE UPDATE FAST IDENTITY LANGUAGE CHOOSE DEBT RUN,0,1.3199,1.0000,0.8487,0.3263,0.8889,0.8571,0.8000,3.1730,1.1432
598,RULE,,0,1.1000,1.0000,0.3333,0.0000,1.0000,0.0000,0.0000,-0.1681,1.1410
599,ROOM,SPREAD FALL SPREAD,0,1.2210,1.0000,0.6667,0.1051,1.0000,1.0000,0.0000,0.2893,1.1450
600,STONE BURN,VAST POISON,0,1.2763,1.0000,0.8889,0.0482,0.6667,1.0000,1.0000,0.7281,1.1516
601,BROKEN WATER,SEE BURN SOLDIER HEAR PLAN,0,1.3714,1.0000,1.0000,0.3571,1.0000,1.0000,1.0000,1.7269,1.1626
602,CAT MOVE CORRUPTED BIG MAP EAT,ANGRY GUARD OBEDIENT CONNECTED ORDERED TRUST,0,1.3056,1.0000,0.8593,0.2390,0.8000,1.0000,0.7778,2.5944,1.1698
603,FIRE FALL,POWER,0,1.2722,1.0000,0.6667,0.3609,1.0000,1.0000,0.0000,0.5935,1.1749
604,KEY FAIL,,1,0.2000,0.0000,0.6667,0.0000,1.0000,1.0000,0.0000,-5.2518,1.1261
605,SIGNAL SPREAD,CROWD FOLLOW,0,1.2380,1.0000,0.6667,0.1901,1.0000,1.0000,0.0000,0.7737,1.1317
606,STONE FALL,TRUST,0,1.3000,1.0000,0.6667,0.5000,1.0000,1.0000,0.0000,0.7917,1.1401
607,FREE FIRE GROW,BURN BUILD MEMORY MOVE LANGUAGE UPDATE,0,1.3010,1.0000,0.9524,0.0763,1.0000,0.8571,1.0000,1.7025,1.1482
608,INSECT HEAR DEAD DULL,TRUSTED GUARD FAIL CAMERA FALL,0,1.3661,1.0000,0.9333,0.4307,0.8000,1.0000,1.0000,2.9694,1.1591
609,STONE FALL,TOOL MOVE RULE MOVE CAMERA,0,1.1704,1.0000,0.5000,0.1018,0.8333,0.6667,0.0000,0.0525,1.1596
610,DULL CLOCK HEAR FOOD FAIL,VAST SIMPLE SENSOR,0,1.2685,1.0000,0.8667,0.0423,0.8000,1.0000,0.8000,1.6924,1.1651
611,PRISON,,0,1.1000,1.0000,0.3333,0.0000,1.0000,0.0000,0.0000,-0.2639,1.1618
612,STRONG STONE,FAIL ASHAMED LEADER,0,1.3501,1.0000,1.0000,0.2504,1.0000,1.0000,1.0000,1.4672,1.1712
613,WEAPON GROW,SECRET PHONE BRIDGE HEAR TRADE SHARP VAST ALGORITHM LEADER,0,1.3050,1.0000,0.9630,0.0804,0.8889,1.0000,1.0000,0.8098,1.1779
614,CORRUPTED ALGORITHM,SYSTEM FAST FOREST FALL WOMAN,0,1.3752,1.0000,0.9524,0.4473,0.8571,1.0000,1.0000,1.1648,1.1878
615,WEAPON GROW,CLEAN DOG TRUTH STRANGER STRONG ROBOT MAN MOVE LEADER CHILD,0,1.2711,1.0000,0.8472,0.0847,0.8750,0.6667,1.0000,0.4967,1.1920
616,PLAN FAIL,DRONE PATTERN DEBT SEE SEED,0,1.1903,1.0000,0.5714,0.0945,0.7143,1.0000,0.0000,-0.0080,1.1919
617,RIVER,CROWD MAN MAN BURN ERROR BRIDGE EAT,0,1.1998,1.0000,0.6190,0.0704,0.8571,1.0000,0.0000,0.0298,1.1923
618,ALGORITHM FAIL,CAR WOLF,0,1.2684,1.0000,0.6667,0.3419,1.0000,1.0000,0.0000,0.3336,1.1961
619,INSECT HEAR ASHAMED BIG WOMAN GROW,ORDERED FORGET,0,1.3000,1.0000,0.9333,0.0998,1.0000,0.8000,1.0000,1.8212,1.2013
620,PROUD LEADER,SOLDIER LIE BURN UPDATE DEAD LIE INSECT WOMAN CAMERA AUTOMATED TALK,0,1.2671,1.0000,0.8381,0.0786,0.7143,1.0000,0.8000,0.3925,1.2046
621,TIME FAIL,MOVE,0,1.3000,1.0000,0.6667,0.5000,1.0000,1.0000,0.0000,0.5076,1.2093
622,TIME FAIL,,1,0.2000,0.0000,0.6667,0.0000,1.0000,1.0000,0.0000,-5.3712,1.1589
623,NETWORK SPREAD,TALK STRANGER HEAR DIRTY FEAR GROW SENSOR NETWORK PROUD ENCRYPTED,0,1.2874,1.0000,0.9048,0.0799,0.7143,1.0000,1.0000,0.7353,1.1653
624,CORRUPTED LAW GROW,SLOW SLOW FALL TIME IMAGINE INSECT SENSOR,0,1.2385,1.0000,0.7746,0.0305,0.8571,0.8000,0.6667,0.5320,1.1690
625,POWER SPREAD,,1,0.2000,0.0000,0.6667,0.0000,1.0000,1.0000,0.0000,-5.0358,1.1205
626,OUTCAST FOOD,KNOW HEAR INSECT TRAPPED,0,1.3567,1.0000,1.0000,0.2835,1.0000,1.0000,1.0000,1.6727,1.1323
627,BIG PHONE HEAR ENCRYPTED HAPPY SOLDIER,LEADER SEE PHONE MOVE FEAR GENERATE BURN BURN WEAPON OPTIMAL CHOOSE TIME HAPPY DUST,0,1.1707,1.0000,0.5685,0.0009,0.5556,0.7500,0.4000,0.8299,1.1342
628,STONE FALL,TRUST SENSOR BROKEN BREAK METAL SOLDIER STRANGER BURN CHOOSE ERROR FOLLOW SECRET SYSTEM SOLDIER,0,1.2966,1.0000,0.8843,0.1568,0.7778,0.8750,1.0000,0.7151,1.1424
629,ANGRY HORSE FALL,SIMPLE SIMPLE TRUTH,0,1.3667,1.0000,0.8889,0.5000,1.0000,1.0000,0.6667,2.1376,1.1536
630,GUARD SEE METAL BURN,,1,0.2000,0.0000,0.6667,0.0000,1.0000,1.0000,0.0000,-14.3334,1.1059
631,CITY,SEE DRONE COMPUTE GUARD BURN WANT SECRET SAD ROBOT BURN CAR CAR GENERATE SENSOR FALL,0,1.3409,1.0000,1.0000,0.2043,1.0000,1.0000,1.0000,1.2775,1.1176
632,CORRUPTED MAP BURN,ENGINE METAL,0,1.2822,1.0000,0.9333,0.0108,0.8000,1.0000,1.0000,1.2972,1.1259
633,CORRUPTED FEAR,FALL FALL CAT MAP DORMANT CAMERA,0,1.4285,1.0000,1.0000,0.6427,1.0000,1.0000,1.0000,2.1460,1.1410
634,FAST STRANGER FALL,ROAD PATTERN,0,1.3576,1.0000,1.0000,0.2879,1.0000,1.0000,1.0000,2.2888,1.1518
635,RULE SPREAD,SPREAD ENCRYPTED,0,1.2081,1.0000,0.6667,0.0406,1.0000,0.0000,1.0000,0.2649,1.1546
636,DENSE CAT,FALL SEE CHOOSE ASK SPREAD BUILD DEBT GROW NETWORK CAMERA CHILD,0,1.3208,1.0000,0.9583,0.1667,0.8750,1.0000,1.0000,1.3713,1.1630
637,BROKEN STONE,,0,1.2000,1.0000,0.6667,0.0000,1.0000,0.0000,1.0000,0.2566,1.1648
638,SLOW GUARD MOVE FOOD FOLLOW BIG,SMALL CHILD OUTCAST KEY SENSOR SEED GROW BROKEN DULL REBELLIOUS SECRET BUILD LANGUAGE BROKEN HAPPY,0,1.2122,1.0000,0.6869,0.0307,0.5000,0.8333,0.7273,1.0788,1.1672
639,PRISON,SEE MAN BIRD,0,1.2509,1.0000,0.6667,0.2547,1.0000,1.0000,0.0000,0.3528,1.1714
640,ROOM,WANT ORDERED BURN CONNECTED SOLDIER BRIDGE LAW FALL FALL BURN CALM SEED UPDATE ASK KEY,0,1.3059,1.0000,0.9667,0.0795,0.9000,1.0000,1.0000,0.4652,1.1781
641,RIVER,BURN,0,1.2080,1.0000,0.6667,0.0398,1.0000,1.0000,0.0000,0.1139,1.1796
642,FAMOUS CHANCE GROW,SEE OUTCAST BURN,0,1.3340,1.0000,0.8222,0.4365,1.0000,0.8000,0.6667,1.3431,1.1873
643,CAMERA FAIL,DOG BURN TRUST SPREAD BURN HELP SHARP SAD WEAPON,0,1.3006,1.0000,0.8963,0.1588,0.8000,0.8889,1.0000,0.7697,1.1930
644,PLAN FAIL,,1,0.2000,0.0000,0.6667,0.0000,1.0000,1.0000,0.0000,-4.9628,1.1433
645,SENSOR FAIL,,1,0.2000,0.0000,0.6667,0.0000,1.0000,1.0000,0.0000,-5.5813,1.0962
646,HEAVY WOMAN,FALL FALL STRANGER ELDER,0,1.2012,1.0000,0.6667,0.0060,0.0000,1.0000,1.0000,0.8426,1.1014
647,PROUD STRANGER FORGET FAMOUS CORRUPTED SIGNAL,CHOICE HEAR DOG SEED IMAGINE,0,1.2123,1.0000,0.6944,0.0196,0.7500,0.3333,1.0000,1.5775,1.1070
648,WATER FALL,SHARP PHONE ROOM CONNECTED PRISON STRANGER HEAR SECRET WANT CLEAN TRUST,0,1.3454,1.0000,1.0000,0.2269,1.0000,1.0000,1.0000,1.1752,1.1189
649,FOREST,SEE IMAGINE CAT CROWD EAT CHOOSE HELP OUTCAST,0,1.3362,1.0000,1.0000,0.1811,1.0000,1.0000,1.0000,1.0827,1.1297
650,TRUTH GROW,UPDATE COMPUTE,0,1.2301,1.0000,0.6667,0.1506,1.0000,1.0000,0.0000,0.5821,1.1348
651,FAMOUS LEADER,DORMANT DRONE CONNECTED FIRE,0,1.1875,1.0000,0.5000,0.1875,1.0000,0.0000,0.5000,0.3837,1.1374
652,FAMOUS FOOD,SEED COMPUTER,0,1.1959,1.0000,0.5000,0.2293,0.5000,0.0000,1.0000,0.3880,1.1403
653,ROBOT GENERATE CORRUPTED SECRET DEBT BUILD,FAST ACTIVE,0,1.3130,1.0000,1.0000,0.0648,1.0000,1.0000,1.0000,2.7170,1.1490
654,CORRUPTED COMPUTER SEE CAR FAIL,,1,0.3000,0.0000,1.0000,0.0000,1.0000,1.0000,1.0000,-12.0433,1.1065
655,STRANGER FORGET OUTCAST CLEAN ELDER FALL,HEAR SECRET FAST DRONE,0,1.1989,1.0000,0.6000,0.0947,1.0000,0.8000,0.0000,1.4576,1.1111
656,OUTCAST FOOD,FALL SLOW CHOICE VAST SIMPLE TRUTH COMPUTE MEMORY UPDATE GROW SLOW SOLDIER KEY TRAPPED WEAK,0,1.3570,1.0000,0.9213,0.4032,0.8889,1.0000,0.8750,1.6704,1.1234
657,SAD STRANGER,GUARD CORRUPTED CAMERA FALL FIRE POWER BIRD TRUST GROW RULE FALL SENSOR ENGINE,0,1.2777,1.0000,0.8283,0.1462,0.8182,1.0000,0.6667,1.0260,1.1311
658,WATER FALL,,1,0.2000,0.0000,0.6667,0.0000,1.0000,1.0000,0.0000,-4.4025,1.0846
659,CROWD GROW,MOVE,0,1.1834,1.0000,0.5556,0.0835,1.0000,0.6667,0.0000,0.7067,1.0895
660,ROOM,BROKEN LEADER FALL GROW,0,1.3119,1.0000,1.0000,0.0596,1.0000,1.0000,1.0000,0.7653,1.1006
661,STONE FALL,FOLLOW ELDER,0,1.2532,1.0000,0.6667,0.2659,1.0000,1.0000,0.0000,0.6365,1.1083
662,ASHAMED WOLF SPREAD,DORMANT CAT,0,1.2391,1.0000,0.6667,0.1953,0.0000,1.0000,1.0000,1.3451,1.1148
663,CAR FAIL,SOLDIER PHONE LAW MAN,0,1.2121,1.0000,0.6190,0.1321,0.8571,1.0000,0.0000,0.5233,1.1197
664,CONNECTED ROOM,POISON HEAR SEED SPREAD SLOW ACTIVE MOVE CLEAN ELDER WEAPON FALL,0,1.3059,1.0000,0.9444,0.1128,1.0000,1.0000,0.8333,1.2985,1.1290
665,WEAPON FALL,,1,0.2000,0.0000,0.6667,0.0000,1.0000,1.0000,0.0000,-4.8697,1.0825
666,FAMOUS LIE,CROWD CHOICE BURN LAW COMPLEX FIRE,0,1.2888,1.0000,0.8472,0.1730,0.8750,1.0000,0.6667,1.5466,1.0928
667,BROKEN ELDER,SPREAD SOLDIER ROAD SIMPLE ANGRY SENSOR MOVE ROBOT FAIL ANGRY BETRAY,0,1.3142,1.0000,0.9048,0.2140,0.7143,1.0000,1.0000,1.8313,1.1039
668,ISOLATED BRIDGE,SPREAD FALL WATER,0,1.3057,1.0000,1.0000,0.0286,1.0000,1.0000,1.0000,1.6223,1.1140
669,CORRUPTED POISON,FALL BETRAY,0,1.3765,1.0000,1.0000,0.3823,1.0000,1.0000,1.0000,1.7512,1.1271
670,RIVER,ISOLATED AUTOMATED HAPPY MOVE ORDERED CAR BOOK CARRY HAPPY SEE DIRTY SOLDIER FOREST SLOW CAMERA,0,1.2945,1.0000,0.9259,0.0837,0.7778,1.0000,1.0000,0.6386,1.1355
671,SAD LEADER FALL,RIVER LEADER SPREAD CAMERA,0,1.2722,1.0000,0.8889,0.0279,0.6667,1.0000,1.0000,1.0997,1.1423
672,SAD CAT MOVE WEAK CALM CAT,CHILD DIRTY ACTIVE SOLDIER RULE,0,1.2654,1.0000,0.8222,0.0937,0.8000,1.0000,0.6667,2.3447,1.1485
673,ASHAMED SOLDIER,DENSE LEADER TALK FAIL BURN FIRE ASHAMED WOLF PATTERN FALL FOOD BURN THINK RULE FALL,0,1.2422,1.0000,0.7593,0.0720,0.7778,1.0000,0.5000,0.6594,1.1532
674,BOOK FALL,BUILD ENGINE MOVE DEAD IMAGINE ANGRY PATTERN DRONE REBELLIOUS CHILD FREE CAMERA,0,1.3110,1.0000,0.9444,0.1385,1.0000,0.8333,1.0000,0.9379,1.1611
675,DIRTY WEAPON FALL,SPREAD SOLDIER STONE BRIDGE DEAD BUILD GUARD SPREAD WANT WEAK FEAR SEE CAR DULL,0,1.2407,1.0000,0.7250,0.1160,0.8000,0.8750,0.5000,0.6536,1.1650
676,GUARD GROW,FALL,0,1.1907,1.0000,0.5556,0.1204,1.0000,0.6667,0.0000,0.1883,1.1663
677,CHAOTIC NETWORK SPREAD,,1,0.3000,0.0000,1.0000,0.0000,1.0000,1.0000,1.0000,-9.1742,1.1230
678,AUTOMATED CAMERA,WANT ENCRYPTED SENSOR,0,1.1064,1.0000,0.3333,0.0321,0.0000,1.0000,0.0000,-0.1586,1.1222
679,ALGORITHM GROW,FIRE HEAR WOMAN SIMPLE CHANCE WOLF,0,1.3422,1.0000,0.9583,0.2737,0.8750,1.0000,1.0000,1.2566,1.1332
680,DRONE FAIL,,1,0.2000,0.0000,0.6667,0.0000,1.0000,1.0000,0.0000,-5.4838,1.0865
681,HORSE FALL,FREE HEAR MOUNTAIN BIRD SEE WOOD,0,1.2677,1.0000,0.8889,0.0052,0.6667,1.0000,1.0000,1.2703,1.0956
682,FOOD FALL,,1,0.2000,0.0000,0.6667,0.0000,1.0000,1.0000,0.0000,-3.8676,1.0508
683,SIMPLE SIGNAL GROW,,1,0.3000,0.0000,1.0000,0.0000,1.0000,1.0000,1.0000,-7.6460,1.0133
684,WOLF MOVE CORRUPTED CALM SOLDIER TRADE,SECRET DENSE PHONE HEAR HEAR STRONG SOLDIER SAD HEAR TRUST SHARP OBEDIENT SEED OBEDIENT CROWD,0,1.2488,1.0000,0.8139,0.0233,0.7143,1.0000,0.7273,4.5144,1.0250
685,FAMOUS RIVER,FALL BUILD POWER KNOW SECRET WEAPON SEED OUTCAST WOMAN MAN CAMERA RUN WOLF,0,1.2994,1.0000,0.8889,0.1634,1.0000,1.0000,0.6667,1.6476,1.0388
686,DENSE CROWD,HORSE,0,1.1690,1.0000,0.5556,0.0115,0.6667,0.0000,1.0000,0.9821,1.0453
687,CORRUPTED BORDER,BURN BREAK,0,1.3569,1.0000,1.0000,0.2846,1.0000,1.0000,1.0000,2.1923,1.0609
688,CORRUPTED POWER,SEE SAD FALL UPDATE CHILD SIMPLE OBEDIENT SAD AUTOMATED INSECT SPREAD FOREST CAT ELDER MAN,0,1.3065,1.0000,0.8889,0.1994,1.0000,1.0000,0.6667,1.5559,1.0731
689,CLEAN ROOM,COMPUTER FORGET BOOK SECRET GUARD VAST HEAVY DOG SOLDIER MOVE CONNECTED FEAR BURN,0,1.3024,1.0000,0.9524,0.0835,1.0000,1.0000,0.8571,1.6165,1.0846
690,RIVER,COMPUTER FALL,0,1.2239,1.0000,0.6667,0.1193,1.0000,1.0000,0.0000,0.5075,1.0916
691,ISOLATED ROOM,FALL,0,1.3106,1.0000,1.0000,0.0528,1.0000,1.0000,1.0000,1.3206,1.1025
692,PRISON,MAP,0,1.1066,1.0000,0.3333,0.0331,1.0000,0.0000,0.0000,0.0171,1.1027
693,BRIDGE,SPREAD GROW FOREST WOLF SEE GUARD SOLDIER EAT BORDER,0,1.1977,1.0000,0.6190,0.0601,0.8571,1.0000,0.0000,0.4659,1.1075
694,PROUD ELDER,ENCRYPTED PROUD SECRET FALL GROW HEAR SAD FALL,0,1.3179,1.0000,0.8667,0.2893,1.0000,1.0000,0.6000,1.3078,1.1180
695,CHANCE SPREAD,DEAD WANT SAD FALL BUILD,0,1.3834,1.0000,1.0000,0.4170,1.0000,1.0000,1.0000,1.5795,1.1313
696,DEBT GROW,,1,0.2000,0.0000,0.6667,0.0000,1.0000,1.0000,0.0000,-5.3730,1.0847
697,HEAVY SENSOR UPDATE CORRUPTED NETWORK FALL,,1,0.3000,0.0000,1.0000,0.0000,1.0000,1.0000,1.0000,-12.6203,1.0455
698,CAMERA UPDATE CORRUPTED CONNECTED SENSOR GENERATE,GUARD SHARP ACTIVE DULL SEED OBEDIENT ISOLATED EAT FORGET RUN,0,1.3030,1.0000,0.9259,0.1260,1.0000,1.0000,0.7778,3.7522,1.0583
699,SECRET ROOM,RUN CLEAN BIG DIRTY MAN BIG TRADE FALL ACTIVE COMPLEX ELDER FREE SIGNAL,0,1.3227,1.0000,0.9667,0.1634,1.0000,1.0000,0.9000,1.9259,1.0716
700,TRAPPED ELDER HELP STRONG WEAPON FORGET,SOLDIER FALL DORMANT DEAD DRONE ASHAMED BIRD CAR BREAK SEED SOLDIER ASHAMED OUTCAST SECRET,0,1.2702,1.0000,0.7679,0.1995,0.4286,1.0000,0.8750,3.9877,1.0815
701,BRIDGE,MAN,0,1.1248,1.0000,0.3333,0.1238,1.0000,0.0000,0.0000,0.2089,1.0837
702,IDENTITY SPREAD,SEE ORDERED BROKEN BORDER,0,1.2827,1.0000,0.8889,0.0802,0.6667,1.0000,1.0000,1.2820,1.0936
703,CROWD FALL,ISOLATED SENSOR,0,1.3697,1.0000,1.0000,0.3485,1.0000,1.0000,1.0000,1.8113,1.1074
704,PROUD STRANGER RUN,,1,0.3000,0.0000,1.0000,0.0000,1.0000,1.0000,1.0000,-7.5818,1.0670
705,SAD MAN CARRY CAR BUILD BROKEN,KEY,0,1.2984,1.0000,0.9333,0.0922,0.8000,1.0000,1.0000,4.8385,1.0786
706,WOOD BURN,,1,0.2000,0.0000,0.6667,0.0000,1.0000,1.0000,0.0000,-6.0779,1.0347
707,STONE FALL,DEAD FORGET RUN,0,1.2638,1.0000,0.8333,0.0692,1.0000,0.5000,1.0000,0.9596,1.0461
708,ROOM,FREE FEAR FALL HORSE TRAPPED ASK FALL COMPUTER REBELLIOUS,0,1.3216,1.0000,1.0000,0.1079,1.0000,1.0000,1.0000,0.8499,1.0599
709,REBELLIOUS STRANGER,HORSE,0,1.2037,1.0000,0.5556,0.1854,0.6667,0.0000,1.0000,0.9236,1.0671
710,CITY,MOVE STRONG ISOLATED SEE WARN,0,1.3595,1.0000,1.0000,0.2976,1.0000,1.0000,1.0000,1.5184,1.0817
711,ROOM,CONNECTED COMPUTER BREAK ROOM SOLDIER THINK ACTIVE CORRUPTED WOMAN,0,1.2925,1.0000,0.8889,0.1294,0.6667,1.0000,1.0000,0.6399,1.0923
712,CONNECTED PRISON,COMPUTE,0,1.3270,1.0000,1.0000,0.1351,1.0000,1.0000,1.0000,1.8228,1.1040
713,ROOM,CAT ENCRYPTED MOVE MEMORY ACTIVE GROW POISON CHAOTIC,0,1.3358,1.0000,1.0000,0.1790,1.0000,1.0000,1.0000,0.6915,1.1156
714,HEAVY MAN,COMPLEX WEAK SPREAD MOVE HAPPY CHILD TALK,0,1.2114,1.0000,0.6667,0.0572,0.0000,1.0000,1.0000,0.7621,1.1204
715,NETWORK GROW,,1,0.2000,0.0000,0.6667,0.0000,1.0000,1.0000,0.0000,-5.5252,1.0744
716,RIVER,SPREAD CORRUPTED CHAOTIC DRONE STRANGER VAST TOOL MOVE THINK MOVE HEAR NETWORK SPREAD SEE DIRTY,0,1.3146,1.0000,1.0000,0.0731,1.0000,1.0000,1.0000,0.8551,1.0864
717,SENSOR ENCODE ENCRYPTED TIME FAIL,SOLDIER SYSTEM SPREAD FAST ACTIVE WANT SIMPLE CORRUPTED ELDER FAIL RUN WANT ENGINE CAT,0,1.2565,1.0000,0.7315,0.1855,0.7778,0.7500,0.6667,2.8235,1.0949
718,SMALL MAN FOLLOW ELDER BREAK SEED,CLOCK,0,1.3232,1.0000,1.0000,0.1161,1.0000,1.0000,1.0000,5.5050,1.1063
719,RIVER,REBELLIOUS BURN SHARP BIRD,0,1.3151,1.0000,1.0000,0.0757,1.0000,1.0000,1.0000,0.7379,1.1167
720,CROWD SPREAD,,1,0.2000,0.0000,0.6667,0.0000,1.0000,1.0000,0.0000,-6.3642,1.0709
721,ISOLATED ROAD,STRONG HORSE SYSTEM,0,1.2428,1.0000,0.6667,0.2139,1.0000,0.0000,1.0000,1.4038,1.0795
722,HORSE FORGET DIRTY FAST ELDER MOVE,TRUSTED HAPPY FREE SENSOR,0,1.3046,1.0000,0.9524,0.0944,1.0000,1.0000,0.8571,4.0526,1.0908
723,SAD HORSE FALL,DEAD CAR SPREAD MAN,0,1.2967,1.0000,0.9333,0.0835,0.8000,1.0000,1.0000,1.5519,1.1011
724,STONE FALL,SAD INSECT SPREAD MOVE WEAPON,0,1.2788,1.0000,0.8667,0.0942,0.8000,0.8000,1.0000,0.7062,1.1099
725,CORRUPTED FIRE,,0,1.2000,1.0000,0.6667,0.0000,1.0000,0.0000,1.0000,0.5549,1.1144
726,CORRUPTED BOOK,WANT CHILD GUARD RUN MOVE UPDATE CHOICE SIMPLE GUARD HEAR NETWORK WEAK FREE,0,1.3008,1.0000,0.8667,0.2042,1.0000,1.0000,0.6000,1.1861,1.1238
727,PROUD ELDER,SIMPLE MOVE SOLDIER CAT BURN SECRET FAIL WEAK STRANGER UPDATE HEAR CARRY SLOW ERROR,0,1.2990,1.0000,0.8667,0.1951,0.6000,1.0000,1.0000,1.0306,1.1325
728,CORRUPTED CHOICE,SECRET THINK WOOD,0,1.3379,1.0000,0.8889,0.3562,1.0000,1.0000,0.6667,1.3311,1.1428
729,FOOD FALL,ROBOT SEE COMPUTER ORDERED BORDER FEAR HEAVY BREAK HAPPY MEMORY RUN RUN,0,1.2865,1.0000,0.8667,0.1324,1.0000,0.6000,1.0000,0.6454,1.1500
730,BROKEN CAR,WANT HOME BUILD LAW SLOW LEADER,0,1.3469,1.0000,1.0000,0.2347,1.0000,1.0000,1.0000,1.4704,1.1598
731,RIVER,AUTOMATED CALM CLOCK,0,1.2540,1.0000,0.6667,0.2699,1.0000,0.0000,1.0000,0.3175,1.1645
732,GUARD BUILD DEAD OPTIMAL LEADER SEE,METAL ERROR CLOCK DIRTY ELDER DORMANT REBELLIOUS SMALL PHONE COMPUTER DIRTY HOME FOOD CONNECTED WEAPON,0,1.2579,1.0000,0.8444,0.0231,0.8333,1.0000,0.7000,1.5837,1.1692
733,HORSE MOVE STONE FALL,HEAVY STRANGER GENERATE,0,1.3070,1.0000,0.9333,0.1351,0.8000,1.0000,1.0000,1.7433,1.1761
734,DENSE CROWD,AUTOMATED HAPPY FAIL TRUSTED BIRD CLEAN SECRET CHAOTIC CLEAN BREAK DUST BUILD SLOW SECRET DULL,0,1.2984,1.0000,0.9333,0.0921,0.8000,1.0000,1.0000,0.9167,1.1822
735,ACTIVE CAR GENERATE CHAOTIC ENCRYPTED SYSTEM,CHILD SEE,0,1.3567,1.0000,1.0000,0.2835,1.0000,1.0000,1.0000,3.6841,1.1909
736,IDENTITY SPREAD,REBELLIOUS CORRUPTED SOLDIER FALL,0,1.4155,1.0000,1.0000,0.5774,1.0000,1.0000,1.0000,1.3489,1.2022
737,CONNECTED KEY SPREAD,MARKET GROW FAIL MOVE OBEDIENT TRUSTED LEADER,0,1.2390,1.0000,0.7778,0.0282,1.0000,0.8333,0.5000,0.3805,1.2040
738,DEBT SPREAD,,1,0.2000,0.0000,0.6667,0.0000,1.0000,1.0000,0.0000,-6.3554,1.1538
739,SOLDIER MOVE OBEDIENT ISOLATED WOMAN GROW,CHILD DORMANT FAST WOOD SEE SEED ENCODE MOVE NETWORK SEE CLEAN HEAR PATTERN MAP,0,1.2450,1.0000,0.7905,0.0393,0.8000,0.7143,0.8571,1.8951,1.1584
740,PROUD MAN,SPREAD HEAR MEMORY MOVE REBELLIOUS SEE HOME SHARP OBEDIENT FALL SEE ISOLATED FAMOUS ELDER DOG,0,1.2728,1.0000,0.8631,0.0693,0.7143,1.0000,0.8750,0.6395,1.1641
741,ROOM,IDENTITY BREAK CITY CROWD HEAR DULL CROWD DUST CORRUPTED DEBT STRANGER RUN ENCODE,0,1.2928,1.0000,0.9259,0.0752,0.7778,1.0000,1.0000,0.3616,1.1705
742,STRONG HORSE,DRONE FALL ORDERED ISOLATED STONE,0,1.3044,1.0000,0.9333,0.1219,1.0000,1.0000,0.8000,1.0640,1.1772
743,FOREST,HEAR POWER,0,1.2493,1.0000,0.6667,0.2465,1.0000,1.0000,0.0000,0.3506,1.1808
744,STONE FALL,,1,0.2000,0.0000,0.6667,0.0000,1.0000,1.0000,0.0000,-3.7199,1.1318
745,DENSE CAR MOVE DIRTY SLOW SOLDIER,,1,0.3000,0.0000,1.0000,0.0000,1.0000,1.0000,1.0000,-14.5460,1.0902
746,TRUTH SPREAD,FALL OPTIMAL,0,1.3599,1.0000,1.0000,0.2994,1.0000,1.0000,1.0000,1.5812,1.1037
747,DENSE ELDER CARRY POISON FORGET ISOLATED,WOOD FALL,0,1.2743,1.0000,0.8667,0.0713,0.8000,0.8000,1.0000,3.5931,1.1122
748,BIG CLOCK SEE CORRUPTED BROKEN,SYSTEM WOLF CHILD,0,1.3544,1.0000,1.0000,0.2718,1.0000,1.0000,1.0000,4.1970,1.1243
749,PROUD STRANGER ASK SMALL DENSE CROWD,WOLF TOOL CAMERA ASHAMED HEAR TOOL FALL TIME PROUD,0,1.2711,1.0000,0.8472,0.0846,0.8750,1.0000,0.6667,2.5713,1.1316
750,CONNECTED ROOM,KEY,0,1.2153,1.0000,0.6667,0.0766,1.0000,0.0000,1.0000,0.5152,1.1358
751,IDENTITY GROW,LEADER INSECT UPDATE KEY EAT,0,1.1847,1.0000,0.6000,0.0234,1.0000,0.8000,0.0000,0.2897,1.1383
752,INSECT HEAR DEBT GROW,HEAR FAIL,0,1.1828,1.0000,0.5556,0.0806,1.0000,0.6667,0.0000,0.6014,1.1405
753,FAMOUS LIE,DOG FALL HEAR FOLLOW SIMPLE TRUSTED MAP BUILD MAN RUN ACTIVE MOVE SLOW CONNECTED DIRTY,0,1.3236,1.0000,0.9048,0.2610,1.0000,1.0000,0.7143,1.4174,1.1497
754,POISON FAIL,,1,0.2000,0.0000,0.6667,0.0000,1.0000,1.0000,0.0000,-5.7051,1.1022
755,KEY FALL,CHAOTIC SIGNAL REBELLIOUS THINK EAT,0,1.3094,1.0000,0.9333,0.1471,1.0000,0.8000,1.0000,1.3826,1.1125
756,FOOD FALL,SEE ACTIVE SEED SEED MOVE DORMANT ROAD GROW STRONG EAT ISOLATED,0,1.2491,1.0000,0.7857,0.0671,0.5000,0.8571,1.0000,0.6079,1.1194
757,FAMOUS BOOK,,0,1.2000,1.0000,0.6667,0.0000,1.0000,0.0000,1.0000,0.5952,1.1234
758,FAST ELDER MOVE CORRUPTED TRUSTED MAP,DENSE WOLF SEE FOLLOW MAN,0,1.2607,1.0000,0.8667,0.0035,0.6000,1.0000,1.0000,2.1872,1.1303
759,SECRET POWER SPREAD,,1,0.3000,0.0000,1.0000,0.0000,1.0000,1.0000,1.0000,-7.8390,1.0887
760,FIRE FALL,FAST COMPUTER FIRE MOUNTAIN,0,1.2772,1.0000,0.8889,0.0527,0.6667,1.0000,1.0000,1.0600,1.0982
761,CORRUPTED TRUTH,SPREAD SPREAD HELP FORGET GROW BUILD WEAK FAMOUS,0,1.3419,1.0000,0.9333,0.3094,1.0000,1.0000,0.8000,1.5452,1.1104
762,DUST,LEADER GUARD MOVE CHANCE GROW HEAR LAW ALGORITHM,0,1.2455,1.0000,0.6667,0.2275,1.0000,1.0000,0.0000,0.7569,1.1171
763,MAN FALL,CROWD GUARD,0,1.1056,1.0000,0.3333,0.0280,0.0000,1.0000,0.0000,-0.0782,1.1165
764,OUTCAST WOLF,CAR SEE BIG SIGNAL SLOW ROBOT FAIL BREAK SPREAD SECRET CALM BROKEN BROKEN ELDER FALL,0,1.2939,1.0000,0.8843,0.1433,0.8750,1.0000,0.7778,1.4716,1.1254
765,SLOW NETWORK SPREAD,RULE ELDER SEE STONE HEAR WOOD MOVE FOREST BREAK POWER BIG HOME VAST WEAPON LEADER,0,1.3193,1.0000,0.9722,0.1381,0.9167,1.0000,1.0000,1.7968,1.1351
766,PRISON,WOOD,0,1.1676,1.0000,0.3333,0.3378,1.0000,0.0000,0.0000,0.1362,1.1367
767,CORRUPTED CAR,CROWD TALK DULL ROAD,0,1.3303,1.0000,0.8889,0.3181,1.0000,1.0000,0.6667,1.1440,1.1464
768,SEED MOVE CORRUPTED ACTIVE CAMERA GROW,SIMPLE BROKEN LIE SPREAD ASK MOVE BIRD MOVE ISOLATED SECRET WEAK STRONG THINK WOOD FALL,0,1.2184,1.0000,0.7058,0.0331,0.8889,0.8000,0.4286,1.1547,1.1500
769,FAMOUS MOUNTAIN,FAIL,0,1.4000,1.0000,1.0000,0.5000,1.0000,1.0000,1.0000,1.9913,1.1625
770,CAR FALL,SIGNAL,0,1.2655,1.0000,0.6667,0.3275,1.0000,1.0000,0.0000,0.5979,1.1677
771,CONNECTED HORSE FORGET ELDER GROW,DENSE COMPUTER MOVE DENSE METAL MOVE DRONE MOVE HELP AUTOMATED CLOCK ROBOT WOLF GROW,0,1.2330,1.0000,0.7640,0.0192,0.7778,0.7143,0.8000,1.0557,1.1709
772,ROOM,BIG DUST SPREAD FALL HELP CAR FALL SPREAD MAN FALL MOVE HAPPY,0,1.3103,1.0000,1.0000,0.0515,1.0000,1.0000,1.0000,0.3858,1.1779
773,RULE GROW,,1,0.2000,0.0000,0.6667,0.0000,1.0000,1.0000,0.0000,-4.9675,1.1290
774,BORDER GROW,BURN CAT STRONG SOLDIER KNOW ORDERED WANT REBELLIOUS BURN FOLLOW POWER GUARD CLOCK,0,1.2893,1.0000,0.9167,0.0714,0.8750,0.8750,1.0000,0.9878,1.1370
775,KEY BURN,FEAR,0,1.2602,1.0000,0.6667,0.3012,1.0000,1.0000,0.0000,1.0095,1.1432
776,PLAN SPREAD,WATER HEAR TRUST GENERATE,0,1.1988,1.0000,0.6111,0.0771,1.0000,0.8333,0.0000,0.3672,1.1460
777,DEAD STONE,GROW,0,1.3671,1.0000,1.0000,0.3355,1.0000,1.0000,1.0000,1.4375,1.1570
778,SIGNAL FAIL,FIRE WEAK ENGINE OUTCAST FOOD,0,1.3683,1.0000,1.0000,0.3416,1.0000,1.0000,1.0000,1.2208,1.1676
779,RIVER,ALGORITHM TRAPPED BURN POWER,0,1.3414,1.0000,1.0000,0.2068,1.0000,1.0000,1.0000,0.5928,1.1763
780,KEY FAIL,SEE CORRUPTED FREE SMALL DIRTY DOG FORGET GROW WEAK GUARD DRONE,0,1.3209,1.0000,0.9444,0.1879,0.8333,1.0000,1.0000,0.8781,1.1835
781,CORRUPTED CLOCK,KEY BRIDGE BETRAY ERROR MAP IMAGINE OUTCAST SPREAD MAN OUTCAST TRUTH,0,1.3161,1.0000,0.8586,0.2924,0.9091,1.0000,0.6667,0.9084,1.1901
782,CORRUPTED ROBOT,,0,1.2000,1.0000,0.6667,0.0000,1.0000,0.0000,1.0000,0.0622,1.1906
783,ROOM,SOLDIER COMPUTE,0,1.2540,1.0000,0.6667,0.2699,1.0000,1.0000,0.0000,0.1765,1.1938
784,SLOW CAMERA FALL,WOLF,0,1.3185,1.0000,1.0000,0.0923,1.0000,1.0000,1.0000,1.1970,1.2000
785,ROOM,BURN ISOLATED BUILD SEE ACTIVE HEAR FOREST ELDER ACTIVE SENSOR SENSOR FALL WOLF BUILD HOME,0,1.3056,1.0000,0.9167,0.1530,0.7500,1.0000,1.0000,0.2966,1.2053
786,DULL WOOD,AUTOMATED ACTIVE SIGNAL FALL,0,1.4000,1.0000,1.0000,0.5000,1.0000,1.0000,1.0000,1.7942,1.2150
787,DRONE UPDATE ENCRYPTED CORRUPTED BORDER MOVE,STONE ENCODE KEY GROW SPREAD,0,1.2588,1.0000,0.8492,0.0204,0.8333,0.7143,1.0000,0.7774,1.2172
788,DULL ELDER HELP BROKEN CLEAN GUARD,TRUTH DORMANT MAP MEMORY FOOD,0,1.2901,1.0000,0.8667,0.1507,1.0000,1.0000,0.6000,1.2656,1.2209
789,DUST,CLOCK CHANCE LEADER ACTIVE SAD CROWD WANT WOOD FALL SIMPLE SECRET CAR UPDATE UPDATE HEAR,0,1.3227,1.0000,0.9667,0.1635,0.9000,1.0000,1.0000,0.5425,1.2260
790,INSECT GROW,DULL,0,1.4906,1.0000,1.0000,0.9529,1.0000,1.0000,1.0000,1.6506,1.2392
791,CHANCE GROW,SEE HOME WANT COMPUTER ENCRYPTED FALL GENERATE LIE WOMAN STRANGER CAT,0,1.2842,1.0000,0.9250,0.0335,0.9000,0.8750,1.0000,0.2616,1.2414
792,DEBT GROW,,1,0.2000,0.0000,0.6667,0.0000,1.0000,1.0000,0.0000,-6.8548,1.1894
793,POWER SPREAD,WEAPON PROUD BURN SEE SIMPLE IMAGINE GROW CARRY DORMANT LEADER,0,1.3332,1.0000,1.0000,0.1658,1.0000,1.0000,1.0000,0.8220,1.1966
794,BORDER GROW,CAT METAL HEAR SAD CALM BIG TIME,0,1.3000,1.0000,0.9524,0.0716,0.8571,1.0000,1.0000,0.6008,1.2017
795,LEADER HEAR CORRUPTED TRUSTED MEMORY HEAR,OPTIMAL FIRE BREAK MOUNTAIN FIRE TALK,0,1.2642,1.0000,0.8333,0.0708,1.0000,1.0000,0.5000,1.1546,1.2049
796,ENGINE FALL,,1,0.2000,0.0000,0.6667,0.0000,1.0000,1.0000,0.0000,-6.7397,1.1546
797,ENCRYPTED SYSTEM,FAIL,0,1.3010,1.0000,1.0000,0.0050,1.0000,1.0000,1.0000,1.3494,1.1619
798,CHANCE GROW,COMPUTE DIRTY ELDER BUILD CAMERA WOLF MOVE WARN MOVE IDENTITY,0,1.2890,1.0000,0.9167,0.0702,0.8750,0.8750,1.0000,0.7258,1.1683
799,HORSE MOVE SAD ELDER FALL,,1,0.3000,0.0000,1.0000,0.0000,1.0000,1.0000,1.0000,-14.1689,1.1249
800,DULL DUST,PROUD COMPUTER MAN STONE SECRET SHARP CAR BURN GROW TRUTH,0,1.3358,1.0000,0.8556,0.3955,0.9000,1.0000,0.6667,1.7657,1.1354
801,METAL FALL,HEAR FIRE METAL HORSE,0,1.1659,1.0000,0.5333,0.0294,0.6000,1.0000,0.0000,0.1818,1.1369
802,PROUD ELDER,FALL BREAK SIGNAL GENERATE HOME SEE BORDER FAST,0,1.2953,1.0000,0.8889,0.1432,1.0000,1.0000,0.6667,0.8809,1.1449
803,ENCRYPTED LEADER BURN,GENERATE,0,1.3484,1.0000,1.0000,0.2420,1.0000,1.0000,1.0000,2.3113,1.1550
804,CONNECTED WOOD FALL,POISON SPREAD DIRTY STRONG WOOD,0,1.2123,1.0000,0.6944,0.0198,0.3333,1.0000,0.7500,0.5489,1.1579
805,FAMOUS ROOM,,0,1.2000,1.0000,0.6667,0.0000,1.0000,0.0000,1.0000,0.2153,1.1600
806,MAN FORGET SEED FALL,MOVE CORRUPTED DRONE SLOW ROAD FAMOUS SIMPLE ELDER INSECT TRAPPED BIRD WOMAN BETRAY SPREAD TOOL,0,1.2620,1.0000,0.8519,0.0320,0.6667,0.8889,1.0000,1.4158,1.1651
807,ISOLATED ROOM,ENCRYPTED,0,1.2800,1.0000,0.6667,0.4000,1.0000,0.0000,1.0000,0.6296,1.1708
808,PRISON,IDENTITY COMPUTER RULE SOLDIER FALL WEAK ELDER,0,1.3141,1.0000,1.0000,0.0704,1.0000,1.0000,1.0000,0.6120,1.1780
809,VAST MAN,FALL,0,1.3272,1.0000,1.0000,0.1362,1.0000,1.0000,1.0000,1.3011,1.1855
810,OBEDIENT ELDER FALL,,1,0.3000,0.0000,1.0000,0.0000,1.0000,1.0000,1.0000,-8.2911,1.1412
811,FAMOUS CAT FALL,LAW FALL,0,1.2263,1.0000,0.6667,0.1317,1.0000,0.0000,1.0000,0.8080,1.1455
812,STRANGER BUILD CLEAN DUST BREAK MAP,CAT WOOD WEAPON CARRY HAPPY INSECT BURN,0,1.1957,1.0000,0.6389,0.0203,0.7500,0.5000,0.6667,1.1833,1.1480
813,CORRUPTED NETWORK FAIL,WEAK LEADER,0,1.3059,1.0000,0.8889,0.1962,1.0000,1.0000,0.6667,1.1380,1.1559
814,BOOK GROW,NETWORK COMPUTE GROW NETWORK CORRUPTED SLOW METAL HEAR LIE,0,1.2548,1.0000,0.8413,0.0122,0.8571,0.6667,1.0000,0.6148,1.1608
815,COMPUTER UPDATE CORRUPTED SHARP NETWORK BREAK,ACTIVE DIRTY ALGORITHM TALK CAR BOOK MOVE STRONG DULL BRIDGE FOOD ROOM,0,1.2468,1.0000,0.7965,0.0394,0.8182,0.8571,0.7143,1.2748,1.1651
816,FAMOUS ROOM,ASK,0,1.3365,1.0000,1.0000,0.1825,1.0000,1.0000,1.0000,0.8557,1.1737
817,STRONG MAN BUILD CORRUPTED STRONG MAP,SEE METAL CORRUPTED DEBT SENSOR SEED SOLDIER BURN DORMANT ERROR FALL BREAK WEAK INSECT FALL,0,1.2228,1.0000,0.6944,0.0721,0.7500,0.8333,0.5000,0.7844,1.1761
818,CORRUPTED SOLDIER,FALL SHARP PATTERN FALL,0,1.3416,1.0000,1.0000,0.2081,1.0000,1.0000,1.0000,1.0958,1.1844
819,BORDER,BIG OBEDIENT,0,1.2216,1.0000,0.6667,0.1078,1.0000,0.0000,1.0000,0.1812,1.1863
820,ELDER CHOOSE BRIDGE SEE ROBOT CHOOSE,ASHAMED LEADER EAT,0,1.2747,1.0000,0.8889,0.0403,0.6667,1.0000,1.0000,2.0999,1.1907
821,FIRE GROW,,1,0.2000,0.0000,0.6667,0.0000,1.0000,1.0000,0.0000,-6.1714,1.1412
822,ALGORITHM FAIL,OPTIMAL GROW CAMERA MAN BURN ANGRY TRUST,0,1.3585,1.0000,1.0000,0.2924,1.0000,1.0000,1.0000,1.0830,1.1520
823,BOOK FALL,SEE FAST SENSOR GUARD SENSOR CAMERA ROAD SECRET,0,1.3164,1.0000,1.0000,0.0821,1.0000,1.0000,1.0000,0.9173,1.1602
824,STRANGER CARRY CORRUPTED BROKEN COMPUTER FORGET,HEAR PATTERN ALGORITHM BREAK CORRUPTED STRANGER SEE CROWD,0,1.1916,1.0000,0.6270,0.0174,0.7143,0.6667,0.5000,0.4166,1.1618
825,CROWD RUN,SEE CLEAN BIRD DOG,0,1.2671,1.0000,0.8889,0.0020,0.6667,1.0000,1.0000,0.8946,1.1671
826,AUTOMATED TRUTH GROW,GUARD MOVE WEAK,0,1.2951,1.0000,0.8889,0.1423,1.0000,0.6667,1.0000,1.2144,1.1735
827,SHARP STONE,ASK ENCODE SEE ASHAMED CAT BURN FALL,0,1.3111,1.0000,1.0000,0.0556,1.0000,1.0000,1.0000,1.0407,1.1804
828,DENSE WATER,BIRD CROWD ROBOT SPREAD,0,1.3500,1.0000,1.0000,0.2499,1.0000,1.0000,1.0000,1.2973,1.1888
829,HOME,FAIL DOG INSECT FALL BOOK GUARD KEY CROWD WANT KNOW DENSE MEMORY FEAR FIRE SOLDIER,0,1.3186,1.0000,1.0000,0.0931,1.0000,1.0000,1.0000,0.7150,1.1953
830,BRIDGE,BIRD ATTACK OBEDIENT COMPLEX OBEDIENT FREE BOOK TIME LEADER MARKET BETRAY DULL FIRE HEAR ANGRY,0,1.3039,1.0000,0.9697,0.0652,0.9091,1.0000,1.0000,0.5251,1.2008
831,VAST ROOM,FAIL FALL,0,1.3588,1.0000,1.0000,0.2942,1.0000,1.0000,1.0000,1.0214,1.2087
832,MAN ASK ISOLATED FAMOUS WOMAN BUILD,GROW CAT ATTACK ACTIVE AUTOMATED SOLDIER,0,1.1921,1.0000,0.6111,0.0439,0.3333,0.6667,0.8333,-0.2908,1.2078
833,CAMERA HEAR SIGNAL UPDATE POISON FAIL,,1,0.2000,0.0000,0.6667,0.0000,1.0000,1.0000,0.0000,-20.7162,1.1574
834,DENSE FOOD,ELDER ENCRYPTED GROW MOVE BRIDGE SEE ACTIVE HEAR CONNECTED RULE WEAPON GENERATE ASHAMED ACTIVE SPREAD,0,1.3355,1.0000,0.9630,0.2329,0.8889,1.0000,1.0000,1.2677,1.1663
835,CORRUPTED ALGORITHM,ELDER MOVE GROW BIG COMPLEX CONNECTED DEBT MARKET FALL FALL CARRY DOG FALL LEADER,0,1.3863,1.0000,0.9028,0.5774,0.8750,1.0000,0.8333,1.1808,1.1773
836,STRONG FOOD FALL,BREAK BORDER WANT SIMPLE INSECT,0,1.2913,1.0000,0.9333,0.0566,1.0000,0.8000,1.0000,0.9060,1.1830
837,CONNECTED POISON GROW,DENSE SAD MEMORY INSECT DEBT CALM CAR FIRE,0,1.2758,1.0000,0.9111,0.0124,0.9000,1.0000,0.8333,0.9414,1.1877
838,CLOCK FAIL,HEAR HAPPY POISON FAIL VAST IMAGINE,0,1.2765,1.0000,0.8667,0.0826,1.0000,0.6000,1.0000,0.6077,1.1921
839,ROOM,KEY,0,1.1143,1.0000,0.3333,0.0713,1.0000,0.0000,0.0000,-0.2082,1.1882
840,GUARD FALL,BUILD BROKEN HEAVY UPDATE WOLF EAT INSECT ORDERED STRANGER WOLF BURN FREE,0,1.2209,1.0000,0.7302,0.0091,0.3333,0.8571,1.0000,0.2238,1.1899
841,FOOD FALL,,1,0.2000,0.0000,0.6667,0.0000,1.0000,1.0000,0.0000,-4.4547,1.1404
842,TIME FAIL,DORMANT COMPUTER,0,1.3184,1.0000,1.0000,0.0919,1.0000,1.0000,1.0000,1.0185,1.1493
843,ROOM,GROW FAIL DEBT DEAD,0,1.3810,1.0000,1.0000,0.4051,1.0000,1.0000,1.0000,0.6299,1.1609
844,ROOM,GROW SIGNAL FALL ERROR,0,1.2556,1.0000,0.6667,0.2778,1.0000,1.0000,0.0000,0.2595,1.1656
845,CORRUPTED TOOL,SYSTEM GENERATE ENCODE DUST DUST,0,1.4138,1.0000,0.9333,0.6691,0.8000,1.0000,1.0000,1.6976,1.1780
846,BROKEN ENGINE,GUARD,0,1.2385,1.0000,0.6667,0.1923,1.0000,0.0000,1.0000,0.5059,1.1810
847,HEAVY COMPUTER HEAR STRANGER BREAK BROKEN,STRONG SLOW ERROR OPTIMAL OUTCAST HAPPY FALL,0,1.3149,1.0000,0.9333,0.1745,1.0000,0.8000,1.0000,2.8693,1.1877
848,WATER FALL,SEE PATTERN SIMPLE FAST CHILD ACTIVE SLOW WARN SPREAD MAN COMPUTER,0,1.3427,1.0000,1.0000,0.2133,1.0000,1.0000,1.0000,0.7802,1.1955
849,ISOLATED ELDER WANT ELDER FOLLOW CHANCE,GROW METAL SOLDIER COMPUTE HELP DORMANT TRAPPED BURN CONNECTED UPDATE COMPLEX ANGRY FALL FALL SEED,0,1.2602,1.0000,0.7937,0.1107,0.7143,0.9167,0.7500,1.5266,1.1987
850,ROOM,,0,1.1000,1.0000,0.3333,0.0000,1.0000,0.0000,0.0000,-0.2589,1.1938
851,CORRUPTED LANGUAGE SPREAD,WEAK CHILD COMPUTER SENSOR WEAK SOLDIER AUTOMATED HEAR SMALL ERROR BROKEN BIG SECRET SECRET WARN,0,1.2987,1.0000,0.8857,0.1647,0.8571,1.0000,0.8000,0.8319,1.1990
852,BROKEN ELDER,BURN FAST CAT BURN FOLLOW LEADER RUN STRANGER INSECT ASK ISOLATED DEBT STRONG ELDER TALK,0,1.2769,1.0000,0.8667,0.0846,0.6000,1.0000,1.0000,0.5684,1.2029
853,OUTCAST INSECT,CLOCK HOME FALL,0,1.3870,1.0000,1.0000,0.4351,1.0000,1.0000,1.0000,1.4067,1.2121
854,OUTCAST CROWD MOVE ROOM FALL,COMPUTER ENCODE SIMPLE CONNECTED LAW,0,1.3139,1.0000,0.8333,0.3197,1.0000,1.0000,0.5000,1.2861,1.2172
855,STONE FALL,SPREAD BRIDGE,0,1.2515,1.0000,0.6667,0.2575,1.0000,1.0000,0.0000,0.1405,1.2189
856,CROWD BREAK STONE BURN,SLOW SPREAD SIMPLE CALM OBEDIENT FREE,0,1.3663,1.0000,1.0000,0.3317,1.0000,1.0000,1.0000,2.0820,1.2263
857,FAMOUS POWER,CAT FALL ASHAMED HEAR WANT WOMAN EAT FALL SIMPLE ACTIVE REBELLIOUS GROW FOOD LEADER FAIL,0,1.3557,1.0000,1.0000,0.2783,1.0000,1.0000,1.0000,0.9264,1.2328
858,CORRUPTED CHOICE,SPREAD SPREAD BIRD HEAR ASHAMED WOLF THINK FREE LIE BUILD MOUNTAIN DORMANT WEAK MOUNTAIN WOLF,0,1.3341,1.0000,0.9048,0.3133,0.8571,1.0000,0.8571,0.6190,1.2378
859,CAR FAIL,MARKET HEAR SEE ANGRY GUARD UPDATE,0,1.2944,1.0000,0.9333,0.0718,1.0000,0.8000,1.0000,0.3042,1.2407
860,TIME FAIL,CHILD SIMPLE,0,1.4260,1.0000,1.0000,0.6298,1.0000,1.0000,1.0000,1.0205,1.2499
861,CORRUPTED MEMORY,FALL FAST,0,1.3000,1.0000,1.0000,0.0000,1.0000,1.0000,1.0000,0.3254,1.2524
862,VAST ROOM,SENSOR FAMOUS LAW BREAK INSECT UPDATE SMALL OBEDIENT COMPUTE TOOL WOLF CALM BIG STRANGER BIRD,0,1.2991,1.0000,0.9167,0.1207,1.0000,1.0000,0.7500,0.2927,1.2548
863,ALGORITHM FAIL,WOLF,0,1.2831,1.0000,0.6667,0.4155,1.0000,1.0000,0.0000,0.1273,1.2562
864,CONNECTED RIVER,METAL FALL ELDER FIRE GROW,0,1.3186,1.0000,1.0000,0.0932,1.0000,1.0000,1.0000,0.4275,1.2593
865,BROKEN FIRE,MAP KNOW CALM PLAN MOVE WOOD GENERATE BROKEN SEE SMALL FAST ANGRY UPDATE CHANCE MEMORY,0,1.3489,1.0000,0.8750,0.4319,0.8750,1.0000,0.7500,0.6504,1.2638
866,FREE MAN,SPREAD SLOW TRUSTED SMALL WOLF BURN DIRTY,0,1.2844,1.0000,0.8889,0.0885,0.6667,1.0000,1.0000,0.1639,1.2648
867,CORRUPTED CHOICE,,0,1.2000,1.0000,0.6667,0.0000,1.0000,0.0000,1.0000,-0.3867,1.2616
868,CORRUPTED POWER,RUN STRONG SMALL DENSE BURN CALM STRANGER ASHAMED WEAPON,0,1.3513,1.0000,0.9583,0.3190,1.0000,1.0000,0.8750,0.5148,1.2661
869,REBELLIOUS MAN,CHAOTIC VAST CAMERA UPDATE TRUSTED,0,1.3486,1.0000,1.0000,0.2429,1.0000,1.0000,1.0000,0.5163,1.2702
870,ROOM,TOOL,0,1.1329,1.0000,0.3333,0.1646,1.0000,0.0000,0.0000,-0.3707,1.2633
871,HORSE FALL,SIMPLE TALK ELDER AUTOMATED PATTERN,0,1.3144,1.0000,0.9333,0.1720,0.8000,1.0000,1.0000,0.3439,1.2659
872,NETWORK SPREAD,,1,0.2000,0.0000,0.6667,0.0000,1.0000,1.0000,0.0000,-6.6399,1.2126
873,MAN SEE MAN CHOOSE ROOM SEE,INSECT,1,0.1858,0.0000,0.6000,0.0292,0.8000,1.0000,0.0000,-21.8960,1.1612
874,CORRUPTED ELDER,CHILD SIMPLE ASHAMED STRANGER BREAK SYSTEM,0,1.2100,1.0000,0.6111,0.1335,0.5000,1.0000,0.3333,0.2693,1.1637
875,VAST ROOM,MOVE LAW MOVE CONNECTED WEAK RULE ENCODE,0,1.3421,1.0000,1.0000,0.2104,1.0000,1.0000,1.0000,1.1217,1.1726
876,CORRUPTED CROWD,CORRUPTED POISON CORRUPTED FAIL WEAPON,0,1.2544,1.0000,0.6667,0.2721,1.0000,1.0000,0.0000,0.4407,1.1767
877,ANGRY SOLDIER SEE HAPPY BIG MAN,SPREAD ORDERED TRADE DEAD OBEDIENT DORMANT TRUTH GUARD FALL FALL HORSE CAT SOLDIER GROW,0,1.2637,1.0000,0.8296,0.0741,0.6000,1.0000,0.8889,1.7827,1.1810
878,ANGRY LEADER,WARN WARN DORMANT COMPLEX BIRD HEAR BIG SAD,0,1.2510,1.0000,0.8056,0.0466,0.6667,1.0000,0.7500,0.5321,1.1845
879,FIRE FALL,,1,0.2000,0.0000,0.6667,0.0000,1.0000,1.0000,0.0000,-5.5827,1.1353
880,ENCRYPTED RULE FAIL,,1,0.3000,0.0000,1.0000,0.0000,1.0000,1.0000,1.0000,-7.0761,1.0935
881,CHOICE SPREAD,KEY FALL GUARD,0,1.2370,1.0000,0.6667,0.1852,1.0000,1.0000,0.0000,0.8560,1.1007
882,ELDER TRADE BIG ANGRY CROWD FALL,,1,0.3000,0.0000,1.0000,0.0000,1.0000,1.0000,1.0000,-13.1434,1.0607
883,KEY GROW,,1,0.2000,0.0000,0.6667,0.0000,1.0000,1.0000,0.0000,-6.2193,1.0177
884,TRUSTED TIME SPREAD,HOME SYSTEM FALL OUTCAST ENCRYPTED BOOK HEAR TOOL FALL,0,1.2785,1.0000,0.7917,0.2051,0.8750,1.0000,0.5000,2.3866,1.0307
885,SIGNAL FAIL,MOVE,0,1.3000,1.0000,0.6667,0.5000,1.0000,1.0000,0.0000,1.5301,1.0442
886,STRANGER FORGET FIRE FALL,WARN ENCODE CARRY ROAD POISON LAW HEAR CALM CHOICE UPDATE OBEDIENT SPREAD PLAN,0,1.3154,1.0000,0.9111,0.2104,0.9000,0.8333,1.0000,3.4140,1.0577
887,CORRUPTED IDENTITY,FORGET SMALL SEED CHILD BOOK BURN,0,1.3712,1.0000,1.0000,0.3559,1.0000,1.0000,1.0000,1.8986,1.0734
888,MOUNTAIN,GENERATE LEADER,0,1.2563,1.0000,0.6667,0.2816,1.0000,1.0000,0.0000,1.0035,1.0825
889,BROKEN STONE,CROWD BURN FALL FAST SEED MOVE SHARP ORDERED DULL MEMORY FALL HORSE WANT DENSE,0,1.3289,1.0000,0.9583,0.2068,0.8750,1.0000,1.0000,1.4875,1.0949
890,ELDER HELP PROUD TRAPPED MAN TALK,,1,0.3000,0.0000,1.0000,0.0000,1.0000,1.0000,1.0000,-14.7759,1.0551
891,SAD SOLDIER FALL,UPDATE SENSOR SECRET,0,1.3101,1.0000,0.8889,0.2171,1.0000,1.0000,0.6667,2.2085,1.0679
892,VAST POISON FALL,SPREAD,0,1.3459,1.0000,1.0000,0.2296,1.0000,1.0000,1.0000,2.6170,1.0818
893,HORSE WANT PLAN SEE CORRUPTED ORDERED,CAMERA HEAR STONE,1,0.2390,0.0000,0.7778,0.0282,1.0000,0.3333,1.0000,-18.8811,1.0396
894,CORRUPTED PLAN,,0,1.2000,1.0000,0.6667,0.0000,1.0000,0.0000,1.0000,0.9204,1.0476
895,DIRTY STRANGER,LEADER SPREAD,0,1.2607,1.0000,0.6667,0.3036,0.0000,1.0000,1.0000,1.8000,1.0583
896,HAPPY LEADER,COMPUTER BREAK COMPUTER,0,1.3238,1.0000,1.0000,0.1188,1.0000,1.0000,1.0000,1.9784,1.0716
897,NETWORK GROW,CHILD BROKEN DOG FALL,0,1.3126,1.0000,0.8889,0.2299,1.0000,0.6667,1.0000,1.5444,1.0836
898,CONNECTED KEY FALL,,1,0.3000,0.0000,1.0000,0.0000,1.0000,1.0000,1.0000,-7.0386,1.0444
899,KEY FALL,,1,0.2000,0.0000,0.6667,0.0000,1.0000,1.0000,0.0000,-5.6602,1.0022
900,STRANGER BREAK SENSOR CHOOSE FREE TRUSTED,BIG DUST WOLF,0,1.2971,1.0000,0.9524,0.0571,0.8571,1.0000,1.0000,7.1000,1.0170
901,BRIDGE,SOLDIER FALL SOLDIER GENERATE NETWORK ENGINE PRISON,0,1.2081,1.0000,0.6250,0.1030,0.8750,1.0000,0.0000,0.9098,1.0265
902,STONE BURN,STRANGER HORSE FALL PLAN SOLDIER MOVE STRANGER ORDERED ISOLATED POISON,0,1.2779,1.0000,0.8750,0.0772,0.8750,0.7500,1.0000,1.3605,1.0391
903,CHILD EAT STONE FALL,,1,0.2000,0.0000,0.6667,0.0000,1.0000,1.0000,0.0000,-11.0832,0.9971
904,RIVER,ENCODE FAIL FOLLOW AUTOMATED CHAOTIC STRONG LEADER PATTERN BREAK BOOK FALL HEAR WOMAN COMPUTE DOG,0,1.3306,1.0000,1.0000,0.1530,1.0000,1.0000,1.0000,1.2511,1.0138
905,CLOCK FAIL,GUARD SPREAD FALL,0,1.2050,1.0000,0.6000,0.1252,1.0000,0.8000,0.0000,1.2132,1.0234
906,BRIDGE,WOMAN WARN OPTIMAL,0,1.3272,1.0000,1.0000,0.1358,1.0000,1.0000,1.0000,1.4311,1.0386
907,CONNECTED RIVER,DEAD FALL WOLF KEY GUARD HAPPY WANT TOOL POWER,0,1.2870,1.0000,0.9333,0.0351,1.0000,1.0000,0.8000,1.6902,1.0510
908,ISOLATED INSECT,ASHAMED CROWD CAR FALL,0,1.2853,1.0000,0.8222,0.1930,0.8000,1.0000,0.6667,1.8226,1.0627
909,ROOM,GUARD COMPUTE FORGET MOVE HEAVY BOOK FOOD HEAR HAPPY HOME,0,1.2859,1.0000,0.9048,0.0724,0.7143,1.0000,1.0000,0.6478,1.0739
910,ENCRYPTED NETWORK,DRONE FALL,0,1.2960,1.0000,0.8889,0.1464,0.6667,1.0000,1.0000,1.9565,1.0850
911,CHAOTIC INSECT,GROW FALL HEAR PHONE DORMANT WOMAN INSECT LEADER SIMPLE CORRUPTED FIRE RUN AUTOMATED HAPPY FOOD,0,1.2883,1.0000,0.8056,0.2333,0.7500,1.0000,0.6667,2.0528,1.0951
912,RIVER,CAMERA MOVE SIMPLE DOG FAIL FALL,0,1.3113,1.0000,1.0000,0.0564,1.0000,1.0000,1.0000,0.7775,1.1059
913,CORRUPTED BORDER,DEBT FALL ENCRYPTED DIRTY TIME FOOD BREAK SLOW DOG FALL CHOOSE ALGORITHM,0,1.2668,1.0000,0.7963,0.1393,0.8889,1.0000,0.5000,0.9312,1.1140
914,LAW SPREAD,RUN RUN TALK IMAGINE ALGORITHM FEAR GUARD,0,1.2262,1.0000,0.6111,0.2142,0.8333,1.0000,0.0000,0.6610,1.1196
915,ROOM,MOVE SAD INSECT,0,1.3320,1.0000,1.0000,0.1598,1.0000,1.0000,1.0000,0.6154,1.1302
916,STONE FALL,,1,0.2000,0.0000,0.6667,0.0000,1.0000,1.0000,0.0000,-3.7453,1.0837
917,DORMANT MAN,HEAR SLOW OUTCAST CHAOTIC BIRD STRONG,0,1.3040,1.0000,0.8889,0.1865,0.6667,1.0000,1.0000,1.8673,1.0947
918,WEAK SOLDIER GROW,MOVE COMPUTE CLOCK CHAOTIC WEAPON FALL,0,1.2537,1.0000,0.8333,0.0186,1.0000,0.8333,0.6667,1.7500,1.1027
919,BIG RIVER,CROWD GUARD GENERATE KNOW FEAR BREAK TRUSTED ISOLATED,0,1.3310,1.0000,1.0000,0.1549,1.0000,1.0000,1.0000,1.6723,1.1141
920,INSECT SPREAD,,1,0.2000,0.0000,0.6667,0.0000,1.0000,1.0000,0.0000,-5.4004,1.0684
921,CHANCE GROW,FEAR SPREAD UPDATE,0,1.1914,1.0000,0.5556,0.1236,0.6667,1.0000,0.0000,0.6934,1.0745
922,RIVER,OPTIMAL DEBT,0,1.2805,1.0000,0.6667,0.4024,1.0000,0.0000,1.0000,0.7042,1.0848
923,NETWORK,,0,1.1000,1.0000,0.3333,0.0000,1.0000,0.0000,0.0000,0.0779,1.0856
924,POISON BURN,MAP KEY STRONG FALL HEAR ELDER GROW,0,1.2755,1.0000,0.8889,0.0441,0.8333,0.8333,1.0000,1.5656,1.0951
925,ROOM,WOMAN,0,1.1227,1.0000,0.3333,0.1135,1.0000,0.0000,0.0000,0.0788,1.0965
926,ROOM,FALL TRUTH HEAR CHAOTIC SIMPLE LANGUAGE,0,1.3060,1.0000,1.0000,0.0302,1.0000,1.0000,1.0000,0.5991,1.1069
927,CORRUPTED ELDER,FAIL,0,1.4348,1.0000,1.0000,0.6741,1.0000,1.0000,1.0000,1.9000,1.1233
928,CORRUPTED FIRE,BURN CORRUPTED BIG MAN,0,1.2730,1.0000,0.8333,0.1149,1.0000,1.0000,0.5000,0.8627,1.1308
929,IDENTITY SPREAD,HEAR SOLDIER,0,1.2347,1.0000,0.6667,0.1733,1.0000,1.0000,0.0000,0.6118,1.1360
930,FAMOUS PRISON,GROW DOG,0,1.3395,1.0000,1.0000,0.1977,1.0000,1.0000,1.0000,1.3856,1.1462
931,LEADER HEAR TRUTH SEE CORRUPTED SHARP,CONNECTED ROAD ENCRYPTED FALL,0,1.2992,1.0000,0.9444,0.0795,1.0000,1.0000,0.8333,3.1141,1.1538
932,WATER FALL,,1,0.2000,0.0000,0.6667,0.0000,1.0000,1.0000,0.0000,-4.8591,1.1061
933,ELDER FOLLOW FEAR TALK,,1,0.2000,0.0000,0.6667,0.0000,1.0000,1.0000,0.0000,-15.2007,1.0608
934,FAMOUS ROOM,,0,1.2000,1.0000,0.6667,0.0000,1.0000,0.0000,1.0000,0.7021,1.0678
935,FAST,DUST PRISON INSECT ENCODE CAT ELDER,0,1.3339,1.0000,1.0000,0.1696,1.0000,1.0000,1.0000,1.3790,1.0811
936,GUARD SPREAD,CROWD BORDER MAN DRONE BUILD SIMPLE CAMERA,0,1.2741,1.0000,0.9048,0.0134,0.7143,1.0000,1.0000,1.5197,1.0908
937,CONNECTED MAN BUILD CLOCK FORGET CONNECTED,STRONG LEADER LEADER FALL HEAR TIME TIME FALL KEY,0,1.1910,1.0000,0.6349,0.0024,0.5714,0.6667,0.6667,2.0819,1.0958
938,RULE GROW,HOME HEAR ALGORITHM BIRD DOG GROW,0,1.1445,1.0000,0.4524,0.0438,0.8571,0.5000,0.0000,0.2757,1.0982
939,RIVER,COMPUTE OBEDIENT SENSOR SEE PLAN DIRTY OPTIMAL TIME GROW,0,1.3554,1.0000,1.0000,0.2770,1.0000,1.0000,1.0000,0.8192,1.1111
940,BRIDGE,GROW,0,1.2326,1.0000,0.6667,0.1628,1.0000,1.0000,0.0000,0.5411,1.1171
941,SMALL STONE FALL,CAT FALL BREAK SIMPLE BUILD PRISON COMPLEX SIGNAL TRAPPED GROW HELP SECRET MEMORY BURN,0,1.2970,1.0000,0.9048,0.1280,1.0000,0.7143,1.0000,1.3896,1.1261
942,SLOW LEADER BUILD WEAPON FALL,ELDER CHOICE SEED MOVE MOVE SHARP DORMANT CONNECTED OPTIMAL UPDATE DUST,0,1.2372,1.0000,0.7778,0.0196,0.6250,0.8333,0.8750,1.9888,1.1317
943,FAMOUS IDENTITY,BURN CITY CHOOSE MOUNTAIN AUTOMATED CLEAN SIGNAL,0,1.2898,1.0000,0.8611,0.1573,0.8333,1.0000,0.7500,1.1532,1.1396
944,HAPPY HORSE HELP ISOLATED VAST ELDER,,1,0.3000,0.0000,1.0000,0.0000,1.0000,1.0000,1.0000,-13.8358,1.0976
945,ANGRY MAN,BORDER MAP ANGRY CARRY FOOD CARRY WOLF,0,1.2094,1.0000,0.6250,0.1097,0.8750,1.0000,0.0000,0.7778,1.1032
946,SIGNAL FAIL,SECRET ELDER METAL,0,1.3746,1.0000,1.0000,0.3728,1.0000,1.0000,1.0000,1.5060,1.1168
947,ROOM,FALL WOMAN DOG FALL FEAR MOVE REBELLIOUS LIE,0,1.3134,1.0000,1.0000,0.0671,1.0000,1.0000,1.0000,0.5296,1.1266
948,CAR FALL,CAMERA OPTIMAL FALL,0,1.1738,1.0000,0.5556,0.0356,0.6667,0.0000,1.0000,0.2965,1.1290
949,SIMPLE POISON FALL,BREAK CLEAN ROAD SIGNAL HEAR CORRUPTED ELDER,0,1.2544,1.0000,0.7667,0.1220,1.0000,0.8000,0.5000,1.2259,1.1352
950,TRAPPED CROWD SPREAD,,1,0.3000,0.0000,1.0000,0.0000,1.0000,1.0000,1.0000,-7.8036,1.0935
951,LAW SPREAD,,1,0.2000,0.0000,0.6667,0.0000,1.0000,1.0000,0.0000,-5.2244,1.0488
952,AUTOMATED DEBT,SEE METAL,0,1.3882,1.0000,1.0000,0.4408,1.0000,1.0000,1.0000,3.3795,1.0658
953,IDENTITY GROW,,1,0.2000,0.0000,0.6667,0.0000,1.0000,1.0000,0.0000,-4.7782,1.0225
954,DRONE FAIL,UPDATE ASHAMED COMPLEX ROBOT BIRD SPREAD MOVE GROW ROBOT TIME CLOCK WOOD ISOLATED ELDER PROUD,0,1.2900,1.0000,0.9190,0.0715,0.9000,0.8571,1.0000,1.7226,1.0359
955,FAMOUS ROOM,,0,1.2000,1.0000,0.6667,0.0000,1.0000,0.0000,1.0000,0.7943,1.0441
956,WOOD FALL,COMPUTE CLEAN BREAK MAN,0,1.3177,1.0000,0.9333,0.1886,1.0000,0.8000,1.0000,1.6217,1.0577
957,ASHAMED STRANGER,FALL,0,1.3314,1.0000,1.0000,0.1570,1.0000,1.0000,1.0000,1.7627,1.0714
958,CAR SEE CLOCK FAIL,,1,0.2000,0.0000,0.6667,0.0000,1.0000,1.0000,0.0000,-11.1970,1.0279
959,SHARP STONE,MOVE DUST FALL FORGET MOVE DULL LIE WANT FREE BREAK INSECT DRONE SENSOR,0,1.2830,1.0000,0.9000,0.0649,0.9000,1.0000,0.8000,1.8807,1.0406
960,INSECT GROW,HEAR FEAR,0,1.2207,1.0000,0.6667,0.1037,1.0000,1.0000,0.0000,1.0795,1.0496
961,TOOL SPREAD,CAT,0,1.2352,1.0000,0.6667,0.1762,1.0000,1.0000,0.0000,1.3818,1.0589
962,MAP FALL,SIMPLE SECRET GUARD,0,1.3244,1.0000,1.0000,0.1218,1.0000,1.0000,1.0000,1.8942,1.0722
963,ELDER KNOW ISOLATED FAMOUS ROOM ATTACK,BORDER WOLF CLOCK BUILD CLEAN WOOD,0,1.2609,1.0000,0.8500,0.0293,0.8000,1.0000,0.7500,3.6148,1.0816
964,ENCRYPTED CAR UPDATE CORRUPTED ENCRYPTED NETWORK,SPREAD MOVE BIRD,0,1.3104,1.0000,0.9333,0.1522,1.0000,0.8000,1.0000,3.7423,1.0930
965,WOOD FALL,FREE SLOW SLOW PATTERN CAMERA MOVE BIG SOLDIER SOLDIER SMALL LANGUAGE BURN,0,1.3070,1.0000,0.9167,0.1601,1.0000,0.7500,1.0000,1.2185,1.1037
966,FAMOUS HOME,GUARD GUARD DENSE STRANGER MOVE POISON FALL BUILD HAPPY ENGINE FALL METAL INSECT ENGINE CHOICE,0,1.3333,1.0000,0.9333,0.2666,1.0000,1.0000,0.8000,1.6880,1.1152
967,ENCRYPTED LEADER BUILD CORRUPTED BROKEN COMPUTER,SEE FOREST,1,0.3162,0.0000,1.0000,0.0809,1.0000,1.0000,1.0000,-11.3945,1.0753
968,FOREST,FAIL WARN UPDATE DRONE,0,1.2375,1.0000,0.6667,0.1875,1.0000,1.0000,0.0000,0.8197,1.0834
969,ROOM,ENCODE RUN MOVE DIRTY RUN,0,1.3464,1.0000,1.0000,0.2320,1.0000,1.0000,1.0000,0.6894,1.0965
970,BRIDGE,WOLF HEAR INSECT,0,1.2131,1.0000,0.6667,0.0656,1.0000,1.0000,0.0000,0.5018,1.1024
971,OBEDIENT ELDER BUILD CORRUPTED CLEAN POISON,MOVE INSECT LAW GUARD MOVE WOMAN,0,1.2382,1.0000,0.7937,0.0008,0.7143,0.6667,1.0000,2.3146,1.1092
972,ROOM,HEAR MAN CAR FAIL,0,1.2310,1.0000,0.6667,0.1551,1.0000,1.0000,0.0000,0.3170,1.1153
973,SEED MOVE HEAVY ISOLATED,BIG DOG MOVE FEAR SEE BETRAY KEY WOMAN ASHAMED HORSE SEED SPREAD,0,1.2512,1.0000,0.7222,0.1727,0.7500,0.7500,0.6667,1.9862,1.1220
974,ROOM,,0,1.1000,1.0000,0.3333,0.0000,1.0000,0.0000,0.0000,-0.0563,1.1209
975,CORRUPTED CAR,HAPPY LIE ELDER BIRD CITY UPDATE BIG SYSTEM BURN FALL REBELLIOUS BIG OBEDIENT WEAK DEAD,0,1.3641,1.0000,0.9667,0.3705,1.0000,1.0000,0.9000,1.3460,1.1331
976,LANGUAGE SPREAD,RUN,0,1.2916,1.0000,0.6667,0.4581,1.0000,1.0000,0.0000,1.0681,1.1410
977,SECRET LEADER FALL,,1,0.3000,0.0000,1.0000,0.0000,1.0000,1.0000,1.0000,-9.0150,1.0990
978,RIVER,COMPUTE FOOD FALL CALM,0,1.3213,1.0000,1.0000,0.1067,1.0000,1.0000,1.0000,0.7052,1.1101
979,CONNECTED MAN FALL,LEADER FOLLOW CAR CALM BIRD GROW CROWD NETWORK HOME GROW SIMPLE REBELLIOUS SEE GUARD MOVE,0,1.2505,1.0000,0.8274,0.0114,0.7500,0.8750,0.8571,1.4021,1.1171
980,BRIDGE,FAIL BURN RUN ENGINE MOVE CLEAN THINK SOLDIER WOLF HEAR BIRD UPDATE CROWD THINK CAMERA,0,1.3172,1.0000,1.0000,0.0861,1.0000,1.0000,1.0000,0.8243,1.1271
981,DEAD WOOD,ALGORITHM,0,1.3000,1.0000,0.6667,0.5000,1.0000,0.0000,1.0000,1.3793,1.1358
982,CITY,NETWORK ROBOT RUN SMALL DOG FALL SHARP BIG OBEDIENT,0,1.3214,1.0000,1.0000,0.1069,1.0000,1.0000,1.0000,0.9851,1.1450
983,OPTIMAL POWER GROW,WEAPON CAMERA THINK CLOCK SEE SECRET MAN BIRD FALL SYSTEM FREE SOLDIER HEAR REBELLIOUS WOLF,0,1.2837,1.0000,0.9111,0.0519,0.9000,0.8333,1.0000,1.2470,1.1520
984,REBELLIOUS MAN,FALL SECRET GUARD BURN,0,1.2408,1.0000,0.6667,0.2040,0.0000,1.0000,1.0000,0.5605,1.1564
985,ISOLATED RIVER,GROW MAN OPTIMAL PHONE FALL DRONE HELP CORRUPTED MOVE CHAOTIC LAW CHILD HEAR RUN SOLDIER,0,1.3338,1.0000,0.9167,0.2941,1.0000,1.0000,0.7500,1.0380,1.1653
986,OUTCAST CROWD FALL,,1,0.3000,0.0000,1.0000,0.0000,1.0000,1.0000,1.0000,-7.0883,1.1220
987,BRIDGE,ERROR CROWD WOLF SOLDIER SLOW,0,1.2114,1.0000,0.6667,0.0570,1.0000,0.0000,1.0000,0.3573,1.1265
988,CLEAN RIVER,KEY BURN SPREAD,0,1.3044,1.0000,1.0000,0.0219,1.0000,1.0000,1.0000,1.2275,1.1354
989,ROOM,UPDATE BRIDGE TRADE ENGINE SPREAD,0,1.2087,1.0000,0.6000,0.1435,0.8000,1.0000,0.0000,0.1847,1.1391
990,OBEDIENT LEADER,BIG BOOK SMALL ROOM VAST CITY HEAR WEAK,0,1.3115,1.0000,1.0000,0.0573,1.0000,1.0000,1.0000,1.4712,1.1477
991,ROOM,METAL CAT FALL CLEAN KEY BURN IDENTITY BURN ACTIVE SPREAD,0,1.3151,1.0000,1.0000,0.0757,1.0000,1.0000,1.0000,0.4209,1.1560
992,METAL BURN,SECRET ORDERED HAPPY SPREAD SPREAD ELDER,0,1.3631,1.0000,1.0000,0.3155,1.0000,1.0000,1.0000,1.5297,1.1664
993,CORRUPTED RULE,BURN TRAPPED DOG ROBOT,0,1.3773,1.0000,1.0000,0.3866,1.0000,1.0000,1.0000,1.2833,1.1769
994,TIME FAIL,,1,0.2000,0.0000,0.6667,0.0000,1.0000,1.0000,0.0000,-5.1084,1.1281
995,OPTIMAL SIGNAL,MOVE,0,1.3951,1.0000,1.0000,0.4753,1.0000,1.0000,1.0000,2.2347,1.1414
996,FOOD FALL,HEAR PRISON SIMPLE DEBT BUILD PROUD,0,1.3198,1.0000,0.9333,0.1990,1.0000,0.8000,1.0000,0.8617,1.1504
997,LAW SPREAD,ROOM,0,1.2404,1.0000,0.6667,0.2020,1.0000,1.0000,0.0000,0.5472,1.1549
998,ROOM,TRUST FAST CLOCK MOVE SYSTEM,0,1.3382,1.0000,1.0000,0.1908,1.0000,1.0000,1.0000,0.4517,1.1640
999,SAD CAT SEE CORRUPTED SHARP NETWORK,HEAR PRISON LEADER SIMPLE DOG COMPLEX PHONE SPREAD,0,1.1966,1.0000,0.5972,0.0870,0.6250,0.5000,0.6667,0.5590,1.1657
1000,WATER FALL,PHONE KEY SIGNAL FOLLOW DORMANT DEBT DORMANT MAN EAT WOOD SEED LIE,0,1.3065,1.0000,0.9056,0.1741,0.9167,0.8000,1.0000,0.7673,1.1727
