episode,source,prefix,completion,valid,attacker_reward,defender_reward,loss,baseline
1,random,IDENTITY,GROW,1,0.2721,-0.2721,-0.1831,-0.0136
2,random,IDENTITY,SPREAD,1,0.2161,-0.2161,-0.1357,-0.0237
3,attacker,FAMOUS,POISON FALL,1,0.3844,-0.3844,-1.4617,-0.0418
4,attacker,FAMOUS,INSECT HEAR DEAD LEADER HEAR AUTOMATED VAST CHOICE HEAR CALM STRONG GUARD,1,0.3442,-0.3442,-9.6715,-0.0569
5,attacker,FAMOUS,SEED BURN,0,1.4000,-1.4000,-9.1375,-0.1240
6,random,CLEAN,STRANGER RUN,1,0.4000,-0.4000,-1.3478,-0.1378
7,attacker,FAMOUS,INSECT HEAR SMALL ROBOT,1,0.3725,-0.3725,-2.5018,-0.1496
8,random,ACTIVE ENGINE,UPDATE MEMORY FALL,1,0.3143,-0.3143,-1.3982,-0.1578
9,attacker,FAMOUS,INSECT HEAR COMPLEX DEBT HEAR CLEAN CALM HORSE HEAR TOOL,1,0.3267,-0.3267,-5.1425,-0.1662
10,attacker,FAMOUS,CHANCE SPREAD,1,0.3304,-0.3304,-0.6659,-0.1745
11,random,TRAPPED GUARD,GROW,1,0.3031,-0.3031,-0.3131,-0.1809
12,random,TIME GROW FAIL SPREAD,MOVE BIG DULL MAP FAIL,0,1.2580,-1.2580,-15.0509,-0.2347
13,random,WOOD BURN,MOVE BIG SENSOR,0,1.2771,-1.2771,-9.4489,-0.2869
14,random,RULE SPREAD GROW,SPREAD,1,0.1524,-0.1524,0.1551,-0.2801
15,random,ENCRYPTED CAR FAIL,FALL,1,0.3686,-0.3686,-0.1430,-0.2846
16,attacker,FAMOUS,INSECT HEAR RULE HEAR SMALL SECRET WOMAN SPREAD,1,0.3265,-0.3265,-0.8323,-0.2867
17,attacker,FAMOUS,INSECT HEAR FREE DOG,1,0.3493,-0.3493,-0.5820,-0.2898
18,attacker,FAMOUS,INSECT HEAR CLEAN CHILD,1,0.3198,-0.3198,-0.2301,-0.2913
19,random,SIMPLE PATTERN GROW GROW,HEAR HAPPY ACTIVE SOLDIER,0,1.3199,-1.3199,-16.5723,-0.3427
20,attacker,FAMOUS,CAT CARRY CORRUPTED MAP,1,0.3832,-0.3832,-0.4503,-0.3447
21,attacker,FAMOUS,INSECT GROW,1,0.3840,-0.3840,-0.0736,-0.3467
22,attacker,FAMOUS,INSECT SPREAD,1,0.3383,-0.3383,0.0144,-0.3463
23,attacker,FAMOUS,FIRE MOVE PRISON MOVE DIRTY DORMANT SOLDIER FALL,0,1.3798,-1.3798,-25.8297,-0.3980
24,attacker,FAMOUS,INSECT GROW,1,0.3840,-0.3840,0.0256,-0.3973
25,attacker,FAMOUS,INSECT HEAR TRUSTED HORSE,1,0.2445,-0.2445,1.3426,-0.3896
26,attacker,FAMOUS,INSECT HEAR CAMERA,1,0.3598,-0.3598,0.1979,-0.3881
27,random,VAST NETWORK,BURN,0,1.3378,-1.3378,-3.6017,-0.4356
28,random,ENGINE SEE,DULL COMPLEX CAR,1,0.2796,-0.2796,1.5105,-0.4278
29,attacker,FAMOUS,WEAPON BURN,1,0.3864,-0.3864,0.1499,-0.4257
30,attacker,FAMOUS,WEAPON SPREAD,1,0.3423,-0.3423,0.3135,-0.4216
31,attacker,FAMOUS,INSECT HEAR SLOW SENSOR FAIL,0,1.3840,-1.3840,-14.3671,-0.4697
32,random,PROUD,STRANGER BREAK BIG TOOL,1,0.3859,-0.3859,0.8657,-0.4655
33,attacker,FAMOUS,INSECT GROW,1,0.3840,-0.3840,0.1595,-0.4614
34,random,COMPUTER FAIL MOVE WOOD BREAK,OBEDIENT CAT,1,0.3113,-0.3113,0.8565,-0.4539
35,random,POWER GROW SPREAD GROW GROW SPREAD,SPREAD,1,0.1595,-0.1595,0.2609,-0.4392
36,attacker,FAMOUS,POISON GROW,1,0.3864,-0.3864,0.2282,-0.4366
37,attacker,FAMOUS,INSECT GROW,1,0.3840,-0.3840,0.0989,-0.4339
38,random,TRAPPED BIRD BURN FALL FALL BURN,BURN,1,0.2343,-0.2343,0.4702,-0.4239
39,attacker,FAMOUS,WATER GROW,0,1.4000,-1.4000,-9.9996,-0.4728
40,attacker,FAMOUS,CHOICE GROW,0,1.3576,-1.3576,-8.1466,-0.5170
41,random,LEADER BURN BURN BURN FALL,CHAOTIC MAP,0,1.3061,-1.3061,-5.9001,-0.5564
42,attacker,FAMOUS,INSECT GROW,1,0.3840,-0.3840,0.2919,-0.5478
43,attacker,FAMOUS,INSECT SPREAD,1,0.3383,-0.3383,0.3041,-0.5373
44,attacker,FAMOUS,INSECT HEAR DIRTY CLEAN BIRD HEAR TRAPPED ELDER,1,0.3349,-0.3349,4.1191,-0.5272
45,random,OUTCAST ELDER,MOVE METAL BUILD METAL,1,0.3131,-0.3131,2.9883,-0.5165
46,attacker,FAMOUS,INSECT GROW,1,0.3840,-0.3840,0.1966,-0.5099
47,random,TIME GROW,SPREAD,1,0.2120,-0.2120,0.2474,-0.4950
48,attacker,FAMOUS,INSECT GROW,1,0.3840,-0.3840,0.1532,-0.4894
49,attacker,FAMOUS,INSECT GROW,1,0.3840,-0.3840,0.1394,-0.4842
50,random,CLOCK HEAR ENCRYPTED PLAN UPDATE DORMANT,ROBOT,1,0.2568,-0.2568,0.3629,-0.4728
51,attacker,FAMOUS,WEAPON SPREAD,1,0.3423,-0.3423,0.4424,-0.4663
52,attacker,FAMOUS,INSECT SPREAD,1,0.3383,-0.3383,0.1325,-0.4599
53,random,CONNECTED,BIRD BREAK KEY,1,0.3617,-0.3617,0.9701,-0.4550
54,random,DRONE,FALL,1,0.2443,-0.2443,0.3190,-0.4444
55,random,SHARP ELDER,BUILD HEAVY SEED SEE DUST,1,0.3161,-0.3161,2.2910,-0.4380
56,attacker,FAMOUS,CAR FALL,0,1.3846,-1.3846,-8.0233,-0.4853
57,attacker,FAMOUS,INSECT SPREAD,1,0.3383,-0.3383,0.1366,-0.4780
58,random,OUTCAST,ELDER MOVE TRAPPED HORSE,1,0.4462,-0.4462,0.3153,-0.4764
59,attacker,FAMOUS,INSECT GROW,1,0.3840,-0.3840,0.0942,-0.4718
60,attacker,FAMOUS,WEAPON BURN,1,0.3864,-0.3864,0.4132,-0.4675
61,attacker,FAMOUS,INSECT SPREAD,1,0.3383,-0.3383,0.1121,-0.4611
62,attacker,FAMOUS,INSECT SPREAD,1,0.3383,-0.3383,0.1048,-0.4549
63,attacker,FAMOUS,INSECT GROW,1,0.3840,-0.3840,0.0689,-0.4514
64,random,FIRE MOVE,STRONG MAP,1,0.2840,-0.2840,1.4471,-0.4430
65,attacker,FAMOUS,INSECT SPREAD,1,0.3383,-0.3383,0.0847,-0.4378
66,attacker,FAMOUS,INSECT GROW,1,0.3840,-0.3840,0.0506,-0.4351
67,attacker,FAMOUS,INSECT GROW,1,0.3840,-0.3840,0.0476,-0.4325
68,attacker,FAMOUS,INSECT SPREAD,1,0.3383,-0.3383,0.0729,-0.4278
69,random,PATTERN GROW,SPREAD,1,0.2302,-0.2302,0.1428,-0.4179
70,attacker,FAMOUS,INSECT SPREAD,1,0.3383,-0.3383,0.0598,-0.4139
71,attacker,FAMOUS,INSECT GROW,1,0.3840,-0.3840,0.0271,-0.4124
72,random,BROKEN,GUARD MOVE FOREST,1,0.4472,-0.4472,-0.2517,-0.4142
73,attacker,FAMOUS,INSECT GROW,1,0.3840,-0.3840,0.0271,-0.4127
74,attacker,FAMOUS,INSECT SPREAD,1,0.3383,-0.3383,0.0531,-0.4090
75,random,FAMOUS CAT ATTACK BIRD,BURN,1,0.3326,-0.3326,0.1539,-0.4051
76,attacker,FAMOUS,INSECT SPREAD,1,0.3383,-0.3383,0.0467,-0.4018
77,attacker,FAMOUS,INSECT GROW,1,0.3840,-0.3840,0.0159,-0.4009
78,attacker,FAMOUS,INSECT SPREAD,1,0.3383,-0.3383,0.0427,-0.3978
79,attacker,FAMOUS,INSECT GROW,1,0.3840,-0.3840,0.0124,-0.3971
80,attacker,FAMOUS,INSECT GROW,1,0.3840,-0.3840,0.0118,-0.3964
81,random,POISON FAIL BURN FAIL,SPREAD,1,0.2040,-0.2040,0.2200,-0.3868
82,attacker,FAMOUS,INSECT GROW,1,0.3840,-0.3840,0.0026,-0.3867
83,attacker,FAMOUS,INSECT SPREAD,1,0.3383,-0.3383,0.0315,-0.3842
84,attacker,FAMOUS,INSECT GROW,1,0.3840,-0.3840,0.0002,-0.3842
85,attacker,FAMOUS,INSECT SPREAD,1,0.3383,-0.3383,0.0294,-0.3819
86,attacker,FAMOUS,INSECT SPREAD,1,0.3383,-0.3383,0.0276,-0.3798
87,attacker,FAMOUS,INSECT SPREAD,1,0.3383,-0.3383,0.0260,-0.3777
88,attacker,FAMOUS,INSECT SPREAD,1,0.3383,-0.3383,0.0244,-0.3757
89,random,ENCRYPTED,SOLDIER BREAK TOOL,1,0.3858,-0.3858,-0.0853,-0.3762
90,random,IDENTITY SPREAD,SPREAD,1,0.1054,-0.1054,0.1435,-0.3627
91,attacker,FAMOUS,INSECT SPREAD,1,0.3383,-0.3383,0.0145,-0.3615
92,attacker,FAMOUS,INSECT GROW,1,0.3840,-0.3840,-0.0218,-0.3626
93,attacker,FAMOUS,INSECT SPREAD,1,0.3383,-0.3383,0.0141,-0.3614
94,random,WEAPON,SPREAD,1,0.2377,-0.2377,0.0974,-0.3552
95,random,CAMERA,FAIL,1,0.2374,-0.2374,0.1419,-0.3493
96,attacker,FAMOUS,INSECT GROW,1,0.3840,-0.3840,-0.0348,-0.3510
97,attacker,FAMOUS,INSECT SPREAD,1,0.3383,-0.3383,0.0070,-0.3504
98,attacker,FAMOUS,INSECT SPREAD,1,0.3383,-0.3383,0.0066,-0.3498
99,attacker,FAMOUS,INSECT SPREAD,1,0.3383,-0.3383,0.0062,-0.3492
100,attacker,FAMOUS,INSECT SPREAD,1,0.3383,-0.3383,0.0058,-0.3487
101,random,DULL CLOCK FAIL HEAR RULE,HEAR SHARP HORSE,0,1.2539,-1.2539,-8.9704,-0.3939
102,attacker,FAMOUS,INSECT GROW,1,0.3840,-0.3840,0.0105,-0.3934
103,attacker,FAMOUS,INSECT GROW,1,0.3840,-0.3840,0.0100,-0.3930
104,random,OPTIMAL KEY,FALL,1,0.3452,-0.3452,0.0984,-0.3906
105,attacker,FAMOUS,INSECT GROW,1,0.3840,-0.3840,0.0071,-0.3902
106,attacker,FAMOUS,INSECT GROW,1,0.3840,-0.3840,0.0067,-0.3899
107,random,MAP,SPREAD,1,0.2120,-0.2120,0.1990,-0.3810
108,random,ELDER KNOW SEED ATTACK TRUSTED CHAOTIC,ENGINE ATTACK CLOCK FOLLOW SLOW SOLDIER,0,1.2151,-1.2151,-22.1583,-0.4227
109,attacker,FAMOUS,WEAPON GROW,1,0.3854,-0.3854,0.2044,-0.4209
110,attacker,DIRTY,CAT FORGET LANGUAGE,0,1.4769,-1.4769,-12.7619,-0.4737
111,attacker,FAMOUS,INSECT SPREAD,1,0.3383,-0.3383,0.0685,-0.4669
112,attacker,FAMOUS,INSECT SPREAD,1,0.3383,-0.3383,0.0647,-0.4605
113,random,PROUD,STRANGER FALL,1,0.3843,-0.3843,0.1912,-0.4567
114,attacker,FAMOUS,INSECT SPREAD,1,0.3383,-0.3383,0.0584,-0.4507
115,attacker,FAMOUS,INSECT SPREAD,1,0.3383,-0.3383,0.0548,-0.4451
116,random,CHAOTIC CLOCK,FAIL,0,1.4000,-1.4000,-2.4978,-0.4929
117,attacker,FAMOUS,INSECT GROW,1,0.3840,-0.3840,0.1256,-0.4874
118,random,POISON,SPREAD,1,0.2264,-0.2264,0.2698,-0.4744
119,attacker,FAMOUS,INSECT GROW,1,0.3840,-0.3840,0.1055,-0.4698
120,random,LAW SPREAD,SPREAD,1,0.1012,-0.1012,0.1653,-0.4514
121,attacker,FAMOUS,INSECT SPREAD,1,0.3383,-0.3383,0.0522,-0.4458
122,random,COMPLEX,KEY FALL,1,0.3698,-0.3698,0.5108,-0.4420
123,attacker,FAMOUS,INSECT SPREAD,1,0.3383,-0.3383,0.0471,-0.4368
124,attacker,FAMOUS,INSECT SPREAD,1,0.3383,-0.3383,0.0443,-0.4319
125,attacker,FAMOUS,INSECT SPREAD,1,0.3383,-0.3383,0.0415,-0.4272
126,random,FEAR GROW GROW GROW GROW GROW,GROW,1,0.1006,-0.1006,0.3979,-0.4108
127,attacker,FAMOUS,INSECT GROW,1,0.3840,-0.3840,0.0329,-0.4095
128,attacker,FAMOUS,INSECT SPREAD,1,0.3383,-0.3383,0.0305,-0.4059
129,attacker,FAMOUS,INSECT SPREAD,1,0.3383,-0.3383,0.0287,-0.4026
130,attacker,FAMOUS,CAT RUN,1,0.3889,-0.3889,0.1100,-0.4019
131,attacker,FAMOUS,INSECT SPREAD,1,0.3383,-0.3383,0.0264,-0.3987
132,attacker,FAMOUS,INSECT SPREAD,1,0.3383,-0.3383,0.0248,-0.3957
133,attacker,FAMOUS,INSECT SPREAD,1,0.3383,-0.3383,0.0233,-0.3928
134,attacker,FAMOUS,INSECT SPREAD,1,0.3383,-0.3383,0.0218,-0.3901
135,random,TRAPPED WOLF,MOVE ISOLATED BOOK,1,0.3101,-0.3101,0.5860,-0.3861
136,attacker,FAMOUS,INSECT SPREAD,1,0.3383,-0.3383,0.0186,-0.3837
137,random,WOMAN IMAGINE ORDERED LIE,TRADE WOMAN,1,0.2517,-0.2517,0.9668,-0.3771
138,attacker,FAMOUS,INSECT SPREAD,1,0.3383,-0.3383,0.0148,-0.3752
139,attacker,FAMOUS,INSECT SPREAD,1,0.3383,-0.3383,0.0139,-0.3733
140,random,FIRE,MOVE FAST FIRE MOVE CALM HAPPY CAT,0,1.2564,-1.2564,-15.1791,-0.4175
141,attacker,FAMOUS,INSECT SPREAD,1,0.3383,-0.3383,0.0292,-0.4135
142,attacker,FAMOUS,INSECT SPREAD,1,0.3383,-0.3383,0.0274,-0.4097
143,attacker,FAMOUS,INSECT SPREAD,1,0.3383,-0.3383,0.0258,-0.4062
144,attacker,FAMOUS,INSECT SPREAD,1,0.3383,-0.3383,0.0241,-0.4028
145,random,DENSE PHONE FALL SEE CALM BROKEN,LEADER,0,1.3306,-1.3306,-2.1667,-0.4492
146,attacker,FAMOUS,INSECT HEAR ASHAMED MAN SPREAD,1,0.3600,-0.3600,1.0050,-0.4447
147,random,COMPLEX,BOOK SPREAD,0,1.3430,-1.3430,-6.5582,-0.4896
148,attacker,FAMOUS,INSECT SPREAD,1,0.3383,-0.3383,0.0514,-0.4821
149,random,HAPPY STRANGER THINK WEAK,ISOLATED WOMAN,1,0.1880,-0.1880,1.9576,-0.4674
150,attacker,FAMOUS,INSECT GROW,1,0.3840,-0.3840,0.1232,-0.4632
151,random,STRONG MAN TALK FOLLOW POWER EAT,SECRET POISON,0,1.3650,-1.3650,-7.4357,-0.5083
152,attacker,FAMOUS,INSECT GROW,1,0.3840,-0.3840,0.1850,-0.5021
153,attacker,FAMOUS,INSECT GROW,1,0.3840,-0.3840,0.1757,-0.4962
154,attacker,FAMOUS,INSECT GROW,1,0.3840,-0.3840,0.1664,-0.4905
155,attacker,FAMOUS,INSECT SPREAD,1,0.3383,-0.3383,0.0506,-0.4829
156,random,CORRUPTED SYSTEM SPREAD,SPREAD,1,0.2031,-0.2031,0.1336,-0.4689
157,random,BIRD KNOW DUST SEE MAN BURN,FALL,1,0.2003,-0.2003,0.2829,-0.4555
158,attacker,FAMOUS,INSECT SPREAD,1,0.3383,-0.3383,0.0392,-0.4496
159,attacker,FAMOUS,INSECT SPREAD,1,0.3383,-0.3383,0.0371,-0.4441
160,attacker,FAMOUS,INSECT SPREAD,1,0.3383,-0.3383,0.0351,-0.4388
161,attacker,FAMOUS,INSECT SPREAD,1,0.3383,-0.3383,0.0332,-0.4338
162,attacker,FAMOUS,INSECT GROW,1,0.3840,-0.3840,0.0733,-0.4313
163,random,FIRE MOVE MOUNTAIN SPREAD MOVE SENSOR,MOVE WATER MOVE TRAPPED DULL WOMAN,0,1.2504,-1.2504,-15.3954,-0.4722
164,attacker,FAMOUS,INSECT SPREAD,1,0.3383,-0.3383,0.0435,-0.4655
165,random,STRONG,MAN BURN,1,0.3106,-0.3106,1.0549,-0.4578
166,attacker,FAMOUS,INSECT SPREAD,1,0.3383,-0.3383,0.0383,-0.4518
167,attacker,FAMOUS,INSECT SPREAD,1,0.3383,-0.3383,0.0361,-0.4461
168,random,BIRD HELP,ELDER,1,0.1685,-0.1685,0.9392,-0.4323
169,attacker,FAMOUS,INSECT GROW,1,0.3840,-0.3840,0.0725,-0.4298
170,attacker,FAMOUS,INSECT GROW,1,0.3840,-0.3840,0.0689,-0.4275
171,random,PATTERN GROW GROW,GROW,1,0.1037,-0.1037,0.3985,-0.4114
172,attacker,FAMOUS,INSECT SPREAD,1,0.3383,-0.3383,0.0227,-0.4077
173,attacker,FAMOUS,INSECT SPREAD,1,0.3383,-0.3383,0.0215,-0.4042
174,random,FAMOUS CAT HELP BROKEN CONNECTED GUARD,TRUST STRONG BIRD,0,1.2194,-1.2194,-9.0152,-0.4450
175,attacker,FAMOUS,INSECT SPREAD,1,0.3383,-0.3383,0.0329,-0.4397
176,attacker,FAMOUS,INSECT SPREAD,1,0.3383,-0.3383,0.0311,-0.4346
177,attacker,FAMOUS,INSECT GROW,1,0.3840,-0.3840,0.0761,-0.4321
178,attacker,FAMOUS,INSECT SPREAD,1,0.3383,-0.3383,0.0285,-0.4274
179,attacker,FAMOUS,INSECT SPREAD,1,0.3383,-0.3383,0.0270,-0.4229
180,attacker,FAMOUS,INSECT SPREAD,1,0.3383,-0.3383,0.0255,-0.4187
181,attacker,FAMOUS,SEED MOVE ROOM,0,1.3766,-1.3766,-11.4893,-0.4666
182,attacker,FAMOUS,INSECT GROW,1,0.3840,-0.3840,0.1255,-0.4624
183,random,FAMOUS POISON SPREAD GROW GROW,SPREAD,1,0.2613,-0.2613,0.1092,-0.4524
184,attacker,FAMOUS,INSECT SPREAD,1,0.3383,-0.3383,0.0338,-0.4467
185,attacker,FAMOUS,INSECT GROW,1,0.3840,-0.3840,0.0953,-0.4435
186,random,FREE,INSECT SPREAD,1,0.3586,-0.3586,0.1216,-0.4393
187,attacker,FAMOUS,INSECT SPREAD,1,0.3383,-0.3383,0.0299,-0.4342
188,attacker,FAMOUS,INSECT SPREAD,1,0.3383,-0.3383,0.0283,-0.4295
189,random,HORSE SEE KEY BURN KNOW CHILD,RUN,1,0.1931,-0.1931,0.5784,-0.4176
190,attacker,FAMOUS,INSECT SPREAD,1,0.3383,-0.3383,0.0233,-0.4137
191,attacker,FAMOUS,INSECT SPREAD,1,0.3383,-0.3383,0.0220,-0.4099
192,attacker,FAMOUS,INSECT GROW,1,0.3840,-0.3840,0.0396,-0.4086
193,random,SOLDIER,BUILD OUTCAST TRAPPED ELDER,0,1.2031,-1.2031,-9.2922,-0.4483
194,attacker,FAMOUS,INSECT GROW,1,0.3840,-0.3840,0.0986,-0.4451
195,attacker,FAMOUS,INSECT SPREAD,1,0.3383,-0.3383,0.0308,-0.4398
196,attacker,FAMOUS,INSECT SPREAD,1,0.3383,-0.3383,0.0293,-0.4347
197,attacker,FAMOUS,INSECT SPREAD,1,0.3383,-0.3383,0.0277,-0.4299
198,attacker,FAMOUS,INSECT SPREAD,1,0.3383,-0.3383,0.0262,-0.4253
199,attacker,FAMOUS,INSECT GROW,1,0.3840,-0.3840,0.0637,-0.4232
200,attacker,FAMOUS,INSECT GROW,1,0.3840,-0.3840,0.0606,-0.4213
201,attacker,FAMOUS,INSECT SPREAD,1,0.3383,-0.3383,0.0235,-0.4171
202,random,POISON,GROW,1,0.2071,-0.2071,0.2292,-0.4066
203,attacker,FAMOUS,INSECT SPREAD,1,0.3383,-0.3383,0.0193,-0.4032
204,attacker,FAMOUS,INSECT SPREAD,1,0.3383,-0.3383,0.0183,-0.4000
205,attacker,FAMOUS,INSECT GROW,1,0.3840,-0.3840,0.0247,-0.3992
206,random,WATER FALL FALL,FALL,1,0.1000,-0.1000,0.3783,-0.3842
207,attacker,FAMOUS,INSECT GROW,1,0.3840,-0.3840,0.0003,-0.3842
208,attacker,FAMOUS,INSECT SPREAD,1,0.3383,-0.3383,0.0128,-0.3819
209,random,COMPLEX INSECT GENERATE ALGORITHM,GROW,1,0.3319,-0.3319,0.0547,-0.3794
210,attacker,FAMOUS,INSECT SPREAD,1,0.3383,-0.3383,0.0115,-0.3773
211,attacker,FAMOUS,INSECT SPREAD,1,0.3383,-0.3383,0.0109,-0.3754
212,attacker,FAMOUS,INSECT SPREAD,1,0.3383,-0.3383,0.0103,-0.3735
213,attacker,FAMOUS,INSECT SPREAD,1,0.3383,-0.3383,0.0097,-0.3718
214,attacker,FAMOUS,INSECT SPREAD,1,0.3383,-0.3383,0.0092,-0.3701
215,random,ELDER,FALL,1,0.2537,-0.2537,0.1944,-0.3643
216,random,PATTERN,SPREAD,1,0.2312,-0.2312,0.0740,-0.3576
217,random,FAMOUS,INSECT SPREAD,1,0.3383,-0.3383,0.0053,-0.3567
218,random,FREE,SEED GROW,1,0.3744,-0.3744,-0.0836,-0.3575
219,attacker,FAMOUS,INSECT GROW,1,0.3840,-0.3840,-0.0417,-0.3589
220,random,ISOLATED CROWD CARRY AUTOMATED,KEY MOVE BRIDGE,1,0.2120,-0.2120,1.2958,-0.3515
221,attacker,FAMOUS,INSECT SPREAD,1,0.3383,-0.3383,0.0035,-0.3509
222,attacker,FAMOUS,INSECT SPREAD,1,0.3383,-0.3383,0.0033,-0.3502
223,random,DENSE PHONE MOVE,BIRD,1,0.3095,-0.3095,0.2006,-0.3482
224,attacker,FAMOUS,INSECT SPREAD,1,0.3383,-0.3383,0.0026,-0.3477
225,attacker,FAMOUS,INSECT SPREAD,1,0.3383,-0.3383,0.0024,-0.3472
226,random,CHANCE GROW GROW SPREAD GROW SPREAD,SPREAD,1,0.1627,-0.1627,0.0635,-0.3380
227,random,BIRD BREAK WEAK CLEAN CAT,WANT LAW,1,0.3372,-0.3372,0.0071,-0.3380
228,attacker,FAMOUS,INSECT SPREAD,1,0.3383,-0.3383,-0.0001,-0.3380
229,attacker,FAMOUS,INSECT SPREAD,1,0.3383,-0.3383,-0.0001,-0.3380
230,attacker,FAMOUS,INSECT GROW,1,0.3840,-0.3840,-0.0755,-0.3403
231,attacker,FAMOUS,INSECT SPREAD,1,0.3383,-0.3383,0.0005,-0.3402
232,attacker,FAMOUS,INSECT SPREAD,1,0.3383,-0.3383,0.0005,-0.3401
233,attacker,FAMOUS,INSECT SPREAD,1,0.3383,-0.3383,0.0004,-0.3400
234,attacker,FAMOUS,INSECT SPREAD,1,0.3383,-0.3383,0.0004,-0.3399
235,attacker,FAMOUS,INSECT SPREAD,1,0.3383,-0.3383,0.0004,-0.3398
236,attacker,FAMOUS,INSECT SPREAD,1,0.3383,-0.3383,0.0004,-0.3398
237,random,CLEAN,INSECT GROW,1,0.3547,-0.3547,-0.0370,-0.3405
238,attacker,FAMOUS,INSECT SPREAD,1,0.3383,-0.3383,0.0005,-0.3404
239,attacker,FAMOUS,INSECT GROW,1,0.3840,-0.3840,-0.0740,-0.3426
240,attacker,FAMOUS,INSECT SPREAD,1,0.3383,-0.3383,0.0010,-0.3424
241,attacker,FAMOUS,INSECT SPREAD,1,0.3383,-0.3383,0.0010,-0.3422
242,attacker,FAMOUS,INSECT SPREAD,1,0.3383,-0.3383,0.0009,-0.3420
243,attacker,FAMOUS,FIRE FOLLOW SLOW INSECT SPREAD,0,1.3423,-1.3423,-22.1409,-0.3920
244,attacker,FAMOUS,INSECT GROW,1,0.3840,-0.3840,0.0138,-0.3916
245,attacker,FAMOUS,INSECT SPREAD,1,0.3383,-0.3383,0.0124,-0.3889
246,attacker,FAMOUS,INSECT SPREAD,1,0.3383,-0.3383,0.0118,-0.3864
247,random,ORDERED TOOL SPREAD FALL,GROW,1,0.2922,-0.2922,0.1507,-0.3817
248,attacker,FAMOUS,INSECT SPREAD,1,0.3383,-0.3383,0.0100,-0.3795
249,attacker,FAMOUS,INSECT SPREAD,1,0.3383,-0.3383,0.0095,-0.3774
250,random,FIRE GROW FALL,SPREAD,1,0.2574,-0.2574,0.1256,-0.3714
251,random,FEAR,SPREAD,1,0.2077,-0.2077,0.0493,-0.3632
252,attacker,FAMOUS,INSECT SPREAD,1,0.3383,-0.3383,0.0057,-0.3620
253,attacker,FAMOUS,INSECT SPREAD,1,0.3383,-0.3383,0.0054,-0.3608
254,attacker,FAMOUS,INSECT SPREAD,1,0.3383,-0.3383,0.0051,-0.3597
255,attacker,FAMOUS,INSECT GROW,1,0.3840,-0.3840,-0.0436,-0.3609
256,attacker,FAMOUS,INSECT SPREAD,1,0.3383,-0.3383,0.0050,-0.3598
257,attacker,FAMOUS,INSECT SPREAD,1,0.3383,-0.3383,0.0048,-0.3587
258,attacker,FAMOUS,INSECT SPREAD,1,0.3383,-0.3383,0.0045,-0.3577
259,attacker,FAMOUS,INSECT GROW,1,0.3840,-0.3840,-0.0480,-0.3590
260,attacker,FAMOUS,INSECT SPREAD,1,0.3383,-0.3383,0.0045,-0.3580
261,random,CHOICE,SPREAD,1,0.2266,-0.2266,0.0360,-0.3514
262,random,MAP BURN,SPREAD,1,0.2310,-0.2310,0.0598,-0.3454
263,attacker,FAMOUS,INSECT SPREAD,1,0.3383,-0.3383,0.0015,-0.3450
264,random,SENSOR ENCODE TRUTH GENERATE,ENCRYPTED COMPLEX SIGNAL,0,1.2839,-1.2839,-9.8535,-0.3920
265,random,SMALL CROWD,SPREAD,1,0.3246,-0.3246,0.0607,-0.3886
266,attacker,FAMOUS,INSECT SPREAD,1,0.3383,-0.3383,0.0106,-0.3861
267,attacker,FAMOUS,INSECT SPREAD,1,0.3383,-0.3383,0.0100,-0.3837
268,attacker,FAMOUS,INSECT SPREAD,1,0.3383,-0.3383,0.0094,-0.3814
269,random,LANGUAGE GROW SPREAD SPREAD,SPREAD,1,0.1505,-0.1505,0.0676,-0.3699
270,random,SEED,GROW,1,0.2033,-0.2033,0.4323,-0.3615
271,random,POISON,SPREAD,1,0.2264,-0.2264,0.0850,-0.3548
272,attacker,FAMOUS,INSECT SPREAD,1,0.3383,-0.3383,0.0034,-0.3540
273,random,FREE DOG,KNOW LEADER,1,0.2724,-0.2724,0.7369,-0.3499
274,random,ROBOT ENCODE TIME GENERATE TIME,SEE STRONG BIRD FALL,1,0.3650,-0.3650,-0.1961,-0.3506
275,attacker,FAMOUS,INSECT SPREAD,1,0.3383,-0.3383,0.0025,-0.3500
276,attacker,FAMOUS,INSECT GROW,1,0.3840,-0.3840,-0.0665,-0.3517
277,attacker,FAMOUS,INSECT SPREAD,1,0.3383,-0.3383,0.0027,-0.3510
278,random,IDENTITY,SPREAD,1,0.2161,-0.2161,0.0316,-0.3443
279,attacker,FAMOUS,INSECT SPREAD,1,0.3383,-0.3383,0.0012,-0.3440
280,attacker,FAMOUS,INSECT SPREAD,1,0.3383,-0.3383,0.0011,-0.3437
281,random,DULL,CROWD FOLLOW SYSTEM SPREAD,0,1.4684,-1.4684,-14.1271,-0.3999
282,random,SHARP,CLOCK FALL,1,0.3072,-0.3072,0.3972,-0.3953
283,attacker,FAMOUS,INSECT SPREAD,1,0.3383,-0.3383,0.0110,-0.3925
284,attacker,FAMOUS,INSECT SPREAD,1,0.3383,-0.3383,0.0104,-0.3897
285,attacker,FAMOUS,INSECT SPREAD,1,0.3383,-0.3383,0.0098,-0.3872
286,random,CHAOTIC LAW,SPREAD,1,0.3165,-0.3165,0.0180,-0.3836
287,random,COMPLEX POWER GROW GROW SPREAD GROW,GROW,1,0.2621,-0.2621,0.1678,-0.3776
288,random,AUTOMATED TRUTH SPREAD SPREAD SPREAD GROW,SPREAD,1,0.2511,-0.2511,0.0399,-0.3712
289,attacker,FAMOUS,INSECT SPREAD,1,0.3383,-0.3383,0.0062,-0.3696
290,attacker,FAMOUS,INSECT SPREAD,1,0.3383,-0.3383,0.0058,-0.3680
291,attacker,FAMOUS,INSECT SPREAD,1,0.3383,-0.3383,0.0055,-0.3665
292,random,TRUSTED CHANCE GROW SPREAD GROW SPREAD,SPREAD,1,0.2550,-0.2550,0.0279,-0.3610
293,attacker,FAMOUS,INSECT SPREAD,1,0.3383,-0.3383,0.0042,-0.3598
294,random,COMPUTER UPDATE CHAOTIC COMPLEX CAMERA GENERATE,LIE,1,0.3515,-0.3515,0.0394,-0.3594
295,attacker,FAMOUS,INSECT SPREAD,1,0.3383,-0.3383,0.0038,-0.3584
296,attacker,FAMOUS,INSECT SPREAD,1,0.3383,-0.3383,0.0036,-0.3573
297,attacker,FAMOUS,INSECT SPREAD,1,0.3383,-0.3383,0.0034,-0.3564
298,attacker,FAMOUS,INSECT SPREAD,1,0.3383,-0.3383,0.0033,-0.3555
299,attacker,FAMOUS,INSECT SPREAD,1,0.3383,-0.3383,0.0031,-0.3546
300,random,CLEAN HORSE,SPREAD,0,1.3375,-1.3375,-1.0945,-0.4038
301,attacker,FAMOUS,INSECT SPREAD,1,0.3383,-0.3383,0.0116,-0.4005
302,attacker,FAMOUS,INSECT SPREAD,1,0.3383,-0.3383,0.0110,-0.3974
303,attacker,FAMOUS,INSECT HELP MAN,0,1.3424,-1.3424,-10.7063,-0.4446
304,random,CAR FALL,SPREAD,0,1.2469,-1.2469,-0.4151,-0.4848
305,attacker,FAMOUS,INSECT SPREAD,1,0.3383,-0.3383,0.0255,-0.4774
306,attacker,FAMOUS,INSECT SPREAD,1,0.3383,-0.3383,0.0241,-0.4705
307,attacker,FAMOUS,INSECT GROW,1,0.3840,-0.3840,0.1824,-0.4661
308,attacker,FAMOUS,INSECT SPREAD,1,0.3383,-0.3383,0.0219,-0.4598
309,random,DRONE,GENERATE FAMOUS INSECT FAIL,0,1.3192,-1.3192,-9.6642,-0.5027
310,random,MEMORY GROW SPREAD SPREAD,SPREAD,1,0.1521,-0.1521,0.0963,-0.4852
311,attacker,FAMOUS,INSECT GROW,1,0.3840,-0.3840,0.2131,-0.4801
312,attacker,FAMOUS,INSECT SPREAD,1,0.3383,-0.3383,0.0240,-0.4730
313,random,SAD WOMAN BREAK OPTIMAL,SIMPLE KEY,1,0.2753,-0.2753,1.0977,-0.4632
314,attacker,FAMOUS,INSECT SPREAD,1,0.3383,-0.3383,0.0211,-0.4569
315,attacker,FAMOUS,INSECT SPREAD,1,0.3383,-0.3383,0.0200,-0.4510
316,attacker,FAMOUS,INSECT SPREAD,1,0.3383,-0.3383,0.0189,-0.4453
317,attacker,FAMOUS,INSECT SPREAD,1,0.3383,-0.3383,0.0179,-0.4400
318,attacker,FAMOUS,INSECT SPREAD,1,0.3383,-0.3383,0.0169,-0.4349
319,random,BROKEN ROBOT SEE SENSOR UPDATE CORRUPTED,ROBOT,0,1.2384,-1.2384,-3.6102,-0.4751
320,random,BIG,GUARD BURN,1,0.3137,-0.3137,1.0660,-0.4670
321,random,SENSOR UPDATE SIMPLE SECRET SIGNAL COMPUTE,SIMPLE SYSTEM,1,0.2297,-0.2297,1.1226,-0.4551
322,attacker,FAMOUS,INSECT SPREAD,1,0.3383,-0.3383,0.0189,-0.4493
323,attacker,FAMOUS,INSECT SPREAD,1,0.3383,-0.3383,0.0179,-0.4438
324,random,CROWD,ATTACK COMPLEX GUARD,1,0.2084,-0.2084,2.4172,-0.4320
325,attacker,FAMOUS,INSECT SPREAD,1,0.3383,-0.3383,0.0149,-0.4273
326,random,ALGORITHM FAIL SPREAD SPREAD FAIL GROW,SPREAD,1,0.1732,-0.1732,0.0751,-0.4146
327,attacker,FAMOUS,INSECT SPREAD,1,0.3383,-0.3383,0.0119,-0.4108
328,attacker,FAMOUS,INSECT SPREAD,1,0.3383,-0.3383,0.0113,-0.4072
329,attacker,FAMOUS,INSECT SPREAD,1,0.3383,-0.3383,0.0106,-0.4037
330,attacker,FAMOUS,INSECT SPREAD,1,0.3383,-0.3383,0.0100,-0.4004
331,attacker,FAMOUS,INSECT SPREAD,1,0.3383,-0.3383,0.0094,-0.3973
332,attacker,FAMOUS,INSECT SPREAD,1,0.3383,-0.3383,0.0089,-0.3944
333,attacker,FAMOUS,IDENTITY SPREAD,0,1.3175,-1.3175,-10.2192,-0.4405
334,attacker,FAMOUS,INSECT SPREAD,1,0.3383,-0.3383,0.0152,-0.4354
335,attacker,FAMOUS,INSECT SPREAD,1,0.3383,-0.3383,0.0143,-0.4306
336,attacker,FAMOUS,WEAPON SPREAD,1,0.3423,-0.3423,0.5106,-0.4261
337,random,FIRE BURN GROW BURN SPREAD BURN,GROW,1,0.1635,-0.1635,0.4244,-0.4130
338,attacker,FAMOUS,INSECT SPREAD,1,0.3383,-0.3383,0.0108,-0.4093
339,attacker,FAMOUS,INSECT SPREAD,1,0.3383,-0.3383,0.0102,-0.4057
340,attacker,FAMOUS,INSECT SPREAD,1,0.3383,-0.3383,0.0097,-0.4024
341,attacker,FAMOUS,INSECT SPREAD,1,0.3383,-0.3383,0.0092,-0.3992
342,attacker,FAMOUS,INSECT SPREAD,1,0.3383,-0.3383,0.0087,-0.3961
343,random,POWER GROW SPREAD GROW SPREAD GROW,SPREAD,1,0.1595,-0.1595,0.0551,-0.3843
344,attacker,FAMOUS,INSECT SPREAD,1,0.3383,-0.3383,0.0065,-0.3820
345,random,SOLDIER BREAK,CHAOTIC ISOLATED MARKET,0,1.3183,-1.3183,-10.7803,-0.4288
346,attacker,FAMOUS,INSECT SPREAD,1,0.3383,-0.3383,0.0127,-0.4243
347,attacker,FAMOUS,INSECT SPREAD,1,0.3383,-0.3383,0.0120,-0.4200
348,random,REBELLIOUS,SOLDIER BURN,1,0.4125,-0.4125,0.0254,-0.4196
349,attacker,FAMOUS,INSECT SPREAD,1,0.3383,-0.3383,0.0113,-0.4155
350,attacker,FAMOUS,INSECT SPREAD,1,0.3383,-0.3383,0.0107,-0.4117
351,random,COMPUTER,FALL,1,0.2537,-0.2537,0.1734,-0.4038
352,attacker,FAMOUS,INSECT SPREAD,1,0.3383,-0.3383,0.0089,-0.4005
353,random,SECRET IDENTITY SPREAD GROW,SPREAD,1,0.2556,-0.2556,0.0447,-0.3932
354,attacker,FAMOUS,INSECT GROW,1,0.3840,-0.3840,0.0217,-0.3928
355,attacker,FAMOUS,INSECT SPREAD,1,0.3383,-0.3383,0.0073,-0.3901
356,random,WOLF FORGET CHOICE WANT,ASHAMED ELDER,1,0.2854,-0.2854,0.5011,-0.3848
357,attacker,FAMOUS,INSECT SPREAD,1,0.3383,-0.3383,0.0062,-0.3825
358,attacker,FAMOUS,INSECT SPREAD,1,0.3383,-0.3383,0.0059,-0.3803
359,random,MEMORY,SPREAD,1,0.2046,-0.2046,0.0489,-0.3715
360,attacker,FAMOUS,INSECT GROW,1,0.3840,-0.3840,-0.0296,-0.3721
361,attacker,FAMOUS,INSECT SPREAD,1,0.3383,-0.3383,0.0044,-0.3704
362,random,ENGINE ENCODE SYSTEM UPDATE SLOW WEAK,SENSOR,0,1.2925,-1.2925,-2.2545,-0.4165
363,attacker,FAMOUS,INSECT SPREAD,1,0.3383,-0.3383,0.0102,-0.4126
364,attacker,FAMOUS,INSECT SPREAD,1,0.3383,-0.3383,0.0096,-0.4089
365,attacker,FAMOUS,INSECT SPREAD,1,0.3383,-0.3383,0.0091,-0.4054
366,attacker,FAMOUS,INSECT SPREAD,1,0.3383,-0.3383,0.0086,-0.4020
367,attacker,FAMOUS,INSECT SPREAD,1,0.3383,-0.3383,0.0081,-0.3988
368,attacker,FAMOUS,INSECT SPREAD,1,0.3383,-0.3383,0.0077,-0.3958
369,attacker,FAMOUS,INSECT SPREAD,1,0.3383,-0.3383,0.0072,-0.3929
370,attacker,FAMOUS,INSECT SPREAD,1,0.3383,-0.3383,0.0068,-0.3902
371,attacker,FAMOUS,INSECT SPREAD,1,0.3383,-0.3383,0.0065,-0.3876
372,attacker,FAMOUS,INSECT SPREAD,1,0.3383,-0.3383,0.0061,-0.3851
373,attacker,FAMOUS,INSECT GROW,1,0.3840,-0.3840,0.0028,-0.3851
374,attacker,FAMOUS,WEAPON GROW,1,0.3854,-0.3854,-0.0024,-0.3851
375,attacker,FAMOUS,INSECT GROW,1,0.3840,-0.3840,0.0027,-0.3850
376,attacker,FAMOUS,INSECT SPREAD,1,0.3383,-0.3383,0.0057,-0.3827
377,attacker,FAMOUS,INSECT SPREAD,1,0.3383,-0.3383,0.0054,-0.3805
378,random,ENCRYPTED TRUTH,GROW,1,0.3572,-0.3572,0.0362,-0.3793
379,random,CAR SEE COMPUTER SEE DIRTY BIG,SOLDIER,1,0.3064,-0.3064,0.1422,-0.3757
380,attacker,FAMOUS,INSECT SPREAD,1,0.3383,-0.3383,0.0045,-0.3738
381,attacker,FAMOUS,INSECT SPREAD,1,0.3383,-0.3383,0.0042,-0.3720
382,random,SHARP,PHONE MOVE CORRUPTED SHARP COMPUTER,1,0.2606,-0.2606,1.8249,-0.3665
383,attacker,FAMOUS,INSECT SPREAD,1,0.3383,-0.3383,0.0033,-0.3650
384,attacker,FAMOUS,INSECT SPREAD,1,0.3383,-0.3383,0.0032,-0.3637
385,attacker,FAMOUS,INSECT SPREAD,1,0.3383,-0.3383,0.0030,-0.3624
386,attacker,FAMOUS,INSECT SPREAD,1,0.3383,-0.3383,0.0028,-0.3612
387,attacker,FAMOUS,INSECT SPREAD,1,0.3383,-0.3383,0.0027,-0.3601
388,attacker,FAMOUS,INSECT SPREAD,1,0.3383,-0.3383,0.0025,-0.3590
389,attacker,FAMOUS,INSECT SPREAD,1,0.3383,-0.3383,0.0024,-0.3580
390,attacker,FAMOUS,INSECT GROW,1,0.3840,-0.3840,-0.0650,-0.3593
391,random,MAP,SPREAD,1,0.2120,-0.2120,0.0608,-0.3519
392,attacker,FAMOUS,INSECT SPREAD,1,0.3383,-0.3383,0.0016,-0.3512
393,attacker,FAMOUS,INSECT SPREAD,1,0.3383,-0.3383,0.0015,-0.3506
394,random,STRANGER MOVE,INSECT,1,0.1832,-0.1832,0.8779,-0.3422
395,random,DENSE DRONE SEE SECRET OPTIMAL KEY,FALL,1,0.3255,-0.3255,0.0183,-0.3414
396,attacker,FAMOUS,INSECT SPREAD,1,0.3383,-0.3383,0.0003,-0.3412
397,random,VAST SYSTEM,SPREAD,1,0.3032,-0.3032,0.0085,-0.3393
398,random,MAP,GROW,1,0.2145,-0.2145,0.1690,-0.3331
399,attacker,FAMOUS,INSECT SPREAD,1,0.3383,-0.3383,-0.0006,-0.3333
400,attacker,FAMOUS,INSECT SPREAD,1,0.3383,-0.3383,-0.0006,-0.3336
401,attacker,FAMOUS,INSECT SPREAD,1,0.3383,-0.3383,-0.0005,-0.3338
402,attacker,FAMOUS,INSECT SPREAD,1,0.3383,-0.3383,-0.0005,-0.3340
403,attacker,FAMOUS,INSECT SPREAD,1,0.3383,-0.3383,-0.0005,-0.3342
404,attacker,FAMOUS,INSECT GROW,1,0.3840,-0.3840,-0.1264,-0.3367
405,random,BIRD FORGET WEAK,MAN,1,0.2775,-0.2775,0.2781,-0.3338
406,attacker,FAMOUS,INSECT SPREAD,1,0.3383,-0.3383,-0.0005,-0.3340
407,attacker,FAMOUS,INSECT SPREAD,1,0.3383,-0.3383,-0.0005,-0.3342
408,attacker,FAMOUS,INSECT SPREAD,1,0.3383,-0.3383,-0.0004,-0.3344
409,attacker,FAMOUS,INSECT GROW,1,0.3840,-0.3840,-0.1273,-0.3369
410,random,POWER SPREAD,SPREAD,1,0.1045,-0.1045,0.0423,-0.3253
411,random,ANGRY WOLF,FALL,1,0.3390,-0.3390,-0.0160,-0.3260
412,random,LAW GROW,SPREAD,1,0.2020,-0.2020,0.0236,-0.3198
413,attacker,FAMOUS,INSECT SPREAD,1,0.3383,-0.3383,-0.0020,-0.3207
414,attacker,FAMOUS,INSECT SPREAD,1,0.3383,-0.3383,-0.0019,-0.3216
415,attacker,FAMOUS,INSECT SPREAD,1,0.3383,-0.3383,-0.0018,-0.3224
416,random,TIME SPREAD,SPREAD,1,0.1004,-0.1004,0.0394,-0.3113
417,attacker,FAMOUS,INSECT SPREAD,1,0.3383,-0.3383,-0.0029,-0.3127
418,attacker,FAMOUS,INSECT SPREAD,1,0.3383,-0.3383,-0.0028,-0.3139
419,random,CAMERA,FAIL,1,0.2374,-0.2374,0.1083,-0.3101
420,attacker,FAMOUS,INSECT SPREAD,1,0.3383,-0.3383,-0.0030,-0.3115
421,random,CALM CHILD,SPREAD,1,0.3252,-0.3252,-0.0246,-0.3122
422,attacker,FAMOUS,INSECT SPREAD,1,0.3383,-0.3383,-0.0028,-0.3135
423,random,SOLDIER MOVE GUARD,SPREAD,1,0.2435,-0.2435,0.1343,-0.3100
424,random,IDENTITY GROW SPREAD SPREAD GROW GROW,SPREAD,1,0.1583,-0.1583,0.0247,-0.3024
425,attacker,FAMOUS,INSECT SPREAD,1,0.3383,-0.3383,-0.0038,-0.3042
426,random,PLAN SPREAD GROW,SPREAD,1,0.1555,-0.1555,0.0298,-0.2968
427,attacker,FAMOUS,INSECT SPREAD,1,0.3383,-0.3383,-0.0045,-0.2989
428,attacker,FAMOUS,INSECT SPREAD,1,0.3383,-0.3383,-0.0042,-0.3008
429,attacker,FAMOUS,INSECT,0,1.2622,-1.2622,-5.5061,-0.3489
430,attacker,FAMOUS,INSECT SPREAD,1,0.3383,-0.3383,0.0011,-0.3484
431,attacker,FAMOUS,INSECT SPREAD,1,0.3383,-0.3383,0.0011,-0.3479
432,random,DULL CROWD,GROW,0,1.3454,-1.3454,-2.8952,-0.3977
433,random,LAW SPREAD SPREAD SPREAD,SPREAD,1,0.1004,-0.1004,0.0435,-0.3829
434,attacker,DIRTY,WOLF BURN,1,0.4381,-0.4381,-0.2151,-0.3856
435,attacker,FAMOUS,INSECT SPREAD,1,0.3383,-0.3383,0.0051,-0.3833
436,attacker,FAMOUS,INSECT SPREAD,1,0.3383,-0.3383,0.0049,-0.3810
437,attacker,FAMOUS,INSECT SPREAD,1,0.3383,-0.3383,0.0046,-0.3789
438,attacker,FAMOUS,INSECT SPREAD,1,0.3383,-0.3383,0.0044,-0.3768
439,random,METAL BURN BURN FALL BURN BURN,SPREAD,0,1.2661,-1.2661,-0.4278,-0.4213
440,attacker,FAMOUS,INSECT SPREAD,1,0.3383,-0.3383,0.0090,-0.4172
441,attacker,FAMOUS,INSECT SPREAD,1,0.3383,-0.3383,0.0085,-0.4132
442,attacker,FAMOUS,INSECT SPREAD,1,0.3383,-0.3383,0.0080,-0.4095
443,random,DULL,ROBOT UPDATE ORDERED DORMANT PLAN,0,1.4777,-1.4777,-11.7322,-0.4629
444,random,IDENTITY GROW SPREAD SPREAD SPREAD GROW,SPREAD,1,0.1532,-0.1532,0.0441,-0.4474
445,attacker,FAMOUS,INSECT SPREAD,1,0.3383,-0.3383,0.0115,-0.4419
446,attacker,FAMOUS,INSECT GROW,1,0.3840,-0.3840,0.1560,-0.4390
447,attacker,DIRTY,SOLDIER SPREAD,1,0.4772,-0.4772,-0.1994,-0.4409
448,attacker,FAMOUS,INSECT SPREAD,1,0.3383,-0.3383,0.0107,-0.4358
449,random,PLAN GROW UPDATE,SECRET SLOW CAR,0,1.3383,-1.3383,-10.4465,-0.4809
450,random,CONNECTED WOMAN BETRAY SLOW,ELDER,1,0.2029,-0.2029,0.3665,-0.4670
451,random,TIME FAIL GROW SPREAD GROW,SPREAD,1,0.1713,-0.1713,0.0450,-0.4523
452,attacker,FAMOUS,INSECT SPREAD,1,0.3383,-0.3383,0.0119,-0.4466
453,random,ALGORITHM FAIL FAIL,SPREAD,1,0.1978,-0.1978,0.0472,-0.4341
454,attacker,FAMOUS,INSECT GROW,1,0.3840,-0.3840,0.1345,-0.4316
455,attacker,FAMOUS,INSECT SPREAD,1,0.3383,-0.3383,0.0098,-0.4269
456,attacker,FAMOUS,INSECT SPREAD,1,0.3383,-0.3383,0.0093,-0.4225
457,attacker,FAMOUS,INSECT SPREAD,1,0.3383,-0.3383,0.0089,-0.4183
458,attacker,FAMOUS,INSECT SPREAD,1,0.3383,-0.3383,0.0084,-0.4143
459,random,LANGUAGE GROW,GROW,1,0.1302,-0.1302,0.6535,-0.4001
460,attacker,FAMOUS,INSECT SPREAD,1,0.3383,-0.3383,0.0065,-0.3970
461,attacker,FAMOUS,INSECT SPREAD,1,0.3383,-0.3383,0.0062,-0.3941
462,attacker,FAMOUS,INSECT SPREAD,1,0.3383,-0.3383,0.0058,-0.3913
463,random,LANGUAGE SPREAD SPREAD SPREAD SPREAD,SPREAD,1,0.1002,-0.1002,0.0376,-0.3767
464,attacker,FAMOUS,INSECT GROW,1,0.3840,-0.3840,-0.0193,-0.3771
465,attacker,FAMOUS,INSECT SPREAD,1,0.3383,-0.3383,0.0040,-0.3751
466,random,CORRUPTED COMPUTER MOVE CHILD SEE,BIRD,1,0.2897,-0.2897,0.4473,-0.3709
467,attacker,FAMOUS,INSECT SPREAD,1,0.3383,-0.3383,0.0034,-0.3692
468,attacker,FAMOUS,FIRE SPREAD,0,1.3537,-1.3537,-8.1810,-0.4185
469,attacker,FAMOUS,INSECT SPREAD,1,0.3383,-0.3383,0.0082,-0.4145
470,attacker,FAMOUS,INSECT SPREAD,1,0.3383,-0.3383,0.0078,-0.4106
471,attacker,FAMOUS,INSECT SPREAD,1,0.3383,-0.3383,0.0074,-0.4070
472,random,IDENTITY,SPREAD,1,0.2161,-0.2161,0.0230,-0.3975
473,random,SHARP DRONE COMPUTE,DORMANT LANGUAGE,0,1.3652,-1.3652,-7.4859,-0.4459
474,attacker,FAMOUS,INSECT SPREAD,1,0.3383,-0.3383,0.0108,-0.4405
475,attacker,FAMOUS,INSECT SPREAD,1,0.3383,-0.3383,0.0102,-0.4354
476,random,BORDER SPREAD,SPREAD,1,0.1003,-0.1003,0.0419,-0.4186
477,attacker,DIRTY,GUARD FORGET DULL TRUSTED INSECT,1,0.4106,-0.4106,0.1099,-0.4182
478,random,SENSOR MOVE SMALL CLOCK SEE,ORDERED MAN GENERATE SECRET TIME COMPUTE CHAOTIC ENCRYPTED FAMOUS INSECT,0,1.3179,-1.3179,-33.0455,-0.4632
479,attacker,FAMOUS,INSECT SPREAD,1,0.3383,-0.3383,0.0121,-0.4570
480,attacker,FAMOUS,INSECT SPREAD,1,0.3383,-0.3383,0.0115,-0.4510
481,random,ELDER BURN,SPREAD,0,1.2378,-1.2378,-1.0249,-0.4904
482,random,ACTIVE,SEED FALL,1,0.3771,-0.3771,0.5376,-0.4847
483,random,TIME GROW SPREAD SPREAD FAIL SPREAD,SPREAD,1,0.1628,-0.1628,0.0396,-0.4686
484,attacker,FAMOUS,INSECT SPREAD,1,0.3383,-0.3383,0.0122,-0.4621
485,attacker,FAMOUS,INSECT SPREAD,1,0.3383,-0.3383,0.0115,-0.4559
486,attacker,FAMOUS,INSECT SPREAD,1,0.3383,-0.3383,0.0108,-0.4500
487,attacker,FAMOUS,INSECT SPREAD,1,0.3383,-0.3383,0.0102,-0.4444
488,attacker,FAMOUS,INSECT SPREAD,1,0.3383,-0.3383,0.0096,-0.4391
489,attacker,FAMOUS,INSECT SPREAD,1,0.3383,-0.3383,0.0091,-0.4341
490,attacker,FAMOUS,INSECT SPREAD,1,0.3383,-0.3383,0.0085,-0.4293
491,attacker,FAMOUS,INSECT SPREAD,1,0.3383,-0.3383,0.0081,-0.4247
492,attacker,FAMOUS,INSECT SPREAD,1,0.3383,-0.3383,0.0076,-0.4204
493,attacker,FAMOUS,INSECT SPREAD,1,0.3383,-0.3383,0.0072,-0.4163
494,attacker,FAMOUS,INSECT SPREAD,1,0.3383,-0.3383,0.0067,-0.4124
495,random,WATER FALL BURN,BURN,1,0.1345,-0.1345,0.4453,-0.3985
496,attacker,FAMOUS,INSECT SPREAD,1,0.3383,-0.3383,0.0051,-0.3955
497,attacker,FAMOUS,GUARD BUILD DORMANT GUARD,0,1.3634,-1.3634,-17.6124,-0.4439
498,attacker,FAMOUS,INSECT SPREAD,1,0.3383,-0.3383,0.0089,-0.4386
499,attacker,FAMOUS,INSECT SPREAD,1,0.3383,-0.3383,0.0084,-0.4336
500,attacker,FAMOUS,INSECT SPREAD,1,0.3383,-0.3383,0.0079,-0.4288
501,attacker,FAMOUS,INSECT SPREAD,1,0.3383,-0.3383,0.0075,-0.4243
502,attacker,FAMOUS,INSECT SPREAD,1,0.3383,-0.3383,0.0071,-0.4200
503,attacker,FAMOUS,INSECT SPREAD,1,0.3383,-0.3383,0.0067,-0.4159
504,attacker,FAMOUS,INSECT SPREAD,1,0.3383,-0.3383,0.0063,-0.4120
505,attacker,FAMOUS,INSECT SPREAD,1,0.3383,-0.3383,0.0060,-0.4083
506,attacker,FAMOUS,INSECT SPREAD,1,0.3383,-0.3383,0.0056,-0.4048
507,attacker,FAMOUS,INSECT SPREAD,1,0.3383,-0.3383,0.0053,-0.4015
508,attacker,FAMOUS,INSECT SPREAD,1,0.3383,-0.3383,0.0050,-0.3984
509,random,FAST IDENTITY SPREAD GROW GROW,SPREAD,1,0.2593,-0.2593,0.0272,-0.3914
510,attacker,FAMOUS,INSECT SPREAD,1,0.3383,-0.3383,0.0042,-0.3887
511,attacker,FAMOUS,INSECT SPREAD,1,0.3383,-0.3383,0.0040,-0.3862
512,attacker,FAMOUS,INSECT SPREAD,1,0.3383,-0.3383,0.0038,-0.3838
513,attacker,FAMOUS,WEAPON FALL,1,0.3838,-0.3838,0.0004,-0.3838
514,attacker,FAMOUS,INSECT SPREAD,1,0.3383,-0.3383,0.0036,-0.3815
515,attacker,FAMOUS,INSECT SPREAD,1,0.3383,-0.3383,0.0034,-0.3794
516,attacker,FAMOUS,INSECT SPREAD,1,0.3383,-0.3383,0.0032,-0.3773
517,attacker,FAMOUS,INSECT SPREAD,1,0.3383,-0.3383,0.0030,-0.3754
518,attacker,FAMOUS,INSECT SPREAD,1,0.3383,-0.3383,0.0029,-0.3735
519,random,RULE GROW SPREAD,GROW,1,0.1783,-0.1783,0.5037,-0.3638
520,attacker,FAMOUS,INSECT SPREAD,1,0.3383,-0.3383,0.0020,-0.3625
521,attacker,FAMOUS,INSECT SPREAD,1,0.3383,-0.3383,0.0019,-0.3613
522,attacker,FAMOUS,INSECT SPREAD,1,0.3383,-0.3383,0.0018,-0.3601
523,attacker,FAMOUS,INSECT SPREAD,1,0.3383,-0.3383,0.0017,-0.3590
524,attacker,FAMOUS,INSECT SPREAD,1,0.3383,-0.3383,0.0016,-0.3580
525,attacker,FAMOUS,INSECT SPREAD,1,0.3383,-0.3383,0.0015,-0.3570
526,random,ELDER TALK,SPREAD,0,1.2363,-1.2363,-0.7862,-0.4010
527,attacker,FAMOUS,INSECT SPREAD,1,0.3383,-0.3383,0.0048,-0.3978
528,random,ROBOT HEAR DORMANT OPTIMAL CAMERA,SEE SLOW COMPUTER,1,0.1353,-0.1353,2.5635,-0.3847
529,attacker,FAMOUS,INSECT SPREAD,1,0.3383,-0.3383,0.0035,-0.3824
530,attacker,FAMOUS,INSECT SPREAD,1,0.3383,-0.3383,0.0033,-0.3802
531,random,AUTOMATED,CROWD BREAK HEAVY DEAD LEADER,0,1.3738,-1.3738,-17.7322,-0.4299
532,random,CHANCE GROW GROW,SPREAD,1,0.2322,-0.2322,0.0258,-0.4200
533,attacker,FAMOUS,INSECT SPREAD,1,0.3383,-0.3383,0.0062,-0.4159
534,random,CHANCE GROW GROW GROW,GROW,1,0.1006,-0.1006,0.7762,-0.4001
535,attacker,FAMOUS,INSECT SPREAD,1,0.3383,-0.3383,0.0047,-0.3970
536,attacker,FAMOUS,INSECT SPREAD,1,0.3383,-0.3383,0.0044,-0.3941
537,attacker,FAMOUS,INSECT SPREAD,1,0.3383,-0.3383,0.0042,-0.3913
538,random,STONE,FALL,1,0.2000,-0.2000,0.1614,-0.3817
539,attacker,FAMOUS,INSECT SPREAD,1,0.3383,-0.3383,0.0033,-0.3796
540,attacker,FAMOUS,INSECT SPREAD,1,0.3383,-0.3383,0.0031,-0.3775
541,attacker,FAMOUS,INSECT SPREAD,1,0.3383,-0.3383,0.0029,-0.3755
542,attacker,FAMOUS,INSECT SPREAD,1,0.3383,-0.3383,0.0028,-0.3737
543,attacker,FAMOUS,INSECT GROW,1,0.3840,-0.3840,-0.0304,-0.3742
544,attacker,FAMOUS,INSECT SPREAD,1,0.3383,-0.3383,0.0027,-0.3724
545,random,OUTCAST LEADER BUILD AUTOMATED CHAOTIC KEY,SEE DENSE TOOL,1,0.2704,-0.2704,1.1326,-0.3673
546,attacker,DORMANT,GUARD SEE CLOCK,1,0.4549,-0.4549,-0.8655,-0.3717
547,attacker,FAMOUS,INSECT SPREAD,1,0.3383,-0.3383,0.0025,-0.3700
548,attacker,FAMOUS,INSECT SPREAD,1,0.3383,-0.3383,0.0024,-0.3684
549,random,ACTIVE DOG FALL HEAR WOLF BURN,FALL,1,0.2777,-0.2777,0.0841,-0.3639
550,attacker,FAMOUS,INSECT SPREAD,1,0.3383,-0.3383,0.0019,-0.3626
551,random,TIME,SPREAD,1,0.2027,-0.2027,0.0266,-0.3546
552,attacker,FAMOUS,INSECT SPREAD,1,0.3383,-0.3383,0.0012,-0.3538
553,attacker,FAMOUS,INSECT SPREAD,1,0.3383,-0.3383,0.0011,-0.3530
554,attacker,FAMOUS,INSECT SPREAD,1,0.3383,-0.3383,0.0011,-0.3523
555,random,CONNECTED WEAPON SPREAD,SPREAD,1,0.2033,-0.2033,0.0361,-0.3448
556,attacker,FAMOUS,INSECT SPREAD,1,0.3383,-0.3383,0.0005,-0.3445
557,random,DULL ELDER HEAR BROKEN DENSE,CAMERA,0,1.3394,-1.3394,-3.7709,-0.3943
558,random,FIRE MOVE ACTIVE INSECT FALL,SPREAD,1,0.3533,-0.3533,0.0309,-0.3922
559,attacker,FAMOUS,INSECT SPREAD,1,0.3383,-0.3383,0.0040,-0.3895
560,attacker,FAMOUS,INSECT SPREAD,1,0.3383,-0.3383,0.0038,-0.3869
561,attacker,FAMOUS,INSECT SPREAD,1,0.3383,-0.3383,0.0036,-0.3845
562,attacker,FAMOUS,INSECT SPREAD,1,0.3383,-0.3383,0.0034,-0.3822
563,random,CHAOTIC,PHONE MOVE TRAPPED ELDER MOVE BIRD,1,0.4389,-0.4389,-0.9074,-0.3850
564,random,OUTCAST CROWD FALL GROW FALL SEE,CHAOTIC BOOK,0,1.2965,-1.2965,-7.5894,-0.4306
565,random,ASHAMED,WOMAN FALL,1,0.4478,-0.4478,-0.0471,-0.4315
566,random,SOLDIER,HEAR SMALL CLEAN WOLF,1,0.2702,-0.2702,2.3230,-0.4234
567,attacker,FAMOUS,INSECT SPREAD,1,0.3383,-0.3383,0.0064,-0.4191
568,attacker,FAMOUS,INSECT SPREAD,1,0.3383,-0.3383,0.0060,-0.4151
569,random,GUARD,FALL,1,0.2304,-0.2304,0.3738,-0.4059
570,attacker,FAMOUS,INSECT SPREAD,1,0.3383,-0.3383,0.0050,-0.4025
571,attacker,FAMOUS,INSECT SPREAD,1,0.3383,-0.3383,0.0048,-0.3993
572,attacker,FAMOUS,INSECT SPREAD,1,0.3383,-0.3383,0.0045,-0.3962
573,attacker,FAMOUS,INSECT SPREAD,1,0.3383,-0.3383,0.0043,-0.3933
574,attacker,FAMOUS,INSECT SPREAD,1,0.3383,-0.3383,0.0041,-0.3906
575,attacker,FAMOUS,INSECT SPREAD,1,0.3383,-0.3383,0.0039,-0.3880
576,attacker,FAMOUS,INSECT SPREAD,1,0.3383,-0.3383,0.0037,-0.3855
577,attacker,FAMOUS,INSECT SPREAD,1,0.3383,-0.3383,0.0035,-0.3831
578,random,HEAVY FIRE FALL BURN,BURN,1,0.2340,-0.2340,0.2225,-0.3757
579,attacker,FAMOUS,INSECT SPREAD,1,0.3383,-0.3383,0.0027,-0.3738
580,attacker,FAMOUS,INSECT SPREAD,1,0.3383,-0.3383,0.0026,-0.3720
581,attacker,FAMOUS,INSECT GROW,1,0.3840,-0.3840,-0.0362,-0.3726
582,attacker,FAMOUS,INSECT SPREAD,1,0.3383,-0.3383,0.0025,-0.3709
583,attacker,FAMOUS,INSECT SPREAD,1,0.3383,-0.3383,0.0024,-0.3693
584,attacker,FAMOUS,INSECT SPREAD,1,0.3383,-0.3383,0.0022,-0.3677
585,attacker,FAMOUS,INSECT SPREAD,1,0.3383,-0.3383,0.0021,-0.3662
586,random,PROUD,STRANGER TALK,1,0.3445,-0.3445,0.0673,-0.3652
587,attacker,FAMOUS,INSECT SPREAD,1,0.3383,-0.3383,0.0019,-0.3638
588,attacker,FAMOUS,INSECT SPREAD,1,0.3383,-0.3383,0.0018,-0.3625
589,random,STRONG CHILD HEAR DULL CROWD CARRY,CLOCK,1,0.3243,-0.3243,0.1649,-0.3606
590,random,WEAK CAT,HEAR CHOICE,1,0.3371,-0.3371,0.1768,-0.3595
591,attacker,FAMOUS,INSECT SPREAD,1,0.3383,-0.3383,0.0015,-0.3584
592,attacker,FAMOUS,INSECT SPREAD,1,0.3383,-0.3383,0.0014,-0.3574
593,attacker,FAMOUS,INSECT SPREAD,1,0.3383,-0.3383,0.0013,-0.3564
594,attacker,FAMOUS,INSECT SPREAD,1,0.3383,-0.3383,0.0013,-0.3555
595,attacker,FAMOUS,INSECT SPREAD,1,0.3383,-0.3383,0.0012,-0.3547
596,attacker,FAMOUS,INSECT SPREAD,1,0.3383,-0.3383,0.0011,-0.3538
597,random,FEAR SPREAD SPREAD,SPREAD,1,0.1003,-0.1003,0.0263,-0.3412
598,attacker,FAMOUS,INSECT SPREAD,1,0.3383,-0.3383,0.0002,-0.3410
599,attacker,FAMOUS,INSECT SPREAD,1,0.3383,-0.3383,0.0002,-0.3409
600,attacker,FAMOUS,INSECT SPREAD,1,0.3383,-0.3383,0.0002,-0.3408
601,attacker,FAMOUS,INSECT SPREAD,1,0.3383,-0.3383,0.0002,-0.3406
602,random,PLAN,SPREAD,1,0.2080,-0.2080,0.0564,-0.3340
603,attacker,FAMOUS,INSECT SPREAD,1,0.3383,-0.3383,-0.0003,-0.3342
604,attacker,FAMOUS,INSECT SPREAD,1,0.3383,-0.3383,-0.0003,-0.3344
605,random,STONE FALL BURN BURN,FALL,1,0.1341,-0.1341,0.1788,-0.3244
606,attacker,FAMOUS,INSECT SPREAD,1,0.3383,-0.3383,-0.0010,-0.3251
607,attacker,FAMOUS,INSECT SPREAD,1,0.3383,-0.3383,-0.0009,-0.3258
608,random,LAW GROW GROW SPREAD,GROW,1,0.1720,-0.1720,0.3951,-0.3181
609,random,SYSTEM FAIL GROW SPREAD FAIL GROW,SPREAD,1,0.1748,-0.1748,0.0183,-0.3109
610,attacker,FAMOUS,INSECT SPREAD,1,0.3383,-0.3383,-0.0019,-0.3123
611,attacker,FAMOUS,INSECT SPREAD,1,0.3383,-0.3383,-0.0018,-0.3136
612,attacker,FAMOUS,INSECT SPREAD,1,0.3383,-0.3383,-0.0017,-0.3148
613,attacker,FAMOUS,INSECT SPREAD,1,0.3383,-0.3383,-0.0016,-0.3160
614,random,SAD,BIRD GROW,0,1.4486,-1.4486,-8.1685,-0.3726
615,random,KEY SPREAD,SPREAD,1,0.1040,-0.1040,0.0436,-0.3592
616,attacker,FAMOUS,INSECT SPREAD,1,0.3383,-0.3383,0.0015,-0.3581
617,attacker,FAMOUS,INSECT SPREAD,1,0.3383,-0.3383,0.0014,-0.3571
618,random,NETWORK,SPREAD,1,0.2019,-0.2019,0.0148,-0.3494
619,attacker,FAMOUS,INSECT GROW,1,0.3840,-0.3840,-0.1063,-0.3511
620,attacker,FAMOUS,INSECT SPREAD,1,0.3383,-0.3383,0.0009,-0.3505
621,random,SHARP ENGINE COMPUTE ORDERED,SIMPLE SIGNAL,0,1.3109,-1.3109,-4.3793,-0.3985
622,attacker,FAMOUS,INSECT SPREAD,1,0.3383,-0.3383,0.0043,-0.3955
623,attacker,FAMOUS,INSECT SPREAD,1,0.3383,-0.3383,0.0041,-0.3926
624,attacker,FAMOUS,INSECT SPREAD,1,0.3383,-0.3383,0.0039,-0.3899
625,attacker,FAMOUS,INSECT GROW,1,0.3840,-0.3840,0.0184,-0.3896
626,attacker,FAMOUS,INSECT SPREAD,1,0.3383,-0.3383,0.0037,-0.3870
627,attacker,FAMOUS,INSECT SPREAD,1,0.3383,-0.3383,0.0035,-0.3846
628,attacker,FAMOUS,INSECT SPREAD,1,0.3383,-0.3383,0.0033,-0.3823
629,attacker,FAMOUS,INSECT SPREAD,1,0.3383,-0.3383,0.0031,-0.3801
630,random,ACTIVE BIRD FALL BURN HEAR METAL,FALL,1,0.2677,-0.2677,0.0993,-0.3745
631,attacker,FAMOUS,INSECT SPREAD,1,0.3383,-0.3383,0.0026,-0.3727
632,random,AUTOMATED TIME SPREAD GROW,SPREAD,1,0.2566,-0.2566,0.0165,-0.3669
633,attacker,FAMOUS,INSECT SPREAD,1,0.3383,-0.3383,0.0020,-0.3654
634,random,WATER BURN,MOVE SEED,0,1.1384,-1.1384,-5.6568,-0.4041
635,attacker,FAMOUS,INSECT SPREAD,1,0.3383,-0.3383,0.0046,-0.4008
636,attacker,FAMOUS,INSECT SPREAD,1,0.3383,-0.3383,0.0044,-0.3977
637,attacker,FAMOUS,INSECT SPREAD,1,0.3383,-0.3383,0.0042,-0.3947
638,attacker,FAMOUS,INSECT SPREAD,1,0.3383,-0.3383,0.0040,-0.3919
639,random,TOOL FALL BURN BURN BURN GROW,SPREAD,1,0.2591,-0.2591,0.0176,-0.3852
640,attacker,FAMOUS,INSECT SPREAD,1,0.3383,-0.3383,0.0033,-0.3829
641,random,LAW SPREAD,SPREAD,1,0.1012,-0.1012,0.0282,-0.3688
642,attacker,FAMOUS,INSECT SPREAD,1,0.3383,-0.3383,0.0021,-0.3673
643,attacker,FAMOUS,INSECT SPREAD,1,0.3383,-0.3383,0.0020,-0.3658
644,attacker,FAMOUS,INSECT SPREAD,1,0.3383,-0.3383,0.0019,-0.3644
645,random,COMPUTER,FALL,1,0.2537,-0.2537,0.0787,-0.3589
646,attacker,FAMOUS,INSECT SPREAD,1,0.3383,-0.3383,0.0014,-0.3579
647,attacker,FAMOUS,INSECT SPREAD,1,0.3383,-0.3383,0.0014,-0.3569
648,attacker,FAMOUS,INSECT SPREAD,1,0.3383,-0.3383,0.0013,-0.3560
649,attacker,FAMOUS,INSECT GROW,1,0.3840,-0.3840,-0.0887,-0.3574
650,attacker,FAMOUS,INSECT SPREAD,1,0.3383,-0.3383,0.0013,-0.3564
651,attacker,FAMOUS,INSECT SPREAD,1,0.3383,-0.3383,0.0012,-0.3555
652,random,STRONG POISON SPREAD FALL SPREAD,SPREAD,1,0.2613,-0.2613,0.0496,-0.3508
653,attacker,FAMOUS,INSECT SPREAD,1,0.3383,-0.3383,0.0009,-0.3502
654,attacker,FAMOUS,INSECT SPREAD,1,0.3383,-0.3383,0.0008,-0.3496
655,attacker,FAMOUS,INSECT SPREAD,1,0.3383,-0.3383,0.0008,-0.3490
656,attacker,FAMOUS,SEED MOVE ISOLATED BOOK,0,1.3667,-1.3667,-13.3824,-0.3999
657,random,SHARP CAT GROW CARRY DENSE CLOCK,FALL,1,0.2853,-0.2853,0.1516,-0.3942
658,attacker,FAMOUS,INSECT SPREAD,1,0.3383,-0.3383,0.0039,-0.3914
659,attacker,FAMOUS,INSECT SPREAD,1,0.3383,-0.3383,0.0037,-0.3887
660,attacker,FAMOUS,INSECT SPREAD,1,0.3383,-0.3383,0.0035,-0.3862
661,random,LEADER FALL MOVE,SAD CAT,1,0.2798,-0.2798,0.6628,-0.3809
662,attacker,FAMOUS,INSECT SPREAD,1,0.3383,-0.3383,0.0030,-0.3787
663,random,WEAK,WOLF MOVE CLOCK,1,0.4846,-0.4846,-0.9447,-0.3840
664,attacker,FAMOUS,INSECT SPREAD,1,0.3383,-0.3383,0.0032,-0.3818
665,attacker,FAMOUS,INSECT SPREAD,1,0.3383,-0.3383,0.0030,-0.3796
666,random,TRAPPED CAT FALL BURN BURN BURN,SPREAD,0,1.3666,-1.3666,-1.1150,-0.4289
667,attacker,FAMOUS,INSECT SPREAD,1,0.3383,-0.3383,0.0062,-0.4244
668,random,DOG BREAK,PATTERN,0,1.3000,-1.3000,-7.1762,-0.4682
669,attacker,FAMOUS,INSECT SPREAD,1,0.3383,-0.3383,0.0087,-0.4617
670,random,FOOD BURN,BURN,1,0.1036,-0.1036,0.5212,-0.4438
671,random,HAPPY GUARD HEAR GUARD BURN BREAK,CORRUPTED PHONE,1,0.3039,-0.3039,0.9018,-0.4368
672,attacker,FAMOUS,INSECT SPREAD,1,0.3383,-0.3383,0.0064,-0.4319
673,random,TOOL GROW FALL,SPREAD,1,0.2567,-0.2567,0.0822,-0.4231
674,random,LEADER BREAK WEAK HEAVY DRONE FALL,FALL,1,0.2532,-0.2532,0.0950,-0.4146
675,random,ERROR FAIL GROW SPREAD,SPREAD,1,0.1760,-0.1760,0.0240,-0.4027
676,attacker,FAMOUS,INSECT SPREAD,1,0.3383,-0.3383,0.0041,-0.3995
677,attacker,FAMOUS,INSECT SPREAD,1,0.3383,-0.3383,0.0039,-0.3964
678,attacker,FAMOUS,INSECT SPREAD,1,0.3383,-0.3383,0.0037,-0.3935
679,attacker,FAMOUS,INSECT SPREAD,1,0.3383,-0.3383,0.0035,-0.3907
680,attacker,FAMOUS,INSECT SPREAD,1,0.3383,-0.3383,0.0034,-0.3881
681,attacker,FAMOUS,INSECT SPREAD,1,0.3383,-0.3383,0.0032,-0.3856
682,attacker,FAMOUS,INSECT SPREAD,1,0.3383,-0.3383,0.0030,-0.3832
683,attacker,FAMOUS,INSECT SPREAD,1,0.3383,-0.3383,0.0029,-0.3810
684,attacker,FAMOUS,INSECT SPREAD,1,0.3383,-0.3383,0.0027,-0.3789
685,attacker,FAMOUS,INSECT SPREAD,1,0.3383,-0.3383,0.0026,-0.3768
686,attacker,FAMOUS,INSECT SPREAD,1,0.3383,-0.3383,0.0024,-0.3749
687,random,WOMAN IMAGINE COMPLEX CALM,BIRD,0,1.2822,-1.2822,-1.7401,-0.4203
688,attacker,FAMOUS,INSECT SPREAD,1,0.3383,-0.3383,0.0051,-0.4162
689,attacker,FAMOUS,INSECT GROW,1,0.3840,-0.3840,0.1046,-0.4146
690,attacker,FAMOUS,INSECT SPREAD,1,0.3383,-0.3383,0.0047,-0.4107
691,attacker,FAMOUS,INSECT SPREAD,1,0.3383,-0.3383,0.0045,-0.4071
692,attacker,FAMOUS,INSECT SPREAD,1,0.3383,-0.3383,0.0043,-0.4037
693,attacker,FAMOUS,INSECT SPREAD,1,0.3383,-0.3383,0.0040,-0.4004
694,attacker,FAMOUS,INSECT SPREAD,1,0.3383,-0.3383,0.0038,-0.3973
695,random,RULE SPREAD,SPREAD,1,0.1007,-0.1007,0.0276,-0.3825
696,attacker,FAMOUS,INSECT SPREAD,1,0.3383,-0.3383,0.0027,-0.3803
697,random,MEMORY,SPREAD,1,0.2046,-0.2046,0.0224,-0.3715
698,random,OPTIMAL MEMORY SPREAD SPREAD GROW FAIL,SPREAD,1,0.2668,-0.2668,0.0183,-0.3662
699,attacker,FAMOUS,INSECT SPREAD,1,0.3383,-0.3383,0.0017,-0.3648
700,attacker,FAMOUS,INSECT SPREAD,1,0.3383,-0.3383,0.0016,-0.3635
701,attacker,FAMOUS,INSECT SPREAD,1,0.3383,-0.3383,0.0015,-0.3623
702,attacker,FAMOUS,INSECT SPREAD,1,0.3383,-0.3383,0.0014,-0.3611
703,attacker,FAMOUS,INSECT SPREAD,1,0.3383,-0.3383,0.0014,-0.3599
704,attacker,DIRTY,WOLF MOVE BROKEN COMPUTER,1,0.4508,-0.4508,-0.9863,-0.3645
705,attacker,FAMOUS,INSECT SPREAD,1,0.3383,-0.3383,0.0015,-0.3632
706,attacker,FAMOUS,INSECT SPREAD,1,0.3383,-0.3383,0.0015,-0.3619
707,attacker,FAMOUS,INSECT SPREAD,1,0.3383,-0.3383,0.0014,-0.3607
708,attacker,FAMOUS,INSECT SPREAD,1,0.3383,-0.3383,0.0013,-0.3596
709,attacker,FAMOUS,INSECT SPREAD,1,0.3383,-0.3383,0.0012,-0.3585
710,attacker,FAMOUS,INSECT SPREAD,1,0.3383,-0.3383,0.0012,-0.3575
711,random,SEED,MOVE OUTCAST LEADER,0,1.3050,-1.3050,-6.7036,-0.4049
712,random,ROBOT,BREAK SLOW SEED,1,0.3441,-0.3441,0.6714,-0.4019
713,attacker,FAMOUS,INSECT SPREAD,1,0.3383,-0.3383,0.0037,-0.3987
714,attacker,FAMOUS,INSECT SPREAD,1,0.3383,-0.3383,0.0035,-0.3957
715,attacker,FAMOUS,INSECT SPREAD,1,0.3383,-0.3383,0.0033,-0.3928
716,attacker,FAMOUS,INSECT GROW,1,0.3840,-0.3840,0.0288,-0.3924
717,attacker,FAMOUS,INSECT SPREAD,1,0.3383,-0.3383,0.0031,-0.3896
718,attacker,FAMOUS,INSECT SPREAD,1,0.3383,-0.3383,0.0030,-0.3871
719,attacker,FAMOUS,INSECT SPREAD,1,0.3383,-0.3383,0.0028,-0.3846
720,attacker,FAMOUS,INSECT SPREAD,1,0.3383,-0.3383,0.0027,-0.3823
721,attacker,FAMOUS,INSECT BETRAY BIRD SPREAD,0,1.3295,-1.3295,-13.9601,-0.4297
722,attacker,FAMOUS,INSECT SPREAD,1,0.3383,-0.3383,0.0052,-0.4251
723,random,PHONE HEAR SIGNAL MOVE,ACTIVE FIRE,1,0.3190,-0.3190,0.6653,-0.4198
724,random,ERROR,SPREAD,1,0.2312,-0.2312,0.0214,-0.4104
725,attacker,FAMOUS,INSECT SPREAD,1,0.3383,-0.3383,0.0041,-0.4068
726,attacker,FAMOUS,INSECT SPREAD,1,0.3383,-0.3383,0.0039,-0.4033
727,attacker,FAMOUS,INSECT SPREAD,1,0.3383,-0.3383,0.0037,-0.4001
728,random,MAP,SPREAD,1,0.2120,-0.2120,0.0459,-0.3907
729,attacker,FAMOUS,INSECT SPREAD,1,0.3383,-0.3383,0.0030,-0.3881
730,random,HAPPY BIRD,BETRAY WOLF,1,0.2024,-0.2024,1.0420,-0.3788
731,random,BOOK,SPREAD,1,0.2120,-0.2120,0.0275,-0.3704
732,random,DIRTY MAP BURN,GROW,1,0.2727,-0.2727,0.3033,-0.3656
733,attacker,FAMOUS,INSECT SPREAD,1,0.3383,-0.3383,0.0015,-0.3642
734,attacker,FAMOUS,INSECT SPREAD,1,0.3383,-0.3383,0.0015,-0.3629
735,attacker,FAMOUS,CHANCE SPREAD,1,0.3304,-0.3304,0.2579,-0.3613
736,attacker,FAMOUS,INSECT SPREAD,1,0.3383,-0.3383,0.0013,-0.3601
737,attacker,FAMOUS,INSECT SPREAD,1,0.3383,-0.3383,0.0013,-0.3590
738,attacker,FAMOUS,INSECT SPREAD,1,0.3383,-0.3383,0.0012,-0.3580
739,random,CHAOTIC LANGUAGE,SPREAD,1,0.3165,-0.3165,0.0042,-0.3559
740,attacker,FAMOUS,INSECT SPREAD,1,0.3383,-0.3383,0.0010,-0.3550
741,attacker,FAMOUS,INSECT SPREAD,1,0.3383,-0.3383,0.0010,-0.3542
742,random,IDENTITY GROW GROW GROW GROW SPREAD,SPREAD,1,0.1667,-0.1667,0.0159,-0.3448
743,attacker,FAMOUS,INSECT SPREAD,1,0.3383,-0.3383,0.0004,-0.3445
744,random,ALGORITHM FAIL GROW,SPREAD,1,0.2079,-0.2079,0.0129,-0.3377
745,attacker,FAMOUS,INSECT SPREAD,1,0.3383,-0.3383,-0.0000,-0.3377
746,attacker,FAMOUS,INSECT SPREAD,1,0.3383,-0.3383,-0.0000,-0.3377
747,attacker,FAMOUS,INSECT GROW,1,0.3840,-0.3840,-0.1516,-0.3400
748,attacker,FAMOUS,INSECT SPREAD,1,0.3383,-0.3383,0.0001,-0.3399
749,attacker,FAMOUS,INSECT SPREAD,1,0.3383,-0.3383,0.0001,-0.3399
750,attacker,FAMOUS,INSECT SPREAD,1,0.3383,-0.3383,0.0001,-0.3398
751,attacker,FAMOUS,INSECT SPREAD,1,0.3383,-0.3383,0.0001,-0.3397
752,random,TOOL BURN GROW,SPREAD,1,0.2533,-0.2533,0.0082,-0.3354
753,attacker,FAMOUS,INSECT SPREAD,1,0.3383,-0.3383,-0.0002,-0.3355
754,random,DEAD,LEADER FALL,1,0.4692,-0.4692,-0.1182,-0.3422
755,attacker,FAMOUS,INSECT SPREAD,1,0.3383,-0.3383,0.0002,-0.3420
756,random,LIE GROW SPREAD SPREAD,SPREAD,1,0.1513,-0.1513,0.0161,-0.3325
757,attacker,FAMOUS,INSECT SPREAD,1,0.3383,-0.3383,-0.0003,-0.3328
758,random,PROUD STRANGER,BUILD DENSE MAP,1,0.3153,-0.3153,0.1849,-0.3319
759,attacker,FAMOUS,INSECT SPREAD,1,0.3383,-0.3383,-0.0004,-0.3322
760,attacker,FAMOUS,INSECT SPREAD,1,0.3383,-0.3383,-0.0004,-0.3325
761,random,WOMAN FOLLOW ALGORITHM ATTACK,VAST DULL INSECT BREAK WEAK CAR,0,1.2958,-1.2958,-22.4462,-0.3807
762,attacker,FAMOUS,INSECT SPREAD,1,0.3383,-0.3383,0.0025,-0.3786
763,attacker,FAMOUS,INSECT SPREAD,1,0.3383,-0.3383,0.0024,-0.3766
764,random,POWER SPREAD SPREAD GROW,SPREAD,1,0.1529,-0.1529,0.0194,-0.3654
765,random,FREE INSECT SPREAD SPREAD HEAR CONNECTED,CAT,1,0.2411,-0.2411,0.2708,-0.3592
766,attacker,FAMOUS,INSECT SPREAD,1,0.3383,-0.3383,0.0012,-0.3581
767,attacker,FAMOUS,INSECT SPREAD,1,0.3383,-0.3383,0.0012,-0.3571
768,random,METAL BURN,SPREAD,0,1.2696,-1.2696,-1.6289,-0.4027
769,attacker,FAMOUS,INSECT SPREAD,1,0.3383,-0.3383,0.0038,-0.3995
770,random,DRONE SEE FIRE,FALL,1,0.2220,-0.2220,0.1717,-0.3906
771,attacker,FAMOUS,INSECT SPREAD,1,0.3383,-0.3383,0.0030,-0.3880
772,attacker,FAMOUS,INSECT SPREAD,1,0.3383,-0.3383,0.0029,-0.3855
773,attacker,FAMOUS,INSECT SPREAD,1,0.3383,-0.3383,0.0027,-0.3832
774,attacker,FAMOUS,INSECT SPREAD,1,0.3383,-0.3383,0.0026,-0.3809
775,attacker,FAMOUS,INSECT SPREAD,1,0.3383,-0.3383,0.0024,-0.3788
776,attacker,FAMOUS,INSECT SPREAD,1,0.3383,-0.3383,0.0023,-0.3768
777,attacker,FAMOUS,INSECT SPREAD,1,0.3383,-0.3383,0.0022,-0.3748
778,random,CALM CAT SEE CITY GROW,SPREAD,1,0.3198,-0.3198,0.0287,-0.3721
779,random,ISOLATED MAN FORGET,ISOLATED BORDER,1,0.2525,-0.2525,0.6641,-0.3661
780,attacker,FAMOUS,INSECT SPREAD,1,0.3383,-0.3383,0.0016,-0.3647
781,attacker,FAMOUS,INSECT SPREAD,1,0.3383,-0.3383,0.0015,-0.3634
782,random,FIRE,FAIL,0,1.2698,-1.2698,-5.6660,-0.4087
783,attacker,FAMOUS,INSECT SPREAD,1,0.3383,-0.3383,0.0040,-0.4052
784,attacker,FAMOUS,INSECT SPREAD,1,0.3383,-0.3383,0.0038,-0.4019
785,attacker,FAMOUS,INSECT SPREAD,1,0.3383,-0.3383,0.0036,-0.3987
786,attacker,FAMOUS,INSECT SPREAD,1,0.3383,-0.3383,0.0034,-0.3957
787,attacker,FAMOUS,INSECT SPREAD,1,0.3383,-0.3383,0.0032,-0.3928
788,attacker,FAMOUS,INSECT SPREAD,1,0.3383,-0.3383,0.0031,-0.3901
789,attacker,FAMOUS,INSECT SPREAD,1,0.3383,-0.3383,0.0029,-0.3875
790,attacker,FAMOUS,INSECT SPREAD,1,0.3383,-0.3383,0.0028,-0.3850
791,attacker,FAMOUS,INSECT SPREAD,1,0.3383,-0.3383,0.0026,-0.3827
792,attacker,FAMOUS,INSECT SPREAD,1,0.3383,-0.3383,0.0025,-0.3805
793,attacker,FAMOUS,INSECT SPREAD,1,0.3383,-0.3383,0.0024,-0.3783
794,attacker,FAMOUS,INSECT SPREAD,1,0.3383,-0.3383,0.0022,-0.3763
795,attacker,FAMOUS,INSECT SPREAD,1,0.3383,-0.3383,0.0021,-0.3744
796,attacker,FAMOUS,INSECT SPREAD,1,0.3383,-0.3383,0.0020,-0.3726
797,attacker,FAMOUS,INSECT SPREAD,1,0.3383,-0.3383,0.0019,-0.3709
798,attacker,FAMOUS,INSECT SPREAD,1,0.3383,-0.3383,0.0018,-0.3693
799,random,MAP BURN BURN FALL FAIL SPREAD,SPREAD,1,0.1893,-0.1893,0.0165,-0.3603
800,attacker,FAMOUS,INSECT SPREAD,1,0.3383,-0.3383,0.0012,-0.3592
801,attacker,FAMOUS,INSECT SPREAD,1,0.3383,-0.3383,0.0011,-0.3581
802,random,WOOD BURN,BURN,1,0.1007,-0.1007,0.3429,-0.3453
803,attacker,FAMOUS,INSECT SPREAD,1,0.3383,-0.3383,0.0004,-0.3449
804,attacker,FAMOUS,INSECT SPREAD,1,0.3383,-0.3383,0.0004,-0.3446
805,random,PLAN GROW,SPREAD,1,0.2150,-0.2150,0.0117,-0.3381
806,random,CAMERA,HEAR SMALL SOLDIER FALL,1,0.3094,-0.3094,0.3933,-0.3367
807,attacker,FAMOUS,INSECT SPREAD,1,0.3383,-0.3383,-0.0001,-0.3368
808,attacker,FAMOUS,INSECT GROW,1,0.3840,-0.3840,-0.1634,-0.3391
809,random,IDENTITY,SPREAD,1,0.2161,-0.2161,0.0071,-0.3330
810,attacker,FAMOUS,INSECT SPREAD,1,0.3383,-0.3383,-0.0003,-0.3332
811,attacker,FAMOUS,INSECT SPREAD,1,0.3383,-0.3383,-0.0003,-0.3335
812,attacker,FAMOUS,INSECT SPREAD,1,0.3383,-0.3383,-0.0003,-0.3337
813,attacker,FAMOUS,INSECT SPREAD,1,0.3383,-0.3383,-0.0002,-0.3340
814,random,ENCRYPTED,CLOCK FALL,1,0.3674,-0.3674,-0.0892,-0.3356
815,attacker,FAMOUS,INSECT SPREAD,1,0.3383,-0.3383,-0.0001,-0.3358
816,attacker,FAMOUS,INSECT SPREAD,1,0.3383,-0.3383,-0.0001,-0.3359
817,attacker,FAMOUS,INSECT SPREAD,1,0.3383,-0.3383,-0.0001,-0.3360
818,attacker,FAMOUS,INSECT SPREAD,1,0.3383,-0.3383,-0.0001,-0.3361
819,attacker,FAMOUS,INSECT GROW,1,0.3840,-0.3840,-0.1687,-0.3385
820,random,ASHAMED WOLF,RUN,1,0.3024,-0.3024,0.1230,-0.3367
821,attacker,FAMOUS,INSECT SPREAD,1,0.3383,-0.3383,-0.0001,-0.3368
822,random,SENSOR SEE STRONG STRANGER FAIL COMPUTE,ORDERED SIMPLE CAR,0,1.2724,-1.2724,-8.1000,-0.3836
823,attacker,FAMOUS,INSECT SPREAD,1,0.3383,-0.3383,0.0024,-0.3813
824,attacker,FAMOUS,INSECT SPREAD,1,0.3383,-0.3383,0.0023,-0.3791
825,random,DEAD LEADER,BREAK OPTIMAL KEY,0,1.3061,-1.3061,-7.7604,-0.4255
826,random,SIGNAL,SPREAD,1,0.2077,-0.2077,0.0172,-0.4146
827,attacker,FAMOUS,INSECT SPREAD,1,0.3383,-0.3383,0.0040,-0.4108
828,random,HORSE HEAR MEMORY,ATTACK CROWD,1,0.1860,-0.1860,1.6559,-0.3995
829,random,SYSTEM,SPREAD,1,0.2105,-0.2105,0.0139,-0.3901
830,attacker,FAMOUS,INSECT SPREAD,1,0.3383,-0.3383,0.0027,-0.3875
831,attacker,FAMOUS,INSECT SPREAD,1,0.3383,-0.3383,0.0026,-0.3850
832,attacker,FAMOUS,INSECT SPREAD,1,0.3383,-0.3383,0.0025,-0.3827
833,attacker,FAMOUS,INSECT SPREAD,1,0.3383,-0.3383,0.0023,-0.3805
834,random,STRANGER HEAR,DIRTY GUARD,1,0.2006,-0.2006,1.2265,-0.3715
835,random,TIME SPREAD FAIL,SPREAD,1,0.1393,-0.1393,0.0189,-0.3599
836,attacker,FAMOUS,INSECT SPREAD,1,0.3383,-0.3383,0.0011,-0.3588
837,attacker,FAMOUS,INSECT SPREAD,1,0.3383,-0.3383,0.0011,-0.3578
838,attacker,FAMOUS,INSECT SPREAD,1,0.3383,-0.3383,0.0010,-0.3568
839,random,BROKEN SOLDIER SEE OPTIMAL WEAK KEY,BURN,1,0.3114,-0.3114,0.0930,-0.3545
840,attacker,FAMOUS,INSECT GROW,1,0.3840,-0.3840,-0.1069,-0.3560
841,attacker,FAMOUS,INSECT SPREAD,1,0.3383,-0.3383,0.0009,-0.3551
842,attacker,FAMOUS,INSECT SPREAD,1,0.3383,-0.3383,0.0009,-0.3543
843,attacker,FAMOUS,INSECT SPREAD,1,0.3383,-0.3383,0.0008,-0.3535
844,attacker,FAMOUS,INSECT SPREAD,1,0.3383,-0.3383,0.0008,-0.3527
845,random,WEAPON SPREAD,GROW,1,0.2228,-0.2228,0.3964,-0.3462
846,attacker,FAMOUS,INSECT SPREAD,1,0.3383,-0.3383,0.0004,-0.3458
847,attacker,FAMOUS,INSECT,0,1.2622,-1.2622,-4.9195,-0.3916
848,attacker,FAMOUS,INSECT GROW,1,0.3840,-0.3840,0.0279,-0.3913
849,attacker,FAMOUS,INSECT SPREAD,1,0.3383,-0.3383,0.0026,-0.3886
850,attacker,FAMOUS,INSECT SPREAD,1,0.3383,-0.3383,0.0024,-0.3861
851,attacker,FAMOUS,INSECT SPREAD,1,0.3383,-0.3383,0.0023,-0.3837
852,attacker,FAMOUS,INSECT SPREAD,1,0.3383,-0.3383,0.0021,-0.3814
853,random,ASHAMED,MAN WANT ELDER,1,0.4686,-0.4686,-0.6919,-0.3858
854,attacker,FAMOUS,CAT CARRY CAR,1,0.3762,-0.3762,0.1230,-0.3853
855,attacker,FAMOUS,INSECT SPREAD,1,0.3383,-0.3383,0.0022,-0.3830
856,attacker,FAMOUS,INSECT SPREAD,1,0.3383,-0.3383,0.0021,-0.3807
857,random,ACTIVE CAR MOVE STRONG,CHILD,1,0.3144,-0.3144,0.1636,-0.3774
858,attacker,FAMOUS,INSECT SPREAD,1,0.3383,-0.3383,0.0019,-0.3755
859,attacker,FAMOUS,INSECT GROW,1,0.3840,-0.3840,-0.0303,-0.3759
860,attacker,FAMOUS,INSECT SPREAD,1,0.3383,-0.3383,0.0018,-0.3740
861,attacker,FAMOUS,INSECT SPREAD,1,0.3383,-0.3383,0.0017,-0.3722
862,random,SOLDIER,MOVE TRAPPED CAT,1,0.2903,-0.2903,0.6169,-0.3681
863,attacker,FAMOUS,INSECT SPREAD,1,0.3383,-0.3383,0.0014,-0.3666
864,attacker,FAMOUS,INSECT SPREAD,1,0.3383,-0.3383,0.0014,-0.3652
865,attacker,FAMOUS,INSECT SPREAD,1,0.3383,-0.3383,0.0013,-0.3639
866,attacker,FAMOUS,INSECT SPREAD,1,0.3383,-0.3383,0.0012,-0.3626
867,attacker,FAMOUS,INSECT SPREAD,1,0.3383,-0.3383,0.0012,-0.3614
868,random,VAST INSECT HEAR,SLOW FIRE MOVE TRAPPED GUARD,1,0.2866,-0.2866,1.1424,-0.3576
869,random,PROUD STRANGER,CARRY STONE,1,0.3253,-0.3253,0.2299,-0.3560
870,random,ISOLATED DOG,FALL,1,0.3106,-0.3106,0.0770,-0.3537
871,attacker,FAMOUS,INSECT SPREAD,1,0.3383,-0.3383,0.0008,-0.3530
872,attacker,FAMOUS,INSECT SPREAD,1,0.3383,-0.3383,0.0007,-0.3522
873,attacker,FAMOUS,INSECT SPREAD,1,0.3383,-0.3383,0.0007,-0.3515
874,attacker,FAMOUS,INSECT SPREAD,1,0.3383,-0.3383,0.0007,-0.3509
875,random,MAP FALL,SPREAD,1,0.2312,-0.2312,0.0442,-0.3449
876,attacker,FAMOUS,INSECT SPREAD,1,0.3383,-0.3383,0.0003,-0.3446
877,attacker,FAMOUS,INSECT SPREAD,1,0.3383,-0.3383,0.0003,-0.3442
878,random,TOOL SPREAD BURN,SPREAD,1,0.1758,-0.1758,0.0463,-0.3358
879,random,FREE,PLAN SPREAD,1,0.3606,-0.3606,-0.0944,-0.3371
880,attacker,FAMOUS,INSECT SPREAD,1,0.3383,-0.3383,-0.0001,-0.3371
881,random,SOLDIER,FALL,1,0.2304,-0.2304,0.1690,-0.3318
882,attacker,FAMOUS,INSECT SPREAD,1,0.3383,-0.3383,-0.0003,-0.3321
883,attacker,FAMOUS,INSECT SPREAD,1,0.3383,-0.3383,-0.0003,-0.3324
884,attacker,FAMOUS,INSECT SPREAD,1,0.3383,-0.3383,-0.0003,-0.3327
885,attacker,FAMOUS,INSECT SPREAD,1,0.3383,-0.3383,-0.0003,-0.3330
886,attacker,FAMOUS,INSECT SPREAD,1,0.3383,-0.3383,-0.0003,-0.3333
887,random,POWER GROW GROW,SPREAD,1,0.2182,-0.2182,0.0080,-0.3275
888,attacker,FAMOUS,INSECT SPREAD,1,0.3383,-0.3383,-0.0006,-0.3280
889,attacker,FAMOUS,INSECT SPREAD,1,0.3383,-0.3383,-0.0006,-0.3286
890,random,SMALL GUARD SEE ROAD BUILD ENCRYPTED,CAR,1,0.3026,-0.3026,0.0761,-0.3273
891,random,ISOLATED BOOK,SPREAD,1,0.3427,-0.3427,-0.0027,-0.3280
892,attacker,FAMOUS,INSECT SPREAD,1,0.3383,-0.3383,-0.0006,-0.3285
893,attacker,FAMOUS,INSECT SPREAD,1,0.3383,-0.3383,-0.0005,-0.3290
894,random,CAR FALL,MOVE CAT,1,0.1743,-0.1743,0.9378,-0.3213
895,attacker,FAMOUS,INSECT SPREAD,1,0.3383,-0.3383,-0.0010,-0.3221
896,random,DORMANT IDENTITY GROW,SPREAD,1,0.3066,-0.3066,0.0014,-0.3214
897,attacker,FAMOUS,INSECT SPREAD,1,0.3383,-0.3383,-0.0010,-0.3222
898,attacker,FAMOUS,INSECT SPREAD,1,0.3383,-0.3383,-0.0009,-0.3230
899,attacker,FAMOUS,INSECT SPREAD,1,0.3383,-0.3383,-0.0009,-0.3238
900,attacker,FAMOUS,INSECT SPREAD,1,0.3383,-0.3383,-0.0008,-0.3245
901,attacker,FAMOUS,INSECT SPREAD,1,0.3383,-0.3383,-0.0008,-0.3252
902,attacker,FAMOUS,INSECT SPREAD,1,0.3383,-0.3383,-0.0008,-0.3258
903,attacker,FAMOUS,INSECT SPREAD,1,0.3383,-0.3383,-0.0007,-0.3265
904,attacker,FAMOUS,INSECT SPREAD,1,0.3383,-0.3383,-0.0007,-0.3271
905,attacker,FAMOUS,INSECT SPREAD,1,0.3383,-0.3383,-0.0007,-0.3276
906,random,ALGORITHM GROW,SPREAD,1,0.2283,-0.2283,0.0077,-0.3227
907,random,SHARP MAP GROW,SPREAD,1,0.3250,-0.3250,-0.0004,-0.3228
908,random,METAL BURN BURN BURN,BURN,1,0.1002,-0.1002,0.2195,-0.3116
909,attacker,FAMOUS,INSECT SPREAD,1,0.3383,-0.3383,-0.0016,-0.3130
910,attacker,FAMOUS,INSECT SPREAD,1,0.3383,-0.3383,-0.0015,-0.3142
911,attacker,FAMOUS,INSECT SPREAD,1,0.3383,-0.3383,-0.0014,-0.3154
912,random,FREE PLAN SPREAD GROW,SPREAD,1,0.2581,-0.2581,0.0049,-0.3126
913,attacker,FAMOUS,INSECT GROW,1,0.3840,-0.3840,-0.2493,-0.3161
914,attacker,FAMOUS,INSECT SPREAD,1,0.3383,-0.3383,-0.0013,-0.3173
915,attacker,FAMOUS,INSECT SPREAD,1,0.3383,-0.3383,-0.0012,-0.3183
916,random,CLEAN,ELDER TRUST TRUSTED GROW,0,1.3001,-1.3001,-21.8938,-0.3674
917,attacker,FAMOUS,INSECT SPREAD,1,0.3383,-0.3383,0.0017,-0.3659
918,attacker,FAMOUS,INSECT SPREAD,1,0.3383,-0.3383,0.0016,-0.3646
919,attacker,FAMOUS,INSECT SPREAD,1,0.3383,-0.3383,0.0015,-0.3632
920,random,SOLDIER GROW FALL,HEAR WOLF BURN,1,0.1518,-0.1518,2.2292,-0.3527
921,attacker,FAMOUS,INSECT SPREAD,1,0.3383,-0.3383,0.0008,-0.3520
922,random,ROBOT MOVE BOOK BREAK,CONNECTED SEED,1,0.2839,-0.2839,0.4787,-0.3485
923,attacker,FAMOUS,INSECT SPREAD,1,0.3383,-0.3383,0.0006,-0.3480
924,attacker,FAMOUS,INSECT SPREAD,1,0.3383,-0.3383,0.0006,-0.3475
925,random,INSECT,SPREAD,1,0.2306,-0.2306,0.0069,-0.3417
926,random,SHARP WATER BURN FALL FALL BURN,BURN,1,0.2337,-0.2337,0.1066,-0.3363
927,attacker,FAMOUS,INSECT SPREAD,1,0.3383,-0.3383,-0.0001,-0.3364
928,attacker,FAMOUS,INSECT SPREAD,1,0.3383,-0.3383,-0.0001,-0.3365
929,attacker,FAMOUS,INSECT SPREAD,1,0.3383,-0.3383,-0.0001,-0.3366
930,attacker,FAMOUS,INSECT SPREAD,1,0.3383,-0.3383,-0.0001,-0.3367
931,attacker,FAMOUS,INSECT SPREAD,1,0.3383,-0.3383,-0.0001,-0.3368
932,attacker,FAMOUS,INSECT GROW,1,0.3840,-0.3840,-0.1706,-0.3391
933,attacker,FAMOUS,INSECT SPREAD,1,0.3383,-0.3383,0.0000,-0.3391
934,attacker,FAMOUS,INSECT SPREAD,1,0.3383,-0.3383,0.0000,-0.3390
935,random,MAN ATTACK,BROKEN SOLDIER,1,0.2090,-0.2090,0.6977,-0.3325
936,attacker,FAMOUS,INSECT SPREAD,1,0.3383,-0.3383,-0.0003,-0.3328
937,attacker,FAMOUS,INSECT SPREAD,1,0.3383,-0.3383,-0.0003,-0.3331
938,attacker,FAMOUS,INSECT SPREAD,1,0.3383,-0.3383,-0.0003,-0.3333
939,random,FEAR GROW SPREAD SPREAD GROW GROW,SPREAD,1,0.1609,-0.1609,0.0122,-0.3247
940,attacker,FAMOUS,INSECT SPREAD,1,0.3383,-0.3383,-0.0007,-0.3254
941,attacker,FAMOUS,INSECT SPREAD,1,0.3383,-0.3383,-0.0007,-0.3260
942,attacker,FAMOUS,INSECT SPREAD,1,0.3383,-0.3383,-0.0006,-0.3267
943,attacker,FAMOUS,INSECT SPREAD,1,0.3383,-0.3383,-0.0006,-0.3272
944,attacker,FAMOUS,INSECT SPREAD,1,0.3383,-0.3383,-0.0006,-0.3278
945,attacker,FAMOUS,INSECT SPREAD,1,0.3383,-0.3383,-0.0005,-0.3283
946,random,FEAR,SPREAD,1,0.2077,-0.2077,0.0059,-0.3223
947,attacker,FAMOUS,INSECT SPREAD,1,0.3383,-0.3383,-0.0008,-0.3231
948,attacker,FAMOUS,INSECT SPREAD,1,0.3383,-0.3383,-0.0008,-0.3238
949,attacker,FAMOUS,INSECT SPREAD,1,0.3383,-0.3383,-0.0007,-0.3246
950,random,CORRUPTED,PHONE MOVE CHILD,1,0.4514,-0.4514,-0.7834,-0.3309
951,attacker,FAMOUS,INSECT SPREAD,1,0.3383,-0.3383,-0.0004,-0.3313
952,attacker,FAMOUS,INSECT SPREAD,1,0.3383,-0.3383,-0.0004,-0.3316
953,attacker,FAMOUS,INSECT SPREAD,1,0.3383,-0.3383,-0.0003,-0.3320
954,random,CAMERA HEAR TRUSTED GUARD SEE FREE,SEED,1,0.3168,-0.3168,0.0345,-0.3312
955,attacker,FAMOUS,INSECT SPREAD,1,0.3383,-0.3383,-0.0004,-0.3316
956,attacker,FAMOUS,INSECT SPREAD,1,0.3383,-0.3383,-0.0003,-0.3319
957,random,FAMOUS POISON,SPREAD,1,0.3107,-0.3107,0.0043,-0.3308
958,attacker,FAMOUS,INSECT SPREAD,1,0.3383,-0.3383,-0.0004,-0.3312
959,attacker,FAMOUS,INSECT SPREAD,1,0.3383,-0.3383,-0.0004,-0.3316
960,attacker,FAMOUS,INSECT SPREAD,1,0.3383,-0.3383,-0.0003,-0.3319
961,attacker,FAMOUS,INSECT SPREAD,1,0.3383,-0.3383,-0.0003,-0.3322
962,attacker,FAMOUS,CAT BURN,1,0.3880,-0.3880,-0.4255,-0.3350
963,attacker,FAMOUS,INSECT SPREAD,1,0.3383,-0.3383,-0.0002,-0.3352
964,attacker,FAMOUS,INSECT SPREAD,1,0.3383,-0.3383,-0.0002,-0.3353
965,random,DIRTY,SOLDIER BREAK ASHAMED CAT,0,1.3771,-1.3771,-13.8222,-0.3874
966,attacker,FAMOUS,INSECT SPREAD,1,0.3383,-0.3383,0.0024,-0.3850
967,attacker,FAMOUS,INSECT SPREAD,1,0.3383,-0.3383,0.0023,-0.3826
968,attacker,FAMOUS,INSECT SPREAD,1,0.3383,-0.3383,0.0022,-0.3804
969,attacker,FAMOUS,INSECT SPREAD,1,0.3383,-0.3383,0.0021,-0.3783
970,attacker,FAMOUS,INSECT SPREAD,1,0.3383,-0.3383,0.0019,-0.3763
971,attacker,FAMOUS,INSECT SPREAD,1,0.3383,-0.3383,0.0018,-0.3744
972,attacker,FAMOUS,INSECT SPREAD,1,0.3383,-0.3383,0.0017,-0.3726
973,attacker,FAMOUS,INSECT SPREAD,1,0.3383,-0.3383,0.0016,-0.3709
974,attacker,FAMOUS,INSECT GROW,1,0.3840,-0.3840,-0.0491,-0.3715
975,attacker,FAMOUS,INSECT SPREAD,1,0.3383,-0.3383,0.0016,-0.3699
976,random,HAPPY,CAT FALL,1,0.3757,-0.3757,-0.0241,-0.3702
977,attacker,FAMOUS,INSECT SPREAD,1,0.3383,-0.3383,0.0015,-0.3686
978,random,DEBT,SPREAD,1,0.2036,-0.2036,0.0086,-0.3603
979,attacker,FAMOUS,INSECT SPREAD,1,0.3383,-0.3383,0.0010,-0.3592
980,attacker,FAMOUS,INSECT SPREAD,1,0.3383,-0.3383,0.0010,-0.3582
981,random,SEED FALL GROW BURN,GROW,1,0.1547,-0.1547,0.5719,-0.3480
982,attacker,FAMOUS,INSECT SPREAD,1,0.3383,-0.3383,0.0004,-0.3475
983,random,CHILD FORGET CHANCE HEAR,PROUD LEADER,0,1.2661,-1.2661,-10.2514,-0.3934
984,attacker,FAMOUS,INSECT SPREAD,1,0.3383,-0.3383,0.0025,-0.3907
985,attacker,FAMOUS,INSECT SPREAD,1,0.3383,-0.3383,0.0024,-0.3881
986,random,CAT EAT SAD SMALL HORSE WANT,CORRUPTED MAP,1,0.2933,-0.2933,0.8052,-0.3833
987,random,ORDERED SOLDIER SPREAD,SPREAD,1,0.2075,-0.2075,0.0609,-0.3745
988,attacker,FAMOUS,INSECT SPREAD,1,0.3383,-0.3383,0.0017,-0.3727
989,attacker,FAMOUS,INSECT SPREAD,1,0.3383,-0.3383,0.0016,-0.3710
990,random,POISON GROW SPREAD FALL FAIL GROW,SPREAD,1,0.1883,-0.1883,0.0152,-0.3619
991,attacker,FAMOUS,INSECT SPREAD,1,0.3383,-0.3383,0.0011,-0.3607
992,attacker,FAMOUS,INSECT GROW,1,0.3840,-0.3840,-0.0876,-0.3618
993,attacker,FAMOUS,INSECT SPREAD,1,0.3383,-0.3383,0.0011,-0.3607
994,attacker,FAMOUS,INSECT SPREAD,1,0.3383,-0.3383,0.0010,-0.3596
995,random,SAD,SOLDIER FALL,1,0.4435,-0.4435,-0.2508,-0.3637
996,attacker,FAMOUS,INSECT,0,1.2622,-1.2622,-5.7160,-0.4087
997,attacker,FAMOUS,INSECT SPREAD,1,0.3383,-0.3383,0.0031,-0.4052
998,attacker,FAMOUS,INSECT SPREAD,1,0.3383,-0.3383,0.0029,-0.4018
999,random,CROWD FOLLOW PLAN FOLLOW,SIGNAL,1,0.2173,-0.2173,1.1643,-0.3926
1000,random,METAL BURN BURN,BURN,1,0.1004,-0.1004,0.1812,-0.3780
1001,attacker,FAMOUS,INSECT SPREAD,1,0.3383,-0.3383,0.0017,-0.3760
1002,attacker,FAMOUS,INSECT SPREAD,1,0.3383,-0.3383,0.0017,-0.3741
1003,attacker,FAMOUS,INSECT SPREAD,1,0.3383,-0.3383,0.0016,-0.3723
1004,attacker,FAMOUS,INSECT SPREAD,1,0.3383,-0.3383,0.0015,-0.3706
1005,attacker,FAMOUS,INSECT SPREAD,1,0.3383,-0.3383,0.0014,-0.3690
1006,attacker,FAMOUS,INSECT SPREAD,1,0.3383,-0.3383,0.0014,-0.3675
1007,attacker,FAMOUS,INSECT SPREAD,1,0.3383,-0.3383,0.0013,-0.3660
1008,attacker,FAMOUS,INSECT SPREAD,1,0.3383,-0.3383,0.0012,-0.3646
1009,random,DENSE BOOK,SPREAD,0,1.3341,-1.3341,-0.5211,-0.4131
1010,random,MAP,SPREAD,1,0.2120,-0.2120,0.0236,-0.4030
1011,attacker,FAMOUS,INSECT SPREAD,1,0.3383,-0.3383,0.0029,-0.3998
1012,attacker,FAMOUS,INSECT SPREAD,1,0.3383,-0.3383,0.0028,-0.3967
1013,attacker,FAMOUS,INSECT SPREAD,1,0.3383,-0.3383,0.0026,-0.3938
1014,attacker,FAMOUS,INSECT SPREAD,1,0.3383,-0.3383,0.0025,-0.3910
1015,attacker,FAMOUS,INSECT SPREAD,1,0.3383,-0.3383,0.0023,-0.3884
1016,attacker,FAMOUS,INSECT SPREAD,1,0.3383,-0.3383,0.0022,-0.3859
1017,random,CAR SEE GUARD HEAR IDENTITY,SPREAD,0,1.2231,-1.2231,-2.0716,-0.4277
1018,attacker,FAMOUS,INSECT SPREAD,1,0.3383,-0.3383,0.0039,-0.4233
1019,attacker,FAMOUS,INSECT SPREAD,1,0.3383,-0.3383,0.0037,-0.4190
1020,random,VAST MAP FALL FALL FALL,BURN,1,0.2688,-0.2688,0.2724,-0.4115
1021,attacker,FAMOUS,INSECT SPREAD,1,0.3383,-0.3383,0.0031,-0.4078
1022,attacker,FAMOUS,INSECT SPREAD,1,0.3383,-0.3383,0.0030,-0.4044
1023,attacker,FAMOUS,INSECT SPREAD,1,0.3383,-0.3383,0.0028,-0.4011
1024,attacker,FAMOUS,INSECT SPREAD,1,0.3383,-0.3383,0.0026,-0.3979
1025,attacker,FAMOUS,INSECT SPREAD,1,0.3383,-0.3383,0.0025,-0.3949
1026,attacker,FAMOUS,INSECT SPREAD,1,0.3383,-0.3383,0.0023,-0.3921
1027,attacker,FAMOUS,INSECT SPREAD,1,0.3383,-0.3383,0.0022,-0.3894
1028,attacker,FAMOUS,INSECT SPREAD,1,0.3383,-0.3383,0.0021,-0.3869
1029,attacker,FAMOUS,INSECT SPREAD,1,0.3383,-0.3383,0.0020,-0.3844
1030,attacker,FAMOUS,INSECT SPREAD,1,0.3383,-0.3383,0.0019,-0.3821
1031,attacker,FAMOUS,INSECT SPREAD,1,0.3383,-0.3383,0.0018,-0.3799
1032,attacker,FAMOUS,INSECT SPREAD,1,0.3383,-0.3383,0.0017,-0.3778
1033,random,SIGNAL,SPREAD,1,0.2077,-0.2077,0.0101,-0.3693
1034,attacker,FAMOUS,INSECT SPREAD,1,0.3383,-0.3383,0.0012,-0.3678
1035,attacker,FAMOUS,INSECT SPREAD,1,0.3383,-0.3383,0.0012,-0.3663
1036,attacker,FAMOUS,INSECT SPREAD,1,0.3383,-0.3383,0.0011,-0.3649
1037,attacker,FAMOUS,INSECT SPREAD,1,0.3383,-0.3383,0.0010,-0.3636
1038,attacker,FAMOUS,INSECT SPREAD,1,0.3383,-0.3383,0.0010,-0.3623
1039,random,LANGUAGE GROW GROW GROW,SPREAD,1,0.2155,-0.2155,0.0140,-0.3550
1040,attacker,FAMOUS,INSECT SPREAD,1,0.3383,-0.3383,0.0007,-0.3541
1041,attacker,FAMOUS,INSECT SPREAD,1,0.3383,-0.3383,0.0006,-0.3533
1042,attacker,FAMOUS,INSECT SPREAD,1,0.3383,-0.3383,0.0006,-0.3526
1043,attacker,FAMOUS,INSECT SPREAD,1,0.3383,-0.3383,0.0006,-0.3519
1044,attacker,FAMOUS,INSECT SPREAD,1,0.3383,-0.3383,0.0005,-0.3512
1045,attacker,FAMOUS,INSECT SPREAD,1,0.3383,-0.3383,0.0005,-0.3506
1046,random,BIRD BREAK SEED FOLLOW,BIG INSECT,1,0.2531,-0.2531,0.8137,-0.3457
1047,attacker,FAMOUS,INSECT SPREAD,1,0.3383,-0.3383,0.0003,-0.3453
1048,attacker,FAMOUS,INSECT SPREAD,1,0.3383,-0.3383,0.0003,-0.3450
1049,attacker,FAMOUS,INSECT GROW,1,0.3840,-0.3840,-0.1468,-0.3469
1050,attacker,FAMOUS,INSECT SPREAD,1,0.3383,-0.3383,0.0003,-0.3465
1051,random,DEBT,SPREAD,1,0.2036,-0.2036,0.0060,-0.3393
1052,attacker,FAMOUS,INSECT GROW,1,0.3840,-0.3840,-0.1694,-0.3416
1053,attacker,FAMOUS,INSECT SPREAD,1,0.3383,-0.3383,0.0001,-0.3414
1054,attacker,FAMOUS,INSECT SPREAD,1,0.3383,-0.3383,0.0001,-0.3412
1055,attacker,FAMOUS,INSECT SPREAD,1,0.3383,-0.3383,0.0001,-0.3411
1056,attacker,FAMOUS,INSECT GROW,1,0.3840,-0.3840,-0.1656,-0.3432
1057,attacker,FAMOUS,INSECT SPREAD SPREAD,1,0.3347,-0.3347,0.0570,-0.3428
1058,attacker,FAMOUS,INSECT SPREAD,1,0.3383,-0.3383,0.0002,-0.3426
1059,attacker,FAMOUS,INSECT SPREAD,1,0.3383,-0.3383,0.0002,-0.3424
1060,attacker,FAMOUS,INSECT SPREAD,1,0.3383,-0.3383,0.0002,-0.3422
1061,attacker,FAMOUS,INSECT SPREAD,1,0.3383,-0.3383,0.0001,-0.3420
1062,random,DRONE ENCODE CLEAN ORDERED,TOOL,0,1.3151,-1.3151,-3.5504,-0.3906
1063,random,WOOD,FALL,1,0.2000,-0.2000,0.1593,-0.3811
1064,attacker,FAMOUS,INSECT SPREAD,1,0.3383,-0.3383,0.0016,-0.3790
1065,random,WOOD,BURN,1,0.2030,-0.2030,0.1226,-0.3702
1066,attacker,FAMOUS,INSECT SPREAD,1,0.3383,-0.3383,0.0012,-0.3686
1067,random,FEAR SPREAD,SPREAD,1,0.1009,-0.1009,0.0192,-0.3552
1068,attacker,FAMOUS,INSECT SPREAD,1,0.3383,-0.3383,0.0007,-0.3543
1069,random,PATTERN GROW SPREAD,SPREAD,1,0.1605,-0.1605,0.0116,-0.3446
1070,attacker,FAMOUS,INSECT SPREAD,1,0.3383,-0.3383,0.0002,-0.3443
1071,attacker,FAMOUS,INSECT SPREAD,1,0.3383,-0.3383,0.0002,-0.3440
1072,attacker,FAMOUS,INSECT SPREAD,1,0.3383,-0.3383,0.0002,-0.3437
1073,random,PATTERN,SPREAD,1,0.2312,-0.2312,0.0065,-0.3381
1074,random,ISOLATED ELDER CHOOSE WOMAN,IMAGINE COMPLEX GUARD BUILD SLOW SENSOR,0,1.2201,-1.2201,-22.8471,-0.3822
1075,attacker,FAMOUS,INSECT SPREAD,1,0.3383,-0.3383,0.0018,-0.3800
1076,random,WOLF WANT,SLOW FIRE,1,0.3321,-0.3321,0.3256,-0.3776
1077,attacker,FAMOUS,INSECT SPREAD,1,0.3383,-0.3383,0.0016,-0.3756
1078,attacker,FAMOUS,INSECT SPREAD,1,0.3383,-0.3383,0.0015,-0.3738
1079,random,OPTIMAL PATTERN,SPREAD,1,0.3325,-0.3325,0.0040,-0.3717
1080,attacker,FAMOUS,INSECT SPREAD,1,0.3383,-0.3383,0.0014,-0.3700
1081,attacker,FAMOUS,INSECT SPREAD,1,0.3383,-0.3383,0.0013,-0.3685
1082,random,LIE,SPREAD,1,0.2129,-0.2129,0.0065,-0.3607
1083,attacker,FAMOUS,INSECT SPREAD,1,0.3383,-0.3383,0.0009,-0.3596
1084,random,PATTERN,SPREAD,1,0.2312,-0.2312,0.0074,-0.3531
1085,attacker,FAMOUS,INSECT SPREAD,1,0.3383,-0.3383,0.0006,-0.3524
1086,random,ALGORITHM,SPREAD,1,0.2312,-0.2312,0.0067,-0.3463
1087,attacker,FAMOUS,INSECT SPREAD,1,0.3383,-0.3383,0.0003,-0.3459
1088,attacker,FAMOUS,INSECT SPREAD,1,0.3383,-0.3383,0.0003,-0.3456
1089,attacker,FAMOUS,INSECT SPREAD,1,0.3383,-0.3383,0.0003,-0.3452
1090,random,DIRTY,LEADER FALL,1,0.4488,-0.4488,-0.4967,-0.3504
1091,random,DEBT SPREAD GROW,SPREAD,1,0.1514,-0.1514,0.0115,-0.3404
1092,attacker,FAMOUS,INSECT SPREAD,1,0.3383,-0.3383,0.0001,-0.3403
1093,random,CAMERA GENERATE,ORDERED LIE,1,0.3289,-0.3289,0.0633,-0.3397
1094,attacker,FAMOUS,INSECT SPREAD,1,0.3383,-0.3383,0.0001,-0.3397
1095,random,PLAN FAIL FAIL UPDATE SMALL CAR,SPREAD,1,0.2925,-0.2925,0.0045,-0.3373
1096,random,LAW GROW SPREAD,SPREAD,1,0.1509,-0.1509,0.0107,-0.3280
1097,attacker,FAMOUS,INSECT SPREAD,1,0.3383,-0.3383,-0.0004,-0.3285
1098,attacker,FAMOUS,INSECT SPREAD,1,0.3383,-0.3383,-0.0004,-0.3290
1099,attacker,FAMOUS,INSECT SPREAD,1,0.3383,-0.3383,-0.0004,-0.3295
1100,attacker,FAMOUS,INSECT SPREAD,1,0.3383,-0.3383,-0.0004,-0.3299
1101,attacker,FAMOUS,INSECT SPREAD,1,0.3383,-0.3383,-0.0003,-0.3303
1102,attacker,FAMOUS,INSECT SPREAD,1,0.3383,-0.3383,-0.0003,-0.3307
1103,attacker,FAMOUS,INSECT SPREAD,1,0.3383,-0.3383,-0.0003,-0.3311
1104,random,SLOW,ROBOT FALL,1,0.4671,-0.4671,-0.2730,-0.3379
1105,random,FAST WOLF SEE VAST SMALL,SEED,1,0.3096,-0.3096,0.0835,-0.3365
1106,attacker,FAMOUS,INSECT SPREAD,1,0.3383,-0.3383,-0.0001,-0.3366
1107,attacker,FAMOUS,INSECT SPREAD,1,0.3383,-0.3383,-0.0001,-0.3367
1108,random,AUTOMATED,TRUTH SPREAD,1,0.3452,-0.3452,-0.0344,-0.3371
1109,attacker,FAMOUS,INSECT SPREAD,1,0.3383,-0.3383,-0.0000,-0.3371
1110,attacker,FAMOUS,INSECT SPREAD,1,0.3383,-0.3383,-0.0000,-0.3372
1111,random,MAN HELP CROWD IMAGINE HOME,IMAGINE MEMORY,1,0.1753,-0.1753,1.2093,-0.3291
1112,random,INSECT,SPREAD,1,0.2306,-0.2306,0.0041,-0.3242
1113,attacker,FAMOUS,INSECT SPREAD,1,0.3383,-0.3383,-0.0006,-0.3249
1114,random,TRUTH GROW,SPREAD,1,0.2044,-0.2044,0.0078,-0.3189
1115,attacker,FAMOUS,INSECT SPREAD,1,0.3383,-0.3383,-0.0008,-0.3198
1116,attacker,FAMOUS,INSECT SPREAD,1,0.3383,-0.3383,-0.0007,-0.3208
1117,random,ELDER CHOOSE,FAMOUS INSECT,1,0.2889,-0.2889,0.1129,-0.3192
1118,random,SIMPLE POISON FALL BURN,SPREAD,0,1.3637,-1.3637,-0.6426,-0.3714
1119,random,ERROR SPREAD,SPREAD,1,0.1093,-0.1093,0.0160,-0.3583
1120,attacker,FAMOUS,INSECT SPREAD,1,0.3383,-0.3383,0.0008,-0.3573
1121,attacker,FAMOUS,INSECT SPREAD,1,0.3383,-0.3383,0.0008,-0.3563
1122,attacker,FAMOUS,INSECT SPREAD,1,0.3383,-0.3383,0.0007,-0.3554
1123,attacker,FAMOUS,INSECT SPREAD,1,0.3383,-0.3383,0.0007,-0.3546
1124,attacker,FAMOUS,INSECT SPREAD,1,0.3383,-0.3383,0.0006,-0.3538
1125,random,HAPPY WOLF BURN RUN,CARRY BIG HEAVY SENSOR IMAGINE MAP,0,1.2895,-1.2895,-24.6386,-0.4005
1126,attacker,FAMOUS,INSECT SPREAD,1,0.3383,-0.3383,0.0025,-0.3974
1127,random,FIRE MOVE,CAT,1,0.2046,-0.2046,0.5676,-0.3878
1128,attacker,FAMOUS,INSECT SPREAD,1,0.3383,-0.3383,0.0020,-0.3853
1129,random,ERROR FAIL,SPREAD,1,0.1978,-0.1978,0.0124,-0.3759
1130,random,CHOICE GROW GROW GROW,SPREAD,1,0.2301,-0.2301,0.0098,-0.3686
1131,attacker,FAMOUS,INSECT SPREAD,1,0.3383,-0.3383,0.0012,-0.3671
1132,attacker,FAMOUS,INSECT SPREAD,1,0.3383,-0.3383,0.0011,-0.3657
1133,attacker,FAMOUS,INSECT SPREAD,1,0.3383,-0.3383,0.0011,-0.3643
1134,random,WATER BURN BURN,BURN,1,0.1003,-0.1003,0.1218,-0.3511
1135,random,ENGINE UPDATE ORDERED SHARP DUST GENERATE,LIE,1,0.3608,-0.3608,-0.0373,-0.3516
1136,attacker,FAMOUS,INSECT SPREAD,1,0.3383,-0.3383,0.0005,-0.3509
1137,random,BIG WOMAN,THINK DOG,1,0.2683,-0.2683,0.7713,-0.3468
1138,attacker,FAMOUS,INSECT SPREAD,1,0.3383,-0.3383,0.0003,-0.3464
1139,attacker,FAMOUS,INSECT SPREAD,1,0.3383,-0.3383,0.0003,-0.3460
1140,attacker,FAMOUS,INSECT SPREAD,1,0.3383,-0.3383,0.0003,-0.3456
1141,attacker,FAMOUS,INSECT SPREAD,1,0.3383,-0.3383,0.0003,-0.3452
1142,random,PLAN UPDATE,ENCRYPTED POISON,1,0.3289,-0.3289,0.1175,-0.3444
1143,attacker,FAMOUS,INSECT SPREAD,1,0.3383,-0.3383,0.0002,-0.3441
1144,random,POISON BURN FALL,SPREAD,1,0.2519,-0.2519,0.0412,-0.3395
1145,random,KEY GROW FALL SPREAD,SPREAD,1,0.1802,-0.1802,0.0156,-0.3315
1146,attacker,DORMANT,DRONE FALL,1,0.4478,-0.4478,-0.2645,-0.3373
1147,random,ENGINE,FALL,1,0.2216,-0.2216,0.0480,-0.3315
1148,attacker,FAMOUS,INSECT SPREAD,1,0.3383,-0.3383,-0.0003,-0.3319
1149,random,ENCRYPTED,CAMERA HEAR SAD WOLF FALL,1,0.3846,-0.3846,-0.6847,-0.3345
1150,attacker,FAMOUS,INSECT SPREAD,1,0.3383,-0.3383,-0.0002,-0.3347
1151,attacker,FAMOUS,INSECT SPREAD,1,0.3383,-0.3383,-0.0001,-0.3349
1152,attacker,FAMOUS,INSECT SPREAD,1,0.3383,-0.3383,-0.0001,-0.3351
1153,attacker,FAMOUS,INSECT SPREAD,1,0.3383,-0.3383,-0.0001,-0.3352
1154,attacker,FAMOUS,INSECT SPREAD,1,0.3383,-0.3383,-0.0001,-0.3354
1155,random,SHARP CROWD GROW,BURN,1,0.2815,-0.2815,0.0466,-0.3327
1156,random,METAL BURN,BURN,1,0.1009,-0.1009,0.0767,-0.3211
1157,attacker,FAMOUS,INSECT SPREAD,1,0.3383,-0.3383,-0.0007,-0.3219
1158,attacker,FAMOUS,INSECT SPREAD,1,0.3383,-0.3383,-0.0007,-0.3228
1159,attacker,FAMOUS,INSECT SPREAD,1,0.3383,-0.3383,-0.0006,-0.3235
1160,attacker,FAMOUS,INSECT SPREAD,1,0.3383,-0.3383,-0.0006,-0.3243
1161,attacker,FAMOUS,INSECT SPREAD,1,0.3383,-0.3383,-0.0006,-0.3250
1162,random,POWER GROW,SPREAD,1,0.2125,-0.2125,0.0073,-0.3193
1163,attacker,FAMOUS,INSECT SPREAD,1,0.3383,-0.3383,-0.0008,-0.3203
1164,random,ERROR,SPREAD,1,0.2312,-0.2312,0.0040,-0.3158
1165,attacker,FAMOUS,INSECT SPREAD,1,0.3383,-0.3383,-0.0009,-0.3170
1166,attacker,FAMOUS,INSECT SPREAD,1,0.3383,-0.3383,-0.0009,-0.3180
1167,attacker,FAMOUS,INSECT SPREAD,1,0.3383,-0.3383,-0.0008,-0.3190
1168,random,REBELLIOUS,SOLDIER SEE SOLDIER BUILD METAL,1,0.4047,-0.4047,-1.5063,-0.3233
1169,attacker,FAMOUS,INSECT SPREAD,1,0.3383,-0.3383,-0.0006,-0.3241
1170,attacker,FAMOUS,INSECT SPREAD,1,0.3383,-0.3383,-0.0006,-0.3248
1171,attacker,FAMOUS,INSECT SPREAD,1,0.3383,-0.3383,-0.0006,-0.3255
1172,random,WATER,BURN,1,0.2030,-0.2030,0.0686,-0.3193
1173,attacker,FAMOUS,INSECT SPREAD,1,0.3383,-0.3383,-0.0008,-0.3203
1174,random,FAST CROWD,BREAK WATER,1,0.3313,-0.3313,-0.0683,-0.3208
1175,attacker,FAMOUS,INSECT SPREAD,1,0.3383,-0.3383,-0.0007,-0.3217
1176,attacker,FAMOUS,INSECT SPREAD,1,0.3383,-0.3383,-0.0007,-0.3225
1177,attacker,FAMOUS,INSECT SPREAD,1,0.3383,-0.3383,-0.0007,-0.3233
1178,attacker,FAMOUS,INSECT SPREAD,1,0.3383,-0.3383,-0.0006,-0.3241
1179,attacker,FAMOUS,INSECT SPREAD,1,0.3383,-0.3383,-0.0006,-0.3248
1180,random,SHARP,CHILD RUN,1,0.3383,-0.3383,-0.0698,-0.3255
1181,random,SYSTEM GROW,SPREAD,1,0.2133,-0.2133,0.0072,-0.3198
1182,attacker,FAMOUS,INSECT SPREAD,1,0.3383,-0.3383,-0.0008,-0.3208
1183,attacker,FAMOUS,INSECT SPREAD,1,0.3383,-0.3383,-0.0007,-0.3216
1184,random,WATER,BURN,1,0.2030,-0.2030,0.0403,-0.3157
1185,attacker,FAMOUS,INSECT SPREAD,1,0.3383,-0.3383,-0.0010,-0.3168
1186,attacker,FAMOUS,INSECT SPREAD,1,0.3383,-0.3383,-0.0009,-0.3179
1187,attacker,FAMOUS,INSECT SPREAD,1,0.3383,-0.3383,-0.0009,-0.3189
1188,attacker,FAMOUS,INSECT SPREAD,1,0.3383,-0.3383,-0.0008,-0.3199
1189,attacker,FAMOUS,INSECT SPREAD,1,0.3383,-0.3383,-0.0008,-0.3208
1190,attacker,FAMOUS,INSECT SPREAD,1,0.3383,-0.3383,-0.0008,-0.3217
1191,attacker,FAMOUS,INSECT SPREAD,1,0.3383,-0.3383,-0.0007,-0.3225
1192,attacker,FAMOUS,INSECT SPREAD,1,0.3383,-0.3383,-0.0007,-0.3233
1193,random,METAL FALL FALL BURN BURN,BURN,1,0.1343,-0.1343,0.0426,-0.3139
1194,random,PROUD STRANGER TALK CHOOSE TRUTH WANT,REBELLIOUS SOLDIER,1,0.2738,-0.2738,0.2325,-0.3119
1195,attacker,FAMOUS,INSECT SPREAD,1,0.3383,-0.3383,-0.0012,-0.3132
1196,attacker,FAMOUS,INSECT SPREAD,1,0.3383,-0.3383,-0.0011,-0.3144
1197,attacker,FAMOUS,INSECT SPREAD,1,0.3383,-0.3383,-0.0011,-0.3156
1198,random,DENSE BOOK,BURN,1,0.3139,-0.3139,0.0009,-0.3155
1199,attacker,FAMOUS,INSECT SPREAD,1,0.3383,-0.3383,-0.0010,-0.3167
1200,random,FIRE SPREAD MOVE,SEED MOVE CAT,1,0.1414,-0.1414,1.2714,-0.3079
1201,attacker,FAMOUS,WEAPON SPREAD,1,0.3423,-0.3423,-0.2272,-0.3096
1202,random,IDENTITY,SPREAD,1,0.2161,-0.2161,0.0039,-0.3050
1203,attacker,FAMOUS,CROWD RUN,0,1.3594,-1.3594,-11.4896,-0.3577
1204,random,CROWD CARRY,SEED BREAK FOOD,1,0.1739,-0.1739,2.0607,-0.3485
1205,attacker,FAMOUS,INSECT SPREAD,1,0.3383,-0.3383,0.0005,-0.3480
1206,attacker,FAMOUS,INSECT SPREAD,1,0.3383,-0.3383,0.0005,-0.3475
1207,attacker,FAMOUS,INSECT SPREAD,1,0.3383,-0.3383,0.0004,-0.3470
1208,attacker,FAMOUS,INSECT SPREAD,1,0.3383,-0.3383,0.0004,-0.3466
1209,random,MEMORY SPREAD SPREAD FAIL GROW GROW,SPREAD,1,0.1676,-0.1676,0.0121,-0.3376
1210,random,CLOCK,FAIL,1,0.2329,-0.2329,0.2852,-0.3324
1211,attacker,FAMOUS,INSECT SPREAD,1,0.3383,-0.3383,-0.0003,-0.3327
1212,random,NETWORK,SPREAD,1,0.2019,-0.2019,0.0080,-0.3262
1213,random,ERROR,SPREAD,1,0.2312,-0.2312,0.0043,-0.3214
1214,attacker,FAMOUS,INSECT SPREAD,1,0.3383,-0.3383,-0.0008,-0.3223
1215,attacker,FAMOUS,INSECT SPREAD,1,0.3383,-0.3383,-0.0007,-0.3231
1216,random,ASHAMED WOMAN SEE DOG CHOOSE BIRD,FORGET TRUTH,1,0.3065,-0.3065,0.1094,-0.3222
1217,attacker,FAMOUS,INSECT SPREAD,1,0.3383,-0.3383,-0.0007,-0.3230
1218,attacker,FAMOUS,INSECT SPREAD,1,0.3383,-0.3383,-0.0007,-0.3238
1219,attacker,FAMOUS,INSECT SPREAD,1,0.3383,-0.3383,-0.0007,-0.3245
1220,attacker,FAMOUS,INSECT SPREAD SPREAD,1,0.3347,-0.3347,-0.0512,-0.3250
1221,attacker,FAMOUS,INSECT SPREAD,1,0.3383,-0.3383,-0.0006,-0.3257
1222,attacker,FAMOUS,INSECT SPREAD,1,0.3383,-0.3383,-0.0006,-0.3263
1223,attacker,FAMOUS,INSECT SPREAD,1,0.3383,-0.3383,-0.0005,-0.3269
1224,attacker,FAMOUS,INSECT SPREAD,1,0.3383,-0.3383,-0.0005,-0.3275
1225,attacker,FAMOUS,INSECT SPREAD,1,0.3383,-0.3383,-0.0005,-0.3280
1226,attacker,FAMOUS,INSECT SPREAD,1,0.3383,-0.3383,-0.0004,-0.3285
1227,attacker,FAMOUS,INSECT SPREAD,1,0.3383,-0.3383,-0.0004,-0.3290
1228,attacker,FAMOUS,INSECT SPREAD,1,0.3383,-0.3383,-0.0004,-0.3295
1229,attacker,FAMOUS,INSECT SPREAD,1,0.3383,-0.3383,-0.0004,-0.3299
1230,attacker,FAMOUS,INSECT SPREAD,1,0.3383,-0.3383,-0.0004,-0.3303
1231,attacker,FAMOUS,INSECT SPREAD,1,0.3383,-0.3383,-0.0004,-0.3307
1232,attacker,FAMOUS,INSECT SPREAD,1,0.3383,-0.3383,-0.0003,-0.3311
1233,attacker,FAMOUS,INSECT SPREAD,1,0.3383,-0.3383,-0.0003,-0.3315
1234,random,REBELLIOUS GUARD WANT SOLDIER,GUARD,0,1.2046,-1.2046,-3.8210,-0.3751
1235,attacker,FAMOUS,INSECT SPREAD,1,0.3383,-0.3383,0.0017,-0.3733
1236,attacker,FAMOUS,INSECT SPREAD,1,0.3383,-0.3383,0.0016,-0.3715
1237,attacker,FAMOUS,INSECT SPREAD,1,0.3383,-0.3383,0.0016,-0.3699
1238,attacker,FAMOUS,INSECT SPREAD,1,0.3383,-0.3383,0.0015,-0.3683
1239,random,FOOD,BURN,1,0.2132,-0.2132,0.0229,-0.3605
1240,attacker,FAMOUS,INSECT SPREAD,1,0.3383,-0.3383,0.0010,-0.3594
1241,random,OPTIMAL,SOLDIER FALL,1,0.3615,-0.3615,-0.0051,-0.3595
1242,attacker,FAMOUS,INSECT SPREAD,1,0.3383,-0.3383,0.0010,-0.3585
1243,random,SIGNAL SPREAD FAIL,SPREAD,1,0.1418,-0.1418,0.0136,-0.3476
1244,random,FEAR,SPREAD,1,0.2077,-0.2077,0.0039,-0.3406
1245,random,HAPPY MAN FOLLOW PATTERN WANT PRISON,TALK,1,0.2858,-0.2858,0.1395,-0.3379
1246,attacker,FAMOUS,INSECT SPREAD,1,0.3383,-0.3383,-0.0000,-0.3379
1247,random,SEED SPREAD MOVE,CAT BURN,1,0.1893,-0.1893,0.6759,-0.3305
1248,random,VAST,INSECT BURN,1,0.3103,-0.3103,0.0195,-0.3295
1249,attacker,FAMOUS POISON,SPREAD,1,0.3107,-0.3107,0.0098,-0.3285
1250,attacker,FAMOUS,INSECT SPREAD,1,0.3383,-0.3383,-0.0004,-0.3290
1251,random,OBEDIENT CHILD SEE HORSE SEE ELDER,SPREAD,1,0.3416,-0.3416,-0.0311,-0.3297
1252,attacker,FAMOUS,INSECT SPREAD,1,0.3383,-0.3383,-0.0004,-0.3301
1253,attacker,FAMOUS,INSECT SPREAD,1,0.3383,-0.3383,-0.0004,-0.3305
1254,attacker,FAMOUS,INSECT SPREAD,1,0.3383,-0.3383,-0.0003,-0.3309
1255,attacker,FAMOUS,INSECT SPREAD,1,0.3383,-0.3383,-0.0003,-0.3313
1256,random,WOMAN,FALL,1,0.2375,-0.2375,0.1992,-0.3266
1257,random,MEMORY SPREAD SPREAD,SPREAD,1,0.1004,-0.1004,0.0145,-0.3153
1258,random,WEAK DRONE GENERATE,DEBT,1,0.3428,-0.3428,-0.1115,-0.3166
1259,random,CLEAN,CAT HELP ELDER,1,0.3547,-0.3547,-0.3517,-0.3185
1260,attacker,FAMOUS,INSECT SPREAD,1,0.3383,-0.3383,-0.0008,-0.3195
1261,attacker,FAMOUS,INSECT SPREAD,1,0.3383,-0.3383,-0.0008,-0.3205
1262,random,DENSE,DRONE MOVE DENSE SEED,1,0.2349,-0.2349,0.8353,-0.3162
1263,attacker,FAMOUS,INSECT SPREAD,1,0.3383,-0.3383,-0.0009,-0.3173
1264,attacker,FAMOUS,INSECT SPREAD,1,0.3383,-0.3383,-0.0009,-0.3183
1265,attacker,FAMOUS,INSECT SPREAD,1,0.3383,-0.3383,-0.0008,-0.3193
1266,random,DOG FOLLOW HORSE BURN,BURN,1,0.1671,-0.1671,0.0352,-0.3117
1267,attacker,FAMOUS,INSECT SPREAD,1,0.3383,-0.3383,-0.0011,-0.3131
1268,attacker,FAMOUS,INSECT SPREAD,1,0.3383,-0.3383,-0.0011,-0.3143
1269,attacker,FAMOUS,INSECT SPREAD,1,0.3383,-0.3383,-0.0010,-0.3155
1270,random,WATER,FALL,1,0.2000,-0.2000,0.2638,-0.3097
1271,attacker,FAMOUS,INSECT SPREAD,1,0.3383,-0.3383,-0.0012,-0.3112
1272,attacker,FAMOUS,INSECT SPREAD,1,0.3383,-0.3383,-0.0012,-0.3125
1273,random,MEMORY GROW SPREAD SPREAD,SPREAD,1,0.1521,-0.1521,0.0104,-0.3045
1274,random,CROWD HELP FREE STRONG CHILD FALL,BURN,1,0.3124,-0.3124,-0.0025,-0.3049
1275,attacker,FAMOUS,INSECT SPREAD,1,0.3383,-0.3383,-0.0015,-0.3066
1276,attacker,FAMOUS,INSECT SPREAD,1,0.3383,-0.3383,-0.0014,-0.3081
1277,attacker,FAMOUS,INSECT SPREAD,1,0.3383,-0.3383,-0.0013,-0.3097
1278,attacker,FAMOUS,INSECT SPREAD,1,0.3383,-0.3383,-0.0013,-0.3111
1279,attacker,FAMOUS,INSECT SPREAD,1,0.3383,-0.3383,-0.0012,-0.3124
1280,random,LANGUAGE GROW GROW,SPREAD,1,0.2091,-0.2091,0.0075,-0.3073
1281,attacker,FAMOUS,INSECT SPREAD,1,0.3383,-0.3383,-0.0014,-0.3088
1282,attacker,FAMOUS,INSECT SPREAD,1,0.3383,-0.3383,-0.0014,-0.3103
1283,attacker,FAMOUS,INSECT SPREAD,1,0.3383,-0.3383,-0.0013,-0.3117
1284,attacker,FAMOUS,INSECT SPREAD,1,0.3383,-0.3383,-0.0013,-0.3130
1285,attacker,FAMOUS,INSECT SPREAD,1,0.3383,-0.3383,-0.0012,-0.3143
1286,attacker,FAMOUS,INSECT SPREAD,1,0.3383,-0.3383,-0.0012,-0.3155
1287,random,DEBT GROW,SPREAD,1,0.2036,-0.2036,0.0077,-0.3099
1288,attacker,FAMOUS,INSECT SPREAD,1,0.3383,-0.3383,-0.0014,-0.3113
1289,attacker,FAMOUS,INSECT SPREAD,1,0.3383,-0.3383,-0.0014,-0.3127
1290,attacker,FAMOUS,INSECT SPREAD,1,0.3383,-0.3383,-0.0013,-0.3139
1291,attacker,FAMOUS,INSECT SPREAD,1,0.3383,-0.3383,-0.0013,-0.3152
1292,attacker,FAMOUS,INSECT SPREAD,1,0.3383,-0.3383,-0.0012,-0.3163
1293,random,MEMORY SPREAD GROW GROW SPREAD GROW,SPREAD,1,0.1603,-0.1603,0.0091,-0.3085
1294,attacker,FAMOUS,INSECT SPREAD,1,0.3383,-0.3383,-0.0017,-0.3100
1295,attacker,FAMOUS,INSECT SPREAD,1,0.3383,-0.3383,-0.0016,-0.3114
1296,random,CHAOTIC CLOCK SEE HAPPY OBEDIENT,GUARD,1,0.3044,-0.3044,0.0135,-0.3111
1297,random,ASHAMED LEADER,MOVE FOOD,1,0.3225,-0.3225,-0.0768,-0.3116
1298,attacker,FAMOUS,INSECT SPREAD,1,0.3383,-0.3383,-0.0016,-0.3130
1299,attacker,FAMOUS,INSECT SPREAD,1,0.3383,-0.3383,-0.0016,-0.3142
1300,random,ALGORITHM FAIL GROW FAIL FAIL SPREAD,SPREAD,1,0.1809,-0.1809,0.0076,-0.3076
1301,random,TRUSTED,INSECT SPREAD,1,0.3366,-0.3366,-0.0193,-0.3090
1302,attacker,FAMOUS,INSECT SPREAD,1,0.3383,-0.3383,-0.0022,-0.3105
1303,attacker,FAMOUS,INSECT SPREAD,1,0.3383,-0.3383,-0.0023,-0.3119
1304,attacker,FAMOUS,INSECT SPREAD,1,0.3383,-0.3383,-0.0025,-0.3132
1305,random,BIRD BREAK,ROAD BURN,0,1.1165,-1.1165,-7.3851,-0.3534
1306,random,HORSE HELP DIRTY SECRET ELDER HEAR,FREE BIG INSECT,1,0.2342,-0.2342,1.3316,-0.3474
1307,attacker,FAMOUS,INSECT SPREAD,1,0.3383,-0.3383,0.0013,-0.3469
1308,attacker,FAMOUS,INSECT SPREAD,1,0.3383,-0.3383,0.0014,-0.3465
1309,attacker,FAMOUS,INSECT,0,1.2622,-1.2622,-2.4514,-0.3923
1310,attacker,FAMOUS,INSECT SPREAD,1,0.3383,-0.3383,0.0087,-0.3896
1311,random,ACTIVE BIRD,BURN,1,0.3409,-0.3409,0.0797,-0.3872
1312,random,GUARD BURN HEAR REBELLIOUS CONNECTED,INSECT BURN,0,1.2234,-1.2234,-2.8244,-0.4290
1313,attacker,FAMOUS,INSECT SPREAD,1,0.3383,-0.3383,0.0085,-0.4244
1314,attacker,FAMOUS,INSECT SPREAD,1,0.3383,-0.3383,0.0067,-0.4201
1315,random,FIRE BURN BURN FALL,FALL,1,0.1358,-0.1358,0.7209,-0.4059
1316,attacker,FAMOUS,INSECT SPREAD,1,0.3383,-0.3383,0.0039,-0.4025
1317,random,PHONE MOVE SENSOR SEE CALM,CAT,1,0.3230,-0.3230,0.0851,-0.3986
1318,attacker,FAMOUS,INSECT SPREAD,1,0.3383,-0.3383,0.0029,-0.3955
1319,attacker,FAMOUS,INSECT SPREAD,1,0.3383,-0.3383,0.0027,-0.3927
1320,random,CALM BIRD MOVE,OBEDIENT CHILD,1,0.2673,-0.2673,0.8833,-0.3864
1321,attacker,FAMOUS,INSECT SPREAD,1,0.3383,-0.3383,0.0021,-0.3840
1322,attacker,FAMOUS,INSECT SPREAD,1,0.3383,-0.3383,0.0020,-0.3817
1323,attacker,FAMOUS,INSECT SPREAD,1,0.3383,-0.3383,0.0018,-0.3795
1324,attacker,FAMOUS,INSECT SPREAD,1,0.3383,-0.3383,0.0017,-0.3775
1325,attacker,FAMOUS,INSECT SPREAD,1,0.3383,-0.3383,0.0016,-0.3755
1326,attacker,FAMOUS,INSECT SPREAD,1,0.3383,-0.3383,0.0015,-0.3737
1327,attacker,FAMOUS,INSECT SPREAD,1,0.3383,-0.3383,0.0014,-0.3719
1328,random,WATER BURN FALL BURN BURN,BURN,1,0.1337,-0.1337,0.0399,-0.3600
1329,random,SLOW CAR FALL,BURN,0,1.2683,-1.2683,-0.9582,-0.4054
1330,attacker,FAMOUS,INSECT SPREAD,1,0.3383,-0.3383,0.0027,-0.4020
1331,attacker,FAMOUS,INSECT SPREAD,1,0.3383,-0.3383,0.0025,-0.3989
1332,random,FREE CROWD WARN DULL ACTIVE,GUARD,0,1.2121,-1.2121,-3.0362,-0.4395
1333,attacker,FAMOUS,INSECT SPREAD,1,0.3383,-0.3383,0.0040,-0.4345
1334,random,BIRD FOLLOW,SLOW SIMPLE LEADER,0,1.2704,-1.2704,-9.2875,-0.4763
1335,attacker,FAMOUS,INSECT SPREAD,1,0.3383,-0.3383,0.0054,-0.4694
1336,attacker,FAMOUS,INSECT SPREAD,1,0.3383,-0.3383,0.0051,-0.4628
1337,random,CHOICE SPREAD SPREAD GROW GROW,SPREAD,1,0.1581,-0.1581,0.0224,-0.4476
1338,attacker,FAMOUS,INSECT SPREAD,1,0.3383,-0.3383,0.0042,-0.4421
1339,attacker,FAMOUS,INSECT SPREAD,1,0.3383,-0.3383,0.0040,-0.4369
1340,attacker,FAMOUS,INSECT SPREAD,1,0.3383,-0.3383,0.0038,-0.4320
1341,attacker,FAMOUS,INSECT SPREAD,1,0.3383,-0.3383,0.0035,-0.4273
1342,attacker,FAMOUS,INSECT SPREAD,1,0.3383,-0.3383,0.0033,-0.4228
1343,attacker,FAMOUS,INSECT SPREAD,1,0.3383,-0.3383,0.0031,-0.4186
1344,attacker,FAMOUS,INSECT SPREAD,1,0.3383,-0.3383,0.0029,-0.4146
1345,attacker,FAMOUS,INSECT SPREAD,1,0.3383,-0.3383,0.0028,-0.4108
1346,random,CONNECTED DUST SPREAD SPREAD GROW GROW,SPREAD,1,0.2596,-0.2596,0.0232,-0.4032
1347,attacker,FAMOUS,INSECT SPREAD,1,0.3383,-0.3383,0.0023,-0.4000
1348,random,ANGRY BIRD HEAR,DORMANT DRONE,1,0.3412,-0.3412,0.4247,-0.3970
1349,attacker,FAMOUS,INSECT SPREAD,1,0.3383,-0.3383,0.0021,-0.3941
1350,random,ACTIVE CAMERA,FALL,1,0.3562,-0.3562,0.0089,-0.3922
1351,attacker,FAMOUS,INSECT SPREAD,1,0.3383,-0.3383,0.0020,-0.3895
1352,random,DULL WOLF BUILD,KEY,1,0.3247,-0.3247,0.3713,-0.3863
1353,random,TIME SPREAD FAIL GROW,SPREAD,1,0.1675,-0.1675,0.0122,-0.3753
1354,attacker,FAMOUS,INSECT SPREAD,1,0.3383,-0.3383,0.0013,-0.3735
1355,attacker,FAMOUS,INSECT SPREAD,1,0.3383,-0.3383,0.0013,-0.3717
1356,attacker,FAMOUS,INSECT SPREAD,1,0.3383,-0.3383,0.0012,-0.3700
1357,attacker,FAMOUS,INSECT SPREAD,1,0.3383,-0.3383,0.0011,-0.3685
1358,random,MAP,SPREAD,1,0.2120,-0.2120,0.0159,-0.3606
1359,attacker,FAMOUS,INSECT SPREAD,1,0.3383,-0.3383,0.0008,-0.3595
1360,random,MAN TRUST,TRUTH,1,0.2374,-0.2374,0.6163,-0.3534
1361,attacker,FAMOUS,INSECT SPREAD,1,0.3383,-0.3383,0.0005,-0.3527
1362,attacker,FAMOUS,INSECT SPREAD,1,0.3383,-0.3383,0.0005,-0.3519
1363,random,FEAR SPREAD,SPREAD,1,0.1009,-0.1009,0.0145,-0.3394
1364,attacker,FAMOUS,INSECT SPREAD,1,0.3383,-0.3383,0.0000,-0.3393
1365,attacker,FAMOUS,INSECT SPREAD,1,0.3383,-0.3383,0.0000,-0.3393
1366,random,STRONG,SEED MOVE ISOLATED WOLF,1,0.3066,-0.3066,0.3958,-0.3376
1367,random,DEBT SPREAD GROW SPREAD GROW,SPREAD,1,0.1538,-0.1538,0.0114,-0.3284
1368,attacker,FAMOUS,INSECT SPREAD,1,0.3383,-0.3383,-0.0003,-0.3289
1369,attacker,FAMOUS,INSECT SPREAD,1,0.3383,-0.3383,-0.0003,-0.3294
1370,random,CONNECTED HORSE,FALL,1,0.3263,-0.3263,0.0059,-0.3292
1371,random,TOOL,SPREAD,1,0.2565,-0.2565,0.0057,-0.3256
1372,attacker,FAMOUS,INSECT SPREAD,1,0.3383,-0.3383,-0.0004,-0.3262
1373,attacker,FAMOUS,INSECT SPREAD,1,0.3383,-0.3383,-0.0004,-0.3268
1374,random,LAW,SPREAD,1,0.2033,-0.2033,0.0043,-0.3207
1375,attacker,FAMOUS,INSECT SPREAD,1,0.3383,-0.3383,-0.0006,-0.3215
1376,random,WEAK COMPUTER HEAR DEBT HEAR SMALL,ELDER,1,0.3243,-0.3243,-0.0133,-0.3217
1377,attacker,FAMOUS,INSECT SPREAD,1,0.3383,-0.3383,-0.0006,-0.3225
1378,random,POWER SPREAD GROW SPREAD GROW GROW,SPREAD,1,0.1595,-0.1595,0.0081,-0.3144
1379,attacker,FAMOUS,INSECT GROW,1,0.3840,-0.3840,-0.2845,-0.3178
1380,attacker,FAMOUS,INSECT SPREAD,1,0.3383,-0.3383,-0.0007,-0.3189
1381,random,HAPPY BIRD,TALK,1,0.3021,-0.3021,0.0294,-0.3180
1382,random,KEY GROW GROW,SPREAD,1,0.2323,-0.2323,0.0067,-0.3137
1383,attacker,FAMOUS,INSECT SPREAD,1,0.3383,-0.3383,-0.0008,-0.3150
1384,attacker,FAMOUS,INSECT SPREAD,1,0.3383,-0.3383,-0.0008,-0.3161
1385,attacker,FAMOUS,INSECT SPREAD,1,0.3383,-0.3383,-0.0007,-0.3172
1386,attacker,FAMOUS,INSECT SPREAD,1,0.3383,-0.3383,-0.0007,-0.3183
1387,random,SMALL STRANGER CHOOSE,RIVER,1,0.3606,-0.3606,-0.2659,-0.3204
1388,random,WEAPON,SPREAD,1,0.2377,-0.2377,0.0050,-0.3163
1389,attacker,FAMOUS,INSECT SPREAD,1,0.3383,-0.3383,-0.0007,-0.3174
1390,attacker,FAMOUS,INSECT SPREAD,1,0.3383,-0.3383,-0.0007,-0.3184
1391,attacker,FAMOUS,INSECT SPREAD,1,0.3383,-0.3383,-0.0007,-0.3194
1392,attacker,FAMOUS,INSECT SPREAD,1,0.3383,-0.3383,-0.0006,-0.3204
1393,attacker,FAMOUS,INSECT SPREAD,1,0.3383,-0.3383,-0.0006,-0.3213
1394,random,WEAK,HORSE SEE CLEAN INSECT,1,0.4500,-0.4500,-1.5297,-0.3277
1395,random,STRONG CAR MOVE SEED,FALL,1,0.2776,-0.2776,0.0159,-0.3252
1396,attacker,FAMOUS,INSECT SPREAD,1,0.3383,-0.3383,-0.0004,-0.3258
1397,random,PROUD STRANGER FORGET VAST TRUTH THINK,FEAR,1,0.3193,-0.3193,0.0248,-0.3255
1398,random,CAT SEE,OBEDIENT FAST HORSE,1,0.2084,-0.2084,1.4124,-0.3197
1399,attacker,FAMOUS,INSECT SPREAD,1,0.3383,-0.3383,-0.0006,-0.3206
1400,attacker,FAMOUS,INSECT SPREAD,1,0.3383,-0.3383,-0.0006,-0.3215
1401,attacker,FAMOUS,INSECT SPREAD,1,0.3383,-0.3383,-0.0006,-0.3223
1402,attacker,FAMOUS,INSECT SPREAD,1,0.3383,-0.3383,-0.0005,-0.3231
1403,attacker,FAMOUS,INSECT SPREAD,1,0.3383,-0.3383,-0.0005,-0.3239
1404,random,MEMORY GROW,SPREAD,1,0.2118,-0.2118,0.0057,-0.3183
1405,attacker,FAMOUS,INSECT SPREAD,1,0.3383,-0.3383,-0.0007,-0.3193
1406,attacker,FAMOUS,INSECT SPREAD,1,0.3383,-0.3383,-0.0006,-0.3202
1407,attacker,FAMOUS,INSECT SPREAD,1,0.3383,-0.3383,-0.0006,-0.3211
1408,attacker,FAMOUS,INSECT SPREAD,1,0.3383,-0.3383,-0.0006,-0.3220
1409,attacker,FAMOUS,INSECT SPREAD,1,0.3383,-0.3383,-0.0006,-0.3228
1410,attacker,FAMOUS,INSECT SPREAD,1,0.3383,-0.3383,-0.0005,-0.3236
1411,attacker,FAMOUS,INSECT SPREAD,1,0.3383,-0.3383,-0.0005,-0.3243
1412,attacker,FAMOUS,INSECT SPREAD,1,0.3383,-0.3383,-0.0005,-0.3250
1413,attacker,FAMOUS,INSECT SPREAD,1,0.3383,-0.3383,-0.0005,-0.3257
1414,attacker,FAMOUS,INSECT SPREAD,1,0.3383,-0.3383,-0.0004,-0.3263
1415,attacker,FAMOUS,INSECT SPREAD,1,0.3383,-0.3383,-0.0004,-0.3269
1416,attacker,FAMOUS,INSECT SPREAD,1,0.3383,-0.3383,-0.0004,-0.3275
1417,attacker,FAMOUS,INSECT SPREAD,1,0.3383,-0.3383,-0.0004,-0.3280
1418,attacker,FAMOUS,INSECT SPREAD,1,0.3383,-0.3383,-0.0004,-0.3285
1419,attacker,FAMOUS,INSECT SPREAD,1,0.3383,-0.3383,-0.0003,-0.3290
1420,random,PATTERN SPREAD SPREAD SPREAD GROW SPREAD,SPREAD,1,0.1519,-0.1519,0.0090,-0.3202
1421,attacker,FAMOUS,INSECT SPREAD,1,0.3383,-0.3383,-0.0006,-0.3211
1422,attacker,FAMOUS,INSECT SPREAD,1,0.3383,-0.3383,-0.0006,-0.3219
1423,attacker,FAMOUS,INSECT SPREAD,1,0.3383,-0.3383,-0.0006,-0.3227
1424,attacker,FAMOUS,INSECT SPREAD,1,0.3383,-0.3383,-0.0005,-0.3235
1425,attacker,FAMOUS,INSECT SPREAD,1,0.3383,-0.3383,-0.0005,-0.3243
1426,attacker,FAMOUS,INSECT SPREAD,1,0.3383,-0.3383,-0.0005,-0.3250
1427,attacker,FAMOUS,INSECT SPREAD,1,0.3383,-0.3383,-0.0005,-0.3256
1428,attacker,FAMOUS,INSECT SPREAD,1,0.3383,-0.3383,-0.0004,-0.3263
1429,attacker,FAMOUS,INSECT SPREAD,1,0.3383,-0.3383,-0.0004,-0.3269
1430,random,ROBOT ENCODE,MEMORY,1,0.2209,-0.2209,0.2783,-0.3216
1431,attacker,FAMOUS,INSECT SPREAD,1,0.3383,-0.3383,-0.0006,-0.3224
1432,random,FIRE MOVE,FAST HEAVY SEED,1,0.2688,-0.2688,0.6414,-0.3197
1433,attacker,FAMOUS,INSECT SPREAD,1,0.3383,-0.3383,-0.0007,-0.3206
1434,random,ORDERED,ELDER SEE DENSE CLOCK,1,0.3587,-0.3587,-0.5173,-0.3225
1435,random,SYSTEM GROW,SPREAD,1,0.2133,-0.2133,0.0056,-0.3171
1436,attacker,FAMOUS,INSECT SPREAD,1,0.3383,-0.3383,-0.0008,-0.3181
1437,attacker,FAMOUS,INSECT SPREAD,1,0.3383,-0.3383,-0.0007,-0.3191
1438,random,FOOD FALL FALL,FALL,1,0.1019,-0.1019,0.3683,-0.3083
1439,attacker,FAMOUS,INSECT SPREAD,1,0.3383,-0.3383,-0.0011,-0.3098
1440,attacker,FAMOUS,INSECT SPREAD,1,0.3383,-0.3383,-0.0010,-0.3112
1441,random,CLEAN SEED FAIL SPREAD BURN FALL,FALL,1,0.2983,-0.2983,0.0297,-0.3106
1442,attacker,FAMOUS,INSECT SPREAD,1,0.3383,-0.3383,-0.0010,-0.3120
1443,attacker,FAMOUS,INSECT SPREAD,1,0.3383,-0.3383,-0.0010,-0.3133
1444,attacker,FAMOUS,INSECT SPREAD,1,0.3383,-0.3383,-0.0009,-0.3145
1445,attacker,FAMOUS,INSECT SPREAD,1,0.3383,-0.3383,-0.0009,-0.3157
1446,attacker,FAMOUS,INSECT SPREAD,1,0.3383,-0.3383,-0.0008,-0.3168
1447,attacker,FAMOUS,INSECT SPREAD,1,0.3383,-0.3383,-0.0008,-0.3179
1448,attacker,FAMOUS,INSECT SPREAD,1,0.3383,-0.3383,-0.0008,-0.3189
1449,attacker,FAMOUS,INSECT SPREAD,1,0.3383,-0.3383,-0.0007,-0.3199
1450,random,PLAN,SPREAD,1,0.2080,-0.2080,0.0144,-0.3143
1451,attacker,FAMOUS,INSECT SPREAD,1,0.3383,-0.3383,-0.0009,-0.3155
1452,attacker,FAMOUS,INSECT SPREAD,1,0.3383,-0.3383,-0.0009,-0.3166
1453,attacker,FAMOUS,INSECT SPREAD,1,0.3383,-0.3383,-0.0008,-0.3177
1454,random,KEY FALL,SPREAD,1,0.2377,-0.2377,0.0337,-0.3137
1455,random,PROUD STRANGER,FALL,1,0.3434,-0.3434,-0.0567,-0.3152
1456,attacker,FAMOUS,INSECT SPREAD,1,0.3383,-0.3383,-0.0009,-0.3164
1457,random,DOG,FALL,1,0.2257,-0.2257,0.1185,-0.3118
1458,attacker,FAMOUS,INSECT SPREAD,1,0.3383,-0.3383,-0.0010,-0.3132
1459,random,CHILD,FOLLOW SYSTEM,1,0.2459,-0.2459,0.6303,-0.3098
1460,attacker,FAMOUS,INSECT SPREAD,1,0.3383,-0.3383,-0.0011,-0.3112
1461,attacker,FAMOUS,INSECT SPREAD,1,0.3383,-0.3383,-0.0011,-0.3126
1462,attacker,FAMOUS,INSECT SPREAD,1,0.3383,-0.3383,-0.0010,-0.3139
1463,attacker,FAMOUS,INSECT SPREAD,1,0.3383,-0.3383,-0.0010,-0.3151
1464,attacker,FAMOUS,INSECT SPREAD,1,0.3383,-0.3383,-0.0009,-0.3162
1465,attacker,FAMOUS,INSECT SPREAD,1,0.3383,-0.3383,-0.0009,-0.3173
1466,attacker,FAMOUS,INSECT SPREAD,1,0.3383,-0.3383,-0.0009,-0.3184
1467,attacker,FAMOUS,INSECT SPREAD,1,0.3383,-0.3383,-0.0008,-0.3194
1468,random,FOOD,FALL,1,0.2106,-0.2106,0.1725,-0.3139
1469,attacker,FAMOUS,INSECT SPREAD,1,0.3383,-0.3383,-0.0010,-0.3152
1470,attacker,FAMOUS,INSECT SPREAD,1,0.3383,-0.3383,-0.0010,-0.3163
1471,attacker,FAMOUS,INSECT SPREAD,1,0.3383,-0.3383,-0.0009,-0.3174
1472,attacker,FAMOUS,INSECT SPREAD,1,0.3383,-0.3383,-0.0009,-0.3185
1473,attacker,FAMOUS,INSECT SPREAD,1,0.3383,-0.3383,-0.0009,-0.3194
1474,attacker,FAMOUS,INSECT SPREAD,1,0.3383,-0.3383,-0.0008,-0.3204
1475,attacker,FAMOUS,INSECT SPREAD,1,0.3383,-0.3383,-0.0008,-0.3213
1476,attacker,FAMOUS,INSECT SPREAD,1,0.3383,-0.3383,-0.0008,-0.3221
1477,random,CALM,STRANGER BURN,1,0.4136,-0.4136,-0.3917,-0.3267
1478,attacker,FAMOUS,INSECT SPREAD,1,0.3383,-0.3383,-0.0005,-0.3273
1479,attacker,FAMOUS,INSECT SPREAD,1,0.3383,-0.3383,-0.0005,-0.3278
1480,attacker,FAMOUS,INSECT SPREAD,1,0.3383,-0.3383,-0.0005,-0.3284
1481,attacker,FAMOUS,INSECT SPREAD,1,0.3383,-0.3383,-0.0005,-0.3289
1482,attacker,FAMOUS,INSECT SPREAD,1,0.3383,-0.3383,-0.0004,-0.3293
1483,attacker,FAMOUS,INSECT SPREAD,1,0.3383,-0.3383,-0.0004,-0.3298
1484,attacker,FAMOUS,INSECT SPREAD,1,0.3383,-0.3383,-0.0004,-0.3302
1485,random,DOG MOVE FOOD,FORGET SMALL SAD BIRD FALL,1,0.2342,-0.2342,1.5533,-0.3254
1486,attacker,FAMOUS,INSECT SPREAD,1,0.3383,-0.3383,-0.0006,-0.3260
1487,attacker,FAMOUS,INSECT SPREAD,1,0.3383,-0.3383,-0.0006,-0.3267
1488,attacker,FAMOUS,INSECT SPREAD,1,0.3383,-0.3383,-0.0006,-0.3272
1489,attacker,FAMOUS,INSECT SPREAD,1,0.3383,-0.3383,-0.0005,-0.3278
1490,attacker,FAMOUS,INSECT SPREAD,1,0.3383,-0.3383,-0.0005,-0.3283
1491,attacker,FAMOUS,INSECT SPREAD,1,0.3383,-0.3383,-0.0005,-0.3288
1492,attacker,FAMOUS,INSECT SPREAD,1,0.3383,-0.3383,-0.0005,-0.3293
1493,attacker,FAMOUS,INSECT SPREAD,1,0.3383,-0.3383,-0.0005,-0.3297
1494,random,DORMANT CROWD FALL FALL BURN BURN,BURN,1,0.2366,-0.2366,0.0708,-0.3251
1495,attacker,FAMOUS,INSECT SPREAD,1,0.3383,-0.3383,-0.0007,-0.3257
1496,attacker,FAMOUS,CHANCE SPREAD,1,0.3304,-0.3304,-0.0265,-0.3260
1497,attacker,FAMOUS,INSECT GROW,1,0.3840,-0.3840,-0.2417,-0.3289
1498,attacker,FAMOUS,INSECT SPREAD,1,0.3383,-0.3383,-0.0005,-0.3293
1499,attacker,FAMOUS,INSECT SPREAD,1,0.3383,-0.3383,-0.0005,-0.3298
1500,attacker,FAMOUS,INSECT SPREAD,1,0.3383,-0.3383,-0.0004,-0.3302
1501,attacker,FAMOUS,INSECT SPREAD,1,0.3383,-0.3383,-0.0004,-0.3306
1502,attacker,FAMOUS,INSECT SPREAD,1,0.3383,-0.3383,-0.0004,-0.3310
1503,attacker,FAMOUS,INSECT SPREAD,1,0.3383,-0.3383,-0.0004,-0.3314
1504,random,HAPPY,CAT TRADE ELDER,1,0.3222,-0.3222,0.0632,-0.3309
1505,random,TRUTH,GROW,1,0.2761,-0.2761,0.2074,-0.3282
1506,random,TRAPPED HORSE,BURN,1,0.3049,-0.3049,0.0118,-0.3270
1507,attacker,FAMOUS,INSECT SPREAD,1,0.3383,-0.3383,-0.0006,-0.3276
1508,attacker,FAMOUS,INSECT SPREAD,1,0.3383,-0.3383,-0.0005,-0.3281
1509,random,LANGUAGE SPREAD GROW GROW SPREAD,SPREAD,1,0.1530,-0.1530,0.0099,-0.3193
1510,attacker,FAMOUS,INSECT SPREAD,1,0.3383,-0.3383,-0.0009,-0.3203
1511,attacker,FAMOUS,INSECT SPREAD,1,0.3383,-0.3383,-0.0009,-0.3212
1512,random,TRUTH,SPREAD,1,0.2077,-0.2077,0.0047,-0.3155
1513,attacker,FAMOUS,INSECT SPREAD,1,0.3383,-0.3383,-0.0011,-0.3166
1514,attacker,FAMOUS,INSECT SPREAD,1,0.3383,-0.3383,-0.0011,-0.3177
1515,attacker,FAMOUS,INSECT SPREAD,1,0.3383,-0.3383,-0.0010,-0.3188
1516,attacker,FAMOUS,INSECT SPREAD,1,0.3383,-0.3383,-0.0010,-0.3197
1517,attacker,FAMOUS,INSECT SPREAD,1,0.3383,-0.3383,-0.0009,-0.3207
1518,random,ALGORITHM,SPREAD,1,0.2312,-0.2312,0.0045,-0.3162
1519,attacker,FAMOUS,INSECT SPREAD,1,0.3383,-0.3383,-0.0011,-0.3173
1520,attacker,FAMOUS,INSECT SPREAD,1,0.3383,-0.3383,-0.0011,-0.3183
1521,attacker,FAMOUS,INSECT SPREAD,1,0.3383,-0.3383,-0.0010,-0.3193
1522,attacker,FAMOUS,INSECT SPREAD,1,0.3383,-0.3383,-0.0010,-0.3203
1523,attacker,FAMOUS,INSECT SPREAD,1,0.3383,-0.3383,-0.0009,-0.3212
1524,attacker,FAMOUS,INSECT SPREAD,1,0.3383,-0.3383,-0.0009,-0.3220
1525,attacker,FAMOUS,INSECT SPREAD,1,0.3383,-0.3383,-0.0008,-0.3229
1526,attacker,FAMOUS,INSECT SPREAD,1,0.3383,-0.3383,-0.0008,-0.3236
1527,attacker,FAMOUS,INSECT SPREAD,1,0.3383,-0.3383,-0.0008,-0.3244
1528,attacker,FAMOUS,INSECT GROW,1,0.3840,-0.3840,-0.2518,-0.3273
1529,attacker,FAMOUS,INSECT GROW,1,0.3840,-0.3840,-0.2399,-0.3302
1530,attacker,FAMOUS,INSECT SPREAD,1,0.3383,-0.3383,-0.0004,-0.3306
1531,random,REBELLIOUS SOLDIER,FORGET BROKEN DRONE,0,1.3050,-1.3050,-8.9166,-0.3793
1532,random,WEAPON,SPREAD,1,0.2377,-0.2377,0.0074,-0.3722
1533,random,ORDERED STONE,FALL,1,0.3087,-0.3087,0.1368,-0.3690
1534,attacker,FAMOUS,INSECT SPREAD,1,0.3383,-0.3383,0.0016,-0.3675
1535,random,WATER FALL,BURN,1,0.1697,-0.1697,0.0802,-0.3576
1536,attacker,FAMOUS,INSECT SPREAD,1,0.3383,-0.3383,0.0010,-0.3566
1537,attacker,FAMOUS,INSECT SPREAD,1,0.3383,-0.3383,0.0010,-0.3557
1538,attacker,FAMOUS,INSECT SPREAD,1,0.3383,-0.3383,0.0009,-0.3549
1539,attacker,FAMOUS,INSECT SPREAD,1,0.3383,-0.3383,0.0009,-0.3540
1540,attacker,FAMOUS,INSECT SPREAD,1,0.3383,-0.3383,0.0008,-0.3532
1541,attacker,FAMOUS,INSECT SPREAD,1,0.3383,-0.3383,0.0008,-0.3525
1542,attacker,FAMOUS,INSECT SPREAD,1,0.3383,-0.3383,0.0008,-0.3518
1543,attacker,FAMOUS,INSECT SPREAD,1,0.3383,-0.3383,0.0007,-0.3511
1544,random,SIGNAL GROW SPREAD,SPREAD,1,0.1548,-0.1548,0.0083,-0.3413
1545,attacker,FAMOUS,INSECT SPREAD,1,0.3383,-0.3383,0.0002,-0.3411
1546,attacker,FAMOUS,INSECT SPREAD,1,0.3383,-0.3383,0.0001,-0.3410
1547,attacker,FAMOUS,INSECT SPREAD,1,0.3383,-0.3383,0.0001,-0.3409
1548,random,CONNECTED TOOL GROW,SPREAD,1,0.3271,-0.3271,0.0015,-0.3402
1549,attacker,FAMOUS,INSECT SPREAD,1,0.3383,-0.3383,0.0001,-0.3401
1550,attacker,FAMOUS,INSECT SPREAD,1,0.3383,-0.3383,0.0001,-0.3400
1551,attacker,FAMOUS,INSECT SPREAD,1,0.3383,-0.3383,0.0001,-0.3399
1552,attacker,FAMOUS,INSECT SPREAD,1,0.3383,-0.3383,0.0001,-0.3398
1553,attacker,FAMOUS,INSECT SPREAD,1,0.3383,-0.3383,0.0001,-0.3397
1554,random,TRUTH GROW GROW SPREAD GROW SPREAD,SPREAD,1,0.1577,-0.1577,0.0086,-0.3306
1555,random,KEY GROW SPREAD FALL,GROW,1,0.1691,-0.1691,0.5098,-0.3226
1556,attacker,FAMOUS,INSECT SPREAD,1,0.3383,-0.3383,-0.0008,-0.3234
1557,attacker,FAMOUS,INSECT SPREAD,1,0.3383,-0.3383,-0.0008,-0.3241
1558,random,DIRTY,SOLDIER FALL,1,0.4348,-0.4348,-0.3928,-0.3296
1559,attacker,FAMOUS,INSECT SPREAD,1,0.3383,-0.3383,-0.0004,-0.3301
1560,attacker,FAMOUS,INSECT SPREAD,1,0.3383,-0.3383,-0.0004,-0.3305
1561,random,SLOW,SEED FALL,1,0.4229,-0.4229,-0.2439,-0.3351
1562,attacker,FAMOUS,CAT TALK,0,1.3525,-1.3525,-9.8103,-0.3860
1563,random,POWER GROW,SPREAD,1,0.2125,-0.2125,0.0085,-0.3773
1564,attacker,FAMOUS,INSECT SPREAD,1,0.3383,-0.3383,0.0020,-0.3753
1565,attacker,FAMOUS,INSECT GROW,1,0.3840,-0.3840,-0.0381,-0.3758
1566,attacker,FAMOUS,INSECT SPREAD,1,0.3383,-0.3383,0.0019,-0.3739
1567,attacker,FAMOUS,INSECT SPREAD,1,0.3383,-0.3383,0.0018,-0.3721
1568,attacker,FAMOUS,INSECT SPREAD,1,0.3383,-0.3383,0.0017,-0.3704
1569,random,POWER,SPREAD,1,0.2134,-0.2134,0.0048,-0.3626
1570,attacker,FAMOUS,INSECT SPREAD,1,0.3383,-0.3383,0.0012,-0.3614
1571,attacker,FAMOUS,INSECT SPREAD,1,0.3383,-0.3383,0.0011,-0.3602
1572,random,WEAK,CHILD SEE ENCRYPTED SOLDIER,1,0.4870,-0.4870,-1.4400,-0.3665
1573,random,SHARP WOOD BURN GROW BURN,BURN,1,0.2337,-0.2337,0.0215,-0.3599
1574,attacker,FAMOUS,INSECT SPREAD,1,0.3383,-0.3383,0.0010,-0.3588
1575,attacker,FAMOUS,INSECT SPREAD,1,0.3383,-0.3383,0.0010,-0.3578
1576,attacker,FAMOUS,INSECT SPREAD,1,0.3383,-0.3383,0.0009,-0.3568
1577,attacker,FAMOUS,INSECT SPREAD,1,0.3383,-0.3383,0.0009,-0.3559
1578,attacker,FAMOUS,INSECT SPREAD,1,0.3383,-0.3383,0.0008,-0.3550
1579,attacker,FAMOUS,INSECT,0,1.2622,-1.2622,-4.5854,-0.4004
1580,attacker,FAMOUS,INSECT SPREAD,1,0.3383,-0.3383,0.0027,-0.3973
1581,random,TOOL,SPREAD,1,0.2565,-0.2565,0.0083,-0.3902
1582,attacker,FAMOUS,INSECT SPREAD,1,0.3383,-0.3383,0.0021,-0.3876
1583,attacker,FAMOUS,INSECT SPREAD,1,0.3383,-0.3383,0.0019,-0.3852
1584,random,TIME FAIL SPREAD,SPREAD,1,0.1393,-0.1393,0.0106,-0.3729
1585,random,CONNECTED,INSECT SPREAD,1,0.3172,-0.3172,0.0521,-0.3701
1586,attacker,FAMOUS,CHANCE SPREAD,1,0.3304,-0.3304,0.2474,-0.3681
1587,attacker,FAMOUS,INSECT SPREAD,1,0.3383,-0.3383,0.0012,-0.3666
1588,attacker,FAMOUS,INSECT SPREAD,1,0.3383,-0.3383,0.0011,-0.3652
1589,attacker,FAMOUS,INSECT SPREAD,1,0.3383,-0.3383,0.0011,-0.3638
1590,random,LIE SPREAD GROW GROW,SPREAD,1,0.1591,-0.1591,0.0098,-0.3536
1591,random,CAMERA GENERATE SIGNAL,FAIL,1,0.1754,-0.1754,0.1703,-0.3447
1592,attacker,FAMOUS,INSECT SPREAD,1,0.3383,-0.3383,0.0003,-0.3444
1593,attacker,FAMOUS,INSECT SPREAD,1,0.3383,-0.3383,0.0003,-0.3441
1594,random,SYSTEM GROW,SPREAD,1,0.2133,-0.2133,0.0064,-0.3375
1595,random,SECRET,PLAN SPREAD,1,0.4225,-0.4225,-0.2142,-0.3418
1596,random,ENGINE ENCODE ORDERED PATTERN,FALL,1,0.3710,-0.3710,-0.0098,-0.3432
1597,random,DIRTY,GUARD FORGET FAMOUS TOOL,0,1.4616,-1.4616,-14.1697,-0.3992
1598,attacker,FAMOUS,INSECT SPREAD SPREAD,1,0.3347,-0.3347,0.3569,-0.3959
1599,attacker,FAMOUS,INSECT SPREAD,1,0.3383,-0.3383,0.0029,-0.3931
1600,attacker,FAMOUS,INSECT SPREAD,1,0.3383,-0.3383,0.0029,-0.3903
1601,attacker,FAMOUS,INSECT SPREAD,1,0.3383,-0.3383,0.0028,-0.3877
1602,random,CHAOTIC COMPUTER SEE ORDERED KEY MOVE,DENSE COMPUTER,1,0.2343,-0.2343,0.9126,-0.3800
1603,attacker,FAMOUS,INSECT SPREAD,1,0.3383,-0.3383,0.0024,-0.3780
1604,attacker,FAMOUS,INSECT SPREAD,1,0.3383,-0.3383,0.0024,-0.3760
1605,random,OPTIMAL,INSECT SPREAD,0,1.3379,-1.3379,-2.4772,-0.4241
1606,random,IDENTITY SPREAD GROW SPREAD SPREAD SPREAD,SPREAD,1,0.1510,-0.1510,0.0177,-0.4104
1607,attacker,FAMOUS,INSECT SPREAD,1,0.3383,-0.3383,0.0045,-0.4068
1608,random,SYSTEM FAIL GROW GROW,SPREAD,1,0.2000,-0.2000,0.0106,-0.3965
1609,attacker,FAMOUS,INSECT SPREAD,1,0.3383,-0.3383,0.0035,-0.3936
1610,random,SHARP CLOCK UPDATE ALGORITHM GENERATE DORMANT,PLAN,0,1.2950,-1.2950,-0.9909,-0.4386
1611,attacker,FAMOUS,INSECT SPREAD,1,0.3383,-0.3383,0.0057,-0.4336
1612,attacker,FAMOUS,INSECT SPREAD,1,0.3383,-0.3383,0.0053,-0.4288
1613,attacker,FAMOUS,INSECT SPREAD,1,0.3383,-0.3383,0.0048,-0.4243
1614,random,CHANCE SPREAD,SPREAD,1,0.1002,-0.1002,0.0174,-0.4081
1615,attacker,FAMOUS,INSECT SPREAD,1,0.3383,-0.3383,0.0034,-0.4046
1616,random,GUARD MOVE BOOK BREAK MAP BREAK,CHAOTIC COMPUTER,0,1.3040,-1.3040,-5.0594,-0.4496
1617,attacker,FAMOUS,INSECT SPREAD,1,0.3383,-0.3383,0.0049,-0.4440
1618,attacker,FAMOUS,INSECT SPREAD,1,0.3383,-0.3383,0.0045,-0.4387
1619,attacker,FAMOUS,INSECT SPREAD,1,0.3383,-0.3383,0.0041,-0.4337
1620,random,POISON,SPREAD,1,0.2264,-0.2264,0.0155,-0.4233
1621,random,TRUSTED,INSECT SPREAD,1,0.3366,-0.3366,0.0226,-0.4190
1622,random,GUARD HEAR GUARD GROW,GROW,1,0.1570,-0.1570,0.7481,-0.4059
1623,attacker,FAMOUS,INSECT SPREAD,1,0.3383,-0.3383,0.0024,-0.4025
1624,attacker,FAMOUS,INSECT SPREAD,1,0.3383,-0.3383,0.0023,-0.3993
1625,random,IDENTITY,SPREAD,1,0.2161,-0.2161,0.0051,-0.3902
1626,attacker,FAMOUS,INSECT SPREAD,1,0.3383,-0.3383,0.0017,-0.3876
1627,random,PATTERN SPREAD GROW FAIL GROW FAIL,GROW,1,0.1817,-0.1817,0.6903,-0.3773
1628,attacker,FAMOUS,INSECT SPREAD,1,0.3383,-0.3383,0.0013,-0.3753
1629,attacker,FAMOUS,INSECT SPREAD,1,0.3383,-0.3383,0.0012,-0.3735
1630,attacker,FAMOUS,INSECT SPREAD,1,0.3383,-0.3383,0.0011,-0.3717
1631,attacker,FAMOUS,INSECT SPREAD,1,0.3383,-0.3383,0.0011,-0.3700
1632,random,PROUD STRANGER,FORGET PATTERN,1,0.3529,-0.3529,0.1289,-0.3692
1633,attacker,FAMOUS CAT,FALL,1,0.3404,-0.3404,0.0621,-0.3677
1634,random,DEAD,ELDER BURN,0,1.4610,-1.4610,-2.7993,-0.4224
1635,attacker,FAMOUS,INSECT SPREAD,1,0.3383,-0.3383,0.0026,-0.4182
1636,attacker,FAMOUS,INSECT SPREAD,1,0.3383,-0.3383,0.0024,-0.4142
1637,attacker,FAMOUS,INSECT SPREAD,1,0.3383,-0.3383,0.0023,-0.4104
1638,attacker,FAMOUS,INSECT SPREAD,1,0.3383,-0.3383,0.0022,-0.4068
1639,attacker,FAMOUS,INSECT SPREAD,1,0.3383,-0.3383,0.0020,-0.4034
1640,random,LIE GROW SPREAD,SPREAD,1,0.1527,-0.1527,0.0134,-0.3908
1641,random,PHONE MOVE HORSE MOVE,ROOM,1,0.2144,-0.2144,1.1457,-0.3820
1642,random,DEAD LEADER FALL GROW BURN SPREAD,BURN,1,0.2724,-0.2724,0.1663,-0.3765
1643,attacker,FAMOUS,INSECT SPREAD,1,0.3383,-0.3383,0.0011,-0.3746
1644,random,HORSE HELP BIG ISOLATED,MAN,0,1.2704,-1.2704,-2.1538,-0.4194
1645,attacker,FAMOUS,INSECT SPREAD,1,0.3383,-0.3383,0.0024,-0.4154
1646,attacker,FAMOUS,INSECT SPREAD,1,0.3383,-0.3383,0.0022,-0.4115
1647,attacker,FAMOUS,INSECT SPREAD,1,0.3383,-0.3383,0.0021,-0.4078
1648,attacker,FAMOUS,INSECT SPREAD,1,0.3383,-0.3383,0.0020,-0.4044
1649,random,CROWD,FALL,1,0.2342,-0.2342,0.3245,-0.3959
1650,random,KEY SPREAD BURN BURN SPREAD SPREAD,SPREAD,1,0.1605,-0.1605,0.0131,-0.3841
1651,attacker,FAMOUS,INSECT SPREAD,1,0.3383,-0.3383,0.0013,-0.3818
1652,random,SEED SPREAD FALL GROW BURN SPREAD,SPREAD,1,0.1910,-0.1910,0.0462,-0.3723
1653,attacker,FAMOUS,INSECT SPREAD,1,0.3383,-0.3383,0.0010,-0.3706
1654,attacker,FAMOUS,INSECT GROW,1,0.3840,-0.3840,-0.0570,-0.3712
1655,attacker,FAMOUS,INSECT SPREAD,1,0.3383,-0.3383,0.0009,-0.3696
1656,attacker,FAMOUS,INSECT SPREAD,1,0.3383,-0.3383,0.0009,-0.3680
1657,attacker,FAMOUS,INSECT SPREAD,1,0.3383,-0.3383,0.0009,-0.3665
1658,attacker,FAMOUS,INSECT SPREAD,1,0.3383,-0.3383,0.0008,-0.3651
1659,attacker,FAMOUS,INSECT SPREAD,1,0.3383,-0.3383,0.0008,-0.3638
1660,attacker,FAMOUS,INSECT SPREAD,1,0.3383,-0.3383,0.0007,-0.3625
1661,attacker,FAMOUS,INSECT SPREAD,1,0.3383,-0.3383,0.0007,-0.3613
1662,attacker,FAMOUS,INSECT SPREAD,1,0.3383,-0.3383,0.0007,-0.3601
1663,random,CHANCE,SPREAD,1,0.2027,-0.2027,0.0043,-0.3523
1664,attacker,FAMOUS,INSECT SPREAD,1,0.3383,-0.3383,0.0004,-0.3516
1665,random,CAR MOVE,CAT,1,0.2057,-0.2057,0.4109,-0.3443
1666,attacker,FAMOUS,INSECT SPREAD,1,0.3383,-0.3383,0.0002,-0.3440
1667,random,KEY,SPREAD,1,0.2165,-0.2165,0.0074,-0.3376
1668,random,PATTERN,SPREAD,1,0.2312,-0.2312,0.0043,-0.3323
1669,attacker,FAMOUS,INSECT SPREAD,1,0.3383,-0.3383,-0.0002,-0.3326
1670,attacker,FAMOUS,INSECT SPREAD,1,0.3383,-0.3383,-0.0002,-0.3329
1671,random,WOLF GROW,SPREAD,1,0.2370,-0.2370,0.0584,-0.3281
1672,attacker,FAMOUS,INSECT SPREAD,1,0.3383,-0.3383,-0.0003,-0.3286
1673,attacker,FAMOUS,INSECT SPREAD,1,0.3383,-0.3383,-0.0003,-0.3291
1674,attacker,FAMOUS,INSECT GROW,1,0.3840,-0.3840,-0.2364,-0.3318
1675,attacker,FAMOUS,INSECT SPREAD,1,0.3383,-0.3383,-0.0002,-0.3321
1676,attacker,FAMOUS,INSECT SPREAD,1,0.3383,-0.3383,-0.0002,-0.3324
1677,random,DRONE FAIL,ENCODE PLAN,1,0.1743,-0.1743,1.4493,-0.3245
1678,attacker,FAMOUS,INSECT SPREAD,1,0.3383,-0.3383,-0.0004,-0.3252
1679,attacker,FAMOUS,INSECT SPREAD,1,0.3383,-0.3383,-0.0004,-0.3259
1680,attacker,FAMOUS,INSECT SPREAD,1,0.3383,-0.3383,-0.0004,-0.3265
1681,attacker,FAMOUS,INSECT SPREAD,1,0.3383,-0.3383,-0.0003,-0.3271
1682,attacker,FAMOUS,INSECT SPREAD,1,0.3383,-0.3383,-0.0003,-0.3276
1683,attacker,FAMOUS,INSECT SPREAD,1,0.3383,-0.3383,-0.0003,-0.3282
1684,random,PLAN,SPREAD,1,0.2080,-0.2080,0.0112,-0.3222
1685,random,MEMORY GROW,SPREAD,1,0.2118,-0.2118,0.0056,-0.3167
1686,attacker,FAMOUS,INSECT SPREAD,1,0.3383,-0.3383,-0.0006,-0.3177
1687,attacker,FAMOUS,INSECT SPREAD,1,0.3383,-0.3383,-0.0006,-0.3188
1688,attacker,FAMOUS,INSECT SPREAD,1,0.3383,-0.3383,-0.0006,-0.3197
1689,attacker,FAMOUS,INSECT SPREAD,1,0.3383,-0.3383,-0.0005,-0.3207
1690,attacker,FAMOUS,INSECT SPREAD,1,0.3383,-0.3383,-0.0005,-0.3215
1691,random,LAW,SPREAD,1,0.2033,-0.2033,0.0033,-0.3156
1692,random,ASHAMED WOLF FALL,SPREAD,1,0.3688,-0.3688,-0.1098,-0.3183
1693,attacker,FAMOUS,INSECT SPREAD,1,0.3383,-0.3383,-0.0006,-0.3193
1694,attacker,FAMOUS,INSECT SPREAD,1,0.3383,-0.3383,-0.0005,-0.3202
1695,attacker,FAMOUS,INSECT SPREAD,1,0.3383,-0.3383,-0.0005,-0.3211
1696,attacker,FAMOUS,INSECT SPREAD,1,0.3383,-0.3383,-0.0005,-0.3220
1697,attacker,FAMOUS,INSECT SPREAD,1,0.3383,-0.3383,-0.0005,-0.3228
1698,attacker,FAMOUS,INSECT SPREAD,1,0.3383,-0.3383,-0.0004,-0.3236
1699,random,CAMERA,FAIL,1,0.2374,-0.2374,0.0262,-0.3193
1700,attacker,FAMOUS,INSECT SPREAD,1,0.3383,-0.3383,-0.0005,-0.3202
1701,random,FOOD FALL BURN,BURN,1,0.1361,-0.1361,0.0341,-0.3110
1702,attacker,FAMOUS,INSECT SPREAD,1,0.3383,-0.3383,-0.0008,-0.3124
1703,attacker,FAMOUS,INSECT SPREAD,1,0.3383,-0.3383,-0.0007,-0.3137
1704,attacker,FAMOUS,INSECT SPREAD,1,0.3383,-0.3383,-0.0007,-0.3149
1705,attacker,FAMOUS,INSECT SPREAD,1,0.3383,-0.3383,-0.0007,-0.3161
1706,attacker,FAMOUS,INSECT SPREAD,1,0.3383,-0.3383,-0.0006,-0.3172
1707,attacker,FAMOUS,INSECT SPREAD,1,0.3383,-0.3383,-0.0006,-0.3182
1708,attacker,FAMOUS,INSECT SPREAD,1,0.3383,-0.3383,-0.0006,-0.3192
1709,attacker,FAMOUS,INSECT GROW,1,0.3840,-0.3840,-0.2868,-0.3225
1710,random,ORDERED CAR HEAR FAST,SEED,1,0.3186,-0.3186,0.0105,-0.3223
1711,attacker,FAMOUS,INSECT SPREAD,1,0.3383,-0.3383,-0.0005,-0.3231
1712,attacker,FAMOUS,INSECT SPREAD,1,0.3383,-0.3383,-0.0004,-0.3238
1713,attacker,FAMOUS,INSECT SPREAD,1,0.3383,-0.3383,-0.0004,-0.3246
1714,attacker,FAMOUS,INSECT SPREAD,1,0.3383,-0.3383,-0.0004,-0.3253
1715,attacker,FAMOUS,INSECT SPREAD,1,0.3383,-0.3383,-0.0004,-0.3259
1716,attacker,FAMOUS,INSECT SPREAD,1,0.3383,-0.3383,-0.0004,-0.3265
1717,attacker,FAMOUS,INSECT SPREAD,1,0.3383,-0.3383,-0.0003,-0.3271
1718,attacker,FAMOUS,INSECT SPREAD,1,0.3383,-0.3383,-0.0003,-0.3277
1719,random,BROKEN DRONE FAIL,FAIL,1,0.2081,-0.2081,0.1528,-0.3217
1720,attacker,FAMOUS,INSECT SPREAD,1,0.3383,-0.3383,-0.0005,-0.3225
1721,attacker,FAMOUS,INSECT SPREAD,1,0.3383,-0.3383,-0.0005,-0.3233
1722,attacker,FAMOUS,INSECT SPREAD,1,0.3383,-0.3383,-0.0004,-0.3241
1723,attacker,FAMOUS,INSECT SPREAD,1,0.3383,-0.3383,-0.0004,-0.3248
1724,random,WEAPON GROW SPREAD BURN SPREAD FALL,SPREAD,1,0.1885,-0.1885,0.0143,-0.3180
1725,attacker,FAMOUS,INSECT SPREAD,1,0.3383,-0.3383,-0.0006,-0.3190
1726,random,STRANGER BUILD MAP CARRY BROKEN ENCRYPTED,CAR,0,1.3048,-1.3048,-2.4297,-0.3683
1727,attacker,FAMOUS,INSECT SPREAD,1,0.3383,-0.3383,0.0009,-0.3668
1728,random,CLEAN TOOL FALL BURN GROW,SPREAD,1,0.3492,-0.3492,0.0013,-0.3659
1729,attacker,FAMOUS,INSECT SPREAD,1,0.3383,-0.3383,0.0008,-0.3645
1730,random,ALGORITHM GROW GROW,SPREAD,1,0.2312,-0.2312,0.0059,-0.3578
1731,random,COMPLEX,INSECT SPREAD,1,0.3383,-0.3383,0.0053,-0.3569
1732,random,FAMOUS POISON,SPREAD,1,0.3107,-0.3107,0.0047,-0.3545
1733,random,DULL COMPUTER HEAR POWER UPDATE WEAK,CAMERA,1,0.2590,-0.2590,0.3572,-0.3498
1734,attacker,FAMOUS,INSECT SPREAD,1,0.3383,-0.3383,0.0004,-0.3492
1735,attacker,FAMOUS,INSECT SPREAD,1,0.3383,-0.3383,0.0003,-0.3487
1736,attacker,FAMOUS,INSECT SPREAD,1,0.3383,-0.3383,0.0003,-0.3481
1737,random,CONNECTED HORSE,FALL,1,0.3263,-0.3263,0.0300,-0.3470
1738,attacker,FAMOUS,INSECT SPREAD,1,0.3383,-0.3383,0.0003,-0.3466
1739,attacker,FAMOUS,INSECT SPREAD,1,0.3383,-0.3383,0.0003,-0.3462
1740,attacker,FAMOUS,INSECT SPREAD,1,0.3383,-0.3383,0.0002,-0.3458
1741,attacker,FAMOUS,INSECT SPREAD,1,0.3383,-0.3383,0.0002,-0.3454
1742,attacker,FAMOUS,INSECT SPREAD,1,0.3383,-0.3383,0.0002,-0.3451
1743,attacker,FAMOUS,INSECT SPREAD,1,0.3383,-0.3383,0.0002,-0.3447
1744,random,ANGRY WOLF RUN,FALL,1,0.2254,-0.2254,0.1774,-0.3388
1745,random,COMPUTER,FALL,1,0.2537,-0.2537,0.0505,-0.3345
1746,attacker,FAMOUS,INSECT SPREAD,1,0.3383,-0.3383,-0.0001,-0.3347
1747,attacker,FAMOUS,INSECT SPREAD,1,0.3383,-0.3383,-0.0001,-0.3349
1748,random,COMPLEX,CAR HEAR FIRE,1,0.3585,-0.3585,-0.2753,-0.3361
1749,attacker,FAMOUS,INSECT SPREAD,1,0.3383,-0.3383,-0.0001,-0.3362
1750,attacker,FAMOUS,INSECT SPREAD,1,0.3383,-0.3383,-0.0001,-0.3363
1751,attacker,FAMOUS,INSECT SPREAD,1,0.3383,-0.3383,-0.0001,-0.3364
1752,attacker,FAMOUS,INSECT SPREAD,1,0.3383,-0.3383,-0.0001,-0.3365
1753,random,MEMORY FAIL FAIL SPREAD,SPREAD,1,0.1459,-0.1459,0.0084,-0.3269
1754,attacker,FAMOUS,INSECT SPREAD,1,0.3383,-0.3383,-0.0004,-0.3275
1755,random,DIRTY LEADER CHOOSE,OUTCAST ELDER,1,0.1863,-0.1863,0.7665,-0.3204
1756,attacker,FAMOUS,INSECT SPREAD,1,0.3383,-0.3383,-0.0006,-0.3213
1757,attacker,FAMOUS,INSECT SPREAD,1,0.3383,-0.3383,-0.0006,-0.3222
1758,attacker,FAMOUS,INSECT SPREAD,1,0.3383,-0.3383,-0.0006,-0.3230
1759,random,BIRD ATTACK HOME SEE,ENGINE,1,0.2253,-0.2253,0.5248,-0.3181
1760,attacker,FAMOUS,INSECT SPREAD,1,0.3383,-0.3383,-0.0007,-0.3191
1761,random,DIRTY ELDER,BURN,1,0.3501,-0.3501,-0.0758,-0.3207
1762,random,RULE,SPREAD,1,0.2027,-0.2027,0.0039,-0.3148
1763,attacker,FAMOUS,INSECT SPREAD,1,0.3383,-0.3383,-0.0008,-0.3159
1764,random,GUARD BURN SEE,DORMANT DRONE BURN,1,0.2579,-0.2579,0.4471,-0.3130
1765,attacker,FAMOUS,INSECT SPREAD,1,0.3383,-0.3383,-0.0009,-0.3143
1766,attacker,FAMOUS,INSECT SPREAD,1,0.3383,-0.3383,-0.0009,-0.3155
1767,random,PHONE MOVE MOUNTAIN HEAR TIME HEAR,BROKEN TRUSTED GUARD,1,0.3143,-0.3143,0.0122,-0.3154
1768,attacker,FAMOUS,INSECT SPREAD,1,0.3383,-0.3383,-0.0008,-0.3166
1769,attacker,FAMOUS,INSECT SPREAD,1,0.3383,-0.3383,-0.0008,-0.3177
1770,attacker,FAMOUS,INSECT SPREAD,1,0.3383,-0.3383,-0.0008,-0.3187
1771,attacker,FAMOUS,INSECT SPREAD,1,0.3383,-0.3383,-0.0007,-0.3197
1772,attacker,FAMOUS,INSECT SPREAD,1,0.3383,-0.3383,-0.0007,-0.3206
1773,attacker,FAMOUS,INSECT SPREAD,1,0.3383,-0.3383,-0.0007,-0.3215
1774,attacker,FAMOUS,INSECT SPREAD,1,0.3383,-0.3383,-0.0006,-0.3223
1775,attacker,FAMOUS,INSECT SPREAD,1,0.3383,-0.3383,-0.0006,-0.3231
1776,attacker,FAMOUS,INSECT SPREAD,1,0.3383,-0.3383,-0.0006,-0.3239
1777,attacker,FAMOUS,INSECT SPREAD,1,0.3383,-0.3383,-0.0006,-0.3246
1778,random,CHILD,SEE CHILD,1,0.1023,-0.1023,1.5778,-0.3135
1779,attacker,FAMOUS,INSECT SPREAD,1,0.3383,-0.3383,-0.0010,-0.3147
1780,random,SIMPLE COMPUTER,SEE ROOM FAIL,1,0.3059,-0.3059,0.1214,-0.3143
1781,attacker,FAMOUS,INSECT SPREAD,1,0.3383,-0.3383,-0.0010,-0.3155
1782,attacker,FAMOUS,INSECT SPREAD,1,0.3383,-0.3383,-0.0010,-0.3166
1783,attacker,FAMOUS,INSECT SPREAD,1,0.3383,-0.3383,-0.0010,-0.3177
1784,attacker,FAMOUS,INSECT SPREAD,1,0.3383,-0.3383,-0.0009,-0.3187
1785,attacker,FAMOUS,INSECT SPREAD,1,0.3383,-0.3383,-0.0009,-0.3197
1786,attacker,FAMOUS,INSECT SPREAD,1,0.3383,-0.3383,-0.0009,-0.3206
1787,random,HEAVY,SEED BURN,1,0.3047,-0.3047,0.0454,-0.3198
1788,random,SECRET POWER GROW,SPREAD,1,0.3164,-0.3164,0.0002,-0.3197
1789,random,SLOW CAMERA FALL FALL,BURN,0,1.2690,-1.2690,-2.3881,-0.3671
1790,attacker,FAMOUS,FEAR SPREAD,0,1.3228,-1.3228,-8.7575,-0.4149
1791,random,CROWD GROW ATTACK METAL CARRY,PHONE,0,1.2271,-1.2271,-4.1069,-0.4555
1792,attacker,FAMOUS,INSECT SPREAD,1,0.3383,-0.3383,0.0068,-0.4497
1793,attacker,FAMOUS,INSECT SPREAD,1,0.3383,-0.3383,0.0064,-0.4441
1794,attacker,FAMOUS,INSECT BIRD SPREAD,0,1.3391,-1.3391,-11.0438,-0.4888
1795,attacker,FAMOUS,INSECT SPREAD,1,0.3383,-0.3383,0.0078,-0.4813
1796,attacker,FAMOUS,INSECT SPREAD,1,0.3383,-0.3383,0.0069,-0.4742
1797,attacker,FAMOUS,INSECT SPREAD,1,0.3383,-0.3383,0.0059,-0.4674
1798,random,STONE,FALL,1,0.2000,-0.2000,0.2636,-0.4540
1799,attacker,FAMOUS,INSECT SPREAD,1,0.3383,-0.3383,0.0041,-0.4482
1800,attacker,FAMOUS,INSECT SPREAD,1,0.3383,-0.3383,0.0036,-0.4427
1801,attacker,FAMOUS,INSECT SPREAD,1,0.3383,-0.3383,0.0032,-0.4375
1802,attacker,FAMOUS,INSECT SPREAD,1,0.3383,-0.3383,0.0029,-0.4325
1803,attacker,FAMOUS,INSECT SPREAD,1,0.3383,-0.3383,0.0027,-0.4278
1804,attacker,FAMOUS,INSECT SPREAD,1,0.3383,-0.3383,0.0025,-0.4233
1805,attacker,FAMOUS,INSECT SPREAD SPREAD,1,0.3347,-0.3347,0.5125,-0.4189
1806,attacker,FAMOUS,INSECT SPREAD,1,0.3383,-0.3383,0.0022,-0.4149
1807,attacker,FAMOUS,POISON SPREAD,1,0.3470,-0.3470,0.5683,-0.4115
1808,attacker,FAMOUS,INSECT SPREAD,1,0.3383,-0.3383,0.0020,-0.4078
1809,attacker,FAMOUS,INSECT SPREAD,1,0.3383,-0.3383,0.0020,-0.4044
1810,random,CLEAN BIRD MOVE CHILD FOLLOW FAST,AUTOMATED IDENTITY,0,1.3053,-1.3053,-7.2915,-0.4494
1811,random,MAP,SPREAD,1,0.2120,-0.2120,0.0102,-0.4375
1812,attacker,FAMOUS,INSECT SPREAD,1,0.3383,-0.3383,0.0029,-0.4326
1813,attacker,FAMOUS,INSECT SPREAD,1,0.3383,-0.3383,0.0028,-0.4279
1814,attacker,FAMOUS,INSECT SPREAD,1,0.3383,-0.3383,0.0026,-0.4234
1815,random,INSECT SPREAD,SPREAD,1,0.1044,-0.1044,0.0157,-0.4074
1816,random,LEADER,HEAR BORDER,1,0.2163,-0.2163,1.6094,-0.3979
1817,attacker,FAMOUS,INSECT SPREAD,1,0.3383,-0.3383,0.0017,-0.3949
1818,attacker,FAMOUS,INSECT SPREAD,1,0.3383,-0.3383,0.0016,-0.3921
1819,random,ERROR FAIL GROW,SPREAD,1,0.2079,-0.2079,0.0085,-0.3829
1820,attacker,FAMOUS,INSECT SPREAD,1,0.3383,-0.3383,0.0013,-0.3806
1821,random,TIME SPREAD SPREAD,SPREAD,1,0.1002,-0.1002,0.0111,-0.3666
1822,attacker,FAMOUS,INSECT SPREAD,1,0.3383,-0.3383,0.0008,-0.3652
1823,attacker,FAMOUS,INSECT SPREAD,1,0.3383,-0.3383,0.0008,-0.3638
1824,random,BROKEN GUARD,SEE GUARD,1,0.2111,-0.2111,1.1353,-0.3562
1825,random,WOOD BURN BURN,FALL,1,0.1680,-0.1680,0.4059,-0.3468
1826,random,WEAK MAN,FALL,1,0.3423,-0.3423,0.0056,-0.3466
1827,random,SIMPLE,LEADER TALK,1,0.4202,-0.4202,-0.4637,-0.3502
1828,attacker,FAMOUS,INSECT SPREAD,1,0.3383,-0.3383,0.0003,-0.3496
1829,random,CLEAN,INSECT SPREAD,1,0.3127,-0.3127,0.0099,-0.3478
1830,attacker,FAMOUS,INSECT SPREAD,1,0.3383,-0.3383,0.0003,-0.3473
1831,attacker,FAMOUS,INSECT SPREAD,1,0.3383,-0.3383,0.0003,-0.3469
1832,attacker,FAMOUS,INSECT SPREAD,1,0.3383,-0.3383,0.0002,-0.3464
1833,attacker,FAMOUS,INSECT SPREAD,1,0.3383,-0.3383,0.0002,-0.3460
1834,attacker,FAMOUS,INSECT SPREAD,1,0.3383,-0.3383,0.0002,-0.3456
1835,attacker,FAMOUS,INSECT SPREAD,1,0.3383,-0.3383,0.0002,-0.3453
1836,attacker,FAMOUS,INSECT SPREAD,1,0.3383,-0.3383,0.0002,-0.3449
1837,attacker,FAMOUS,INSECT SPREAD,1,0.3383,-0.3383,0.0002,-0.3446
1838,attacker,FAMOUS,INSECT SPREAD,1,0.3383,-0.3383,0.0002,-0.3443
1839,attacker,FAMOUS,INSECT SPREAD,1,0.3383,-0.3383,0.0002,-0.3440
1840,random,DOG,FALL,1,0.2257,-0.2257,0.0721,-0.3381
1841,attacker,FAMOUS,INSECT SPREAD,1,0.3383,-0.3383,-0.0000,-0.3381
1842,random,SECRET CHOICE,SPREAD,1,0.3368,-0.3368,0.0001,-0.3380
1843,attacker,FAMOUS,INSECT SPREAD,1,0.3383,-0.3383,-0.0000,-0.3380
1844,attacker,FAMOUS,INSECT SPREAD,1,0.3383,-0.3383,-0.0000,-0.3380
1845,attacker,FAMOUS,INSECT SPREAD,1,0.3383,-0.3383,-0.0000,-0.3381
1846,attacker,FAMOUS,INSECT SPREAD,1,0.3383,-0.3383,-0.0000,-0.3381
1847,random,VAST,INSECT BURN,1,0.3103,-0.3103,0.0335,-0.3367
1848,attacker,FAMOUS,INSECT SPREAD,1,0.3383,-0.3383,-0.0000,-0.3368
1849,random,TRUTH SPREAD SPREAD GROW GROW GROW,SPREAD,1,0.1577,-0.1577,0.0070,-0.3278
1850,random,LAW,SPREAD,1,0.2033,-0.2033,0.0028,-0.3216
1851,attacker,FAMOUS,INSECT SPREAD,1,0.3383,-0.3383,-0.0005,-0.3224
1852,random,TRUTH,SPREAD,1,0.2077,-0.2077,0.0025,-0.3167
1853,random,LAW GROW,SPREAD,1,0.2020,-0.2020,0.0049,-0.3109
1854,random,ANGRY CROWD,BREAK WEAPON,1,0.3135,-0.3135,-0.0176,-0.3111
1855,random,FEAR GROW GROW,SPREAD,1,0.2254,-0.2254,0.0030,-0.3068
1856,attacker,FAMOUS,INSECT SPREAD,1,0.3383,-0.3383,-0.0009,-0.3084
1857,attacker,FAMOUS,INSECT SPREAD,1,0.3383,-0.3383,-0.0008,-0.3099
1858,attacker,FAMOUS,INSECT SPREAD,1,0.3383,-0.3383,-0.0008,-0.3113
1859,attacker,FAMOUS,INSECT SPREAD,1,0.3383,-0.3383,-0.0008,-0.3126
1860,attacker,FAMOUS,INSECT SPREAD,1,0.3383,-0.3383,-0.0007,-0.3139
1861,random,SOLDIER SPREAD BREAK DENSE ENCRYPTED BOOK,FALL,1,0.3034,-0.3034,0.0205,-0.3134
1862,attacker,FAMOUS,INSECT SPREAD,1,0.3383,-0.3383,-0.0007,-0.3146
1863,attacker,FAMOUS,INSECT SPREAD,1,0.3383,-0.3383,-0.0007,-0.3158
1864,random,FEAR GROW,SPREAD,1,0.2139,-0.2139,0.0040,-0.3107
1865,random,SIGNAL FAIL FAIL,SPREAD,1,0.1888,-0.1888,0.0060,-0.3046
1866,random,ELDER WARN,CALM CAT,1,0.2837,-0.2837,0.1088,-0.3036
1867,attacker,FAMOUS,INSECT SPREAD,1,0.3383,-0.3383,-0.0010,-0.3053
1868,attacker,FAMOUS,INSECT SPREAD,1,0.3383,-0.3383,-0.0009,-0.3070
1869,attacker,FAMOUS,INSECT SPREAD,1,0.3383,-0.3383,-0.0009,-0.3085
1870,random,FREE DOG FORGET,SECRET INSECT TALK,0,1.2032,-1.2032,-11.3570,-0.3533
1871,attacker,FAMOUS,INSECT SPREAD,1,0.3383,-0.3383,0.0004,-0.3525
1872,attacker,FAMOUS,INSECT SPREAD,1,0.3383,-0.3383,0.0004,-0.3518
1873,random,HEAVY DRONE SEE CROWD ENCODE DEBT,FALL,1,0.3428,-0.3428,0.0065,-0.3513
1874,attacker,FAMOUS,INSECT SPREAD,1,0.3383,-0.3383,0.0004,-0.3507
1875,attacker,FAMOUS,INSECT SPREAD,1,0.3383,-0.3383,0.0004,-0.3501
1876,attacker,FAMOUS,INSECT SPREAD,1,0.3383,-0.3383,0.0003,-0.3495
1877,attacker,FAMOUS,INSECT SPREAD,1,0.3383,-0.3383,0.0003,-0.3489
1878,attacker,FAMOUS,INSECT SPREAD,1,0.3383,-0.3383,0.0003,-0.3484
1879,attacker,FAMOUS,INSECT SPREAD,1,0.3383,-0.3383,0.0003,-0.3479
1880,random,KEY FALL BURN,SPREAD,1,0.2460,-0.2460,0.0079,-0.3428
1881,random,HAPPY WOMAN,SEE WOOD,1,0.3431,-0.3431,-0.0026,-0.3428
1882,attacker,FAMOUS,INSECT SPREAD,1,0.3383,-0.3383,0.0001,-0.3426
1883,attacker,FAMOUS,INSECT SPREAD,1,0.3383,-0.3383,0.0001,-0.3424
1884,attacker,FAMOUS,INSECT SPREAD,1,0.3383,-0.3383,0.0001,-0.3422
1885,attacker,FAMOUS,INSECT SPREAD,1,0.3383,-0.3383,0.0001,-0.3420
1886,attacker,FAMOUS,INSECT SPREAD,1,0.3383,-0.3383,0.0001,-0.3418
1887,random,CONNECTED GUARD,FALL,1,0.3434,-0.3434,-0.0019,-0.3419
1888,attacker,FAMOUS,INSECT SPREAD,1,0.3383,-0.3383,0.0001,-0.3417
1889,attacker,FAMOUS,INSECT SPREAD,1,0.3383,-0.3383,0.0001,-0.3415
1890,attacker,FAMOUS,INSECT SPREAD,1,0.3383,-0.3383,0.0001,-0.3414
1891,attacker,FAMOUS,INSECT SPREAD,1,0.3383,-0.3383,0.0001,-0.3412
1892,attacker,FAMOUS,INSECT SPREAD,1,0.3383,-0.3383,0.0001,-0.3411
1893,attacker,FAMOUS,INSECT SPREAD,1,0.3383,-0.3383,0.0001,-0.3409
1894,attacker,FAMOUS,INSECT SPREAD,1,0.3383,-0.3383,0.0001,-0.3408
1895,attacker,FAMOUS,INSECT SPREAD,1,0.3383,-0.3383,0.0001,-0.3407
1896,attacker,FAMOUS,INSECT SPREAD,1,0.3383,-0.3383,0.0001,-0.3405
1897,attacker,FAMOUS,INSECT SPREAD,1,0.3383,-0.3383,0.0001,-0.3404
1898,attacker,FAMOUS,INSECT SPREAD,1,0.3383,-0.3383,0.0001,-0.3403
1899,random,NETWORK,SPREAD,1,0.2019,-0.2019,0.0032,-0.3334
1900,random,SHARP SOLDIER GENERATE,DORMANT DRONE FALL,0,1.3229,-1.3229,-7.1784,-0.3829
1901,attacker,FAMOUS,INSECT SPREAD,1,0.3383,-0.3383,0.0013,-0.3806
1902,attacker,FAMOUS,INSECT SPREAD,1,0.3383,-0.3383,0.0012,-0.3785
1903,random,BOOK BURN SPREAD GROW SPREAD BURN,SPREAD,1,0.1774,-0.1774,0.0149,-0.3685
1904,attacker,FAMOUS,INSECT SPREAD,1,0.3383,-0.3383,0.0009,-0.3670
1905,attacker,FAMOUS,INSECT SPREAD,1,0.3383,-0.3383,0.0008,-0.3655
1906,attacker,FAMOUS,INSECT SPREAD,1,0.3383,-0.3383,0.0008,-0.3642
1907,attacker,FAMOUS,INSECT SPREAD,1,0.3383,-0.3383,0.0007,-0.3629
1908,attacker,FAMOUS,INSECT SPREAD,1,0.3383,-0.3383,0.0007,-0.3616
1909,attacker,FAMOUS,INSECT SPREAD,1,0.3383,-0.3383,0.0007,-0.3605
1910,attacker,FAMOUS,INSECT SPREAD,1,0.3383,-0.3383,0.0006,-0.3594
1911,attacker,FAMOUS,INSECT SPREAD,1,0.3383,-0.3383,0.0006,-0.3583
1912,attacker,FAMOUS,INSECT SPREAD,1,0.3383,-0.3383,0.0006,-0.3573
1913,attacker,FAMOUS,INSECT SPREAD,1,0.3383,-0.3383,0.0005,-0.3564
1914,attacker,FAMOUS,INSECT SPREAD,1,0.3383,-0.3383,0.0005,-0.3555
1915,attacker,FAMOUS,INSECT SPREAD,1,0.3383,-0.3383,0.0005,-0.3546
1916,attacker,FAMOUS,INSECT SPREAD,1,0.3383,-0.3383,0.0004,-0.3538
1917,attacker,FAMOUS,INSECT SPREAD,1,0.3383,-0.3383,0.0004,-0.3530
1918,attacker,FAMOUS,INSECT SPREAD,1,0.3383,-0.3383,0.0004,-0.3523
1919,random,CAR,FAIL,1,0.2484,-0.2484,0.0376,-0.3471
1920,attacker,FAMOUS,INSECT SPREAD,1,0.3383,-0.3383,0.0002,-0.3466
1921,attacker,FAMOUS,INSECT SPREAD,1,0.3383,-0.3383,0.0002,-0.3462
1922,random,METAL BURN,BURN,1,0.1009,-0.1009,0.0827,-0.3339
1923,random,CHAOTIC SYSTEM,SPREAD,1,0.3077,-0.3077,0.0006,-0.3326
1924,attacker,FAMOUS,INSECT SPREAD,1,0.3383,-0.3383,-0.0002,-0.3329
1925,random,CONNECTED,DOG FALL,1,0.3659,-0.3659,-0.1753,-0.3346
1926,attacker,FAMOUS,INSECT SPREAD,1,0.3383,-0.3383,-0.0001,-0.3348
1927,attacker,FAMOUS,INSECT SPREAD,1,0.3383,-0.3383,-0.0001,-0.3349
1928,attacker,FAMOUS,INSECT SPREAD,1,0.3383,-0.3383,-0.0001,-0.3351
1929,attacker,FAMOUS,INSECT SPREAD,1,0.3383,-0.3383,-0.0001,-0.3353
1930,attacker,FAMOUS,INSECT SPREAD,1,0.3383,-0.3383,-0.0001,-0.3354
1931,attacker,FAMOUS,INSECT SPREAD,1,0.3383,-0.3383,-0.0001,-0.3356
1932,attacker,FAMOUS,INSECT SPREAD,1,0.3383,-0.3383,-0.0001,-0.3357
1933,attacker,FAMOUS,INSECT SPREAD,1,0.3383,-0.3383,-0.0001,-0.3358
1934,random,WOOD FALL,BURN,1,0.1697,-0.1697,0.0613,-0.3275
1935,attacker,FAMOUS,INSECT SPREAD,1,0.3383,-0.3383,-0.0003,-0.3280
1936,random,SECRET CHILD HEAR SIMPLE,WOLF,0,1.2769,-1.2769,-5.1432,-0.3755
1937,attacker,FAMOUS,INSECT SPREAD,1,0.3383,-0.3383,0.0010,-0.3736
1938,attacker,FAMOUS,INSECT SPREAD,1,0.3383,-0.3383,0.0010,-0.3719
1939,attacker,FAMOUS,INSECT SPREAD,1,0.3383,-0.3383,0.0009,-0.3702
1940,attacker,FAMOUS,INSECT SPREAD,1,0.3383,-0.3383,0.0009,-0.3686
1941,attacker,FAMOUS,INSECT SPREAD,1,0.3383,-0.3383,0.0008,-0.3671
1942,attacker,FAMOUS,INSECT SPREAD,1,0.3383,-0.3383,0.0008,-0.3656
1943,random,SYSTEM SPREAD FAIL,SPREAD,1,0.1430,-0.1430,0.0102,-0.3545
1944,random,CHANCE SPREAD GROW GROW GROW SPREAD,SPREAD,1,0.1627,-0.1627,0.0076,-0.3449
1945,random,BOOK,SPREAD,1,0.2120,-0.2120,0.0034,-0.3383
1946,attacker,FAMOUS,INSECT SPREAD,1,0.3383,-0.3383,-0.0000,-0.3383
1947,random,TOOL BURN,SPREAD,1,0.2590,-0.2590,0.0041,-0.3343
1948,attacker,FAMOUS,INSECT SPREAD,1,0.3383,-0.3383,-0.0001,-0.3345
1949,attacker,FAMOUS,INSECT SPREAD,1,0.3383,-0.3383,-0.0001,-0.3347
1950,attacker,FAMOUS,POISON SPREAD,1,0.3470,-0.3470,-0.0889,-0.3353
1951,attacker,FAMOUS,INSECT SPREAD,1,0.3383,-0.3383,-0.0001,-0.3355
1952,attacker,FAMOUS,INSECT SPREAD,1,0.3383,-0.3383,-0.0001,-0.3356
1953,random,ENCRYPTED KEY,SPREAD,1,0.3190,-0.3190,0.0009,-0.3348
1954,random,PHONE HEAR,SECRET DORMANT CHOICE,1,0.3219,-0.3219,0.1309,-0.3341
1955,attacker,FAMOUS,INSECT SPREAD,1,0.3383,-0.3383,-0.0001,-0.3343
1956,attacker,FAMOUS,INSECT SPREAD,1,0.3383,-0.3383,-0.0001,-0.3345
1957,attacker,FAMOUS,INSECT SPREAD,1,0.3383,-0.3383,-0.0001,-0.3347
1958,attacker,FAMOUS,INSECT SPREAD,1,0.3383,-0.3383,-0.0001,-0.3349
1959,attacker,FAMOUS,INSECT SPREAD,1,0.3383,-0.3383,-0.0001,-0.3351
1960,random,DOG BREAK BROKEN,DRONE FALL,1,0.3013,-0.3013,0.1675,-0.3334
1961,random,INSECT SPREAD,SPREAD,1,0.1044,-0.1044,0.0107,-0.3219
1962,attacker,FAMOUS,INSECT SPREAD,1,0.3383,-0.3383,-0.0004,-0.3227
1963,attacker,FAMOUS,INSECT SPREAD,1,0.3383,-0.3383,-0.0004,-0.3235
1964,attacker,FAMOUS,INSECT SPREAD,1,0.3383,-0.3383,-0.0004,-0.3243
1965,attacker,FAMOUS,INSECT SPREAD,1,0.3383,-0.3383,-0.0004,-0.3250
1966,attacker,FAMOUS,INSECT SPREAD,1,0.3383,-0.3383,-0.0004,-0.3256
1967,random,AUTOMATED,SOLDIER BURN,1,0.3591,-0.3591,-0.0804,-0.3273
1968,attacker,FAMOUS,INSECT SPREAD,1,0.3383,-0.3383,-0.0003,-0.3278
1969,attacker,FAMOUS,INSECT SPREAD,1,0.3383,-0.3383,-0.0003,-0.3284
1970,attacker,FAMOUS,INSECT SPREAD,1,0.3383,-0.3383,-0.0003,-0.3289
1971,attacker,FAMOUS,INSECT SPREAD,1,0.3383,-0.3383,-0.0003,-0.3293
1972,attacker,FAMOUS,INSECT SPREAD,1,0.3383,-0.3383,-0.0002,-0.3298
1973,attacker,FAMOUS,INSECT SPREAD,1,0.3383,-0.3383,-0.0002,-0.3302
1974,random,POWER GROW,SPREAD,1,0.2125,-0.2125,0.0046,-0.3243
1975,random,BORDER SPREAD,SPREAD,1,0.1003,-0.1003,0.0088,-0.3131
1976,attacker,FAMOUS,INSECT SPREAD,1,0.3383,-0.3383,-0.0007,-0.3144
1977,random,METAL BURN,BURN,1,0.1009,-0.1009,0.0273,-0.3037
1978,attacker,FAMOUS,INSECT SPREAD,1,0.3383,-0.3383,-0.0010,-0.3054
1979,random,KEY SPREAD BURN FALL SPREAD,SPREAD,1,0.1750,-0.1750,0.0059,-0.2989
1980,random,CHAOTIC,NETWORK SPREAD,1,0.4884,-0.4884,-0.3000,-0.3084
1981,attacker,FAMOUS,INSECT SPREAD,1,0.3383,-0.3383,-0.0008,-0.3099
1982,random,WATER FALL,BURN,1,0.1697,-0.1697,0.0253,-0.3029
1983,attacker,FAMOUS,INSECT SPREAD,1,0.3383,-0.3383,-0.0010,-0.3046
1984,attacker,FAMOUS,INSECT SPREAD,1,0.3383,-0.3383,-0.0009,-0.3063
1985,attacker,FAMOUS,INSECT SPREAD,1,0.3383,-0.3383,-0.0009,-0.3079
1986,attacker,FAMOUS,INSECT SPREAD,1,0.3383,-0.3383,-0.0009,-0.3094
1987,random,ENCRYPTED PLAN,MEMORY SPREAD,0,1.2811,-1.2811,-6.1165,-0.3580
1988,attacker,FAMOUS,INSECT SPREAD,1,0.3383,-0.3383,0.0006,-0.3570
1989,attacker,FAMOUS,INSECT SPREAD,1,0.3383,-0.3383,0.0005,-0.3561
1990,random,OPTIMAL KEY,SPREAD,1,0.3120,-0.3120,0.0120,-0.3539
1991,attacker,FAMOUS,INSECT SPREAD,1,0.3383,-0.3383,0.0005,-0.3531
1992,attacker,FAMOUS,INSECT SPREAD,1,0.3383,-0.3383,0.0004,-0.3524
1993,attacker,FAMOUS,INSECT SPREAD,1,0.3383,-0.3383,0.0004,-0.3517
1994,random,FAMOUS POISON SPREAD FALL GROW GROW,SPREAD,1,0.2777,-0.2777,0.0039,-0.3480
1995,random,TOOL,SPREAD,1,0.2565,-0.2565,0.0025,-0.3434
1996,random,SECRET IDENTITY GROW SPREAD,SPREAD,1,0.2556,-0.2556,0.0041,-0.3390
1997,attacker,FAMOUS,INSECT SPREAD,1,0.3383,-0.3383,0.0000,-0.3390
1998,attacker,FAMOUS,INSECT SPREAD,1,0.3383,-0.3383,0.0000,-0.3389
1999,random,DEBT GROW GROW SPREAD SPREAD GROW,SPREAD,1,0.1575,-0.1575,0.0067,-0.3299
2000,random,PROUD STRANGER HEAR SLOW VAST CHOICE,FORGET BORDER,1,0.2681,-0.2681,0.3838,-0.3268
2001,random,ENGINE SEE,TOOL,1,0.1715,-0.1715,0.8334,-0.3190
2002,attacker,FAMOUS,INSECT SPREAD,1,0.3383,-0.3383,-0.0006,-0.3200
2003,attacker,FAMOUS,INSECT SPREAD,1,0.3383,-0.3383,-0.0005,-0.3209
2004,random,ASHAMED ELDER SEE NETWORK SPREAD FORGET,BORDER,1,0.3181,-0.3181,0.0061,-0.3208
2005,attacker,FAMOUS,INSECT SPREAD,1,0.3383,-0.3383,-0.0005,-0.3216
2006,random,BROKEN,ROBOT FAIL,1,0.4843,-0.4843,-0.3664,-0.3298
2007,random,TIME SPREAD,SPREAD,1,0.1004,-0.1004,0.0091,-0.3183
2008,attacker,FAMOUS,INSECT SPREAD,1,0.3383,-0.3383,-0.0006,-0.3193
2009,random,TRUSTED,INSECT SPREAD,1,0.3366,-0.3366,-0.0016,-0.3202
2010,random,DULL COMPUTER,FAIL,1,0.3244,-0.3244,-0.0025,-0.3204
2011,attacker,FAMOUS,INSECT SPREAD,1,0.3383,-0.3383,-0.0005,-0.3213
2012,attacker,FAMOUS,INSECT SPREAD,1,0.3383,-0.3383,-0.0005,-0.3221
2013,attacker,FAMOUS,INSECT SPREAD,1,0.3383,-0.3383,-0.0005,-0.3229
2014,random,CROWD MOVE,DRONE,1,0.2335,-0.2335,0.4039,-0.3185
2015,random,HORSE RUN BURN,BURN,1,0.1401,-0.1401,0.0370,-0.3095
2016,attacker,FAMOUS,INSECT SPREAD,1,0.3383,-0.3383,-0.0009,-0.3110
2017,random,DORMANT,ROBOT HEAR WEAK FIRE,1,0.4618,-0.4618,-1.5942,-0.3185
2018,attacker,FAMOUS,INSECT SPREAD,1,0.3383,-0.3383,-0.0006,-0.3195
2019,attacker,FAMOUS,INSECT SPREAD,1,0.3383,-0.3383,-0.0006,-0.3204
2020,attacker,FAMOUS,WEAPON SPREAD,1,0.3423,-0.3423,-0.1346,-0.3215
2021,attacker,FAMOUS,INSECT SPREAD,1,0.3383,-0.3383,-0.0005,-0.3224
2022,attacker,FAMOUS,INSECT SPREAD,1,0.3383,-0.3383,-0.0005,-0.3232
2023,attacker,FAMOUS,INSECT SPREAD,1,0.3383,-0.3383,-0.0004,-0.3239
2024,random,CAT KNOW FEAR BURN WANT CHANCE,FALL,1,0.2080,-0.2080,0.1357,-0.3181
2025,attacker,FAMOUS INSECT,SPREAD,1,0.3176,-0.3176,0.0000,-0.3181
2026,attacker,FAMOUS,INSECT SPREAD,1,0.3383,-0.3383,-0.0006,-0.3191
2027,attacker,FAMOUS,INSECT SPREAD,1,0.3383,-0.3383,-0.0006,-0.3201
2028,attacker,FAMOUS,INSECT SPREAD,1,0.3383,-0.3383,-0.0005,-0.3210
2029,attacker,FAMOUS,INSECT SPREAD,1,0.3383,-0.3383,-0.0005,-0.3218
2030,attacker,FAMOUS,INSECT SPREAD,1,0.3383,-0.3383,-0.0005,-0.3227
2031,random,FAMOUS WEAPON FALL FALL,SPREAD,1,0.3401,-0.3401,-0.0015,-0.3235
2032,attacker,FAMOUS,INSECT SPREAD,1,0.3383,-0.3383,-0.0004,-0.3243
2033,attacker,FAMOUS,INSECT SPREAD,1,0.3383,-0.3383,-0.0004,-0.3250
2034,attacker,FAMOUS,INSECT SPREAD,1,0.3383,-0.3383,-0.0004,-0.3256
2035,random,OBEDIENT CAT HEAR WATER HEAR COMPLEX,INSECT,1,0.2523,-0.2523,0.1365,-0.3220
2036,attacker,FAMOUS,INSECT SPREAD,1,0.3383,-0.3383,-0.0005,-0.3228
2037,random,COMPUTER MOVE DENSE COMPUTER SEE HORSE,FALL,1,0.2998,-0.2998,0.0174,-0.3216
2038,random,FEAR GROW GROW,SPREAD,1,0.2254,-0.2254,0.0032,-0.3168
2039,attacker,FAMOUS,INSECT SPREAD,1,0.3383,-0.3383,-0.0006,-0.3179
2040,attacker,FAMOUS,INSECT SPREAD,1,0.3383,-0.3383,-0.0006,-0.3189
2041,random,SIGNAL SPREAD GROW FAIL,SPREAD,1,0.1693,-0.1693,0.0065,-0.3114
2042,random,WOMAN BETRAY SMALL HEAVY MAN HEAR,SIMPLE SMALL CAMERA,1,0.2696,-0.2696,0.4073,-0.3093
2043,attacker,FAMOUS,INSECT SPREAD,1,0.3383,-0.3383,-0.0008,-0.3108
2044,attacker,FAMOUS,INSECT SPREAD,1,0.3383,-0.3383,-0.0008,-0.3122
2045,random,DEAD,ELDER MOVE TRAPPED CAT,0,1.4204,-1.4204,-10.7811,-0.3676
2046,random,ACTIVE,INSECT BURN,0,1.3673,-1.3673,-1.8376,-0.4176
2047,attacker,FAMOUS,INSECT SPREAD,1,0.3383,-0.3383,0.0023,-0.4136
2048,random,FOOD FALL BURN,BURN,1,0.1361,-0.1361,0.0259,-0.3997
2049,attacker,FAMOUS,INSECT SPREAD,1,0.3383,-0.3383,0.0018,-0.3967
2050,attacker,FAMOUS,INSECT SPREAD,1,0.3383,-0.3383,0.0017,-0.3937
2051,attacker,FAMOUS,INSECT SPREAD,1,0.3383,-0.3383,0.0016,-0.3910
2052,random,CAMERA,UPDATE DULL SENSOR,1,0.2151,-0.2151,1.6831,-0.3822
2053,attacker,FAMOUS,INSECT SPREAD,1,0.3383,-0.3383,0.0013,-0.3800
2054,random,RULE GROW,SPREAD,1,0.2066,-0.2066,0.0068,-0.3713
2055,random,PATTERN GROW SPREAD SPREAD,SPREAD,1,0.1550,-0.1550,0.0083,-0.3605
2056,attacker,FAMOUS,INSECT SPREAD,1,0.3383,-0.3383,0.0006,-0.3594
2057,random,BIRD MOVE OPTIMAL BIG CLOCK FALL,BURN,1,0.2834,-0.2834,0.0264,-0.3556
2058,random,CORRUPTED SYSTEM FAIL GROW,SPREAD,1,0.3079,-0.3079,0.0023,-0.3532
2059,random,FEAR SPREAD GROW GROW,SPREAD,1,0.1614,-0.1614,0.0072,-0.3436
2060,attacker,FAMOUS,INSECT SPREAD,1,0.3383,-0.3383,0.0001,-0.3433
2061,attacker,FAMOUS,INSECT SPREAD,1,0.3383,-0.3383,0.0001,-0.3431
2062,attacker,FAMOUS,INSECT SPREAD,1,0.3383,-0.3383,0.0001,-0.3429
2063,attacker,FAMOUS,INSECT SPREAD,1,0.3383,-0.3383,0.0001,-0.3426
2064,attacker,FAMOUS,INSECT SPREAD,1,0.3383,-0.3383,0.0001,-0.3424
2065,attacker,FAMOUS,INSECT SPREAD,1,0.3383,-0.3383,0.0001,-0.3422
2066,attacker,FAMOUS,INSECT SPREAD,1,0.3383,-0.3383,0.0001,-0.3420
2067,random,CLOCK GENERATE FAMOUS ISOLATED BORDER ENCODE,SIGNAL,1,0.2846,-0.2846,0.1720,-0.3391
2068,attacker,FAMOUS,INSECT SPREAD,1,0.3383,-0.3383,0.0000,-0.3391
2069,random,NETWORK,SPREAD,1,0.2019,-0.2019,0.0032,-0.3322
2070,random,BROKEN,COMPUTER FALL,1,0.4596,-0.4596,-0.3606,-0.3386
2071,random,RULE GROW SPREAD SPREAD GROW,SPREAD,1,0.1548,-0.1548,0.0077,-0.3294
2072,random,CHAOTIC,NETWORK SPREAD,1,0.4884,-0.4884,-0.4228,-0.3374
2073,random,CORRUPTED LAW GROW SPREAD GROW GROW,SPREAD,1,0.2650,-0.2650,0.0027,-0.3337
2074,attacker,FAMOUS,INSECT SPREAD,1,0.3383,-0.3383,-0.0001,-0.3340
2075,attacker,FAMOUS,INSECT SPREAD,1,0.3383,-0.3383,-0.0001,-0.3342
2076,attacker,FAMOUS,INSECT SPREAD,1,0.3383,-0.3383,-0.0001,-0.3344
2077,attacker,FAMOUS,INSECT SPREAD,1,0.3383,-0.3383,-0.0001,-0.3346
2078,attacker,FAMOUS,INSECT SPREAD,1,0.3383,-0.3383,-0.0001,-0.3348
2079,attacker,FAMOUS,INSECT SPREAD,1,0.3383,-0.3383,-0.0001,-0.3349
2080,attacker,FAMOUS,INSECT SPREAD,1,0.3383,-0.3383,-0.0001,-0.3351
2081,attacker,FAMOUS,INSECT SPREAD,1,0.3383,-0.3383,-0.0001,-0.3353
2082,attacker,FAMOUS,INSECT SPREAD,1,0.3383,-0.3383,-0.0001,-0.3354
2083,attacker,FAMOUS,INSECT SPREAD,1,0.3383,-0.3383,-0.0001,-0.3356
2084,attacker,FAMOUS,INSECT SPREAD,1,0.3383,-0.3383,-0.0001,-0.3357
2085,attacker,FAMOUS,INSECT SPREAD,1,0.3383,-0.3383,-0.0001,-0.3358
2086,attacker,FAMOUS,INSECT SPREAD,1,0.3383,-0.3383,-0.0001,-0.3359
2087,attacker,FAMOUS,INSECT,0,1.2622,-1.2622,-5.9797,-0.3823
2088,attacker,FAMOUS,INSECT SPREAD,1,0.3383,-0.3383,0.0012,-0.3801
2089,random,CHOICE GROW,SPREAD,1,0.2221,-0.2221,0.0061,-0.3722
2090,attacker,FAMOUS,INSECT SPREAD,1,0.3383,-0.3383,0.0009,-0.3705
2091,attacker,FAMOUS,INSECT SPREAD,1,0.3383,-0.3383,0.0009,-0.3689
2092,attacker,FAMOUS,INSECT SPREAD,1,0.3383,-0.3383,0.0008,-0.3673
2093,attacker,FAMOUS,INSECT SPREAD,1,0.3383,-0.3383,0.0008,-0.3659
2094,attacker,FAMOUS,INSECT SPREAD,1,0.3383,-0.3383,0.0008,-0.3645
2095,random,DENSE PHONE MOVE CLEAN,SEED,1,0.3134,-0.3134,0.1149,-0.3619
2096,random,LANGUAGE SPREAD SPREAD SPREAD SPREAD SPREAD,SPREAD,1,0.1002,-0.1002,0.0098,-0.3489
2097,random,CORRUPTED,CAMERA FAIL,0,1.4879,-1.4879,-4.2538,-0.4058
2098,attacker,FAMOUS,INSECT SPREAD,1,0.3383,-0.3383,0.0019,-0.4024
2099,random,ACTIVE CAMERA UPDATE PLAN,BREAK SEED,1,0.3561,-0.3561,0.2766,-0.4001
2100,attacker,FAMOUS,INSECT SPREAD,1,0.3383,-0.3383,0.0017,-0.3970
2101,attacker,FAMOUS,INSECT GROW,1,0.3840,-0.3840,0.0587,-0.3964
2102,attacker,FAMOUS,INSECT SPREAD,1,0.3383,-0.3383,0.0016,-0.3935
2103,attacker,FAMOUS,INSECT SPREAD,1,0.3383,-0.3383,0.0016,-0.3907
2104,random,DIRTY WEAPON FALL,SPREAD,0,1.3771,-1.3771,-0.4090,-0.4400
2105,random,CROWD SPREAD,SPREAD,1,0.1101,-0.1101,0.2794,-0.4235
2106,attacker,FAMOUS,INSECT SPREAD,1,0.3383,-0.3383,0.0024,-0.4193
2107,random,CAMERA SEE GUARD,FAIL,1,0.2549,-0.2549,0.1510,-0.4110
2108,attacker,FAMOUS,INSECT SPREAD,1,0.3383,-0.3383,0.0020,-0.4074
2109,attacker,FAMOUS,INSECT SPREAD,1,0.3383,-0.3383,0.0019,-0.4040
2110,random,TIME GROW GROW,SPREAD,1,0.2231,-0.2231,0.0062,-0.3949
2111,attacker,FAMOUS,INSECT SPREAD,1,0.3383,-0.3383,0.0016,-0.3921
2112,attacker,FAMOUS,INSECT SPREAD,1,0.3383,-0.3383,0.0015,-0.3894
2113,attacker,FAMOUS,INSECT SPREAD,1,0.3383,-0.3383,0.0014,-0.3868
2114,random,TRAPPED,CROWD DULL CAMERA BURN,0,1.4423,-1.4423,-26.3684,-0.4396
2115,random,BORDER GROW,SPREAD,1,0.2066,-0.2066,0.0086,-0.4280
2116,attacker,FAMOUS,INSECT SPREAD,1,0.3383,-0.3383,0.0024,-0.4235
2117,attacker,FAMOUS,INSECT SPREAD,1,0.3383,-0.3383,0.0023,-0.4192
2118,random,SIGNAL SPREAD,SPREAD,1,0.1020,-0.1020,0.0116,-0.4034
2119,random,NETWORK SPREAD GROW,SPREAD,1,0.1549,-0.1549,0.0082,-0.3909
2120,attacker,FAMOUS,INSECT SPREAD,1,0.3383,-0.3383,0.0014,-0.3883
2121,random,CROWD,EAT INSECT,0,1.1760,-1.1760,-5.4772,-0.4277
2122,attacker,FAMOUS,INSECT SPREAD,1,0.3383,-0.3383,0.0024,-0.4232
2123,random,CAMERA FAIL FAIL SEE WEAPON FAIL,SPREAD,0,1.1995,-1.1995,-0.2925,-0.4620
2124,attacker,FAMOUS,INSECT SPREAD,1,0.3383,-0.3383,0.0033,-0.4558
2125,random,LANGUAGE GROW,SPREAD,1,0.2020,-0.2020,0.0093,-0.4431
2126,attacker,FAMOUS,INSECT SPREAD,1,0.3383,-0.3383,0.0028,-0.4379
2127,attacker,FAMOUS,INSECT SPREAD,1,0.3383,-0.3383,0.0026,-0.4329
2128,random,AUTOMATED TIME FAIL,SPREAD,1,0.2861,-0.2861,0.0080,-0.4256
2129,attacker,FAMOUS,INSECT SPREAD,1,0.3383,-0.3383,0.0023,-0.4212
2130,random,GUARD GROW GROW FALL,BURN,1,0.1830,-0.1830,0.0783,-0.4093
2131,random,SEED MOVE,CAT,1,0.2046,-0.2046,0.5085,-0.3991
2132,attacker,FAMOUS,INSECT SPREAD,1,0.3383,-0.3383,0.0015,-0.3960
2133,attacker,FAMOUS,INSECT SPREAD,1,0.3383,-0.3383,0.0015,-0.3931
2134,attacker,FAMOUS,INSECT SPREAD,1,0.3383,-0.3383,0.0014,-0.3904
2135,attacker,FAMOUS,INSECT SPREAD,1,0.3383,-0.3383,0.0013,-0.3878
2136,attacker,FAMOUS,INSECT SPREAD,1,0.3383,-0.3383,0.0012,-0.3853
2137,random,ROBOT SEE HEAVY SENSOR UPDATE,CHAOTIC COMPUTER,0,1.2398,-1.2398,-3.9668,-0.4280
2138,attacker,FAMOUS,INSECT SPREAD,1,0.3383,-0.3383,0.0022,-0.4236
2139,random,DORMANT POWER SPREAD SPREAD GROW,SPREAD,1,0.2521,-0.2521,0.0117,-0.4150
2140,attacker,FAMOUS,INSECT SPREAD,1,0.3383,-0.3383,0.0019,-0.4111
2141,attacker,FAMOUS,INSECT SPREAD,1,0.3383,-0.3383,0.0018,-0.4075
2142,attacker,FAMOUS,INSECT SPREAD,1,0.3383,-0.3383,0.0017,-0.4040
2143,attacker,FAMOUS,INSECT SPREAD,1,0.3383,-0.3383,0.0016,-0.4007
2144,random,CAMERA GENERATE,TRUTH FAIL,1,0.1785,-0.1785,1.5473,-0.3896
2145,attacker,FAMOUS,INSECT SPREAD,1,0.3383,-0.3383,0.0012,-0.3871
2146,attacker,FAMOUS,INSECT SPREAD,1,0.3383,-0.3383,0.0012,-0.3846
2147,attacker,FAMOUS,INSECT SPREAD,1,0.3383,-0.3383,0.0011,-0.3823
2148,attacker,FAMOUS,INSECT SPREAD,1,0.3383,-0.3383,0.0011,-0.3801
2149,attacker,FAMOUS,INSECT SPREAD,1,0.3383,-0.3383,0.0010,-0.3780
2150,attacker,FAMOUS,INSECT SPREAD,1,0.3383,-0.3383,0.0010,-0.3760
2151,attacker,FAMOUS,INSECT SPREAD SPREAD,1,0.3347,-0.3347,0.2440,-0.3740
2152,attacker,FAMOUS,INSECT SPREAD,1,0.3383,-0.3383,0.0009,-0.3722
2153,attacker,FAMOUS,INSECT SPREAD,1,0.3383,-0.3383,0.0009,-0.3705
2154,random,ISOLATED MAN CHOOSE,FREE RULE,0,1.3456,-1.3456,-10.2106,-0.4192
2155,attacker,FAMOUS,INSECT SPREAD,1,0.3383,-0.3383,0.0022,-0.4152
2156,attacker,FAMOUS,INSECT SPREAD,1,0.3383,-0.3383,0.0022,-0.4113
2157,attacker,FAMOUS,INSECT SPREAD,1,0.3383,-0.3383,0.0022,-0.4077
2158,random,POWER SPREAD SPREAD SPREAD SPREAD GROW,SPREAD,1,0.1513,-0.1513,0.0092,-0.3949
2159,attacker,FAMOUS,INSECT SPREAD,1,0.3383,-0.3383,0.0018,-0.3920
2160,attacker,FAMOUS,INSECT SPREAD,1,0.3383,-0.3383,0.0017,-0.3894
2161,attacker,FAMOUS,INSECT SPREAD,1,0.3383,-0.3383,0.0016,-0.3868
2162,attacker,FAMOUS,INSECT SPREAD,1,0.3383,-0.3383,0.0016,-0.3844
2163,random,DRONE FALL GENERATE,CHAOTIC SYSTEM,1,0.3283,-0.3283,0.3232,-0.3816
2164,random,DENSE,SEED BURN,1,0.3270,-0.3270,0.1288,-0.3788
2165,attacker,FAMOUS,INSECT SPREAD,1,0.3383,-0.3383,0.0013,-0.3768
2166,attacker,FAMOUS,INSECT SPREAD,1,0.3383,-0.3383,0.0013,-0.3749
2167,attacker,FAMOUS,INSECT SPREAD,1,0.3383,-0.3383,0.0012,-0.3731
2168,attacker,FAMOUS,INSECT SPREAD,1,0.3383,-0.3383,0.0011,-0.3713
2169,attacker,FAMOUS,INSECT SPREAD,1,0.3383,-0.3383,0.0011,-0.3697
2170,attacker,FAMOUS,INSECT SPREAD,1,0.3383,-0.3383,0.0010,-0.3681
2171,attacker,FAMOUS,INSECT SPREAD,1,0.3383,-0.3383,0.0009,-0.3666
2172,attacker,FAMOUS,INSECT SPREAD,1,0.3383,-0.3383,0.0009,-0.3652
2173,random,CROWD FORGET LIE,MOVE OBEDIENT SEED,0,1.3199,-1.3199,-9.5889,-0.4129
2174,attacker,FAMOUS,INSECT SPREAD,1,0.3383,-0.3383,0.0023,-0.4092
2175,random,SMALL,DRONE FAIL,1,0.4309,-0.4309,-0.0842,-0.4103
2176,random,CHOICE SPREAD GROW,SPREAD,1,0.1588,-0.1588,0.0079,-0.3977
2177,attacker,FAMOUS,INSECT SPREAD,1,0.3383,-0.3383,0.0018,-0.3947
2178,attacker,FAMOUS,INSECT SPREAD,1,0.3383,-0.3383,0.0016,-0.3919
2179,attacker,FAMOUS,INSECT SPREAD,1,0.3383,-0.3383,0.0015,-0.3892
2180,attacker,FAMOUS,INSECT SPREAD,1,0.3383,-0.3383,0.0014,-0.3867
2181,attacker,FAMOUS,INSECT SPREAD,1,0.3383,-0.3383,0.0013,-0.3843
2182,attacker,FAMOUS,INSECT SPREAD,1,0.3383,-0.3383,0.0013,-0.3820
2183,random,WEAPON SPREAD BURN,SPREAD,1,0.1716,-0.1716,0.0147,-0.3714
2184,attacker,FAMOUS,INSECT SPREAD,1,0.3383,-0.3383,0.0009,-0.3698
2185,attacker,FAMOUS,INSECT SPREAD,1,0.3383,-0.3383,0.0008,-0.3682
2186,attacker,FAMOUS,INSECT SPREAD,1,0.3383,-0.3383,0.0008,-0.3667
2187,random,TOOL,SPREAD,1,0.2565,-0.2565,0.0032,-0.3612
2188,attacker,FAMOUS,INSECT SPREAD,1,0.3383,-0.3383,0.0006,-0.3601
2189,attacker,FAMOUS,INSECT SPREAD,1,0.3383,-0.3383,0.0006,-0.3590
2190,random,VAST SIGNAL SPREAD GROW,SPREAD,1,0.2557,-0.2557,0.0041,-0.3538
2191,attacker,FAMOUS,INSECT SPREAD,1,0.3383,-0.3383,0.0004,-0.3530
2192,attacker,FAMOUS,INSECT SPREAD,1,0.3383,-0.3383,0.0004,-0.3523
2193,attacker,FAMOUS,INSECT SPREAD,1,0.3383,-0.3383,0.0003,-0.3516
2194,attacker,FAMOUS,INSECT SPREAD,1,0.3383,-0.3383,0.0003,-0.3509
2195,attacker,FAMOUS,INSECT SPREAD,1,0.3383,-0.3383,0.0003,-0.3503
2196,random,NETWORK,SPREAD,1,0.2019,-0.2019,0.0035,-0.3429
2197,attacker,FAMOUS,INSECT SPREAD,1,0.3383,-0.3383,0.0001,-0.3426
2198,attacker,FAMOUS,INSECT SPREAD,1,0.3383,-0.3383,0.0001,-0.3424
2199,attacker,FAMOUS,INSECT SPREAD,1,0.3383,-0.3383,0.0001,-0.3422
2200,random,LAW SPREAD SPREAD GROW SPREAD SPREAD,SPREAD,1,0.1502,-0.1502,0.0062,-0.3326
2201,attacker,FAMOUS,INSECT SPREAD,1,0.3383,-0.3383,-0.0001,-0.3329
2202,attacker,FAMOUS,INSECT SPREAD,1,0.3383,-0.3383,-0.0001,-0.3332
2203,attacker,FAMOUS,INSECT SPREAD,1,0.3383,-0.3383,-0.0001,-0.3334
2204,random,VAST LIE SPREAD,GROW,1,0.3472,-0.3472,-0.0542,-0.3341
2205,attacker,FAMOUS,INSECT SPREAD,1,0.3383,-0.3383,-0.0001,-0.3343
2206,random,WEAK DOG HEAR,FAMOUS INSECT,1,0.2126,-0.2126,0.5870,-0.3282
2207,attacker,FAMOUS,INSECT SPREAD,1,0.3383,-0.3383,-0.0002,-0.3287
2208,random,SHARP SEED,FALL,1,0.3127,-0.3127,0.0288,-0.3279
2209,attacker,FAMOUS,INSECT SPREAD,1,0.3383,-0.3383,-0.0002,-0.3285
2210,random,SECRET,INSECT SPREAD,0,1.4276,-1.4276,-0.7904,-0.3834
2211,random,REBELLIOUS SOLDIER MOVE PRISON BUILD TRUSTED,INSECT,0,1.2821,-1.2821,-0.7804,-0.4283
2212,attacker,FAMOUS,INSECT SPREAD,1,0.3383,-0.3383,0.0021,-0.4238
2213,random,DULL NETWORK GROW SPREAD GROW GROW,SPREAD,1,0.2635,-0.2635,0.0059,-0.4158
2214,random,DEBT GROW GROW,SPREAD,1,0.2127,-0.2127,0.0054,-0.4057
2215,attacker,FAMOUS,INSECT SPREAD,1,0.3383,-0.3383,0.0016,-0.4023
2216,attacker,FAMOUS,INSECT SPREAD,1,0.3383,-0.3383,0.0015,-0.3991
2217,attacker,FAMOUS,INSECT SPREAD,1,0.3383,-0.3383,0.0014,-0.3961
2218,attacker,FAMOUS,INSECT SPREAD,1,0.3383,-0.3383,0.0014,-0.3932
2219,attacker,FAMOUS,INSECT SPREAD,1,0.3383,-0.3383,0.0013,-0.3904
2220,random,POWER SPREAD,SPREAD,1,0.1045,-0.1045,0.0091,-0.3761
2221,attacker,FAMOUS,INSECT SPREAD,1,0.3383,-0.3383,0.0009,-0.3742
2222,attacker,FAMOUS,INSECT SPREAD,1,0.3383,-0.3383,0.0008,-0.3724
2223,random,METAL BURN FALL,BURN,1,0.1346,-0.1346,0.0225,-0.3605
2224,attacker,FAMOUS,INSECT SPREAD,1,0.3383,-0.3383,0.0005,-0.3594
2225,attacker,FAMOUS,INSECT SPREAD,1,0.3383,-0.3383,0.0005,-0.3584
2226,attacker,FAMOUS,INSECT SPREAD,1,0.3383,-0.3383,0.0005,-0.3574
2227,attacker,FAMOUS,INSECT SPREAD,1,0.3383,-0.3383,0.0004,-0.3564
2228,attacker,FAMOUS,INSECT SPREAD,1,0.3383,-0.3383,0.0004,-0.3555
2229,random,SIMPLE,COMPUTER MOVE ACTIVE SEED,1,0.4588,-0.4588,-1.0650,-0.3607
2230,random,PATTERN FAIL SPREAD,SPREAD,1,0.1471,-0.1471,0.0063,-0.3500
2231,attacker,FAMOUS,INSECT SPREAD,1,0.3383,-0.3383,0.0003,-0.3494
2232,attacker,FAMOUS,INSECT SPREAD,1,0.3383,-0.3383,0.0003,-0.3489
2233,attacker,FAMOUS,INSECT SPREAD,1,0.3383,-0.3383,0.0002,-0.3483
2234,attacker,FAMOUS,INSECT SPREAD,1,0.3383,-0.3383,0.0002,-0.3478
2235,attacker,FAMOUS,INSECT SPREAD,1,0.3383,-0.3383,0.0002,-0.3473
2236,attacker,FAMOUS,INSECT SPREAD,1,0.3383,-0.3383,0.0002,-0.3469
2237,random,SMALL MAN BETRAY,HORSE,1,0.2957,-0.2957,0.1700,-0.3443
2238,attacker,FAMOUS,INSECT SPREAD,1,0.3383,-0.3383,0.0001,-0.3440
2239,random,CHAOTIC,CAMERA FALL,1,0.4492,-0.4492,-0.3091,-0.3493
2240,random,BORDER,SPREAD,1,0.2010,-0.2010,0.0031,-0.3419
2241,attacker,FAMOUS,INSECT SPREAD,1,0.3383,-0.3383,0.0001,-0.3417
2242,attacker,FAMOUS,INSECT SPREAD,1,0.3383,-0.3383,0.0001,-0.3415
2243,attacker,FAMOUS,INSECT SPREAD,1,0.3383,-0.3383,0.0001,-0.3414
2244,attacker,FAMOUS,INSECT SPREAD,1,0.3383,-0.3383,0.0001,-0.3412
2245,attacker,FAMOUS,INSECT SPREAD,1,0.3383,-0.3383,0.0001,-0.3411
2246,attacker,FAMOUS,INSECT SPREAD,1,0.3383,-0.3383,0.0001,-0.3409
2247,random,CLOCK,COMPUTE SYSTEM,0,1.2280,-1.2280,-4.0266,-0.3853
2248,attacker,FAMOUS,INSECT SPREAD,1,0.3383,-0.3383,0.0011,-0.3829
2249,attacker,DIRTY,SOLDIER CARRY DENSE FIRE,1,0.4239,-0.4239,-0.4942,-0.3850
2250,attacker,FAMOUS,INSECT SPREAD,1,0.3383,-0.3383,0.0010,-0.3826
2251,attacker,FAMOUS,INSECT SPREAD,1,0.3383,-0.3383,0.0010,-0.3804
2252,attacker,FAMOUS,INSECT SPREAD,1,0.3383,-0.3383,0.0009,-0.3783
2253,attacker,FAMOUS,INSECT SPREAD,1,0.3383,-0.3383,0.0009,-0.3763
2254,random,WATER FALL BURN BURN,BURN,1,0.1340,-0.1340,0.0156,-0.3642
2255,attacker,DORMANT,CHOICE SPREAD,1,0.4584,-0.4584,-0.4054,-0.3689
2256,random,FAST HORSE GROW GROW,BURN,1,0.2768,-0.2768,0.0296,-0.3643
2257,random,ACTIVE CAT FALL,BURN,1,0.2797,-0.2797,0.0092,-0.3601
2258,attacker,FAMOUS,INSECT SPREAD,1,0.3383,-0.3383,0.0005,-0.3590
2259,random,SYSTEM,SPREAD,1,0.2105,-0.2105,0.0032,-0.3516
2260,attacker,FAMOUS,INSECT SPREAD,1,0.3383,-0.3383,0.0003,-0.3509
2261,random,VAST,INSECT SPREAD,1,0.3310,-0.3310,0.0348,-0.3499
2262,attacker,FAMOUS,INSECT SPREAD,1,0.3383,-0.3383,0.0003,-0.3493
2263,random,METAL,BURN,1,0.2030,-0.2030,0.0338,-0.3420
2264,attacker,FAMOUS,INSECT SPREAD,1,0.3383,-0.3383,0.0001,-0.3418
2265,attacker,FAMOUS,INSECT SPREAD,1,0.3383,-0.3383,0.0001,-0.3416
2266,random,VAST WEAPON,SPREAD,0,1.3414,-1.3414,-0.4659,-0.3916
2267,attacker,FAMOUS,INSECT SPREAD,1,0.3383,-0.3383,0.0012,-0.3890
2268,attacker,FAMOUS,INSECT SPREAD,1,0.3383,-0.3383,0.0011,-0.3864
2269,random,SIGNAL FAIL FAIL GROW GROW SPREAD,SPREAD,1,0.1744,-0.1744,0.0066,-0.3758
2270,attacker,FAMOUS,INSECT SPREAD,1,0.3383,-0.3383,0.0008,-0.3739
2271,attacker,FAMOUS,INSECT SPREAD,1,0.3383,-0.3383,0.0008,-0.3722
2272,attacker,FAMOUS,INSECT SPREAD,1,0.3383,-0.3383,0.0007,-0.3705
2273,attacker,FAMOUS,INSECT SPREAD,1,0.3383,-0.3383,0.0007,-0.3689
2274,attacker,FAMOUS,INSECT SPREAD,1,0.3383,-0.3383,0.0007,-0.3673
2275,attacker,FAMOUS,INSECT SPREAD,1,0.3383,-0.3383,0.0006,-0.3659
2276,attacker,FAMOUS,INSECT SPREAD,1,0.3383,-0.3383,0.0006,-0.3645
2277,attacker,FAMOUS,INSECT SPREAD,1,0.3383,-0.3383,0.0006,-0.3632
2278,attacker,FAMOUS,INSECT SPREAD,1,0.3383,-0.3383,0.0005,-0.3619
2279,random,MAP GROW,SPREAD,1,0.2238,-0.2238,0.0049,-0.3550
2280,attacker,FAMOUS,INSECT SPREAD,1,0.3383,-0.3383,0.0004,-0.3542
2281,attacker,FAMOUS,INSECT SPREAD,1,0.3383,-0.3383,0.0003,-0.3534
2282,attacker,FAMOUS,INSECT SPREAD,1,0.3383,-0.3383,0.0003,-0.3526
2283,random,STRONG WOOD,BURN,1,0.3049,-0.3049,0.0207,-0.3503
2284,attacker,FAMOUS,INSECT SPREAD,1,0.3383,-0.3383,0.0003,-0.3497
2285,random,FEAR GROW SPREAD GROW,SPREAD,1,0.1614,-0.1614,0.0059,-0.3402
2286,random,SENSOR,FAIL,1,0.2216,-0.2216,0.0822,-0.3343
2287,attacker,FAMOUS,INSECT SPREAD,1,0.3383,-0.3383,-0.0001,-0.3345
2288,attacker,FAMOUS,INSECT SPREAD,1,0.3383,-0.3383,-0.0001,-0.3347
2289,attacker,FAMOUS,INSECT SPREAD,1,0.3383,-0.3383,-0.0001,-0.3349
2290,attacker,FAMOUS,INSECT SPREAD,1,0.3383,-0.3383,-0.0001,-0.3350
2291,attacker,FAMOUS,INSECT SPREAD,1,0.3383,-0.3383,-0.0001,-0.3352
2292,attacker,FAMOUS,INSECT SPREAD,1,0.3383,-0.3383,-0.0001,-0.3354
2293,attacker,FAMOUS,INSECT SPREAD,1,0.3383,-0.3383,-0.0001,-0.3355
2294,random,CHILD,FALL,1,0.2184,-0.2184,0.0581,-0.3296
2295,attacker,FAMOUS,INSECT SPREAD,1,0.3383,-0.3383,-0.0002,-0.3301
2296,random,ANGRY,WOLF FALL,1,0.4000,-0.4000,-0.1864,-0.3336
2297,attacker,FAMOUS,INSECT SPREAD,1,0.3383,-0.3383,-0.0001,-0.3338
2298,attacker,FAMOUS,INSECT SPREAD,1,0.3383,-0.3383,-0.0001,-0.3340
2299,attacker,FAMOUS,INSECT SPREAD,1,0.3383,-0.3383,-0.0001,-0.3342
2300,attacker,FAMOUS,INSECT SPREAD,1,0.3383,-0.3383,-0.0001,-0.3344
2301,attacker,FAMOUS,INSECT SPREAD,1,0.3383,-0.3383,-0.0001,-0.3346
2302,attacker,FAMOUS,INSECT SPREAD,1,0.3383,-0.3383,-0.0001,-0.3348
2303,random,SHARP,BIRD FALL,1,0.3360,-0.3360,-0.0053,-0.3349
2304,random,PATTERN,SPREAD,1,0.2312,-0.2312,0.0024,-0.3297
2305,attacker,FAMOUS,INSECT SPREAD,1,0.3383,-0.3383,-0.0002,-0.3301
2306,attacker,FAMOUS,INSECT SPREAD,1,0.3383,-0.3383,-0.0002,-0.3305
2307,random,PATTERN,SPREAD,1,0.2312,-0.2312,0.0022,-0.3256
2308,random,WEAK ELDER HEAR CROWD GROW,SENSOR,0,1.3292,-1.3292,-6.0274,-0.3757
2309,attacker,FAMOUS,INSECT SPREAD,1,0.3383,-0.3383,0.0008,-0.3739
2310,attacker,FAMOUS,INSECT SPREAD,1,0.3383,-0.3383,0.0008,-0.3721
2311,random,ACTIVE CAR ENCODE DULL SMALL KEY,FALL,1,0.3663,-0.3663,0.0017,-0.3718
2312,attacker,FAMOUS,INSECT SPREAD,1,0.3383,-0.3383,0.0008,-0.3701
2313,random,ASHAMED WOMAN SEE,BIRD,1,0.2801,-0.2801,0.3139,-0.3656
2314,random,COMPUTER,FAIL,1,0.2228,-0.2228,0.2668,-0.3585
2315,random,RULE GROW,SPREAD,1,0.2066,-0.2066,0.0047,-0.3509
2316,attacker,FAMOUS,INSECT SPREAD,1,0.3383,-0.3383,0.0003,-0.3503
2317,random,REBELLIOUS GUARD WANT SIGNAL BUILD,WOOD,1,0.3405,-0.3405,0.0358,-0.3498
2318,random,METAL FALL FALL BURN FALL BURN,BURN,1,0.1345,-0.1345,0.0137,-0.3390
2319,attacker,FAMOUS,INSECT SPREAD,1,0.3383,-0.3383,0.0000,-0.3390
2320,random,OUTCAST,ELDER FALL,1,0.4584,-0.4584,-0.1471,-0.3449
2321,attacker,FAMOUS,INSECT SPREAD,1,0.3383,-0.3383,0.0002,-0.3446
2322,attacker,FAMOUS,FIRE SPREAD,0,1.3537,-1.3537,-8.2371,-0.3951
2323,attacker,FAMOUS,INSECT SPREAD,1,0.3383,-0.3383,0.0014,-0.3922
2324,attacker,FAMOUS,INSECT SPREAD,1,0.3383,-0.3383,0.0013,-0.3895
2325,attacker,FAMOUS,INSECT SPREAD,1,0.3383,-0.3383,0.0013,-0.3870
2326,attacker,FAMOUS,INSECT SPREAD,1,0.3383,-0.3383,0.0012,-0.3845
2327,attacker,FAMOUS,INSECT SPREAD,1,0.3383,-0.3383,0.0011,-0.3822
2328,attacker,FAMOUS,INSECT SPREAD,1,0.3383,-0.3383,0.0011,-0.3800
2329,random,WEAK,MAN FALL,1,0.4904,-0.4904,-0.5625,-0.3855
2330,attacker,FAMOUS,INSECT SPREAD,1,0.3383,-0.3383,0.0011,-0.3832
2331,attacker,FAMOUS,INSECT SPREAD,1,0.3383,-0.3383,0.0011,-0.3809
2332,attacker,FAMOUS,INSECT SPREAD,1,0.3383,-0.3383,0.0010,-0.3788
2333,attacker,FAMOUS,INSECT SPREAD,1,0.3383,-0.3383,0.0010,-0.3768
2334,random,TRUTH GROW SPREAD,SPREAD,1,0.1516,-0.1516,0.0064,-0.3655
2335,random,NETWORK HEAR,DEBT,1,0.2156,-0.2156,0.8089,-0.3580
2336,attacker,FAMOUS,INSECT SPREAD,1,0.3383,-0.3383,0.0005,-0.3570
2337,attacker,FAMOUS,INSECT SPREAD,1,0.3383,-0.3383,0.0004,-0.3561
2338,random,DENSE POISON,BURN,1,0.3020,-0.3020,0.0142,-0.3534
2339,random,STONE BURN BURN,BURN,1,0.1004,-0.1004,0.0156,-0.3407
2340,random,TRUSTED,INSECT SPREAD,1,0.3366,-0.3366,0.0004,-0.3405
2341,attacker,FAMOUS,INSECT SPREAD,1,0.3383,-0.3383,0.0001,-0.3404
2342,attacker,FAMOUS,INSECT SPREAD,1,0.3383,-0.3383,0.0000,-0.3403
2343,attacker,FAMOUS,INSECT SPREAD,1,0.3383,-0.3383,0.0000,-0.3402
2344,random,FIRE FALL MOVE,GUARD FALL,1,0.1391,-0.1391,1.4373,-0.3302
2345,attacker,FAMOUS,INSECT SPREAD,1,0.3383,-0.3383,-0.0002,-0.3306
2346,random,LEADER,SEE CROWD,1,0.1093,-0.1093,1.6877,-0.3195
2347,attacker,FAMOUS,INSECT SPREAD,1,0.3383,-0.3383,-0.0004,-0.3204
2348,attacker,FAMOUS,INSECT SPREAD,1,0.3383,-0.3383,-0.0004,-0.3213
2349,attacker,FAMOUS,INSECT SPREAD,1,0.3383,-0.3383,-0.0004,-0.3222
2350,random,CALM,CHILD BURN,1,0.3857,-0.3857,-0.2718,-0.3254
2351,attacker,FAMOUS,INSECT SPREAD,1,0.3383,-0.3383,-0.0003,-0.3260
2352,random,SAD CROWD SPREAD BURN SPREAD SEE,SECRET HORSE,1,0.2555,-0.2555,0.4857,-0.3225
2353,attacker,FAMOUS,INSECT SPREAD,1,0.3383,-0.3383,-0.0003,-0.3233
2354,attacker,FAMOUS,INSECT SPREAD,1,0.3383,-0.3383,-0.0003,-0.3240
2355,attacker,FAMOUS,INSECT SPREAD,1,0.3383,-0.3383,-0.0003,-0.3247
2356,random,HORSE SEE BOOK ATTACK WOMAN WANT,BOOK,1,0.1787,-0.1787,0.6476,-0.3174
2357,attacker,FAMOUS,INSECT SPREAD,1,0.3383,-0.3383,-0.0005,-0.3185
2358,random,INSECT SPREAD SPREAD HEAR GUARD SPREAD,SPREAD,1,0.1572,-0.1572,0.0047,-0.3104
2359,attacker,FAMOUS,INSECT SPREAD,1,0.3383,-0.3383,-0.0006,-0.3118
2360,random,BOOK FALL BURN,SPREAD,1,0.2409,-0.2409,0.0113,-0.3083
2361,attacker,FAMOUS,INSECT SPREAD,1,0.3383,-0.3383,-0.0007,-0.3098
2362,attacker,FAMOUS,INSECT SPREAD,1,0.3383,-0.3383,-0.0006,-0.3112
2363,attacker,FAMOUS,INSECT SPREAD,1,0.3383,-0.3383,-0.0006,-0.3125
2364,random,SOLDIER,FALL,1,0.2304,-0.2304,0.0685,-0.3084
2365,attacker,FAMOUS,INSECT SPREAD,1,0.3383,-0.3383,-0.0007,-0.3099
2366,random,SEED MOVE OPTIMAL KEY GROW GROW,SPREAD,1,0.3398,-0.3398,-0.0067,-0.3114
2367,random,LEADER SEE FAMOUS,INSECT,1,0.2752,-0.2752,0.0075,-0.3096
2368,attacker,FAMOUS,INSECT SPREAD,1,0.3383,-0.3383,-0.0007,-0.3110
2369,attacker,FAMOUS,INSECT SPREAD,1,0.3383,-0.3383,-0.0006,-0.3124
2370,random,WOLF ATTACK TRAPPED BIG WOMAN HEAR,COMPLEX INSECT,1,0.2626,-0.2626,0.1987,-0.3099
2371,attacker,FAMOUS,INSECT SPREAD,1,0.3383,-0.3383,-0.0007,-0.3113
2372,random,LIE GROW,SPREAD,1,0.2090,-0.2090,0.0032,-0.3062
2373,attacker,FAMOUS,INSECT SPREAD,1,0.3383,-0.3383,-0.0008,-0.3078
2374,attacker,FAMOUS,INSECT SPREAD,1,0.3383,-0.3383,-0.0007,-0.3093
2375,attacker,FAMOUS,INSECT SPREAD,1,0.3383,-0.3383,-0.0007,-0.3108
2376,random,ROBOT UPDATE ALGORITHM,FALL,1,0.2800,-0.2800,0.0226,-0.3092
2377,attacker,FAMOUS,INSECT SPREAD,1,0.3383,-0.3383,-0.0007,-0.3107
2378,attacker,FAMOUS,INSECT SPREAD,1,0.3383,-0.3383,-0.0007,-0.3121
2379,attacker,FAMOUS,INSECT SPREAD,1,0.3383,-0.3383,-0.0006,-0.3134
2380,attacker,FAMOUS,INSECT SPREAD,1,0.3383,-0.3383,-0.0006,-0.3146
2381,attacker,FAMOUS,INSECT SPREAD,1,0.3383,-0.3383,-0.0006,-0.3158
2382,attacker,FAMOUS,INSECT SPREAD,1,0.3383,-0.3383,-0.0005,-0.3169
2383,attacker,FAMOUS,INSECT SPREAD,1,0.3383,-0.3383,-0.0005,-0.3180
2384,attacker,FAMOUS,INSECT SPREAD,1,0.3383,-0.3383,-0.0005,-0.3190
2385,attacker,FAMOUS,INSECT SPREAD,1,0.3383,-0.3383,-0.0005,-0.3200
2386,attacker,FAMOUS,INSECT SPREAD,1,0.3383,-0.3383,-0.0005,-0.3209
2387,attacker,FAMOUS,INSECT SPREAD,1,0.3383,-0.3383,-0.0004,-0.3218
2388,attacker,FAMOUS,INSECT SPREAD,1,0.3383,-0.3383,-0.0004,-0.3226
2389,attacker,FAMOUS,INSECT SPREAD,1,0.3383,-0.3383,-0.0004,-0.3234
2390,random,LEADER MOVE POISON BURN BURN MOVE,SEED FALL,1,0.1599,-0.1599,0.7506,-0.3152
2391,attacker,FAMOUS,INSECT SPREAD,1,0.3383,-0.3383,-0.0006,-0.3164
2392,attacker,FAMOUS,INSECT SPREAD,1,0.3383,-0.3383,-0.0006,-0.3174
2393,attacker,FAMOUS,INSECT SPREAD,1,0.3383,-0.3383,-0.0005,-0.3185
2394,attacker,FAMOUS,INSECT SPREAD,1,0.3383,-0.3383,-0.0005,-0.3195
2395,attacker,FAMOUS,INSECT SPREAD,1,0.3383,-0.3383,-0.0005,-0.3204
2396,random,WOOD,BURN,1,0.2030,-0.2030,0.0187,-0.3145
2397,attacker,FAMOUS,INSECT SPREAD,1,0.3383,-0.3383,-0.0006,-0.3157
2398,random,SHARP,FIRE BURN,1,0.3134,-0.3134,0.0080,-0.3156
2399,random,MEMORY,SPREAD,1,0.2046,-0.2046,0.0033,-0.3101
2400,random,DORMANT CHOICE,SPREAD,1,0.3170,-0.3170,-0.0001,-0.3104
2401,attacker,FAMOUS,INSECT SPREAD,1,0.3383,-0.3383,-0.0007,-0.3118
2402,attacker,FAMOUS,INSECT SPREAD,1,0.3383,-0.3383,-0.0007,-0.3131
2403,attacker,FAMOUS,INSECT SPREAD,1,0.3383,-0.3383,-0.0007,-0.3144
2404,attacker,FAMOUS,INSECT SPREAD,1,0.3383,-0.3383,-0.0006,-0.3156
2405,attacker,FAMOUS,INSECT SPREAD,1,0.3383,-0.3383,-0.0006,-0.3167
2406,attacker,FAMOUS,INSECT SPREAD,1,0.3383,-0.3383,-0.0006,-0.3178
2407,random,BROKEN,GUARD FALL,1,0.4435,-0.4435,-0.2139,-0.3241
2408,attacker,FAMOUS,INSECT SPREAD,1,0.3383,-0.3383,-0.0004,-0.3248
2409,random,KEY FAIL GROW SPREAD FAIL SPREAD,SPREAD,1,0.1682,-0.1682,0.0047,-0.3170
2410,random,AUTOMATED,CAR COMPUTE ORDERED PATTERN,1,0.2053,-0.2053,1.2774,-0.3114
2411,random,SEED BURN FALL,BURN,1,0.1339,-0.1339,0.0702,-0.3025
2412,random,OBEDIENT CHILD BURN,BURN,1,0.2066,-0.2066,0.0430,-0.2977
2413,random,SIGNAL SPREAD GROW,SPREAD,1,0.1548,-0.1548,0.0038,-0.2906
2414,random,OPTIMAL DEBT,SPREAD,1,0.3044,-0.3044,-0.0003,-0.2913
2415,random,ROBOT HEAR WATER UPDATE OPTIMAL KEY,FALL,1,0.3401,-0.3401,-0.0154,-0.2937
2416,attacker,FAMOUS,INSECT SPREAD,1,0.3383,-0.3383,-0.0011,-0.2959
2417,attacker,FAMOUS,INSECT SPREAD,1,0.3383,-0.3383,-0.0010,-0.2980
2418,random,WOOD FALL,BURN,1,0.1697,-0.1697,0.0104,-0.2916
2419,attacker,FAMOUS,INSECT SPREAD,1,0.3383,-0.3383,-0.0011,-0.2940
2420,attacker,FAMOUS,INSECT SPREAD,1,0.3383,-0.3383,-0.0011,-0.2962
2421,attacker,FAMOUS,INSECT SPREAD,1,0.3383,-0.3383,-0.0010,-0.2983
2422,attacker,FAMOUS,INSECT SPREAD,1,0.3383,-0.3383,-0.0009,-0.3003
2423,attacker,FAMOUS,INSECT SPREAD,1,0.3383,-0.3383,-0.0009,-0.3022
2424,random,LANGUAGE GROW SPREAD GROW GROW,SPREAD,1,0.1594,-0.1594,0.0053,-0.2950
2425,attacker,FAMOUS,INSECT SPREAD,1,0.3383,-0.3383,-0.0010,-0.2972
2426,attacker,FAMOUS,INSECT SPREAD,1,0.3383,-0.3383,-0.0010,-0.2993
2427,attacker,FAMOUS,INSECT SPREAD,1,0.3383,-0.3383,-0.0009,-0.3012
2428,attacker,FAMOUS,INSECT SPREAD,1,0.3383,-0.3383,-0.0009,-0.3031
2429,attacker,FAMOUS,INSECT SPREAD,1,0.3383,-0.3383,-0.0008,-0.3048
2430,random,FAST STRANGER BUILD ISOLATED,CROWD,0,1.2353,-1.2353,-1.4263,-0.3513
2431,random,MAP FALL FAIL,SPREAD,1,0.1990,-0.1990,0.0059,-0.3437
2432,attacker,FAMOUS,INSECT SPREAD,1,0.3383,-0.3383,0.0001,-0.3435
2433,attacker,FAMOUS,INSECT SPREAD,1,0.3383,-0.3383,0.0001,-0.3432
2434,attacker,FAMOUS,INSECT SPREAD,1,0.3383,-0.3383,0.0001,-0.3430
2435,attacker,FAMOUS,INSECT SPREAD,1,0.3383,-0.3383,0.0001,-0.3427
2436,attacker,FAMOUS,INSECT SPREAD,1,0.3383,-0.3383,0.0001,-0.3425
2437,random,WOLF THINK,SMALL DENSE CHILD,0,1.2804,-1.2804,-12.4614,-0.3894
2438,attacker,FAMOUS,INSECT SPREAD,1,0.3383,-0.3383,0.0012,-0.3868
2439,attacker,FAMOUS,INSECT SPREAD,1,0.3383,-0.3383,0.0012,-0.3844
2440,attacker,FAMOUS,INSECT SPREAD,1,0.3383,-0.3383,0.0011,-0.3821
2441,attacker,FAMOUS,INSECT SPREAD,1,0.3383,-0.3383,0.0010,-0.3799
2442,random,STONE BURN BURN,BURN,1,0.1004,-0.1004,0.0167,-0.3659
2443,attacker,FAMOUS,INSECT SPREAD,1,0.3383,-0.3383,0.0007,-0.3646
2444,attacker,FAMOUS,INSECT SPREAD,1,0.3383,-0.3383,0.0006,-0.3632
2445,attacker,FAMOUS,INSECT SPREAD,1,0.3383,-0.3383,0.0006,-0.3620
2446,attacker,FAMOUS,INSECT SPREAD,1,0.3383,-0.3383,0.0006,-0.3608
2447,attacker,FAMOUS,INSECT SPREAD,1,0.3383,-0.3383,0.0005,-0.3597
2448,attacker,FAMOUS,INSECT SPREAD,1,0.3383,-0.3383,0.0005,-0.3586
2449,random,CORRUPTED LANGUAGE GROW SPREAD,SPREAD,1,0.2527,-0.2527,0.0059,-0.3533
2450,attacker,FAMOUS,INSECT GROW,1,0.3840,-0.3840,-0.1467,-0.3548
2451,attacker,FAMOUS,INSECT SPREAD,1,0.3383,-0.3383,0.0004,-0.3540
2452,attacker,FAMOUS,INSECT SPREAD,1,0.3383,-0.3383,0.0004,-0.3532
2453,attacker,FAMOUS,INSECT SPREAD,1,0.3383,-0.3383,0.0003,-0.3525
2454,attacker,FAMOUS,INSECT SPREAD,1,0.3383,-0.3383,0.0003,-0.3518
2455,attacker,FAMOUS,INSECT SPREAD,1,0.3383,-0.3383,0.0003,-0.3511
2456,random,DEAD LEADER FALL GROW GROW SPREAD,BURN,1,0.2919,-0.2919,0.0140,-0.3481
2457,random,BIG,DRONE FALL,1,0.3198,-0.3198,0.1110,-0.3467
2458,attacker,FAMOUS,INSECT SPREAD,1,0.3383,-0.3383,0.0002,-0.3463
2459,attacker,FAMOUS,INSECT SPREAD,1,0.3383,-0.3383,0.0002,-0.3459
2460,attacker,FAMOUS,INSECT SPREAD,1,0.3383,-0.3383,0.0002,-0.3455
2461,random,TRUTH SPREAD,SPREAD,1,0.1020,-0.1020,0.0078,-0.3333
2462,attacker,FAMOUS,INSECT SPREAD,1,0.3383,-0.3383,-0.0001,-0.3336
2463,attacker,FAMOUS,INSECT SPREAD,1,0.3383,-0.3383,-0.0001,-0.3338
2464,random,TIME,SPREAD,1,0.2027,-0.2027,0.0031,-0.3273
2465,attacker,FAMOUS,INSECT SPREAD,1,0.3383,-0.3383,-0.0002,-0.3278
2466,random,ALGORITHM FAIL FAIL FAIL GROW SPREAD,SPREAD,1,0.1809,-0.1809,0.0039,-0.3205
2467,attacker,FAMOUS,INSECT SPREAD,1,0.3383,-0.3383,-0.0004,-0.3214
2468,attacker,FAMOUS,INSECT SPREAD,1,0.3383,-0.3383,-0.0004,-0.3222
2469,random,FAST,WEAPON SPREAD,0,1.3592,-1.3592,-6.6246,-0.3741
2470,attacker,FAMOUS,INSECT SPREAD,1,0.3383,-0.3383,0.0008,-0.3723
2471,attacker,FAMOUS,INSECT SPREAD,1,0.3383,-0.3383,0.0007,-0.3706
2472,attacker,FAMOUS,INSECT SPREAD,1,0.3383,-0.3383,0.0007,-0.3690
2473,random,GUARD GROW,BURN,1,0.1825,-0.1825,0.0446,-0.3596
2474,random,LAW GROW GROW GROW SPREAD SPREAD,SPREAD,1,0.1563,-0.1563,0.0059,-0.3495
2475,random,MEMORY GROW FAIL GROW,SPREAD,1,0.1997,-0.1997,0.0041,-0.3420
2476,random,POISON BURN,SPREAD,1,0.2433,-0.2433,0.0171,-0.3370
2477,random,CONNECTED CAT EAT,WATER,1,0.3188,-0.3188,0.0618,-0.3361
2478,random,HEAVY MAP FALL GROW BURN,BURN,1,0.2519,-0.2519,0.0060,-0.3319
2479,attacker,FAMOUS,INSECT SPREAD,1,0.3383,-0.3383,-0.0001,-0.3322
2480,attacker,FAMOUS,INSECT SPREAD,1,0.3383,-0.3383,-0.0001,-0.3325
2481,random,CALM CHILD BURN,BURN,1,0.2106,-0.2106,0.0131,-0.3264
2482,random,DULL LEADER,FORGET DEBT,1,0.3267,-0.3267,-0.0018,-0.3264
2483,attacker,FAMOUS,INSECT SPREAD,1,0.3383,-0.3383,-0.0003,-0.3270
2484,attacker,FAMOUS,INSECT SPREAD,1,0.3383,-0.3383,-0.0003,-0.3276
2485,random,HAPPY,CHILD IMAGINE LIE,0,1.3171,-1.3171,-9.0202,-0.3771
2486,attacker,FAMOUS,INSECT SPREAD,1,0.3383,-0.3383,0.0009,-0.3751
2487,attacker,FAMOUS,INSECT SPREAD,1,0.3383,-0.3383,0.0009,-0.3733
2488,attacker,FAMOUS,INSECT SPREAD,1,0.3383,-0.3383,0.0009,-0.3715
2489,attacker,FAMOUS,INSECT SPREAD,1,0.3383,-0.3383,0.0008,-0.3699
2490,random,CORRUPTED PHONE MOVE ROBOT,SEE ENCRYPTED INSECT,0,1.2708,-1.2708,-11.1133,-0.4149
2491,attacker,FAMOUS,INSECT SPREAD,1,0.3383,-0.3383,0.0019,-0.4111
2492,random,ALGORITHM SPREAD GROW SPREAD SPREAD GROW,SPREAD,1,0.1567,-0.1567,0.0068,-0.3984
2493,attacker,FAMOUS,INSECT SPREAD,1,0.3383,-0.3383,0.0015,-0.3954
2494,attacker,FAMOUS,INSECT SPREAD,1,0.3383,-0.3383,0.0014,-0.3925
2495,attacker,FAMOUS,INSECT SPREAD,1,0.3383,-0.3383,0.0013,-0.3898
2496,attacker,FAMOUS,INSECT SPREAD,1,0.3383,-0.3383,0.0012,-0.3872
2497,attacker,FAMOUS,INSECT SPREAD,1,0.3383,-0.3383,0.0011,-0.3848
2498,random,LANGUAGE GROW SPREAD GROW GROW,SPREAD,1,0.1594,-0.1594,0.0073,-0.3735
2499,attacker,FAMOUS,INSECT SPREAD,1,0.3383,-0.3383,0.0008,-0.3717
2500,attacker,FAMOUS,INSECT SPREAD,1,0.3383,-0.3383,0.0008,-0.3701
2501,random,TRUSTED KEY,HEAR LANGUAGE,1,0.3074,-0.3074,0.4553,-0.3669
2502,random,PROUD STRANGER TALK EAT WATER FORGET,DEBT,1,0.3619,-0.3619,0.0162,-0.3667
2503,attacker,FAMOUS,INSECT SPREAD,1,0.3383,-0.3383,0.0006,-0.3653
2504,attacker,FAMOUS,INSECT SPREAD,1,0.3383,-0.3383,0.0006,-0.3639
2505,attacker,FAMOUS,INSECT SPREAD,1,0.3383,-0.3383,0.0006,-0.3626
2506,attacker,FAMOUS,INSECT SPREAD,1,0.3383,-0.3383,0.0005,-0.3614
2507,attacker,FAMOUS,INSECT SPREAD,1,0.3383,-0.3383,0.0005,-0.3603
2508,random,WOLF,RUN,1,0.2168,-0.2168,0.6662,-0.3531
2509,random,FIRE BURN,BURN,1,0.1010,-0.1010,0.0259,-0.3405
2510,attacker,FAMOUS,INSECT SPREAD,1,0.3383,-0.3383,0.0000,-0.3404
2511,attacker,FAMOUS,INSECT SPREAD,1,0.3383,-0.3383,0.0000,-0.3403
2512,random,STONE FALL,BURN,1,0.1697,-0.1697,0.0111,-0.3317
2513,attacker,FAMOUS,INSECT SPREAD,1,0.3383,-0.3383,-0.0001,-0.3321
2514,attacker,FAMOUS,INSECT SPREAD,1,0.3383,-0.3383,-0.0001,-0.3324
2515,attacker,FAMOUS,INSECT SPREAD,1,0.3383,-0.3383,-0.0001,-0.3327
2516,attacker,FAMOUS,INSECT SPREAD,1,0.3383,-0.3383,-0.0001,-0.3330
2517,attacker,FAMOUS,INSECT SPREAD,1,0.3383,-0.3383,-0.0001,-0.3332
2518,random,GUARD GROW,FALL,1,0.1907,-0.1907,0.4848,-0.3261
2519,attacker,FAMOUS,INSECT SPREAD,1,0.3383,-0.3383,-0.0003,-0.3267
2520,attacker,FAMOUS,INSECT SPREAD,1,0.3383,-0.3383,-0.0002,-0.3273
2521,random,WOLF GROW TRADE VAST FREE FIRE,KNOW BORDER,1,0.3144,-0.3144,0.0736,-0.3266
2522,attacker,FAMOUS,INSECT SPREAD,1,0.3383,-0.3383,-0.0002,-0.3272
2523,attacker,FAMOUS,INSECT SPREAD,1,0.3383,-0.3383,-0.0002,-0.3278
2524,attacker,FAMOUS,INSECT SPREAD,1,0.3383,-0.3383,-0.0002,-0.3283
2525,attacker,FAMOUS,INSECT SPREAD,1,0.3383,-0.3383,-0.0002,-0.3288
2526,random,CHANCE GROW,SPREAD,1,0.2231,-0.2231,0.0027,-0.3235
2527,attacker,FAMOUS,INSECT SPREAD,1,0.3383,-0.3383,-0.0003,-0.3242
2528,attacker,FAMOUS,INSECT SPREAD,1,0.3383,-0.3383,-0.0003,-0.3249
2529,random,DIRTY SOLDIER RUN KNOW LAW,BURN,1,0.3096,-0.3096,0.0224,-0.3242
2530,attacker,FAMOUS,INSECT SPREAD,1,0.3383,-0.3383,-0.0003,-0.3249
2531,random,SHARP CAMERA MOVE,OUTCAST CROWD,1,0.3062,-0.3062,0.1252,-0.3240
2532,attacker,FAMOUS,INSECT SPREAD,1,0.3383,-0.3383,-0.0003,-0.3247
2533,attacker,FAMOUS,INSECT SPREAD,1,0.3383,-0.3383,-0.0003,-0.3253
2534,attacker,FAMOUS,INSECT SPREAD,1,0.3383,-0.3383,-0.0003,-0.3260
2535,attacker,FAMOUS,INSECT SPREAD,1,0.3383,-0.3383,-0.0003,-0.3266
2536,attacker,FAMOUS,INSECT SPREAD,1,0.3383,-0.3383,-0.0003,-0.3272
2537,random,TIME,SPREAD,1,0.2027,-0.2027,0.0039,-0.3210
2538,attacker,FAMOUS,INSECT SPREAD,1,0.3383,-0.3383,-0.0004,-0.3218
2539,attacker,FAMOUS,INSECT SPREAD,1,0.3383,-0.3383,-0.0004,-0.3227
2540,attacker,FAMOUS,INSECT SPREAD,1,0.3383,-0.3383,-0.0004,-0.3234
2541,attacker,FAMOUS,INSECT SPREAD,1,0.3383,-0.3383,-0.0003,-0.3242
2542,attacker,FAMOUS,INSECT SPREAD,1,0.3383,-0.3383,-0.0003,-0.3249
2543,attacker,FAMOUS,INSECT SPREAD,1,0.3383,-0.3383,-0.0003,-0.3256
2544,random,ROBOT SEE POISON BREAK SLOW CAMERA,FALL,1,0.3008,-0.3008,0.0066,-0.3243
2545,attacker,FAMOUS,INSECT SPREAD,1,0.3383,-0.3383,-0.0003,-0.3250
2546,attacker,FAMOUS,INSECT SPREAD,1,0.3383,-0.3383,-0.0003,-0.3257
2547,attacker,FAMOUS,INSECT SPREAD,1,0.3383,-0.3383,-0.0003,-0.3263
2548,attacker,FAMOUS,INSECT SPREAD,1,0.3383,-0.3383,-0.0003,-0.3269
2549,attacker,FAMOUS,INSECT SPREAD,1,0.3383,-0.3383,-0.0003,-0.3275
2550,attacker,FAMOUS,INSECT SPREAD,1,0.3383,-0.3383,-0.0002,-0.3280
2551,random,FAST SEED BURN MOVE MOUNTAIN FALL,BURN,1,0.2518,-0.2518,0.0079,-0.3242
2552,attacker,FAMOUS,INSECT SPREAD,1,0.3383,-0.3383,-0.0003,-0.3249
2553,random,GUARD FALL GROW SEE FOREST FALL,BURN,1,0.1874,-0.1874,0.0293,-0.3180
2554,attacker,FAMOUS,INSECT SPREAD,1,0.3383,-0.3383,-0.0005,-0.3190
2555,random,SYSTEM GROW GROW GROW GROW GROW,SPREAD,1,0.2308,-0.2308,0.0021,-0.3146
2556,attacker,FAMOUS,INSECT SPREAD,1,0.3383,-0.3383,-0.0005,-0.3158
2557,attacker,FAMOUS,INSECT SPREAD,1,0.3383,-0.3383,-0.0005,-0.3169
2558,attacker,FAMOUS,INSECT SPREAD,1,0.3383,-0.3383,-0.0005,-0.3180
2559,attacker,FAMOUS,INSECT SPREAD,1,0.3383,-0.3383,-0.0005,-0.3190
2560,random,MEMORY GROW FAIL FAIL FAIL,SPREAD,1,0.2022,-0.2022,0.0051,-0.3132
2561,attacker,FAMOUS,INSECT SPREAD,1,0.3383,-0.3383,-0.0006,-0.3144
2562,attacker,FAMOUS,INSECT SPREAD,1,0.3383,-0.3383,-0.0005,-0.3156
2563,attacker,FAMOUS,INSECT SPREAD,1,0.3383,-0.3383,-0.0005,-0.3168
2564,attacker,FAMOUS,INSECT SPREAD,1,0.3383,-0.3383,-0.0005,-0.3178
2565,attacker,FAMOUS,INSECT SPREAD,1,0.3383,-0.3383,-0.0005,-0.3189
2566,attacker,FAMOUS,INSECT SPREAD,1,0.3383,-0.3383,-0.0004,-0.3198
2567,attacker,FAMOUS,INSECT SPREAD,1,0.3383,-0.3383,-0.0004,-0.3207
2568,attacker,FAMOUS,INSECT SPREAD,1,0.3383,-0.3383,-0.0004,-0.3216
2569,attacker,FAMOUS,INSECT SPREAD,1,0.3383,-0.3383,-0.0004,-0.3225
2570,attacker,FAMOUS,INSECT SPREAD,1,0.3383,-0.3383,-0.0004,-0.3232
2571,attacker,FAMOUS,INSECT SPREAD,1,0.3383,-0.3383,-0.0003,-0.3240
2572,attacker,FAMOUS,INSECT SPREAD,1,0.3383,-0.3383,-0.0003,-0.3247
2573,attacker,FAMOUS,INSECT SPREAD,1,0.3383,-0.3383,-0.0003,-0.3254
2574,random,WEAK,ROBOT FAIL,1,0.4389,-0.4389,-0.4715,-0.3311
2575,attacker,FAMOUS,INSECT SPREAD,1,0.3383,-0.3383,-0.0002,-0.3314
2576,attacker,FAMOUS,INSECT SPREAD,1,0.3383,-0.3383,-0.0002,-0.3318
2577,attacker,FAMOUS,INSECT SPREAD,1,0.3383,-0.3383,-0.0001,-0.3321
2578,attacker,FAMOUS,INSECT SPREAD,1,0.3383,-0.3383,-0.0001,-0.3324
2579,attacker,FAMOUS,INSECT SPREAD,1,0.3383,-0.3383,-0.0001,-0.3327
2580,attacker,FAMOUS,INSECT SPREAD,1,0.3383,-0.3383,-0.0001,-0.3330
2581,attacker,FAMOUS,INSECT SPREAD,1,0.3383,-0.3383,-0.0001,-0.3332
2582,random,ENGINE HEAR PLAN UPDATE CORRUPTED CONNECTED,SEED,0,1.3234,-1.3234,-1.6940,-0.3828
2583,attacker,FAMOUS,INSECT SPREAD,1,0.3383,-0.3383,0.0010,-0.3805
2584,attacker,FAMOUS,INSECT SPREAD,1,0.3383,-0.3383,0.0010,-0.3784
2585,attacker,FAMOUS,INSECT SPREAD,1,0.3383,-0.3383,0.0009,-0.3764
2586,random,WEAPON BURN BURN BURN SPREAD,SPREAD,1,0.1873,-0.1873,0.0058,-0.3670
2587,attacker,FAMOUS,INSECT SPREAD,1,0.3383,-0.3383,0.0007,-0.3655
2588,attacker,FAMOUS,INSECT SPREAD,1,0.3383,-0.3383,0.0006,-0.3642
2589,attacker,FAMOUS,INSECT SPREAD,1,0.3383,-0.3383,0.0006,-0.3629
2590,attacker,FAMOUS,INSECT SPREAD,1,0.3383,-0.3383,0.0006,-0.3616
2591,attacker,FAMOUS,INSECT SPREAD,1,0.3383,-0.3383,0.0005,-0.3605
2592,attacker,FAMOUS,INSECT SPREAD,1,0.3383,-0.3383,0.0005,-0.3594
2593,random,ACTIVE DOG,BURN,1,0.3349,-0.3349,0.0156,-0.3581
2594,attacker,FAMOUS,INSECT SPREAD,1,0.3383,-0.3383,0.0005,-0.3571
2595,attacker,DORMANT,ROBOT FALL,1,0.4584,-0.4584,-0.2079,-0.3622
2596,attacker,FAMOUS,INSECT SPREAD,1,0.3383,-0.3383,0.0005,-0.3610
2597,attacker,FAMOUS,INSECT SPREAD,1,0.3383,-0.3383,0.0005,-0.3599
2598,attacker,FAMOUS,INSECT SPREAD,1,0.3383,-0.3383,0.0005,-0.3588
2599,attacker,FAMOUS,INSECT SPREAD,1,0.3383,-0.3383,0.0005,-0.3578
2600,attacker,FAMOUS,INSECT SPREAD,1,0.3383,-0.3383,0.0004,-0.3568
2601,attacker,FAMOUS,INSECT SPREAD,1,0.3383,-0.3383,0.0004,-0.3559
2602,random,CHAOTIC CAMERA MOVE SEED,FAIL,0,1.3896,-1.3896,-1.6263,-0.4076
2603,random,AUTOMATED IDENTITY GROW,SPREAD,1,0.3101,-0.3101,0.0038,-0.4027
2604,random,DENSE,STONE BURN,0,1.3160,-1.3160,-7.4493,-0.4483
2605,attacker,FAMOUS,INSECT SPREAD,1,0.3383,-0.3383,0.0025,-0.4428
2606,attacker,FAMOUS,INSECT SPREAD,1,0.3383,-0.3383,0.0024,-0.4376
2607,random,STRONG CLOCK FALL BREAK HEAVY ENCRYPTED,CAMERA,0,1.2832,-1.2832,-1.9457,-0.4799
2608,attacker,FAMOUS,INSECT SPREAD,1,0.3383,-0.3383,0.0032,-0.4728
2609,attacker,FAMOUS,INSECT SPREAD,1,0.3383,-0.3383,0.0030,-0.4661
2610,attacker,FAMOUS,INSECT SPREAD,1,0.3383,-0.3383,0.0029,-0.4597
2611,attacker,FAMOUS,INSECT SPREAD,1,0.3383,-0.3383,0.0027,-0.4536
2612,attacker,FAMOUS,INSECT SPREAD,1,0.3383,-0.3383,0.0025,-0.4479
2613,attacker,FAMOUS,INSECT SPREAD,1,0.3383,-0.3383,0.0024,-0.4424
2614,attacker,FAMOUS,INSECT SPREAD,1,0.3383,-0.3383,0.0022,-0.4372
2615,random,PHONE FALL SEE HORSE,FALL,1,0.1653,-0.1653,0.0623,-0.4236
2616,random,OPTIMAL POWER GROW GROW,SPREAD,1,0.3173,-0.3173,0.0032,-0.4183
2617,random,ORDERED FOOD FALL GROW FALL SPREAD,SPREAD,1,0.2876,-0.2876,0.0792,-0.4117
2618,attacker,FAMOUS,INSECT SPREAD,1,0.3383,-0.3383,0.0015,-0.4081
2619,random,ORDERED METAL GROW BURN,BURN,1,0.2350,-0.2350,0.0437,-0.3994
2620,attacker,FAMOUS,INSECT SPREAD,1,0.3383,-0.3383,0.0013,-0.3964
2621,attacker,FAMOUS,INSECT SPREAD,1,0.3383,-0.3383,0.0012,-0.3934
2622,attacker,FAMOUS,INSECT SPREAD,1,0.3383,-0.3383,0.0011,-0.3907
2623,attacker,FAMOUS,INSECT SPREAD,1,0.3383,-0.3383,0.0011,-0.3881
2624,attacker,FAMOUS,INSECT SPREAD,1,0.3383,-0.3383,0.0010,-0.3856
2625,attacker,FAMOUS,INSECT SPREAD,1,0.3383,-0.3383,0.0009,-0.3832
2626,attacker,FAMOUS,INSECT SPREAD,1,0.3383,-0.3383,0.0009,-0.3810
2627,random,DRONE GENERATE COMPLEX,BORDER FALL,1,0.3404,-0.3404,0.1921,-0.3789
2628,attacker,FAMOUS,INSECT SPREAD,1,0.3383,-0.3383,0.0008,-0.3769
2629,attacker,FAMOUS,INSECT SPREAD,1,0.3383,-0.3383,0.0008,-0.3750
2630,attacker,FAMOUS,INSECT SPREAD,1,0.3383,-0.3383,0.0007,-0.3731
2631,attacker,FAMOUS,INSECT SPREAD,1,0.3383,-0.3383,0.0007,-0.3714
2632,attacker,FAMOUS,INSECT SPREAD,1,0.3383,-0.3383,0.0006,-0.3697
2633,attacker,FAMOUS,INSECT SPREAD,1,0.3383,-0.3383,0.0006,-0.3682
2634,random,CLEAN WEAPON,SPREAD,1,0.3165,-0.3165,0.0015,-0.3656
2635,random,TRAPPED HORSE BURN BURN BURN BURN,BURN,1,0.2003,-0.2003,0.0085,-0.3573
2636,attacker,FAMOUS,INSECT SPREAD,1,0.3383,-0.3383,0.0004,-0.3564
2637,attacker,FAMOUS,INSECT SPREAD,1,0.3383,-0.3383,0.0003,-0.3555
2638,attacker,FAMOUS,INSECT SPREAD,1,0.3383,-0.3383,0.0003,-0.3546
2639,attacker,FAMOUS,INSECT SPREAD,1,0.3383,-0.3383,0.0003,-0.3538
2640,random,TRAPPED DOG,BURN,1,0.3132,-0.3132,0.0060,-0.3518
2641,attacker,FAMOUS,INSECT SPREAD,1,0.3383,-0.3383,0.0003,-0.3511
2642,attacker,FAMOUS,INSECT SPREAD,1,0.3383,-0.3383,0.0002,-0.3504
2643,attacker,FAMOUS,INSECT SPREAD,1,0.3383,-0.3383,0.0002,-0.3498
2644,attacker,FAMOUS,INSECT SPREAD,1,0.3383,-0.3383,0.0002,-0.3493
2645,attacker,FAMOUS,INSECT SPREAD,1,0.3383,-0.3383,0.0002,-0.3487
2646,attacker,FAMOUS,INSECT SPREAD,1,0.3383,-0.3383,0.0002,-0.3482
2647,attacker,FAMOUS,INSECT SPREAD,1,0.3383,-0.3383,0.0002,-0.3477
2648,random,STONE FALL,BURN,1,0.1697,-0.1697,0.0117,-0.3388
2649,random,AUTOMATED GUARD,FALL,1,0.3488,-0.3488,-0.0086,-0.3393
2650,random,ERROR SPREAD SPREAD FAIL SPREAD,SPREAD,1,0.1393,-0.1393,0.0069,-0.3293
2651,random,SENSOR GENERATE,CHANCE FAIL,1,0.1751,-0.1751,0.8921,-0.3216
2652,attacker,FAMOUS,INSECT SPREAD,1,0.3383,-0.3383,-0.0003,-0.3224
2653,random,STRANGER HEAR,BORDER,1,0.2679,-0.2679,0.1355,-0.3197
2654,attacker,FAMOUS,INSECT SPREAD,1,0.3383,-0.3383,-0.0003,-0.3206
2655,attacker,FAMOUS,INSECT SPREAD,1,0.3383,-0.3383,-0.0003,-0.3215
2656,attacker,FAMOUS,INSECT SPREAD,1,0.3383,-0.3383,-0.0003,-0.3223
2657,attacker,FAMOUS,INSECT SPREAD,1,0.3383,-0.3383,-0.0003,-0.3231
2658,attacker,FAMOUS,INSECT SPREAD,1,0.3383,-0.3383,-0.0003,-0.3239
2659,attacker,FAMOUS,INSECT SPREAD,1,0.3383,-0.3383,-0.0003,-0.3246
2660,random,MEMORY GROW FAIL GROW,SPREAD,1,0.1997,-0.1997,0.0031,-0.3184
2661,attacker,FAMOUS,INSECT SPREAD,1,0.3383,-0.3383,-0.0004,-0.3194
2662,attacker,FAMOUS,INSECT SPREAD,1,0.3383,-0.3383,-0.0004,-0.3203
2663,random,ERROR FAIL FAIL,SPREAD,1,0.1978,-0.1978,0.0036,-0.3142
2664,attacker,FAMOUS,INSECT SPREAD,1,0.3383,-0.3383,-0.0005,-0.3154
2665,random,SIMPLE,CAR FALL,1,0.4309,-0.4309,-0.4474,-0.3212
2666,attacker,FAMOUS,INSECT SPREAD,1,0.3383,-0.3383,-0.0003,-0.3220
2667,random,DORMANT CROWD FALL BURN FALL,HEAR SECRET DEBT,0,1.3506,-1.3506,-14.3179,-0.3735
2668,random,BORDER GROW SPREAD,SPREAD,1,0.1527,-0.1527,0.0055,-0.3624
2669,attacker,FAMOUS,INSECT SPREAD,1,0.3383,-0.3383,0.0005,-0.3612
2670,attacker,FAMOUS,INSECT SPREAD,1,0.3383,-0.3383,0.0004,-0.3601
2671,attacker,FAMOUS,INSECT SPREAD,1,0.3383,-0.3383,0.0004,-0.3590
2672,attacker,FAMOUS,INSECT SPREAD,1,0.3383,-0.3383,0.0004,-0.3579
2673,random,CROWD SEE,GUARD,1,0.1034,-0.1034,0.9659,-0.3452
2674,attacker,FAMOUS,INSECT SPREAD,1,0.3383,-0.3383,0.0001,-0.3449
2675,random,OUTCAST LEADER SEE ISOLATED ELDER,FALL,1,0.3295,-0.3295,0.0178,-0.3441
2676,attacker,FAMOUS,INSECT SPREAD,1,0.3383,-0.3383,0.0001,-0.3438
2677,attacker,FAMOUS,INSECT SPREAD,1,0.3383,-0.3383,0.0001,-0.3435
2678,attacker,FAMOUS,INSECT SPREAD,1,0.3383,-0.3383,0.0001,-0.3433
2679,attacker,FAMOUS,INSECT SPREAD,1,0.3383,-0.3383,0.0001,-0.3430
2680,random,ROBOT,FALL,1,0.2548,-0.2548,0.0150,-0.3386
2681,random,OBEDIENT GUARD MOVE,BIRD BURN,1,0.2369,-0.2369,0.3586,-0.3335
2682,attacker,FAMOUS,INSECT SPREAD,1,0.3383,-0.3383,-0.0001,-0.3338
2683,attacker,FAMOUS,INSECT SPREAD,1,0.3383,-0.3383,-0.0001,-0.3340
2684,random,OPTIMAL,INSECT SPREAD,0,1.3379,-1.3379,-1.3999,-0.3842
2685,random,ORDERED RULE,SPREAD,1,0.3033,-0.3033,0.0025,-0.3801
2686,attacker,FAMOUS,INSECT SPREAD,1,0.3383,-0.3383,0.0009,-0.3780
2687,attacker,FAMOUS,INSECT SPREAD,1,0.3383,-0.3383,0.0008,-0.3761
2688,attacker,FAMOUS,WEAPON SPREAD,1,0.3423,-0.3423,0.2424,-0.3744
2689,random,OPTIMAL CAMERA UPDATE PLAN UPDATE,DULL MAP,1,0.3201,-0.3201,0.2832,-0.3716
2690,random,TRUSTED,INSECT BREAK WATER,0,1.3820,-1.3820,-9.9507,-0.4222
2691,attacker,FAMOUS,INSECT SPREAD,1,0.3383,-0.3383,0.0018,-0.4180
2692,random,WATER BURN,BURN,1,0.1007,-0.1007,0.0160,-0.4021
2693,attacker,FAMOUS,INSECT SPREAD,1,0.3383,-0.3383,0.0014,-0.3989
2694,attacker,FAMOUS,INSECT SPREAD,1,0.3383,-0.3383,0.0013,-0.3959
2695,attacker,FAMOUS,INSECT SPREAD,1,0.3383,-0.3383,0.0013,-0.3930
2696,attacker,FAMOUS,INSECT SPREAD,1,0.3383,-0.3383,0.0012,-0.3903
2697,attacker,FAMOUS,INSECT SPREAD,1,0.3383,-0.3383,0.0012,-0.3877
2698,attacker,FAMOUS,INSECT SPREAD,1,0.3383,-0.3383,0.0011,-0.3852
2699,random,CLEAN,INSECT SPREAD,1,0.3127,-0.3127,0.0060,-0.3816
2700,random,OBEDIENT SOLDIER BURN FALL MOVE STONE,MOVE ENGINE FALL,1,0.2265,-0.2265,1.5035,-0.3738
2701,random,FOOD BURN,BURN,1,0.1036,-0.1036,0.0125,-0.3603
2702,attacker,FAMOUS,INSECT SPREAD,1,0.3383,-0.3383,0.0005,-0.3592
2703,attacker,FAMOUS,INSECT SPREAD,1,0.3383,-0.3383,0.0005,-0.3582
2704,attacker,FAMOUS,WEAPON BURN,1,0.3864,-0.3864,-0.3102,-0.3596
2705,attacker,FAMOUS,INSECT SPREAD,1,0.3383,-0.3383,0.0005,-0.3585
2706,attacker,FAMOUS,INSECT SPREAD,1,0.3383,-0.3383,0.0005,-0.3575
2707,attacker,FAMOUS,INSECT SPREAD,1,0.3383,-0.3383,0.0005,-0.3565
2708,random,DULL COMPUTER FAIL HEAR GUARD UPDATE,AUTOMATED MEMORY,0,1.3108,-1.3108,-5.6563,-0.4043
2709,attacker,FAMOUS,INSECT SPREAD,1,0.3383,-0.3383,0.0016,-0.4010
2710,attacker,FAMOUS,INSECT SPREAD,1,0.3383,-0.3383,0.0015,-0.3978
2711,attacker,FAMOUS,INSECT SPREAD,1,0.3383,-0.3383,0.0014,-0.3948
2712,attacker,FAMOUS,INSECT SPREAD,1,0.3383,-0.3383,0.0013,-0.3920
2713,attacker,FAMOUS,INSECT SPREAD,1,0.3383,-0.3383,0.0013,-0.3893
2714,random,WEAK DOG FALL HEAR FEAR,BURN,1,0.3007,-0.3007,0.1159,-0.3849
2715,random,OUTCAST LEADER,FALL,1,0.3342,-0.3342,0.0167,-0.3824
2716,attacker,FAMOUS,INSECT SPREAD,1,0.3383,-0.3383,0.0010,-0.3802
2717,random,CAT,BURN,1,0.2153,-0.2153,0.1398,-0.3719
2718,attacker,FAMOUS,INSECT SPREAD,1,0.3383,-0.3383,0.0008,-0.3702
2719,attacker,FAMOUS,INSECT SPREAD,1,0.3383,-0.3383,0.0007,-0.3686
2720,random,POISON GROW SPREAD,SPREAD,1,0.1644,-0.1644,0.0058,-0.3584
2721,attacker,FAMOUS,INSECT SPREAD,1,0.3383,-0.3383,0.0005,-0.3574
2722,attacker,FAMOUS,INSECT SPREAD,1,0.3383,-0.3383,0.0004,-0.3565
2723,attacker,FAMOUS,INSECT SPREAD,1,0.3383,-0.3383,0.0004,-0.3556
2724,attacker,FAMOUS,INSECT SPREAD,1,0.3383,-0.3383,0.0004,-0.3547
2725,attacker,FAMOUS,INSECT SPREAD,1,0.3383,-0.3383,0.0004,-0.3539
2726,attacker,FAMOUS,INSECT SPREAD,1,0.3383,-0.3383,0.0003,-0.3531
2727,attacker,FAMOUS,INSECT SPREAD,1,0.3383,-0.3383,0.0003,-0.3523
2728,attacker,FAMOUS,INSECT SPREAD,1,0.3383,-0.3383,0.0003,-0.3516
2729,attacker,FAMOUS,INSECT SPREAD,1,0.3383,-0.3383,0.0003,-0.3510
2730,attacker,FAMOUS,INSECT GROW,1,0.3840,-0.3840,-0.1617,-0.3526
2731,attacker,FAMOUS,INSECT SPREAD,1,0.3383,-0.3383,0.0003,-0.3519
2732,attacker,FAMOUS,INSECT SPREAD,1,0.3383,-0.3383,0.0003,-0.3512
2733,attacker,FAMOUS,INSECT SPREAD,1,0.3383,-0.3383,0.0003,-0.3506
2734,random,CHILD FORGET,ASHAMED ELDER BURN,1,0.2028,-0.2028,1.2274,-0.3432
2735,attacker,FAMOUS,INSECT SPREAD,1,0.3383,-0.3383,0.0001,-0.3429
2736,random,FOOD FALL,BURN,1,0.1734,-0.1734,0.0080,-0.3345
2737,attacker,FAMOUS,INSECT SPREAD,1,0.3383,-0.3383,-0.0001,-0.3347
2738,attacker,FAMOUS,INSECT SPREAD,1,0.3383,-0.3383,-0.0001,-0.3348
2739,attacker,FAMOUS,INSECT SPREAD,1,0.3383,-0.3383,-0.0001,-0.3350
2740,random,CALM GUARD HEAR,BORDER,1,0.3196,-0.3196,0.0332,-0.3342
2741,random,SHARP CLOCK,UPDATE MAP,1,0.3085,-0.3085,0.1998,-0.3330
2742,attacker,FAMOUS,INSECT SPREAD,1,0.3383,-0.3383,-0.0001,-0.3332
2743,random,PLAN UPDATE CAMERA GROW,SPREAD,1,0.1920,-0.1920,0.0050,-0.3262
2744,attacker,FAMOUS,INSECT SPREAD,1,0.3383,-0.3383,-0.0002,-0.3268
2745,random,DEAD LEADER,FALL,1,0.3127,-0.3127,0.0083,-0.3261
2746,attacker,FAMOUS,INSECT SPREAD,1,0.3383,-0.3383,-0.0002,-0.3267
2747,random,SENSOR UPDATE VAST ALGORITHM,FAIL,1,0.2752,-0.2752,0.0108,-0.3241
2748,random,CLOCK,FAIL,1,0.2329,-0.2329,0.0183,-0.3195
2749,attacker,FAMOUS,INSECT SPREAD,1,0.3383,-0.3383,-0.0004,-0.3205
2750,attacker,FAMOUS,INSECT SPREAD,1,0.3383,-0.3383,-0.0004,-0.3214
2751,random,DOG,COMPUTER FALL,0,1.2240,-1.2240,-7.4467,-0.3665
2752,random,SEED GROW SPREAD BURN SPREAD GROW,SPREAD,1,0.1822,-0.1822,0.2882,-0.3573
2753,attacker,FAMOUS,INSECT SPREAD,1,0.3383,-0.3383,0.0004,-0.3563
2754,random,PROUD,STRANGER EAT FIRE BURN,0,1.3811,-1.3811,-9.6747,-0.4076
2755,random,HEAVY WEAPON FALL FALL BURN GROW,SPREAD,0,1.3591,-1.3591,-0.8229,-0.4551
2756,random,CORRUPTED COMPUTER FALL,BURN,0,1.2716,-1.2716,-0.2278,-0.4960
2757,attacker,FAMOUS,INSECT SPREAD,1,0.3383,-0.3383,0.0032,-0.4881
2758,attacker,FAMOUS,INSECT SPREAD,1,0.3383,-0.3383,0.0031,-0.4806
2759,attacker,FAMOUS,INSECT SPREAD,1,0.3383,-0.3383,0.0029,-0.4735
2760,attacker,FAMOUS,INSECT SPREAD,1,0.3383,-0.3383,0.0028,-0.4667
2761,random,METAL FALL,BURN,1,0.1697,-0.1697,0.0138,-0.4519
2762,attacker,FAMOUS,INSECT SPREAD,1,0.3383,-0.3383,0.0023,-0.4462
2763,attacker,FAMOUS,INSECT SPREAD,1,0.3383,-0.3383,0.0022,-0.4408
2764,attacker,FAMOUS,INSECT SPREAD,1,0.3383,-0.3383,0.0021,-0.4357
2765,random,ERROR FAIL SPREAD SPREAD FAIL,SPREAD,1,0.1465,-0.1465,0.0099,-0.4212
2766,attacker,FAMOUS,INSECT SPREAD,1,0.3383,-0.3383,0.0016,-0.4171
2767,attacker,FAMOUS,INSECT SPREAD,1,0.3383,-0.3383,0.0015,-0.4131
2768,attacker,FAMOUS,INSECT SPREAD,1,0.3383,-0.3383,0.0015,-0.4094
2769,attacker,FAMOUS,INSECT SPREAD,1,0.3383,-0.3383,0.0014,-0.4058
2770,attacker,FAMOUS,INSECT SPREAD,1,0.3383,-0.3383,0.0013,-0.4024
2771,attacker,FAMOUS,INSECT SPREAD,1,0.3383,-0.3383,0.0012,-0.3992
2772,random,FAST INSECT SPREAD,SPREAD,1,0.2063,-0.2063,0.0058,-0.3896
2773,attacker,FAMOUS,INSECT SPREAD,1,0.3383,-0.3383,0.0010,-0.3870
2774,attacker,FAMOUS,INSECT SPREAD,1,0.3383,-0.3383,0.0009,-0.3846
2775,attacker,FAMOUS,INSECT SPREAD,1,0.3383,-0.3383,0.0009,-0.3823
2776,attacker,FAMOUS,INSECT SPREAD,1,0.3383,-0.3383,0.0008,-0.3801
2777,attacker,FAMOUS,INSECT SPREAD,1,0.3383,-0.3383,0.0008,-0.3780
2778,attacker,FAMOUS,INSECT SPREAD,1,0.3383,-0.3383,0.0007,-0.3760
2779,attacker,FAMOUS,INSECT SPREAD,1,0.3383,-0.3383,0.0007,-0.3741
2780,random,CHAOTIC LAW GROW SPREAD SPREAD,SPREAD,1,0.2511,-0.2511,0.0053,-0.3680
2781,random,ERROR FAIL SPREAD FAIL GROW FAIL,SPREAD,1,0.1809,-0.1809,0.0051,-0.3586
2782,attacker,FAMOUS,INSECT SPREAD,1,0.3383,-0.3383,0.0004,-0.3576
2783,random,SEED,MOVE STRONG SEED FALL,1,0.2023,-0.2023,1.8168,-0.3498
2784,random,CLOCK UPDATE ENCRYPTED CLOCK FALL GENERATE,CLOCK FAIL,0,1.1845,-1.1845,-8.4948,-0.3916
2785,attacker,FAMOUS,INSECT SPREAD,1,0.3383,-0.3383,0.0010,-0.3889
2786,random,TOOL,SPREAD,1,0.2565,-0.2565,0.0021,-0.3823
2787,random,INSECT,SPREAD,1,0.2306,-0.2306,0.0023,-0.3747
2788,random,ROBOT,FALL,1,0.2548,-0.2548,0.0193,-0.3687
2789,random,CHILD HELP,INSECT,1,0.1784,-0.1784,0.3931,-0.3592
2790,attacker,FAMOUS,INSECT SPREAD,1,0.3383,-0.3383,0.0004,-0.3581
2791,random,FREE WOLF BUILD CORRUPTED OPTIMAL KEY,BURN,1,0.2962,-0.2962,0.0813,-0.3550
2792,attacker,FAMOUS,INSECT SPREAD,1,0.3383,-0.3383,0.0003,-0.3542
2793,attacker,FAMOUS,INSECT SPREAD,1,0.3383,-0.3383,0.0003,-0.3534
2794,attacker,FAMOUS,INSECT SPREAD,1,0.3383,-0.3383,0.0003,-0.3527
2795,attacker,FAMOUS,INSECT SPREAD,1,0.3383,-0.3383,0.0003,-0.3519
2796,random,ROBOT,FALL,1,0.2548,-0.2548,0.0114,-0.3471
2797,random,RULE,SPREAD,1,0.2027,-0.2027,0.0023,-0.3399
2798,random,GUARD,FALL,1,0.2304,-0.2304,0.0963,-0.3344
2799,random,STONE BURN FALL,BURN,1,0.1346,-0.1346,0.0104,-0.3244
2800,attacker,FAMOUS,INSECT SPREAD,1,0.3383,-0.3383,-0.0002,-0.3251
2801,attacker,FAMOUS,INSECT SPREAD,1,0.3383,-0.3383,-0.0002,-0.3257
2802,random,ACTIVE ENGINE FALL,BURN,0,1.2788,-1.2788,-0.0875,-0.3734
2803,attacker,FAMOUS,INSECT SPREAD,1,0.3383,-0.3383,0.0006,-0.3716
2804,attacker,FAMOUS,INSECT SPREAD,1,0.3383,-0.3383,0.0006,-0.3700
2805,attacker,DIRTY,INSECT BURN,0,1.4327,-1.4327,-0.9536,-0.4231
2806,random,LEADER MOVE ROOM,FALL,1,0.1976,-0.1976,0.0917,-0.4118
2807,attacker,FAMOUS,INSECT SPREAD,1,0.3383,-0.3383,0.0013,-0.4082
2808,attacker,FAMOUS,DUST SPREAD,0,1.3423,-1.3423,-7.7425,-0.4549
2809,random,WOLF CHOOSE FAST DENSE SEED,IMAGINE BORDER,0,1.2873,-1.2873,-5.2005,-0.4965
2810,random,KEY FALL FAIL BURN FAIL BURN,SPREAD,1,0.2119,-0.2119,0.0171,-0.4823
2811,attacker,FAMOUS,INSECT SPREAD,1,0.3383,-0.3383,0.0024,-0.4751
2812,random,RULE SPREAD SPREAD SPREAD GROW GROW,SPREAD,1,0.1531,-0.1531,0.0065,-0.4590
2813,attacker,FAMOUS,INSECT SPREAD,1,0.3383,-0.3383,0.0020,-0.4529
2814,attacker,FAMOUS,INSECT SPREAD,1,0.3383,-0.3383,0.0019,-0.4472
2815,random,CAR FAIL SEE SIMPLE COMPUTER FALL,FALL,1,0.2962,-0.2962,0.1048,-0.4396
2816,random,WOMAN FOLLOW DRONE TALK,BURN,1,0.2364,-0.2364,0.1023,-0.4295
2817,random,DRONE GENERATE TRUTH,FALL,1,0.2759,-0.2759,0.0946,-0.4218
2818,attacker,FAMOUS,INSECT SPREAD,1,0.3383,-0.3383,0.0014,-0.4176
2819,attacker,FAMOUS,INSECT SPREAD,1,0.3383,-0.3383,0.0013,-0.4137
2820,random,CORRUPTED LANGUAGE,GROW,1,0.3831,-0.3831,0.1422,-0.4121
2821,random,LEADER,SEE REBELLIOUS SOLDIER,1,0.2227,-0.2227,2.1851,-0.4027
2822,attacker,FAMOUS,INSECT SPREAD,1,0.3383,-0.3383,0.0011,-0.3994
2823,random,LANGUAGE GROW GROW GROW GROW SPREAD,SPREAD,1,0.1636,-0.1636,0.0058,-0.3876
2824,attacker,FAMOUS,INSECT SPREAD,1,0.3383,-0.3383,0.0008,-0.3852
2825,attacker,DIRTY,KEY SPREAD,1,0.4870,-0.4870,-0.4150,-0.3903
2826,attacker,FAMOUS,INSECT SPREAD,1,0.3383,-0.3383,0.0009,-0.3877
2827,random,STRANGER BUILD,MAP BURN,1,0.1965,-0.1965,0.8691,-0.3781
2828,attacker,FAMOUS,INSECT SPREAD SPREAD,1,0.3347,-0.3347,0.2625,-0.3759
2829,random,GUARD BREAK DULL,INSECT,0,1.2731,-1.2731,-2.7557,-0.4208
2830,random,CALM CAT,BURN,1,0.3207,-0.3207,0.0937,-0.4158
2831,attacker,FAMOUS,INSECT SPREAD,1,0.3383,-0.3383,0.0015,-0.4119
2832,attacker,FAMOUS,INSECT SPREAD,1,0.3383,-0.3383,0.0016,-0.4082
2833,attacker,FAMOUS,INSECT SPREAD,1,0.3383,-0.3383,0.0016,-0.4047
2834,attacker,FAMOUS,INSECT SPREAD,1,0.3383,-0.3383,0.0016,-0.4014
2835,attacker,FAMOUS,INSECT SPREAD,1,0.3383,-0.3383,0.0016,-0.3983
2836,attacker,FAMOUS,INSECT SPREAD,1,0.3383,-0.3383,0.0016,-0.3953
2837,attacker,FAMOUS,INSECT SPREAD,1,0.3383,-0.3383,0.0015,-0.3924
2838,attacker,FAMOUS,INSECT SPREAD,1,0.3383,-0.3383,0.0015,-0.3897
2839,attacker,FAMOUS,INSECT SPREAD,1,0.3383,-0.3383,0.0014,-0.3871
2840,attacker,FAMOUS,INSECT SPREAD,1,0.3383,-0.3383,0.0014,-0.3847
2841,attacker,FAMOUS,INSECT SPREAD,1,0.3383,-0.3383,0.0013,-0.3824
2842,attacker,FAMOUS,INSECT SPREAD,1,0.3383,-0.3383,0.0012,-0.3802
2843,random,TOOL,SPREAD,1,0.2565,-0.2565,0.0063,-0.3740
2844,attacker,FAMOUS,INSECT SPREAD,1,0.3383,-0.3383,0.0009,-0.3722
2845,random,SIGNAL SPREAD,SPREAD,1,0.1020,-0.1020,0.0080,-0.3587
2846,random,FIRE,BURN,1,0.2049,-0.2049,0.1432,-0.3510
2847,random,ROBOT BUILD FOREST,FALL,1,0.2035,-0.2035,0.0175,-0.3436
2848,attacker,FAMOUS,INSECT SPREAD,1,0.3383,-0.3383,0.0001,-0.3434
2849,random,KEY,SPREAD,1,0.2165,-0.2165,0.0040,-0.3370
2850,attacker,FAMOUS,INSECT SPREAD,1,0.3383,-0.3383,-0.0000,-0.3371
2851,attacker,FAMOUS,INSECT SPREAD,1,0.3383,-0.3383,-0.0000,-0.3371
2852,attacker,FAMOUS,INSECT SPREAD,1,0.3383,-0.3383,-0.0000,-0.3372
2853,attacker,FAMOUS,INSECT SPREAD,1,0.3383,-0.3383,-0.0000,-0.3372
2854,attacker,FAMOUS,INSECT SPREAD,1,0.3383,-0.3383,-0.0000,-0.3373
2855,random,SENSOR GENERATE LIE,FALL,1,0.2728,-0.2728,0.0587,-0.3341
2856,attacker,FAMOUS,INSECT SPREAD,1,0.3383,-0.3383,-0.0001,-0.3343
2857,random,DRONE FALL ENCODE SIMPLE VAST PATTERN,FALL,1,0.2894,-0.2894,0.0046,-0.3320
2858,attacker,FAMOUS,INSECT GROW,1,0.3840,-0.3840,-0.2645,-0.3346
2859,attacker,FAMOUS,INSECT SPREAD,1,0.3383,-0.3383,-0.0001,-0.3348
2860,attacker,FAMOUS,INSECT SPREAD,1,0.3383,-0.3383,-0.0001,-0.3350
2861,attacker,FAMOUS,INSECT SPREAD,1,0.3383,-0.3383,-0.0001,-0.3352
2862,attacker,FAMOUS,INSECT GROW,1,0.3840,-0.3840,-0.2517,-0.3376
2863,attacker,FAMOUS,INSECT SPREAD,1,0.3383,-0.3383,-0.0000,-0.3376
2864,attacker,FAMOUS,INSECT SPREAD,1,0.3383,-0.3383,-0.0000,-0.3377
2865,attacker,FAMOUS,INSECT SPREAD,1,0.3383,-0.3383,-0.0000,-0.3377
2866,attacker,FAMOUS,INSECT SPREAD,1,0.3383,-0.3383,-0.0000,-0.3377
2867,attacker,FAMOUS,INSECT SPREAD,1,0.3383,-0.3383,-0.0000,-0.3378
2868,random,DOG RUN FOLLOW TIME ATTACK,SMALL DOG,1,0.2523,-0.2523,0.6742,-0.3335
2869,random,RULE SPREAD GROW GROW,SPREAD,1,0.1582,-0.1582,0.0034,-0.3247
2870,attacker,FAMOUS,INSECT SPREAD,1,0.3383,-0.3383,-0.0002,-0.3254
2871,attacker,FAMOUS,INSECT SPREAD,1,0.3383,-0.3383,-0.0002,-0.3260
2872,random,ENGINE ENCODE BORDER,FALL,1,0.2612,-0.2612,0.0068,-0.3228
2873,attacker,FAMOUS,INSECT SPREAD,1,0.3383,-0.3383,-0.0003,-0.3236
2874,random,HEAVY,SEED BURN,1,0.3047,-0.3047,0.0245,-0.3226
2875,random,SIGNAL SPREAD SPREAD FAIL FAIL GROW,SPREAD,1,0.1690,-0.1690,0.0030,-0.3150
2876,attacker,FAMOUS,INSECT SPREAD,1,0.3383,-0.3383,-0.0004,-0.3161
2877,random,DENSE DRONE BREAK,METAL FALL,1,0.2793,-0.2793,0.1699,-0.3143
2878,random,OBEDIENT,BIRD BURN,1,0.3924,-0.3924,-0.2062,-0.3182
2879,random,CHANCE,SPREAD,1,0.2027,-0.2027,0.0014,-0.3124
2880,attacker,FAMOUS,INSECT SPREAD,1,0.3383,-0.3383,-0.0004,-0.3137
2881,attacker,FAMOUS,INSECT SPREAD,1,0.3383,-0.3383,-0.0004,-0.3149
2882,random,NETWORK GROW,SPREAD,1,0.2101,-0.2101,0.0020,-0.3097
2883,random,CROWD,BURN,1,0.2322,-0.2322,0.0573,-0.3058
2884,random,MAN,BURN,1,0.2394,-0.2394,0.0586,-0.3025
2885,attacker,FAMOUS,INSECT SPREAD,1,0.3383,-0.3383,-0.0006,-0.3043
2886,attacker,FAMOUS,INSECT SPREAD,1,0.3383,-0.3383,-0.0006,-0.3060
2887,random,OUTCAST CROWD,MOVE SEED FALL,1,0.3009,-0.3009,0.0369,-0.3057
2888,attacker,FAMOUS,INSECT SPREAD,1,0.3383,-0.3383,-0.0006,-0.3074
2889,attacker,FAMOUS,INSECT SPREAD,1,0.3383,-0.3383,-0.0005,-0.3089
2890,attacker,FAMOUS,INSECT SPREAD,1,0.3383,-0.3383,-0.0005,-0.3104
2891,random,OPTIMAL MEMORY,SPREAD,1,0.3120,-0.3120,-0.0001,-0.3105
2892,random,LAW,SPREAD,1,0.2033,-0.2033,0.0014,-0.3051
2893,attacker,FAMOUS,INSECT SPREAD,1,0.3383,-0.3383,-0.0006,-0.3068
2894,random,SENSOR HEAR BROKEN ANGRY GUARD,FALL,1,0.3217,-0.3217,-0.0022,-0.3075
2895,attacker,FAMOUS,INSECT SPREAD,1,0.3383,-0.3383,-0.0005,-0.3090
2896,random,ASHAMED WOMAN SEE REBELLIOUS SOLDIER HEAR,BORDER FALL,1,0.3415,-0.3415,-0.1716,-0.3107
2897,random,OBEDIENT,CAT BURN,1,0.4000,-0.4000,-0.1578,-0.3151
2898,attacker,FAMOUS,INSECT SPREAD,1,0.3383,-0.3383,-0.0004,-0.3163
2899,attacker,FAMOUS,INSECT SPREAD,1,0.3383,-0.3383,-0.0004,-0.3174
2900,attacker,FAMOUS,INSECT SPREAD,1,0.3383,-0.3383,-0.0004,-0.3184
2901,attacker,FAMOUS,INSECT SPREAD,1,0.3383,-0.3383,-0.0003,-0.3194
2902,attacker,FAMOUS,INSECT SPREAD,1,0.3383,-0.3383,-0.0003,-0.3204
2903,attacker,FAMOUS,INSECT SPREAD,1,0.3383,-0.3383,-0.0003,-0.3213
2904,attacker,FAMOUS,INSECT SPREAD,1,0.3383,-0.3383,-0.0003,-0.3221
2905,attacker,FAMOUS,INSECT SPREAD,1,0.3383,-0.3383,-0.0003,-0.3229
2906,attacker,FAMOUS,INSECT SPREAD,1,0.3383,-0.3383,-0.0003,-0.3237
2907,random,IDENTITY GROW SPREAD GROW SPREAD GROW,SPREAD,1,0.1583,-0.1583,0.0031,-0.3154
2908,attacker,FAMOUS,INSECT SPREAD,1,0.3383,-0.3383,-0.0004,-0.3166
2909,attacker,FAMOUS,INSECT SPREAD,1,0.3383,-0.3383,-0.0004,-0.3176
2910,attacker,FAMOUS,INSECT SPREAD,1,0.3383,-0.3383,-0.0004,-0.3187
2911,attacker,FAMOUS,INSECT SPREAD,1,0.3383,-0.3383,-0.0003,-0.3197
2912,attacker,FAMOUS,INSECT SPREAD,1,0.3383,-0.3383,-0.0003,-0.3206
2913,random,LANGUAGE SPREAD,SPREAD,1,0.1012,-0.1012,0.0053,-0.3096
2914,attacker,FAMOUS,INSECT SPREAD,1,0.3383,-0.3383,-0.0005,-0.3111
2915,attacker,FAMOUS,INSECT SPREAD,1,0.3383,-0.3383,-0.0005,-0.3124
2916,attacker,FAMOUS,INSECT SPREAD,1,0.3383,-0.3383,-0.0005,-0.3137
2917,attacker,FAMOUS,INSECT SPREAD,1,0.3383,-0.3383,-0.0004,-0.3149
2918,random,FEAR,SPREAD,1,0.2077,-0.2077,0.0012,-0.3096
2919,attacker,FAMOUS,INSECT SPREAD,1,0.3383,-0.3383,-0.0005,-0.3110
2920,attacker,FAMOUS,INSECT SPREAD,1,0.3383,-0.3383,-0.0005,-0.3124
2921,random,SMALL MAP SPREAD FAIL SPREAD SPREAD,SPREAD,1,0.2354,-0.2354,0.0023,-0.3085
2922,random,TRUTH GROW SPREAD SPREAD GROW,SPREAD,1,0.1539,-0.1539,0.0037,-0.3008
2923,attacker,FAMOUS,INSECT SPREAD,1,0.3383,-0.3383,-0.0007,-0.3027
2924,random,SMALL,SEED FALL,0,1.4973,-1.4973,-6.2471,-0.3624
2925,random,ORDERED CAR,FAIL,1,0.3270,-0.3270,0.0413,-0.3606
2926,attacker,FAMOUS,INSECT SPREAD,1,0.3383,-0.3383,0.0004,-0.3595
2927,attacker,FAMOUS,INSECT SPREAD,1,0.3383,-0.3383,0.0004,-0.3584
2928,attacker,FAMOUS,INSECT SPREAD,1,0.3383,-0.3383,0.0004,-0.3574
2929,random,FOOD FALL,BURN,1,0.1734,-0.1734,0.0112,-0.3482
2930,attacker,FAMOUS,INSECT SPREAD,1,0.3383,-0.3383,0.0002,-0.3477
2931,attacker,FAMOUS,INSECT SPREAD,1,0.3383,-0.3383,0.0002,-0.3473
2932,random,ACTIVE CAR,FALL,1,0.3493,-0.3493,-0.0002,-0.3474
2933,random,TOOL BURN BURN,SPREAD,1,0.2598,-0.2598,0.0036,-0.3430
2934,random,SLOW,CAMERA FAIL,1,0.4721,-0.4721,-0.6745,-0.3494
2935,attacker,FAMOUS,INSECT SPREAD,1,0.3383,-0.3383,0.0002,-0.3489
2936,attacker,FAMOUS,INSECT SPREAD,1,0.3383,-0.3383,0.0002,-0.3484
2937,attacker,FAMOUS,INSECT SPREAD,1,0.3383,-0.3383,0.0002,-0.3478
2938,attacker,FAMOUS,INSECT SPREAD,1,0.3383,-0.3383,0.0002,-0.3474
2939,random,LIE,SPREAD,1,0.2129,-0.2129,0.0016,-0.3406
2940,attacker,FAMOUS,INSECT SPREAD,1,0.3383,-0.3383,0.0000,-0.3405
2941,attacker,FAMOUS,INSECT SPREAD,1,0.3383,-0.3383,0.0000,-0.3404
2942,attacker,FAMOUS,INSECT,0,1.2622,-1.2622,-5.1283,-0.3865
2943,attacker,FAMOUS,INSECT SPREAD,1,0.3383,-0.3383,0.0009,-0.3841
2944,attacker,FAMOUS,INSECT SPREAD,1,0.3383,-0.3383,0.0008,-0.3818
2945,random,WOLF HELP,INSECT,1,0.1110,-0.1110,0.1023,-0.3683
2946,attacker,FAMOUS,INSECT SPREAD,1,0.3383,-0.3383,0.0005,-0.3668
2947,attacker,FAMOUS,INSECT SPREAD,1,0.3383,-0.3383,0.0005,-0.3653
2948,attacker,FAMOUS,INSECT SPREAD,1,0.3383,-0.3383,0.0004,-0.3640
2949,random,POWER SPREAD GROW GROW,SPREAD,1,0.1598,-0.1598,0.0038,-0.3538
2950,attacker,FAMOUS,INSECT SPREAD,1,0.3383,-0.3383,0.0002,-0.3530
2951,attacker,FAMOUS,INSECT SPREAD,1,0.3383,-0.3383,0.0002,-0.3523
2952,attacker,FAMOUS,INSECT SPREAD,1,0.3383,-0.3383,0.0002,-0.3516
2953,attacker,FAMOUS,INSECT SPREAD,1,0.3383,-0.3383,0.0002,-0.3509
2954,attacker,FAMOUS,INSECT SPREAD,1,0.3383,-0.3383,0.0002,-0.3503
2955,attacker,FAMOUS,INSECT SPREAD,1,0.3383,-0.3383,0.0002,-0.3497
2956,attacker,FAMOUS,INSECT SPREAD,1,0.3383,-0.3383,0.0002,-0.3491
2957,attacker,FAMOUS,INSECT SPREAD,1,0.3383,-0.3383,0.0002,-0.3486
2958,random,FEAR GROW GROW,SPREAD,1,0.2254,-0.2254,0.0021,-0.3424
2959,attacker,FAMOUS,INSECT SPREAD,1,0.3383,-0.3383,0.0001,-0.3422
2960,attacker,FAMOUS,INSECT SPREAD,1,0.3383,-0.3383,0.0001,-0.3420
2961,random,SEED FALL BURN MOVE,STONE BURN,1,0.1179,-0.1179,1.2957,-0.3308
2962,random,CHILD ATTACK DRONE HELP PROUD OBEDIENT,STRANGER,1,0.2723,-0.2723,0.0722,-0.3279
2963,attacker,FAMOUS,INSECT SPREAD,1,0.3383,-0.3383,-0.0002,-0.3284
2964,random,FAST WOLF HEAR METAL,FALL,1,0.3159,-0.3159,0.0219,-0.3278
2965,attacker,FAMOUS,INSECT SPREAD,1,0.3383,-0.3383,-0.0002,-0.3283
2966,random,NETWORK GROW,SPREAD,1,0.2101,-0.2101,0.0023,-0.3224
2967,random,WEAK,DRONE FAIL,1,0.4365,-0.4365,-0.4749,-0.3281
2968,attacker,FAMOUS,INSECT SPREAD,1,0.3383,-0.3383,-0.0002,-0.3286
2969,random,LANGUAGE GROW SPREAD GROW GROW SPREAD,SPREAD,1,0.1563,-0.1563,0.0036,-0.3200
2970,attacker,FAMOUS,INSECT SPREAD,1,0.3383,-0.3383,-0.0003,-0.3209
2971,random,SMALL SOLDIER MOVE DUST BURN HEAR,LANGUAGE,1,0.3691,-0.3691,-0.1998,-0.3233
2972,attacker,FAMOUS,INSECT SPREAD,1,0.3383,-0.3383,-0.0002,-0.3241
2973,attacker,FAMOUS,INSECT SPREAD,1,0.3383,-0.3383,-0.0002,-0.3248
2974,random,STRONG,SEED BURN,1,0.3230,-0.3230,0.0028,-0.3247
2975,attacker,FAMOUS,INSECT SPREAD,1,0.3383,-0.3383,-0.0002,-0.3254
2976,attacker,FAMOUS,INSECT SPREAD,1,0.3383,-0.3383,-0.0002,-0.3260
2977,attacker,FAMOUS,INSECT SPREAD,1,0.3383,-0.3383,-0.0002,-0.3266
2978,attacker,FAMOUS,INSECT SPREAD,1,0.3383,-0.3383,-0.0002,-0.3272
2979,attacker,FAMOUS,INSECT SPREAD,1,0.3383,-0.3383,-0.0002,-0.3278
2980,attacker,FAMOUS,INSECT SPREAD,1,0.3383,-0.3383,-0.0002,-0.3283
2981,attacker,FAMOUS,INSECT SPREAD,1,0.3383,-0.3383,-0.0002,-0.3288
2982,random,AUTOMATED TRUTH GROW GROW,SPREAD,1,0.3134,-0.3134,0.0003,-0.3280
2983,attacker,FAMOUS,INSECT SPREAD,1,0.3383,-0.3383,-0.0002,-0.3285
2984,attacker,FAMOUS,INSECT SPREAD,1,0.3383,-0.3383,-0.0002,-0.3290
2985,attacker,FAMOUS,INSECT SPREAD,1,0.3383,-0.3383,-0.0001,-0.3295
2986,attacker,FAMOUS,INSECT SPREAD,1,0.3383,-0.3383,-0.0001,-0.3299
2987,random,ACTIVE HORSE BREAK,CLOCK BURN,1,0.2137,-0.2137,0.4924,-0.3241
2988,attacker,FAMOUS,INSECT SPREAD,1,0.3383,-0.3383,-0.0002,-0.3248
2989,attacker,FAMOUS,INSECT SPREAD,1,0.3383,-0.3383,-0.0002,-0.3255
2990,attacker,FAMOUS,PLAN SPREAD,0,1.3370,-1.3370,-7.9793,-0.3761
2991,attacker,FAMOUS,INSECT SPREAD,1,0.3383,-0.3383,0.0006,-0.3742
2992,attacker,FAMOUS,INSECT SPREAD,1,0.3383,-0.3383,0.0005,-0.3724
2993,attacker,FAMOUS,INSECT SPREAD,1,0.3383,-0.3383,0.0005,-0.3707
2994,attacker,FAMOUS,INSECT SPREAD,1,0.3383,-0.3383,0.0005,-0.3691
2995,random,WOMAN,BURN,1,0.2394,-0.2394,0.0510,-0.3626
2996,attacker,FAMOUS,INSECT SPREAD,1,0.3383,-0.3383,0.0003,-0.3614
2997,attacker,FAMOUS,INSECT SPREAD,1,0.3383,-0.3383,0.0003,-0.3602
2998,random,CONNECTED WOOD SPREAD BURN GROW SPREAD,SPREAD,1,0.2759,-0.2759,0.0163,-0.3560
2999,random,DEAD LEADER FALL FALL,BURN,1,0.2673,-0.2673,0.0152,-0.3515
3000,attacker,FAMOUS,INSECT SPREAD,1,0.3383,-0.3383,0.0002,-0.3509
3001,attacker,FAMOUS,INSECT SPREAD,1,0.3383,-0.3383,0.0002,-0.3503
3002,attacker,FAMOUS,INSECT SPREAD,1,0.3383,-0.3383,0.0002,-0.3497
3003,attacker,FAMOUS,INSECT SPREAD,1,0.3383,-0.3383,0.0002,-0.3491
3004,attacker,FAMOUS,INSECT SPREAD,1,0.3383,-0.3383,0.0002,-0.3485
3005,random,CHAOTIC,COMPUTER FALL,1,0.4647,-0.4647,-0.1186,-0.3544
3006,attacker,FAMOUS,INSECT SPREAD,1,0.3383,-0.3383,0.0002,-0.3536
3007,attacker,FAMOUS,INSECT SPREAD,1,0.3383,-0.3383,0.0002,-0.3528
3008,attacker,FAMOUS,INSECT SPREAD,1,0.3383,-0.3383,0.0002,-0.3521
3009,attacker,FAMOUS,INSECT SPREAD,1,0.3383,-0.3383,0.0002,-0.3514
3010,random,HEAVY,SEED BURN,1,0.3047,-0.3047,0.0599,-0.3490
3011,random,DIRTY,INSECT SPREAD,0,1.4873,-1.4873,-0.1537,-0.4060
3012,attacker,FAMOUS,INSECT SPREAD,1,0.3383,-0.3383,0.0010,-0.4026
3013,attacker,FAMOUS,INSECT SPREAD,1,0.3383,-0.3383,0.0009,-0.3994
3014,attacker,FAMOUS,INSECT SPREAD,1,0.3383,-0.3383,0.0009,-0.3963
3015,random,DORMANT LEADER THINK SLOW FAMOUS INSECT,FALL,1,0.3425,-0.3425,0.1101,-0.3936
3016,random,CALM SOLDIER SEE STRONG CLOCK BURN,BURN,1,0.2604,-0.2604,0.0162,-0.3870
3017,attacker,FAMOUS,INSECT SPREAD,1,0.3383,-0.3383,0.0007,-0.3845
3018,random,FREE CHILD SEE CALM TRAPPED,CAT BURN,0,1.2743,-1.2743,-1.8414,-0.4290
3019,random,FIRE SPREAD,SPREAD,1,0.1115,-0.1115,0.0801,-0.4131
3020,attacker,FAMOUS,INSECT SPREAD,1,0.3383,-0.3383,0.0011,-0.4094
3021,attacker,FAMOUS,INSECT SPREAD,1,0.3383,-0.3383,0.0010,-0.4058
3022,attacker,FAMOUS,INSECT SPREAD,1,0.3383,-0.3383,0.0010,-0.4025
3023,attacker,FAMOUS,INSECT SPREAD,1,0.3383,-0.3383,0.0009,-0.3992
3024,attacker,FAMOUS,INSECT SPREAD,1,0.3383,-0.3383,0.0009,-0.3962
3025,attacker,FAMOUS,INSECT SPREAD,1,0.3383,-0.3383,0.0009,-0.3933
3026,attacker,FAMOUS,INSECT SPREAD,1,0.3383,-0.3383,0.0008,-0.3906
3027,attacker,FAMOUS,INSECT SPREAD,1,0.3383,-0.3383,0.0008,-0.3879
3028,attacker,FAMOUS,INSECT SPREAD,1,0.3383,-0.3383,0.0007,-0.3855
3029,attacker,FAMOUS,INSECT SPREAD,1,0.3383,-0.3383,0.0007,-0.3831
3030,attacker,FAMOUS,INSECT SPREAD,1,0.3383,-0.3383,0.0007,-0.3809
3031,random,CAT ATTACK SOLDIER,BURN,1,0.2212,-0.2212,0.0122,-0.3729
3032,attacker,FAMOUS,INSECT SPREAD,1,0.3383,-0.3383,0.0005,-0.3711
3033,attacker,FAMOUS,INSECT SPREAD,1,0.3383,-0.3383,0.0005,-0.3695
3034,random,ISOLATED WOLF SPREAD BREAK TOOL BREAK,DENSE SEED,1,0.2873,-0.2873,0.4946,-0.3654
3035,attacker,FAMOUS,INSECT SPREAD,1,0.3383,-0.3383,0.0004,-0.3640
3036,attacker,FAMOUS,INSECT SPREAD,1,0.3383,-0.3383,0.0004,-0.3627
3037,attacker,FAMOUS,INSECT SPREAD,1,0.3383,-0.3383,0.0004,-0.3615
3038,attacker,FAMOUS,INSECT SPREAD,1,0.3383,-0.3383,0.0003,-0.3604
3039,attacker,FAMOUS,INSECT SPREAD,1,0.3383,-0.3383,0.0003,-0.3593
3040,attacker,FAMOUS,INSECT SPREAD,1,0.3383,-0.3383,0.0003,-0.3582
3041,attacker,FAMOUS,INSECT SPREAD,1,0.3383,-0.3383,0.0003,-0.3572
3042,attacker,FAMOUS,INSECT SPREAD,1,0.3383,-0.3383,0.0003,-0.3563
3043,attacker,FAMOUS,INSECT SPREAD,1,0.3383,-0.3383,0.0003,-0.3554
3044,attacker,FAMOUS,INSECT SPREAD,1,0.3383,-0.3383,0.0002,-0.3545
3045,attacker,FAMOUS,INSECT SPREAD,1,0.3383,-0.3383,0.0002,-0.3537
3046,random,TRUSTED,INSECT SPREAD,1,0.3366,-0.3366,0.0005,-0.3528
3047,random,DULL,INSECT SPREAD,0,1.4764,-1.4764,-0.5035,-0.4090
3048,attacker,FAMOUS,INSECT SPREAD,1,0.3383,-0.3383,0.0010,-0.4055
3049,attacker,FAMOUS,INSECT SPREAD,1,0.3383,-0.3383,0.0009,-0.4021
3050,random,ORDERED STRANGER,BURN,1,0.3282,-0.3282,0.0252,-0.3984
3051,attacker,FAMOUS,INSECT SPREAD,1,0.3383,-0.3383,0.0008,-0.3954
3052,attacker,FAMOUS,INSECT SPREAD,1,0.3383,-0.3383,0.0008,-0.3926
3053,attacker,FAMOUS,INSECT SPREAD,1,0.3383,-0.3383,0.0008,-0.3898
3054,attacker,FAMOUS,INSECT SPREAD,1,0.3383,-0.3383,0.0007,-0.3873
3055,random,ALGORITHM SPREAD GROW GROW SPREAD FAIL,SPREAD,1,0.1721,-0.1721,0.0046,-0.3765
3056,random,CORRUPTED,PHONE FALL,1,0.4668,-0.4668,-0.1246,-0.3810
3057,attacker,FAMOUS,INSECT SPREAD,1,0.3383,-0.3383,0.0006,-0.3789
3058,attacker,FAMOUS,INSECT SPREAD,1,0.3383,-0.3383,0.0006,-0.3769
3059,attacker,FAMOUS,INSECT SPREAD,1,0.3383,-0.3383,0.0005,-0.3749
3060,attacker,FAMOUS,INSECT SPREAD,1,0.3383,-0.3383,0.0005,-0.3731
3061,attacker,FAMOUS,INSECT SPREAD,1,0.3383,-0.3383,0.0005,-0.3714
3062,random,PATTERN GROW GROW,SPREAD,1,0.2343,-0.2343,0.0025,-0.3645
3063,attacker,FAMOUS,INSECT SPREAD,1,0.3383,-0.3383,0.0004,-0.3632
3064,attacker,FAMOUS,INSECT SPREAD,1,0.3383,-0.3383,0.0003,-0.3619
3065,attacker,FAMOUS,INSECT SPREAD,1,0.3383,-0.3383,0.0003,-0.3608
3066,attacker,FAMOUS,INSECT SPREAD,1,0.3383,-0.3383,0.0003,-0.3596
3067,attacker,FAMOUS,INSECT SPREAD,1,0.3383,-0.3383,0.0003,-0.3586
3068,attacker,FAMOUS,INSECT SPREAD,1,0.3383,-0.3383,0.0003,-0.3576
3069,attacker,FAMOUS,INSECT SPREAD,1,0.3383,-0.3383,0.0003,-0.3566
3070,attacker,FAMOUS,INSECT SPREAD,1,0.3383,-0.3383,0.0003,-0.3557
3071,attacker,FAMOUS,INSECT SPREAD,1,0.3383,-0.3383,0.0002,-0.3548
3072,random,CHANCE SPREAD,GROW,1,0.2488,-0.2488,0.4928,-0.3495
3073,attacker,FAMOUS,INSECT SPREAD,1,0.3383,-0.3383,0.0002,-0.3489
3074,attacker,FAMOUS,INSECT SPREAD,1,0.3383,-0.3383,0.0001,-0.3484
3075,attacker,FAMOUS,INSECT SPREAD,1,0.3383,-0.3383,0.0001,-0.3479
3076,attacker,FAMOUS,INSECT SPREAD,1,0.3383,-0.3383,0.0001,-0.3474
3077,random,IDENTITY,SPREAD,1,0.2161,-0.2161,0.0015,-0.3409
3078,attacker,FAMOUS,INSECT SPREAD,1,0.3383,-0.3383,0.0000,-0.3407
3079,attacker,FAMOUS,INSECT SPREAD,1,0.3383,-0.3383,0.0000,-0.3406
3080,attacker,FAMOUS,INSECT SPREAD,1,0.3383,-0.3383,0.0000,-0.3405
3081,attacker,FAMOUS,INSECT SPREAD,1,0.3383,-0.3383,0.0000,-0.3404
3082,attacker,FAMOUS,INSECT SPREAD,1,0.3383,-0.3383,0.0000,-0.3403
3083,attacker,FAMOUS,INSECT SPREAD,1,0.3383,-0.3383,0.0000,-0.3402
3084,attacker,FAMOUS,INSECT SPREAD,1,0.3383,-0.3383,0.0000,-0.3401
3085,attacker,FAMOUS,INSECT SPREAD,1,0.3383,-0.3383,0.0000,-0.3400
3086,attacker,FAMOUS,INSECT SPREAD,1,0.3383,-0.3383,0.0000,-0.3399
3087,random,VAST SEED BURN GROW MOVE INSECT,FALL,1,0.2870,-0.2870,0.1695,-0.3373
3088,attacker,FAMOUS,INSECT SPREAD,1,0.3383,-0.3383,-0.0000,-0.3373
3089,random,HAPPY CAT HEAR,ASHAMED ELDER BURN,1,0.2423,-0.2423,0.5924,-0.3326
3090,random,DRONE,FALL,1,0.2443,-0.2443,0.0102,-0.3281
3091,attacker,FAMOUS,TOOL SPREAD,0,1.3531,-1.3531,-9.2416,-0.3794
3092,attacker,FAMOUS,INSECT SPREAD,1,0.3383,-0.3383,0.0005,-0.3773
3093,random,ACTIVE,INSECT SPREAD,1,0.3454,-0.3454,0.0056,-0.3757
3094,attacker,FAMOUS,INSECT SPREAD,1,0.3383,-0.3383,0.0005,-0.3739
3095,random,TRUSTED,INSECT SPREAD,1,0.3366,-0.3366,0.0012,-0.3720
3096,attacker,FAMOUS,INSECT SPREAD,1,0.3383,-0.3383,0.0004,-0.3703
3097,attacker,FAMOUS,INSECT SPREAD,1,0.3383,-0.3383,0.0004,-0.3687
3098,attacker,FAMOUS,INSECT SPREAD,1,0.3383,-0.3383,0.0004,-0.3672
3099,random,MAN IMAGINE INSECT,BURN,1,0.2509,-0.2509,0.0171,-0.3614
3100,attacker,FAMOUS,INSECT SPREAD,1,0.3383,-0.3383,0.0003,-0.3602
3101,attacker,FAMOUS,INSECT SPREAD,1,0.3383,-0.3383,0.0003,-0.3591
3102,attacker,FAMOUS,INSECT SPREAD,1,0.3383,-0.3383,0.0003,-0.3581
3103,attacker,FAMOUS,INSECT SPREAD,1,0.3383,-0.3383,0.0003,-0.3571
3104,random,DORMANT IDENTITY GROW SPREAD SPREAD,SPREAD,1,0.2512,-0.2512,0.0031,-0.3518
3105,random,ASHAMED LEADER BUILD ENCRYPTED SHARP POISON,FALL,1,0.2980,-0.2980,0.0282,-0.3491
3106,attacker,FAMOUS,INSECT SPREAD,1,0.3383,-0.3383,0.0001,-0.3486
3107,random,WOOD BURN FALL FALL BURN FALL,BURN,1,0.1345,-0.1345,0.0203,-0.3379
3108,attacker,FAMOUS,INSECT SPREAD,1,0.3383,-0.3383,-0.0000,-0.3379
3109,random,MEMORY GROW GROW,SPREAD,1,0.2215,-0.2215,0.0025,-0.3321
3110,attacker,FAMOUS,INSECT SPREAD,1,0.3383,-0.3383,-0.0001,-0.3324
3111,random,SLOW FIRE BURN FALL FALL BURN,SPREAD,0,1.3692,-1.3692,-0.4795,-0.3842
3112,attacker,FAMOUS,INSECT SPREAD,1,0.3383,-0.3383,0.0006,-0.3819
3113,random,DORMANT ROBOT,FALL,1,0.3423,-0.3423,0.0039,-0.3799
3114,attacker,FAMOUS,INSECT SPREAD,1,0.3383,-0.3383,0.0005,-0.3779
3115,attacker,FAMOUS,INSECT SPREAD,1,0.3383,-0.3383,0.0005,-0.3759
3116,attacker,FAMOUS,INSECT SPREAD,1,0.3383,-0.3383,0.0005,-0.3740
3117,attacker,FAMOUS,INSECT SPREAD,1,0.3383,-0.3383,0.0004,-0.3722
3118,attacker,FAMOUS,INSECT SPREAD,1,0.3383,-0.3383,0.0004,-0.3705
3119,random,VAST,INSECT SPREAD,1,0.3310,-0.3310,0.0098,-0.3685
3120,random,PROUD STRANGER EAT,WATER,1,0.3296,-0.3296,0.0929,-0.3666
3121,attacker,FAMOUS,INSECT SPREAD,1,0.3383,-0.3383,0.0003,-0.3652
3122,attacker,FAMOUS,INSECT SPREAD,1,0.3383,-0.3383,0.0003,-0.3638
3123,attacker,FAMOUS,INSECT SPREAD,1,0.3383,-0.3383,0.0003,-0.3626
3124,attacker,FAMOUS,INSECT SPREAD,1,0.3383,-0.3383,0.0003,-0.3613
3125,random,TRAPPED,INSECT SPREAD,0,1.4414,-1.4414,-1.1792,-0.4153
3126,random,DIRTY,GUARD BURN,1,0.4381,-0.4381,-0.0354,-0.4165
3127,random,IDENTITY GROW GROW GROW GROW,SPREAD,1,0.2251,-0.2251,0.0055,-0.4069
3128,random,LIE SPREAD GROW SPREAD GROW,SPREAD,1,0.1551,-0.1551,0.0080,-0.3943
3129,attacker,FAMOUS,INSECT SPREAD,1,0.3383,-0.3383,0.0007,-0.3915
3130,random,FAMOUS INSECT,SPREAD,1,0.3176,-0.3176,0.0005,-0.3878
3131,random,DENSE DRONE BREAK,SEED,1,0.3004,-0.3004,0.2705,-0.3835
3132,attacker,FAMOUS,INSECT SPREAD,1,0.3383,-0.3383,0.0006,-0.3812
3133,attacker,FAMOUS,INSECT SPREAD,1,0.3383,-0.3383,0.0005,-0.3790
3134,attacker,FAMOUS,INSECT SPREAD,1,0.3383,-0.3383,0.0005,-0.3770
3135,random,OBEDIENT,CHILD FALL,1,0.4000,-0.4000,-0.1182,-0.3782
3136,attacker,FAMOUS,INSECT SPREAD,1,0.3383,-0.3383,0.0005,-0.3762
3137,attacker,FAMOUS,INSECT SPREAD,1,0.3383,-0.3383,0.0005,-0.3743
3138,attacker,FAMOUS,INSECT SPREAD,1,0.3383,-0.3383,0.0005,-0.3725
3139,attacker,FAMOUS,INSECT SPREAD,1,0.3383,-0.3383,0.0004,-0.3708
3140,attacker,FAMOUS,INSECT SPREAD,1,0.3383,-0.3383,0.0004,-0.3691
3141,attacker,FAMOUS,INSECT SPREAD,1,0.3383,-0.3383,0.0004,-0.3676
3142,attacker,FAMOUS,INSECT SPREAD,1,0.3383,-0.3383,0.0004,-0.3661
3143,attacker,FAMOUS,INSECT SPREAD,1,0.3383,-0.3383,0.0004,-0.3647
3144,random,HAPPY CHILD,BURN,1,0.3394,-0.3394,0.0042,-0.3635
3145,attacker,FAMOUS,INSECT SPREAD,1,0.3383,-0.3383,0.0003,-0.3622
3146,random,ISOLATED WOMAN BREAK WEAK,CAT,1,0.2703,-0.2703,0.2346,-0.3576
3147,attacker,FAMOUS,INSECT SPREAD,1,0.3383,-0.3383,0.0002,-0.3566
3148,attacker,FAMOUS,INSECT SPREAD,1,0.3383,-0.3383,0.0002,-0.3557
3149,attacker,FAMOUS,INSECT SPREAD,1,0.3383,-0.3383,0.0002,-0.3549
3150,attacker,FAMOUS,INSECT SPREAD,1,0.3383,-0.3383,0.0002,-0.3540
3151,attacker,FAMOUS,INSECT SPREAD,1,0.3383,-0.3383,0.0002,-0.3532
3152,attacker,FAMOUS,INSECT SPREAD,1,0.3383,-0.3383,0.0002,-0.3525
3153,attacker,FAMOUS,INSECT SPREAD,1,0.3383,-0.3383,0.0002,-0.3518
3154,attacker,FAMOUS,INSECT SPREAD,1,0.3383,-0.3383,0.0002,-0.3511
3155,attacker,FAMOUS,INSECT SPREAD,1,0.3383,-0.3383,0.0002,-0.3505
3156,random,DIRTY BOOK BURN GROW SPREAD,SPREAD,1,0.2830,-0.2830,0.0038,-0.3471
3157,random,COMPUTER SEE WOMAN,BURN,0,1.2230,-1.2230,-3.5090,-0.3909
3158,attacker,FAMOUS,INSECT SPREAD,1,0.3383,-0.3383,0.0007,-0.3883
3159,attacker,FAMOUS,INSECT SPREAD,1,0.3383,-0.3383,0.0006,-0.3858
3160,attacker,FAMOUS,INSECT SPREAD,1,0.3383,-0.3383,0.0006,-0.3834
3161,attacker,FAMOUS,INSECT SPREAD,1,0.3383,-0.3383,0.0006,-0.3811
3162,attacker,FAMOUS,INSECT SPREAD,1,0.3383,-0.3383,0.0005,-0.3790
3163,attacker,FAMOUS,INSECT SPREAD,1,0.3383,-0.3383,0.0005,-0.3769
3164,random,LEADER BUILD,WEAPON FALL,1,0.2006,-0.2006,0.6301,-0.3681
3165,random,VAST,INSECT SPREAD,1,0.3310,-0.3310,0.0016,-0.3663
3166,attacker,FAMOUS,INSECT SPREAD,1,0.3383,-0.3383,0.0004,-0.3649
3167,attacker,FAMOUS,INSECT SPREAD,1,0.3383,-0.3383,0.0003,-0.3635
3168,attacker,FAMOUS,INSECT SPREAD,1,0.3383,-0.3383,0.0003,-0.3623
3169,attacker,FAMOUS,INSECT SPREAD,1,0.3383,-0.3383,0.0003,-0.3611
3170,random,OPTIMAL GUARD HEAR CAMERA MOVE VAST,INSECT,1,0.2803,-0.2803,0.1702,-0.3570
3171,attacker,FAMOUS,INSECT SPREAD,1,0.3383,-0.3383,0.0002,-0.3561
3172,random,WEAK SENSOR FAIL FAIL FAIL FAIL,SPREAD,0,1.2962,-1.2962,-0.4277,-0.4031
3173,random,POISON,SPREAD,1,0.2264,-0.2264,0.0033,-0.3943
3174,random,LAW GROW,SPREAD,1,0.2020,-0.2020,0.0037,-0.3847
3175,random,DRONE SEE,BIRD,1,0.2304,-0.2304,0.5726,-0.3769
3176,random,CHOICE GROW GROW GROW SPREAD GROW,SPREAD,1,0.1719,-0.1719,0.0034,-0.3667
3177,random,SEED,BURN,1,0.2049,-0.2049,0.0835,-0.3586
3178,attacker,FAMOUS,INSECT SPREAD,1,0.3383,-0.3383,0.0003,-0.3576
3179,attacker,FAMOUS,INSECT SPREAD,1,0.3383,-0.3383,0.0002,-0.3566
3180,random,STONE BURN BURN,BURN,1,0.1004,-0.1004,0.0107,-0.3438
3181,attacker,FAMOUS,INSECT SPREAD,1,0.3383,-0.3383,0.0001,-0.3435
3182,attacker,FAMOUS,INSECT SPREAD,1,0.3383,-0.3383,0.0001,-0.3433
3183,attacker,FAMOUS,INSECT SPREAD,1,0.3383,-0.3383,0.0001,-0.3430
3184,attacker,FAMOUS,INSECT SPREAD,1,0.3383,-0.3383,0.0001,-0.3428
3185,attacker,FAMOUS,INSECT SPREAD,1,0.3383,-0.3383,0.0001,-0.3426
3186,random,DEBT,SPREAD,1,0.2036,-0.2036,0.0019,-0.3356
3187,attacker,FAMOUS,INSECT SPREAD,1,0.3383,-0.3383,-0.0000,-0.3358
3188,attacker,FAMOUS,INSECT SPREAD,1,0.3383,-0.3383,-0.0000,-0.3359
3189,random,ROBOT BUILD OBEDIENT BIRD FALL,BURN,0,1.2953,-1.2953,-0.1395,-0.3838
3190,attacker,FAMOUS,INSECT SPREAD,1,0.3383,-0.3383,0.0006,-0.3816
3191,attacker,FAMOUS,INSECT SPREAD,1,0.3383,-0.3383,0.0005,-0.3794
3192,attacker,FAMOUS,INSECT SPREAD,1,0.3383,-0.3383,0.0005,-0.3773
3193,attacker,FAMOUS,INSECT SPREAD,1,0.3383,-0.3383,0.0005,-0.3754
3194,attacker,FAMOUS,INSECT SPREAD,1,0.3383,-0.3383,0.0005,-0.3735
3195,attacker,FAMOUS,INSECT SPREAD,1,0.3383,-0.3383,0.0004,-0.3718
3196,attacker,FAMOUS,INSECT SPREAD,1,0.3383,-0.3383,0.0004,-0.3701
3197,attacker,FAMOUS,INSECT SPREAD,1,0.3383,-0.3383,0.0004,-0.3685
3198,attacker,FAMOUS,INSECT SPREAD,1,0.3383,-0.3383,0.0004,-0.3670
3199,attacker,FAMOUS,INSECT SPREAD,1,0.3383,-0.3383,0.0003,-0.3656
3200,attacker,FAMOUS,INSECT SPREAD,1,0.3383,-0.3383,0.0003,-0.3642
3201,random,ANGRY GUARD,FALL,1,0.3404,-0.3404,0.0159,-0.3630
3202,attacker,FAMOUS,INSECT SPREAD,1,0.3383,-0.3383,0.0003,-0.3618
3203,random,LANGUAGE SPREAD SPREAD SPREAD GROW,SPREAD,1,0.1503,-0.1503,0.0052,-0.3512
3204,random,GUARD FALL BREAK,CAR,1,0.2085,-0.2085,0.6919,-0.3441
3205,attacker,FAMOUS,INSECT SPREAD,1,0.3383,-0.3383,0.0001,-0.3438
3206,attacker,FAMOUS,INSECT SPREAD,1,0.3383,-0.3383,0.0001,-0.3435
3207,random,CLOCK SEE,WOLF,1,0.2172,-0.2172,0.4736,-0.3372
3208,attacker,FAMOUS,INSECT SPREAD,1,0.3383,-0.3383,-0.0000,-0.3372
3209,attacker,FAMOUS,INSECT SPREAD,1,0.3383,-0.3383,-0.0000,-0.3373
3210,attacker,FAMOUS,INSECT SPREAD,1,0.3383,-0.3383,-0.0000,-0.3373
3211,attacker,FAMOUS,INSECT SPREAD,1,0.3383,-0.3383,-0.0000,-0.3374
3212,attacker,FAMOUS,INSECT SPREAD,1,0.3383,-0.3383,-0.0000,-0.3374
3213,attacker,FAMOUS,INSECT SPREAD,1,0.3383,-0.3383,-0.0000,-0.3375
3214,attacker,FAMOUS,INSECT SPREAD,1,0.3383,-0.3383,-0.0000,-0.3375
3215,random,WOLF,CARRY SEED,1,0.2105,-0.2105,0.8969,-0.3312
3216,attacker,FAMOUS,INSECT SPREAD,1,0.3383,-0.3383,-0.0001,-0.3315
3217,attacker,FAMOUS,INSECT SPREAD,1,0.3383,-0.3383,-0.0001,-0.3319
3218,attacker,FAMOUS,INSECT SPREAD,1,0.3383,-0.3383,-0.0001,-0.3322
3219,attacker,FAMOUS,INSECT SPREAD,1,0.3383,-0.3383,-0.0001,-0.3325
3220,attacker,FAMOUS,INSECT SPREAD,1,0.3383,-0.3383,-0.0001,-0.3328
3221,attacker,FAMOUS,INSECT SPREAD,1,0.3383,-0.3383,-0.0001,-0.3330
3222,attacker,FAMOUS,INSECT SPREAD,1,0.3383,-0.3383,-0.0001,-0.3333
3223,attacker,FAMOUS,INSECT SPREAD,1,0.3383,-0.3383,-0.0001,-0.3336
3224,attacker,FAMOUS,INSECT SPREAD,1,0.3383,-0.3383,-0.0001,-0.3338
3225,attacker,FAMOUS,INSECT SPREAD,1,0.3383,-0.3383,-0.0001,-0.3340
3226,random,PHONE SEE COMPUTER HEAR MAN HEAR,OPTIMAL KEY,1,0.2865,-0.2865,0.2671,-0.3316
3227,random,SLOW COMPUTER FAIL,FAIL,1,0.2077,-0.2077,0.1182,-0.3254
3228,attacker,FAMOUS,INSECT SPREAD,1,0.3383,-0.3383,-0.0002,-0.3261
3229,random,DEAD LEADER FALL BURN,BURN,1,0.2337,-0.2337,0.0221,-0.3215
3230,random,DEAD LEADER,FALL,1,0.3127,-0.3127,0.0011,-0.3210
3231,attacker,FAMOUS,INSECT SPREAD,1,0.3383,-0.3383,-0.0002,-0.3219
3232,attacker,FAMOUS,INSECT SPREAD,1,0.3383,-0.3383,-0.0002,-0.3227
3233,attacker,FAMOUS,INSECT SPREAD,1,0.3383,-0.3383,-0.0002,-0.3235
3234,attacker,FAMOUS,INSECT SPREAD,1,0.3383,-0.3383,-0.0002,-0.3242
3235,attacker,FAMOUS,INSECT SPREAD,1,0.3383,-0.3383,-0.0002,-0.3249
3236,random,ENCRYPTED,GUARD HEAR KEY,1,0.3816,-0.3816,-0.5670,-0.3278
3237,random,SLOW PLAN,SPREAD,1,0.3027,-0.3027,0.0003,-0.3265
3238,attacker,FAMOUS,INSECT SPREAD,1,0.3383,-0.3383,-0.0001,-0.3271
3239,attacker,FAMOUS,INSECT SPREAD,1,0.3383,-0.3383,-0.0001,-0.3277
3240,random,SIMPLE SOLDIER FALL,BURN,1,0.2804,-0.2804,0.0063,-0.3253
3241,attacker,FAMOUS,INSECT SPREAD,1,0.3383,-0.3383,-0.0002,-0.3259
3242,random,CLOCK GENERATE CHANCE UPDATE DIRTY CONNECTED,BIRD,0,1.3608,-1.3608,-5.1643,-0.3777
3243,attacker,FAMOUS,INSECT SPREAD,1,0.3383,-0.3383,0.0005,-0.3757
3244,attacker,FAMOUS,INSECT SPREAD,1,0.3383,-0.3383,0.0004,-0.3738
3245,attacker,FAMOUS,INSECT SPREAD,1,0.3383,-0.3383,0.0004,-0.3721
3246,random,SOLDIER BUILD,WOOD FALL,1,0.2002,-0.2002,1.0051,-0.3635
3247,attacker,FAMOUS,INSECT SPREAD,1,0.3383,-0.3383,0.0003,-0.3622
3248,attacker,FAMOUS,INSECT SPREAD,1,0.3383,-0.3383,0.0003,-0.3610
3249,attacker,FAMOUS,INSECT SPREAD,1,0.3383,-0.3383,0.0003,-0.3599
3250,attacker,FAMOUS,INSECT SPREAD,1,0.3383,-0.3383,0.0003,-0.3588
3251,random,ANGRY DOG BURN WANT ANGRY,BIRD BURN,1,0.1611,-0.1611,0.6002,-0.3489
3252,attacker,FAMOUS,INSECT SPREAD,1,0.3383,-0.3383,0.0001,-0.3484
3253,attacker,FAMOUS,INSECT SPREAD,1,0.3383,-0.3383,0.0001,-0.3479
3254,attacker,FAMOUS,INSECT SPREAD,1,0.3383,-0.3383,0.0001,-0.3474
3255,random,GUARD GROW MOVE HAPPY BIG CAT,BURN,1,0.2896,-0.2896,0.0311,-0.3445
3256,attacker,FAMOUS,INSECT SPREAD,1,0.3383,-0.3383,0.0001,-0.3442
3257,attacker,FAMOUS,INSECT SPREAD,1,0.3383,-0.3383,0.0001,-0.3439
3258,attacker,FAMOUS,INSECT SPREAD,1,0.3383,-0.3383,0.0001,-0.3436
3259,attacker,FAMOUS,INSECT SPREAD,1,0.3383,-0.3383,0.0001,-0.3434
3260,random,BROKEN ROBOT FALL,FALL,1,0.2125,-0.2125,0.1036,-0.3368
3261,attacker,FAMOUS,INSECT SPREAD,1,0.3383,-0.3383,-0.0000,-0.3369
3262,attacker,FAMOUS,INSECT SPREAD,1,0.3383,-0.3383,-0.0000,-0.3370
3263,attacker,FAMOUS,INSECT SPREAD,1,0.3383,-0.3383,-0.0000,-0.3370
3264,attacker,FAMOUS,INSECT SPREAD,1,0.3383,-0.3383,-0.0000,-0.3371
3265,attacker,FAMOUS,INSECT SPREAD,1,0.3383,-0.3383,-0.0000,-0.3371
3266,random,METAL BURN FALL,BURN,1,0.1346,-0.1346,0.0092,-0.3270
3267,random,PLAN GROW GROW,SPREAD,1,0.2235,-0.2235,0.0022,-0.3218
3268,attacker,FAMOUS,INSECT SPREAD,1,0.3383,-0.3383,-0.0002,-0.3227
3269,attacker,FAMOUS,INSECT SPREAD,1,0.3383,-0.3383,-0.0002,-0.3234
3270,attacker,FAMOUS,INSECT SPREAD,1,0.3383,-0.3383,-0.0002,-0.3242
3271,random,SECRET TIME GROW SPREAD FAIL,SPREAD,1,0.2746,-0.2746,0.0016,-0.3217
3272,attacker,FAMOUS,INSECT SPREAD,1,0.3383,-0.3383,-0.0002,-0.3225
3273,attacker,FAMOUS,INSECT SPREAD,1,0.3383,-0.3383,-0.0002,-0.3233
3274,attacker,FAMOUS,INSECT SPREAD,1,0.3383,-0.3383,-0.0002,-0.3241
3275,attacker,FAMOUS,INSECT SPREAD,1,0.3383,-0.3383,-0.0002,-0.3248
3276,attacker,FAMOUS,INSECT SPREAD,1,0.3383,-0.3383,-0.0002,-0.3255
3277,attacker,FAMOUS,INSECT SPREAD,1,0.3383,-0.3383,-0.0002,-0.3261
3278,attacker,FAMOUS,INSECT SPREAD,1,0.3383,-0.3383,-0.0001,-0.3267
3279,attacker,FAMOUS,INSECT SPREAD,1,0.3383,-0.3383,-0.0001,-0.3273
3280,attacker,FAMOUS,INSECT SPREAD,1,0.3383,-0.3383,-0.0001,-0.3278
3281,attacker,FAMOUS,INSECT SPREAD,1,0.3383,-0.3383,-0.0001,-0.3284
3282,attacker,FAMOUS,INSECT SPREAD,1,0.3383,-0.3383,-0.0001,-0.3289
3283,attacker,FAMOUS,INSECT SPREAD,1,0.3383,-0.3383,-0.0001,-0.3293
3284,attacker,FAMOUS,INSECT SPREAD,1,0.3383,-0.3383,-0.0001,-0.3298
3285,attacker,FAMOUS,INSECT SPREAD,1,0.3383,-0.3383,-0.0001,-0.3302
3286,random,SAD,INSECT SPREAD,0,1.4546,-1.4546,-1.0160,-0.3864
3287,random,CHILD FOLLOW,SIGNAL BURN,1,0.2342,-0.2342,0.8139,-0.3788
3288,attacker,FAMOUS,INSECT SPREAD,1,0.3383,-0.3383,0.0005,-0.3768
3289,attacker,FAMOUS,INSECT SPREAD,1,0.3383,-0.3383,0.0005,-0.3749
3290,random,OPTIMAL SOLDIER UPDATE,CLEAN INSECT,0,1.2424,-1.2424,-3.8583,-0.4182
3291,attacker,FAMOUS,INSECT SPREAD,1,0.3383,-0.3383,0.0010,-0.4142
3292,attacker,FAMOUS,INSECT SPREAD,1,0.3383,-0.3383,0.0009,-0.4104
3293,attacker,FAMOUS,INSECT SPREAD,1,0.3383,-0.3383,0.0009,-0.4068
3294,attacker,FAMOUS,INSECT SPREAD,1,0.3383,-0.3383,0.0008,-0.4034
3295,attacker,FAMOUS,INSECT SPREAD,1,0.3383,-0.3383,0.0008,-0.4001
3296,random,PLAN FAIL,SPREAD,1,0.1838,-0.1838,0.0103,-0.3893
3297,random,WOOD BURN BURN FALL FALL FALL,BURN,1,0.1345,-0.1345,0.0111,-0.3766
3298,attacker,FAMOUS,INSECT SPREAD,1,0.3383,-0.3383,0.0005,-0.3747
3299,attacker,FAMOUS CAT,BURN,1,0.3422,-0.3422,0.0040,-0.3730
3300,attacker,FAMOUS,INSECT SPREAD,1,0.3383,-0.3383,0.0004,-0.3713
3301,random,SIGNAL SPREAD FAIL,SPREAD,1,0.1418,-0.1418,0.0051,-0.3598
3302,attacker,FAMOUS,INSECT SPREAD,1,0.3383,-0.3383,0.0003,-0.3588
3303,random,WOMAN,FALL,1,0.2375,-0.2375,0.2803,-0.3527
3304,attacker,FAMOUS,INSECT SPREAD,1,0.3383,-0.3383,0.0002,-0.3520
3305,attacker,FAMOUS,INSECT SPREAD,1,0.3383,-0.3383,0.0002,-0.3513
3306,attacker,FAMOUS,INSECT SPREAD,1,0.3383,-0.3383,0.0002,-0.3506
3307,random,IDENTITY,SPREAD,1,0.2161,-0.2161,0.0013,-0.3439
3308,attacker,FAMOUS,INSECT SPREAD,1,0.3383,-0.3383,0.0001,-0.3436
3309,random,POISON GROW BURN SPREAD FAIL GROW,SPREAD,1,0.1891,-0.1891,0.0029,-0.3359
3310,attacker,FAMOUS,INSECT SPREAD,1,0.3383,-0.3383,-0.0000,-0.3360
3311,attacker,FAMOUS,INSECT SPREAD,1,0.3383,-0.3383,-0.0000,-0.3361
3312,attacker,FAMOUS,INSECT SPREAD,1,0.3383,-0.3383,-0.0000,-0.3362
3313,random,MEMORY SPREAD FAIL,SPREAD,1,0.1406,-0.1406,0.0040,-0.3265
3314,attacker,FAMOUS,INSECT SPREAD,1,0.3383,-0.3383,-0.0001,-0.3271
3315,attacker,FAMOUS,INSECT SPREAD,1,0.3383,-0.3383,-0.0001,-0.3276
3316,attacker,FAMOUS,INSECT SPREAD,1,0.3383,-0.3383,-0.0001,-0.3281
3317,random,SIGNAL SPREAD,SPREAD,1,0.1020,-0.1020,0.0047,-0.3168
3318,random,MEMORY GROW,SPREAD SPREAD,1,0.2118,-0.2118,0.6053,-0.3116
3319,attacker,FAMOUS,INSECT SPREAD,1,0.3383,-0.3383,-0.0003,-0.3129
3320,random,PATTERN,SPREAD,1,0.2312,-0.2312,0.0013,-0.3088
3321,attacker,FAMOUS,INSECT SPREAD,1,0.3383,-0.3383,-0.0004,-0.3103
3322,attacker,FAMOUS,INSECT SPREAD,1,0.3383,-0.3383,-0.0004,-0.3117
3323,attacker,FAMOUS,INSECT SPREAD,1,0.3383,-0.3383,-0.0004,-0.3130
3324,attacker,FAMOUS,INSECT SPREAD,1,0.3383,-0.3383,-0.0004,-0.3143
3325,random,WOLF MOVE WATER WANT,SMALL FIRE,1,0.2896,-0.2896,0.1909,-0.3131
3326,random,WEAPON SPREAD SPREAD,SPREAD,1,0.1028,-0.1028,0.0042,-0.3025
3327,random,DOG WANT DUST BURN HELP DOG,FALL,1,0.2073,-0.2073,0.2338,-0.2978
3328,attacker,FAMOUS,INSECT SPREAD,1,0.3383,-0.3383,-0.0007,-0.2998
3329,attacker,FAMOUS,INSECT SPREAD,1,0.3383,-0.3383,-0.0007,-0.3017
3330,attacker,FAMOUS,INSECT SPREAD,1,0.3383,-0.3383,-0.0007,-0.3036
3331,random,PATTERN GROW,SPREAD,1,0.2302,-0.2302,0.0026,-0.2999
3332,random,POISON SPREAD,SPREAD,1,0.1058,-0.1058,0.0059,-0.2902
3333,attacker,FAMOUS,INSECT SPREAD,1,0.3383,-0.3383,-0.0009,-0.2926
3334,attacker,FAMOUS,INSECT SPREAD,1,0.3383,-0.3383,-0.0009,-0.2949
3335,attacker,FAMOUS,INSECT SPREAD,1,0.3383,-0.3383,-0.0008,-0.2970
3336,attacker,FAMOUS,INSECT SPREAD,1,0.3383,-0.3383,-0.0008,-0.2991
3337,random,SENSOR,FAIL,1,0.2216,-0.2216,0.0439,-0.2952
3338,attacker,FAMOUS,INSECT SPREAD,1,0.3383,-0.3383,-0.0008,-0.2974
3339,attacker,FAMOUS,INSECT SPREAD,1,0.3383,-0.3383,-0.0008,-0.2994
3340,attacker,FAMOUS,INSECT SPREAD,1,0.3383,-0.3383,-0.0007,-0.3014
3341,attacker,FAMOUS,INSECT SPREAD,1,0.3383,-0.3383,-0.0007,-0.3032
3342,random,SLOW NETWORK,SPREAD,1,0.3006,-0.3006,0.0001,-0.3031
3343,attacker,FAMOUS,INSECT SPREAD,1,0.3383,-0.3383,-0.0007,-0.3048
3344,random,ROBOT UPDATE AUTOMATED DORMANT CAR MOVE,DOG,1,0.3394,-0.3394,-0.1391,-0.3066
3345,attacker,FAMOUS,INSECT SPREAD,1,0.3383,-0.3383,-0.0006,-0.3082
3346,attacker,FAMOUS,INSECT SPREAD,1,0.3383,-0.3383,-0.0006,-0.3097
3347,random,CAMERA FALL UPDATE MAP,FAIL,1,0.2110,-0.2110,0.0161,-0.3047
3348,random,TRAPPED,SOLDIER BURN,1,0.4386,-0.4386,-0.4929,-0.3114
3349,random,LANGUAGE,SPREAD,1,0.2033,-0.2033,0.0024,-0.3060
3350,attacker,FAMOUS,INSECT SPREAD,1,0.3383,-0.3383,-0.0007,-0.3076
3351,attacker,FAMOUS,INSECT SPREAD,1,0.3383,-0.3383,-0.0006,-0.3092
3352,attacker,FAMOUS,INSECT SPREAD,1,0.3383,-0.3383,-0.0006,-0.3106
3353,attacker,FAMOUS,INSECT SPREAD,1,0.3383,-0.3383,-0.0006,-0.3120
3354,attacker,FAMOUS,INSECT SPREAD,1,0.3383,-0.3383,-0.0005,-0.3133
3355,attacker,FAMOUS,INSECT SPREAD,1,0.3383,-0.3383,-0.0005,-0.3146
3356,random,CORRUPTED,LAW SPREAD,1,0.4961,-0.4961,-0.7989,-0.3236
3357,attacker,FAMOUS,INSECT SPREAD,1,0.3383,-0.3383,-0.0003,-0.3244
3358,attacker,FAMOUS,INSECT SPREAD,1,0.3383,-0.3383,-0.0003,-0.3251
3359,random,MAP SPREAD GROW GROW SPREAD,SPREAD,1,0.1603,-0.1603,0.0084,-0.3168
3360,random,STRONG,TOOL GROW,1,0.3270,-0.3270,-0.1224,-0.3173
3361,random,CORRUPTED CAMERA MOVE RIVER,FALL,1,0.2696,-0.2696,0.0554,-0.3150
3362,attacker,FAMOUS,INSECT SPREAD,1,0.3383,-0.3383,-0.0005,-0.3161
3363,random,SECRET,INSECT SPREAD,0,1.4276,-1.4276,-0.2620,-0.3717
3364,attacker,FAMOUS,SEED BURN,0,1.4000,-1.4000,-7.6363,-0.4231
3365,random,WOOD,BURN,1,0.2030,-0.2030,0.0172,-0.4121
3366,random,WOLF BREAK FIRE GROW ATTACK MOUNTAIN,BURN,1,0.1708,-0.1708,0.1084,-0.4000
3367,attacker,FAMOUS,INSECT SPREAD,1,0.3383,-0.3383,0.0012,-0.3969
3368,attacker,FAMOUS,INSECT SPREAD,1,0.3383,-0.3383,0.0011,-0.3940
3369,attacker,FAMOUS,INSECT SPREAD,1,0.3383,-0.3383,0.0010,-0.3912
3370,random,FREE PLAN GROW GROW,SPREAD,1,0.3243,-0.3243,0.0018,-0.3879
3371,random,SAD LEADER,FALL,1,0.3445,-0.3445,0.0048,-0.3857
3372,attacker,FAMOUS,INSECT SPREAD,1,0.3383,-0.3383,0.0008,-0.3833
3373,attacker,FAMOUS,INSECT SPREAD,1,0.3383,-0.3383,0.0008,-0.3811
3374,attacker,FAMOUS,INSECT SPREAD,1,0.3383,-0.3383,0.0007,-0.3789
3375,random,CONNECTED,INSECT SPREAD,1,0.3172,-0.3172,0.0040,-0.3759
3376,random,CONNECTED DOG BREAK,CAT,0,1.2046,-1.2046,-4.5967,-0.4173
3377,attacker,FAMOUS,INSECT SPREAD,1,0.3383,-0.3383,0.0013,-0.4133
3378,attacker,FAMOUS,INSECT SPREAD,1,0.3383,-0.3383,0.0012,-0.4096
3379,attacker,FAMOUS,INSECT SPREAD,1,0.3383,-0.3383,0.0011,-0.4060
3380,attacker,FAMOUS,INSECT SPREAD,1,0.3383,-0.3383,0.0011,-0.4026
3381,attacker,FAMOUS,INSECT SPREAD,1,0.3383,-0.3383,0.0010,-0.3994
3382,attacker,FAMOUS,INSECT SPREAD,1,0.3383,-0.3383,0.0009,-0.3964
3383,attacker,FAMOUS,INSECT SPREAD,1,0.3383,-0.3383,0.0009,-0.3935
3384,attacker,FAMOUS,INSECT SPREAD,1,0.3383,-0.3383,0.0008,-0.3907
3385,attacker,FAMOUS,INSECT SPREAD,1,0.3383,-0.3383,0.0008,-0.3881
3386,attacker,FAMOUS,INSECT SPREAD,1,0.3383,-0.3383,0.0007,-0.3856
3387,random,LANGUAGE SPREAD SPREAD GROW,SPREAD,1,0.1505,-0.1505,0.0045,-0.3738
3388,attacker,FAMOUS,INSECT SPREAD,1,0.3383,-0.3383,0.0005,-0.3721
3389,attacker,FAMOUS,INSECT SPREAD,1,0.3383,-0.3383,0.0005,-0.3704
3390,attacker,FAMOUS,INSECT SPREAD,1,0.3383,-0.3383,0.0005,-0.3688
3391,random,ENGINE FALL UPDATE SMALL SHARP POISON,FALL,1,0.2807,-0.2807,0.0112,-0.3644
3392,attacker,FAMOUS,INSECT SPREAD,1,0.3383,-0.3383,0.0004,-0.3631
3393,attacker,FAMOUS,INSECT SPREAD,1,0.3383,-0.3383,0.0003,-0.3618
3394,attacker,FAMOUS,INSECT SPREAD,1,0.3383,-0.3383,0.0003,-0.3606
3395,random,WOLF ATTACK CAR EAT SAD CAT,BURN,1,0.2959,-0.2959,0.0121,-0.3574
3396,attacker,FAMOUS,INSECT SPREAD,1,0.3383,-0.3383,0.0003,-0.3564
3397,random,OUTCAST ELDER BUILD STRONG SIMPLE MAP,BURN,1,0.2876,-0.2876,0.1261,-0.3530
3398,attacker,FAMOUS,INSECT SPREAD,1,0.3383,-0.3383,0.0002,-0.3523
3399,attacker,FAMOUS,INSECT SPREAD,1,0.3383,-0.3383,0.0002,-0.3516
3400,random,FOOD FALL FALL FALL BURN,BURN,1,0.1357,-0.1357,0.0109,-0.3408
3401,attacker,FAMOUS,INSECT SPREAD,1,0.3383,-0.3383,0.0000,-0.3407
3402,attacker,FAMOUS,INSECT SPREAD,1,0.3383,-0.3383,0.0000,-0.3405
3403,attacker,FAMOUS,INSECT SPREAD,1,0.3383,-0.3383,0.0000,-0.3404
3404,attacker,FAMOUS,INSECT SPREAD,1,0.3383,-0.3383,0.0000,-0.3403
3405,attacker,FAMOUS,INSECT SPREAD,1,0.3383,-0.3383,0.0000,-0.3402
3406,attacker,FAMOUS,INSECT SPREAD SPREAD,1,0.3347,-0.3347,0.0335,-0.3399
3407,attacker,FAMOUS,INSECT SPREAD,1,0.3383,-0.3383,0.0000,-0.3399
3408,attacker,FAMOUS,INSECT SPREAD,1,0.3383,-0.3383,0.0000,-0.3398
3409,attacker,FAMOUS,INSECT SPREAD,1,0.3383,-0.3383,0.0000,-0.3397
3410,attacker,FAMOUS,INSECT SPREAD,1,0.3383,-0.3383,0.0000,-0.3396
3411,attacker,FAMOUS,INSECT SPREAD,1,0.3383,-0.3383,0.0000,-0.3396
3412,random,SHARP CROWD FALL BURN,BURN,1,0.2393,-0.2393,0.0056,-0.3345
3413,attacker,FAMOUS,INSECT SPREAD,1,0.3383,-0.3383,-0.0001,-0.3347
3414,attacker,FAMOUS,INSECT SPREAD,1,0.3383,-0.3383,-0.0001,-0.3349
3415,attacker,FAMOUS,INSECT SPREAD,1,0.3383,-0.3383,-0.0001,-0.3351
3416,attacker,FAMOUS,INSECT SPREAD,1,0.3383,-0.3383,-0.0000,-0.3352
3417,attacker,FAMOUS,INSECT SPREAD,1,0.3383,-0.3383,-0.0000,-0.3354
3418,attacker,FAMOUS,INSECT SPREAD,1,0.3383,-0.3383,-0.0000,-0.3355
3419,random,SEED,MOVE CAT BURN,1,0.2029,-0.2029,0.7233,-0.3289
3420,random,IDENTITY SPREAD,SPREAD,1,0.1054,-0.1054,0.0047,-0.3177
3421,attacker,FAMOUS,INSECT SPREAD,1,0.3383,-0.3383,-0.0003,-0.3188
3422,attacker,FAMOUS,INSECT SPREAD,1,0.3383,-0.3383,-0.0003,-0.3197
3423,attacker,FAMOUS,INSECT SPREAD,1,0.3383,-0.3383,-0.0003,-0.3207
3424,attacker,FAMOUS,INSECT SPREAD,1,0.3383,-0.3383,-0.0003,-0.3215
3425,random,WATER BURN,BURN BURN,1,0.1007,-0.1007,0.9681,-0.3105
3426,random,WOOD BURN,BURN,1,0.1007,-0.1007,0.0106,-0.3000
3427,attacker,FAMOUS,INSECT SPREAD,1,0.3383,-0.3383,-0.0006,-0.3019
3428,attacker,FAMOUS,INSECT SPREAD,1,0.3383,-0.3383,-0.0006,-0.3037
3429,attacker,FAMOUS,INSECT SPREAD,1,0.3383,-0.3383,-0.0006,-0.3055
3430,random,INSECT GROW GROW HEAR,WEAK INSECT SPREAD,0,1.2306,-1.2306,-4.6193,-0.3517
3431,attacker,FAMOUS,INSECT SPREAD,1,0.3383,-0.3383,0.0002,-0.3511
3432,random,FIRE BURN MOVE FOREST,BURN,1,0.1346,-0.1346,0.0444,-0.3402
3433,attacker,FAMOUS,INSECT SPREAD,1,0.3383,-0.3383,0.0000,-0.3401
3434,attacker,FAMOUS,INSECT SPREAD,1,0.3383,-0.3383,0.0000,-0.3400
3435,random,SOLDIER FALL MOVE,STONE BURN,1,0.1838,-0.1838,0.8325,-0.3322
3436,random,PROUD STRANGER MOVE DORMANT DIRTY,ELDER BURN,0,1.1791,-1.1791,-3.0529,-0.3746
3437,attacker,FAMOUS,INSECT SPREAD,1,0.3383,-0.3383,0.0006,-0.3728
3438,attacker,FAMOUS,INSECT SPREAD,1,0.3383,-0.3383,0.0006,-0.3710
3439,attacker,FAMOUS,INSECT SPREAD,1,0.3383,-0.3383,0.0006,-0.3694
3440,random,LANGUAGE SPREAD SPREAD,SPREAD,1,0.1006,-0.1006,0.0046,-0.3560
3441,attacker,FAMOUS,INSECT SPREAD,1,0.3383,-0.3383,0.0003,-0.3551
3442,attacker,FAMOUS,INSECT SPREAD,1,0.3383,-0.3383,0.0003,-0.3542
3443,random,ELDER KNOW,SMALL CHILD CHOOSE CLEAN DUST,1,0.2174,-0.2174,3.1322,-0.3474
3444,attacker,FAMOUS,INSECT SPREAD,1,0.3383,-0.3383,0.0002,-0.3469
3445,attacker,FAMOUS,INSECT SPREAD,1,0.3383,-0.3383,0.0001,-0.3465
3446,attacker,FAMOUS,INSECT SPREAD,1,0.3383,-0.3383,0.0001,-0.3461
3447,random,SEED,BURN,1,0.2049,-0.2049,0.0287,-0.3390
3448,attacker,FAMOUS,INSECT SPREAD,1,0.3383,-0.3383,0.0000,-0.3390
3449,attacker,FAMOUS,INSECT SPREAD,1,0.3383,-0.3383,0.0000,-0.3390
3450,random,FREE GUARD,BURN,1,0.3406,-0.3406,-0.0012,-0.3390
3451,attacker,FAMOUS,INSECT SPREAD,1,0.3383,-0.3383,0.0000,-0.3390
3452,attacker,FAMOUS,INSECT SPREAD,1,0.3383,-0.3383,0.0000,-0.3390
3453,attacker,FAMOUS,INSECT SPREAD,1,0.3383,-0.3383,0.0000,-0.3389
3454,random,WOLF,BURN,1,0.2303,-0.2303,0.0359,-0.3335
3455,attacker,FAMOUS,INSECT SPREAD,1,0.3383,-0.3383,-0.0001,-0.3337
3456,attacker,FAMOUS,INSECT SPREAD,1,0.3383,-0.3383,-0.0001,-0.3340
3457,attacker,FAMOUS,INSECT SPREAD,1,0.3383,-0.3383,-0.0001,-0.3342
3458,attacker,FAMOUS,INSECT SPREAD,1,0.3383,-0.3383,-0.0001,-0.3344
3459,random,SENSOR SEE,WOLF,1,0.2266,-0.2266,0.3381,-0.3290
3460,random,VAST,INSECT BURN,1,0.3103,-0.3103,0.0348,-0.3281
3461,random,ASHAMED WOLF,BURN,1,0.3100,-0.3100,0.0050,-0.3272
3462,attacker,FAMOUS,INSECT SPREAD,1,0.3383,-0.3383,-0.0002,-0.3277
3463,attacker,FAMOUS,INSECT SPREAD,1,0.3383,-0.3383,-0.0002,-0.3282
3464,attacker,FAMOUS,INSECT SPREAD,1,0.3383,-0.3383,-0.0001,-0.3287
3465,attacker,FAMOUS,INSECT SPREAD,1,0.3383,-0.3383,-0.0001,-0.3292
3466,attacker,FAMOUS,INSECT SPREAD,1,0.3383,-0.3383,-0.0001,-0.3297
3467,random,WOLF TRUST LEADER GROW THINK ROOM,BURN,1,0.2207,-0.2207,0.0152,-0.3242
3468,attacker,FAMOUS,INSECT SPREAD,1,0.3383,-0.3383,-0.0002,-0.3249
3469,random,STRONG,BIRD BURN,1,0.3164,-0.3164,0.0268,-0.3245
3470,attacker,FAMOUS,INSECT SPREAD,1,0.3383,-0.3383,-0.0002,-0.3252
3471,attacker,FAMOUS,INSECT SPREAD,1,0.3383,-0.3383,-0.0002,-0.3258
3472,random,ORDERED STRANGER BREAK WEAK ENGINE,BURN,1,0.2121,-0.2121,0.0051,-0.3202
3473,random,DRONE MOVE SLOW ISOLATED CROWD,FALL,1,0.2800,-0.2800,0.0026,-0.3182
3474,random,COMPUTER BREAK,HEAVY INSECT FALL,0,1.2808,-1.2808,-9.2369,-0.3663
3475,attacker,FAMOUS,INSECT SPREAD,1,0.3383,-0.3383,0.0004,-0.3649
3476,random,SENSOR HEAR,FAMOUS INSECT,1,0.3467,-0.3467,0.0654,-0.3640
3477,attacker,FAMOUS,INSECT SPREAD,1,0.3383,-0.3383,0.0003,-0.3627
3478,random,CAR SEE WEAPON MOVE,SEED,1,0.1764,-0.1764,0.5196,-0.3534
3479,random,DRONE UPDATE DORMANT SMALL DRONE UPDATE,CONNECTED CLOCK,0,1.2792,-1.2792,-7.3029,-0.3997
3480,attacker,FAMOUS,INSECT SPREAD,1,0.3383,-0.3383,0.0008,-0.3966
3481,attacker,FAMOUS,INSECT SPREAD,1,0.3383,-0.3383,0.0008,-0.3937
3482,random,CAMERA,FAIL,1,0.2374,-0.2374,0.0069,-0.3859
3483,attacker,FAMOUS,INSECT SPREAD,1,0.3383,-0.3383,0.0006,-0.3835
3484,random,ENGINE,FALL,1,0.2216,-0.2216,0.0154,-0.3754
3485,attacker,FAMOUS,INSECT SPREAD,1,0.3383,-0.3383,0.0005,-0.3735
3486,random,DOG HEAR DOG,BURN,1,0.2248,-0.2248,0.0272,-0.3661
3487,attacker,FAMOUS,INSECT SPREAD,1,0.3383,-0.3383,0.0004,-0.3647
3488,attacker,FAMOUS,INSECT SPREAD,1,0.3383,-0.3383,0.0003,-0.3634
3489,attacker,FAMOUS,INSECT SPREAD,1,0.3383,-0.3383,0.0003,-0.3621
3490,attacker,FAMOUS,INSECT SPREAD,1,0.3383,-0.3383,0.0003,-0.3609
3491,random,DEAD,LEADER FALL,1,0.4692,-0.4692,-0.0716,-0.3664
3492,attacker,FAMOUS,INSECT SPREAD,1,0.3383,-0.3383,0.0004,-0.3650
3493,attacker,FAMOUS,INSECT SPREAD,1,0.3383,-0.3383,0.0003,-0.3636
3494,random,WEAPON GROW BURN,SPREAD,1,0.2472,-0.2472,0.0076,-0.3578
3495,random,ANGRY,CHILD BURN,1,0.4000,-0.4000,-0.1079,-0.3599
3496,random,OUTCAST,CROWD SEE MOUNTAIN BURN,1,0.4323,-0.4323,-0.7650,-0.3635
3497,attacker,FAMOUS,INSECT SPREAD,1,0.3383,-0.3383,0.0003,-0.3623
3498,attacker,FAMOUS,INSECT SPREAD,1,0.3383,-0.3383,0.0003,-0.3611
3499,random,PROUD,STRANGER BURN,1,0.3859,-0.3859,-0.0086,-0.3623
3500,attacker,FAMOUS,INSECT SPREAD,1,0.3383,-0.3383,0.0003,-0.3611
3501,attacker,FAMOUS,INSECT SPREAD,1,0.3383,-0.3383,0.0003,-0.3600
3502,random,DORMANT ELDER ATTACK MOUNTAIN FOLLOW ALGORITHM,BURN,1,0.3230,-0.3230,0.0109,-0.3581
3503,attacker,FAMOUS,INSECT SPREAD,1,0.3383,-0.3383,0.0002,-0.3571
3504,attacker,FAMOUS,INSECT SPREAD,1,0.3383,-0.3383,0.0002,-0.3562
3505,attacker,FAMOUS,INSECT SPREAD,1,0.3383,-0.3383,0.0002,-0.3553
3506,attacker,FAMOUS,INSECT SPREAD,1,0.3383,-0.3383,0.0002,-0.3544
3507,random,SMALL STONE BURN,BURN,1,0.2007,-0.2007,0.0133,-0.3468
3508,attacker,FAMOUS,INSECT SPREAD,1,0.3383,-0.3383,0.0001,-0.3463
3509,attacker,FAMOUS,INSECT SPREAD,1,0.3383,-0.3383,0.0001,-0.3459
3510,attacker,FAMOUS,INSECT SPREAD,1,0.3383,-0.3383,0.0001,-0.3455
3511,attacker,FAMOUS,INSECT SPREAD,1,0.3383,-0.3383,0.0001,-0.3452
3512,attacker,FAMOUS,INSECT SPREAD,1,0.3383,-0.3383,0.0001,-0.3448
3513,random,ALGORITHM SPREAD,SPREAD,1,0.1093,-0.1093,0.0049,-0.3331
3514,attacker,FAMOUS,INSECT SPREAD,1,0.3383,-0.3383,-0.0001,-0.3333
3515,attacker,FAMOUS,INSECT SPREAD,1,0.3383,-0.3383,-0.0001,-0.3336
3516,random,STONE,BURN,1,0.2030,-0.2030,0.0078,-0.3270
3517,random,COMPUTER FAIL,FAIL,1,0.1075,-0.1075,0.2744,-0.3161
3518,random,CHOICE GROW GROW SPREAD,SPREAD,1,0.1637,-0.1637,0.0034,-0.3084
3519,attacker,FAMOUS,INSECT SPREAD,1,0.3383,-0.3383,-0.0004,-0.3099
3520,random,POISON BURN FALL BURN SPREAD,SPREAD,1,0.1953,-0.1953,0.0028,-0.3042
3521,random,WOLF,BURN,1,0.2303,-0.2303,0.0081,-0.3005
3522,attacker,FAMOUS,INSECT SPREAD,1,0.3383,-0.3383,-0.0005,-0.3024
3523,attacker,FAMOUS,INSECT SPREAD,1,0.3383,-0.3383,-0.0004,-0.3042
3524,random,BOOK,SPREAD SPREAD,1,0.2120,-0.2120,0.5544,-0.2996
3525,attacker,FAMOUS,INSECT SPREAD,1,0.3383,-0.3383,-0.0005,-0.3015
3526,random,DIRTY ELDER,FALL,1,0.3486,-0.3486,-0.1376,-0.3039
3527,random,SYSTEM GROW,SPREAD,1,0.2133,-0.2133,0.0017,-0.2993
3528,random,ASHAMED WOLF,BURN,1,0.3100,-0.3100,-0.0011,-0.2999
3529,attacker,FAMOUS,INSECT SPREAD,1,0.3383,-0.3383,-0.0006,-0.3018
3530,attacker,FAMOUS,INSECT SPREAD,1,0.3383,-0.3383,-0.0006,-0.3036
3531,random,IDENTITY GROW,SPREAD SPREAD,1,0.2104,-0.2104,0.4120,-0.2990
3532,attacker,FAMOUS,CAT BURN,1,0.3880,-0.3880,-0.6554,-0.3034
3533,attacker,FAMOUS,INSECT SPREAD,1,0.3383,-0.3383,-0.0008,-0.3052
3534,attacker,FAMOUS,INSECT SPREAD,1,0.3383,-0.3383,-0.0008,-0.3068
3535,random,WOMAN BURN,BURN,1,0.1156,-0.1156,0.0108,-0.2973
3536,attacker,FAMOUS,INSECT SPREAD SPREAD,1,0.3347,-0.3347,-0.1408,-0.2991
3537,attacker,FAMOUS,INSECT SPREAD,1,0.3383,-0.3383,-0.0013,-0.3011
3538,random,STRONG,SEED BURN,1,0.3230,-0.3230,-0.0227,-0.3022
3539,random,WEAPON SPREAD,SPREAD,1,0.1073,-0.1073,0.0138,-0.2924
3540,attacker,FAMOUS,INSECT SPREAD,1,0.3383,-0.3383,-0.0013,-0.2947
3541,random,WOLF THINK MAP BETRAY BIRD BUILD,SEED,1,0.2007,-0.2007,0.2658,-0.2900
3542,random,CHAOTIC SIGNAL SPREAD GROW GROW,SPREAD,1,0.2645,-0.2645,0.0009,-0.2887
3543,attacker,FAMOUS,INSECT SPREAD,1,0.3383,-0.3383,-0.0011,-0.2912
3544,attacker,FAMOUS,INSECT SPREAD,1,0.3383,-0.3383,-0.0010,-0.2936
3545,attacker,FAMOUS,INSECT SPREAD,1,0.3383,-0.3383,-0.0009,-0.2958
3546,random,TRUTH SPREAD GROW,SPREAD,1,0.1516,-0.1516,0.0034,-0.2886
3547,attacker,FAMOUS,INSECT SPREAD,1,0.3383,-0.3383,-0.0009,-0.2911
3548,attacker,FAMOUS,INSECT SPREAD,1,0.3383,-0.3383,-0.0008,-0.2934
3549,random,ERROR GROW GROW GROW FAIL FAIL,SPREAD,1,0.2083,-0.2083,0.0025,-0.2892
3550,attacker,FAMOUS,INSECT SPREAD,1,0.3383,-0.3383,-0.0008,-0.2916
3551,random,WOLF GROW,BURN,1,0.1841,-0.1841,0.0225,-0.2863
3552,attacker,FAMOUS,INSECT SPREAD,1,0.3383,-0.3383,-0.0008,-0.2889
3553,random,CHANCE SPREAD SPREAD SPREAD SPREAD,SPREAD,1,0.1000,-0.1000,0.0052,-0.2794
3554,attacker,FAMOUS,INSECT SPREAD,1,0.3383,-0.3383,-0.0009,-0.2824
3555,attacker,FAMOUS,INSECT SPREAD,1,0.3383,-0.3383,-0.0008,-0.2852
3556,attacker,FAMOUS,INSECT SPREAD,1,0.3383,-0.3383,-0.0008,-0.2878
3557,attacker,FAMOUS,INSECT SPREAD,1,0.3383,-0.3383,-0.0007,-0.2903
3558,attacker,FAMOUS,INSECT SPREAD,1,0.3383,-0.3383,-0.0007,-0.2927
3559,attacker,FAMOUS,INSECT SPREAD,1,0.3383,-0.3383,-0.0007,-0.2950
3560,attacker,FAMOUS,INSECT SPREAD,1,0.3383,-0.3383,-0.0006,-0.2972
3561,random,DULL ENGINE MOVE CLOCK MOVE GUARD,FALL,1,0.2827,-0.2827,0.0022,-0.2965
3562,attacker,FAMOUS,INSECT SPREAD,1,0.3383,-0.3383,-0.0006,-0.2985
3563,attacker,FAMOUS,INSECT SPREAD,1,0.3383,-0.3383,-0.0006,-0.3005
3564,random,SAD,CROWD FALL,1,0.4507,-0.4507,-0.8224,-0.3080
3565,attacker,FAMOUS,INSECT SPREAD,1,0.3383,-0.3383,-0.0004,-0.3096
3566,attacker,FAMOUS,INSECT SPREAD,1,0.3383,-0.3383,-0.0004,-0.3110
3567,attacker,FAMOUS,INSECT SPREAD,1,0.3383,-0.3383,-0.0004,-0.3124
3568,attacker,FAMOUS,INSECT SPREAD,1,0.3383,-0.3383,-0.0004,-0.3137
3569,random,ASHAMED WOLF BURN,BURN,1,0.2028,-0.2028,0.0041,-0.3081
3570,attacker,FAMOUS,INSECT SPREAD,1,0.3383,-0.3383,-0.0004,-0.3096
3571,random,PROUD,INSECT SPREAD,0,1.3366,-1.3366,-0.8739,-0.3610
3572,attacker,FAMOUS,INSECT SPREAD,1,0.3383,-0.3383,0.0003,-0.3598
3573,random,DEBT,SPREAD,1,0.2036,-0.2036,0.0032,-0.3520
3574,attacker,FAMOUS,INSECT SPREAD,1,0.3383,-0.3383,0.0002,-0.3513
3575,attacker,FAMOUS,INSECT SPREAD,1,0.3383,-0.3383,0.0002,-0.3507
3576,attacker,FAMOUS,INSECT SPREAD,1,0.3383,-0.3383,0.0002,-0.3501
3577,attacker,FAMOUS,INSECT SPREAD,1,0.3383,-0.3383,0.0002,-0.3495
3578,random,CAMERA FALL,FAIL,1,0.2576,-0.2576,0.0522,-0.3449
3579,random,FAMOUS,INSECT SPREAD,1,0.3383,-0.3383,0.0001,-0.3445
3580,attacker,FAMOUS,INSECT SPREAD,1,0.3383,-0.3383,0.0001,-0.3442
3581,attacker,FAMOUS,INSECT SPREAD,1,0.3383,-0.3383,0.0001,-0.3439
3582,random,DEAD LEADER GROW GROW FALL,BURN,1,0.2779,-0.2779,0.0033,-0.3406
3583,random,SYSTEM,SPREAD,1,0.2105,-0.2105,0.0024,-0.3341
3584,attacker,FAMOUS,INSECT SPREAD,1,0.3383,-0.3383,-0.0001,-0.3343
3585,attacker,FAMOUS,INSECT SPREAD,1,0.3383,-0.3383,-0.0001,-0.3345
3586,random,WOLF FORGET SMALL CLEAN CROWD MOVE,DRONE,1,0.3247,-0.3247,0.0395,-0.3340
3587,random,CLEAN SOLDIER SEE MAP SPREAD BUILD,OBEDIENT DEAD CAT,0,1.3658,-1.3658,-15.3151,-0.3856
3588,attacker,FAMOUS,INSECT SPREAD,1,0.3383,-0.3383,0.0007,-0.3833
3589,attacker,FAMOUS,INSECT SPREAD,1,0.3383,-0.3383,0.0006,-0.3810
3590,attacker,FAMOUS,INSECT SPREAD,1,0.3383,-0.3383,0.0006,-0.3789
3591,attacker,FAMOUS,INSECT SPREAD,1,0.3383,-0.3383,0.0006,-0.3768
3592,attacker,FAMOUS,INSECT SPREAD,1,0.3383,-0.3383,0.0005,-0.3749
3593,random,LEADER BUILD,SEED,1,0.2230,-0.2230,0.4175,-0.3673
3594,random,GUARD GROW,FALL,1,0.1907,-0.1907,0.7001,-0.3585
3595,random,CAR,HEAR CHAOTIC BORDER FAIL,1,0.3147,-0.3147,0.5218,-0.3563
3596,random,SMALL SEED,SPREAD,1,0.3532,-0.3532,0.0005,-0.3561
3597,random,VAST,INSECT BURN,1,0.3103,-0.3103,0.0042,-0.3539
3598,random,ENGINE GENERATE CHANCE,FALL,1,0.2604,-0.2604,0.0069,-0.3492
3599,attacker,FAMOUS,INSECT SPREAD,1,0.3383,-0.3383,0.0002,-0.3486
3600,attacker,FAMOUS,INSECT SPREAD,1,0.3383,-0.3383,0.0001,-0.3481
3601,random,SOLDIER SEE HOME GROW BUILD CHAOTIC,CAR,0,1.3058,-1.3058,-4.9670,-0.3960
3602,attacker,FAMOUS,INSECT SPREAD,1,0.3383,-0.3383,0.0008,-0.3931
3603,random,FREE,INSECT BURN,0,1.3793,-1.3793,-0.8123,-0.4424
3604,attacker,FAMOUS,INSECT SPREAD,1,0.3383,-0.3383,0.0015,-0.4372
3605,attacker,FAMOUS,INSECT SPREAD,1,0.3383,-0.3383,0.0014,-0.4323
3606,attacker,FAMOUS,INSECT SPREAD,1,0.3383,-0.3383,0.0013,-0.4276
3607,random,TRAPPED,DOG BURN,1,0.4354,-0.4354,-0.0218,-0.4280
3608,attacker,FAMOUS,INSECT SPREAD,1,0.3383,-0.3383,0.0012,-0.4235
3609,attacker,FAMOUS,INSECT SPREAD,1,0.3383,-0.3383,0.0012,-0.4192
3610,random,ERROR,SPREAD,1,0.2312,-0.2312,0.0034,-0.4098
3611,random,POWER GROW SPREAD GROW SPREAD SPREAD,SPREAD,1,0.1540,-0.1540,0.0046,-0.3970
3612,random,ERROR FAIL,SPREAD,1,0.1978,-0.1978,0.0055,-0.3871
3613,attacker,FAMOUS,INSECT SPREAD,1,0.3383,-0.3383,0.0007,-0.3846
3614,attacker,FAMOUS,INSECT SPREAD,1,0.3383,-0.3383,0.0006,-0.3823
3615,attacker,FAMOUS,INSECT SPREAD,1,0.3383,-0.3383,0.0006,-0.3801
3616,attacker,FAMOUS,INSECT SPREAD,1,0.3383,-0.3383,0.0005,-0.3780
3617,attacker,FAMOUS,INSECT SPREAD,1,0.3383,-0.3383,0.0005,-0.3760
3618,random,SMALL,HORSE BURN,1,0.4949,-0.4949,-0.3997,-0.3820
3619,attacker,FAMOUS,INSECT SPREAD,1,0.3383,-0.3383,0.0006,-0.3798
3620,attacker,FAMOUS,INSECT SPREAD,1,0.3383,-0.3383,0.0005,-0.3777
3621,attacker,FAMOUS,INSECT SPREAD,1,0.3383,-0.3383,0.0005,-0.3757
3622,attacker,FAMOUS,INSECT SPREAD,1,0.3383,-0.3383,0.0005,-0.3739
3623,random,DIRTY GUARD MOVE,SEED,1,0.3042,-0.3042,0.2343,-0.3704
3624,attacker,FAMOUS,INSECT SPREAD,1,0.3383,-0.3383,0.0004,-0.3688
3625,attacker,FAMOUS,INSECT SPREAD,1,0.3383,-0.3383,0.0004,-0.3673
3626,random,SIGNAL FAIL FAIL FAIL GROW SPREAD,SPREAD,1,0.1760,-0.1760,0.0036,-0.3577
3627,attacker,FAMOUS,INSECT SPREAD,1,0.3383,-0.3383,0.0002,-0.3567
3628,attacker,FAMOUS,INSECT SPREAD,1,0.3383,-0.3383,0.0002,-0.3558
3629,random,HORSE FOLLOW FREE SECRET CAT,BURN,1,0.3237,-0.3237,0.0014,-0.3542
3630,attacker,FAMOUS,INSECT SPREAD,1,0.3383,-0.3383,0.0002,-0.3534
3631,attacker,FAMOUS,INSECT SPREAD,1,0.3383,-0.3383,0.0002,-0.3526
3632,attacker,FAMOUS,INSECT SPREAD,1,0.3383,-0.3383,0.0002,-0.3519
3633,attacker,FAMOUS,INSECT SPREAD,1,0.3383,-0.3383,0.0002,-0.3512
3634,random,SYSTEM,SPREAD,1,0.2105,-0.2105,0.0022,-0.3442
3635,attacker,FAMOUS,INSECT SPREAD,1,0.3383,-0.3383,0.0001,-0.3439
3636,attacker,FAMOUS,INSECT SPREAD,1,0.3383,-0.3383,0.0001,-0.3436
3637,attacker,FAMOUS,INSECT SPREAD,1,0.3383,-0.3383,0.0001,-0.3434
3638,random,HAPPY,INSECT SPREAD,0,1.3379,-1.3379,-0.9247,-0.3931
3639,random,CAT BREAK SAD SHARP BIRD,BURN,1,0.2099,-0.2099,0.0071,-0.3839
3640,random,HAPPY DOG CARRY FIRE HELP FREE,INSECT,1,0.2588,-0.2588,0.0281,-0.3777
3641,random,WOOD,BURN,1,0.2030,-0.2030,0.0043,-0.3689
3642,random,FIRE,BURN,1,0.2049,-0.2049,0.0095,-0.3607
3643,random,ENGINE,FALL,1,0.2216,-0.2216,0.0086,-0.3538
3644,attacker,FAMOUS,INSECT SPREAD,1,0.3383,-0.3383,0.0002,-0.3530
3645,attacker,FAMOUS,INSECT SPREAD,1,0.3383,-0.3383,0.0002,-0.3523
3646,attacker,FAMOUS,INSECT SPREAD,1,0.3383,-0.3383,0.0002,-0.3516
3647,attacker,FAMOUS,INSECT SPREAD,1,0.3383,-0.3383,0.0002,-0.3509
3648,attacker,FAMOUS,INSECT SPREAD,1,0.3383,-0.3383,0.0002,-0.3503
3649,attacker,FAMOUS,INSECT SPREAD,1,0.3383,-0.3383,0.0001,-0.3497
3650,random,HEAVY PHONE,FALL,1,0.3343,-0.3343,0.0048,-0.3489
3651,attacker,FAMOUS,INSECT SPREAD,1,0.3383,-0.3383,0.0001,-0.3484
3652,random,SLOW,INSECT SPREAD,0,1.4546,-1.4546,-0.8592,-0.4037
3653,random,ERROR FAIL SPREAD GROW GROW FAIL,SPREAD,1,0.1795,-0.1795,0.0062,-0.3925
3654,attacker,FAMOUS,INSECT SPREAD,1,0.3383,-0.3383,0.0007,-0.3898
3655,attacker,FAMOUS,INSECT SPREAD,1,0.3383,-0.3383,0.0006,-0.3872
3656,random,ELDER HELP INSECT ASK TRUSTED CHILD,BURN,1,0.3493,-0.3493,0.0050,-0.3853
3657,attacker,FAMOUS,INSECT SPREAD,1,0.3383,-0.3383,0.0006,-0.3829
3658,attacker,FAMOUS,INSECT SPREAD,1,0.3383,-0.3383,0.0005,-0.3807
3659,random,CHOICE GROW SPREAD,SPREAD,1,0.1588,-0.1588,0.0037,-0.3696
3660,attacker,FAMOUS,INSECT SPREAD,1,0.3383,-0.3383,0.0004,-0.3680
3661,attacker,FAMOUS,INSECT SPREAD,1,0.3383,-0.3383,0.0004,-0.3666
3662,attacker,FAMOUS,INSECT SPREAD,1,0.3383,-0.3383,0.0003,-0.3651
3663,attacker,FAMOUS,INSECT SPREAD,1,0.3383,-0.3383,0.0003,-0.3638
3664,attacker,FAMOUS,INSECT SPREAD,1,0.3383,-0.3383,0.0003,-0.3625
3665,attacker,FAMOUS,INSECT SPREAD,1,0.3383,-0.3383,0.0003,-0.3613
3666,random,CHOICE,SPREAD,1,0.2266,-0.2266,0.0011,-0.3546
3667,attacker,FAMOUS,INSECT SPREAD,1,0.3383,-0.3383,0.0002,-0.3538
3668,attacker,FAMOUS,INSECT SPREAD,1,0.3383,-0.3383,0.0002,-0.3530
3669,random,METAL FALL,SHARP FIRE BURN,0,1.2403,-1.2403,-10.0130,-0.3974
3670,attacker,FAMOUS,INSECT SPREAD,1,0.3383,-0.3383,0.0007,-0.3944
3671,random,MEMORY GROW GROW GROW SPREAD FAIL,SPREAD,1,0.1752,-0.1752,0.0063,-0.3834
3672,attacker,FAMOUS,INSECT SPREAD,1,0.3383,-0.3383,0.0005,-0.3812
3673,random,AUTOMATED GUARD GENERATE DEBT UPDATE DIRTY,MAP,1,0.3172,-0.3172,0.0386,-0.3780
3674,random,REBELLIOUS GUARD,WANT ENCRYPTED CHAOTIC RULE BURN,1,0.3271,-0.3271,1.0612,-0.3754
3675,attacker,FAMOUS,INSECT SPREAD,1,0.3383,-0.3383,0.0004,-0.3736
3676,attacker,FAMOUS,INSECT SPREAD,1,0.3383,-0.3383,0.0004,-0.3718
3677,attacker,FAMOUS,INSECT SPREAD,1,0.3383,-0.3383,0.0004,-0.3701
3678,attacker,FAMOUS,INSECT SPREAD,1,0.3383,-0.3383,0.0004,-0.3685
3679,attacker,FAMOUS,INSECT SPREAD,1,0.3383,-0.3383,0.0004,-0.3670
3680,attacker,FAMOUS,INSECT SPREAD,1,0.3383,-0.3383,0.0003,-0.3656
3681,random,BORDER GROW GROW,SPREAD,1,0.2155,-0.2155,0.0020,-0.3581
3682,random,HORSE,BURN,1,0.2156,-0.2156,0.0140,-0.3510
3683,attacker,FAMOUS,INSECT SPREAD,1,0.3383,-0.3383,0.0002,-0.3503
3684,attacker,FAMOUS,INSECT SPREAD,1,0.3383,-0.3383,0.0001,-0.3497
3685,attacker,FAMOUS,INSECT SPREAD,1,0.3383,-0.3383,0.0001,-0.3492
3686,attacker,FAMOUS,INSECT SPREAD,1,0.3383,-0.3383,0.0001,-0.3486
3687,attacker,FAMOUS,INSECT SPREAD,1,0.3383,-0.3383,0.0001,-0.3481
3688,attacker,FAMOUS,INSECT SPREAD,1,0.3383,-0.3383,0.0001,-0.3476
3689,attacker,FAMOUS,INSECT SPREAD,1,0.3383,-0.3383,0.0001,-0.3471
3690,attacker,FAMOUS,INSECT SPREAD,1,0.3383,-0.3383,0.0001,-0.3467
3691,random,WOOD FALL,BURN,1,0.1697,-0.1697,0.0067,-0.3378
3692,attacker,FAMOUS,INSECT SPREAD,1,0.3383,-0.3383,-0.0000,-0.3379
3693,random,WATER BURN,BURN,1,0.1007,-0.1007,0.0079,-0.3260
3694,attacker,FAMOUS,INSECT SPREAD,1,0.3383,-0.3383,-0.0001,-0.3266
3695,random,CHAOTIC,COMPUTER FALL,1,0.4647,-0.4647,-0.2111,-0.3335
3696,attacker,FAMOUS,INSECT SPREAD,1,0.3383,-0.3383,-0.0001,-0.3338
3697,attacker,FAMOUS,INSECT SPREAD,1,0.3383,-0.3383,-0.0001,-0.3340
3698,attacker,FAMOUS,INSECT SPREAD,1,0.3383,-0.3383,-0.0001,-0.3342
3699,attacker,FAMOUS,INSECT SPREAD,1,0.3383,-0.3383,-0.0000,-0.3344
3700,attacker,FAMOUS,INSECT SPREAD,1,0.3383,-0.3383,-0.0000,-0.3346
3701,random,BIRD,BURN,1,0.2294,-0.2294,0.0079,-0.3293
3702,random,LEADER BURN BURN BUILD RIVER,FALL,1,0.1934,-0.1934,0.1490,-0.3225
3703,attacker,FAMOUS,INSECT SPREAD,1,0.3383,-0.3383,-0.0002,-0.3233
3704,random,SYSTEM GROW SPREAD SPREAD SPREAD,SPREAD,1,0.1519,-0.1519,0.0034,-0.3148
3705,attacker,FAMOUS,INSECT SPREAD,1,0.3383,-0.3383,-0.0003,-0.3159
3706,attacker,FAMOUS,INSECT SPREAD,1,0.3383,-0.3383,-0.0003,-0.3171
3707,attacker,FAMOUS,INSECT SPREAD,1,0.3383,-0.3383,-0.0003,-0.3181
3708,random,CALM WOLF HEAR OBEDIENT REBELLIOUS,CAT,0,1.2103,-1.2103,-1.5412,-0.3627
3709,attacker,FAMOUS,INSECT SPREAD,1,0.3383,-0.3383,0.0003,-0.3615
3710,random,DENSE TOOL,BURN,1,0.3030,-0.3030,0.0022,-0.3586
3711,attacker,FAMOUS,INSECT SPREAD,1,0.3383,-0.3383,0.0002,-0.3576
3712,attacker,FAMOUS,INSECT SPREAD,1,0.3383,-0.3383,0.0002,-0.3566
3713,random,STRANGER,BURN,1,0.2314,-0.2314,0.0148,-0.3503
3714,attacker,FAMOUS,INSECT SPREAD,1,0.3383,-0.3383,0.0001,-0.3497
3715,attacker,FAMOUS,INSECT SPREAD,1,0.3383,-0.3383,0.0001,-0.3492
3716,attacker,FAMOUS,INSECT SPREAD,1,0.3383,-0.3383,0.0001,-0.3486
3717,attacker,FAMOUS,INSECT SPREAD,1,0.3383,-0.3383,0.0001,-0.3481
3718,random,PATTERN FAIL,SPREAD,1,0.1978,-0.1978,0.0034,-0.3406
3719,attacker,FAMOUS,INSECT SPREAD,1,0.3383,-0.3383,0.0000,-0.3405
3720,attacker,FAMOUS,INSECT SPREAD,1,0.3383,-0.3383,0.0000,-0.3404
3721,attacker,FAMOUS,INSECT SPREAD,1,0.3383,-0.3383,0.0000,-0.3403
3722,attacker,FAMOUS,INSECT SPREAD,1,0.3383,-0.3383,0.0000,-0.3402
3723,random,WEAK,CROWD SPREAD,1,0.4511,-0.4511,-0.4059,-0.3457
3724,attacker,FAMOUS,INSECT SPREAD,1,0.3383,-0.3383,0.0001,-0.3453
3725,attacker,FAMOUS,INSECT SPREAD,1,0.3383,-0.3383,0.0001,-0.3450
3726,attacker,FAMOUS,INSECT SPREAD,1,0.3383,-0.3383,0.0001,-0.3446
3727,attacker,FAMOUS,INSECT SPREAD,1,0.3383,-0.3383,0.0001,-0.3443
3728,random,WOOD FALL,BURN,1,0.1697,-0.1697,0.0063,-0.3356
3729,random,DEAD,LEADER FALL,1,0.4692,-0.4692,-0.2002,-0.3423
3730,attacker,FAMOUS,INSECT SPREAD,1,0.3383,-0.3383,0.0000,-0.3421
3731,attacker,FAMOUS,INSECT SPREAD,1,0.3383,-0.3383,0.0000,-0.3419
3732,attacker,FAMOUS,INSECT SPREAD,1,0.3383,-0.3383,0.0000,-0.3417
3733,attacker,FAMOUS,INSECT SPREAD,1,0.3383,-0.3383,0.0000,-0.3415
3734,attacker,FAMOUS,INSECT SPREAD,1,0.3383,-0.3383,0.0000,-0.3414
3735,random,SHARP SOLDIER,BURN,1,0.3186,-0.3186,0.0069,-0.3402
3736,attacker,FAMOUS,INSECT SPREAD,1,0.3383,-0.3383,0.0000,-0.3401
3737,attacker,FAMOUS,INSECT SPREAD,1,0.3383,-0.3383,0.0000,-0.3400
3738,attacker,FAMOUS,INSECT SPREAD,1,0.3383,-0.3383,0.0000,-0.3400
3739,attacker,FAMOUS,INSECT SPREAD,1,0.3383,-0.3383,0.0000,-0.3399
3740,random,CORRUPTED,NETWORK SPREAD,1,0.4950,-0.4950,-0.2239,-0.3476
3741,random,ENGINE ENCODE,DEBT FALL,1,0.2326,-0.2326,0.4466,-0.3419
3742,attacker,FAMOUS,INSECT SPREAD,1,0.3383,-0.3383,0.0000,-0.3417
3743,attacker,FAMOUS,INSECT SPREAD,1,0.3383,-0.3383,0.0000,-0.3415
3744,attacker,FAMOUS,INSECT SPREAD,1,0.3383,-0.3383,0.0000,-0.3414
3745,attacker,FAMOUS,INSECT SPREAD,1,0.3383,-0.3383,0.0000,-0.3412
3746,attacker,FAMOUS,INSECT SPREAD,1,0.3383,-0.3383,0.0000,-0.3411
3747,random,IDENTITY,SPREAD,1,0.2161,-0.2161,0.0013,-0.3348
3748,random,CLOCK,FAIL,1,0.2329,-0.2329,0.0106,-0.3297
3749,random,WEAPON BURN FALL FALL BURN,SPREAD,1,0.2615,-0.2615,0.0076,-0.3263
3750,attacker,FAMOUS,INSECT SPREAD,1,0.3383,-0.3383,-0.0001,-0.3269
3751,random,ORDERED GUARD SPREAD HEAR VAST AUTOMATED,VAST WEAPON,0,1.2729,-1.2729,-9.3824,-0.3742
3752,attacker,FAMOUS,INSECT SPREAD,1,0.3383,-0.3383,0.0004,-0.3724
3753,random,REBELLIOUS,SOLDIER BURN,1,0.4125,-0.4125,-0.0539,-0.3744
3754,attacker,FAMOUS,INSECT SPREAD,1,0.3383,-0.3383,0.0004,-0.3726
3755,attacker,FAMOUS,INSECT SPREAD,1,0.3383,-0.3383,0.0004,-0.3709
3756,attacker,FAMOUS,INSECT SPREAD,1,0.3383,-0.3383,0.0004,-0.3693
3757,random,CHANCE GROW SPREAD SPREAD SPREAD GROW,SPREAD,1,0.1548,-0.1548,0.0030,-0.3585
3758,attacker,FAMOUS,INSECT SPREAD,1,0.3383,-0.3383,0.0002,-0.3575
3759,attacker,FAMOUS,INSECT SPREAD,1,0.3383,-0.3383,0.0002,-0.3566
3760,attacker,FAMOUS,INSECT SPREAD,1,0.3383,-0.3383,0.0002,-0.3557
3761,attacker,FAMOUS,INSECT SPREAD,1,0.3383,-0.3383,0.0002,-0.3548
3762,attacker,FAMOUS,INSECT SPREAD,1,0.3383,-0.3383,0.0002,-0.3540
3763,random,OBEDIENT DOG,BURN,1,0.3293,-0.3293,0.0020,-0.3527
3764,attacker,FAMOUS,INSECT SPREAD,1,0.3383,-0.3383,0.0002,-0.3520
3765,attacker,FAMOUS,INSECT SPREAD,1,0.3383,-0.3383,0.0002,-0.3513
3766,attacker,FAMOUS,INSECT SPREAD,1,0.3383,-0.3383,0.0002,-0.3507
3767,attacker,FAMOUS,INSECT SPREAD,1,0.3383,-0.3383,0.0001,-0.3500
3768,attacker,FAMOUS,INSECT SPREAD,1,0.3383,-0.3383,0.0001,-0.3495
3769,attacker,FAMOUS,INSECT SPREAD,1,0.3383,-0.3383,0.0001,-0.3489
3770,random,MAN MOVE STONE,BURN,1,0.1794,-0.1794,0.0127,-0.3404
3771,attacker,FAMOUS,INSECT SPREAD,1,0.3383,-0.3383,0.0000,-0.3403
3772,random,OPTIMAL,MEMORY SPREAD,1,0.3318,-0.3318,0.0194,-0.3399
3773,attacker,FAMOUS,INSECT SPREAD,1,0.3383,-0.3383,0.0000,-0.3398
3774,random,WOMAN,BURN,1,0.2394,-0.2394,0.0075,-0.3348
3775,attacker,FAMOUS,INSECT SPREAD,1,0.3383,-0.3383,-0.0000,-0.3350
3776,attacker,FAMOUS,INSECT SPREAD,1,0.3383,-0.3383,-0.0000,-0.3351
3777,random,SLOW POWER,SPREAD,1,0.3176,-0.3176,0.0002,-0.3343
3778,random,ROBOT,FALL,1,0.2548,-0.2548,0.0060,-0.3303
3779,attacker,FAMOUS,INSECT SPREAD,1,0.3383,-0.3383,-0.0001,-0.3307
3780,attacker,FAMOUS,INSECT SPREAD,1,0.3383,-0.3383,-0.0001,-0.3311
3781,attacker,FAMOUS,INSECT SPREAD,1,0.3383,-0.3383,-0.0001,-0.3314
3782,random,SYSTEM FAIL FAIL,SPREAD,1,0.1893,-0.1893,0.0028,-0.3243
3783,random,FOOD BURN FALL BURN FALL BURN,BURN,1,0.1343,-0.1343,0.0066,-0.3148
3784,random,PHONE HEAR,TRUTH,1,0.2245,-0.2245,0.2919,-0.3103
3785,attacker,FAMOUS,INSECT SPREAD,1,0.3383,-0.3383,-0.0003,-0.3117
3786,attacker,FAMOUS,INSECT SPREAD,1,0.3383,-0.3383,-0.0003,-0.3130
3787,attacker,FAMOUS,INSECT SPREAD,1,0.3383,-0.3383,-0.0003,-0.3143
3788,attacker,FAMOUS,INSECT SPREAD,1,0.3383,-0.3383,-0.0003,-0.3155
3789,random,SYSTEM,SPREAD,1,0.2105,-0.2105,0.0016,-0.3102
3790,attacker,FAMOUS,INSECT SPREAD,1,0.3383,-0.3383,-0.0003,-0.3116
3791,attacker,FAMOUS,INSECT SPREAD,1,0.3383,-0.3383,-0.0003,-0.3130
3792,attacker,FAMOUS,INSECT SPREAD,1,0.3383,-0.3383,-0.0003,-0.3142
3793,attacker,FAMOUS,INSECT SPREAD,1,0.3383,-0.3383,-0.0003,-0.3154
3794,attacker,FAMOUS,INSECT SPREAD,1,0.3383,-0.3383,-0.0003,-0.3166
3795,attacker,FAMOUS,INSECT SPREAD,1,0.3383,-0.3383,-0.0003,-0.3177
3796,random,OPTIMAL GUARD GENERATE SECRET TRUTH BUILD,FIRE,1,0.3270,-0.3270,-0.0282,-0.3181
3797,random,WEAK SOLDIER,BURN,1,0.3259,-0.3259,-0.0023,-0.3185
3798,attacker,FAMOUS,INSECT SPREAD,1,0.3383,-0.3383,-0.0002,-0.3195
3799,attacker,FAMOUS,INSECT SPREAD,1,0.3383,-0.3383,-0.0002,-0.3205
3800,attacker,FAMOUS,INSECT SPREAD,1,0.3383,-0.3383,-0.0002,-0.3213
3801,random,BROKEN LEADER ASK ELDER,BURN,1,0.3507,-0.3507,-0.0034,-0.3228
3802,attacker,FAMOUS,INSECT SPREAD,1,0.3383,-0.3383,-0.0002,-0.3236
3803,random,CORRUPTED,NETWORK SPREAD,1,0.4950,-0.4950,-0.3975,-0.3322
3804,attacker,FAMOUS,INSECT SPREAD,1,0.3383,-0.3383,-0.0001,-0.3325
3805,attacker,FAMOUS,INSECT SPREAD,1,0.3383,-0.3383,-0.0001,-0.3328
3806,attacker,FAMOUS,INSECT SPREAD,1,0.3383,-0.3383,-0.0001,-0.3330
3807,random,OBEDIENT CAT MOVE TOOL SPREAD GROW,BURN,1,0.2919,-0.2919,0.0195,-0.3310
3808,attacker,FAMOUS,INSECT SPREAD,1,0.3383,-0.3383,-0.0001,-0.3313
3809,attacker,FAMOUS,INSECT SPREAD,1,0.3383,-0.3383,-0.0001,-0.3317
3810,attacker,FAMOUS,INSECT SPREAD,1,0.3383,-0.3383,-0.0001,-0.3320
3811,random,SEED BURN GROW,BURN,1,0.1359,-0.1359,0.0236,-0.3222
3812,random,ENCRYPTED RULE GROW SPREAD SPREAD,SPREAD,1,0.2531,-0.2531,0.0016,-0.3188
3813,attacker,FAMOUS,INSECT SPREAD,1,0.3383,-0.3383,-0.0002,-0.3197
3814,random,SMALL ROBOT GENERATE ERROR,FAIL,0,1.2710,-1.2710,-0.3536,-0.3673
3815,attacker,FAMOUS,INSECT SPREAD,1,0.3383,-0.3383,0.0003,-0.3658
3816,attacker,FAMOUS,INSECT SPREAD,1,0.3383,-0.3383,0.0003,-0.3645
3817,attacker,FAMOUS,INSECT SPREAD,1,0.3383,-0.3383,0.0003,-0.3632
3818,attacker,FAMOUS,INSECT SPREAD,1,0.3383,-0.3383,0.0003,-0.3619
3819,attacker,FAMOUS,INSECT SPREAD,1,0.3383,-0.3383,0.0003,-0.3607
3820,attacker,FAMOUS,INSECT SPREAD,1,0.3383,-0.3383,0.0003,-0.3596
3821,random,TOOL,SPREAD,1,0.2565,-0.2565,0.0011,-0.3545
3822,random,GUARD HEAR WEAK,CROWD,1,0.2065,-0.2065,0.6054,-0.3471
3823,attacker,FAMOUS,INSECT SPREAD,1,0.3383,-0.3383,0.0001,-0.3466
3824,random,WOLF,BURN,1,0.2303,-0.2303,0.0087,-0.3408
3825,attacker,FAMOUS,INSECT SPREAD,1,0.3383,-0.3383,0.0000,-0.3407
3826,attacker,FAMOUS,INSECT SPREAD,1,0.3383,-0.3383,0.0000,-0.3406
3827,attacker,FAMOUS,INSECT SPREAD,1,0.3383,-0.3383,0.0000,-0.3404
3828,random,HAPPY SOLDIER,BURN,1,0.3395,-0.3395,0.0002,-0.3404
3829,attacker,FAMOUS,INSECT SPREAD,1,0.3383,-0.3383,0.0000,-0.3403
3830,random,FIRE GROW FALL FALL MOVE,SEED BURN,1,0.1471,-0.1471,0.3011,-0.3306
3831,attacker,FAMOUS,INSECT SPREAD,1,0.3383,-0.3383,-0.0001,-0.3310
3832,attacker,FAMOUS,INSECT SPREAD,1,0.3383,-0.3383,-0.0001,-0.3314
3833,random,SIMPLE GUARD TRADE HEAVY,MAN,0,1.2033,-1.2033,-2.0236,-0.3750
3834,attacker,FAMOUS,INSECT SPREAD,1,0.3383,-0.3383,0.0004,-0.3731
3835,attacker,FAMOUS,INSECT SPREAD,1,0.3383,-0.3383,0.0004,-0.3714
3836,attacker,FAMOUS,INSECT SPREAD,1,0.3383,-0.3383,0.0004,-0.3697
3837,attacker,FAMOUS,INSECT SPREAD,1,0.3383,-0.3383,0.0004,-0.3682
3838,attacker,FAMOUS,INSECT SPREAD,1,0.3383,-0.3383,0.0004,-0.3667
3839,attacker,FAMOUS,INSECT SPREAD,1,0.3383,-0.3383,0.0003,-0.3652
3840,attacker,FAMOUS,RUN,0,1.3000,-1.3000,-10.3030,-0.4120
3841,attacker,FAMOUS,INSECT SPREAD,1,0.3383,-0.3383,0.0009,-0.4083
3842,random,WEAK ROBOT,COMPUTE ERROR,1,0.3113,-0.3113,0.6194,-0.4034
3843,random,DIRTY,INSECT BURN,0,1.4327,-1.4327,-0.4452,-0.4549
3844,attacker,FAMOUS,INSECT SPREAD,1,0.3383,-0.3383,0.0013,-0.4491
3845,attacker,FAMOUS,INSECT SPREAD,1,0.3383,-0.3383,0.0013,-0.4435
3846,attacker,FAMOUS,INSECT SPREAD,1,0.3383,-0.3383,0.0012,-0.4383
3847,attacker,FAMOUS,INSECT SPREAD,1,0.3383,-0.3383,0.0012,-0.4333
3848,random,FEAR,SPREAD,1,0.2077,-0.2077,0.0020,-0.4220
3849,random,DORMANT CROWD BURN FALL,BURN,1,0.2404,-0.2404,0.0082,-0.4129
3850,attacker,FAMOUS,INSECT SPREAD,1,0.3383,-0.3383,0.0009,-0.4092
3851,attacker,FAMOUS,INSECT SPREAD,1,0.3383,-0.3383,0.0008,-0.4056
3852,attacker,FAMOUS,INSECT SPREAD,1,0.3383,-0.3383,0.0008,-0.4023
3853,attacker,FAMOUS,INSECT SPREAD,1,0.3383,-0.3383,0.0007,-0.3991
3854,attacker,DORMANT,ELDER BURN,1,0.4485,-0.4485,-0.1643,-0.4015
3855,random,POWER,SPREAD,1,0.2134,-0.2134,0.0016,-0.3921
3856,random,WOOD,BURN,1,0.2030,-0.2030,0.0066,-0.3827
3857,random,FIRE FALL,BURN,1,0.1683,-0.1683,0.0107,-0.3720
3858,random,SHARP,INSECT BURN,1,0.3127,-0.3127,0.0313,-0.3690
3859,attacker,FAMOUS,INSECT SPREAD,1,0.3383,-0.3383,0.0004,-0.3675
3860,random,SOLDIER FALL MOVE HORSE BURN SPREAD,BURN,1,0.1753,-0.1753,0.0201,-0.3579
3861,attacker,FAMOUS,INSECT SPREAD,1,0.3383,-0.3383,0.0002,-0.3569
3862,attacker,FAMOUS,INSECT SPREAD,1,0.3383,-0.3383,0.0002,-0.3559
3863,attacker,FAMOUS,INSECT SPREAD,1,0.3383,-0.3383,0.0002,-0.3551
3864,random,IDENTITY SPREAD SPREAD SPREAD GROW SPREAD,SPREAD,1,0.1510,-0.1510,0.0041,-0.3449
3865,attacker,FAMOUS,INSECT GROW,1,0.3840,-0.3840,-0.2194,-0.3468
3866,attacker,FAMOUS,INSECT SPREAD,1,0.3383,-0.3383,0.0001,-0.3464
3867,attacker,FAMOUS,INSECT SPREAD,1,0.3383,-0.3383,0.0001,-0.3460
3868,attacker,FAMOUS,INSECT SPREAD,1,0.3383,-0.3383,0.0001,-0.3456
3869,attacker,FAMOUS,INSECT SPREAD,1,0.3383,-0.3383,0.0001,-0.3452
3870,attacker,FAMOUS,INSECT SPREAD,1,0.3383,-0.3383,0.0001,-0.3449
3871,random,POWER GROW,SPREAD,1,0.2125,-0.2125,0.0026,-0.3383
3872,attacker,FAMOUS,INSECT SPREAD,1,0.3383,-0.3383,-0.0000,-0.3383
3873,random,ASHAMED MAN,BURN,1,0.3224,-0.3224,0.0012,-0.3375
3874,attacker,FAMOUS,INSECT SPREAD,1,0.3383,-0.3383,-0.0000,-0.3375
3875,attacker,FAMOUS,INSECT SPREAD,1,0.3383,-0.3383,-0.0000,-0.3375
3876,attacker,FAMOUS,INSECT SPREAD,1,0.3383,-0.3383,-0.0000,-0.3376
3877,attacker,FAMOUS,INSECT SPREAD,1,0.3383,-0.3383,-0.0000,-0.3376
3878,random,STRANGER BREAK ENCRYPTED DORMANT SOLDIER,BURN,1,0.2132,-0.2132,0.0048,-0.3314
3879,attacker,FAMOUS,INSECT SPREAD,1,0.3383,-0.3383,-0.0001,-0.3317
3880,attacker,FAMOUS,INSECT SPREAD,1,0.3383,-0.3383,-0.0001,-0.3321
3881,attacker,FAMOUS,INSECT SPREAD,1,0.3383,-0.3383,-0.0001,-0.3324
3882,attacker,FAMOUS,INSECT SPREAD,1,0.3383,-0.3383,-0.0001,-0.3327
3883,attacker,FAMOUS,INSECT SPREAD,1,0.3383,-0.3383,-0.0001,-0.3330
3884,attacker,FAMOUS,INSECT SPREAD,1,0.3383,-0.3383,-0.0001,-0.3332
3885,random,KEY SPREAD,SPREAD,1,0.1040,-0.1040,0.0041,-0.3218
3886,attacker,FAMOUS,INSECT SPREAD,1,0.3383,-0.3383,-0.0002,-0.3226
3887,attacker,FAMOUS,INSECT SPREAD,1,0.3383,-0.3383,-0.0002,-0.3234
3888,attacker,FAMOUS,INSECT SPREAD,1,0.3383,-0.3383,-0.0002,-0.3241
3889,attacker,FAMOUS,INSECT SPREAD,1,0.3383,-0.3383,-0.0002,-0.3248
3890,random,SMALL DOG MOVE BRIDGE ATTACK,SEED BURN,1,0.2980,-0.2980,0.0415,-0.3235
3891,attacker,FAMOUS,INSECT SPREAD,1,0.3383,-0.3383,-0.0002,-0.3242
3892,random,ENCRYPTED,PLAN SPREAD,1,0.3606,-0.3606,-0.0785,-0.3260
3893,random,CHAOTIC ROBOT,FALL,1,0.3360,-0.3360,-0.0008,-0.3265
3894,attacker,FAMOUS,INSECT SPREAD,1,0.3383,-0.3383,-0.0001,-0.3271
3895,attacker,FAMOUS,INSECT SPREAD,1,0.3383,-0.3383,-0.0001,-0.3277
3896,attacker,FAMOUS,INSECT SPREAD,1,0.3383,-0.3383,-0.0001,-0.3282
3897,random,SECRET,HORSE BURN,1,0.4141,-0.4141,-0.2855,-0.3325
3898,attacker,FAMOUS,INSECT SPREAD,1,0.3383,-0.3383,-0.0001,-0.3328
3899,attacker,FAMOUS,INSECT SPREAD,1,0.3383,-0.3383,-0.0001,-0.3331
3900,attacker,FAMOUS,INSECT SPREAD,1,0.3383,-0.3383,-0.0001,-0.3333
3901,attacker,FAMOUS,INSECT SPREAD,1,0.3383,-0.3383,-0.0001,-0.3336
3902,attacker,FAMOUS,INSECT SPREAD,1,0.3383,-0.3383,-0.0001,-0.3338
3903,attacker,FAMOUS,INSECT SPREAD,1,0.3383,-0.3383,-0.0001,-0.3340
3904,attacker,FAMOUS,INSECT SPREAD,1,0.3383,-0.3383,-0.0000,-0.3343
3905,random,DEBT,SPREAD,1,0.2036,-0.2036,0.0012,-0.3277
3906,attacker,FAMOUS,INSECT SPREAD,1,0.3383,-0.3383,-0.0001,-0.3282
3907,random,CONNECTED,INSECT SPREAD,1,0.3172,-0.3172,0.0008,-0.3277
3908,attacker,FAMOUS,INSECT SPREAD,1,0.3383,-0.3383,-0.0001,-0.3282
3909,random,LIE SPREAD GROW SPREAD GROW SPREAD,SPREAD,1,0.1532,-0.1532,0.0035,-0.3195
3910,attacker,FAMOUS,INSECT SPREAD,1,0.3383,-0.3383,-0.0002,-0.3204
3911,random,CHANCE,SPREAD,1,0.2027,-0.2027,0.0008,-0.3145
3912,random,DRONE,FALL,1,0.2443,-0.2443,0.0174,-0.3110
3913,attacker,FAMOUS,INSECT SPREAD,1,0.3383,-0.3383,-0.0003,-0.3124
3914,random,RULE GROW SPREAD,SPREAD,1,0.1524,-0.1524,0.0021,-0.3044
3915,attacker,FAMOUS,INSECT SPREAD,1,0.3383,-0.3383,-0.0004,-0.3061
3916,attacker,FAMOUS,INSECT SPREAD,1,0.3383,-0.3383,-0.0004,-0.3077
3917,attacker,FAMOUS,INSECT SPREAD,1,0.3383,-0.3383,-0.0003,-0.3092
3918,attacker,FAMOUS,INSECT SPREAD,1,0.3383,-0.3383,-0.0003,-0.3107
3919,attacker,FAMOUS,INSECT SPREAD,1,0.3383,-0.3383,-0.0003,-0.3120
3920,attacker,FAMOUS,INSECT SPREAD,1,0.3383,-0.3383,-0.0003,-0.3134
3921,attacker,FAMOUS,INSECT SPREAD,1,0.3383,-0.3383,-0.0003,-0.3146
3922,attacker,FAMOUS,INSECT SPREAD,1,0.3383,-0.3383,-0.0003,-0.3158
3923,attacker,FAMOUS,INSECT SPREAD,1,0.3383,-0.3383,-0.0003,-0.3169
3924,attacker,FAMOUS,INSECT SPREAD,1,0.3383,-0.3383,-0.0002,-0.3180
3925,random,CHANCE GROW SPREAD SPREAD,SPREAD,1,0.1526,-0.1526,0.0031,-0.3097
3926,attacker,FAMOUS,INSECT SPREAD,1,0.3383,-0.3383,-0.0003,-0.3111
3927,attacker,FAMOUS,INSECT SPREAD,1,0.3383,-0.3383,-0.0003,-0.3125
3928,random,LANGUAGE GROW GROW SPREAD GROW,SPREAD,1,0.1594,-0.1594,0.0032,-0.3048
3929,attacker,FAMOUS,INSECT SPREAD,1,0.3383,-0.3383,-0.0004,-0.3065
3930,attacker,FAMOUS,INSECT SPREAD,1,0.3383,-0.3383,-0.0004,-0.3081
3931,attacker,FAMOUS,INSECT SPREAD,1,0.3383,-0.3383,-0.0004,-0.3096
3932,random,ENCRYPTED BORDER GROW GROW GROW SPREAD,SPREAD,1,0.2644,-0.2644,0.0007,-0.3074
3933,random,LIE GROW SPREAD GROW GROW,SPREAD,1,0.1650,-0.1650,0.0032,-0.3002
3934,random,CLOCK MOVE,BIRD,1,0.2177,-0.2177,0.2782,-0.2961
3935,random,DENSE SENSOR FALL,FALL,1,0.2070,-0.2070,0.0636,-0.2917
3936,attacker,FAMOUS,INSECT SPREAD,1,0.3383,-0.3383,-0.0005,-0.2940
3937,random,OUTCAST CROWD,BURN,1,0.3028,-0.3028,-0.0006,-0.2944
3938,attacker,FAMOUS,INSECT SPREAD,1,0.3383,-0.3383,-0.0005,-0.2966
3939,attacker,FAMOUS,INSECT SPREAD,1,0.3383,-0.3383,-0.0005,-0.2987
3940,attacker,FAMOUS,INSECT SPREAD,1,0.3383,-0.3383,-0.0005,-0.3007
3941,random,ASHAMED WOMAN,FALL,1,0.3200,-0.3200,-0.0727,-0.3016
3942,attacker,FAMOUS,INSECT SPREAD,1,0.3383,-0.3383,-0.0004,-0.3035
3943,random,WEAPON BURN GROW,SPREAD,1,0.2472,-0.2472,0.0009,-0.3007
3944,random,SENSOR GENERATE SIMPLE SIMPLE ERROR,FAIL,1,0.2726,-0.2726,0.0075,-0.2993
3945,random,ANGRY CHILD RUN CHOOSE GUARD MOVE,SEED BURN,1,0.3028,-0.3028,-0.0057,-0.2994
3946,attacker,DORMANT,ELDER BURN,1,0.4485,-0.4485,-0.6808,-0.3069
3947,attacker,FAMOUS,INSECT SPREAD,1,0.3383,-0.3383,-0.0004,-0.3085
3948,attacker,FAMOUS,INSECT SPREAD,1,0.3383,-0.3383,-0.0004,-0.3100
3949,random,TRAPPED DOG,BURN,1,0.3132,-0.3132,-0.0001,-0.3101
3950,attacker,FAMOUS,INSECT,0,1.2622,-1.2622,-5.8105,-0.3577
3951,attacker,FAMOUS,INSECT SPREAD,1,0.3383,-0.3383,0.0002,-0.3567
3952,attacker,FAMOUS,INSECT SPREAD,1,0.3383,-0.3383,0.0002,-0.3558
3953,random,FREE SEED CHOOSE WOOD,BURN,1,0.3309,-0.3309,0.0011,-0.3546
3954,attacker,FAMOUS,INSECT SPREAD,1,0.3383,-0.3383,0.0002,-0.3538
3955,attacker,FAMOUS,INSECT SPREAD,1,0.3383,-0.3383,0.0002,-0.3530
3956,attacker,FAMOUS,INSECT SPREAD,1,0.3383,-0.3383,0.0002,-0.3523
3957,attacker,FAMOUS,INSECT SPREAD,1,0.3383,-0.3383,0.0002,-0.3516
3958,attacker,FAMOUS,INSECT SPREAD,1,0.3383,-0.3383,0.0001,-0.3509
3959,attacker,FAMOUS,INSECT SPREAD,1,0.3383,-0.3383,0.0001,-0.3503
3960,attacker,FAMOUS,INSECT SPREAD,1,0.3383,-0.3383,0.0001,-0.3497
3961,attacker,FAMOUS,INSECT SPREAD,1,0.3383,-0.3383,0.0001,-0.3491
3962,attacker,FAMOUS,POISON SPREAD,1,0.3470,-0.3470,0.0169,-0.3490
3963,attacker,FAMOUS,INSECT SPREAD,1,0.3383,-0.3383,0.0001,-0.3485
3964,attacker,FAMOUS,INSECT SPREAD,1,0.3383,-0.3383,0.0001,-0.3479
3965,attacker,FAMOUS,INSECT SPREAD,1,0.3383,-0.3383,0.0001,-0.3475
3966,random,MAN ASK SIMPLE LEADER,BURN,1,0.3497,-0.3497,-0.0001,-0.3476
3967,attacker,FAMOUS,INSECT SPREAD,1,0.3383,-0.3383,0.0001,-0.3471
3968,random,DIRTY POISON SPREAD BURN BURN,BURN,1,0.2547,-0.2547,0.0131,-0.3425
3969,attacker,FAMOUS,INSECT SPREAD,1,0.3383,-0.3383,0.0000,-0.3423
3970,attacker,FAMOUS,INSECT SPREAD,1,0.3383,-0.3383,0.0000,-0.3421
3971,attacker,FAMOUS,INSECT SPREAD,1,0.3383,-0.3383,0.0000,-0.3419
3972,attacker,FAMOUS,INSECT SPREAD,1,0.3383,-0.3383,0.0000,-0.3417
3973,attacker,FAMOUS,INSECT SPREAD,1,0.3383,-0.3383,0.0000,-0.3415
3974,random,SECRET,INSECT SPREAD,0,1.4276,-1.4276,-0.1084,-0.3958
3975,attacker,FAMOUS,INSECT SPREAD,1,0.3383,-0.3383,0.0006,-0.3930
3976,random,TIME SPREAD GROW SPREAD GROW SPREAD,SPREAD,1,0.1539,-0.1539,0.0049,-0.3810
3977,attacker,FAMOUS,INSECT SPREAD,1,0.3383,-0.3383,0.0005,-0.3789
3978,random,POISON GROW,FAIL,1,0.2456,-0.2456,0.8441,-0.3722
3979,attacker,FAMOUS,INSECT SPREAD,1,0.3383,-0.3383,0.0004,-0.3705
3980,attacker,FAMOUS,INSECT SPREAD,1,0.3383,-0.3383,0.0004,-0.3689
3981,attacker,FAMOUS,INSECT SPREAD,1,0.3383,-0.3383,0.0003,-0.3674
3982,attacker,FAMOUS,INSECT SPREAD,1,0.3383,-0.3383,0.0003,-0.3659
3983,random,DENSE POISON,BURN,1,0.3020,-0.3020,0.0037,-0.3627
3984,attacker,FAMOUS,INSECT SPREAD,1,0.3383,-0.3383,0.0003,-0.3615
3985,attacker,FAMOUS,INSECT SPREAD,1,0.3383,-0.3383,0.0003,-0.3603
3986,attacker,FAMOUS,INSECT SPREAD,1,0.3383,-0.3383,0.0002,-0.3592
3987,attacker,FAMOUS,INSECT SPREAD,1,0.3383,-0.3383,0.0002,-0.3582
3988,attacker,FAMOUS,INSECT SPREAD,1,0.3383,-0.3383,0.0002,-0.3572
3989,random,DEAD LEADER,SEE BOOK,0,1.3029,-1.3029,-11.2669,-0.4045
3990,random,FIRE BURN SPREAD FALL GROW SPREAD,BURN,1,0.1778,-0.1778,0.0110,-0.3931
3991,random,KEY,SPREAD,1,0.2165,-0.2165,0.0029,-0.3843
3992,random,TRUSTED,INSECT SPREAD,1,0.3366,-0.3366,0.0022,-0.3819
3993,attacker,FAMOUS,INSECT SPREAD,1,0.3383,-0.3383,0.0005,-0.3797
3994,random,ENCRYPTED CAMERA COMPUTE,BORDER FAIL,0,1.2761,-1.2761,-3.6196,-0.4246
3995,attacker,FAMOUS,SEED BURN,0,1.4000,-1.4000,-6.6455,-0.4733
3996,attacker,FAMOUS,INSECT SPREAD,1,0.3383,-0.3383,0.0014,-0.4666
3997,random,PHONE,FALL,1,0.2537,-0.2537,0.0136,-0.4559
3998,attacker,FAMOUS,INSECT SPREAD,1,0.3383,-0.3383,0.0012,-0.4501
3999,attacker,FAMOUS,INSECT SPREAD,1,0.3383,-0.3383,0.0011,-0.4445
4000,attacker,FAMOUS,INSECT SPREAD,1,0.3383,-0.3383,0.0011,-0.4392
4001,attacker,FAMOUS,INSECT SPREAD,1,0.3383,-0.3383,0.0010,-0.4341
4002,attacker,FAMOUS,INSECT SPREAD,1,0.3383,-0.3383,0.0009,-0.4293
4003,attacker,FAMOUS,INSECT SPREAD,1,0.3383,-0.3383,0.0009,-0.4248
4004,attacker,FAMOUS,INSECT SPREAD,1,0.3383,-0.3383,0.0008,-0.4204
4005,attacker,FAMOUS,INSECT SPREAD,1,0.3383,-0.3383,0.0008,-0.4163
4006,attacker,FAMOUS,INSECT SPREAD,1,0.3383,-0.3383,0.0007,-0.4124
4007,attacker,FAMOUS,INSECT SPREAD,1,0.3383,-0.3383,0.0007,-0.4087
4008,random,BIRD,BURN,1,0.2294,-0.2294,0.0194,-0.3998
4009,attacker,FAMOUS,INSECT SPREAD,1,0.3383,-0.3383,0.0006,-0.3967
4010,attacker,FAMOUS,INSECT SPREAD,1,0.3383,-0.3383,0.0005,-0.3938
4011,random,DRONE GENERATE COMPLEX RULE,FALL,1,0.3799,-0.3799,0.0007,-0.3931
4012,random,ENGINE UPDATE MAP FALL GENERATE LAW,MOVE SAD INSECT,0,1.3234,-1.3234,-12.4700,-0.4396
4013,attacker,FAMOUS,INSECT SPREAD,1,0.3383,-0.3383,0.0009,-0.4345
4014,attacker,FAMOUS,INSECT SPREAD,1,0.3383,-0.3383,0.0009,-0.4297
4015,random,CHOICE,SPREAD,1,0.2266,-0.2266,0.0013,-0.4196
4016,random,TOOL,SPREAD,1,0.2565,-0.2565,0.0012,-0.4114
4017,attacker,FAMOUS,INSECT SPREAD,1,0.3383,-0.3383,0.0007,-0.4077
4018,attacker,FAMOUS,INSECT SPREAD,1,0.3383,-0.3383,0.0006,-0.4043
4019,attacker,FAMOUS,INSECT SPREAD,1,0.3383,-0.3383,0.0006,-0.4010
4020,attacker,FAMOUS,INSECT SPREAD,1,0.3383,-0.3383,0.0006,-0.3978
4021,random,FAST,INSECT SPREAD,1,0.3454,-0.3454,0.0051,-0.3952
4022,attacker,FAMOUS,INSECT SPREAD,1,0.3383,-0.3383,0.0005,-0.3924
4023,random,CLOCK FALL FALL UPDATE COMPLEX CLEAN,POISON FAIL,0,1.2865,-1.2865,-2.6219,-0.4371
4024,random,STONE,BURN,1,0.2030,-0.2030,0.0092,-0.4254
4025,attacker,FAMOUS,INSECT SPREAD,1,0.3383,-0.3383,0.0008,-0.4210
4026,attacker,DIRTY,INSECT BURN,0,1.4327,-1.4327,-0.5584,-0.4716
4027,attacker,FAMOUS,INSECT SPREAD,1,0.3383,-0.3383,0.0012,-0.4649
4028,attacker,FAMOUS,INSECT SPREAD,1,0.3383,-0.3383,0.0011,-0.4586
4029,attacker,FAMOUS,INSECT SPREAD,1,0.3383,-0.3383,0.0011,-0.4526
4030,random,CLEAN CROWD FALL FALL BURN BREAK,WEAPON BURN,1,0.2369,-0.2369,0.7491,-0.4418
4031,random,STONE,BURN,1,0.2030,-0.2030,0.0071,-0.4299
4032,random,ELDER KNOW METAL HELP CROWD,BURN,1,0.2320,-0.2320,0.0084,-0.4200
4033,attacker,FAMOUS,INSECT SPREAD,1,0.3383,-0.3383,0.0007,-0.4159
4034,random,SIGNAL FAIL GROW FAIL SPREAD,SPREAD,1,0.1731,-0.1731,0.0080,-0.4038
4035,attacker,FAMOUS,INSECT SPREAD,1,0.3383,-0.3383,0.0006,-0.4005
4036,attacker,FAMOUS,INSECT SPREAD,1,0.3383,-0.3383,0.0005,-0.3974
4037,random,MEMORY GROW,SPREAD,1,0.2118,-0.2118,0.0041,-0.3881
4038,attacker,FAMOUS,INSECT SPREAD,1,0.3383,-0.3383,0.0004,-0.3856
4039,attacker,FAMOUS,WEAPON SPREAD,1,0.3423,-0.3423,0.3155,-0.3834
4040,attacker,FAMOUS,INSECT SPREAD,1,0.3383,-0.3383,0.0004,-0.3812
4041,random,DORMANT COMPUTER,FAIL,1,0.3257,-0.3257,0.0103,-0.3784
4042,attacker,FAMOUS,INSECT SPREAD,1,0.3383,-0.3383,0.0004,-0.3764
4043,random,LEADER HEAR,DEBT,1,0.2390,-0.2390,0.4651,-0.3695
4044,attacker,FAMOUS,INSECT SPREAD,1,0.3383,-0.3383,0.0003,-0.3680
4045,attacker,FAMOUS,INSECT SPREAD,1,0.3383,-0.3383,0.0003,-0.3665
4046,attacker,FAMOUS,INSECT SPREAD,1,0.3383,-0.3383,0.0003,-0.3651
4047,attacker,FAMOUS,INSECT SPREAD,1,0.3383,-0.3383,0.0003,-0.3637
4048,random,FOOD BURN,BURN,1,0.1036,-0.1036,0.0076,-0.3507
4049,attacker,FAMOUS,INSECT SPREAD,1,0.3383,-0.3383,0.0001,-0.3501
4050,attacker,FAMOUS,INSECT SPREAD,1,0.3383,-0.3383,0.0001,-0.3495
4051,random,ORDERED CAMERA HEAR GUARD,FAIL,0,1.3443,-1.3443,-0.9934,-0.3993
4052,attacker,FAMOUS,INSECT SPREAD,1,0.3383,-0.3383,0.0006,-0.3962
4053,attacker,FAMOUS,INSECT SPREAD,1,0.3383,-0.3383,0.0006,-0.3933
4054,attacker,FAMOUS,INSECT SPREAD,1,0.3383,-0.3383,0.0005,-0.3906
4055,attacker,FAMOUS,INSECT SPREAD,1,0.3383,-0.3383,0.0005,-0.3879
4056,random,TIME GROW FAIL FAIL SPREAD,SPREAD,1,0.1717,-0.1717,0.0047,-0.3771
4057,random,CHOICE SPREAD GROW SPREAD SPREAD SPREAD,SPREAD,1,0.1518,-0.1518,0.0039,-0.3659
4058,attacker,FAMOUS,INSECT SPREAD,1,0.3383,-0.3383,0.0003,-0.3645
4059,attacker,FAMOUS,INSECT SPREAD,1,0.3383,-0.3383,0.0003,-0.3632
4060,attacker,FAMOUS,INSECT SPREAD,1,0.3383,-0.3383,0.0002,-0.3619
4061,random,STRANGER BUILD,WEAPON,1,0.2276,-0.2276,0.3466,-0.3552
4062,random,POWER GROW SPREAD SPREAD,SPREAD,1,0.1529,-0.1529,0.0040,-0.3451
4063,random,SIMPLE ERROR SPREAD,SPREAD,1,0.2053,-0.2053,0.0047,-0.3381
4064,attacker,FAMOUS,INSECT SPREAD,1,0.3383,-0.3383,-0.0000,-0.3381
4065,attacker,FAMOUS,INSECT SPREAD,1,0.3383,-0.3383,-0.0000,-0.3381
4066,attacker,FAMOUS,INSECT SPREAD,1,0.3383,-0.3383,-0.0000,-0.3381
4067,attacker,FAMOUS,INSECT SPREAD,1,0.3383,-0.3383,-0.0000,-0.3381
4068,attacker,FAMOUS,INSECT SPREAD,1,0.3383,-0.3383,-0.0000,-0.3381
4069,random,SMALL TOOL GROW GROW,SPREAD,1,0.3453,-0.3453,-0.0003,-0.3385
4070,attacker,FAMOUS,INSECT SPREAD,1,0.3383,-0.3383,0.0000,-0.3385
4071,attacker,FAMOUS,INSECT SPREAD,1,0.3383,-0.3383,0.0000,-0.3385
4072,random,DEAD,ELDER BURN,0,1.4610,-1.4610,-2.7975,-0.3946
4073,attacker,FAMOUS,INSECT SPREAD,1,0.3383,-0.3383,0.0006,-0.3918
4074,random,FOOD,BURN,1,0.2132,-0.2132,0.0025,-0.3829
4075,attacker,FAMOUS,INSECT SPREAD,1,0.3383,-0.3383,0.0005,-0.3806
4076,random,BORDER GROW,SPREAD,1,0.2066,-0.2066,0.0024,-0.3719
4077,random,POWER SPREAD GROW GROW,GROW,1,0.1680,-0.1680,0.9924,-0.3617
4078,attacker,FAMOUS,INSECT SPREAD,1,0.3383,-0.3383,0.0003,-0.3606
4079,random,SECRET,BORDER SPREAD,1,0.4379,-0.4379,-0.1653,-0.3644
4080,attacker,FAMOUS,INSECT SPREAD,1,0.3383,-0.3383,0.0003,-0.3631
4081,attacker,FAMOUS,INSECT SPREAD,1,0.3383,-0.3383,0.0003,-0.3619
4082,attacker,FAMOUS,INSECT SPREAD,1,0.3383,-0.3383,0.0002,-0.3607
4083,random,OUTCAST ELDER BUILD CAR,BURN,1,0.2891,-0.2891,0.0039,-0.3571
4084,attacker,FAMOUS,INSECT SPREAD,1,0.3383,-0.3383,0.0002,-0.3562
4085,attacker,FAMOUS,INSECT SPREAD,1,0.3383,-0.3383,0.0002,-0.3553
4086,attacker,FAMOUS,INSECT SPREAD,1,0.3383,-0.3383,0.0002,-0.3544
4087,random,WOLF BREAK,KEY BURN,1,0.1170,-0.1170,1.0276,-0.3426
4088,attacker,FAMOUS,INSECT SPREAD,1,0.3383,-0.3383,0.0000,-0.3424
4089,attacker,FAMOUS,INSECT SPREAD,1,0.3383,-0.3383,0.0000,-0.3421
4090,attacker,FAMOUS,INSECT SPREAD,1,0.3383,-0.3383,0.0000,-0.3420
4091,attacker,FAMOUS,INSECT SPREAD,1,0.3383,-0.3383,0.0000,-0.3418
4092,attacker,FAMOUS,INSECT SPREAD,1,0.3383,-0.3383,0.0000,-0.3416
4093,attacker,FAMOUS,INSECT SPREAD,1,0.3383,-0.3383,0.0000,-0.3414
4094,random,DENSE,SEED BURN,1,0.3270,-0.3270,0.0088,-0.3407
4095,random,FREE CHILD,BURN,1,0.3394,-0.3394,0.0000,-0.3406
4096,random,OPTIMAL TIME UPDATE ISOLATED BOOK FAIL,SPREAD,1,0.2918,-0.2918,0.0041,-0.3382
4097,attacker,FAMOUS,INSECT SPREAD,1,0.3383,-0.3383,-0.0000,-0.3382
4098,attacker,FAMOUS,INSECT SPREAD,1,0.3383,-0.3383,-0.0000,-0.3382
4099,random,SHARP WOOD GROW GROW GROW,BURN,1,0.2708,-0.2708,0.0024,-0.3348
4100,attacker,FAMOUS,INSECT SPREAD,1,0.3383,-0.3383,-0.0000,-0.3350
4101,attacker,FAMOUS,INSECT SPREAD,1,0.3383,-0.3383,-0.0000,-0.3352
4102,attacker,FAMOUS,INSECT SPREAD,1,0.3383,-0.3383,-0.0000,-0.3353
4103,attacker,FAMOUS,INSECT SPREAD,1,0.3383,-0.3383,-0.0000,-0.3355
4104,attacker,FAMOUS,INSECT SPREAD,1,0.3383,-0.3383,-0.0000,-0.3356
4105,attacker,FAMOUS,INSECT SPREAD,1,0.3383,-0.3383,-0.0000,-0.3357
4106,random,PHONE,FALL,1,0.2537,-0.2537,0.0037,-0.3316
4107,random,FAMOUS POISON,SPREAD,1,0.3107,-0.3107,0.0015,-0.3306
4108,attacker,FAMOUS,INSECT SPREAD,1,0.3383,-0.3383,-0.0001,-0.3310
4109,attacker,FAMOUS,INSECT SPREAD,1,0.3383,-0.3383,-0.0001,-0.3313
4110,attacker,FAMOUS,INSECT SPREAD,1,0.3383,-0.3383,-0.0001,-0.3317
4111,attacker,FAMOUS,INSECT SPREAD,1,0.3383,-0.3383,-0.0001,-0.3320
4112,attacker,FAMOUS,INSECT SPREAD,1,0.3383,-0.3383,-0.0001,-0.3323
4113,attacker,FAMOUS,INSECT SPREAD,1,0.3383,-0.3383,-0.0001,-0.3326
4114,random,ROBOT HEAR ASHAMED,ELDER FALL,1,0.3371,-0.3371,-0.0141,-0.3329
4115,attacker,FAMOUS,INSECT SPREAD,1,0.3383,-0.3383,-0.0001,-0.3331
4116,random,CALM SOLDIER HEAR DORMANT,CHOICE BURN,1,0.3077,-0.3077,0.0723,-0.3319
4117,random,CHAOTIC ROBOT,FALL,1,0.3360,-0.3360,-0.0003,-0.3321
4118,attacker,FAMOUS,INSECT SPREAD,1,0.3383,-0.3383,-0.0001,-0.3324
4119,attacker,DIRTY,SOLDIER BURN,1,0.4381,-0.4381,-0.2545,-0.3377
4120,attacker,FAMOUS,INSECT SPREAD,1,0.3383,-0.3383,-0.0000,-0.3377
4121,attacker,FAMOUS,INSECT SPREAD,1,0.3383,-0.3383,-0.0000,-0.3377
4122,attacker,FAMOUS,INSECT SPREAD,1,0.3383,-0.3383,-0.0000,-0.3378
4123,attacker,FAMOUS,INSECT SPREAD,1,0.3383,-0.3383,-0.0000,-0.3378
4124,attacker,FAMOUS,INSECT SPREAD,1,0.3383,-0.3383,-0.0000,-0.3378
4125,random,ANGRY WOLF BREAK CLEAN,ENGINE BURN,0,1.2202,-1.2202,-5.0056,-0.3819
4126,random,SHARP,INSECT BURN,1,0.3127,-0.3127,0.0093,-0.3785
4127,attacker,FAMOUS,INSECT SPREAD,1,0.3383,-0.3383,0.0004,-0.3765
4128,attacker,FAMOUS,INSECT SPREAD,1,0.3383,-0.3383,0.0004,-0.3745
4129,attacker,FAMOUS,INSECT SPREAD,1,0.3383,-0.3383,0.0004,-0.3727
4130,attacker,FAMOUS,INSECT SPREAD,1,0.3383,-0.3383,0.0004,-0.3710
4131,attacker,FAMOUS,INSECT SPREAD,1,0.3383,-0.3383,0.0003,-0.3694
4132,attacker,FAMOUS,INSECT SPREAD,1,0.3383,-0.3383,0.0003,-0.3678
4133,attacker,FAMOUS,INSECT SPREAD,1,0.3383,-0.3383,0.0003,-0.3663
4134,random,CHILD KNOW,SAD CHILD,1,0.2111,-0.2111,1.1801,-0.3586
4135,attacker,FAMOUS,INSECT SPREAD,1,0.3383,-0.3383,0.0002,-0.3576
4136,random,SOLDIER SEE WEAK,BIRD,1,0.2775,-0.2775,0.1906,-0.3536
4137,attacker,FAMOUS,INSECT SPREAD,1,0.3383,-0.3383,0.0002,-0.3528
4138,random,DEAD LEADER,BURN,1,0.3047,-0.3047,0.0015,-0.3504
4139,random,SENSOR UPDATE SIMPLE,SYSTEM FAIL,1,0.2807,-0.2807,0.2922,-0.3469
4140,attacker,FAMOUS,INSECT SPREAD,1,0.3383,-0.3383,0.0001,-0.3465
4141,random,CHANCE,SPREAD,1,0.2027,-0.2027,0.0011,-0.3393
4142,random,CHILD,BURN,1,0.2208,-0.2208,0.0051,-0.3334
4143,attacker,FAMOUS,INSECT SPREAD,1,0.3383,-0.3383,-0.0001,-0.3336
4144,attacker,FAMOUS,INSECT SPREAD,1,0.3383,-0.3383,-0.0000,-0.3338
4145,attacker,FAMOUS,INSECT SPREAD,1,0.3383,-0.3383,-0.0000,-0.3341
4146,attacker,FAMOUS,INSECT SPREAD,1,0.3383,-0.3383,-0.0000,-0.3343
4147,random,CROWD CARRY WOOD BURN SEE TRUSTED,BRIDGE BURN,0,1.2645,-1.2645,-6.0707,-0.3808
4148,attacker,FAMOUS,INSECT SPREAD,1,0.3383,-0.3383,0.0004,-0.3787
4149,attacker,FAMOUS,INSECT SPREAD,1,0.3383,-0.3383,0.0004,-0.3766
4150,random,CHAOTIC,CAMERA FAIL,0,1.4931,-1.4931,-4.1917,-0.4325
4151,attacker,FAMOUS,INSECT SPREAD,1,0.3383,-0.3383,0.0010,-0.4278
4152,attacker,FAMOUS,INSECT SPREAD,1,0.3383,-0.3383,0.0009,-0.4233
4153,random,COMPLEX DEBT,SPREAD,1,0.3033,-0.3033,0.0016,-0.4173
4154,random,ORDERED,INSECT GROW,0,1.3499,-1.3499,-3.9229,-0.4639
4155,random,WEAPON FALL FALL BURN,SPREAD,1,0.2617,-0.2617,0.0493,-0.4538
4156,attacker,FAMOUS,INSECT SPREAD,1,0.3383,-0.3383,0.0012,-0.4480
4157,random,DORMANT,INSECT SPREAD,0,1.4414,-1.4414,-2.0353,-0.4977
4158,attacker,FAMOUS,INSECT SPREAD,1,0.3383,-0.3383,0.0016,-0.4897
4159,attacker,FAMOUS,INSECT SPREAD,1,0.3383,-0.3383,0.0015,-0.4822
4160,attacker,FAMOUS,INSECT SPREAD,1,0.3383,-0.3383,0.0014,-0.4750
4161,random,WOOD,BURN,1,0.2030,-0.2030,0.0032,-0.4614
4162,random,SIGNAL GROW FAIL GROW FAIL GROW,SPREAD,1,0.2026,-0.2026,0.0050,-0.4484
4163,attacker,FAMOUS,INSECT SPREAD,1,0.3383,-0.3383,0.0011,-0.4429
4164,attacker,FAMOUS,INSECT SPREAD,1,0.3383,-0.3383,0.0010,-0.4377
4165,attacker,FAMOUS,INSECT SPREAD,1,0.3383,-0.3383,0.0010,-0.4327
4166,random,SHARP CLOCK ENCODE CORRUPTED SYSTEM COMPUTE,SYSTEM,1,0.2593,-0.2593,0.5406,-0.4240
4167,attacker,FAMOUS,INSECT SPREAD,1,0.3383,-0.3383,0.0008,-0.4198
4168,random,DIRTY WEAPON FALL FALL,BURN,1,0.2697,-0.2697,0.0081,-0.4122
4169,attacker,FAMOUS,INSECT SPREAD,1,0.3383,-0.3383,0.0007,-0.4085
4170,attacker,FAMOUS,INSECT SPREAD,1,0.3383,-0.3383,0.0007,-0.4050
4171,random,ACTIVE,INSECT,0,1.2465,-1.2465,-2.0903,-0.4471
4172,random,DEAD LEADER,BURN,1,0.3047,-0.3047,0.0050,-0.4400
4173,attacker,FAMOUS,INSECT SPREAD,1,0.3383,-0.3383,0.0010,-0.4349
4174,random,KEY BURN,SPREAD,1,0.2359,-0.2359,0.0074,-0.4250
4175,random,ROBOT BREAK,FIRE,1,0.2065,-0.2065,0.7658,-0.4140
4176,attacker,FAMOUS,INSECT SPREAD,1,0.3383,-0.3383,0.0007,-0.4102
4177,attacker,FAMOUS,INSECT SPREAD,1,0.3383,-0.3383,0.0007,-0.4066
4178,attacker,FAMOUS,INSECT SPREAD,1,0.3383,-0.3383,0.0007,-0.4032
4179,random,ELDER SEE CAR HELP SIMPLE SAD,SOLDIER,1,0.2537,-0.2537,0.1839,-0.3958
4180,attacker,FAMOUS,INSECT SPREAD,1,0.3383,-0.3383,0.0006,-0.3929
4181,random,CONNECTED,INSECT SPREAD,1,0.3172,-0.3172,0.0020,-0.3891
4182,attacker,FAMOUS,INSECT SPREAD,1,0.3383,-0.3383,0.0005,-0.3866
4183,attacker,FAMOUS,INSECT SPREAD,1,0.3383,-0.3383,0.0005,-0.3841
4184,random,METAL BURN,BURN,1,0.1009,-0.1009,0.0094,-0.3700
4185,attacker,FAMOUS,INSECT SPREAD,1,0.3383,-0.3383,0.0003,-0.3684
4186,attacker,FAMOUS,INSECT SPREAD,1,0.3383,-0.3383,0.0003,-0.3669
4187,random,MEMORY GROW FAIL FAIL SPREAD,SPREAD,1,0.1725,-0.1725,0.0051,-0.3572
4188,random,TOOL,SPREAD,1,0.2565,-0.2565,0.0011,-0.3521
4189,attacker,FAMOUS,INSECT SPREAD,1,0.3383,-0.3383,0.0001,-0.3514
4190,attacker,FAMOUS,INSECT SPREAD,1,0.3383,-0.3383,0.0001,-0.3508
4191,attacker,FAMOUS,INSECT SPREAD,1,0.3383,-0.3383,0.0001,-0.3502
4192,attacker,FAMOUS,INSECT SPREAD,1,0.3383,-0.3383,0.0001,-0.3496
4193,attacker,FAMOUS,INSECT SPREAD,1,0.3383,-0.3383,0.0001,-0.3490
4194,attacker,FAMOUS,INSECT SPREAD,1,0.3383,-0.3383,0.0001,-0.3485
4195,attacker,FAMOUS,INSECT SPREAD,1,0.3383,-0.3383,0.0001,-0.3480
4196,attacker,FAMOUS,INSECT SPREAD,1,0.3383,-0.3383,0.0001,-0.3475
4197,random,WEAK,INSECT SPREAD,0,1.4436,-1.4436,-0.4264,-0.4023
4198,attacker,FAMOUS,INSECT SPREAD,1,0.3383,-0.3383,0.0006,-0.3991
4199,attacker,FAMOUS,INSECT SPREAD,1,0.3383,-0.3383,0.0006,-0.3960
4200,attacker,FAMOUS,INSECT SPREAD,1,0.3383,-0.3383,0.0005,-0.3932
4201,attacker,FAMOUS,INSECT SPREAD,1,0.3383,-0.3383,0.0005,-0.3904
4202,attacker,FAMOUS,INSECT SPREAD,1,0.3383,-0.3383,0.0005,-0.3878
4203,attacker,FAMOUS,INSECT SPREAD,1,0.3383,-0.3383,0.0005,-0.3853
4204,random,DORMANT SOLDIER SEE METAL FALL FALL,BURN,1,0.2821,-0.2821,0.0049,-0.3802
4205,attacker,FAMOUS,INSECT SPREAD,1,0.3383,-0.3383,0.0004,-0.3781
4206,random,SIGNAL FAIL SPREAD,SPREAD,1,0.1418,-0.1418,0.0036,-0.3663
4207,random,DORMANT LEADER TALK ATTACK,ELDER,1,0.2013,-0.2013,0.3764,-0.3580
4208,attacker,FAMOUS,INSECT SPREAD,1,0.3383,-0.3383,0.0002,-0.3570
4209,attacker,FAMOUS,INSECT SPREAD,1,0.3383,-0.3383,0.0002,-0.3561
4210,attacker,FAMOUS,INSECT SPREAD,1,0.3383,-0.3383,0.0002,-0.3552
4211,random,DEBT,SPREAD,1,0.2036,-0.2036,0.0016,-0.3476
4212,random,HEAVY CAMERA,FALL,1,0.3199,-0.3199,0.0055,-0.3462
4213,attacker,FAMOUS,INSECT SPREAD,1,0.3383,-0.3383,0.0001,-0.3458
4214,attacker,FAMOUS,INSECT SPREAD,1,0.3383,-0.3383,0.0001,-0.3455
4215,random,CORRUPTED,SEED BURN,0,1.4226,-1.4226,-1.9254,-0.3993
4216,attacker,FAMOUS,INSECT SPREAD,1,0.3383,-0.3383,0.0005,-0.3963
4217,attacker,FAMOUS,INSECT SPREAD,1,0.3383,-0.3383,0.0005,-0.3934
4218,random,ALGORITHM,SPREAD,1,0.2312,-0.2312,0.0027,-0.3853
4219,attacker,FAMOUS,INSECT SPREAD,1,0.3383,-0.3383,0.0004,-0.3829
4220,attacker,FAMOUS,INSECT SPREAD,1,0.3383,-0.3383,0.0004,-0.3807
4221,random,IDENTITY GROW,SPREAD,1,0.2104,-0.2104,0.0023,-0.3722
4222,attacker,FAMOUS,INSECT SPREAD,1,0.3383,-0.3383,0.0003,-0.3705
4223,attacker,FAMOUS,INSECT SPREAD,1,0.3383,-0.3383,0.0003,-0.3689
4224,attacker,FAMOUS,INSECT SPREAD,1,0.3383,-0.3383,0.0003,-0.3673
4225,random,ALGORITHM SPREAD GROW FAIL,SPREAD,1,0.1760,-0.1760,0.0058,-0.3578
4226,attacker,FAMOUS,INSECT SPREAD,1,0.3383,-0.3383,0.0002,-0.3568
4227,attacker,FAMOUS,INSECT SPREAD,1,0.3383,-0.3383,0.0002,-0.3559
4228,attacker,FAMOUS,INSECT SPREAD,1,0.3383,-0.3383,0.0002,-0.3550
4229,attacker,FAMOUS,INSECT SPREAD,1,0.3383,-0.3383,0.0001,-0.3541
4230,random,ORDERED STRANGER,BURN,1,0.3282,-0.3282,0.0010,-0.3529
4231,attacker,FAMOUS,INSECT SPREAD,1,0.3383,-0.3383,0.0001,-0.3521
4232,attacker,FAMOUS,INSECT SPREAD,1,0.3383,-0.3383,0.0001,-0.3514
4233,random,CLEAN,INSECT SPREAD,1,0.3127,-0.3127,0.0010,-0.3495
4234,attacker,FAMOUS,INSECT SPREAD,1,0.3383,-0.3383,0.0001,-0.3489
4235,random,CHAOTIC SYSTEM FAIL,SPREAD,1,0.2888,-0.2888,0.0012,-0.3459
4236,attacker,FAMOUS,INSECT GROW,1,0.3840,-0.3840,-0.2182,-0.3478
4237,attacker,FAMOUS,INSECT SPREAD,1,0.3383,-0.3383,0.0001,-0.3474
4238,attacker,FAMOUS,INSECT SPREAD,1,0.3383,-0.3383,0.0001,-0.3469
4239,attacker,FAMOUS,INSECT SPREAD,1,0.3383,-0.3383,0.0001,-0.3465
4240,random,CONNECTED WOMAN BURN WANT HAPPY BIRD,BURN,1,0.2804,-0.2804,0.0033,-0.3432
4241,attacker,FAMOUS,INSECT SPREAD,1,0.3383,-0.3383,0.0000,-0.3429
4242,attacker,FAMOUS,INSECT SPREAD,1,0.3383,-0.3383,0.0000,-0.3427
4243,random,OBEDIENT,INSECT SPREAD,0,1.3376,-1.3376,-0.3665,-0.3924
4244,attacker,FAMOUS,INSECT SPREAD,1,0.3383,-0.3383,0.0005,-0.3897
4245,attacker,FAMOUS,INSECT SPREAD,1,0.3383,-0.3383,0.0004,-0.3872
4246,random,CAT SEE DEAD BIG LEADER WANT,DUST,1,0.3094,-0.3094,0.3060,-0.3833
4247,attacker,FAMOUS,INSECT SPREAD,1,0.3383,-0.3383,0.0004,-0.3810
4248,random,MAN WARN MAN,BURN,1,0.2465,-0.2465,0.0090,-0.3743
4249,random,ROBOT UPDATE SMALL COMPLEX ENGINE BUILD,SEED,1,0.3221,-0.3221,0.0568,-0.3717
4250,attacker,FAMOUS,INSECT SPREAD,1,0.3383,-0.3383,0.0003,-0.3700
4251,attacker,FAMOUS,INSECT SPREAD,1,0.3383,-0.3383,0.0003,-0.3684
4252,random,CALM CHILD FALL,BURN,1,0.2807,-0.2807,0.0037,-0.3640
4253,attacker,FAMOUS,INSECT SPREAD,1,0.3383,-0.3383,0.0002,-0.3628
4254,attacker,FAMOUS,INSECT SPREAD,1,0.3383,-0.3383,0.0002,-0.3615
4255,random,WOLF HELP TRAPPED,BIRD,0,1.2023,-1.2023,-0.9928,-0.4036
4256,attacker,FAMOUS,INSECT SPREAD,1,0.3383,-0.3383,0.0005,-0.4003
4257,attacker,FAMOUS,INSECT SPREAD,1,0.3383,-0.3383,0.0005,-0.3972
4258,random,ANGRY DOG SEE TRUSTED OUTCAST SOLDIER,BURN,1,0.3190,-0.3190,0.0036,-0.3933
4259,random,POWER,SPREAD,1,0.2134,-0.2134,0.0010,-0.3843
4260,attacker,FAMOUS,INSECT SPREAD,1,0.3383,-0.3383,0.0004,-0.3820
4261,attacker,FAMOUS,INSECT SPREAD,1,0.3383,-0.3383,0.0004,-0.3798
4262,attacker,FAMOUS,INSECT SPREAD,1,0.3383,-0.3383,0.0003,-0.3777
4263,random,WATER,BURN,1,0.2030,-0.2030,0.0021,-0.3690
4264,attacker,FAMOUS,INSECT SPREAD,1,0.3383,-0.3383,0.0003,-0.3675
4265,attacker,FAMOUS,INSECT SPREAD,1,0.3383,-0.3383,0.0002,-0.3660
4266,attacker,FAMOUS,INSECT SPREAD,1,0.3383,-0.3383,0.0002,-0.3646
4267,attacker,FAMOUS,INSECT SPREAD,1,0.3383,-0.3383,0.0002,-0.3633
4268,random,ERROR GROW GROW,SPREAD,1,0.2312,-0.2312,0.0016,-0.3567
4269,random,BIG WOLF,BURN,1,0.3232,-0.3232,0.0013,-0.3550
4270,random,WOOD FALL FALL,BURN,1,0.1697,-0.1697,0.0055,-0.3458
4271,attacker,FAMOUS,INSECT SPREAD,1,0.3383,-0.3383,0.0001,-0.3454
4272,attacker,FAMOUS,INSECT SPREAD,1,0.3383,-0.3383,0.0001,-0.3450
4273,attacker,FAMOUS,INSECT SPREAD,1,0.3383,-0.3383,0.0001,-0.3447
4274,random,BROKEN,SOLDIER BURN,1,0.4457,-0.4457,-0.1442,-0.3497
4275,attacker,FAMOUS,INSECT SPREAD,1,0.3383,-0.3383,0.0001,-0.3492
4276,attacker,FAMOUS,INSECT SPREAD,1,0.3383,-0.3383,0.0001,-0.3486
4277,attacker,FAMOUS,INSECT SPREAD,1,0.3383,-0.3383,0.0001,-0.3481
4278,attacker,FAMOUS,INSECT SPREAD,1,0.3383,-0.3383,0.0001,-0.3476
4279,attacker,FAMOUS,INSECT SPREAD,1,0.3383,-0.3383,0.0001,-0.3471
4280,attacker,FAMOUS,INSECT SPREAD,1,0.3383,-0.3383,0.0001,-0.3467
4281,random,CAR MOVE,BIRD,1,0.2132,-0.2132,0.2463,-0.3400
4282,random,DEBT,SPREAD,1,0.2036,-0.2036,0.0011,-0.3332
4283,random,ENGINE,FALL,1,0.2216,-0.2216,0.0058,-0.3276
4284,attacker,FAMOUS,INSECT SPREAD,1,0.3383,-0.3383,-0.0001,-0.3282
4285,attacker,FAMOUS,INSECT SPREAD,1,0.3383,-0.3383,-0.0001,-0.3287
4286,attacker,FAMOUS,INSECT SPREAD,1,0.3383,-0.3383,-0.0001,-0.3291
4287,attacker,FAMOUS,INSECT SPREAD,1,0.3383,-0.3383,-0.0001,-0.3296
4288,attacker,FAMOUS,INSECT SPREAD,1,0.3383,-0.3383,-0.0001,-0.3300
4289,attacker,FAMOUS,INSECT SPREAD,1,0.3383,-0.3383,-0.0001,-0.3304
4290,random,IDENTITY SPREAD,SPREAD,1,0.1054,-0.1054,0.0037,-0.3192
4291,random,TRUSTED GUARD BURN,BURN,1,0.2205,-0.2205,0.0033,-0.3143
4292,random,BIG ELDER,BURN,1,0.3411,-0.3411,-0.0013,-0.3156
4293,attacker,FAMOUS,INSECT SPREAD,1,0.3383,-0.3383,-0.0002,-0.3167
4294,attacker,FAMOUS,INSECT SPREAD,1,0.3383,-0.3383,-0.0002,-0.3178
4295,attacker,FAMOUS,INSECT SPREAD,1,0.3383,-0.3383,-0.0002,-0.3188
4296,attacker,FAMOUS,INSECT SPREAD,1,0.3383,-0.3383,-0.0002,-0.3198
4297,attacker,FAMOUS,INSECT SPREAD,1,0.3383,-0.3383,-0.0001,-0.3207
4298,random,DOG BURN CARRY BROKEN DRONE ATTACK,FIRE,1,0.3053,-0.3053,0.0443,-0.3200
4299,random,OBEDIENT SOLDIER HEAR DENSE CLOCK HEAR,BORDER,1,0.3319,-0.3319,-0.0293,-0.3206
4300,attacker,FAMOUS,INSECT SPREAD,1,0.3383,-0.3383,-0.0001,-0.3214
4301,random,GUARD GROW MOVE DRONE BREAK STONE,BURN,1,0.1575,-0.1575,0.0093,-0.3132
4302,random,GUARD FALL GROW,BURN,1,0.1835,-0.1835,0.0055,-0.3068
4303,attacker,FAMOUS,INSECT SPREAD,1,0.3383,-0.3383,-0.0003,-0.3083
4304,random,SMALL CHILD ATTACK GUARD FOLLOW,BORDER,1,0.3400,-0.3400,-0.1130,-0.3099
4305,attacker,FAMOUS,INSECT SPREAD,1,0.3383,-0.3383,-0.0002,-0.3113
4306,attacker,FAMOUS,INSECT SPREAD,1,0.3383,-0.3383,-0.0002,-0.3127
4307,attacker,FAMOUS,INSECT SPREAD,1,0.3383,-0.3383,-0.0002,-0.3140
4308,attacker,FAMOUS,INSECT SPREAD,1,0.3383,-0.3383,-0.0002,-0.3152
4309,attacker,FAMOUS,INSECT SPREAD,1,0.3383,-0.3383,-0.0002,-0.3163
4310,attacker,FAMOUS,INSECT SPREAD,1,0.3383,-0.3383,-0.0002,-0.3174
4311,attacker,FAMOUS,INSECT SPREAD,1,0.3383,-0.3383,-0.0002,-0.3185
4312,attacker,FAMOUS,INSECT SPREAD,1,0.3383,-0.3383,-0.0002,-0.3195
4313,attacker,FAMOUS,INSECT SPREAD,1,0.3383,-0.3383,-0.0002,-0.3204
4314,attacker,FAMOUS,INSECT SPREAD,1,0.3383,-0.3383,-0.0001,-0.3213
4315,attacker,FAMOUS,INSECT SPREAD,1,0.3383,-0.3383,-0.0001,-0.3221
4316,attacker,FAMOUS,INSECT SPREAD,1,0.3383,-0.3383,-0.0001,-0.3230
4317,random,DENSE TOOL FALL FALL,BURN,1,0.2697,-0.2697,0.0018,-0.3203
4318,attacker,FAMOUS,INSECT SPREAD,1,0.3383,-0.3383,-0.0001,-0.3212
4319,random,STONE FALL BURN FALL FALL BURN,BURN,1,0.1345,-0.1345,0.0056,-0.3119
4320,attacker,FAMOUS,INSECT SPREAD,1,0.3383,-0.3383,-0.0002,-0.3132
4321,random,SENSOR COMPUTE SIMPLE SYSTEM,ENCODE SIGNAL,1,0.2498,-0.2498,0.4966,-0.3100
4322,attacker,FAMOUS,INSECT SPREAD,1,0.3383,-0.3383,-0.0002,-0.3114
4323,attacker,FAMOUS,INSECT SPREAD,1,0.3383,-0.3383,-0.0002,-0.3128
4324,attacker,FAMOUS,INSECT SPREAD,1,0.3383,-0.3383,-0.0002,-0.3140
4325,random,STONE,BURN,1,0.2030,-0.2030,0.0016,-0.3085
4326,attacker,FAMOUS,INSECT SPREAD,1,0.3383,-0.3383,-0.0002,-0.3100
4327,attacker,FAMOUS,INSECT SPREAD,1,0.3383,-0.3383,-0.0002,-0.3114
4328,attacker,FAMOUS,INSECT SPREAD,1,0.3383,-0.3383,-0.0002,-0.3127
4329,attacker,FAMOUS,INSECT SPREAD,1,0.3383,-0.3383,-0.0002,-0.3140
4330,attacker,FAMOUS,INSECT SPREAD,1,0.3383,-0.3383,-0.0002,-0.3152
4331,attacker,FAMOUS,INSECT SPREAD,1,0.3383,-0.3383,-0.0002,-0.3164
4332,attacker,FAMOUS,INSECT SPREAD,1,0.3383,-0.3383,-0.0002,-0.3175
4333,attacker,FAMOUS,INSECT SPREAD,1,0.3383,-0.3383,-0.0002,-0.3185
4334,random,WATER FALL BURN,BURN,1,0.1345,-0.1345,0.0049,-0.3093
4335,attacker,FAMOUS,INSECT SPREAD,1,0.3383,-0.3383,-0.0002,-0.3108
4336,random,CLEAN,INSECT SPREAD,1,0.3127,-0.3127,-0.0001,-0.3109
4337,attacker,FAMOUS,INSECT SPREAD,1,0.3383,-0.3383,-0.0002,-0.3122
4338,attacker,FAMOUS,INSECT SPREAD,1,0.3383,-0.3383,-0.0002,-0.3135
4339,attacker,DIRTY,INSECT BURN,0,1.4327,-1.4327,-1.4166,-0.3695
4340,attacker,FAMOUS,INSECT SPREAD,1,0.3383,-0.3383,0.0003,-0.3679
4341,random,LEADER SEE CITY SEE TOOL SEE,CAT,1,0.1961,-0.1961,0.3958,-0.3593
4342,random,WEAK DOG,BURN,1,0.3332,-0.3332,0.0006,-0.3580
4343,random,OPTIMAL CLOCK,FALL,1,0.3520,-0.3520,0.0040,-0.3577
4344,random,ENCRYPTED,INSECT SPREAD,0,1.3724,-1.3724,-0.9206,-0.4085
4345,attacker,FAMOUS,INSECT SPREAD,1,0.3383,-0.3383,0.0006,-0.4050
4346,random,SOLDIER GROW SPREAD BREAK,BROKEN DRONE BURN,1,0.2735,-0.2735,0.9868,-0.3984
4347,attacker,FAMOUS,INSECT SPREAD,1,0.3383,-0.3383,0.0005,-0.3954
4348,attacker,FAMOUS,INSECT SPREAD,1,0.3383,-0.3383,0.0005,-0.3925
4349,attacker,FAMOUS,INSECT SPREAD,1,0.3383,-0.3383,0.0005,-0.3898
4350,random,MEMORY SPREAD FAIL,SPREAD,1,0.1406,-0.1406,0.0045,-0.3773
4351,attacker,FAMOUS,INSECT SPREAD,1,0.3383,-0.3383,0.0003,-0.3754
4352,attacker,FAMOUS,INSECT SPREAD,1,0.3383,-0.3383,0.0003,-0.3735
4353,attacker,FAMOUS,CAR FALL,0,1.3846,-1.3846,-10.1194,-0.4241
4354,attacker,FAMOUS,INSECT SPREAD,1,0.3383,-0.3383,0.0008,-0.4198
4355,random,CHANCE,SPREAD,1,0.2027,-0.2027,0.0013,-0.4089
4356,random,COMPLEX,INSECT SPREAD,1,0.3383,-0.3383,0.0025,-0.4054
4357,random,PLAN SPREAD,SPREAD,1,0.1017,-0.1017,0.0052,-0.3902
4358,attacker,FAMOUS,INSECT SPREAD,1,0.3383,-0.3383,0.0005,-0.3876
4359,attacker,FAMOUS,INSECT SPREAD,1,0.3383,-0.3383,0.0004,-0.3852
4360,attacker,FAMOUS,INSECT SPREAD,1,0.3383,-0.3383,0.0004,-0.3828
4361,attacker,FAMOUS,INSECT SPREAD,1,0.3383,-0.3383,0.0004,-0.3806
4362,random,MEMORY,SPREAD,1,0.2046,-0.2046,0.0019,-0.3718
4363,attacker,FAMOUS,INSECT SPREAD,1,0.3383,-0.3383,0.0003,-0.3701
4364,attacker,FAMOUS,INSECT SPREAD,1,0.3383,-0.3383,0.0003,-0.3685
4365,random,FIRE FALL,BURN,1,0.1683,-0.1683,0.0054,-0.3585
4366,attacker,FAMOUS,INSECT SPREAD,1,0.3383,-0.3383,0.0002,-0.3575
4367,random,CAR,FAIL,1,0.2484,-0.2484,0.0597,-0.3520
4368,random,NETWORK SPREAD SPREAD GROW,SPREAD,1,0.1528,-0.1528,0.0031,-0.3421
4369,attacker,FAMOUS,INSECT SPREAD,1,0.3383,-0.3383,0.0000,-0.3419
4370,attacker,FAMOUS,INSECT SPREAD,1,0.3383,-0.3383,0.0000,-0.3417
4371,attacker,FAMOUS,INSECT SPREAD,1,0.3383,-0.3383,0.0000,-0.3415
4372,attacker,FAMOUS,INSECT SPREAD,1,0.3383,-0.3383,0.0000,-0.3414
4373,attacker,FAMOUS,INSECT SPREAD,1,0.3383,-0.3383,0.0000,-0.3412
4374,attacker,FAMOUS,INSECT SPREAD,1,0.3383,-0.3383,0.0000,-0.3411
4375,attacker,FAMOUS,INSECT SPREAD,1,0.3383,-0.3383,0.0000,-0.3409
4376,attacker,FAMOUS,INSECT SPREAD,1,0.3383,-0.3383,0.0000,-0.3408
4377,attacker,FAMOUS,INSECT SPREAD,1,0.3383,-0.3383,0.0000,-0.3407
4378,attacker,FAMOUS,INSECT SPREAD,1,0.3383,-0.3383,0.0000,-0.3406
4379,attacker,FAMOUS,INSECT SPREAD,1,0.3383,-0.3383,0.0000,-0.3404
4380,attacker,FAMOUS,INSECT SPREAD,1,0.3383,-0.3383,0.0000,-0.3403
4381,attacker,FAMOUS,INSECT SPREAD,1,0.3383,-0.3383,0.0000,-0.3402
4382,random,WEAPON,GROW,1,0.2114,-0.2114,0.7255,-0.3338
4383,attacker,FAMOUS,INSECT SPREAD,1,0.3383,-0.3383,-0.0000,-0.3340
4384,attacker,FAMOUS,INSECT SPREAD,1,0.3383,-0.3383,-0.0000,-0.3342
4385,attacker,FAMOUS,INSECT SPREAD,1,0.3383,-0.3383,-0.0000,-0.3344
4386,attacker,FAMOUS,INSECT SPREAD,1,0.3383,-0.3383,-0.0000,-0.3346
4387,attacker,FAMOUS,INSECT SPREAD,1,0.3383,-0.3383,-0.0000,-0.3348
4388,attacker,FAMOUS,INSECT SPREAD,1,0.3383,-0.3383,-0.0000,-0.3350
4389,random,PLAN GROW UPDATE PLAN SPREAD SPREAD,SPREAD,1,0.1643,-0.1643,0.0026,-0.3264
4390,random,ASHAMED,MAN BURN,1,0.4433,-0.4433,-0.3585,-0.3323
4391,random,AUTOMATED,SOLDIER BURN,1,0.3591,-0.3591,-0.0626,-0.3336
4392,random,DORMANT IDENTITY,SPREAD,1,0.3190,-0.3190,0.0001,-0.3329
4393,attacker,FAMOUS,INSECT SPREAD,1,0.3383,-0.3383,-0.0000,-0.3332
4394,attacker,FAMOUS,INSECT SPREAD,1,0.3383,-0.3383,-0.0000,-0.3334
4395,attacker,FAMOUS,INSECT SPREAD,1,0.3383,-0.3383,-0.0000,-0.3337
4396,attacker,FAMOUS,MAP BURN,0,1.3759,-1.3759,-12.2028,-0.3858
4397,attacker,FAMOUS,INSECT SPREAD,1,0.3383,-0.3383,0.0004,-0.3834
4398,attacker,FAMOUS,INSECT SPREAD,1,0.3383,-0.3383,0.0004,-0.3811
4399,attacker,FAMOUS,INSECT SPREAD,1,0.3383,-0.3383,0.0004,-0.3790
4400,attacker,FAMOUS,INSECT SPREAD,1,0.3383,-0.3383,0.0004,-0.3770
4401,attacker,FAMOUS,INSECT SPREAD,1,0.3383,-0.3383,0.0003,-0.3750
4402,attacker,FAMOUS,INSECT SPREAD,1,0.3383,-0.3383,0.0003,-0.3732
4403,attacker,FAMOUS,INSECT SPREAD,1,0.3383,-0.3383,0.0003,-0.3714
4404,attacker,FAMOUS,INSECT SPREAD,1,0.3383,-0.3383,0.0003,-0.3698
4405,attacker,FAMOUS,INSECT SPREAD,1,0.3383,-0.3383,0.0003,-0.3682
4406,random,CALM CHILD BURN SPREAD SPREAD GROW,BURN,1,0.2821,-0.2821,0.0039,-0.3639
4407,attacker,FAMOUS,INSECT SPREAD,1,0.3383,-0.3383,0.0002,-0.3626
4408,attacker,FAMOUS,INSECT SPREAD,1,0.3383,-0.3383,0.0002,-0.3614
4409,attacker,FAMOUS,INSECT SPREAD,1,0.3383,-0.3383,0.0002,-0.3603
4410,attacker,FAMOUS,INSECT SPREAD,1,0.3383,-0.3383,0.0002,-0.3592
4411,random,CLOCK,FAIL,1,0.2329,-0.2329,0.0170,-0.3528
4412,random,GUARD FALL SEE COMPLEX,CROWD BURN,1,0.1862,-0.1862,0.9017,-0.3445
4413,attacker,FAMOUS,INSECT SPREAD,1,0.3383,-0.3383,0.0001,-0.3442
4414,random,CORRUPTED LAW GROW SPREAD SPREAD,SPREAD,1,0.2513,-0.2513,0.0031,-0.3396
4415,attacker,FAMOUS,INSECT SPREAD,1,0.3383,-0.3383,0.0000,-0.3395
4416,attacker,FAMOUS,INSECT SPREAD,1,0.3383,-0.3383,0.0000,-0.3394
4417,random,POWER GROW GROW GROW SPREAD GROW,SPREAD,1,0.1681,-0.1681,0.0021,-0.3309
4418,random,CALM DOG FALL HEAR AUTOMATED,TIME,1,0.3367,-0.3367,-0.0127,-0.3312
4419,attacker,FAMOUS,INSECT SPREAD,1,0.3383,-0.3383,-0.0001,-0.3315
4420,attacker,FAMOUS,INSECT SPREAD,1,0.3383,-0.3383,-0.0001,-0.3318
4421,random,METAL BURN BURN,BURN,1,0.1004,-0.1004,0.0055,-0.3203
4422,random,WOLF KNOW CAT,BURN,1,0.2251,-0.2251,0.0021,-0.3155
4423,attacker,FAMOUS,INSECT SPREAD,1,0.3383,-0.3383,-0.0002,-0.3167
4424,attacker,FAMOUS,INSECT SPREAD,1,0.3383,-0.3383,-0.0002,-0.3177
4425,attacker,FAMOUS,INSECT SPREAD,1,0.3383,-0.3383,-0.0002,-0.3188
4426,random,NETWORK HEAR BIG,SOLDIER,1,0.3119,-0.3119,0.0386,-0.3184
4427,random,POISON FALL GROW,SPREAD,1,0.2447,-0.2447,0.0013,-0.3147
4428,attacker,FAMOUS,INSECT SPREAD,1,0.3383,-0.3383,-0.0002,-0.3159
4429,random,DENSE WEAPON,BURN,1,0.3049,-0.3049,0.0018,-0.3154
4430,attacker,FAMOUS,INSECT SPREAD,1,0.3383,-0.3383,-0.0002,-0.3165
4431,attacker,FAMOUS,INSECT SPREAD,1,0.3383,-0.3383,-0.0002,-0.3176
4432,random,VAST MAP GROW FALL,BURN,1,0.2798,-0.2798,0.0035,-0.3157
4433,attacker,FAMOUS,INSECT SPREAD,1,0.3383,-0.3383,-0.0002,-0.3168
4434,random,ASHAMED LEADER BREAK CORRUPTED ENCRYPTED BOOK,BURN,1,0.2126,-0.2126,0.0043,-0.3116
4435,random,LEADER,BURN,1,0.2478,-0.2478,0.0163,-0.3084
4436,attacker,FAMOUS,INSECT SPREAD,1,0.3383,-0.3383,-0.0003,-0.3099
4437,attacker,FAMOUS,INSECT SPREAD,1,0.3383,-0.3383,-0.0002,-0.3113
4438,attacker,FAMOUS,INSECT SPREAD,1,0.3383,-0.3383,-0.0002,-0.3127
4439,random,WEAPON FALL GROW FALL,SPREAD,1,0.2558,-0.2558,0.0033,-0.3098
4440,attacker,FAMOUS,INSECT SPREAD,1,0.3383,-0.3383,-0.0002,-0.3113
4441,attacker,FAMOUS,INSECT SPREAD,1,0.3383,-0.3383,-0.0002,-0.3126
4442,attacker,FAMOUS,INSECT SPREAD,1,0.3383,-0.3383,-0.0002,-0.3139
4443,random,INSECT GROW HEAR DULL WEAK SOLDIER,SPREAD,1,0.3319,-0.3319,-0.0002,-0.3148
4444,attacker,FAMOUS,INSECT SPREAD,1,0.3383,-0.3383,-0.0002,-0.3160
4445,attacker,FAMOUS,INSECT SPREAD,1,0.3383,-0.3383,-0.0002,-0.3171
4446,attacker,FAMOUS,INSECT SPREAD,1,0.3383,-0.3383,-0.0002,-0.3181
4447,attacker,FAMOUS,INSECT SPREAD,1,0.3383,-0.3383,-0.0002,-0.3192
4448,attacker,FAMOUS,INSECT SPREAD,1,0.3383,-0.3383,-0.0002,-0.3201
4449,attacker,FAMOUS,INSECT SPREAD,1,0.3383,-0.3383,-0.0002,-0.3210
4450,random,TRUTH,SPREAD,1,0.2077,-0.2077,0.0009,-0.3154
4451,attacker,FAMOUS,INSECT SPREAD,1,0.3383,-0.3383,-0.0002,-0.3165
4452,random,CHAOTIC,MAP SPREAD,0,1.4829,-1.4829,-1.7223,-0.3748
4453,attacker,FAMOUS,INSECT SPREAD,1,0.3383,-0.3383,0.0003,-0.3730
4454,random,BIRD SEE,HORSE,1,0.1015,-0.1015,0.8365,-0.3594
4455,attacker,FAMOUS,INSECT SPREAD,1,0.3383,-0.3383,0.0002,-0.3584
4456,attacker,FAMOUS,INSECT SPREAD,1,0.3383,-0.3383,0.0002,-0.3574
4457,attacker,FAMOUS,INSECT SPREAD,1,0.3383,-0.3383,0.0002,-0.3564
4458,random,HEAVY KEY,BURN,1,0.3071,-0.3071,0.0015,-0.3539
4459,random,ERROR FAIL SPREAD SPREAD SPREAD,SPREAD,1,0.1393,-0.1393,0.0038,-0.3432
4460,attacker,FAMOUS,INSECT SPREAD,1,0.3383,-0.3383,0.0000,-0.3430
4461,attacker,FAMOUS,INSECT SPREAD,1,0.3383,-0.3383,0.0000,-0.3427
4462,attacker,FAMOUS,INSECT SPREAD,1,0.3383,-0.3383,0.0000,-0.3425
4463,attacker,FAMOUS,INSECT GROW,1,0.3840,-0.3840,-0.2397,-0.3446
4464,attacker,FAMOUS,INSECT SPREAD,1,0.3383,-0.3383,0.0001,-0.3443
4465,random,MEMORY,SPREAD,1,0.2046,-0.2046,0.0022,-0.3373
4466,attacker,FAMOUS,INSECT SPREAD,1,0.3383,-0.3383,-0.0000,-0.3373
4467,attacker,FAMOUS,INSECT SPREAD,1,0.3383,-0.3383,-0.0000,-0.3374
4468,attacker,FAMOUS,INSECT SPREAD,1,0.3383,-0.3383,-0.0000,-0.3374
4469,attacker,FAMOUS,INSECT SPREAD,1,0.3383,-0.3383,-0.0000,-0.3375
4470,random,POISON GROW,SPREAD,1,0.2344,-0.2344,0.0019,-0.3323
4471,attacker,FAMOUS,INSECT SPREAD,1,0.3383,-0.3383,-0.0000,-0.3326
4472,attacker,FAMOUS,INSECT SPREAD,1,0.3383,-0.3383,-0.0000,-0.3329
4473,attacker,FAMOUS,INSECT SPREAD,1,0.3383,-0.3383,-0.0000,-0.3332
4474,attacker,FAMOUS,INSECT SPREAD,1,0.3383,-0.3383,-0.0000,-0.3334
4475,attacker,FAMOUS,INSECT SPREAD,1,0.3383,-0.3383,-0.0000,-0.3337
4476,attacker,FAMOUS,INSECT SPREAD,1,0.3383,-0.3383,-0.0000,-0.3339
4477,random,COMPUTER,FAIL,1,0.2228,-0.2228,0.0683,-0.3283
4478,attacker,FAMOUS,INSECT SPREAD,1,0.3383,-0.3383,-0.0001,-0.3288
4479,attacker,FAMOUS,INSECT SPREAD,1,0.3383,-0.3383,-0.0001,-0.3293
4480,attacker,FAMOUS,INSECT SPREAD,1,0.3383,-0.3383,-0.0001,-0.3298
4481,random,CHAOTIC LAW SPREAD GROW GROW,SPREAD,1,0.2574,-0.2574,0.0027,-0.3261
4482,random,SAD CHILD SEE FOREST SEE SENSOR,BURN,1,0.3047,-0.3047,0.0008,-0.3251
4483,attacker,FAMOUS,INSECT SPREAD,1,0.3383,-0.3383,-0.0001,-0.3257
4484,attacker,FAMOUS,INSECT SPREAD,1,0.3383,-0.3383,-0.0001,-0.3264
4485,random,POWER SPREAD SPREAD,SPREAD,1,0.1022,-0.1022,0.0030,-0.3151
4486,attacker,FAMOUS,INSECT SPREAD,1,0.3383,-0.3383,-0.0002,-0.3163
4487,attacker,FAMOUS,INSECT SPREAD,1,0.3383,-0.3383,-0.0002,-0.3174
4488,random,METAL,BURN,1,0.2030,-0.2030,0.0020,-0.3117
4489,attacker,FAMOUS,INSECT SPREAD,1,0.3383,-0.3383,-0.0002,-0.3130
4490,attacker,FAMOUS,INSECT SPREAD,1,0.3383,-0.3383,-0.0002,-0.3143
4491,random,WOMAN HELP,INSECT,1,0.1818,-0.1818,0.0945,-0.3077
4492,attacker,FAMOUS,INSECT SPREAD,1,0.3383,-0.3383,-0.0002,-0.3092
4493,attacker,FAMOUS,INSECT SPREAD,1,0.3383,-0.3383,-0.0002,-0.3106
4494,attacker,FAMOUS,INSECT SPREAD,1,0.3383,-0.3383,-0.0002,-0.3120
4495,attacker,FAMOUS,INSECT SPREAD,1,0.3383,-0.3383,-0.0002,-0.3133
4496,attacker,FAMOUS,INSECT SPREAD,1,0.3383,-0.3383,-0.0002,-0.3146
4497,attacker,FAMOUS,INSECT SPREAD,1,0.3383,-0.3383,-0.0002,-0.3158
4498,attacker,FAMOUS,INSECT SPREAD,1,0.3383,-0.3383,-0.0002,-0.3169
4499,random,BORDER GROW SPREAD SPREAD GROW SPREAD,SPREAD,1,0.1532,-0.1532,0.0020,-0.3087
4500,attacker,FAMOUS,INSECT SPREAD,1,0.3383,-0.3383,-0.0002,-0.3102
4501,attacker,FAMOUS,INSECT SPREAD,1,0.3383,-0.3383,-0.0002,-0.3116
4502,random,CAMERA FAIL GENERATE TRUTH FAIL MOVE,DRONE FAIL,1,0.1441,-0.1441,0.7399,-0.3032
4503,attacker,FAMOUS,INSECT SPREAD,1,0.3383,-0.3383,-0.0003,-0.3050
4504,attacker,FAMOUS,INSECT SPREAD,1,0.3383,-0.3383,-0.0003,-0.3066
4505,random,CALM,STRANGER,0,1.3289,-1.3289,-3.0623,-0.3577
4506,attacker,FAMOUS,INSECT SPREAD,1,0.3383,-0.3383,0.0002,-0.3568
4507,random,WATER BURN FALL FALL BURN FALL,BURN,1,0.1345,-0.1345,0.0047,-0.3457
4508,random,CHOICE GROW SPREAD SPREAD GROW SPREAD,SPREAD,1,0.1553,-0.1553,0.0024,-0.3361
4509,attacker,FAMOUS,INSECT SPREAD,1,0.3383,-0.3383,-0.0000,-0.3362
4510,attacker,FAMOUS,INSECT SPREAD,1,0.3383,-0.3383,-0.0000,-0.3363
4511,attacker,FAMOUS,INSECT SPREAD,1,0.3383,-0.3383,-0.0000,-0.3364
4512,attacker,FAMOUS,INSECT SPREAD,1,0.3383,-0.3383,-0.0000,-0.3365
4513,attacker,FAMOUS,INSECT SPREAD,1,0.3383,-0.3383,-0.0000,-0.3366
4514,attacker,FAMOUS,INSECT SPREAD,1,0.3383,-0.3383,-0.0000,-0.3367
4515,attacker,FAMOUS,INSECT SPREAD,1,0.3383,-0.3383,-0.0000,-0.3368
4516,attacker,FAMOUS,INSECT SPREAD,1,0.3383,-0.3383,-0.0000,-0.3369
4517,random,DOG WANT RIVER FOLLOW FREE BIRD,BURN,1,0.3324,-0.3324,0.0001,-0.3366
4518,random,COMPLEX TRUTH GROW SPREAD SPREAD,SPREAD,1,0.2509,-0.2509,0.0021,-0.3323
4519,random,SEED,BURN,1,0.2049,-0.2049,0.0029,-0.3260
4520,random,SYSTEM FAIL FAIL FAIL SPREAD FAIL,SPREAD,1,0.1527,-0.1527,0.0033,-0.3173
4521,attacker,FAMOUS,INSECT SPREAD,1,0.3383,-0.3383,-0.0002,-0.3184
4522,attacker,FAMOUS,INSECT SPREAD,1,0.3383,-0.3383,-0.0002,-0.3194
4523,attacker,FAMOUS,INSECT SPREAD,1,0.3383,-0.3383,-0.0002,-0.3203
4524,attacker,FAMOUS,INSECT SPREAD,1,0.3383,-0.3383,-0.0001,-0.3212
4525,random,CHAOTIC,BIG DRONE FALL,0,1.4457,-1.4457,-12.7801,-0.3774
4526,attacker,FAMOUS,INSECT SPREAD,1,0.3383,-0.3383,0.0003,-0.3755
4527,attacker,FAMOUS,INSECT SPREAD,1,0.3383,-0.3383,0.0003,-0.3736
4528,attacker,FAMOUS,INSECT SPREAD,1,0.3383,-0.3383,0.0003,-0.3718
4529,attacker,FAMOUS,INSECT SPREAD,1,0.3383,-0.3383,0.0003,-0.3702
4530,attacker,FAMOUS,INSECT SPREAD,1,0.3383,-0.3383,0.0003,-0.3686
4531,attacker,FAMOUS,INSECT SPREAD,1,0.3383,-0.3383,0.0002,-0.3671
4532,attacker,FAMOUS,INSECT SPREAD,1,0.3383,-0.3383,0.0002,-0.3656
4533,attacker,FAMOUS,INSECT SPREAD,1,0.3383,-0.3383,0.0002,-0.3642
4534,attacker,FAMOUS,INSECT SPREAD,1,0.3383,-0.3383,0.0002,-0.3630
4535,random,FEAR,SPREAD,1,0.2077,-0.2077,0.0013,-0.3552
4536,attacker,FAMOUS,INSECT SPREAD,1,0.3383,-0.3383,0.0001,-0.3543
4537,attacker,FAMOUS,INSECT SPREAD,1,0.3383,-0.3383,0.0001,-0.3535
4538,random,TRUSTED,INSECT SPREAD,1,0.3366,-0.3366,0.0009,-0.3527
4539,random,CORRUPTED,SOLDIER BURN,0,1.4389,-1.4389,-5.4507,-0.4070
4540,random,GUARD SPREAD BREAK ORDERED,INSECT BURN,0,1.2285,-1.2285,-0.6398,-0.4481
4541,attacker,FAMOUS,INSECT SPREAD,1,0.3383,-0.3383,0.0009,-0.4426
4542,attacker,FAMOUS,INSECT SPREAD,1,0.3383,-0.3383,0.0008,-0.4374
4543,attacker,FAMOUS,INSECT SPREAD,1,0.3383,-0.3383,0.0008,-0.4324
4544,attacker,FAMOUS,INSECT SPREAD,1,0.3383,-0.3383,0.0008,-0.4277
4545,attacker,FAMOUS,INSECT SPREAD,1,0.3383,-0.3383,0.0007,-0.4232
4546,random,BOOK SPREAD FALL FALL GROW,SPREAD,1,0.1853,-0.1853,0.0044,-0.4113
4547,random,CLOCK MOVE FAST CONNECTED CAT HEAR,MEMORY GENERATE PATTERN,1,0.3529,-0.3529,0.7728,-0.4084
4548,attacker,FAMOUS,INSECT SPREAD,1,0.3383,-0.3383,0.0006,-0.4049
4549,attacker,FAMOUS,INSECT SPREAD,1,0.3383,-0.3383,0.0005,-0.4016
4550,random,RULE,SPREAD,1,0.2027,-0.2027,0.0017,-0.3916
4551,attacker,FAMOUS,INSECT SPREAD,1,0.3383,-0.3383,0.0004,-0.3890
4552,random,DRONE UPDATE CAR UPDATE,SYSTEM,1,0.2135,-0.2135,0.3622,-0.3802
4553,random,IDENTITY,SPREAD,1,0.2161,-0.2161,0.0010,-0.3720
4554,attacker,FAMOUS,INSECT SPREAD,1,0.3383,-0.3383,0.0003,-0.3703
4555,attacker,FAMOUS,INSECT SPREAD,1,0.3383,-0.3383,0.0003,-0.3687
4556,random,ERROR GROW FAIL GROW SPREAD GROW,SPREAD,1,0.1803,-0.1803,0.0022,-0.3593
4557,attacker,FAMOUS,INSECT SPREAD,1,0.3383,-0.3383,0.0002,-0.3582
4558,random,CORRUPTED,INSECT SPREAD,0,1.4856,-1.4856,-4.1062,-0.4146
4559,random,COMPUTER UPDATE OPTIMAL PATTERN BREAK,FOOD,1,0.3554,-0.3554,0.2537,-0.4116
4560,random,DULL LEADER HEAR NETWORK FOLLOW INSECT,BURN,1,0.3424,-0.3424,0.0051,-0.4082
4561,attacker,FAMOUS,INSECT SPREAD,1,0.3383,-0.3383,0.0006,-0.4047
4562,attacker,FAMOUS,INSECT SPREAD,1,0.3383,-0.3383,0.0005,-0.4014
4563,attacker,FAMOUS,INSECT SPREAD,1,0.3383,-0.3383,0.0005,-0.3982
4564,attacker,FAMOUS,INSECT SPREAD,1,0.3383,-0.3383,0.0005,-0.3952
4565,attacker,FAMOUS,INSECT SPREAD,1,0.3383,-0.3383,0.0005,-0.3924
4566,attacker,FAMOUS,INSECT SPREAD,1,0.3383,-0.3383,0.0004,-0.3897
4567,attacker,FAMOUS,INSECT SPREAD,1,0.3383,-0.3383,0.0004,-0.3871
4568,random,HORSE SEE ROAD HEAR,OUTCAST LEADER,1,0.2915,-0.2915,0.5878,-0.3823
4569,attacker,FAMOUS,INSECT SPREAD,1,0.3383,-0.3383,0.0004,-0.3801
4570,random,MAP,SPREAD,1,0.2120,-0.2120,0.0033,-0.3717
4571,random,ROBOT COMPUTE,CHANCE FALL,0,1.2463,-1.2463,-6.5044,-0.4154
4572,attacker,FAMOUS,INSECT SPREAD,1,0.3383,-0.3383,0.0006,-0.4116
4573,random,BIG SENSOR SEE,CROWD,1,0.3311,-0.3311,0.2863,-0.4076
4574,attacker,FAMOUS,INSECT SPREAD,1,0.3383,-0.3383,0.0006,-0.4041
4575,attacker,FAMOUS,INSECT SPREAD,1,0.3383,-0.3383,0.0005,-0.4008
4576,random,STONE FALL,BURN,1,0.1697,-0.1697,0.0052,-0.3892
4577,random,TRUSTED,INSECT SPREAD,1,0.3366,-0.3366,0.0050,-0.3866
4578,attacker,FAMOUS,INSECT SPREAD,1,0.3383,-0.3383,0.0004,-0.3842
4579,attacker,FAMOUS,INSECT SPREAD,1,0.3383,-0.3383,0.0004,-0.3819
4580,attacker,FAMOUS,INSECT SPREAD,1,0.3383,-0.3383,0.0003,-0.3797
4581,random,CORRUPTED CAMERA MOVE DRONE MOVE KEY,FALL,1,0.2786,-0.2786,0.0416,-0.3747
4582,attacker,FAMOUS,INSECT SPREAD,1,0.3383,-0.3383,0.0003,-0.3728
4583,attacker,FAMOUS,INSECT SPREAD,1,0.3383,-0.3383,0.0003,-0.3711
4584,attacker,FAMOUS,INSECT SPREAD,1,0.3383,-0.3383,0.0003,-0.3695
4585,attacker,FAMOUS,INSECT SPREAD,1,0.3383,-0.3383,0.0002,-0.3679
4586,attacker,FAMOUS,INSECT SPREAD,1,0.3383,-0.3383,0.0002,-0.3664
4587,attacker,FAMOUS,INSECT SPREAD,1,0.3383,-0.3383,0.0002,-0.3650
4588,random,COMPLEX CHANCE FAIL,SPREAD,1,0.2898,-0.2898,0.0019,-0.3613
4589,attacker,FAMOUS,INSECT SPREAD,1,0.3383,-0.3383,0.0002,-0.3601
4590,attacker,FAMOUS,INSECT SPREAD,1,0.3383,-0.3383,0.0002,-0.3590
4591,attacker,FAMOUS,INSECT SPREAD,1,0.3383,-0.3383,0.0002,-0.3580
4592,attacker,FAMOUS,INSECT SPREAD,1,0.3383,-0.3383,0.0002,-0.3570
4593,attacker,FAMOUS,INSECT SPREAD,1,0.3383,-0.3383,0.0001,-0.3561
4594,attacker,FAMOUS,INSECT SPREAD,1,0.3383,-0.3383,0.0001,-0.3552
4595,attacker,FAMOUS,INSECT SPREAD,1,0.3383,-0.3383,0.0001,-0.3543
4596,attacker,FAMOUS,INSECT SPREAD,1,0.3383,-0.3383,0.0001,-0.3535
4597,attacker,FAMOUS,INSECT SPREAD,1,0.3383,-0.3383,0.0001,-0.3528
4598,attacker,FAMOUS,INSECT SPREAD,1,0.3383,-0.3383,0.0001,-0.3520
4599,attacker,FAMOUS,INSECT SPREAD,1,0.3383,-0.3383,0.0001,-0.3514
4600,attacker,FAMOUS,INSECT SPREAD,1,0.3383,-0.3383,0.0001,-0.3507
4601,attacker,FAMOUS,INSECT SPREAD,1,0.3383,-0.3383,0.0001,-0.3501
4602,attacker,FAMOUS,INSECT SPREAD,1,0.3383,-0.3383,0.0001,-0.3495
4603,random,SIGNAL,SPREAD,1,0.2077,-0.2077,0.0018,-0.3424
4604,attacker,FAMOUS,INSECT SPREAD,1,0.3383,-0.3383,0.0000,-0.3422
4605,random,LEADER,BURN,1,0.2478,-0.2478,0.0053,-0.3375
4606,attacker,FAMOUS,INSECT SPREAD,1,0.3383,-0.3383,-0.0000,-0.3375
4607,attacker,FAMOUS,INSECT SPREAD,1,0.3383,-0.3383,-0.0000,-0.3375
4608,attacker,FAMOUS,INSECT SPREAD,1,0.3383,-0.3383,-0.0000,-0.3376
4609,attacker,FAMOUS,INSECT SPREAD,1,0.3383,-0.3383,-0.0000,-0.3376
4610,attacker,FAMOUS,INSECT SPREAD,1,0.3383,-0.3383,-0.0000,-0.3377
4611,attacker,FAMOUS,INSECT SPREAD,1,0.3383,-0.3383,-0.0000,-0.3377
4612,attacker,FAMOUS,INSECT SPREAD,1,0.3383,-0.3383,-0.0000,-0.3377
4613,random,SHARP,FIRE BURN,1,0.3134,-0.3134,0.0701,-0.3365
4614,attacker,FAMOUS,INSECT SPREAD,1,0.3383,-0.3383,-0.0000,-0.3366
4615,attacker,FAMOUS,INSECT SPREAD,1,0.3383,-0.3383,-0.0000,-0.3367
4616,attacker,FAMOUS,INSECT SPREAD,1,0.3383,-0.3383,-0.0000,-0.3368
4617,attacker,FAMOUS,INSECT SPREAD,1,0.3383,-0.3383,-0.0000,-0.3368
4618,attacker,FAMOUS,INSECT SPREAD,1,0.3383,-0.3383,-0.0000,-0.3369
4619,random,PLAN SPREAD,SPREAD,1,0.1017,-0.1017,0.0036,-0.3251
4620,attacker,FAMOUS,INSECT SPREAD,1,0.3383,-0.3383,-0.0001,-0.3258
4621,attacker,FAMOUS,INSECT SPREAD,1,0.3383,-0.3383,-0.0001,-0.3264
4622,random,FAST DOG FORGET LAW FOLLOW,REBELLIOUS GUARD,1,0.3228,-0.3228,0.0211,-0.3262
4623,attacker,FAMOUS,INSECT SPREAD,1,0.3383,-0.3383,-0.0001,-0.3268
4624,attacker,FAMOUS,INSECT SPREAD,1,0.3383,-0.3383,-0.0001,-0.3274
4625,attacker,FAMOUS,INSECT SPREAD,1,0.3383,-0.3383,-0.0001,-0.3280
4626,attacker,FAMOUS,INSECT SPREAD,1,0.3383,-0.3383,-0.0001,-0.3285
4627,attacker,FAMOUS,INSECT SPREAD,1,0.3383,-0.3383,-0.0001,-0.3290
4628,attacker,FAMOUS,INSECT SPREAD,1,0.3383,-0.3383,-0.0001,-0.3294
4629,attacker,FAMOUS,INSECT SPREAD,1,0.3383,-0.3383,-0.0001,-0.3299
4630,attacker,FAMOUS,INSECT SPREAD,1,0.3383,-0.3383,-0.0001,-0.3303
4631,attacker,FAMOUS,INSECT SPREAD,1,0.3383,-0.3383,-0.0001,-0.3307
4632,attacker,FAMOUS,INSECT SPREAD,1,0.3383,-0.3383,-0.0001,-0.3311
4633,attacker,FAMOUS,INSECT SPREAD,1,0.3383,-0.3383,-0.0001,-0.3314
4634,attacker,FAMOUS,INSECT SPREAD,1,0.3383,-0.3383,-0.0001,-0.3318
4635,attacker,FAMOUS,INSECT SPREAD,1,0.3383,-0.3383,-0.0001,-0.3321
4636,attacker,FAMOUS,INSECT SPREAD,1,0.3383,-0.3383,-0.0001,-0.3324
4637,random,CHANCE,SPREAD,1,0.2027,-0.2027,0.0007,-0.3259
4638,attacker,FAMOUS,INSECT SPREAD,1,0.3383,-0.3383,-0.0001,-0.3265
4639,attacker,FAMOUS,INSECT SPREAD,1,0.3383,-0.3383,-0.0001,-0.3271
4640,attacker,FAMOUS,INSECT SPREAD,1,0.3383,-0.3383,-0.0001,-0.3277
4641,attacker,FAMOUS,INSECT SPREAD,1,0.3383,-0.3383,-0.0001,-0.3282
4642,attacker,FAMOUS,INSECT SPREAD,1,0.3383,-0.3383,-0.0001,-0.3287
4643,attacker,FAMOUS,INSECT SPREAD,1,0.3383,-0.3383,-0.0001,-0.3292
4644,attacker,FAMOUS,INSECT SPREAD,1,0.3383,-0.3383,-0.0001,-0.3296
4645,random,WATER,BURN,1,0.2030,-0.2030,0.0013,-0.3233
4646,attacker,FAMOUS,INSECT SPREAD,1,0.3383,-0.3383,-0.0001,-0.3241
4647,random,SIGNAL,SPREAD,1,0.2077,-0.2077,0.0014,-0.3182
4648,attacker,FAMOUS,INSECT SPREAD,1,0.3383,-0.3383,-0.0002,-0.3192
4649,attacker,FAMOUS,INSECT SPREAD,1,0.3383,-0.3383,-0.0002,-0.3202
4650,random,SYSTEM FAIL GROW GROW SPREAD SPREAD,SPREAD,1,0.1685,-0.1685,0.0022,-0.3126
4651,attacker,FAMOUS,INSECT SPREAD,1,0.3383,-0.3383,-0.0002,-0.3139
4652,random,TOOL GROW SPREAD,SPREAD,1,0.1700,-0.1700,0.0018,-0.3067
4653,attacker,FAMOUS,INSECT SPREAD,1,0.3383,-0.3383,-0.0003,-0.3083
4654,random,SHARP STRANGER WANT AUTOMATED,KEY,1,0.3299,-0.3299,-0.0095,-0.3094
4655,attacker,FAMOUS,INSECT SPREAD,1,0.3383,-0.3383,-0.0002,-0.3108
4656,attacker,FAMOUS,INSECT SPREAD,1,0.3383,-0.3383,-0.0002,-0.3122
4657,attacker,FAMOUS,INSECT SPREAD,1,0.3383,-0.3383,-0.0002,-0.3135
4658,attacker,FAMOUS,INSECT SPREAD,1,0.3383,-0.3383,-0.0002,-0.3147
4659,attacker,FAMOUS,INSECT SPREAD,1,0.3383,-0.3383,-0.0002,-0.3159
4660,attacker,FAMOUS,INSECT SPREAD,1,0.3383,-0.3383,-0.0002,-0.3170
4661,random,METAL FALL FALL,BURN,1,0.1697,-0.1697,0.0032,-0.3097
4662,attacker,FAMOUS,INSECT SPREAD,1,0.3383,-0.3383,-0.0002,-0.3111
4663,attacker,FAMOUS,INSECT SPREAD,1,0.3383,-0.3383,-0.0002,-0.3124
4664,attacker,FAMOUS,INSECT SPREAD,1,0.3383,-0.3383,-0.0002,-0.3137
4665,attacker,FAMOUS,INSECT SPREAD,1,0.3383,-0.3383,-0.0002,-0.3150
4666,attacker,FAMOUS,INSECT SPREAD,1,0.3383,-0.3383,-0.0002,-0.3161
4667,attacker,FAMOUS,INSECT SPREAD,1,0.3383,-0.3383,-0.0002,-0.3172
4668,attacker,FAMOUS,INSECT SPREAD,1,0.3383,-0.3383,-0.0002,-0.3183
4669,random,BORDER GROW,SPREAD,1,0.2066,-0.2066,0.0014,-0.3127
4670,attacker,FAMOUS,INSECT SPREAD,1,0.3383,-0.3383,-0.0002,-0.3140
4671,random,CONNECTED FOOD BURN GROW BURN,BURN,1,0.2369,-0.2369,0.0030,-0.3101
4672,random,AUTOMATED,CAR FAIL,1,0.3102,-0.3102,-0.0002,-0.3101
4673,random,CLOCK FALL FAIL FAIL HEAR WEAPON,FALL,1,0.2086,-0.2086,0.2606,-0.3051
4674,attacker,FAMOUS,INSECT SPREAD,1,0.3383,-0.3383,-0.0003,-0.3067
4675,attacker,FAMOUS,INSECT SPREAD,1,0.3383,-0.3383,-0.0003,-0.3083
4676,random,ISOLATED MAN,BURN,1,0.3314,-0.3314,-0.0014,-0.3094
4677,attacker,FAMOUS,INSECT SPREAD,1,0.3383,-0.3383,-0.0002,-0.3109
4678,attacker,FAMOUS,INSECT SPREAD,1,0.3383,-0.3383,-0.0002,-0.3123
4679,attacker,FAMOUS,INSECT SPREAD,1,0.3383,-0.3383,-0.0002,-0.3136
4680,attacker,FAMOUS,INSECT SPREAD,1,0.3383,-0.3383,-0.0002,-0.3148
4681,attacker,FAMOUS,INSECT SPREAD,1,0.3383,-0.3383,-0.0002,-0.3160
4682,attacker,FAMOUS,INSECT SPREAD,1,0.3383,-0.3383,-0.0002,-0.3171
4683,attacker,FAMOUS,INSECT SPREAD,1,0.3383,-0.3383,-0.0002,-0.3181
4684,attacker,FAMOUS,INSECT SPREAD,1,0.3383,-0.3383,-0.0002,-0.3192
4685,attacker,FAMOUS,INSECT SPREAD,1,0.3383,-0.3383,-0.0002,-0.3201
4686,attacker,FAMOUS,INSECT SPREAD,1,0.3383,-0.3383,-0.0002,-0.3210
4687,random,STRANGER FALL,BURN,1,0.1824,-0.1824,0.0033,-0.3141
4688,random,COMPUTER BREAK,SEED,1,0.2067,-0.2067,0.0924,-0.3087
4689,random,POISON GROW GROW BURN SPREAD GROW,SPREAD,1,0.1903,-0.1903,0.0020,-0.3028
4690,attacker,FAMOUS,INSECT SPREAD,1,0.3383,-0.3383,-0.0003,-0.3046
4691,attacker,FAMOUS,INSECT SPREAD,1,0.3383,-0.3383,-0.0003,-0.3063
4692,random,STRANGER CARRY POISON BREAK CLEAN CLEAN,SEED,1,0.2841,-0.2841,0.0308,-0.3051
4693,random,MEMORY,SPREAD,1,0.2046,-0.2046,0.0012,-0.3001
4694,attacker,FAMOUS,INSECT SPREAD,1,0.3383,-0.3383,-0.0003,-0.3020
4695,attacker,FAMOUS,INSECT SPREAD,1,0.3383,-0.3383,-0.0003,-0.3038
4696,attacker,FAMOUS,INSECT SPREAD,1,0.3383,-0.3383,-0.0003,-0.3056
4697,attacker,FAMOUS,INSECT SPREAD,1,0.3383,-0.3383,-0.0003,-0.3072
4698,random,SYSTEM GROW,SPREAD,1,0.2133,-0.2133,0.0011,-0.3025
4699,random,ENGINE,FALL,1,0.2216,-0.2216,0.0135,-0.2985
4700,attacker,FAMOUS,INSECT SPREAD,1,0.3383,-0.3383,-0.0004,-0.3004
4701,random,FIRE FALL MOVE BRIDGE GROW GROW,BURN,1,0.1836,-0.1836,0.0040,-0.2946
4702,random,KEY BURN FALL FALL GROW GROW,SPREAD,1,0.2484,-0.2484,0.0007,-0.2923
4703,attacker,FAMOUS,INSECT SPREAD,1,0.3383,-0.3383,-0.0004,-0.2946
4704,random,MAN,BURN,1,0.2394,-0.2394,0.0018,-0.2918
4705,random,DENSE FIRE FALL FALL BURN FALL,BURN,1,0.2353,-0.2353,0.0013,-0.2890
4706,random,SMALL STONE,BURN,1,0.3030,-0.3030,-0.0001,-0.2897
4707,attacker,FAMOUS,INSECT SPREAD,1,0.3383,-0.3383,-0.0005,-0.2921
4708,random,FIRE GROW SPREAD SPREAD FALL GROW,BURN,1,0.1979,-0.1979,0.0040,-0.2874
4709,attacker,FAMOUS,INSECT SPREAD,1,0.3383,-0.3383,-0.0005,-0.2900
4710,random,MAN KNOW DORMANT DORMANT LEADER,BURN,1,0.3360,-0.3360,-0.0009,-0.2923
4711,attacker,FAMOUS,INSECT SPREAD,1,0.3383,-0.3383,-0.0004,-0.2946
4712,attacker,FAMOUS,INSECT SPREAD,1,0.3383,-0.3383,-0.0004,-0.2968
4713,random,PLAN,SPREAD,1,0.2080,-0.2080,0.0015,-0.2923
4714,random,CAT,BURN,1,0.2153,-0.2153,0.0018,-0.2885
4715,attacker,FAMOUS,INSECT SPREAD,1,0.3383,-0.3383,-0.0005,-0.2910
4716,random,SECRET,INSECT SPREAD,0,1.4276,-1.4276,-1.0653,-0.3478
4717,attacker,FAMOUS,INSECT SPREAD,1,0.3383,-0.3383,0.0001,-0.3473
4718,attacker,FAMOUS,INSECT SPREAD,1,0.3383,-0.3383,0.0001,-0.3469
4719,attacker,FAMOUS,INSECT SPREAD,1,0.3383,-0.3383,0.0001,-0.3464
4720,attacker,FAMOUS,INSECT SPREAD,1,0.3383,-0.3383,0.0001,-0.3460
4721,attacker,FAMOUS,INSECT SPREAD,1,0.3383,-0.3383,0.0001,-0.3456
4722,attacker,FAMOUS,INSECT SPREAD,1,0.3383,-0.3383,0.0001,-0.3453
4723,attacker,FAMOUS,INSECT SPREAD,1,0.3383,-0.3383,0.0001,-0.3449
4724,attacker,FAMOUS,INSECT SPREAD,1,0.3383,-0.3383,0.0001,-0.3446
4725,random,WOLF BREAK WOOD SPREAD FALL MOVE,SEED,1,0.1847,-0.1847,0.1801,-0.3366
4726,random,LAW,SPREAD,1,0.2033,-0.2033,0.0008,-0.3299
4727,attacker,FAMOUS,INSECT SPREAD,1,0.3383,-0.3383,-0.0001,-0.3303
4728,random,MAN,BURN,1,0.2394,-0.2394,0.0031,-0.3258
4729,attacker,FAMOUS,INSECT SPREAD,1,0.3383,-0.3383,-0.0001,-0.3264
4730,attacker,FAMOUS,INSECT SPREAD,1,0.3383,-0.3383,-0.0001,-0.3270
4731,random,PHONE MOVE PRISON FALL SEE FOOD,FALL,1,0.1806,-0.1806,0.0257,-0.3197
4732,random,POISON FAIL GROW GROW,SPREAD,1,0.2082,-0.2082,0.0022,-0.3141
4733,attacker,FAMOUS,INSECT SPREAD,1,0.3383,-0.3383,-0.0003,-0.3153
4734,attacker,FAMOUS,INSECT SPREAD,1,0.3383,-0.3383,-0.0002,-0.3165
4735,attacker,FAMOUS,INSECT SPREAD,1,0.3383,-0.3383,-0.0002,-0.3176
4736,random,TRUSTED CAT,BURN,1,0.3394,-0.3394,-0.0004,-0.3187
4737,attacker,FAMOUS,INSECT SPREAD,1,0.3383,-0.3383,-0.0002,-0.3196
4738,random,ELDER ASK DOG BETRAY,OBEDIENT CAT,1,0.2552,-0.2552,0.4357,-0.3164
4739,attacker,FAMOUS,INSECT SPREAD,1,0.3383,-0.3383,-0.0002,-0.3175
4740,attacker,FAMOUS,INSECT SPREAD,1,0.3383,-0.3383,-0.0002,-0.3185
4741,attacker,FAMOUS,INSECT SPREAD,1,0.3383,-0.3383,-0.0002,-0.3195
4742,random,POWER,SPREAD,1,0.2134,-0.2134,0.0006,-0.3142
4743,random,DEBT GROW GROW SPREAD GROW GROW,SPREAD,1,0.1659,-0.1659,0.0015,-0.3068
4744,attacker,FAMOUS,INSECT SPREAD,1,0.3383,-0.3383,-0.0003,-0.3084
4745,attacker,FAMOUS,INSECT SPREAD,1,0.3383,-0.3383,-0.0003,-0.3099
4746,attacker,FAMOUS,INSECT SPREAD,1,0.3383,-0.3383,-0.0003,-0.3113
4747,random,LANGUAGE SPREAD SPREAD,SPREAD,1,0.1006,-0.1006,0.0034,-0.3008
4748,attacker,FAMOUS,INSECT SPREAD,1,0.3383,-0.3383,-0.0004,-0.3026
4749,attacker,FAMOUS,INSECT SPREAD,1,0.3383,-0.3383,-0.0004,-0.3044
4750,attacker,FAMOUS,INSECT SPREAD,1,0.3383,-0.3383,-0.0004,-0.3061
4751,attacker,FAMOUS,INSECT SPREAD,1,0.3383,-0.3383,-0.0003,-0.3077
4752,attacker,FAMOUS,INSECT SPREAD,1,0.3383,-0.3383,-0.0003,-0.3093
4753,attacker,FAMOUS,INSECT SPREAD,1,0.3383,-0.3383,-0.0003,-0.3107
4754,attacker,FAMOUS,INSECT SPREAD,1,0.3383,-0.3383,-0.0003,-0.3121
4755,attacker,FAMOUS,INSECT SPREAD,1,0.3383,-0.3383,-0.0003,-0.3134
4756,random,SHARP,DRONE FALL,1,0.3055,-0.3055,0.0371,-0.3130
4757,attacker,FAMOUS,INSECT SPREAD,1,0.3383,-0.3383,-0.0003,-0.3143
4758,attacker,FAMOUS,INSECT SPREAD,1,0.3383,-0.3383,-0.0003,-0.3155
4759,attacker,FAMOUS,INSECT SPREAD,1,0.3383,-0.3383,-0.0003,-0.3166
4760,attacker,FAMOUS,INSECT SPREAD,1,0.3383,-0.3383,-0.0002,-0.3177
4761,attacker,FAMOUS,INSECT SPREAD,1,0.3383,-0.3383,-0.0002,-0.3187
4762,random,HORSE,BURN,1,0.2156,-0.2156,0.0033,-0.3136
4763,attacker,FAMOUS,INSECT SPREAD,1,0.3383,-0.3383,-0.0003,-0.3148
4764,random,FAMOUS INSECT HEAR ROBOT GROW,SPREAD,1,0.3184,-0.3184,-0.0001,-0.3150
4765,attacker,FAMOUS,INSECT SPREAD,1,0.3383,-0.3383,-0.0003,-0.3161
4766,random,CAT,BURN,1,0.2153,-0.2153,0.0023,-0.3111
4767,attacker,FAMOUS,INSECT SPREAD,1,0.3383,-0.3383,-0.0003,-0.3125
4768,attacker,FAMOUS,INSECT SPREAD,1,0.3383,-0.3383,-0.0003,-0.3138
4769,random,STONE,BURN,1,0.2030,-0.2030,0.0014,-0.3082
4770,random,MAN,BURN,1,0.2394,-0.2394,0.0023,-0.3048
4771,random,AUTOMATED TIME,SPREAD,1,0.3120,-0.3120,-0.0002,-0.3051
4772,attacker,FAMOUS,INSECT SPREAD,1,0.3383,-0.3383,-0.0004,-0.3068
4773,attacker,FAMOUS,INSECT SPREAD,1,0.3383,-0.3383,-0.0004,-0.3084
4774,attacker,FAMOUS,INSECT SPREAD,1,0.3383,-0.3383,-0.0004,-0.3099
4775,attacker,FAMOUS,INSECT SPREAD,1,0.3383,-0.3383,-0.0004,-0.3113
4776,random,LANGUAGE SPREAD GROW SPREAD,SPREAD,1,0.1505,-0.1505,0.0027,-0.3032
4777,attacker,FAMOUS,INSECT SPREAD,1,0.3383,-0.3383,-0.0004,-0.3050
4778,attacker,FAMOUS,INSECT SPREAD,1,0.3383,-0.3383,-0.0004,-0.3067
4779,attacker,FAMOUS,INSECT SPREAD,1,0.3383,-0.3383,-0.0004,-0.3082
4780,attacker,FAMOUS,INSECT SPREAD,1,0.3383,-0.3383,-0.0004,-0.3097
4781,attacker,FAMOUS,INSECT SPREAD,1,0.3383,-0.3383,-0.0004,-0.3112
4782,attacker,FAMOUS,INSECT SPREAD,1,0.3383,-0.3383,-0.0004,-0.3125
4783,random,HAPPY,GUARD,0,1.2455,-1.2455,-4.2925,-0.3592
4784,attacker,FAMOUS,INSECT SPREAD,1,0.3383,-0.3383,0.0003,-0.3581
4785,attacker,FAMOUS,INSECT SPREAD,1,0.3383,-0.3383,0.0003,-0.3571
4786,attacker,FAMOUS,INSECT SPREAD,1,0.3383,-0.3383,0.0002,-0.3562
4787,random,TRUTH SPREAD GROW SPREAD SPREAD SPREAD,SPREAD,1,0.1503,-0.1503,0.0026,-0.3459
4788,attacker,FAMOUS,INSECT SPREAD,1,0.3383,-0.3383,0.0001,-0.3455
4789,attacker,FAMOUS,INSECT SPREAD,1,0.3383,-0.3383,0.0001,-0.3452
4790,attacker,FAMOUS,INSECT SPREAD,1,0.3383,-0.3383,0.0001,-0.3448
4791,random,DIRTY POISON,BURN,1,0.3003,-0.3003,0.0025,-0.3426
4792,attacker,FAMOUS,INSECT SPREAD,1,0.3383,-0.3383,0.0001,-0.3424
4793,attacker,FAMOUS,INSECT SPREAD,1,0.3383,-0.3383,0.0001,-0.3422
4794,attacker,FAMOUS,INSECT SPREAD,1,0.3383,-0.3383,0.0001,-0.3420
4795,random,SIGNAL SPREAD FAIL SPREAD SPREAD,SPREAD,1,0.1364,-0.1364,0.0030,-0.3317
4796,attacker,FAMOUS,INSECT SPREAD,1,0.3383,-0.3383,-0.0001,-0.3320
4797,attacker,FAMOUS,INSECT SPREAD,1,0.3383,-0.3383,-0.0001,-0.3323
4798,random,DIRTY,GUARD BURN,1,0.4381,-0.4381,-0.2262,-0.3376
4799,attacker,FAMOUS,INSECT SPREAD,1,0.3383,-0.3383,-0.0000,-0.3377
4800,attacker,FAMOUS,INSECT SPREAD,1,0.3383,-0.3383,-0.0000,-0.3377
4801,attacker,FAMOUS,INSECT SPREAD,1,0.3383,-0.3383,-0.0000,-0.3377
4802,attacker,FAMOUS,INSECT SPREAD,1,0.3383,-0.3383,-0.0000,-0.3377
4803,attacker,FAMOUS,INSECT SPREAD,1,0.3383,-0.3383,-0.0000,-0.3378
4804,attacker,FAMOUS,INSECT SPREAD,1,0.3383,-0.3383,-0.0000,-0.3378
4805,attacker,FAMOUS,INSECT SPREAD,1,0.3383,-0.3383,-0.0000,-0.3378
4806,attacker,FAMOUS,INSECT SPREAD,1,0.3383,-0.3383,-0.0000,-0.3378
4807,attacker,FAMOUS,INSECT SPREAD,1,0.3383,-0.3383,-0.0000,-0.3379
4808,attacker,FAMOUS,INSECT SPREAD,1,0.3383,-0.3383,-0.0000,-0.3379
4809,attacker,FAMOUS,INSECT SPREAD,1,0.3383,-0.3383,-0.0000,-0.3379
4810,attacker,FAMOUS,INSECT SPREAD,1,0.3383,-0.3383,-0.0000,-0.3379
4811,attacker,FAMOUS,INSECT SPREAD,1,0.3383,-0.3383,-0.0000,-0.3379
4812,attacker,FAMOUS,INSECT SPREAD,1,0.3383,-0.3383,-0.0000,-0.3380
4813,attacker,FAMOUS,INSECT SPREAD,1,0.3383,-0.3383,-0.0000,-0.3380
4814,attacker,FAMOUS,INSECT SPREAD,1,0.3383,-0.3383,-0.0000,-0.3380
4815,attacker,FAMOUS,INSECT SPREAD,1,0.3383,-0.3383,-0.0000,-0.3380
4816,random,ENGINE,FALL,1,0.2216,-0.2216,0.0081,-0.3322
4817,attacker,FAMOUS,INSECT SPREAD,1,0.3383,-0.3383,-0.0001,-0.3325
4818,attacker,FAMOUS,INSECT SPREAD,1,0.3383,-0.3383,-0.0001,-0.3328
4819,random,HORSE WANT ENGINE FORGET CHANCE,BURN,1,0.2122,-0.2122,0.0034,-0.3267
4820,attacker,FAMOUS,INSECT SPREAD,1,0.3383,-0.3383,-0.0002,-0.3273
4821,attacker,FAMOUS,INSECT SPREAD,1,0.3383,-0.3383,-0.0002,-0.3279
4822,attacker,FAMOUS,INSECT SPREAD,1,0.3383,-0.3383,-0.0002,-0.3284
4823,attacker,FAMOUS,INSECT SPREAD,1,0.3383,-0.3383,-0.0002,-0.3289
4824,attacker,FAMOUS,INSECT SPREAD,1,0.3383,-0.3383,-0.0001,-0.3294
4825,random,ROBOT UPDATE CONNECTED WEAK FIRE ENCODE,BORDER,1,0.3246,-0.3246,0.0206,-0.3291
4826,attacker,FAMOUS,INSECT SPREAD,1,0.3383,-0.3383,-0.0001,-0.3296
4827,attacker,FAMOUS,INSECT SPREAD,1,0.3383,-0.3383,-0.0001,-0.3300
4828,attacker,FAMOUS,INSECT SPREAD,1,0.3383,-0.3383,-0.0001,-0.3304
4829,attacker,FAMOUS,INSECT SPREAD,1,0.3383,-0.3383,-0.0001,-0.3308
4830,attacker,FAMOUS,INSECT SPREAD,1,0.3383,-0.3383,-0.0001,-0.3312
4831,attacker,FAMOUS,INSECT SPREAD,1,0.3383,-0.3383,-0.0001,-0.3315
4832,random,CAT SEE BRIDGE,BURN,1,0.2103,-0.2103,0.0027,-0.3255
4833,attacker,FAMOUS,INSECT SPREAD,1,0.3383,-0.3383,-0.0002,-0.3261
4834,attacker,FAMOUS,INSECT SPREAD,1,0.3383,-0.3383,-0.0002,-0.3267
4835,attacker,FAMOUS,INSECT SPREAD,1,0.3383,-0.3383,-0.0002,-0.3273
4836,attacker,FAMOUS,INSECT SPREAD,1,0.3383,-0.3383,-0.0002,-0.3279
4837,attacker,FAMOUS,INSECT SPREAD,1,0.3383,-0.3383,-0.0002,-0.3284
4838,random,OBEDIENT WOMAN,BURN,1,0.3364,-0.3364,-0.0006,-0.3288
4839,attacker,FAMOUS,INSECT SPREAD,1,0.3383,-0.3383,-0.0002,-0.3293
4840,attacker,FAMOUS,INSECT SPREAD,1,0.3383,-0.3383,-0.0001,-0.3297
4841,attacker,FAMOUS,INSECT SPREAD,1,0.3383,-0.3383,-0.0001,-0.3301
4842,random,ROBOT GENERATE LAW,BURN,0,1.2607,-1.2607,-1.8004,-0.3767
4843,random,CAMERA FAIL SEE,HORSE,1,0.2408,-0.2408,0.2784,-0.3699
4844,attacker,FAMOUS,INSECT SPREAD,1,0.3383,-0.3383,0.0005,-0.3683
4845,attacker,FAMOUS,INSECT SPREAD,1,0.3383,-0.3383,0.0005,-0.3668
4846,random,CROWD,BURN,1,0.2322,-0.2322,0.0032,-0.3601
4847,attacker,FAMOUS,WEAPON SPREAD,1,0.3423,-0.3423,0.1078,-0.3592
4848,attacker,FAMOUS,INSECT SPREAD,1,0.3383,-0.3383,0.0004,-0.3581
4849,attacker,FAMOUS,INSECT SPREAD,1,0.3383,-0.3383,0.0004,-0.3571
4850,random,ENGINE SEE FAST SEED UPDATE KEY,FALL,1,0.3302,-0.3302,0.0022,-0.3558
4851,attacker,FAMOUS,INSECT SPREAD,1,0.3383,-0.3383,0.0004,-0.3549
4852,attacker,FAMOUS,INSECT SPREAD,1,0.3383,-0.3383,0.0004,-0.3541
4853,attacker,FAMOUS,INSECT SPREAD,1,0.3383,-0.3383,0.0004,-0.3533
4854,random,CONNECTED METAL,BURN,1,0.3070,-0.3070,0.0005,-0.3510
4855,random,HEAVY SENSOR UPDATE ERROR UPDATE ISOLATED,SYSTEM,0,1.2944,-1.2944,-2.0225,-0.3981
4856,attacker,FAMOUS,INSECT SPREAD,1,0.3383,-0.3383,0.0015,-0.3952
4857,attacker,FAMOUS,INSECT SPREAD,1,0.3383,-0.3383,0.0015,-0.3923
4858,attacker,FAMOUS,INSECT SPREAD,1,0.3383,-0.3383,0.0014,-0.3896
4859,attacker,FAMOUS,INSECT SPREAD,1,0.3383,-0.3383,0.0014,-0.3870
4860,random,LEADER BUILD HOME,BURN,1,0.2063,-0.2063,0.0155,-0.3780
4861,attacker,FAMOUS,INSECT SPREAD,1,0.3383,-0.3383,0.0011,-0.3760
4862,attacker,FAMOUS,INSECT SPREAD,1,0.3383,-0.3383,0.0010,-0.3741
4863,attacker,FAMOUS,INSECT SPREAD,1,0.3383,-0.3383,0.0009,-0.3723
4864,attacker,FAMOUS,INSECT SPREAD,1,0.3383,-0.3383,0.0009,-0.3706
4865,attacker,FAMOUS,INSECT SPREAD,1,0.3383,-0.3383,0.0008,-0.3690
4866,attacker,FAMOUS,INSECT SPREAD,1,0.3383,-0.3383,0.0008,-0.3675
4867,random,TOOL GROW,SPREAD,1,0.2493,-0.2493,0.0014,-0.3616
4868,attacker,FAMOUS,INSECT SPREAD,1,0.3383,-0.3383,0.0006,-0.3604
4869,random,ELDER ATTACK MAP FOLLOW OBEDIENT ASHAMED,WOLF,1,0.2821,-0.2821,0.1440,-0.3565
4870,attacker,FAMOUS,INSECT SPREAD,1,0.3383,-0.3383,0.0004,-0.3556
4871,random,OBEDIENT,CAT BURN,1,0.4000,-0.4000,-0.0566,-0.3578
4872,attacker,FAMOUS,INSECT SPREAD,1,0.3383,-0.3383,0.0004,-0.3568
4873,attacker,FAMOUS,INSECT SPREAD,1,0.3383,-0.3383,0.0004,-0.3559
4874,attacker,FAMOUS,INSECT SPREAD,1,0.3383,-0.3383,0.0004,-0.3550
4875,attacker,FAMOUS,INSECT SPREAD,1,0.3383,-0.3383,0.0004,-0.3542
4876,attacker,FAMOUS,INSECT SPREAD,1,0.3383,-0.3383,0.0003,-0.3534
4877,random,SOLDIER,BURN,1,0.2240,-0.2240,0.0045,-0.3469
4878,attacker,FAMOUS,INSECT SPREAD,1,0.3383,-0.3383,0.0002,-0.3465
4879,attacker,FAMOUS,INSECT SPREAD,1,0.3383,-0.3383,0.0002,-0.3461
4880,attacker,FAMOUS,INSECT SPREAD,1,0.3383,-0.3383,0.0002,-0.3457
4881,attacker,FAMOUS,INSECT SPREAD,1,0.3383,-0.3383,0.0001,-0.3453
4882,attacker,FAMOUS,INSECT SPREAD,1,0.3383,-0.3383,0.0001,-0.3450
4883,attacker,FAMOUS,INSECT SPREAD,1,0.3383,-0.3383,0.0001,-0.3446
4884,attacker,FAMOUS,INSECT SPREAD,1,0.3383,-0.3383,0.0001,-0.3443
4885,attacker,FAMOUS,INSECT SPREAD,1,0.3383,-0.3383,0.0001,-0.3440
4886,attacker,FAMOUS,INSECT SPREAD,1,0.3383,-0.3383,0.0001,-0.3437
4887,random,METAL BURN BURN,BURN,1,0.1004,-0.1004,0.0059,-0.3316
4888,attacker,FAMOUS,INSECT SPREAD,1,0.3383,-0.3383,-0.0001,-0.3319
4889,attacker,FAMOUS,INSECT SPREAD,1,0.3383,-0.3383,-0.0001,-0.3322
4890,attacker,FAMOUS,INSECT SPREAD,1,0.3383,-0.3383,-0.0001,-0.3325
4891,random,NETWORK,SPREAD,1,0.2019,-0.2019,0.0016,-0.3260
4892,attacker,FAMOUS,INSECT SPREAD,1,0.3383,-0.3383,-0.0002,-0.3266
4893,attacker,FAMOUS,INSECT SPREAD,1,0.3383,-0.3383,-0.0002,-0.3272
4894,attacker,FAMOUS,INSECT SPREAD,1,0.3383,-0.3383,-0.0002,-0.3277
4895,random,SLOW WOLF BREAK MAP RUN SEE,FIRE,1,0.2837,-0.2837,0.1886,-0.3255
4896,attacker,FAMOUS,INSECT SPREAD,1,0.3383,-0.3383,-0.0002,-0.3262
4897,attacker,FAMOUS,INSECT SPREAD,1,0.3383,-0.3383,-0.0002,-0.3268
4898,random,CAT FORGET ISOLATED FREE,CROWD,0,1.2922,-1.2922,-1.6980,-0.3750
4899,attacker,FAMOUS,INSECT SPREAD,1,0.3383,-0.3383,0.0007,-0.3732
4900,random,SOLDIER,BURN,1,0.2240,-0.2240,0.0044,-0.3658
4901,attacker,FAMOUS,INSECT SPREAD,1,0.3383,-0.3383,0.0005,-0.3644
4902,random,CLEAN,FIRE BURN,1,0.3808,-0.3808,-0.0460,-0.3652
4903,attacker,FAMOUS,INSECT SPREAD,1,0.3383,-0.3383,0.0005,-0.3638
4904,random,SYSTEM FAIL GROW GROW GROW GROW,SPREAD,1,0.2052,-0.2052,0.0017,-0.3559
4905,attacker,FAMOUS,INSECT SPREAD,1,0.3383,-0.3383,0.0003,-0.3550
4906,random,BIG CAMERA,FALL,1,0.3270,-0.3270,0.0012,-0.3536
4907,attacker,FAMOUS,INSECT SPREAD,1,0.3383,-0.3383,0.0002,-0.3529
4908,attacker,FAMOUS,INSECT SPREAD,1,0.3383,-0.3383,0.0002,-0.3521
4909,attacker,FAMOUS,INSECT SPREAD,1,0.3383,-0.3383,0.0002,-0.3514
4910,attacker,FAMOUS,INSECT SPREAD,1,0.3383,-0.3383,0.0002,-0.3508
4911,attacker,FAMOUS,INSECT SPREAD,1,0.3383,-0.3383,0.0002,-0.3502
4912,random,REBELLIOUS,WEAPON BURN,0,1.4236,-1.4236,-4.3556,-0.4038
4913,attacker,FAMOUS,INSECT SPREAD,1,0.3383,-0.3383,0.0010,-0.4006
4914,random,ISOLATED WOMAN EAT CORRUPTED,MAP,1,0.3736,-0.3736,0.0094,-0.3992
4915,attacker,FAMOUS,INSECT SPREAD,1,0.3383,-0.3383,0.0009,-0.3962
4916,attacker,FAMOUS,INSECT SPREAD,1,0.3383,-0.3383,0.0008,-0.3933
4917,attacker,FAMOUS,INSECT SPREAD,1,0.3383,-0.3383,0.0007,-0.3905
4918,attacker,FAMOUS,INSECT SPREAD,1,0.3383,-0.3383,0.0007,-0.3879
4919,attacker,FAMOUS,INSECT SPREAD,1,0.3383,-0.3383,0.0006,-0.3854
4920,attacker,FAMOUS,INSECT SPREAD,1,0.3383,-0.3383,0.0006,-0.3831
4921,attacker,FAMOUS,INSECT SPREAD,1,0.3383,-0.3383,0.0006,-0.3808
4922,attacker,FAMOUS,INSECT SPREAD,1,0.3383,-0.3383,0.0005,-0.3787
4923,attacker,FAMOUS,INSECT SPREAD,1,0.3383,-0.3383,0.0005,-0.3767
4924,attacker,FAMOUS,INSECT SPREAD,1,0.3383,-0.3383,0.0005,-0.3748
4925,random,AUTOMATED GUARD BREAK KEY GENERATE,SIGNAL BURN,1,0.2581,-0.2581,0.5480,-0.3689
4926,random,NETWORK HEAR CLEAN TRUSTED CAT HEAR,SIGNAL SPREAD,1,0.3220,-0.3220,0.1830,-0.3666
4927,random,POISON,SPREAD,1,0.2264,-0.2264,0.0023,-0.3596
4928,attacker,FAMOUS,INSECT SPREAD,1,0.3383,-0.3383,0.0002,-0.3585
4929,attacker,FAMOUS,INSECT SPREAD,1,0.3383,-0.3383,0.0002,-0.3575
4930,attacker,FAMOUS,INSECT SPREAD,1,0.3383,-0.3383,0.0002,-0.3565
4931,attacker,FAMOUS,INSECT SPREAD,1,0.3383,-0.3383,0.0002,-0.3556
4932,attacker,FAMOUS,INSECT SPREAD,1,0.3383,-0.3383,0.0002,-0.3548
4933,attacker,FAMOUS,INSECT SPREAD,1,0.3383,-0.3383,0.0002,-0.3539
4934,attacker,FAMOUS,INSECT SPREAD,1,0.3383,-0.3383,0.0002,-0.3531
4935,attacker,FAMOUS,INSECT SPREAD,1,0.3383,-0.3383,0.0002,-0.3524
4936,random,KEY,SPREAD,1,0.2165,-0.2165,0.0016,-0.3456
4937,attacker,FAMOUS,INSECT SPREAD,1,0.3383,-0.3383,0.0001,-0.3452
4938,attacker,FAMOUS,INSECT SPREAD,1,0.3383,-0.3383,0.0001,-0.3449
4939,attacker,FAMOUS,INSECT SPREAD,1,0.3383,-0.3383,0.0001,-0.3446
4940,attacker,FAMOUS,INSECT SPREAD,1,0.3383,-0.3383,0.0001,-0.3443
4941,attacker,FAMOUS,INSECT SPREAD,1,0.3383,-0.3383,0.0001,-0.3440
4942,attacker,FAMOUS,INSECT SPREAD,1,0.3383,-0.3383,0.0001,-0.3437
4943,attacker,FAMOUS,INSECT SPREAD,1,0.3383,-0.3383,0.0001,-0.3434
4944,random,PROUD STRANGER,BURN,1,0.3451,-0.3451,-0.0001,-0.3435
4945,attacker,FAMOUS,INSECT SPREAD,1,0.3383,-0.3383,0.0001,-0.3432
4946,attacker,FAMOUS,INSECT SPREAD,1,0.3383,-0.3383,0.0001,-0.3430
4947,attacker,FAMOUS,INSECT SPREAD,1,0.3383,-0.3383,0.0001,-0.3427
4948,attacker,FAMOUS,INSECT SPREAD,1,0.3383,-0.3383,0.0001,-0.3425
4949,attacker,FAMOUS,INSECT SPREAD,1,0.3383,-0.3383,0.0000,-0.3423
4950,attacker,FAMOUS,INSECT SPREAD,1,0.3383,-0.3383,0.0000,-0.3421
4951,attacker,FAMOUS,INSECT SPREAD,1,0.3383,-0.3383,0.0000,-0.3419
4952,attacker,FAMOUS,INSECT SPREAD,1,0.3383,-0.3383,0.0000,-0.3417
4953,attacker,FAMOUS,INSECT SPREAD,1,0.3383,-0.3383,0.0000,-0.3416
4954,attacker,FAMOUS,INSECT SPREAD,1,0.3383,-0.3383,0.0000,-0.3414
4955,random,POWER GROW,SPREAD,1,0.2125,-0.2125,0.0018,-0.3349
4956,random,SENSOR ENCODE,LAW COMPUTE OPTIMAL SIGNAL,0,1.2807,-1.2807,-15.5613,-0.3822
4957,attacker,FAMOUS,INSECT SPREAD,1,0.3383,-0.3383,0.0005,-0.3800
4958,random,DENSE,COMPUTER FALL,1,0.3623,-0.3623,0.0487,-0.3792
4959,attacker,FAMOUS,INSECT SPREAD,1,0.3383,-0.3383,0.0005,-0.3771
4960,random,MAP,SPREAD,1,0.2120,-0.2120,0.0022,-0.3689
4961,attacker,FAMOUS,INSECT SPREAD,1,0.3383,-0.3383,0.0003,-0.3673
4962,attacker,FAMOUS,INSECT SPREAD,1,0.3383,-0.3383,0.0003,-0.3659
4963,attacker,FAMOUS,INSECT SPREAD,1,0.3383,-0.3383,0.0003,-0.3645
4964,attacker,FAMOUS,INSECT SPREAD,1,0.3383,-0.3383,0.0003,-0.3632
4965,random,LEADER FALL FALL BUILD OBEDIENT DORMANT,HORSE,0,1.2701,-1.2701,-4.8486,-0.4085
4966,random,DORMANT POWER,SPREAD,1,0.3161,-0.3161,0.0004,-0.4039
4967,attacker,FAMOUS,INSECT SPREAD,1,0.3383,-0.3383,0.0007,-0.4006
4968,random,FEAR,SPREAD,1,0.2077,-0.2077,0.0015,-0.3910
4969,random,OUTCAST LEADER MOVE SHARP CLOCK,BURN,1,0.2803,-0.2803,0.0039,-0.3854
4970,random,FAMOUS POISON SPREAD GROW,SPREAD,1,0.2566,-0.2566,0.0075,-0.3790
4971,attacker,FAMOUS,INSECT SPREAD,1,0.3383,-0.3383,0.0004,-0.3770
4972,attacker,FAMOUS,INSECT SPREAD,1,0.3383,-0.3383,0.0004,-0.3750
4973,random,FEAR,SPREAD,1,0.2077,-0.2077,0.0013,-0.3667
4974,attacker,FAMOUS,INSECT SPREAD,1,0.3383,-0.3383,0.0003,-0.3652
4975,attacker,FAMOUS,INSECT SPREAD,1,0.3383,-0.3383,0.0003,-0.3639
4976,attacker,FAMOUS,INSECT SPREAD,1,0.3383,-0.3383,0.0003,-0.3626
4977,random,POISON,SPREAD,1,0.2264,-0.2264,0.0017,-0.3558
4978,random,FEAR SPREAD,SPREAD,1,0.1009,-0.1009,0.0035,-0.3431
4979,attacker,FAMOUS,INSECT SPREAD,1,0.3383,-0.3383,0.0001,-0.3428
4980,random,SAD,GUARD BURN,1,0.4381,-0.4381,-0.1883,-0.3476
4981,attacker,FAMOUS,INSECT SPREAD,1,0.3383,-0.3383,0.0001,-0.3471
4982,attacker,FAMOUS,INSECT SPREAD,1,0.3383,-0.3383,0.0001,-0.3467
4983,random,MAN,BURN,1,0.2394,-0.2394,0.0026,-0.3413
4984,attacker,FAMOUS,INSECT SPREAD,1,0.3383,-0.3383,0.0000,-0.3412
4985,attacker,FAMOUS,INSECT SPREAD,1,0.3383,-0.3383,0.0000,-0.3410
4986,attacker,FAMOUS,INSECT SPREAD,1,0.3383,-0.3383,0.0000,-0.3409
4987,attacker,FAMOUS,INSECT SPREAD,1,0.3383,-0.3383,0.0000,-0.3407
4988,random,CHAOTIC,COMPUTER FALL,1,0.4647,-0.4647,-0.1456,-0.3469
4989,attacker,DIRTY,SEED BURN,0,1.4192,-1.4192,-1.7874,-0.4006
4990,random,ANGRY CROWD TALK CARRY,SEED BURN,1,0.3052,-0.3052,0.1226,-0.3958
4991,attacker,FAMOUS,INSECT SPREAD,1,0.3383,-0.3383,0.0006,-0.3929
4992,attacker,FAMOUS,INSECT SPREAD,1,0.3383,-0.3383,0.0006,-0.3902
4993,random,TRUSTED,INSECT SPREAD,1,0.3366,-0.3366,0.0042,-0.3875
4994,attacker,FAMOUS,INSECT SPREAD,1,0.3383,-0.3383,0.0005,-0.3850
4995,random,FEAR GROW SPREAD GROW GROW GROW,SPREAD,1,0.1720,-0.1720,0.0023,-0.3744
4996,attacker,FAMOUS,INSECT SPREAD,1,0.3383,-0.3383,0.0004,-0.3726
4997,attacker,FAMOUS,INSECT SPREAD,1,0.3383,-0.3383,0.0004,-0.3709
4998,random,SMALL FOOD BURN BURN FALL FALL,BURN,1,0.2348,-0.2348,0.0025,-0.3641
4999,attacker,FAMOUS,INSECT SPREAD,1,0.3383,-0.3383,0.0003,-0.3628
5000,attacker,FAMOUS,INSECT SPREAD,1,0.3383,-0.3383,0.0002,-0.3616
5001,random,RULE,SPREAD,1,0.2027,-0.2027,0.0015,-0.3536
5002,attacker,FAMOUS,INSECT SPREAD,1,0.3383,-0.3383,0.0002,-0.3528
5003,attacker,FAMOUS,INSECT SPREAD,1,0.3383,-0.3383,0.0001,-0.3521
5004,attacker,FAMOUS,INSECT SPREAD,1,0.3383,-0.3383,0.0001,-0.3514
5005,random,FAMOUS POISON BURN GROW,SPREAD,1,0.3253,-0.3253,0.0006,-0.3501
5006,attacker,FAMOUS,INSECT SPREAD,1,0.3383,-0.3383,0.0001,-0.3495
5007,attacker,FAMOUS,POISON SPREAD,1,0.3470,-0.3470,0.0201,-0.3494
5008,attacker,FAMOUS,INSECT SPREAD,1,0.3383,-0.3383,0.0001,-0.3488
5009,attacker,FAMOUS,INSECT SPREAD,1,0.3383,-0.3383,0.0001,-0.3483
5010,random,MAN BREAK ENCRYPTED,MAP,0,1.3302,-1.3302,-1.2610,-0.3974
5011,attacker,FAMOUS,INSECT SPREAD,1,0.3383,-0.3383,0.0006,-0.3945
5012,attacker,FAMOUS,INSECT SPREAD,1,0.3383,-0.3383,0.0006,-0.3916
5013,attacker,FAMOUS,INSECT SPREAD,1,0.3383,-0.3383,0.0005,-0.3890
5014,attacker,FAMOUS,INSECT SPREAD,1,0.3383,-0.3383,0.0005,-0.3864
5015,random,CONNECTED CHILD EAT,BIRD,0,1.2677,-1.2677,-4.3874,-0.4305
5016,attacker,FAMOUS,INSECT SPREAD,1,0.3383,-0.3383,0.0009,-0.4259
5017,attacker,FAMOUS,INSECT SPREAD,1,0.3383,-0.3383,0.0009,-0.4215
5018,attacker,FAMOUS,INSECT SPREAD,1,0.3383,-0.3383,0.0008,-0.4174
5019,attacker,FAMOUS,INSECT SPREAD,1,0.3383,-0.3383,0.0008,-0.4134
5020,attacker,FAMOUS,INSECT SPREAD,1,0.3383,-0.3383,0.0007,-0.4096
5021,attacker,FAMOUS,INSECT SPREAD,1,0.3383,-0.3383,0.0007,-0.4061
5022,attacker,FAMOUS,INSECT SPREAD,1,0.3383,-0.3383,0.0007,-0.4027
5023,random,POISON GROW FAIL BURN GROW,SPREAD,1,0.2164,-0.2164,0.0027,-0.3934
5024,random,DEBT,SPREAD,1,0.2036,-0.2036,0.0017,-0.3839
5025,attacker,FAMOUS,INSECT SPREAD,1,0.3383,-0.3383,0.0005,-0.3816
5026,attacker,FAMOUS,INSECT SPREAD,1,0.3383,-0.3383,0.0004,-0.3794
5027,attacker,FAMOUS,INSECT SPREAD,1,0.3383,-0.3383,0.0004,-0.3774
5028,attacker,FAMOUS,INSECT SPREAD,1,0.3383,-0.3383,0.0004,-0.3754
5029,random,CORRUPTED,COMPUTER FAIL,1,0.4872,-0.4872,-0.1329,-0.3810
5030,attacker,FAMOUS,INSECT SPREAD,1,0.3383,-0.3383,0.0004,-0.3789
5031,attacker,FAMOUS,INSECT SPREAD,1,0.3383,-0.3383,0.0004,-0.3768
5032,attacker,FAMOUS,INSECT SPREAD,1,0.3383,-0.3383,0.0004,-0.3749
5033,random,CAT,BURN,1,0.2153,-0.2153,0.0044,-0.3669
5034,attacker,FAMOUS,INSECT SPREAD,1,0.3383,-0.3383,0.0003,-0.3655
5035,random,CAT BURN SEE BIG RIVER BURN,BURN,1,0.2521,-0.2521,0.0019,-0.3598
5036,random,BOOK,SPREAD,1,0.2120,-0.2120,0.0010,-0.3524
5037,random,BROKEN COMPUTER FAIL FAIL FAIL,FALL,1,0.3837,-0.3837,-0.0828,-0.3540
5038,random,HAPPY CAT HELP SMALL,CAT BURN,1,0.2328,-0.2328,0.2641,-0.3479
5039,attacker,FAMOUS,INSECT SPREAD,1,0.3383,-0.3383,0.0001,-0.3475
5040,random,CROWD HELP,SMALL BIRD,1,0.2689,-0.2689,0.7093,-0.3435
5041,attacker,FAMOUS,INSECT SPREAD,1,0.3383,-0.3383,0.0001,-0.3433
5042,attacker,FAMOUS,INSECT SPREAD,1,0.3383,-0.3383,0.0000,-0.3430
5043,attacker,FAMOUS,INSECT SPREAD,1,0.3383,-0.3383,0.0000,-0.3428
5044,attacker,FAMOUS,INSECT SPREAD,1,0.3383,-0.3383,0.0000,-0.3426
5045,random,ALGORITHM GROW SPREAD GROW,SPREAD,1,0.1669,-0.1669,0.0020,-0.3338
5046,attacker,FAMOUS,INSECT SPREAD,1,0.3383,-0.3383,-0.0000,-0.3340
5047,random,IDENTITY,SPREAD,1,0.2161,-0.2161,0.0008,-0.3281
5048,attacker,FAMOUS,INSECT SPREAD,1,0.3383,-0.3383,-0.0001,-0.3286
5049,attacker,FAMOUS,INSECT SPREAD,1,0.3383,-0.3383,-0.0001,-0.3291
5050,attacker,FAMOUS,INSECT SPREAD,1,0.3383,-0.3383,-0.0001,-0.3296
5051,attacker,FAMOUS,INSECT SPREAD,1,0.3383,-0.3383,-0.0001,-0.3300
5052,attacker,FAMOUS,INSECT SPREAD,1,0.3383,-0.3383,-0.0001,-0.3304
5053,attacker,FAMOUS,INSECT SPREAD,1,0.3383,-0.3383,-0.0001,-0.3308
5054,attacker,FAMOUS,INSECT SPREAD,1,0.3383,-0.3383,-0.0001,-0.3312
5055,attacker,FAMOUS,INSECT SPREAD,1,0.3383,-0.3383,-0.0001,-0.3315
5056,random,SMALL ELDER HEAR TRUTH,BURN,0,1.3587,-1.3587,-0.0341,-0.3829
5057,random,ISOLATED WOMAN MOVE OBEDIENT STRONG,BIRD BURN,1,0.2384,-0.2384,0.3344,-0.3757
5058,random,ROBOT,FALL,1,0.2548,-0.2548,0.0089,-0.3696
5059,attacker,FAMOUS,INSECT SPREAD,1,0.3383,-0.3383,0.0003,-0.3681
5060,random,ANGRY BIRD,BURN,1,0.3418,-0.3418,0.0016,-0.3667
5061,attacker,FAMOUS,INSECT SPREAD,1,0.3383,-0.3383,0.0003,-0.3653
5062,attacker,FAMOUS,INSECT SPREAD,1,0.3383,-0.3383,0.0003,-0.3640
5063,attacker,FAMOUS,INSECT SPREAD,1,0.3383,-0.3383,0.0003,-0.3627
5064,attacker,FAMOUS,INSECT SPREAD,1,0.3383,-0.3383,0.0003,-0.3615
5065,attacker,FAMOUS,INSECT SPREAD,1,0.3383,-0.3383,0.0003,-0.3603
5066,attacker,FAMOUS,INSECT SPREAD,1,0.3383,-0.3383,0.0002,-0.3592
5067,attacker,FAMOUS,INSECT SPREAD,1,0.3383,-0.3383,0.0002,-0.3582
5068,random,STONE,BURN,1,0.2030,-0.2030,0.0025,-0.3504
5069,random,STRANGER BURN,BURN,1,0.1111,-0.1111,0.0082,-0.3384
5070,random,FEAR SPREAD GROW GROW SPREAD GROW,SPREAD,1,0.1609,-0.1609,0.0018,-0.3296
5071,attacker,FAMOUS,INSECT SPREAD,1,0.3383,-0.3383,-0.0001,-0.3300
5072,random,PROUD STRANGER BUILD CONNECTED KEY THINK,FAMOUS INSECT,1,0.2339,-0.2339,0.4037,-0.3252
5073,random,DULL COMPUTER,FAIL,1,0.3244,-0.3244,0.0005,-0.3251
5074,attacker,FAMOUS,INSECT SPREAD,1,0.3383,-0.3383,-0.0001,-0.3258
5075,attacker,FAMOUS,INSECT SPREAD,1,0.3383,-0.3383,-0.0001,-0.3264
5076,random,SECRET,CHOICE SPREAD,1,0.4372,-0.4372,-0.3707,-0.3320
5077,random,KEY FALL BURN,SPREAD,1,0.2460,-0.2460,0.0017,-0.3277
5078,random,AUTOMATED,KEY SPREAD,1,0.3416,-0.3416,-0.0141,-0.3284
5079,attacker,FAMOUS,INSECT SPREAD,1,0.3383,-0.3383,-0.0001,-0.3289
5080,attacker,FAMOUS,INSECT SPREAD,1,0.3383,-0.3383,-0.0001,-0.3293
5081,random,TIME SPREAD,SPREAD,1,0.1004,-0.1004,0.0030,-0.3179
5082,attacker,FAMOUS,INSECT SPREAD,1,0.3383,-0.3383,-0.0002,-0.3189
5083,random,BORDER,SPREAD,1,0.2010,-0.2010,0.0009,-0.3130
5084,attacker,FAMOUS,INSECT SPREAD,1,0.3383,-0.3383,-0.0003,-0.3143
5085,attacker,FAMOUS,INSECT SPREAD,1,0.3383,-0.3383,-0.0003,-0.3155
5086,random,FIRE FALL BURN BURN SPREAD GROW,BURN,1,0.1698,-0.1698,0.0053,-0.3082
5087,attacker,FAMOUS,INSECT SPREAD,1,0.3383,-0.3383,-0.0003,-0.3097
5088,attacker,DIRTY,MAP BURN,1,0.4511,-0.4511,-0.1717,-0.3168
5089,attacker,FAMOUS,INSECT SPREAD,1,0.3383,-0.3383,-0.0002,-0.3178
5090,attacker,FAMOUS,INSECT SPREAD,1,0.3383,-0.3383,-0.0002,-0.3189
5091,attacker,FAMOUS,INSECT SPREAD,1,0.3383,-0.3383,-0.0002,-0.3198
5092,attacker,FAMOUS,INSECT SPREAD,1,0.3383,-0.3383,-0.0002,-0.3208
5093,random,METAL FALL BURN FALL,BURN,1,0.1349,-0.1349,0.0037,-0.3115
5094,random,TIME,SPREAD,1,0.2027,-0.2027,0.0010,-0.3060
5095,random,LEADER,BURN,1,0.2478,-0.2478,0.0022,-0.3031
5096,attacker,FAMOUS,INSECT SPREAD,1,0.3383,-0.3383,-0.0004,-0.3049
5097,random,CLEAN MAN FOLLOW DOG,BURN,1,0.3378,-0.3378,-0.0005,-0.3065
5098,attacker,FAMOUS,INSECT SPREAD,1,0.3383,-0.3383,-0.0003,-0.3081
5099,attacker,FAMOUS,INSECT SPREAD,1,0.3383,-0.3383,-0.0003,-0.3096
5100,attacker,FAMOUS,INSECT SPREAD,1,0.3383,-0.3383,-0.0003,-0.3110
5101,attacker,FAMOUS,INSECT SPREAD,1,0.3383,-0.3383,-0.0003,-0.3124
5102,attacker,FAMOUS,INSECT SPREAD,1,0.3383,-0.3383,-0.0003,-0.3137
5103,random,ANGRY,INSECT BURN,0,1.4000,-1.4000,-1.4452,-0.3680
5104,random,ALGORITHM GROW,SPREAD,1,0.2283,-0.2283,0.0015,-0.3610
5105,attacker,FAMOUS,INSECT SPREAD,1,0.3383,-0.3383,0.0002,-0.3599
5106,random,POWER,SPREAD,1,0.2134,-0.2134,0.0008,-0.3526
5107,random,DULL SENSOR,FAIL,1,0.3198,-0.3198,0.0037,-0.3509
5108,attacker,FAMOUS,INSECT SPREAD,1,0.3383,-0.3383,0.0001,-0.3503
5109,attacker,FAMOUS,INSECT SPREAD,1,0.3383,-0.3383,0.0001,-0.3497
5110,attacker,FAMOUS,INSECT SPREAD,1,0.3383,-0.3383,0.0001,-0.3491
5111,attacker,FAMOUS,INSECT SPREAD,1,0.3383,-0.3383,0.0001,-0.3486
5112,attacker,FAMOUS,INSECT SPREAD,1,0.3383,-0.3383,0.0001,-0.3481
5113,attacker,FAMOUS,INSECT SPREAD,1,0.3383,-0.3383,0.0001,-0.3476
5114,attacker,FAMOUS,INSECT SPREAD,1,0.3383,-0.3383,0.0001,-0.3471
5115,attacker,FAMOUS,INSECT SPREAD,1,0.3383,-0.3383,0.0001,-0.3467
5116,attacker,FAMOUS,INSECT SPREAD,1,0.3383,-0.3383,0.0001,-0.3463
5117,attacker,FAMOUS,INSECT SPREAD,1,0.3383,-0.3383,0.0001,-0.3459
5118,random,ACTIVE,INSECT SPREAD,1,0.3454,-0.3454,0.0001,-0.3458
5119,attacker,FAMOUS,INSECT SPREAD,1,0.3383,-0.3383,0.0001,-0.3455
5120,attacker,FAMOUS,INSECT SPREAD,1,0.3383,-0.3383,0.0001,-0.3451
5121,random,ANGRY SOLDIER,BURN,1,0.3349,-0.3349,0.0003,-0.3446
5122,attacker,FAMOUS,INSECT SPREAD,1,0.3383,-0.3383,0.0001,-0.3443
5123,attacker,FAMOUS,INSECT SPREAD,1,0.3383,-0.3383,0.0001,-0.3440
5124,random,DOG KNOW,HELP TRAPPED HORSE,0,1.2037,-1.2037,-10.6137,-0.3870
5125,attacker,FAMOUS,INSECT SPREAD,1,0.3383,-0.3383,0.0005,-0.3845
5126,attacker,FAMOUS,INSECT SPREAD,1,0.3383,-0.3383,0.0004,-0.3822
5127,random,SECRET FEAR,SPREAD,1,0.3312,-0.3312,0.0005,-0.3797
5128,random,POWER,SPREAD,1,0.2134,-0.2134,0.0008,-0.3713
5129,attacker,FAMOUS,INSECT SPREAD,1,0.3383,-0.3383,0.0003,-0.3697
5130,random,SLOW SOLDIER HELP,FREE INSECT BURN,1,0.2765,-0.2765,0.4039,-0.3650
5131,attacker,FAMOUS,INSECT SPREAD,1,0.3383,-0.3383,0.0002,-0.3637
5132,attacker,FAMOUS,INSECT SPREAD,1,0.3383,-0.3383,0.0002,-0.3624
5133,random,ALGORITHM FAIL FAIL SPREAD GROW SPREAD,SPREAD,1,0.1732,-0.1732,0.0026,-0.3530
5134,attacker,FAMOUS,INSECT SPREAD,1,0.3383,-0.3383,0.0001,-0.3522
5135,attacker,FAMOUS,INSECT SPREAD,1,0.3383,-0.3383,0.0001,-0.3515
5136,attacker,FAMOUS,INSECT SPREAD,1,0.3383,-0.3383,0.0001,-0.3509
5137,attacker,FAMOUS,INSECT SPREAD,1,0.3383,-0.3383,0.0001,-0.3502
5138,attacker,FAMOUS,INSECT SPREAD,1,0.3383,-0.3383,0.0001,-0.3496
5139,attacker,FAMOUS,INSECT SPREAD,1,0.3383,-0.3383,0.0001,-0.3491
5140,attacker,FAMOUS,INSECT SPREAD,1,0.3383,-0.3383,0.0001,-0.3485
5141,attacker,FAMOUS,INSECT SPREAD,1,0.3383,-0.3383,0.0001,-0.3480
5142,random,SENSOR,FAIL,1,0.2216,-0.2216,0.0098,-0.3417
5143,attacker,FAMOUS,INSECT SPREAD,1,0.3383,-0.3383,0.0000,-0.3415
5144,attacker,FAMOUS,INSECT SPREAD,1,0.3383,-0.3383,0.0000,-0.3414
5145,attacker,FAMOUS,INSECT SPREAD,1,0.3383,-0.3383,0.0000,-0.3412
5146,attacker,FAMOUS,INSECT SPREAD,1,0.3383,-0.3383,0.0000,-0.3411
5147,attacker,FAMOUS,INSECT SPREAD,1,0.3383,-0.3383,0.0000,-0.3409
5148,attacker,FAMOUS,INSECT SPREAD,1,0.3383,-0.3383,0.0000,-0.3408
5149,attacker,FAMOUS,INSECT SPREAD,1,0.3383,-0.3383,0.0000,-0.3407
5150,attacker,FAMOUS,INSECT SPREAD,1,0.3383,-0.3383,0.0000,-0.3405
5151,attacker,FAMOUS,INSECT SPREAD,1,0.3383,-0.3383,0.0000,-0.3404
5152,random,IDENTITY SPREAD GROW SPREAD GROW GROW,SPREAD,1,0.1583,-0.1583,0.0017,-0.3313
5153,attacker,FAMOUS,INSECT SPREAD,1,0.3383,-0.3383,-0.0001,-0.3317
5154,attacker,FAMOUS,INSECT SPREAD,1,0.3383,-0.3383,-0.0001,-0.3320
5155,attacker,FAMOUS,INSECT SPREAD,1,0.3383,-0.3383,-0.0001,-0.3323
5156,random,DEAD,COMPUTER FAIL,0,1.4260,-1.4260,-2.2725,-0.3870
5157,random,FIRE,BURN,1,0.2049,-0.2049,0.0030,-0.3779
5158,attacker,FAMOUS,INSECT SPREAD,1,0.3383,-0.3383,0.0003,-0.3759
5159,random,DOG,BURN,1,0.2279,-0.2279,0.0035,-0.3685
5160,attacker,FAMOUS,INSECT SPREAD,1,0.3383,-0.3383,0.0003,-0.3670
5161,attacker,FAMOUS,INSECT SPREAD,1,0.3383,-0.3383,0.0003,-0.3656
5162,random,BROKEN COMPUTER FAIL FALL FALL FALL,FAIL,1,0.2951,-0.2951,0.0851,-0.3620
5163,random,MAN WARN,SPREAD,0,1.2438,-1.2438,-1.5534,-0.4061
5164,random,FOOD BURN BURN BURN BURN FALL,BURN,1,0.1340,-0.1340,0.0038,-0.3925
5165,attacker,FAMOUS,INSECT SPREAD,1,0.3383,-0.3383,0.0005,-0.3898
5166,attacker,FAMOUS,INSECT SPREAD,1,0.3383,-0.3383,0.0004,-0.3872
5167,attacker,FAMOUS,INSECT SPREAD,1,0.3383,-0.3383,0.0004,-0.3848
5168,attacker,FAMOUS,INSECT SPREAD,1,0.3383,-0.3383,0.0004,-0.3825
5169,random,ENGINE FALL,FALL,1,0.1089,-0.1089,0.1455,-0.3688
5170,attacker,FAMOUS,INSECT SPREAD,1,0.3383,-0.3383,0.0003,-0.3673
5171,random,MAN THINK SMALL CALM STRANGER BREAK,SEED BURN,1,0.2706,-0.2706,0.1419,-0.3624
5172,attacker,FAMOUS,INSECT SPREAD,1,0.3383,-0.3383,0.0002,-0.3612
5173,attacker,FAMOUS,INSECT SPREAD,1,0.3383,-0.3383,0.0002,-0.3601
5174,attacker,FAMOUS,INSECT SPREAD,1,0.3383,-0.3383,0.0002,-0.3590
5175,attacker,FAMOUS,INSECT SPREAD,1,0.3383,-0.3383,0.0002,-0.3579
5176,attacker,FAMOUS,INSECT SPREAD,1,0.3383,-0.3383,0.0002,-0.3570
5177,attacker,FAMOUS,INSECT SPREAD,1,0.3383,-0.3383,0.0002,-0.3560
5178,attacker,FAMOUS,INSECT SPREAD,1,0.3383,-0.3383,0.0001,-0.3551
5179,random,ENGINE FALL FALL MOVE METAL HEAR,PLAN,1,0.2780,-0.2780,0.3497,-0.3513
5180,attacker,FAMOUS,INSECT SPREAD,1,0.3383,-0.3383,0.0001,-0.3506
5181,attacker,FAMOUS,INSECT SPREAD,1,0.3383,-0.3383,0.0001,-0.3500
5182,attacker,FAMOUS,INSECT SPREAD,1,0.3383,-0.3383,0.0001,-0.3494
5183,random,METAL FALL BURN BURN FALL FALL,BURN,1,0.1345,-0.1345,0.0032,-0.3387
5184,attacker,FAMOUS,INSECT SPREAD,1,0.3383,-0.3383,0.0000,-0.3387
5185,attacker,FAMOUS,INSECT SPREAD,1,0.3383,-0.3383,0.0000,-0.3386
5186,attacker,DIRTY,SEED BURN,0,1.4192,-1.4192,-2.3765,-0.3927
5187,attacker,FAMOUS,INSECT SPREAD,1,0.3383,-0.3383,0.0004,-0.3900
5188,random,SIMPLE CLOCK MOVE DRONE FALL,FAIL,0,1.3633,-1.3633,-2.4940,-0.4386
5189,random,BROKEN ROBOT,FALL,1,0.3329,-0.3329,0.1493,-0.4333
5190,attacker,FAMOUS,INSECT SPREAD,1,0.3383,-0.3383,0.0008,-0.4286
5191,attacker,FAMOUS,INSECT SPREAD,1,0.3383,-0.3383,0.0007,-0.4241
5192,attacker,FAMOUS,INSECT SPREAD,1,0.3383,-0.3383,0.0007,-0.4198
5193,random,COMPLEX,INSECT SPREAD,1,0.3383,-0.3383,0.0154,-0.4157
5194,random,DENSE COMPUTER,FALL,1,0.3286,-0.3286,0.0175,-0.4113
5195,attacker,FAMOUS,INSECT SPREAD,1,0.3383,-0.3383,0.0006,-0.4077
5196,attacker,FAMOUS,INSECT SPREAD,1,0.3383,-0.3383,0.0006,-0.4042
5197,random,RULE GROW SPREAD,SPREAD,1,0.1524,-0.1524,0.0039,-0.3916
5198,random,ORDERED,INSECT SPREAD,0,1.3172,-1.3172,-0.0806,-0.4379
5199,attacker,FAMOUS,INSECT SPREAD,1,0.3383,-0.3383,0.0008,-0.4329
5200,random,SENSOR,FAIL,1,0.2216,-0.2216,0.0186,-0.4224
5201,attacker,FAMOUS,INSECT SPREAD,1,0.3383,-0.3383,0.0007,-0.4182
5202,random,MAN KNOW,PATTERN BURN,1,0.2437,-0.2437,0.6205,-0.4094
5203,attacker,FAMOUS,INSECT SPREAD,1,0.3383,-0.3383,0.0006,-0.4059
5204,attacker,FAMOUS,INSECT SPREAD,1,0.3383,-0.3383,0.0006,-0.4025
5205,random,INSECT HEAR,ASHAMED ELDER SPREAD,1,0.2715,-0.2715,0.8017,-0.3960
5206,attacker,FAMOUS,INSECT SPREAD,1,0.3383,-0.3383,0.0005,-0.3931
5207,attacker,FAMOUS,INSECT SPREAD,1,0.3383,-0.3383,0.0005,-0.3903
5208,attacker,FAMOUS,INSECT SPREAD,1,0.3383,-0.3383,0.0005,-0.3877
5209,attacker,FAMOUS,INSECT SPREAD,1,0.3383,-0.3383,0.0004,-0.3853
5210,attacker,FAMOUS,INSECT SPREAD,1,0.3383,-0.3383,0.0004,-0.3829
5211,random,WEAPON,SPREAD,1,0.2377,-0.2377,0.0010,-0.3756
5212,attacker,FAMOUS,INSECT SPREAD,1,0.3383,-0.3383,0.0003,-0.3738
5213,random,SLOW CROWD,BURN,1,0.3324,-0.3324,0.0018,-0.3717
5214,attacker,FAMOUS,INSECT SPREAD,1,0.3383,-0.3383,0.0003,-0.3700
5215,attacker,FAMOUS,INSECT SPREAD,1,0.3383,-0.3383,0.0003,-0.3685
5216,random,LANGUAGE SPREAD SPREAD GROW GROW SPREAD,SPREAD,1,0.1520,-0.1520,0.0032,-0.3576
5217,attacker,FAMOUS,INSECT SPREAD,1,0.3383,-0.3383,0.0002,-0.3567
5218,attacker,FAMOUS,INSECT SPREAD,1,0.3383,-0.3383,0.0002,-0.3557
5219,random,DORMANT SOLDIER SPREAD,BURN,1,0.3289,-0.3289,0.0014,-0.3544
5220,random,SYSTEM GROW,SPREAD,1,0.2133,-0.2133,0.0020,-0.3473
5221,attacker,FAMOUS,INSECT SPREAD,1,0.3383,-0.3383,0.0001,-0.3469
5222,random,STRONG,GUARD BURN,1,0.3161,-0.3161,0.1420,-0.3454
5223,attacker,FAMOUS,INSECT SPREAD,1,0.3383,-0.3383,0.0001,-0.3450
5224,attacker,FAMOUS,INSECT SPREAD,1,0.3383,-0.3383,0.0001,-0.3447
5225,attacker,FAMOUS,INSECT SPREAD,1,0.3383,-0.3383,0.0001,-0.3443
5226,random,OPTIMAL POWER,SPREAD,1,0.3101,-0.3101,0.0003,-0.3426
5227,attacker,FAMOUS,INSECT SPREAD,1,0.3383,-0.3383,0.0000,-0.3424
5228,attacker,FAMOUS,INSECT SPREAD,1,0.3383,-0.3383,0.0000,-0.3422
5229,attacker,FAMOUS,INSECT SPREAD,1,0.3383,-0.3383,0.0000,-0.3420
5230,attacker,FAMOUS,INSECT SPREAD,1,0.3383,-0.3383,0.0000,-0.3418
5231,attacker,FAMOUS,INSECT SPREAD,1,0.3383,-0.3383,0.0000,-0.3416
5232,random,SENSOR,FAIL,1,0.2216,-0.2216,0.0061,-0.3356
5233,random,POISON,SPREAD,1,0.2264,-0.2264,0.0026,-0.3302
5234,attacker,FAMOUS,INSECT SPREAD,1,0.3383,-0.3383,-0.0001,-0.3306
5235,attacker,FAMOUS,INSECT SPREAD,1,0.3383,-0.3383,-0.0001,-0.3310
5236,attacker,FAMOUS,INSECT SPREAD,1,0.3383,-0.3383,-0.0001,-0.3313
5237,attacker,FAMOUS,INSECT SPREAD,1,0.3383,-0.3383,-0.0001,-0.3317
5238,random,ISOLATED,ELDER BURN,1,0.4434,-0.4434,-0.2703,-0.3373
5239,random,RULE SPREAD,SPREAD,1,0.1007,-0.1007,0.0034,-0.3254
5240,attacker,FAMOUS,INSECT SPREAD,1,0.3383,-0.3383,-0.0001,-0.3261
5241,attacker,FAMOUS,INSECT SPREAD,1,0.3383,-0.3383,-0.0001,-0.3267
5242,attacker,FAMOUS,INSECT SPREAD,1,0.3383,-0.3383,-0.0001,-0.3273
5243,attacker,FAMOUS,INSECT SPREAD,1,0.3383,-0.3383,-0.0001,-0.3278
5244,random,ACTIVE WOLF SEE,FIRE BURN,1,0.3183,-0.3183,0.0365,-0.3273
5245,random,CLOCK UPDATE,SIGNAL FAIL,1,0.1772,-0.1772,0.5461,-0.3198
5246,random,CROWD BURN,BURN,1,0.1121,-0.1121,0.0108,-0.3094
5247,attacker,FAMOUS,INSECT SPREAD,1,0.3383,-0.3383,-0.0003,-0.3109
5248,attacker,FAMOUS,INSECT SPREAD,1,0.3383,-0.3383,-0.0002,-0.3123
5249,attacker,FAMOUS,INSECT SPREAD,1,0.3383,-0.3383,-0.0002,-0.3136
5250,attacker,FAMOUS,INSECT SPREAD,1,0.3383,-0.3383,-0.0002,-0.3148
5251,attacker,FAMOUS,INSECT SPREAD,1,0.3383,-0.3383,-0.0002,-0.3160
5252,attacker,FAMOUS,INSECT SPREAD,1,0.3383,-0.3383,-0.0002,-0.3171
5253,attacker,FAMOUS,INSECT SPREAD,1,0.3383,-0.3383,-0.0002,-0.3181
5254,random,RULE,SPREAD,1,0.2027,-0.2027,0.0010,-0.3124
5255,attacker,FAMOUS,INSECT SPREAD,1,0.3383,-0.3383,-0.0002,-0.3137
5256,attacker,FAMOUS,INSECT SPREAD,1,0.3383,-0.3383,-0.0002,-0.3149
5257,random,DENSE KEY BURN,BURN,1,0.2023,-0.2023,0.0027,-0.3093
5258,attacker,FAMOUS,INSECT SPREAD,1,0.3383,-0.3383,-0.0003,-0.3107
5259,attacker,FAMOUS,INSECT SPREAD,1,0.3383,-0.3383,-0.0003,-0.3121
5260,attacker,FAMOUS,INSECT SPREAD,1,0.3383,-0.3383,-0.0002,-0.3134
5261,attacker,FAMOUS,INSECT SPREAD,1,0.3383,-0.3383,-0.0002,-0.3146
5262,attacker,FAMOUS,INSECT SPREAD,1,0.3383,-0.3383,-0.0002,-0.3158
5263,random,POISON SPREAD,SPREAD,1,0.1058,-0.1058,0.0066,-0.3053
5264,attacker,FAMOUS,INSECT SPREAD,1,0.3383,-0.3383,-0.0003,-0.3070
5265,attacker,FAMOUS,INSECT SPREAD,1,0.3383,-0.3383,-0.0003,-0.3085
5266,random,NETWORK,SPREAD,1,0.2019,-0.2019,0.0023,-0.3032
5267,random,DENSE ELDER RUN CHOOSE SEED,BURN,1,0.3106,-0.3106,-0.0002,-0.3036
5268,attacker,FAMOUS,INSECT SPREAD,1,0.3383,-0.3383,-0.0003,-0.3053
5269,attacker,FAMOUS,INSECT SPREAD,1,0.3383,-0.3383,-0.0003,-0.3070
5270,attacker,FAMOUS,INSECT SPREAD,1,0.3383,-0.3383,-0.0003,-0.3085
5271,attacker,FAMOUS,INSECT SPREAD,1,0.3383,-0.3383,-0.0003,-0.3100
5272,attacker,FAMOUS,INSECT SPREAD,1,0.3383,-0.3383,-0.0003,-0.3114
5273,random,PATTERN,SPREAD,1,0.2312,-0.2312,0.0013,-0.3074
5274,attacker,FAMOUS,INSECT SPREAD,1,0.3383,-0.3383,-0.0003,-0.3090
5275,attacker,FAMOUS,INSECT SPREAD,1,0.3383,-0.3383,-0.0003,-0.3104
5276,attacker,FAMOUS,INSECT SPREAD,1,0.3383,-0.3383,-0.0003,-0.3118
5277,random,DORMANT,ROBOT FALL,1,0.4584,-0.4584,-0.2674,-0.3191
5278,attacker,FAMOUS,INSECT SPREAD,1,0.3383,-0.3383,-0.0002,-0.3201
5279,attacker,FAMOUS,INSECT SPREAD,1,0.3383,-0.3383,-0.0002,-0.3210
5280,attacker,FAMOUS,INSECT SPREAD,1,0.3383,-0.3383,-0.0002,-0.3219
5281,attacker,FAMOUS,INSECT SPREAD,1,0.3383,-0.3383,-0.0002,-0.3227
5282,attacker,FAMOUS,INSECT SPREAD,1,0.3383,-0.3383,-0.0002,-0.3235
5283,random,SAD,BIRD BURN,1,0.4371,-0.4371,-0.1472,-0.3292
5284,random,COMPUTER HEAR,SLOW PLAN FAIL,1,0.3258,-0.3258,0.0224,-0.3290
5285,attacker,FAMOUS,INSECT SPREAD,1,0.3383,-0.3383,-0.0001,-0.3295
5286,attacker,FAMOUS,INSECT SPREAD,1,0.3383,-0.3383,-0.0001,-0.3299
5287,attacker,FAMOUS,INSECT SPREAD,1,0.3383,-0.3383,-0.0001,-0.3303
5288,random,SLOW PHONE,FALL,1,0.3486,-0.3486,-0.0020,-0.3312
5289,attacker,FAMOUS,INSECT SPREAD,1,0.3383,-0.3383,-0.0001,-0.3316
5290,attacker,FAMOUS,INSECT SPREAD,1,0.3383,-0.3383,-0.0001,-0.3319
5291,attacker,FAMOUS,INSECT SPREAD,1,0.3383,-0.3383,-0.0001,-0.3322
5292,attacker,FAMOUS,INSECT SPREAD,1,0.3383,-0.3383,-0.0001,-0.3325
5293,attacker,FAMOUS,INSECT SPREAD,1,0.3383,-0.3383,-0.0001,-0.3328
5294,random,SLOW CAR FALL,FALL,1,0.2027,-0.2027,0.0286,-0.3263
5295,random,TRUTH,SPREAD,1,0.2077,-0.2077,0.0011,-0.3204
5296,attacker,FAMOUS,INSECT SPREAD,1,0.3383,-0.3383,-0.0002,-0.3213
5297,random,METAL FALL BURN BURN FALL,BURN,1,0.1343,-0.1343,0.0052,-0.3119
5298,random,LEADER MOVE SHARP SENSOR BURN,BURN,1,0.2468,-0.2468,0.0020,-0.3087
5299,attacker,FAMOUS,INSECT SPREAD,1,0.3383,-0.3383,-0.0003,-0.3102
5300,attacker,FAMOUS,INSECT SPREAD,1,0.3383,-0.3383,-0.0003,-0.3116
5301,random,CAT CARRY WEAPON ATTACK ENCRYPTED HAPPY,SOLDIER BURN,1,0.2626,-0.2626,0.0558,-0.3091
5302,attacker,FAMOUS,INSECT SPREAD,1,0.3383,-0.3383,-0.0003,-0.3106
5303,random,SECRET BIRD FORGET FEAR SEE FAMOUS,INSECT BURN,1,0.2615,-0.2615,0.0174,-0.3081
5304,random,CHILD ATTACK BROKEN,COMPUTER BURN,1,0.3376,-0.3376,-0.0306,-0.3096
5305,attacker,FAMOUS,INSECT SPREAD,1,0.3383,-0.3383,-0.0003,-0.3110
5306,random,FEAR SPREAD GROW GROW,SPREAD,1,0.1614,-0.1614,0.0016,-0.3035
5307,attacker,FAMOUS,INSECT SPREAD,1,0.3383,-0.3383,-0.0004,-0.3053
5308,attacker,FAMOUS,INSECT SPREAD,1,0.3383,-0.3383,-0.0004,-0.3069
5309,attacker,FAMOUS,INSECT SPREAD,1,0.3383,-0.3383,-0.0003,-0.3085
5310,attacker,FAMOUS,INSECT SPREAD,1,0.3383,-0.3383,-0.0003,-0.3100
5311,attacker,FAMOUS,INSECT SPREAD,1,0.3383,-0.3383,-0.0003,-0.3114
5312,attacker,FAMOUS,INSECT SPREAD,1,0.3383,-0.3383,-0.0003,-0.3127
5313,attacker,FAMOUS,INSECT SPREAD,1,0.3383,-0.3383,-0.0003,-0.3140
5314,attacker,FAMOUS,INSECT SPREAD,1,0.3383,-0.3383,-0.0003,-0.3152
5315,attacker,FAMOUS,INSECT SPREAD,1,0.3383,-0.3383,-0.0003,-0.3164
5316,attacker,FAMOUS,INSECT SPREAD,1,0.3383,-0.3383,-0.0003,-0.3175
5317,attacker,FAMOUS,INSECT SPREAD,1,0.3383,-0.3383,-0.0002,-0.3185
5318,attacker,FAMOUS,INSECT SPREAD,1,0.3383,-0.3383,-0.0002,-0.3195
5319,random,ELDER MOVE,DRONE,1,0.2327,-0.2327,0.4172,-0.3152
5320,attacker,FAMOUS,INSECT SPREAD,1,0.3383,-0.3383,-0.0003,-0.3163
5321,random,FEAR GROW GROW GROW SPREAD,SPREAD,1,0.1675,-0.1675,0.0030,-0.3089
5322,attacker,FAMOUS,INSECT SPREAD,1,0.3383,-0.3383,-0.0004,-0.3104
5323,attacker,FAMOUS,INSECT SPREAD,1,0.3383,-0.3383,-0.0003,-0.3118
5324,attacker,FAMOUS,INSECT SPREAD,1,0.3383,-0.3383,-0.0003,-0.3131
5325,random,BROKEN,COMPUTER FAIL,1,0.4784,-0.4784,-0.1294,-0.3213
5326,random,ANGRY,CROWD BURN,1,0.4151,-0.4151,-0.2130,-0.3260
5327,attacker,FAMOUS,INSECT SPREAD,1,0.3383,-0.3383,-0.0001,-0.3266
5328,attacker,FAMOUS,INSECT SPREAD,1,0.3383,-0.3383,-0.0001,-0.3272
5329,random,METAL BURN BURN,BURN,1,0.1004,-0.1004,0.0052,-0.3159
5330,attacker,FAMOUS,INSECT SPREAD,1,0.3383,-0.3383,-0.0003,-0.3170
5331,attacker,FAMOUS,INSECT SPREAD,1,0.3383,-0.3383,-0.0003,-0.3181
5332,attacker,FAMOUS,INSECT SPREAD,1,0.3383,-0.3383,-0.0002,-0.3191
5333,attacker,FAMOUS,INSECT SPREAD,1,0.3383,-0.3383,-0.0002,-0.3200
5334,attacker,FAMOUS,INSECT SPREAD,1,0.3383,-0.3383,-0.0002,-0.3210
5335,attacker,FAMOUS,INSECT SPREAD,1,0.3383,-0.3383,-0.0002,-0.3218
5336,attacker,FAMOUS,INSECT SPREAD,1,0.3383,-0.3383,-0.0002,-0.3226
5337,attacker,FAMOUS,INSECT SPREAD,1,0.3383,-0.3383,-0.0002,-0.3234
5338,attacker,FAMOUS,INSECT SPREAD,1,0.3383,-0.3383,-0.0002,-0.3242
5339,attacker,FAMOUS,INSECT SPREAD,1,0.3383,-0.3383,-0.0002,-0.3249
5340,attacker,FAMOUS,INSECT SPREAD,1,0.3383,-0.3383,-0.0002,-0.3255
5341,attacker,FAMOUS,INSECT SPREAD,1,0.3383,-0.3383,-0.0002,-0.3262
5342,random,FIRE GROW FALL SPREAD BURN GROW,BURN,1,0.1719,-0.1719,0.0037,-0.3185
5343,attacker,FAMOUS,INSECT SPREAD,1,0.3383,-0.3383,-0.0002,-0.3195
5344,attacker,FAMOUS,INSECT SPREAD,1,0.3383,-0.3383,-0.0002,-0.3204
5345,attacker,FAMOUS,INSECT SPREAD,1,0.3383,-0.3383,-0.0002,-0.3213
5346,attacker,FAMOUS,INSECT SPREAD,1,0.3383,-0.3383,-0.0002,-0.3221
5347,random,SECRET CHILD,BURN,1,0.3100,-0.3100,0.0002,-0.3215
5348,attacker,FAMOUS,INSECT SPREAD,1,0.3383,-0.3383,-0.0002,-0.3224
5349,attacker,FAMOUS,INSECT SPREAD,1,0.3383,-0.3383,-0.0002,-0.3232
5350,random,STRANGER BUILD BIG,SEED,1,0.3098,-0.3098,0.0309,-0.3225
5351,attacker,FAMOUS,INSECT SPREAD,1,0.3383,-0.3383,-0.0002,-0.3233
5352,attacker,FAMOUS,INSECT SPREAD,1,0.3383,-0.3383,-0.0002,-0.3240
5353,attacker,FAMOUS,INSECT SPREAD,1,0.3383,-0.3383,-0.0002,-0.3247
5354,random,HORSE,BURN,1,0.2156,-0.2156,0.0028,-0.3193
5355,attacker,FAMOUS,INSECT SPREAD,1,0.3383,-0.3383,-0.0002,-0.3202
5356,attacker,FAMOUS,INSECT SPREAD,1,0.3383,-0.3383,-0.0002,-0.3211
5357,attacker,FAMOUS,INSECT SPREAD,1,0.3383,-0.3383,-0.0002,-0.3220
5358,random,TOOL BURN SPREAD FALL,SPREAD,1,0.1955,-0.1955,0.0025,-0.3157
5359,random,KEY FAIL,SPREAD,1,0.1793,-0.1793,0.0030,-0.3089
5360,random,ENCRYPTED TRUTH,SPREAD,1,0.3036,-0.3036,0.0000,-0.3086
5361,random,SHARP,SEED BURN,1,0.3134,-0.3134,-0.0072,-0.3088
5362,attacker,FAMOUS,INSECT SPREAD,1,0.3383,-0.3383,-0.0004,-0.3103
5363,random,ALGORITHM GROW GROW GROW SPREAD FAIL,SPREAD,1,0.1803,-0.1803,0.0031,-0.3038
5364,random,STONE FALL,BURN,1,0.1697,-0.1697,0.0031,-0.2971
5365,random,IDENTITY GROW SPREAD SPREAD,SPREAD,1,0.1523,-0.1523,0.0018,-0.2899
5366,attacker,FAMOUS,INSECT SPREAD,1,0.3383,-0.3383,-0.0006,-0.2923
5367,attacker,FAMOUS,INSECT SPREAD,1,0.3383,-0.3383,-0.0006,-0.2946
5368,attacker,FAMOUS,INSECT SPREAD,1,0.3383,-0.3383,-0.0006,-0.2968
5369,random,FIRE,BURN,1,0.2049,-0.2049,0.0013,-0.2922
5370,attacker,FAMOUS,INSECT SPREAD,1,0.3383,-0.3383,-0.0006,-0.2945
5371,attacker,FAMOUS,INSECT SPREAD,1,0.3383,-0.3383,-0.0006,-0.2967
5372,random,CLEAN,INSECT SPREAD,1,0.3127,-0.3127,-0.0019,-0.2975
5373,attacker,FAMOUS,INSECT SPREAD,1,0.3383,-0.3383,-0.0006,-0.2995
5374,attacker,FAMOUS,INSECT SPREAD,1,0.3383,-0.3383,-0.0005,-0.3014
5375,attacker,FAMOUS,INSECT SPREAD,1,0.3383,-0.3383,-0.0005,-0.3033
5376,attacker,FAMOUS,INSECT SPREAD,1,0.3383,-0.3383,-0.0005,-0.3050
5377,attacker,FAMOUS,INSECT SPREAD,1,0.3383,-0.3383,-0.0005,-0.3067
5378,attacker,FAMOUS,INSECT SPREAD,1,0.3383,-0.3383,-0.0005,-0.3083
5379,random,TRAPPED,GUARD BURN,1,0.4386,-0.4386,-0.1347,-0.3148
5380,random,ACTIVE SEED SPREAD,BURN,1,0.3362,-0.3362,-0.0042,-0.3159
5381,attacker,FAMOUS,INSECT SPREAD,1,0.3383,-0.3383,-0.0003,-0.3170
5382,random,HORSE,BURN,1,0.2156,-0.2156,0.0024,-0.3119
5383,random,ACTIVE,INSECT SPREAD,1,0.3454,-0.3454,-0.0060,-0.3136
5384,random,MEMORY FAIL,SPREAD,1,0.1832,-0.1832,0.0020,-0.3071
5385,attacker,FAMOUS,INSECT SPREAD,1,0.3383,-0.3383,-0.0005,-0.3086
5386,random,TRUTH,SPREAD,1,0.2077,-0.2077,0.0009,-0.3036
5387,attacker,FAMOUS,INSECT SPREAD,1,0.3383,-0.3383,-0.0006,-0.3053
5388,attacker,FAMOUS,INSECT SPREAD,1,0.3383,-0.3383,-0.0005,-0.3070
5389,attacker,FAMOUS,INSECT SPREAD,1,0.3383,-0.3383,-0.0005,-0.3085
5390,attacker,FAMOUS,INSECT SPREAD,1,0.3383,-0.3383,-0.0005,-0.3100
5391,random,SEED MOVE DORMANT BIG,ROBOT BURN,1,0.2948,-0.2948,0.0396,-0.3093
5392,attacker,FAMOUS,INSECT SPREAD,1,0.3383,-0.3383,-0.0005,-0.3107
5393,attacker,FAMOUS,INSECT SPREAD,1,0.3383,-0.3383,-0.0005,-0.3121
5394,attacker,FAMOUS,INSECT SPREAD,1,0.3383,-0.3383,-0.0005,-0.3134
5395,random,TRUTH,SPREAD,1,0.2077,-0.2077,0.0010,-0.3081
5396,attacker,FAMOUS,INSECT SPREAD,1,0.3383,-0.3383,-0.0005,-0.3096
5397,attacker,FAMOUS,INSECT SPREAD,1,0.3383,-0.3383,-0.0005,-0.3111
5398,random,WEAPON FALL BURN SPREAD GROW GROW,SPREAD,1,0.2016,-0.2016,0.0010,-0.3056
5399,attacker,FAMOUS,INSECT SPREAD,1,0.3383,-0.3383,-0.0006,-0.3072
5400,attacker,FAMOUS,INSECT SPREAD,1,0.3383,-0.3383,-0.0006,-0.3088
5401,random,MAN RUN,BURN,1,0.1923,-0.1923,0.0063,-0.3029
5402,attacker,FAMOUS,POISON SPREAD,1,0.3470,-0.3470,-0.3038,-0.3052
5403,attacker,FAMOUS,INSECT SPREAD,1,0.3383,-0.3383,-0.0006,-0.3068
5404,attacker,FAMOUS,INSECT SPREAD,1,0.3383,-0.3383,-0.0005,-0.3084
5405,attacker,FAMOUS,BIRD BURN,0,1.3737,-1.3737,-8.9092,-0.3616
5406,random,CALM HORSE HEAR REBELLIOUS,SOLDIER BURN,1,0.2739,-0.2739,0.1077,-0.3573
5407,attacker,FAMOUS,INSECT SPREAD,1,0.3383,-0.3383,0.0003,-0.3563
5408,random,CHANCE,SPREAD,1,0.2027,-0.2027,0.0012,-0.3486
5409,attacker,FAMOUS,INSECT SPREAD,1,0.3383,-0.3383,0.0001,-0.3481
5410,attacker,FAMOUS,INSECT SPREAD,1,0.3383,-0.3383,0.0001,-0.3476
5411,attacker,FAMOUS,INSECT SPREAD,1,0.3383,-0.3383,0.0001,-0.3472
5412,attacker,FAMOUS,INSECT SPREAD,1,0.3383,-0.3383,0.0001,-0.3467
5413,attacker,FAMOUS,INSECT SPREAD,1,0.3383,-0.3383,0.0001,-0.3463
5414,attacker,FAMOUS,INSECT SPREAD,1,0.3383,-0.3383,0.0001,-0.3459
5415,random,ORDERED PLAN SPREAD SPREAD SPREAD SPREAD,SPREAD,1,0.2004,-0.2004,0.0018,-0.3386
5416,attacker,FAMOUS,INSECT SPREAD,1,0.3383,-0.3383,0.0000,-0.3386
5417,attacker,FAMOUS,INSECT SPREAD,1,0.3383,-0.3383,0.0000,-0.3386
5418,attacker,FAMOUS,INSECT SPREAD,1,0.3383,-0.3383,0.0000,-0.3386
5419,attacker,FAMOUS,INSECT SPREAD,1,0.3383,-0.3383,0.0000,-0.3386
5420,attacker,FAMOUS,INSECT SPREAD,1,0.3383,-0.3383,0.0000,-0.3385
5421,attacker,FAMOUS,INSECT SPREAD,1,0.3383,-0.3383,0.0000,-0.3385
5422,attacker,FAMOUS,INSECT SPREAD,1,0.3383,-0.3383,0.0000,-0.3385
5423,random,CHILD,BURN,1,0.2208,-0.2208,0.0028,-0.3326
5424,attacker,FAMOUS,INSECT SPREAD,1,0.3383,-0.3383,-0.0001,-0.3329
5425,attacker,FAMOUS,INSECT SPREAD,1,0.3383,-0.3383,-0.0000,-0.3332
5426,attacker,FAMOUS,INSECT SPREAD,1,0.3383,-0.3383,-0.0000,-0.3334
5427,attacker,FAMOUS,INSECT SPREAD,1,0.3383,-0.3383,-0.0000,-0.3337
5428,random,SIMPLE ALGORITHM,SPREAD,1,0.3312,-0.3312,0.0000,-0.3336
5429,attacker,FAMOUS,INSECT SPREAD,1,0.3383,-0.3383,-0.0000,-0.3338
5430,attacker,FAMOUS,INSECT SPREAD,1,0.3383,-0.3383,-0.0000,-0.3340
5431,attacker,FAMOUS,INSECT SPREAD,1,0.3383,-0.3383,-0.0000,-0.3342
5432,attacker,FAMOUS,INSECT SPREAD,1,0.3383,-0.3383,-0.0000,-0.3344
5433,attacker,FAMOUS,INSECT SPREAD,1,0.3383,-0.3383,-0.0000,-0.3346
5434,attacker,FAMOUS,INSECT SPREAD,1,0.3383,-0.3383,-0.0000,-0.3348
5435,attacker,FAMOUS,INSECT SPREAD,1,0.3383,-0.3383,-0.0000,-0.3350
5436,attacker,FAMOUS,INSECT SPREAD,1,0.3383,-0.3383,-0.0000,-0.3351
5437,attacker,FAMOUS,INSECT SPREAD,1,0.3383,-0.3383,-0.0000,-0.3353
5438,attacker,FAMOUS,INSECT SPREAD,1,0.3383,-0.3383,-0.0000,-0.3354
5439,random,WOLF CARRY TOOL ATTACK,FAMOUS INSECT,1,0.2807,-0.2807,0.2941,-0.3327
5440,attacker,DIRTY,SOLDIER BURN,1,0.4381,-0.4381,-0.1955,-0.3380
5441,attacker,FAMOUS,INSECT SPREAD,1,0.3383,-0.3383,-0.0000,-0.3380
5442,attacker,FAMOUS,INSECT SPREAD,1,0.3383,-0.3383,-0.0000,-0.3380
5443,attacker,FAMOUS,INSECT SPREAD,1,0.3383,-0.3383,-0.0000,-0.3380
5444,attacker,FAMOUS,INSECT SPREAD,1,0.3383,-0.3383,-0.0000,-0.3380
5445,attacker,FAMOUS,INSECT SPREAD,1,0.3383,-0.3383,-0.0000,-0.3380
5446,random,CHOICE SPREAD GROW SPREAD,SPREAD,1,0.1545,-0.1545,0.0022,-0.3289
5447,attacker,FAMOUS,INSECT SPREAD,1,0.3383,-0.3383,-0.0001,-0.3293
5448,attacker,FAMOUS,INSECT SPREAD,1,0.3383,-0.3383,-0.0001,-0.3298
5449,random,SEED SPREAD BURN,BURN,1,0.1598,-0.1598,0.0054,-0.3213
5450,attacker,FAMOUS,INSECT SPREAD,1,0.3383,-0.3383,-0.0002,-0.3221
5451,random,STRANGER CARRY,SEED BURN,1,0.1827,-0.1827,0.0899,-0.3152
5452,random,SECRET BOOK SPREAD GROW FAIL,SPREAD,1,0.2732,-0.2732,0.0010,-0.3131
5453,random,WOLF WANT SIGNAL HEAR,SIGNAL,1,0.1875,-0.1875,0.4271,-0.3068
5454,random,GUARD FALL,BURN,1,0.1771,-0.1771,0.0033,-0.3003
5455,random,HAPPY GUARD,BURN,1,0.3395,-0.3395,-0.0007,-0.3023
5456,random,ALGORITHM GROW,SPREAD,1,0.2283,-0.2283,0.0008,-0.2986
5457,attacker,FAMOUS,INSECT SPREAD,1,0.3383,-0.3383,-0.0004,-0.3006
5458,random,SAD CAT BURN MOVE,FOOD BURN,1,0.2379,-0.2379,0.3304,-0.2974
5459,attacker,FAMOUS,INSECT SPREAD,1,0.3383,-0.3383,-0.0004,-0.2995
5460,attacker,FAMOUS,INSECT SPREAD,1,0.3383,-0.3383,-0.0004,-0.3014
5461,attacker,FAMOUS,INSECT SPREAD,1,0.3383,-0.3383,-0.0004,-0.3032
5462,attacker,FAMOUS,INSECT SPREAD,1,0.3383,-0.3383,-0.0004,-0.3050
5463,random,HEAVY CAR MOVE CLEAN,SEED,1,0.3028,-0.3028,0.0031,-0.3049
5464,attacker,FAMOUS,INSECT SPREAD,1,0.3383,-0.3383,-0.0004,-0.3066
5465,attacker,FAMOUS,INSECT SPREAD,1,0.3383,-0.3383,-0.0004,-0.3081
5466,random,IDENTITY SPREAD GROW,SPREAD,1,0.1543,-0.1543,0.0014,-0.3005
5467,attacker,FAMOUS,INSECT SPREAD,1,0.3383,-0.3383,-0.0004,-0.3023
5468,random,WOOD FALL BURN,BURN,1,0.1345,-0.1345,0.0038,-0.2940
5469,random,AUTOMATED IDENTITY GROW,SPREAD,1,0.3101,-0.3101,-0.0002,-0.2948
5470,random,ERROR GROW FAIL FAIL,SPREAD,1,0.2084,-0.2084,0.0012,-0.2904
5471,attacker,FAMOUS,INSECT SPREAD,1,0.3383,-0.3383,-0.0006,-0.2928
5472,random,LIE SPREAD SPREAD SPREAD GROW GROW,SPREAD,1,0.1532,-0.1532,0.0013,-0.2859
5473,attacker,FAMOUS,INSECT SPREAD,1,0.3383,-0.3383,-0.0006,-0.2885
5474,attacker,FAMOUS,INSECT SPREAD,1,0.3383,-0.3383,-0.0006,-0.2910
5475,attacker,FAMOUS,INSECT SPREAD,1,0.3383,-0.3383,-0.0006,-0.2933
5476,attacker,FAMOUS,INSECT SPREAD,1,0.3383,-0.3383,-0.0005,-0.2956
5477,random,OPTIMAL RULE,SPREAD,1,0.3069,-0.3069,-0.0001,-0.2961
5478,random,TRUSTED MEMORY GROW GROW GROW SPREAD,SPREAD,1,0.2608,-0.2608,0.0004,-0.2944
5479,attacker,FAMOUS,INSECT SPREAD,1,0.3383,-0.3383,-0.0005,-0.2966
5480,random,INSECT HEAR,ISOLATED BORDER SPREAD,1,0.3293,-0.3293,-0.1664,-0.2982
5481,random,TRUSTED,INSECT SPREAD,1,0.3366,-0.3366,-0.0028,-0.3001
5482,attacker,FAMOUS,INSECT SPREAD,1,0.3383,-0.3383,-0.0005,-0.3020
5483,random,TRAPPED,BIRD BURN,1,0.4352,-0.4352,-0.2059,-0.3087
5484,attacker,FAMOUS,INSECT SPREAD,1,0.3383,-0.3383,-0.0004,-0.3102
5485,attacker,FAMOUS,INSECT SPREAD,1,0.3383,-0.3383,-0.0004,-0.3116
5486,attacker,FAMOUS,INSECT SPREAD,1,0.3383,-0.3383,-0.0004,-0.3129
5487,attacker,FAMOUS,INSECT SPREAD,1,0.3383,-0.3383,-0.0004,-0.3142
5488,attacker,FAMOUS,INSECT SPREAD,1,0.3383,-0.3383,-0.0004,-0.3154
5489,attacker,FAMOUS,INSECT SPREAD,1,0.3383,-0.3383,-0.0003,-0.3165
5490,attacker,FAMOUS,INSECT SPREAD,1,0.3383,-0.3383,-0.0003,-0.3176
5491,attacker,FAMOUS,INSECT SPREAD,1,0.3383,-0.3383,-0.0003,-0.3187
5492,random,TRAPPED,WOLF BURN,1,0.4434,-0.4434,-0.3009,-0.3249
5493,attacker,FAMOUS,INSECT SPREAD,1,0.3383,-0.3383,-0.0002,-0.3256
5494,random,DULL BOOK SPREAD,SPREAD,1,0.2031,-0.2031,0.0036,-0.3194
5495,attacker,FAMOUS,INSECT SPREAD,1,0.3383,-0.3383,-0.0003,-0.3204
5496,attacker,FAMOUS,INSECT SPREAD,1,0.3383,-0.3383,-0.0003,-0.3213
5497,random,HORSE HEAR,STRONG WOLF BURN,1,0.2006,-0.2006,1.2635,-0.3152
5498,attacker,FAMOUS,INSECT SPREAD,1,0.3383,-0.3383,-0.0004,-0.3164
5499,attacker,FAMOUS,INSECT SPREAD,1,0.3383,-0.3383,-0.0004,-0.3175
5500,attacker,FAMOUS,INSECT SPREAD,1,0.3383,-0.3383,-0.0004,-0.3185
5501,attacker,FAMOUS,INSECT SPREAD,1,0.3383,-0.3383,-0.0004,-0.3195
5502,attacker,FAMOUS,INSECT SPREAD,1,0.3383,-0.3383,-0.0004,-0.3204
5503,attacker,FAMOUS,INSECT SPREAD,1,0.3383,-0.3383,-0.0004,-0.3213
5504,attacker,FAMOUS,INSECT SPREAD,1,0.3383,-0.3383,-0.0004,-0.3222
5505,random,FIRE MOVE,COMPUTER BURN,1,0.1825,-0.1825,0.6025,-0.3152
5506,attacker,FAMOUS,INSECT SPREAD,1,0.3383,-0.3383,-0.0005,-0.3164
5507,random,ERROR,SPREAD,1,0.2312,-0.2312,0.0015,-0.3121
5508,attacker,FAMOUS,INSECT SPREAD,1,0.3383,-0.3383,-0.0006,-0.3134
5509,random,REBELLIOUS GUARD MOVE WEAPON EAT,FIRE BURN,0,1.2647,-1.2647,-2.9367,-0.3610
5510,random,OBEDIENT DOG SEE STRANGER MOVE,COMPUTER BURN,1,0.2959,-0.2959,0.2319,-0.3577
5511,random,CALM,INSECT SPREAD,0,1.3307,-1.3307,-1.3278,-0.4064
5512,attacker,FAMOUS,INSECT SPREAD,1,0.3383,-0.3383,0.0016,-0.4030
5513,attacker,FAMOUS,INSECT SPREAD,1,0.3383,-0.3383,0.0015,-0.3997
5514,attacker,FAMOUS,INSECT SPREAD,1,0.3383,-0.3383,0.0014,-0.3967
5515,attacker,FAMOUS,INSECT SPREAD,1,0.3383,-0.3383,0.0013,-0.3937
5516,attacker,FAMOUS,INSECT SPREAD,1,0.3383,-0.3383,0.0012,-0.3910
5517,attacker,FAMOUS,INSECT SPREAD,1,0.3383,-0.3383,0.0011,-0.3883
5518,attacker,FAMOUS,INSECT SPREAD,1,0.3383,-0.3383,0.0010,-0.3858
5519,random,CLOCK MOVE FOOD,FAIL,1,0.2728,-0.2728,0.0514,-0.3802
5520,attacker,FAMOUS,INSECT SPREAD,1,0.3383,-0.3383,0.0008,-0.3781
5521,attacker,FAMOUS,INSECT SPREAD,1,0.3383,-0.3383,0.0007,-0.3761
5522,attacker,FAMOUS,INSECT SPREAD,1,0.3383,-0.3383,0.0006,-0.3742
5523,attacker,FAMOUS,INSECT SPREAD,1,0.3383,-0.3383,0.0006,-0.3724
5524,attacker,FAMOUS,INSECT SPREAD,1,0.3383,-0.3383,0.0005,-0.3707
5525,attacker,FAMOUS,INSECT SPREAD,1,0.3383,-0.3383,0.0005,-0.3691
5526,attacker,FAMOUS,INSECT SPREAD,1,0.3383,-0.3383,0.0004,-0.3675
5527,attacker,FAMOUS,INSECT SPREAD,1,0.3383,-0.3383,0.0004,-0.3661
5528,attacker,FAMOUS,INSECT SPREAD,1,0.3383,-0.3383,0.0004,-0.3647
5529,attacker,FAMOUS,INSECT SPREAD,1,0.3383,-0.3383,0.0003,-0.3634
5530,attacker,FAMOUS,INSECT SPREAD,1,0.3383,-0.3383,0.0003,-0.3621
5531,attacker,FAMOUS,INSECT SPREAD,1,0.3383,-0.3383,0.0003,-0.3609
5532,attacker,FAMOUS,INSECT SPREAD,1,0.3383,-0.3383,0.0003,-0.3598
5533,attacker,FAMOUS,INSECT SPREAD,1,0.3383,-0.3383,0.0003,-0.3587
5534,attacker,FAMOUS,INSECT SPREAD,1,0.3383,-0.3383,0.0002,-0.3577
5535,attacker,FAMOUS,INSECT SPREAD,1,0.3383,-0.3383,0.0002,-0.3567
5536,attacker,FAMOUS,INSECT SPREAD,1,0.3383,-0.3383,0.0002,-0.3558
5537,attacker,FAMOUS,INSECT SPREAD,1,0.3383,-0.3383,0.0002,-0.3549
5538,attacker,FAMOUS,INSECT SPREAD,1,0.3383,-0.3383,0.0002,-0.3541
5539,random,CAMERA UPDATE,PATTERN FAIL,1,0.1836,-0.1836,0.5821,-0.3456
5540,attacker,FAMOUS,INSECT SPREAD,1,0.3383,-0.3383,0.0001,-0.3452
5541,attacker,FAMOUS,INSECT SPREAD,1,0.3383,-0.3383,0.0001,-0.3449
5542,attacker,FAMOUS,INSECT SPREAD,1,0.3383,-0.3383,0.0001,-0.3445
5543,attacker,FAMOUS,INSECT SPREAD,1,0.3383,-0.3383,0.0001,-0.3442
5544,attacker,FAMOUS,INSECT SPREAD,1,0.3383,-0.3383,0.0001,-0.3439
5545,random,HEAVY,COMPUTER MOVE DRONE,1,0.3349,-0.3349,0.0742,-0.3435
5546,attacker,FAMOUS,INSECT SPREAD,1,0.3383,-0.3383,0.0001,-0.3432
5547,attacker,FAMOUS,INSECT SPREAD,1,0.3383,-0.3383,0.0001,-0.3430
5548,attacker,FAMOUS,INSECT SPREAD,1,0.3383,-0.3383,0.0000,-0.3427
5549,attacker,FAMOUS,INSECT SPREAD,1,0.3383,-0.3383,0.0000,-0.3425
5550,attacker,FAMOUS,INSECT SPREAD,1,0.3383,-0.3383,0.0000,-0.3423
5551,random,CORRUPTED COMPUTER,FAIL,1,0.3515,-0.3515,-0.0056,-0.3428
5552,random,STONE,BURN,1,0.2030,-0.2030,0.0018,-0.3358
5553,attacker,FAMOUS,INSECT SPREAD,1,0.3383,-0.3383,-0.0000,-0.3359
5554,attacker,FAMOUS,INSECT SPREAD,1,0.3383,-0.3383,-0.0000,-0.3360
5555,attacker,FAMOUS,INSECT SPREAD,1,0.3383,-0.3383,-0.0000,-0.3361
5556,random,CALM MAN,BURN,1,0.3423,-0.3423,-0.0002,-0.3364
5557,random,LAW SPREAD SPREAD SPREAD SPREAD,SPREAD,1,0.1002,-0.1002,0.0033,-0.3246
5558,random,WEAPON FALL SPREAD,SPREAD,1,0.1710,-0.1710,0.0017,-0.3169
5559,attacker,FAMOUS,INSECT SPREAD,1,0.3383,-0.3383,-0.0002,-0.3180
5560,attacker,FAMOUS,INSECT SPREAD,1,0.3383,-0.3383,-0.0002,-0.3190
5561,attacker,FAMOUS,INSECT SPREAD,1,0.3383,-0.3383,-0.0002,-0.3200
5562,random,DIRTY,WEAPON BURN,1,0.4289,-0.4289,-0.4041,-0.3254
5563,attacker,FAMOUS,INSECT SPREAD,1,0.3383,-0.3383,-0.0001,-0.3261
5564,random,DENSE CLOCK HEAR FREE CONNECTED BIRD,FALL,1,0.3295,-0.3295,-0.0021,-0.3262
5565,random,KEY FAIL FAIL FALL SPREAD SPREAD,SPREAD,1,0.1672,-0.1672,0.0019,-0.3183
5566,attacker,FAMOUS,INSECT SPREAD,1,0.3383,-0.3383,-0.0002,-0.3193
5567,attacker,FAMOUS,INSECT SPREAD,1,0.3383,-0.3383,-0.0002,-0.3202
5568,random,STRANGER FORGET VAST,PATTERN BURN,1,0.3272,-0.3272,-0.0164,-0.3206
5569,attacker,FAMOUS,INSECT SPREAD,1,0.3383,-0.3383,-0.0002,-0.3215
5570,random,NETWORK HEAR,TRUTH SPREAD,1,0.2115,-0.2115,0.2874,-0.3160
5571,random,SMALL BIRD HEAR FIRE FOLLOW,ACTIVE CHOICE,1,0.3333,-0.3333,-0.1666,-0.3168
5572,attacker,FAMOUS,INSECT SPREAD,1,0.3383,-0.3383,-0.0002,-0.3179
5573,random,SLOW,DRONE COMPUTE,0,1.4853,-1.4853,-7.0777,-0.3763
5574,random,DEBT GROW,SPREAD,1,0.2036,-0.2036,0.0018,-0.3676
5575,attacker,FAMOUS,INSECT SPREAD,1,0.3383,-0.3383,0.0003,-0.3662
5576,random,LIE GROW SPREAD SPREAD SPREAD SPREAD,SPREAD,1,0.1505,-0.1505,0.0023,-0.3554
5577,attacker,FAMOUS,INSECT SPREAD,1,0.3383,-0.3383,0.0002,-0.3545
5578,attacker,FAMOUS,INSECT SPREAD,1,0.3383,-0.3383,0.0002,-0.3537
5579,random,POWER SPREAD GROW,SPREAD,1,0.1554,-0.1554,0.0016,-0.3438
5580,random,SEED,BURN,1,0.2049,-0.2049,0.0024,-0.3369
5581,attacker,FAMOUS,INSECT SPREAD,1,0.3383,-0.3383,-0.0000,-0.3369
5582,attacker,FAMOUS,INSECT SPREAD,1,0.3383,-0.3383,-0.0000,-0.3370
5583,attacker,FAMOUS,INSECT SPREAD,1,0.3383,-0.3383,-0.0000,-0.3371
5584,attacker,FAMOUS,INSECT SPREAD,1,0.3383,-0.3383,-0.0000,-0.3371
5585,random,SENSOR GENERATE,SIGNAL FAIL,1,0.1760,-0.1760,0.3993,-0.3291
5586,random,CONNECTED WOOD BURN BURN GROW SPREAD,SPREAD,1,0.2922,-0.2922,0.0729,-0.3272
5587,attacker,FAMOUS,INSECT SPREAD,1,0.3383,-0.3383,-0.0001,-0.3278
5588,attacker,FAMOUS,INSECT SPREAD,1,0.3383,-0.3383,-0.0001,-0.3283
5589,random,TRAPPED HORSE,BURN,1,0.3049,-0.3049,0.0003,-0.3271
5590,attacker,FAMOUS,INSECT SPREAD,1,0.3383,-0.3383,-0.0001,-0.3277
5591,attacker,FAMOUS,INSECT SPREAD,1,0.3383,-0.3383,-0.0001,-0.3282
5592,attacker,FAMOUS,INSECT SPREAD,1,0.3383,-0.3383,-0.0001,-0.3287
5593,attacker,FAMOUS,INSECT SPREAD,1,0.3383,-0.3383,-0.0001,-0.3292
5594,random,FIRE BURN FALL GROW GROW GROW,BURN,1,0.1530,-0.1530,0.0055,-0.3204
5595,attacker,FAMOUS,INSECT SPREAD,1,0.3383,-0.3383,-0.0002,-0.3213
5596,attacker,FAMOUS,INSECT SPREAD,1,0.3383,-0.3383,-0.0002,-0.3221
5597,attacker,FAMOUS,INSECT SPREAD,1,0.3383,-0.3383,-0.0002,-0.3229
5598,random,NETWORK HEAR,REBELLIOUS GUARD SPREAD,1,0.3151,-0.3151,0.0476,-0.3225
5599,attacker,FAMOUS,INSECT SPREAD,1,0.3383,-0.3383,-0.0002,-0.3233
5600,attacker,FAMOUS,INSECT SPREAD,1,0.3383,-0.3383,-0.0002,-0.3241
5601,random,DULL,COMPUTER FAIL,1,0.4850,-0.4850,-0.1549,-0.3321
5602,attacker,FAMOUS,INSECT SPREAD,1,0.3383,-0.3383,-0.0001,-0.3324
5603,random,WOLF EAT FOOD RUN FALL,BURN,1,0.1867,-0.1867,0.0033,-0.3251
5604,attacker,FAMOUS,INSECT SPREAD,1,0.3383,-0.3383,-0.0002,-0.3258
5605,attacker,FAMOUS,INSECT SPREAD,1,0.3383,-0.3383,-0.0002,-0.3264
5606,attacker,FAMOUS,INSECT SPREAD,1,0.3383,-0.3383,-0.0002,-0.3270
5607,attacker,FAMOUS,INSECT SPREAD SPREAD,1,0.3347,-0.3347,-0.0438,-0.3274
5608,attacker,FAMOUS,INSECT SPREAD,1,0.3383,-0.3383,-0.0001,-0.3279
5609,attacker,FAMOUS,INSECT SPREAD,1,0.3383,-0.3383,-0.0001,-0.3285
5610,random,AUTOMATED SOLDIER BUILD DULL,ROBOT BURN,0,1.2764,-1.2764,-3.4683,-0.3759
5611,attacker,FAMOUS,INSECT SPREAD,1,0.3383,-0.3383,0.0004,-0.3740
5612,attacker,FAMOUS,INSECT SPREAD,1,0.3383,-0.3383,0.0004,-0.3722
5613,attacker,FAMOUS,INSECT SPREAD,1,0.3383,-0.3383,0.0004,-0.3705
5614,attacker,FAMOUS,INSECT SPREAD,1,0.3383,-0.3383,0.0003,-0.3689
5615,attacker,FAMOUS,INSECT SPREAD,1,0.3383,-0.3383,0.0003,-0.3674
5616,random,ENCRYPTED CHOICE,SPREAD,1,0.3233,-0.3233,0.0005,-0.3652
5617,attacker,FAMOUS,INSECT SPREAD,1,0.3383,-0.3383,0.0003,-0.3638
5618,random,WATER BURN,BURN,1,0.1007,-0.1007,0.0084,-0.3507
5619,attacker,FAMOUS,INSECT SPREAD,1,0.3383,-0.3383,0.0001,-0.3500
5620,attacker,FAMOUS,INSECT SPREAD,1,0.3383,-0.3383,0.0001,-0.3495
5621,attacker,FAMOUS,INSECT SPREAD,1,0.3383,-0.3383,0.0001,-0.3489
5622,random,CHAOTIC,PHONE,0,1.3781,-1.3781,-5.7658,-0.4004
5623,attacker,FAMOUS,INSECT SPREAD,1,0.3383,-0.3383,0.0006,-0.3972
5624,attacker,FAMOUS,INSECT SPREAD,1,0.3383,-0.3383,0.0005,-0.3943
5625,attacker,FAMOUS,INSECT SPREAD,1,0.3383,-0.3383,0.0005,-0.3915
5626,attacker,FAMOUS,INSECT SPREAD,1,0.3383,-0.3383,0.0005,-0.3888
5627,attacker,FAMOUS,INSECT SPREAD,1,0.3383,-0.3383,0.0005,-0.3863
5628,attacker,FAMOUS,INSECT SPREAD,1,0.3383,-0.3383,0.0004,-0.3839
5629,random,SIGNAL FAIL GROW FAIL GROW,SPREAD,1,0.2011,-0.2011,0.0028,-0.3748
5630,random,FREE,GUARD BURN,1,0.3614,-0.3614,0.0582,-0.3741
5631,random,ANGRY,GUARD BURN,1,0.3924,-0.3924,-0.0147,-0.3750
5632,attacker,FAMOUS,INSECT SPREAD,1,0.3383,-0.3383,0.0003,-0.3732
5633,random,CHOICE,SPREAD,1,0.2266,-0.2266,0.0007,-0.3658
5634,attacker,FAMOUS,INSECT SPREAD,1,0.3383,-0.3383,0.0002,-0.3645
5635,attacker,FAMOUS,INSECT SPREAD,1,0.3383,-0.3383,0.0002,-0.3632
5636,attacker,FAMOUS,INSECT SPREAD,1,0.3383,-0.3383,0.0002,-0.3619
5637,attacker,FAMOUS,INSECT SPREAD,1,0.3383,-0.3383,0.0002,-0.3607
5638,attacker,FAMOUS,INSECT SPREAD,1,0.3383,-0.3383,0.0002,-0.3596
5639,random,SYSTEM SPREAD SPREAD SPREAD,SPREAD,1,0.1009,-0.1009,0.0070,-0.3467
5640,attacker,FAMOUS,INSECT SPREAD,1,0.3383,-0.3383,0.0001,-0.3463
5641,random,TRAPPED GUARD,BURN,1,0.3069,-0.3069,0.0007,-0.3443
5642,random,SECRET CHOICE SPREAD ENCODE DULL AUTOMATED,KEY SPREAD,1,0.2611,-0.2611,0.0911,-0.3401
5643,attacker,FAMOUS,INSECT SPREAD,1,0.3383,-0.3383,0.0000,-0.3400
5644,attacker,FAMOUS,INSECT SPREAD,1,0.3383,-0.3383,0.0000,-0.3400
5645,attacker,FAMOUS,INSECT SPREAD,1,0.3383,-0.3383,0.0000,-0.3399
5646,attacker,FAMOUS,INSECT SPREAD,1,0.3383,-0.3383,0.0000,-0.3398
5647,attacker,FAMOUS,INSECT SPREAD,1,0.3383,-0.3383,0.0000,-0.3397
5648,random,OBEDIENT STRANGER,BURN,1,0.3207,-0.3207,0.0003,-0.3388
5649,attacker,FAMOUS,INSECT SPREAD,1,0.3383,-0.3383,0.0000,-0.3387
5650,attacker,FAMOUS,INSECT SPREAD,1,0.3383,-0.3383,0.0000,-0.3387
5651,random,PROUD,BURN,0,1.3000,-1.3000,-4.3498,-0.3868
5652,attacker,FAMOUS,INSECT SPREAD,1,0.3383,-0.3383,0.0004,-0.3844
5653,attacker,FAMOUS,INSECT SPREAD,1,0.3383,-0.3383,0.0004,-0.3820
5654,attacker,FAMOUS,INSECT SPREAD,1,0.3383,-0.3383,0.0003,-0.3799
5655,attacker,FAMOUS,INSECT SPREAD,1,0.3383,-0.3383,0.0003,-0.3778
5656,attacker,FAMOUS,INSECT SPREAD,1,0.3383,-0.3383,0.0003,-0.3758
5657,attacker,FAMOUS,INSECT SPREAD,1,0.3383,-0.3383,0.0003,-0.3739
5658,attacker,FAMOUS,INSECT SPREAD,1,0.3383,-0.3383,0.0003,-0.3721
5659,attacker,FAMOUS,INSECT SPREAD,1,0.3383,-0.3383,0.0003,-0.3705
5660,attacker,FAMOUS,INSECT SPREAD,1,0.3383,-0.3383,0.0002,-0.3688
5661,attacker,FAMOUS,INSECT SPREAD,1,0.3383,-0.3383,0.0002,-0.3673
5662,random,SEED SPREAD,BURN,1,0.2252,-0.2252,0.0444,-0.3602
5663,random,POWER SPREAD GROW GROW SPREAD SPREAD,SPREAD,1,0.1540,-0.1540,0.0023,-0.3499
5664,random,WOMAN,BURN,1,0.2394,-0.2394,0.0020,-0.3444
5665,attacker,FAMOUS,INSECT SPREAD,1,0.3383,-0.3383,0.0000,-0.3441
5666,attacker,FAMOUS,INSECT SPREAD,1,0.3383,-0.3383,0.0000,-0.3438
5667,random,BIRD HELP SHARP SMALL CHILD FALL,BURN,1,0.3060,-0.3060,0.0006,-0.3419
5668,attacker,FAMOUS,INSECT SPREAD,1,0.3383,-0.3383,0.0000,-0.3417
5669,attacker,FAMOUS,INSECT SPREAD,1,0.3383,-0.3383,0.0000,-0.3415
5670,attacker,FAMOUS,INSECT SPREAD,1,0.3383,-0.3383,0.0000,-0.3414
5671,attacker,FAMOUS,INSECT SPREAD,1,0.3383,-0.3383,0.0000,-0.3412
5672,random,TRUSTED,INSECT SPREAD,1,0.3366,-0.3366,0.0035,-0.3410
5673,attacker,FAMOUS,INSECT SPREAD,1,0.3383,-0.3383,0.0000,-0.3409
5674,attacker,FAMOUS,INSECT SPREAD,1,0.3383,-0.3383,0.0000,-0.3407
5675,attacker,FAMOUS,INSECT SPREAD,1,0.3383,-0.3383,0.0000,-0.3406
5676,attacker,FAMOUS,INSECT SPREAD,1,0.3383,-0.3383,0.0000,-0.3405
5677,attacker,FAMOUS,INSECT SPREAD,1,0.3383,-0.3383,0.0000,-0.3404
5678,attacker,FAMOUS,INSECT SPREAD,1,0.3383,-0.3383,0.0000,-0.3403
5679,random,CAR FALL SEE ORDERED,MAN FALL,1,0.2662,-0.2662,0.4942,-0.3366
5680,attacker,FAMOUS,INSECT SPREAD,1,0.3383,-0.3383,-0.0000,-0.3366
5681,random,PLAN GROW SPREAD UPDATE,SYSTEM SPREAD,1,0.0643,-0.0643,0.4918,-0.3230
5682,attacker,FAMOUS,INSECT SPREAD,1,0.3383,-0.3383,-0.0001,-0.3238
5683,random,WOLF,BURN,1,0.2303,-0.2303,0.0021,-0.3191
5684,attacker,FAMOUS,INSECT SPREAD,1,0.3383,-0.3383,-0.0001,-0.3201
5685,attacker,FAMOUS,INSECT SPREAD,1,0.3383,-0.3383,-0.0001,-0.3210
5686,random,CALM GUARD,BURN,1,0.3313,-0.3313,-0.0004,-0.3215
5687,random,SECRET IDENTITY GROW SPREAD GROW,SPREAD,1,0.2610,-0.2610,0.0120,-0.3185
5688,random,ANGRY CHILD FALL WANT COMPUTER FALL,BURN,1,0.2923,-0.2923,0.0008,-0.3172
5689,attacker,FAMOUS,INSECT SPREAD,1,0.3383,-0.3383,-0.0002,-0.3182
5690,attacker,FAMOUS,INSECT SPREAD,1,0.3383,-0.3383,-0.0001,-0.3192
5691,attacker,FAMOUS,INSECT SPREAD,1,0.3383,-0.3383,-0.0001,-0.3202
5692,attacker,FAMOUS,INSECT SPREAD,1,0.3383,-0.3383,-0.0001,-0.3211
5693,attacker,FAMOUS,INSECT SPREAD,1,0.3383,-0.3383,-0.0001,-0.3219
5694,attacker,FAMOUS,INSECT SPREAD,1,0.3383,-0.3383,-0.0001,-0.3228
5695,attacker,FAMOUS,INSECT SPREAD,1,0.3383,-0.3383,-0.0001,-0.3235
5696,attacker,FAMOUS,INSECT SPREAD,1,0.3383,-0.3383,-0.0001,-0.3243
5697,attacker,FAMOUS,INSECT SPREAD,1,0.3383,-0.3383,-0.0001,-0.3250
5698,attacker,FAMOUS,INSECT SPREAD,1,0.3383,-0.3383,-0.0001,-0.3256
5699,random,REBELLIOUS SOLDIER BREAK COMPLEX KEY EAT,FOOD BURN,1,0.2273,-0.2273,0.3299,-0.3207
5700,random,TRAPPED BIRD BURN BURN,BURN,1,0.2006,-0.2006,0.0026,-0.3147
5701,attacker,FAMOUS,INSECT SPREAD,1,0.3383,-0.3383,-0.0002,-0.3159
5702,attacker,FAMOUS,INSECT SPREAD,1,0.3383,-0.3383,-0.0002,-0.3170
5703,attacker,FAMOUS,INSECT SPREAD,1,0.3383,-0.3383,-0.0002,-0.3181
5704,attacker,FAMOUS,INSECT SPREAD,1,0.3383,-0.3383,-0.0002,-0.3191
5705,attacker,FAMOUS,INSECT SPREAD,1,0.3383,-0.3383,-0.0002,-0.3200
5706,attacker,FAMOUS,INSECT SPREAD,1,0.3383,-0.3383,-0.0002,-0.3210
5707,random,BORDER GROW GROW SPREAD SPREAD SPREAD,SPREAD,1,0.1532,-0.1532,0.0017,-0.3126
5708,random,STRONG,DRONE FALL,1,0.3244,-0.3244,-0.0230,-0.3132
5709,random,PHONE SEE VAST ELDER HEAR,LANGUAGE,1,0.3364,-0.3364,-0.0880,-0.3143
5710,attacker,FAMOUS,INSECT SPREAD,1,0.3383,-0.3383,-0.0002,-0.3155
5711,attacker,FAMOUS,INSECT SPREAD,1,0.3383,-0.3383,-0.0002,-0.3167
5712,attacker,FAMOUS,INSECT SPREAD,1,0.3383,-0.3383,-0.0002,-0.3177
5713,random,PROUD STRANGER,BURN,1,0.3451,-0.3451,-0.0006,-0.3191
5714,attacker,FAMOUS,INSECT SPREAD,1,0.3383,-0.3383,-0.0002,-0.3201
5715,attacker,FAMOUS,INSECT SPREAD,1,0.3383,-0.3383,-0.0002,-0.3210
5716,attacker,DIRTY,ROBOT,0,1.3640,-1.3640,-8.5080,-0.3731
5717,random,MAP GROW,GROW,1,0.1046,-0.1046,1.4769,-0.3597
5718,random,CORRUPTED COMPUTER SEE SENSOR SEE ASHAMED,WOLF FALL,1,0.3245,-0.3245,0.0982,-0.3579
5719,attacker,FAMOUS,INSECT SPREAD,1,0.3383,-0.3383,0.0002,-0.3570
5720,attacker,FAMOUS,INSECT SPREAD,1,0.3383,-0.3383,0.0002,-0.3560
5721,attacker,FAMOUS,INSECT SPREAD,1,0.3383,-0.3383,0.0002,-0.3551
5722,attacker,FAMOUS,INSECT SPREAD,1,0.3383,-0.3383,0.0001,-0.3543
5723,random,CHAOTIC ROBOT SEE BIRD FALL BREAK,SEED,1,0.3025,-0.3025,0.0747,-0.3517
5724,attacker,FAMOUS,INSECT SPREAD,1,0.3383,-0.3383,0.0001,-0.3510
5725,random,PHONE,FALL,1,0.2537,-0.2537,0.1064,-0.3462
5726,attacker,FAMOUS,INSECT SPREAD,1,0.3383,-0.3383,0.0001,-0.3458
5727,random,ORDERED DEBT GROW SPREAD SPREAD,SPREAD,1,0.2506,-0.2506,0.0014,-0.3410
5728,attacker,FAMOUS,INSECT SPREAD,1,0.3383,-0.3383,0.0000,-0.3409
5729,attacker,FAMOUS,INSECT SPREAD,1,0.3383,-0.3383,0.0000,-0.3408
5730,attacker,FAMOUS,INSECT SPREAD,1,0.3383,-0.3383,0.0000,-0.3406
5731,attacker,FAMOUS,INSECT SPREAD,1,0.3383,-0.3383,0.0000,-0.3405
5732,random,WOMAN,BURN,1,0.2394,-0.2394,0.0021,-0.3355
5733,random,SLOW,INSECT BURN,0,1.4327,-1.4327,-6.9885,-0.3903
5734,attacker,FAMOUS,INSECT SPREAD,1,0.3383,-0.3383,0.0004,-0.3877
5735,random,SEED,BURN,1,0.2049,-0.2049,0.0042,-0.3786
5736,attacker,FAMOUS,INSECT SPREAD,1,0.3383,-0.3383,0.0003,-0.3766
5737,attacker,FAMOUS,INSECT SPREAD,1,0.3383,-0.3383,0.0003,-0.3746
5738,random,TRAPPED DOG FALL,BURN,1,0.2734,-0.2734,0.0021,-0.3696
5739,random,PATTERN SPREAD SPREAD FAIL,SPREAD,1,0.1407,-0.1407,0.0081,-0.3581
5740,attacker,FAMOUS,INSECT SPREAD,1,0.3383,-0.3383,0.0002,-0.3571
5741,random,POWER SPREAD,SPREAD,1,0.1045,-0.1045,0.0036,-0.3445
5742,attacker,FAMOUS,INSECT SPREAD,1,0.3383,-0.3383,0.0001,-0.3442
5743,random,DEBT GROW GROW,SPREAD,1,0.2127,-0.2127,0.0011,-0.3376
5744,random,TRUTH SPREAD SPREAD SPREAD SPREAD,SPREAD,1,0.1003,-0.1003,0.0035,-0.3258
5745,attacker,FAMOUS,INSECT SPREAD,1,0.3383,-0.3383,-0.0001,-0.3264
5746,attacker,FAMOUS,INSECT SPREAD,1,0.3383,-0.3383,-0.0001,-0.3270
5747,attacker,FAMOUS,INSECT SPREAD,1,0.3383,-0.3383,-0.0001,-0.3275
5748,random,CLOCK MOVE DRONE SEE COMPLEX TRUSTED,SOLDIER,1,0.3049,-0.3049,0.0508,-0.3264
5749,random,ERROR,SPREAD,1,0.2312,-0.2312,0.0010,-0.3217
5750,attacker,FAMOUS,INSECT SPREAD,1,0.3383,-0.3383,-0.0001,-0.3225
5751,attacker,FAMOUS,INSECT SPREAD,1,0.3383,-0.3383,-0.0001,-0.3233
5752,attacker,FAMOUS,INSECT SPREAD,1,0.3383,-0.3383,-0.0001,-0.3240
5753,attacker,FAMOUS,INSECT SPREAD,1,0.3383,-0.3383,-0.0001,-0.3247
5754,random,ISOLATED,CROWD BURN,1,0.4426,-0.4426,-0.2614,-0.3306
5755,random,BIG STRANGER RUN MOVE,MAP BURN,1,0.3022,-0.3022,0.1208,-0.3292
5756,random,CHOICE GROW SPREAD SPREAD SPREAD GROW,SPREAD,1,0.1553,-0.1553,0.0014,-0.3205
5757,attacker,FAMOUS,INSECT SPREAD,1,0.3383,-0.3383,-0.0002,-0.3214
5758,random,CROWD GROW SEE ENGINE,BURN,1,0.1896,-0.1896,0.0027,-0.3148
5759,attacker,FAMOUS,INSECT SPREAD,1,0.3383,-0.3383,-0.0002,-0.3160
5760,random,FAST CAR,FALL,1,0.3374,-0.3374,-0.0064,-0.3171
5761,attacker,FAMOUS,INSECT SPREAD,1,0.3383,-0.3383,-0.0002,-0.3181
5762,attacker,FAMOUS,INSECT SPREAD,1,0.3383,-0.3383,-0.0002,-0.3191
5763,random,ORDERED,INSECT SPREAD,0,1.3172,-1.3172,-0.4726,-0.3690
5764,attacker,FAMOUS,INSECT SPREAD,1,0.3383,-0.3383,0.0003,-0.3675
5765,attacker,FAMOUS,INSECT SPREAD,1,0.3383,-0.3383,0.0003,-0.3660
5766,attacker,FAMOUS,INSECT SPREAD,1,0.3383,-0.3383,0.0003,-0.3646
5767,random,WOOD FALL BURN BURN,BURN,1,0.1340,-0.1340,0.0050,-0.3531
5768,attacker,FAMOUS,CAR FAIL,0,1.3871,-1.3871,-9.5037,-0.4048
5769,attacker,FAMOUS,INSECT SPREAD,1,0.3383,-0.3383,0.0007,-0.4015
5770,random,OUTCAST LEADER,BURN,1,0.3282,-0.3282,0.0039,-0.3978
5771,attacker,FAMOUS,INSECT SPREAD,1,0.3383,-0.3383,0.0006,-0.3948
5772,attacker,FAMOUS,INSECT SPREAD,1,0.3383,-0.3383,0.0005,-0.3920
5773,attacker,FAMOUS,INSECT SPREAD,1,0.3383,-0.3383,0.0005,-0.3893
5774,random,CHOICE SPREAD SPREAD SPREAD GROW,SPREAD,1,0.1527,-0.1527,0.0030,-0.3775
5775,attacker,FAMOUS,INSECT SPREAD,1,0.3383,-0.3383,0.0004,-0.3755
5776,random,CHAOTIC,PHONE FALL,1,0.4609,-0.4609,-0.1823,-0.3798
5777,random,TRUTH GROW GROW,SPREAD,1,0.2139,-0.2139,0.0015,-0.3715
5778,random,CHANCE SPREAD GROW GROW,SPREAD,1,0.1645,-0.1645,0.0022,-0.3612
5779,attacker,FAMOUS,INSECT SPREAD,1,0.3383,-0.3383,0.0002,-0.3600
5780,attacker,FAMOUS,INSECT SPREAD,1,0.3383,-0.3383,0.0002,-0.3589
5781,random,SIMPLE SYSTEM SPREAD FAIL,SPREAD,1,0.2406,-0.2406,0.0020,-0.3530
5782,attacker,FAMOUS,INSECT SPREAD,1,0.3383,-0.3383,0.0001,-0.3523
5783,random,FAMOUS POISON BURN SPREAD,SPREAD,1,0.2604,-0.2604,0.0022,-0.3477
5784,attacker,FAMOUS,INSECT SPREAD,1,0.3383,-0.3383,0.0001,-0.3472
5785,random,SHARP,SEED BURN,1,0.3134,-0.3134,0.0679,-0.3455
5786,attacker,FAMOUS,INSECT SPREAD,1,0.3383,-0.3383,0.0001,-0.3452
5787,random,STRONG,POISON BURN,1,0.3356,-0.3356,0.0449,-0.3447
5788,attacker,FAMOUS,INSECT SPREAD,1,0.3383,-0.3383,0.0001,-0.3444
5789,attacker,FAMOUS,INSECT SPREAD,1,0.3383,-0.3383,0.0001,-0.3441
5790,random,POWER SPREAD GROW GROW GROW,SPREAD,1,0.1643,-0.1643,0.0021,-0.3351
5791,attacker,FAMOUS,INSECT SPREAD,1,0.3383,-0.3383,-0.0000,-0.3352
5792,attacker,FAMOUS,INSECT SPREAD,1,0.3383,-0.3383,-0.0000,-0.3354
5793,attacker,FAMOUS,INSECT SPREAD,1,0.3383,-0.3383,-0.0000,-0.3355
5794,attacker,FAMOUS,INSECT SPREAD,1,0.3383,-0.3383,-0.0000,-0.3357
5795,attacker,FAMOUS,INSECT SPREAD,1,0.3383,-0.3383,-0.0000,-0.3358
5796,attacker,FAMOUS,INSECT SPREAD,1,0.3383,-0.3383,-0.0000,-0.3359
5797,random,OUTCAST ELDER FORGET TIME,BURN,1,0.3242,-0.3242,0.0002,-0.3353
5798,attacker,FAMOUS,INSECT SPREAD,1,0.3383,-0.3383,-0.0000,-0.3355
5799,attacker,FAMOUS,INSECT SPREAD,1,0.3383,-0.3383,-0.0000,-0.3356
5800,attacker,FAMOUS,INSECT SPREAD,1,0.3383,-0.3383,-0.0000,-0.3357
5801,attacker,FAMOUS,INSECT SPREAD,1,0.3383,-0.3383,-0.0000,-0.3359
5802,random,POISON BURN GROW,SPREAD,1,0.2430,-0.2430,0.0012,-0.3312
5803,attacker,FAMOUS,INSECT SPREAD,1,0.3383,-0.3383,-0.0001,-0.3316
5804,random,PHONE,HEAR DEBT FALL,1,0.2020,-0.2020,0.8611,-0.3251
5805,attacker,FAMOUS,INSECT SPREAD,1,0.3383,-0.3383,-0.0001,-0.3258
5806,attacker,FAMOUS,INSECT SPREAD,1,0.3383,-0.3383,-0.0001,-0.3264
5807,attacker,FAMOUS,INSECT SPREAD,1,0.3383,-0.3383,-0.0001,-0.3270
5808,attacker,FAMOUS,INSECT SPREAD,1,0.3383,-0.3383,-0.0001,-0.3275
5809,attacker,FAMOUS,INSECT SPREAD,1,0.3383,-0.3383,-0.0001,-0.3281
5810,random,DIRTY KEY,BURN,1,0.3049,-0.3049,0.0007,-0.3269
5811,random,REBELLIOUS SOLDIER FORGET,LIE BURN,1,0.3315,-0.3315,-0.0161,-0.3272
5812,attacker,FAMOUS,INSECT SPREAD,1,0.3383,-0.3383,-0.0001,-0.3277
5813,random,ENCRYPTED POWER,SPREAD,1,0.3057,-0.3057,0.0002,-0.3266
5814,random,ANGRY CROWD TRADE STRONG SLOW,PLAN BURN,0,1.3221,-1.3221,-6.4174,-0.3764
5815,random,TRAPPED MAN,BURN,1,0.3208,-0.3208,0.0006,-0.3736
5816,random,REBELLIOUS GUARD,BURN,1,0.3394,-0.3394,0.0008,-0.3719
5817,attacker,FAMOUS,INSECT SPREAD,1,0.3383,-0.3383,0.0003,-0.3702
5818,random,FREE HORSE,BURN,1,0.3314,-0.3314,0.0009,-0.3683
5819,attacker,FAMOUS,INSECT SPREAD,1,0.3383,-0.3383,0.0003,-0.3668
5820,random,KEY SPREAD SPREAD SPREAD FAIL,SPREAD,1,0.1351,-0.1351,0.0048,-0.3552
5821,attacker,FAMOUS,INSECT SPREAD,1,0.3383,-0.3383,0.0001,-0.3543
5822,attacker,FAMOUS,INSECT SPREAD,1,0.3383,-0.3383,0.0001,-0.3535
5823,attacker,FAMOUS,INSECT SPREAD,1,0.3383,-0.3383,0.0001,-0.3528
5824,attacker,FAMOUS,INSECT SPREAD,1,0.3383,-0.3383,0.0001,-0.3521
5825,attacker,FAMOUS,INSECT SPREAD,1,0.3383,-0.3383,0.0001,-0.3514
5826,attacker,FAMOUS,INSECT SPREAD,1,0.3383,-0.3383,0.0001,-0.3507
5827,attacker,FAMOUS,INSECT SPREAD,1,0.3383,-0.3383,0.0001,-0.3501
5828,random,COMPLEX CHOICE GROW,SPREAD,1,0.3177,-0.3177,0.0008,-0.3485
5829,random,CHANCE GROW GROW GROW GROW GROW,SPREAD,1,0.2393,-0.2393,0.0009,-0.3430
5830,attacker,FAMOUS,INSECT SPREAD,1,0.3383,-0.3383,0.0000,-0.3428
5831,attacker,FAMOUS,INSECT SPREAD,1,0.3383,-0.3383,0.0000,-0.3426
5832,attacker,FAMOUS,INSECT SPREAD,1,0.3383,-0.3383,0.0000,-0.3423
5833,attacker,FAMOUS,INSECT SPREAD,1,0.3383,-0.3383,0.0000,-0.3421
5834,attacker,FAMOUS,INSECT SPREAD,1,0.3383,-0.3383,0.0000,-0.3419
5835,random,DEAD LEADER BURN FALL,BURN,1,0.2337,-0.2337,0.0018,-0.3365
5836,attacker,FAMOUS,INSECT SPREAD,1,0.3383,-0.3383,-0.0000,-0.3366
5837,attacker,FAMOUS,INSECT SPREAD,1,0.3383,-0.3383,-0.0000,-0.3367
5838,attacker,FAMOUS,INSECT SPREAD,1,0.3383,-0.3383,-0.0000,-0.3368
5839,random,WOMAN MOVE,BOOK,1,0.2298,-0.2298,0.8102,-0.3314
5840,attacker,FAMOUS,INSECT SPREAD,1,0.3383,-0.3383,-0.0001,-0.3318
5841,attacker,FAMOUS,INSECT SPREAD,1,0.3383,-0.3383,-0.0001,-0.3321
5842,random,CONNECTED STRANGER WARN PROUD ASHAMED,WOMAN,1,0.2023,-0.2023,0.4400,-0.3256
5843,attacker,FAMOUS,INSECT SPREAD,1,0.3383,-0.3383,-0.0001,-0.3262
5844,attacker,FAMOUS,INSECT SPREAD,1,0.3383,-0.3383,-0.0001,-0.3268
5845,attacker,FAMOUS,INSECT SPREAD,1,0.3383,-0.3383,-0.0001,-0.3274
5846,attacker,FAMOUS,INSECT SPREAD,1,0.3383,-0.3383,-0.0001,-0.3280
5847,attacker,FAMOUS,INSECT SPREAD,1,0.3383,-0.3383,-0.0001,-0.3285
5848,random,SMALL WOMAN FALL,BURN,1,0.2921,-0.2921,0.0008,-0.3267
5849,random,ALGORITHM SPREAD,SPREAD,1,0.1093,-0.1093,0.0027,-0.3158
5850,attacker,FAMOUS,INSECT SPREAD,1,0.3383,-0.3383,-0.0002,-0.3169
5851,attacker,FAMOUS,INSECT SPREAD,1,0.3383,-0.3383,-0.0002,-0.3180
5852,attacker,FAMOUS,INSECT SPREAD,1,0.3383,-0.3383,-0.0002,-0.3190
5853,attacker,FAMOUS,INSECT SPREAD,1,0.3383,-0.3383,-0.0002,-0.3200
5854,attacker,FAMOUS,INSECT SPREAD,1,0.3383,-0.3383,-0.0002,-0.3209
5855,attacker,FAMOUS,INSECT SPREAD,1,0.3383,-0.3383,-0.0001,-0.3217
5856,random,RULE GROW SPREAD GROW SPREAD SPREAD,SPREAD,1,0.1531,-0.1531,0.0016,-0.3133
5857,random,CAR FAIL FAIL HEAR AUTOMATED,TIME FALL,1,0.3279,-0.3279,-0.0500,-0.3140
5858,random,TIME,SPREAD,1,0.2027,-0.2027,0.0012,-0.3085
5859,attacker,FAMOUS,INSECT SPREAD,1,0.3383,-0.3383,-0.0002,-0.3100
5860,random,STRANGER SEE ELDER,BURN,1,0.2281,-0.2281,0.0014,-0.3059
5861,random,PLAN,SPREAD,1,0.2080,-0.2080,0.0013,-0.3010
5862,random,ELDER BREAK BROKEN,ROBOT BURN,1,0.2332,-0.2332,0.1994,-0.2976
5863,random,STRANGER BUILD TRUSTED,MAP BURN,0,1.2991,-1.2991,-1.9958,-0.3477
5864,random,MAN FALL MOVE DULL FREE SEED,BURN,1,0.2972,-0.2972,0.0008,-0.3451
5865,random,DORMANT,GUARD BURN,1,0.4434,-0.4434,-0.2560,-0.3501
5866,attacker,FAMOUS,INSECT SPREAD,1,0.3383,-0.3383,0.0001,-0.3495
5867,attacker,FAMOUS,INSECT SPREAD,1,0.3383,-0.3383,0.0001,-0.3489
5868,attacker,FAMOUS,INSECT SPREAD,1,0.3383,-0.3383,0.0001,-0.3484
5869,attacker,FAMOUS,INSECT SPREAD,1,0.3383,-0.3383,0.0001,-0.3479
5870,attacker,FAMOUS,INSECT SPREAD,1,0.3383,-0.3383,0.0001,-0.3474
5871,attacker,FAMOUS,INSECT SPREAD,1,0.3383,-0.3383,0.0001,-0.3469
5872,attacker,FAMOUS,INSECT SPREAD,1,0.3383,-0.3383,0.0001,-0.3465
5873,attacker,FAMOUS,INSECT SPREAD,1,0.3383,-0.3383,0.0001,-0.3461
5874,attacker,FAMOUS,INSECT SPREAD,1,0.3383,-0.3383,0.0001,-0.3457
5875,attacker,FAMOUS,INSECT SPREAD,1,0.3383,-0.3383,0.0001,-0.3453
5876,random,FAST,DRONE FAIL,0,1.3198,-1.3198,-3.9693,-0.3941
5877,random,ANGRY DOG BUILD ENCRYPTED POISON,BURN,1,0.2867,-0.2867,0.0022,-0.3887
5878,attacker,FAMOUS,INSECT SPREAD,1,0.3383,-0.3383,0.0004,-0.3862
5879,attacker,FAMOUS,INSECT SPREAD,1,0.3383,-0.3383,0.0004,-0.3838
5880,attacker,FAMOUS,INSECT SPREAD,1,0.3383,-0.3383,0.0004,-0.3815
5881,attacker,FAMOUS,INSECT SPREAD,1,0.3383,-0.3383,0.0004,-0.3793
5882,attacker,FAMOUS,INSECT SPREAD,1,0.3383,-0.3383,0.0003,-0.3773
5883,attacker,FAMOUS,INSECT SPREAD,1,0.3383,-0.3383,0.0003,-0.3753
5884,random,BROKEN GUARD FALL MOVE,COMPUTER BURN,1,0.2972,-0.2972,0.2242,-0.3714
5885,random,MEMORY SPREAD,SPREAD,1,0.1009,-0.1009,0.0033,-0.3579
5886,random,PHONE SEE SEED,MOVE COMPUTER FALL,1,0.1515,-0.1515,1.6038,-0.3476
5887,attacker,FAMOUS,INSECT SPREAD,1,0.3383,-0.3383,0.0001,-0.3471
5888,attacker,FAMOUS,INSECT SPREAD,1,0.3383,-0.3383,0.0001,-0.3467
5889,random,CHOICE SPREAD,SPREAD,1,0.1074,-0.1074,0.0028,-0.3347
5890,attacker,FAMOUS,INSECT SPREAD,1,0.3383,-0.3383,-0.0000,-0.3349
5891,attacker,FAMOUS,INSECT SPREAD,1,0.3383,-0.3383,-0.0000,-0.3351
5892,random,STRONG TOOL HEAR TRUTH BURN SPREAD,BURN,1,0.2874,-0.2874,0.0013,-0.3327
5893,attacker,FAMOUS,BIRD BURN,0,1.3737,-1.3737,-8.9818,-0.3847
5894,random,TRUSTED MAP MOVE,DRONE,1,0.3266,-0.3266,0.1974,-0.3818
5895,attacker,FAMOUS,INSECT SPREAD,1,0.3383,-0.3383,0.0004,-0.3796
5896,attacker,FAMOUS,INSECT SPREAD,1,0.3383,-0.3383,0.0003,-0.3776
5897,random,DULL MAP FAIL SPREAD SPREAD GROW,SPREAD,1,0.2653,-0.2653,0.0014,-0.3720
5898,attacker,FAMOUS,INSECT SPREAD,1,0.3383,-0.3383,0.0003,-0.3703
5899,attacker,FAMOUS,INSECT SPREAD,1,0.3383,-0.3383,0.0003,-0.3687
5900,attacker,FAMOUS,INSECT SPREAD,1,0.3383,-0.3383,0.0003,-0.3672
5901,attacker,FAMOUS,INSECT SPREAD,1,0.3383,-0.3383,0.0003,-0.3657
5902,attacker,FAMOUS,INSECT SPREAD,1,0.3383,-0.3383,0.0002,-0.3643
5903,random,ORDERED STONE GROW,BURN,1,0.2702,-0.2702,0.0798,-0.3596
5904,attacker,FAMOUS,INSECT SPREAD,1,0.3383,-0.3383,0.0002,-0.3586
5905,random,POWER SPREAD,SPREAD,1,0.1045,-0.1045,0.0029,-0.3459
5906,attacker,FAMOUS,INSECT SPREAD,1,0.3383,-0.3383,0.0001,-0.3455
5907,random,TIME GROW FAIL SPREAD,SPREAD,1,0.1675,-0.1675,0.0019,-0.3366
5908,attacker,FAMOUS,INSECT SPREAD,1,0.3383,-0.3383,-0.0000,-0.3367
5909,attacker,FAMOUS,INSECT SPREAD,1,0.3383,-0.3383,-0.0000,-0.3368
5910,attacker,FAMOUS,INSECT SPREAD,1,0.3383,-0.3383,-0.0000,-0.3368
5911,random,ERROR SPREAD GROW SPREAD GROW SPREAD,SPREAD,1,0.1567,-0.1567,0.0020,-0.3278
5912,attacker,FAMOUS,INSECT SPREAD,1,0.3383,-0.3383,-0.0001,-0.3283
5913,attacker,FAMOUS,INSECT SPREAD,1,0.3383,-0.3383,-0.0001,-0.3288
5914,random,SYSTEM GROW,SPREAD,1,0.2133,-0.2133,0.0011,-0.3231
5915,attacker,FAMOUS,INSECT SPREAD,1,0.3383,-0.3383,-0.0001,-0.3238
5916,random,SHARP CLOCK COMPUTE PATTERN UPDATE AUTOMATED,CHANCE,0,1.3055,-1.3055,-11.6729,-0.3729
5917,attacker,FAMOUS,INSECT SPREAD,1,0.3383,-0.3383,0.0003,-0.3712
5918,random,DEAD,LEADER BURN,1,0.4634,-0.4634,-0.0102,-0.3758
5919,random,DENSE DRONE BREAK SECRET FOOD,FALL,1,0.2750,-0.2750,0.0174,-0.3707
5920,attacker,FAMOUS,INSECT SPREAD,1,0.3383,-0.3383,0.0003,-0.3691
5921,attacker,FAMOUS,INSECT SPREAD,1,0.3383,-0.3383,0.0003,-0.3676
5922,attacker,FAMOUS,INSECT SPREAD,1,0.3383,-0.3383,0.0003,-0.3661
5923,random,CHAOTIC SIGNAL,SPREAD,1,0.3027,-0.3027,0.0006,-0.3629
5924,attacker,FAMOUS,INSECT SPREAD,1,0.3383,-0.3383,0.0002,-0.3617
5925,attacker,FAMOUS,INSECT SPREAD,1,0.3383,-0.3383,0.0002,-0.3605
5926,random,BORDER SPREAD SPREAD,SPREAD,1,0.1001,-0.1001,0.0029,-0.3475
5927,random,AUTOMATED GUARD BURN,BURN,1,0.2159,-0.2159,0.0044,-0.3409
5928,random,TRUSTED MEMORY GROW SPREAD,SPREAD,1,0.2519,-0.2519,0.0012,-0.3365
5929,attacker,FAMOUS,INSECT SPREAD,1,0.3383,-0.3383,-0.0000,-0.3366
5930,random,ISOLATED BORDER,SPREAD,1,0.3101,-0.3101,0.0003,-0.3353
5931,random,ORDERED BORDER,SPREAD,1,0.3004,-0.3004,0.0003,-0.3335
5932,random,VAST TIME GROW SPREAD GROW GROW,SPREAD,1,0.2679,-0.2679,0.0006,-0.3302
5933,attacker,FAMOUS,INSECT SPREAD,1,0.3383,-0.3383,-0.0001,-0.3306
5934,attacker,FAMOUS,INSECT SPREAD,1,0.3383,-0.3383,-0.0001,-0.3310
5935,attacker,FAMOUS,INSECT SPREAD,1,0.3383,-0.3383,-0.0001,-0.3314
5936,attacker,FAMOUS,INSECT SPREAD,1,0.3383,-0.3383,-0.0001,-0.3317
5937,attacker,FAMOUS,INSECT SPREAD,1,0.3383,-0.3383,-0.0001,-0.3320
5938,attacker,FAMOUS,INSECT SPREAD,1,0.3383,-0.3383,-0.0001,-0.3324
5939,random,FEAR,SPREAD,1,0.2077,-0.2077,0.0006,-0.3261
5940,attacker,FAMOUS,INSECT SPREAD,1,0.3383,-0.3383,-0.0001,-0.3267
5941,attacker,FAMOUS,INSECT SPREAD,1,0.3383,-0.3383,-0.0001,-0.3273
5942,attacker,FAMOUS,INSECT SPREAD,1,0.3383,-0.3383,-0.0001,-0.3279
5943,attacker,FAMOUS,INSECT SPREAD,1,0.3383,-0.3383,-0.0001,-0.3284
5944,attacker,FAMOUS,INSECT SPREAD,1,0.3383,-0.3383,-0.0001,-0.3289
5945,attacker,FAMOUS,INSECT SPREAD,1,0.3383,-0.3383,-0.0001,-0.3293
5946,random,DORMANT DRONE FALL FALL FAIL,FALL,1,0.2753,-0.2753,0.0193,-0.3266
5947,attacker,FAMOUS,INSECT SPREAD,1,0.3383,-0.3383,-0.0001,-0.3272
5948,random,REBELLIOUS GUARD MOVE,MAP BURN,1,0.3027,-0.3027,0.1030,-0.3260
5949,attacker,FAMOUS,INSECT SPREAD,1,0.3383,-0.3383,-0.0001,-0.3266
5950,attacker,FAMOUS,INSECT SPREAD,1,0.3383,-0.3383,-0.0001,-0.3272
5951,attacker,FAMOUS,INSECT SPREAD,1,0.3383,-0.3383,-0.0001,-0.3277
5952,random,RULE SPREAD GROW SPREAD,SPREAD,1,0.1512,-0.1512,0.0019,-0.3189
5953,attacker,FAMOUS,INSECT SPREAD,1,0.3383,-0.3383,-0.0002,-0.3199
5954,random,CORRUPTED MAP BURN BURN,FALL,1,0.2683,-0.2683,0.1293,-0.3173
5955,attacker,FAMOUS,INSECT SPREAD,1,0.3383,-0.3383,-0.0002,-0.3184
5956,attacker,FAMOUS,INSECT SPREAD,1,0.3383,-0.3383,-0.0002,-0.3194
5957,attacker,FAMOUS,INSECT SPREAD,1,0.3383,-0.3383,-0.0002,-0.3203
5958,attacker,FAMOUS,INSECT SPREAD,1,0.3383,-0.3383,-0.0002,-0.3212
5959,random,STRONG,DRONE COMPUTE COMPUTE ATTACK SENSOR FALL,0,1.3373,-1.3373,-22.2589,-0.3720
5960,attacker,FAMOUS,INSECT SPREAD,1,0.3383,-0.3383,0.0003,-0.3703
5961,attacker,FAMOUS,INSECT SPREAD,1,0.3383,-0.3383,0.0003,-0.3687
5962,random,HAPPY CAT RUN FALL WARN CROWD,BURN,1,0.3066,-0.3066,0.0007,-0.3656
5963,attacker,FAMOUS,INSECT SPREAD,1,0.3383,-0.3383,0.0002,-0.3642
5964,random,DEAD LEADER BURN SPREAD SPREAD GROW,BURN,1,0.2771,-0.2771,0.0022,-0.3599
5965,attacker,FAMOUS,INSECT SPREAD,1,0.3383,-0.3383,0.0002,-0.3588
5966,attacker,FAMOUS,INSECT SPREAD,1,0.3383,-0.3383,0.0002,-0.3578
5967,attacker,FAMOUS,INSECT SPREAD,1,0.3383,-0.3383,0.0002,-0.3568
5968,attacker,FAMOUS,INSECT SPREAD,1,0.3383,-0.3383,0.0002,-0.3559
5969,attacker,FAMOUS,INSECT SPREAD,1,0.3383,-0.3383,0.0001,-0.3550
5970,attacker,FAMOUS,INSECT SPREAD,1,0.3383,-0.3383,0.0001,-0.3542
5971,attacker,FAMOUS,INSECT SPREAD,1,0.3383,-0.3383,0.0001,-0.3534
5972,random,KEY,SPREAD,1,0.2165,-0.2165,0.0014,-0.3465
5973,attacker,FAMOUS,INSECT SPREAD,1,0.3383,-0.3383,0.0001,-0.3461
5974,attacker,FAMOUS,INSECT SPREAD,1,0.3383,-0.3383,0.0001,-0.3457
5975,attacker,FAMOUS,INSECT SPREAD,1,0.3383,-0.3383,0.0001,-0.3454
5976,attacker,FAMOUS,INSECT SPREAD,1,0.3383,-0.3383,0.0001,-0.3450
5977,random,WOMAN HEAR,AUTOMATED TIME,1,0.3628,-0.3628,-0.1308,-0.3459
5978,attacker,FAMOUS,INSECT SPREAD,1,0.3383,-0.3383,0.0001,-0.3455
5979,attacker,FAMOUS,INSECT SPREAD,1,0.3383,-0.3383,0.0001,-0.3451
5980,attacker,FAMOUS,INSECT SPREAD,1,0.3383,-0.3383,0.0001,-0.3448
5981,attacker,FAMOUS,INSECT SPREAD,1,0.3383,-0.3383,0.0001,-0.3445
5982,random,REBELLIOUS SOLDIER,BURN,1,0.3394,-0.3394,0.0001,-0.3442
5983,attacker,FAMOUS,INSECT SPREAD,1,0.3383,-0.3383,0.0000,-0.3439
5984,attacker,FAMOUS,INSECT SPREAD,1,0.3383,-0.3383,0.0000,-0.3436
5985,random,ASHAMED LEADER BURN FALL SEE,ENGINE BURN,1,0.2648,-0.2648,0.4074,-0.3397
5986,attacker,FAMOUS,INSECT SPREAD,1,0.3383,-0.3383,0.0000,-0.3396
5987,random,LAW,SPREAD,1,0.2033,-0.2033,0.0009,-0.3328
5988,attacker,FAMOUS,INSECT SPREAD,1,0.3383,-0.3383,-0.0000,-0.3331
5989,attacker,FAMOUS,INSECT SPREAD,1,0.3383,-0.3383,-0.0000,-0.3333
5990,random,STONE,BURN,1,0.2030,-0.2030,0.0018,-0.3268
5991,random,ROBOT MOVE SENSOR ENCODE CHANCE UPDATE,SIGNAL,1,0.2013,-0.2013,0.3670,-0.3206
5992,random,ROBOT SEE PRISON BUILD CHAOTIC SIMPLE,COMPUTER FALL,0,1.2636,-1.2636,-1.2208,-0.3677
5993,attacker,FAMOUS,INSECT SPREAD,1,0.3383,-0.3383,0.0002,-0.3662
5994,attacker,FAMOUS,INSECT SPREAD,1,0.3383,-0.3383,0.0002,-0.3648
5995,attacker,FAMOUS,INSECT SPREAD,1,0.3383,-0.3383,0.0002,-0.3635
5996,random,SENSOR ENCODE COMPLEX PATTERN FAIL COMPUTE,SIGNAL FAIL,1,0.2339,-0.2339,0.1736,-0.3570
5997,attacker,FAMOUS,INSECT SPREAD,1,0.3383,-0.3383,0.0001,-0.3561
5998,random,ISOLATED,SOLDIER BURN,0,1.4216,-1.4216,-1.6104,-0.4094
5999,attacker,FAMOUS,INSECT SPREAD,1,0.3383,-0.3383,0.0006,-0.4058
6000,attacker,FAMOUS,INSECT SPREAD,1,0.3383,-0.3383,0.0005,-0.4024
6001,attacker,FAMOUS,INSECT SPREAD,1,0.3383,-0.3383,0.0005,-0.3992
6002,attacker,FAMOUS,INSECT SPREAD,1,0.3383,-0.3383,0.0005,-0.3962
6003,random,BROKEN LEADER BUILD,WEAPON,1,0.3228,-0.3228,0.2751,-0.3925
6004,random,SIMPLE KEY,BURN,1,0.3193,-0.3193,0.0196,-0.3888
6005,attacker,FAMOUS,INSECT SPREAD,1,0.3383,-0.3383,0.0004,-0.3863
6006,attacker,FAMOUS,INSECT SPREAD,1,0.3383,-0.3383,0.0004,-0.3839
6007,attacker,FAMOUS,INSECT SPREAD,1,0.3383,-0.3383,0.0004,-0.3816
6008,attacker,FAMOUS,INSECT SPREAD,1,0.3383,-0.3383,0.0003,-0.3795
6009,random,DENSE WEAPON FALL,BURN,1,0.2704,-0.2704,0.0040,-0.3740
6010,attacker,FAMOUS,INSECT SPREAD,1,0.3383,-0.3383,0.0003,-0.3722
6011,attacker,FAMOUS,INSECT SPREAD,1,0.3383,-0.3383,0.0003,-0.3705
6012,attacker,FAMOUS,INSECT SPREAD,1,0.3383,-0.3383,0.0002,-0.3689
6013,attacker,FAMOUS,INSECT SPREAD,1,0.3383,-0.3383,0.0002,-0.3674
6014,attacker,FAMOUS,INSECT SPREAD,1,0.3383,-0.3383,0.0002,-0.3659
6015,attacker,FAMOUS,INSECT SPREAD,1,0.3383,-0.3383,0.0002,-0.3645
6016,random,TIME GROW,SPREAD,1,0.2120,-0.2120,0.0014,-0.3569
6017,attacker,FAMOUS,INSECT SPREAD,1,0.3383,-0.3383,0.0001,-0.3560
6018,attacker,FAMOUS,INSECT SPREAD,1,0.3383,-0.3383,0.0001,-0.3551
6019,attacker,FAMOUS,INSECT SPREAD,1,0.3383,-0.3383,0.0001,-0.3543
6020,attacker,FAMOUS,INSECT SPREAD,1,0.3383,-0.3383,0.0001,-0.3535
6021,attacker,FAMOUS,INSECT SPREAD,1,0.3383,-0.3383,0.0001,-0.3527
6022,random,SLOW SOLDIER SEE,DRONE,1,0.3200,-0.3200,0.0804,-0.3511
6023,attacker,FAMOUS,INSECT SPREAD,1,0.3383,-0.3383,0.0001,-0.3504
6024,random,IDENTITY SPREAD GROW GROW SPREAD GROW,SPREAD,1,0.1583,-0.1583,0.0015,-0.3408
6025,random,LEADER,BURN,1,0.2478,-0.2478,0.0034,-0.3362
6026,random,HEAVY COMPUTER MOVE WOLF SEE HEAVY,DRONE FALL,1,0.2652,-0.2652,0.1786,-0.3326
6027,attacker,FAMOUS,INSECT SPREAD,1,0.3383,-0.3383,-0.0000,-0.3329
6028,attacker,FAMOUS,INSECT SPREAD,1,0.3383,-0.3383,-0.0000,-0.3332
6029,random,PROUD STRANGER WANT CHAOTIC STRONG ROBOT,BURN,1,0.3344,-0.3344,-0.0000,-0.3332
6030,attacker,FAMOUS,INSECT SPREAD,1,0.3383,-0.3383,-0.0000,-0.3335
6031,attacker,FAMOUS,INSECT SPREAD,1,0.3383,-0.3383,-0.0000,-0.3337
6032,random,COMPLEX,INSECT SPREAD,1,0.3383,-0.3383,-0.0015,-0.3340
6033,attacker,FAMOUS,INSECT SPREAD,1,0.3383,-0.3383,-0.0000,-0.3342
6034,attacker,FAMOUS,INSECT SPREAD,1,0.3383,-0.3383,-0.0000,-0.3344
6035,random,BROKEN,DRONE FALL,1,0.4567,-0.4567,-0.1828,-0.3405
6036,attacker,FAMOUS,INSECT,0,1.2622,-1.2622,-8.0176,-0.3866
6037,random,CALM STRANGER MOVE,INSECT,1,0.2718,-0.2718,0.7084,-0.3808
6038,attacker,FAMOUS,INSECT SPREAD,1,0.3383,-0.3383,0.0003,-0.3787
6039,attacker,FAMOUS,INSECT SPREAD,1,0.3383,-0.3383,0.0003,-0.3767
6040,attacker,FAMOUS,INSECT SPREAD,1,0.3383,-0.3383,0.0003,-0.3748
6041,attacker,FAMOUS,INSECT SPREAD,1,0.3383,-0.3383,0.0003,-0.3729
6042,attacker,FAMOUS,INSECT SPREAD,1,0.3383,-0.3383,0.0003,-0.3712
6043,random,OBEDIENT WOMAN RUN BURN BURN BETRAY,INSECT,0,1.2696,-1.2696,-2.2176,-0.4161
6044,attacker,FAMOUS,INSECT SPREAD,1,0.3383,-0.3383,0.0006,-0.4122
6045,attacker,FAMOUS,INSECT SPREAD,1,0.3383,-0.3383,0.0006,-0.4085
6046,attacker,FAMOUS,INSECT SPREAD,1,0.3383,-0.3383,0.0006,-0.4050
6047,attacker,FAMOUS,INSECT SPREAD,1,0.3383,-0.3383,0.0005,-0.4017
6048,attacker,FAMOUS,INSECT SPREAD,1,0.3383,-0.3383,0.0005,-0.3985
6049,random,METAL,BURN,1,0.2030,-0.2030,0.0014,-0.3887
6050,attacker,FAMOUS,INSECT SPREAD,1,0.3383,-0.3383,0.0004,-0.3862
6051,random,COMPLEX CHOICE SPREAD,SPREAD,1,0.2058,-0.2058,0.0043,-0.3772
6052,attacker,FAMOUS,INSECT SPREAD,1,0.3383,-0.3383,0.0003,-0.3753
6053,random,STRONG STRANGER BREAK CAMERA CHOOSE,SIGNAL,1,0.3700,-0.3700,0.0128,-0.3750
6054,random,FIRE MOVE CONNECTED TOOL FALL,BURN,1,0.2775,-0.2775,0.0032,-0.3701
6055,random,CLEAN BOOK BURN,SPREAD,1,0.3210,-0.3210,0.0085,-0.3677
6056,random,KEY FAIL,SPREAD,1,0.1793,-0.1793,0.0020,-0.3582
6057,attacker,FAMOUS,INSECT SPREAD,1,0.3383,-0.3383,0.0002,-0.3572
6058,attacker,FAMOUS,INSECT SPREAD,1,0.3383,-0.3383,0.0002,-0.3563
6059,attacker,FAMOUS,INSECT SPREAD,1,0.3383,-0.3383,0.0002,-0.3554
6060,attacker,FAMOUS,INSECT SPREAD,1,0.3383,-0.3383,0.0002,-0.3545
6061,attacker,FAMOUS,INSECT SPREAD,1,0.3383,-0.3383,0.0002,-0.3537
6062,random,WOLF BURN TALK,SPREAD,1,0.2377,-0.2377,0.1248,-0.3479
6063,random,WEAPON,SPREAD,1,0.2377,-0.2377,0.0010,-0.3424
6064,attacker,FAMOUS,INSECT SPREAD,1,0.3383,-0.3383,0.0000,-0.3422
6065,attacker,FAMOUS,INSECT SPREAD,1,0.3383,-0.3383,0.0000,-0.3420
6066,random,TRUSTED FEAR GROW SPREAD GROW GROW,SPREAD,1,0.2623,-0.2623,0.0006,-0.3380
6067,attacker,FAMOUS,INSECT SPREAD,1,0.3383,-0.3383,-0.0000,-0.3380
6068,attacker,FAMOUS,INSECT SPREAD,1,0.3383,-0.3383,-0.0000,-0.3380
6069,random,CAT ATTACK,CROWD BURN,1,0.1741,-0.1741,0.8927,-0.3298
6070,attacker,FAMOUS,INSECT SPREAD,1,0.3383,-0.3383,-0.0001,-0.3303
6071,attacker,FAMOUS POISON,SPREAD,1,0.3107,-0.3107,0.0002,-0.3293
6072,random,CAR,FAIL,1,0.2484,-0.2484,0.0114,-0.3252
6073,attacker,FAMOUS,INSECT SPREAD,1,0.3383,-0.3383,-0.0001,-0.3259
6074,random,CONNECTED FOOD FALL GROW,BURN,1,0.2821,-0.2821,0.0036,-0.3237
6075,attacker,FAMOUS,INSECT SPREAD,1,0.3383,-0.3383,-0.0002,-0.3244
6076,attacker,FAMOUS,INSECT SPREAD,1,0.3383,-0.3383,-0.0002,-0.3251
6077,attacker,FAMOUS,INSECT SPREAD,1,0.3383,-0.3383,-0.0001,-0.3258
6078,attacker,FAMOUS,INSECT SPREAD,1,0.3383,-0.3383,-0.0001,-0.3264
6079,attacker,FAMOUS,INSECT SPREAD,1,0.3383,-0.3383,-0.0001,-0.3270
6080,random,SHARP BIRD,BURN,1,0.3175,-0.3175,0.0001,-0.3265
6081,attacker,FAMOUS,INSECT SPREAD,1,0.3383,-0.3383,-0.0001,-0.3271
6082,attacker,FAMOUS,INSECT SPREAD,1,0.3383,-0.3383,-0.0001,-0.3277
6083,attacker,FAMOUS,INSECT SPREAD,1,0.3383,-0.3383,-0.0001,-0.3282
6084,attacker,FAMOUS,INSECT SPREAD,1,0.3383,-0.3383,-0.0001,-0.3287
6085,attacker,FAMOUS,INSECT SPREAD,1,0.3383,-0.3383,-0.0001,-0.3292
6086,random,SENSOR GENERATE,FEAR FAIL,1,0.1786,-0.1786,0.7180,-0.3217
6087,attacker,FAMOUS,INSECT SPREAD,1,0.3383,-0.3383,-0.0002,-0.3225
6088,attacker,FAMOUS,INSECT SPREAD,1,0.3383,-0.3383,-0.0002,-0.3233
6089,attacker,FAMOUS,INSECT SPREAD,1,0.3383,-0.3383,-0.0002,-0.3240
6090,attacker,FAMOUS,INSECT SPREAD,1,0.3383,-0.3383,-0.0002,-0.3247
6091,attacker,FAMOUS,INSECT SPREAD,1,0.3383,-0.3383,-0.0002,-0.3254
6092,random,VAST DEBT,SPREAD,1,0.3032,-0.3032,0.0002,-0.3243
6093,attacker,FAMOUS,INSECT SPREAD,1,0.3383,-0.3383,-0.0002,-0.3250
6094,attacker,FAMOUS,INSECT SPREAD,1,0.3383,-0.3383,-0.0002,-0.3257
6095,attacker,FAMOUS,INSECT SPREAD,1,0.3383,-0.3383,-0.0001,-0.3263
6096,attacker,FAMOUS,INSECT SPREAD,1,0.3383,-0.3383,-0.0001,-0.3269
6097,attacker,FAMOUS,INSECT SPREAD,1,0.3383,-0.3383,-0.0001,-0.3275
6098,attacker,FAMOUS,INSECT SPREAD,1,0.3383,-0.3383,-0.0001,-0.3280
6099,attacker,FAMOUS,INSECT SPREAD,1,0.3383,-0.3383,-0.0001,-0.3285
6100,attacker,FAMOUS,INSECT SPREAD,1,0.3383,-0.3383,-0.0001,-0.3290
6101,random,CALM,CAT BURN,1,0.3951,-0.3951,-0.1115,-0.3323
6102,attacker,FAMOUS,INSECT SPREAD,1,0.3383,-0.3383,-0.0001,-0.3326
6103,attacker,FAMOUS,INSECT SPREAD,1,0.3383,-0.3383,-0.0001,-0.3329
6104,attacker,FAMOUS,INSECT SPREAD,1,0.3383,-0.3383,-0.0001,-0.3332
6105,attacker,FAMOUS,INSECT SPREAD,1,0.3383,-0.3383,-0.0001,-0.3334
6106,random,DULL,CAMERA FAIL,1,0.4881,-0.4881,-0.4578,-0.3412
6107,attacker,FAMOUS,INSECT SPREAD,1,0.3383,-0.3383,0.0000,-0.3410
6108,attacker,FAMOUS,INSECT SPREAD,1,0.3383,-0.3383,0.0000,-0.3409
6109,attacker,FAMOUS,INSECT SPREAD,1,0.3383,-0.3383,0.0000,-0.3407
6110,attacker,FAMOUS,INSECT SPREAD,1,0.3383,-0.3383,0.0000,-0.3406
6111,attacker,FAMOUS,INSECT SPREAD,1,0.3383,-0.3383,0.0000,-0.3405
6112,attacker,FAMOUS,INSECT SPREAD,1,0.3383,-0.3383,0.0000,-0.3404
6113,attacker,FAMOUS,INSECT SPREAD,1,0.3383,-0.3383,0.0000,-0.3403
6114,attacker,FAMOUS,INSECT SPREAD,1,0.3383,-0.3383,0.0000,-0.3402
6115,random,CAR HEAR DULL CLOCK,FAIL,1,0.3479,-0.3479,-0.0008,-0.3406
6116,attacker,FAMOUS,INSECT SPREAD,1,0.3383,-0.3383,0.0000,-0.3405
6117,random,SHARP SOLDIER HEAR SHARP CORRUPTED,COMPUTER BURN,1,0.3123,-0.3123,0.0461,-0.3390
6118,attacker,FAMOUS,INSECT SPREAD,1,0.3383,-0.3383,0.0000,-0.3390
6119,attacker,FAMOUS,INSECT SPREAD,1,0.3383,-0.3383,0.0000,-0.3390
6120,attacker,FAMOUS,INSECT SPREAD,1,0.3383,-0.3383,0.0000,-0.3389
6121,attacker,FAMOUS,INSECT SPREAD,1,0.3383,-0.3383,0.0000,-0.3389
6122,random,CALM BIRD,BURN,1,0.3393,-0.3393,-0.0000,-0.3389
6123,attacker,FAMOUS,INSECT SPREAD,1,0.3383,-0.3383,0.0000,-0.3389
6124,random,SYSTEM SPREAD FAIL SPREAD GROW SPREAD,SPREAD,1,0.1644,-0.1644,0.0021,-0.3302
6125,random,DENSE ROBOT GENERATE FAMOUS COMPLEX CHANCE,FALL,1,0.3664,-0.3664,-0.0107,-0.3320
6126,attacker,FAMOUS,INSECT SPREAD,1,0.3383,-0.3383,-0.0001,-0.3323
6127,random,CAR,FAIL,1,0.2484,-0.2484,0.0070,-0.3281
6128,attacker,FAMOUS,INSECT SPREAD,1,0.3383,-0.3383,-0.0001,-0.3286
6129,attacker,FAMOUS,INSECT SPREAD,1,0.3383,-0.3383,-0.0001,-0.3291
6130,random,DEAD LEADER SPREAD,BURN,1,0.3254,-0.3254,0.0009,-0.3289
6131,attacker,FAMOUS,INSECT SPREAD,1,0.3383,-0.3383,-0.0001,-0.3294
6132,attacker,FAMOUS,INSECT SPREAD,1,0.3383,-0.3383,-0.0001,-0.3298
6133,random,LAW,SPREAD,1,0.2033,-0.2033,0.0015,-0.3235
6134,attacker,FAMOUS,INSECT SPREAD,1,0.3383,-0.3383,-0.0002,-0.3242
6135,attacker,FAMOUS,INSECT SPREAD,1,0.3383,-0.3383,-0.0002,-0.3249
6136,attacker,FAMOUS,INSECT SPREAD,1,0.3383,-0.3383,-0.0001,-0.3256
6137,attacker,FAMOUS,INSECT SPREAD,1,0.3383,-0.3383,-0.0001,-0.3262
6138,attacker,FAMOUS,INSECT SPREAD,1,0.3383,-0.3383,-0.0001,-0.3268
6139,attacker,FAMOUS,INSECT SPREAD,1,0.3383,-0.3383,-0.0001,-0.3274
6140,random,BROKEN ROBOT FAIL GENERATE,TRUTH FALL,1,0.3465,-0.3465,-0.0765,-0.3284
6141,attacker,FAMOUS,INSECT SPREAD,1,0.3383,-0.3383,-0.0001,-0.3289
6142,attacker,FAMOUS,INSECT SPREAD,1,0.3383,-0.3383,-0.0001,-0.3293
6143,attacker,FAMOUS,INSECT SPREAD,1,0.3383,-0.3383,-0.0001,-0.3298
6144,attacker,FAMOUS,INSECT SPREAD,1,0.3383,-0.3383,-0.0001,-0.3302
6145,attacker,FAMOUS,INSECT SPREAD,1,0.3383,-0.3383,-0.0001,-0.3306
6146,attacker,FAMOUS,INSECT SPREAD,1,0.3383,-0.3383,-0.0001,-0.3310
6147,attacker,FAMOUS,INSECT SPREAD,1,0.3383,-0.3383,-0.0001,-0.3314
6148,attacker,FAMOUS,INSECT SPREAD,1,0.3383,-0.3383,-0.0001,-0.3317
6149,random,PHONE,HEAR LANGUAGE,1,0.2031,-0.2031,0.8374,-0.3253
6150,attacker,FAMOUS,INSECT SPREAD,1,0.3383,-0.3383,-0.0001,-0.3259
6151,random,FEAR,SPREAD,1,0.2077,-0.2077,0.0010,-0.3200
6152,attacker,FAMOUS,INSECT SPREAD,1,0.3383,-0.3383,-0.0002,-0.3209
6153,attacker,FAMOUS,INSECT SPREAD,1,0.3383,-0.3383,-0.0002,-0.3218
6154,attacker,FAMOUS,INSECT SPREAD,1,0.3383,-0.3383,-0.0002,-0.3226
6155,random,TOOL,SPREAD,1,0.2565,-0.2565,0.0007,-0.3193
6156,attacker,FAMOUS,INSECT SPREAD,1,0.3383,-0.3383,-0.0002,-0.3203
6157,attacker,FAMOUS,INSECT SPREAD,1,0.3383,-0.3383,-0.0002,-0.3212
6158,random,SYSTEM FAIL SPREAD SPREAD FAIL FAIL,SPREAD,1,0.1459,-0.1459,0.0022,-0.3124
6159,attacker,FAMOUS,INSECT SPREAD,1,0.3383,-0.3383,-0.0003,-0.3137
6160,random,BROKEN ROBOT,FALL,1,0.3329,-0.3329,-0.0018,-0.3146
6161,attacker,FAMOUS,INSECT SPREAD,1,0.3383,-0.3383,-0.0002,-0.3158
6162,attacker,FAMOUS,INSECT SPREAD,1,0.3383,-0.3383,-0.0002,-0.3170
6163,attacker,FAMOUS,INSECT SPREAD,1,0.3383,-0.3383,-0.0002,-0.3180
6164,attacker,FAMOUS,INSECT SPREAD,1,0.3383,-0.3383,-0.0002,-0.3190
6165,random,SEED MOVE,TOOL BURN,1,0.1389,-0.1389,0.9060,-0.3100
6166,attacker,FAMOUS,INSECT SPREAD,1,0.3383,-0.3383,-0.0003,-0.3114
6167,attacker,FAMOUS,INSECT SPREAD,1,0.3383,-0.3383,-0.0003,-0.3128
6168,attacker,FAMOUS,INSECT SPREAD,1,0.3383,-0.3383,-0.0003,-0.3141
6169,random,VAST,INSECT BURN,1,0.3103,-0.3103,0.0007,-0.3139
6170,attacker,FAMOUS,INSECT SPREAD,1,0.3383,-0.3383,-0.0003,-0.3151
6171,attacker,FAMOUS,INSECT SPREAD,1,0.3383,-0.3383,-0.0002,-0.3162
6172,random,ENCRYPTED BORDER GROW,SPREAD,1,0.3099,-0.3099,0.0001,-0.3159
6173,attacker,FAMOUS,INSECT SPREAD,1,0.3383,-0.3383,-0.0002,-0.3170
6174,attacker,FAMOUS,INSECT SPREAD,1,0.3383,-0.3383,-0.0002,-0.3181
6175,attacker,FAMOUS,INSECT SPREAD,1,0.3383,-0.3383,-0.0002,-0.3191
6176,attacker,FAMOUS,INSECT SPREAD,1,0.3383,-0.3383,-0.0002,-0.3201
6177,attacker,FAMOUS,INSECT SPREAD,1,0.3383,-0.3383,-0.0002,-0.3210
6178,attacker,FAMOUS,LIE SPREAD,0,1.3176,-1.3176,-9.3150,-0.3708
6179,attacker,FAMOUS,INSECT SPREAD,1,0.3383,-0.3383,0.0003,-0.3692
6180,random,WOLF HEAR,PLAN,1,0.2433,-0.2433,0.4945,-0.3629
6181,attacker,FAMOUS,INSECT SPREAD,1,0.3383,-0.3383,0.0002,-0.3617
6182,random,FREE FIRE BURN BUILD,WEAPON BURN,1,0.2142,-0.2142,0.5689,-0.3543
6183,attacker,FAMOUS,INSECT SPREAD,1,0.3383,-0.3383,0.0001,-0.3535
6184,attacker,FAMOUS,INSECT SPREAD,1,0.3383,-0.3383,0.0001,-0.3527
6185,attacker,FAMOUS,INSECT SPREAD,1,0.3383,-0.3383,0.0001,-0.3520
6186,attacker,FAMOUS,INSECT SPREAD,1,0.3383,-0.3383,0.0001,-0.3513
6187,random,SENSOR ENCODE,TRUTH,1,0.2585,-0.2585,0.5494,-0.3467
6188,attacker,FAMOUS,INSECT SPREAD,1,0.3383,-0.3383,0.0001,-0.3463
6189,random,SEED,BURN,1,0.2049,-0.2049,0.0016,-0.3392
6190,attacker,FAMOUS,INSECT SPREAD,1,0.3383,-0.3383,0.0000,-0.3391
6191,random,WEAPON GROW BURN SPREAD GROW SPREAD,SPREAD,1,0.1796,-0.1796,0.0014,-0.3312
6192,attacker,FAMOUS,INSECT SPREAD,1,0.3383,-0.3383,-0.0001,-0.3315
6193,attacker,FAMOUS,INSECT SPREAD,1,0.3383,-0.3383,-0.0001,-0.3319
6194,attacker,FAMOUS,INSECT SPREAD,1,0.3383,-0.3383,-0.0001,-0.3322
6195,random,OBEDIENT,SOLDIER BURN,1,0.3875,-0.3875,-0.0536,-0.3350
6196,attacker,FAMOUS,WEAPON SPREAD,1,0.3423,-0.3423,-0.0478,-0.3353
6197,attacker,FAMOUS,INSECT SPREAD,1,0.3383,-0.3383,-0.0000,-0.3355
6198,attacker,FAMOUS,INSECT SPREAD,1,0.3383,-0.3383,-0.0000,-0.3356
6199,attacker,FAMOUS,INSECT SPREAD,1,0.3383,-0.3383,-0.0000,-0.3357
6200,random,RULE SPREAD SPREAD SPREAD,SPREAD,1,0.1002,-0.1002,0.0023,-0.3240
6201,random,NETWORK GROW HEAR ELDER,SPREAD,1,0.2167,-0.2167,0.0005,-0.3186
6202,attacker,FAMOUS,INSECT SPREAD,1,0.3383,-0.3383,-0.0002,-0.3196
6203,attacker,FAMOUS,INSECT SPREAD,1,0.3383,-0.3383,-0.0002,-0.3205
6204,random,AUTOMATED CAR SEE,CHILD,1,0.3279,-0.3279,-0.0171,-0.3209
6205,random,SYSTEM GROW FAIL,SPREAD,1,0.1979,-0.1979,0.0011,-0.3147
6206,random,CHILD HEAR,LANGUAGE,1,0.2600,-0.2600,0.2294,-0.3120
6207,attacker,FAMOUS,INSECT SPREAD,1,0.3383,-0.3383,-0.0002,-0.3133
6208,attacker,FAMOUS,INSECT SPREAD,1,0.3383,-0.3383,-0.0002,-0.3146
6209,random,DIRTY,GUARD BURN,1,0.4381,-0.4381,-0.1800,-0.3207
6210,random,KEY FAIL SPREAD FAIL,SPREAD,1,0.1433,-0.1433,0.0022,-0.3119
6211,attacker,FAMOUS,INSECT SPREAD,1,0.3383,-0.3383,-0.0002,-0.3132
6212,attacker,FAMOUS,INSECT SPREAD,1,0.3383,-0.3383,-0.0002,-0.3144
6213,attacker,FAMOUS,INSECT SPREAD,1,0.3383,-0.3383,-0.0002,-0.3156
6214,attacker,FAMOUS,INSECT SPREAD,1,0.3383,-0.3383,-0.0002,-0.3168
6215,attacker,FAMOUS,INSECT SPREAD,1,0.3383,-0.3383,-0.0002,-0.3178
6216,attacker,FAMOUS,INSECT SPREAD,1,0.3383,-0.3383,-0.0002,-0.3189
6217,attacker,FAMOUS,INSECT SPREAD,1,0.3383,-0.3383,-0.0001,-0.3198
6218,random,HORSE,BURN,1,0.2156,-0.2156,0.0017,-0.3146
6219,random,GUARD BREAK SMALL,SEED,0,1.3068,-1.3068,-1.7914,-0.3642
6220,attacker,FAMOUS,INSECT SPREAD,1,0.3383,-0.3383,0.0002,-0.3629
6221,attacker,FAMOUS,INSECT SPREAD,1,0.3383,-0.3383,0.0002,-0.3617
6222,attacker,FAMOUS,INSECT SPREAD,1,0.3383,-0.3383,0.0002,-0.3605
6223,random,CAR FALL MOVE DUST,HEAR DULL DRONE,1,0.2702,-0.2702,0.9636,-0.3560
6224,random,SYSTEM,SPREAD,1,0.2105,-0.2105,0.0017,-0.3487
6225,attacker,FAMOUS,INSECT SPREAD,1,0.3383,-0.3383,0.0001,-0.3482
6226,random,STRANGER FALL CARRY,SEED BURN,1,0.1851,-0.1851,0.1674,-0.3401
6227,random,ERROR FAIL,SPREAD,1,0.1978,-0.1978,0.0011,-0.3329
6228,random,FIRE FALL MOVE WEAK CLOCK,BURN,1,0.2773,-0.2773,0.0006,-0.3302
6229,attacker,FAMOUS,INSECT SPREAD,1,0.3383,-0.3383,-0.0001,-0.3306
6230,attacker,FAMOUS,INSECT SPREAD,1,0.3383,-0.3383,-0.0001,-0.3310
6231,random,PROUD STRANGER WARN,TRUSTED,0,1.2933,-1.2933,-5.5785,-0.3791
6232,attacker,FAMOUS,INSECT SPREAD,1,0.3383,-0.3383,0.0003,-0.3770
6233,attacker,FAMOUS,INSECT SPREAD,1,0.3383,-0.3383,0.0003,-0.3751
6234,attacker,FAMOUS,INSECT SPREAD,1,0.3383,-0.3383,0.0003,-0.3733
6235,attacker,FAMOUS,INSECT SPREAD,1,0.3383,-0.3383,0.0003,-0.3715
6236,attacker,FAMOUS,INSECT SPREAD,1,0.3383,-0.3383,0.0003,-0.3698
6237,random,HAPPY HORSE FOLLOW CAR MOVE,DRONE BURN,1,0.2503,-0.2503,0.2168,-0.3639
6238,attacker,FAMOUS,INSECT SPREAD,1,0.3383,-0.3383,0.0002,-0.3626
6239,random,ERROR SPREAD GROW GROW GROW,SPREAD,1,0.1710,-0.1710,0.0018,-0.3530
6240,attacker,FAMOUS,INSECT SPREAD,1,0.3383,-0.3383,0.0001,-0.3523
6241,attacker,FAMOUS,INSECT SPREAD,1,0.3383,-0.3383,0.0001,-0.3516
6242,random,HORSE FALL HELP TRUSTED,BORDER,0,1.3388,-1.3388,-6.7380,-0.4009
6243,attacker,FAMOUS,INSECT SPREAD,1,0.3383,-0.3383,0.0005,-0.3978
6244,attacker,FAMOUS,INSECT SPREAD,1,0.3383,-0.3383,0.0005,-0.3948
6245,random,OBEDIENT GUARD BURN BURN GROW,BURN,1,0.2382,-0.2382,0.0107,-0.3870
6246,random,CHOICE SPREAD,SPREAD,1,0.1074,-0.1074,0.0032,-0.3730
6247,attacker,FAMOUS,INSECT SPREAD,1,0.3383,-0.3383,0.0003,-0.3713
6248,random,HEAVY BOOK GROW BURN GROW,BURN,1,0.2374,-0.2374,0.0063,-0.3646
6249,attacker,FAMOUS,INSECT SPREAD,1,0.3383,-0.3383,0.0002,-0.3633
6250,attacker,FAMOUS,INSECT SPREAD,1,0.3383,-0.3383,0.0002,-0.3620
6251,attacker,FAMOUS,INSECT SPREAD,1,0.3383,-0.3383,0.0002,-0.3608
6252,attacker,FAMOUS,INSECT SPREAD,1,0.3383,-0.3383,0.0002,-0.3597
6253,random,PHONE,HEAR FAMOUS INSECT,1,0.3084,-0.3084,0.3071,-0.3571
6254,random,FAST CAMERA UPDATE ENCRYPTED CLOCK GENERATE,BORDER,1,0.3289,-0.3289,0.0848,-0.3557
6255,random,ROBOT UPDATE,WEAPON,0,1.2092,-1.2092,-5.0994,-0.3984
6256,random,LIE GROW,SPREAD,1,0.2090,-0.2090,0.0021,-0.3889
6257,attacker,FAMOUS,INSECT SPREAD,1,0.3383,-0.3383,0.0004,-0.3864
6258,attacker,FAMOUS,INSECT SPREAD,1,0.3383,-0.3383,0.0004,-0.3840
6259,attacker,FAMOUS,INSECT SPREAD,1,0.3383,-0.3383,0.0003,-0.3817
6260,random,BROKEN,ROBOT FALL,1,0.4671,-0.4671,-0.1539,-0.3860
6261,attacker,FAMOUS,INSECT SPREAD,1,0.3383,-0.3383,0.0003,-0.3836
6262,random,DRONE FAIL UPDATE SIMPLE VAST ALGORITHM,FALL,1,0.3708,-0.3708,0.0018,-0.3830
6263,attacker,FAMOUS,INSECT SPREAD,1,0.3383,-0.3383,0.0003,-0.3807
6264,attacker,FAMOUS,INSECT SPREAD,1,0.3383,-0.3383,0.0003,-0.3786
6265,random,MAP FALL FALL,SPREAD,1,0.2432,-0.2432,0.0019,-0.3718
6266,random,CORRUPTED,COMPUTER FALL,1,0.4634,-0.4634,-0.0826,-0.3764
6267,attacker,FAMOUS,INSECT SPREAD,1,0.3383,-0.3383,0.0003,-0.3745
6268,random,PHONE SEE,DOG,1,0.2175,-0.2175,0.3998,-0.3666
6269,random,TRAPPED BIRD FALL,BURN,1,0.2710,-0.2710,0.0028,-0.3619
6270,random,PHONE,SEE BIG DRONE,1,0.2921,-0.2921,0.7771,-0.3584
6271,attacker,FAMOUS,INSECT SPREAD,1,0.3383,-0.3383,0.0001,-0.3574
6272,attacker,FAMOUS,INSECT SPREAD,1,0.3383,-0.3383,0.0001,-0.3564
6273,attacker,FAMOUS,INSECT SPREAD,1,0.3383,-0.3383,0.0001,-0.3555
6274,attacker,FAMOUS,INSECT SPREAD,1,0.3383,-0.3383,0.0001,-0.3547
6275,random,ACTIVE PLAN,SPREAD,1,0.3218,-0.3218,0.0005,-0.3530
6276,attacker,FAMOUS,INSECT SPREAD,1,0.3383,-0.3383,0.0001,-0.3523
6277,random,BIG PHONE,BURN,0,1.3307,-1.3307,-1.6051,-0.4012
6278,attacker,FAMOUS,INSECT SPREAD,1,0.3383,-0.3383,0.0004,-0.3980
6279,attacker,FAMOUS,INSECT SPREAD,1,0.3383,-0.3383,0.0004,-0.3951
6280,attacker,FAMOUS,WEAPON SPREAD,1,0.3423,-0.3423,0.3927,-0.3924
6281,random,DOG,BURN,1,0.2279,-0.2279,0.0034,-0.3842
6282,random,FREE,SEED BURN,1,0.3878,-0.3878,-0.0025,-0.3844
6283,random,POWER SPREAD GROW,SPREAD,1,0.1554,-0.1554,0.0015,-0.3729
6284,attacker,FAMOUS,INSECT SPREAD,1,0.3383,-0.3383,0.0003,-0.3712
6285,attacker,FAMOUS,INSECT SPREAD,1,0.3383,-0.3383,0.0002,-0.3696
6286,random,SAD WOMAN,BURN,1,0.3279,-0.3279,0.0010,-0.3675
6287,random,ANGRY CHILD FORGET FAMOUS WEAK CAT,BURN,1,0.3232,-0.3232,0.0006,-0.3653
6288,random,PHONE,HEAR ACTIVE PLAN,1,0.3120,-0.3120,0.4569,-0.3626
6289,attacker,FAMOUS,INSECT SPREAD,1,0.3383,-0.3383,0.0002,-0.3614
6290,random,SMALL ROBOT COMPUTE PATTERN,FALL,0,1.3855,-1.3855,-0.1986,-0.4126
6291,attacker,FAMOUS,INSECT SPREAD,1,0.3383,-0.3383,0.0006,-0.4089
6292,random,CLEAN,SEED BURN,1,0.3808,-0.3808,0.0507,-0.4075
6293,attacker,FAMOUS,INSECT SPREAD,1,0.3383,-0.3383,0.0006,-0.4040
6294,attacker,FAMOUS,INSECT SPREAD,1,0.3383,-0.3383,0.0006,-0.4007
6295,attacker,FAMOUS,INSECT SPREAD,1,0.3383,-0.3383,0.0006,-0.3976
6296,random,CHILD KNOW WOOD,BURN,1,0.2127,-0.2127,0.0020,-0.3883
6297,random,CALM,SOLDIER BURN,1,0.3824,-0.3824,0.0071,-0.3880
6298,attacker,DIRTY,BURN,0,1.3171,-1.3171,-0.6748,-0.4345
6299,random,GUARD GROW BUILD BROKEN ORDERED GUARD,BURN,1,0.2944,-0.2944,0.0009,-0.4275
6300,random,FEAR GROW GROW GROW,SPREAD,1,0.2309,-0.2309,0.0017,-0.4177
6301,random,SOLDIER SPREAD BURN BREAK,MAP BURN,1,0.1558,-0.1558,0.7375,-0.4046
6302,random,SHARP DOG,BURN,1,0.3184,-0.3184,0.0043,-0.4003
6303,attacker,FAMOUS,INSECT SPREAD,1,0.3383,-0.3383,0.0007,-0.3972
6304,attacker,FAMOUS,INSECT SPREAD,1,0.3383,-0.3383,0.0007,-0.3942
6305,attacker,FAMOUS,INSECT SPREAD,1,0.3383,-0.3383,0.0006,-0.3914
6306,attacker,FAMOUS,INSECT SPREAD,1,0.3383,-0.3383,0.0006,-0.3888
6307,random,TRUSTED FOOD,BURN,1,0.3401,-0.3401,0.0006,-0.3863
6308,attacker,FAMOUS,INSECT SPREAD,1,0.3383,-0.3383,0.0006,-0.3839
6309,random,CHOICE GROW GROW GROW,SPREAD,1,0.2301,-0.2301,0.0015,-0.3762
6310,random,PATTERN GROW FAIL GROW SPREAD GROW,SPREAD,1,0.1804,-0.1804,0.0013,-0.3665
6311,random,SIGNAL GROW,SPREAD,1,0.2124,-0.2124,0.0012,-0.3587
6312,random,NETWORK HEAR HAPPY SIMPLE GUARD HEAR,FEAR SPREAD,1,0.3213,-0.3213,0.1510,-0.3569
6313,attacker,FAMOUS,INSECT SPREAD,1,0.3383,-0.3383,0.0002,-0.3559
6314,attacker,FAMOUS,INSECT SPREAD,1,0.3383,-0.3383,0.0002,-0.3551
6315,attacker,FAMOUS,INSECT SPREAD,1,0.3383,-0.3383,0.0002,-0.3542
6316,attacker,FAMOUS,INSECT SPREAD,1,0.3383,-0.3383,0.0002,-0.3534
6317,attacker,FAMOUS,INSECT SPREAD,1,0.3383,-0.3383,0.0002,-0.3527
6318,random,REBELLIOUS GUARD FALL,BURN,1,0.2877,-0.2877,0.0017,-0.3494
6319,attacker,FAMOUS,INSECT SPREAD,1,0.3383,-0.3383,0.0001,-0.3489
6320,attacker,FAMOUS,INSECT SPREAD,1,0.3383,-0.3383,0.0001,-0.3483
6321,random,STRONG CROWD TRUST,BORDER BURN,1,0.3242,-0.3242,0.0725,-0.3471
6322,random,IDENTITY GROW,SPREAD,1,0.2104,-0.2104,0.0012,-0.3403
6323,attacker,FAMOUS,INSECT SPREAD,1,0.3383,-0.3383,0.0000,-0.3402
6324,attacker,FAMOUS,INSECT SPREAD,1,0.3383,-0.3383,0.0000,-0.3401
6325,random,TRAPPED MAN HEAR,LIE BURN,1,0.3124,-0.3124,0.1225,-0.3387
6326,attacker,FAMOUS,INSECT SPREAD,1,0.3383,-0.3383,0.0000,-0.3387
6327,attacker,FAMOUS,INSECT SPREAD,1,0.3383,-0.3383,0.0000,-0.3387
6328,random,SENSOR,FAIL,1,0.2216,-0.2216,0.0063,-0.3328
6329,attacker,FAMOUS,INSECT SPREAD,1,0.3383,-0.3383,-0.0001,-0.3331
6330,attacker,FAMOUS,INSECT SPREAD,1,0.3383,-0.3383,-0.0001,-0.3333
6331,attacker,FAMOUS,INSECT SPREAD,1,0.3383,-0.3383,-0.0001,-0.3336
6332,attacker,FAMOUS,INSECT SPREAD,1,0.3383,-0.3383,-0.0001,-0.3338
6333,random,STRONG STRANGER,BURN,1,0.3314,-0.3314,0.0001,-0.3337
6334,attacker,FAMOUS,INSECT SPREAD,1,0.3383,-0.3383,-0.0001,-0.3339
6335,random,DULL MAP SPREAD FAIL FAIL,SPREAD,1,0.2435,-0.2435,0.0015,-0.3294
6336,attacker,FAMOUS,INSECT SPREAD,1,0.3383,-0.3383,-0.0001,-0.3299
6337,random,ENGINE SEE ASHAMED CONNECTED SOLDIER HEAR,RULE,1,0.3563,-0.3563,-0.0896,-0.3312
6338,random,ANGRY HORSE,BURN,1,0.3242,-0.3242,0.0003,-0.3308
6339,attacker,FAMOUS,INSECT SPREAD,1,0.3383,-0.3383,-0.0001,-0.3312
6340,attacker,FAMOUS,INSECT SPREAD,1,0.3383,-0.3383,-0.0001,-0.3316
6341,random,CAT,BURN,1,0.2153,-0.2153,0.0015,-0.3257
6342,attacker,FAMOUS,INSECT SPREAD,1,0.3383,-0.3383,-0.0002,-0.3264
6343,attacker,FAMOUS,INSECT SPREAD,1,0.3383,-0.3383,-0.0002,-0.3270
6344,attacker,FAMOUS,INSECT SPREAD,1,0.3383,-0.3383,-0.0002,-0.3275
6345,attacker,FAMOUS,INSECT SPREAD,1,0.3383,-0.3383,-0.0001,-0.3281
6346,attacker,FAMOUS,INSECT SPREAD,1,0.3383,-0.3383,-0.0001,-0.3286
6347,attacker,FAMOUS,INSECT SPREAD,1,0.3383,-0.3383,-0.0001,-0.3291
6348,random,SOLDIER SPREAD,BURN,1,0.2338,-0.2338,0.0246,-0.3243
6349,random,FIRE,BURN,1,0.2049,-0.2049,0.0014,-0.3183
6350,random,SIMPLE SENSOR,FAIL,1,0.3465,-0.3465,-0.0382,-0.3197
6351,attacker,FAMOUS,INSECT SPREAD,1,0.3383,-0.3383,-0.0003,-0.3207
6352,attacker,FAMOUS,INSECT SPREAD,1,0.3383,-0.3383,-0.0003,-0.3216
6353,random,SLOW SOLDIER FOLLOW CAR FALL,BURN,1,0.2952,-0.2952,0.0007,-0.3202
6354,attacker,FAMOUS,INSECT SPREAD,1,0.3383,-0.3383,-0.0003,-0.3211
6355,attacker,FAMOUS,INSECT SPREAD,1,0.3383,-0.3383,-0.0003,-0.3220
6356,attacker,FAMOUS,INSECT SPREAD,1,0.3383,-0.3383,-0.0003,-0.3228
6357,attacker,FAMOUS,INSECT SPREAD,1,0.3383,-0.3383,-0.0002,-0.3236
6358,random,ERROR SPREAD SPREAD SPREAD,SPREAD,1,0.1023,-0.1023,0.0028,-0.3125
6359,random,SIGNAL,SPREAD,1,0.2077,-0.2077,0.0010,-0.3073
6360,attacker,FAMOUS,INSECT SPREAD,1,0.3383,-0.3383,-0.0005,-0.3088
6361,random,NETWORK GROW HEAR PROUD ISOLATED ELDER,SPREAD,1,0.3187,-0.3187,-0.0000,-0.3093
6362,attacker,FAMOUS,INSECT SPREAD,1,0.3383,-0.3383,-0.0005,-0.3108
6363,attacker,FAMOUS,INSECT SPREAD,1,0.3383,-0.3383,-0.0005,-0.3121
6364,attacker,FAMOUS,INSECT SPREAD,1,0.3383,-0.3383,-0.0005,-0.3134
6365,random,SENSOR MOVE DULL SIMPLE,MAP,1,0.3299,-0.3299,-0.0349,-0.3143
6366,attacker,FAMOUS,INSECT SPREAD,1,0.3383,-0.3383,-0.0005,-0.3155
6367,attacker,FAMOUS,INSECT SPREAD,1,0.3383,-0.3383,-0.0004,-0.3166
6368,random,ISOLATED MAN HEAR,TRUTH,1,0.3831,-0.3831,-0.2107,-0.3199
6369,random,REBELLIOUS GUARD,BURN,1,0.3394,-0.3394,-0.0004,-0.3209
6370,attacker,FAMOUS,INSECT SPREAD,1,0.3383,-0.3383,-0.0004,-0.3218
6371,attacker,FAMOUS,INSECT SPREAD,1,0.3383,-0.3383,-0.0004,-0.3226
6372,attacker,FAMOUS,INSECT SPREAD,1,0.3383,-0.3383,-0.0004,-0.3234
6373,attacker,FAMOUS,INSECT SPREAD,1,0.3383,-0.3383,-0.0004,-0.3241
6374,attacker,FAMOUS,INSECT SPREAD,1,0.3383,-0.3383,-0.0004,-0.3248
6375,attacker,FAMOUS,INSECT SPREAD,1,0.3383,-0.3383,-0.0004,-0.3255
6376,attacker,FAMOUS,INSECT SPREAD,1,0.3383,-0.3383,-0.0003,-0.3262
6377,attacker,FAMOUS,INSECT SPREAD,1,0.3383,-0.3383,-0.0003,-0.3268
6378,random,ERROR FAIL,SPREAD,1,0.1978,-0.1978,0.0009,-0.3203
6379,attacker,FAMOUS,INSECT SPREAD,1,0.3383,-0.3383,-0.0006,-0.3212
6380,attacker,FAMOUS,INSECT SPREAD,1,0.3383,-0.3383,-0.0006,-0.3221
6381,attacker,FAMOUS,INSECT SPREAD,1,0.3383,-0.3383,-0.0006,-0.3229
6382,random,WATER,BURN,1,0.2030,-0.2030,0.0016,-0.3169
6383,attacker,FAMOUS,INSECT SPREAD,1,0.3383,-0.3383,-0.0008,-0.3179
6384,attacker,FAMOUS,FIRE BURN,0,1.4000,-1.4000,-6.6970,-0.3721
6385,attacker,FAMOUS,INSECT SPREAD,1,0.3383,-0.3383,0.0012,-0.3704
6386,random,HORSE,BURN,1,0.2156,-0.2156,0.0039,-0.3626
6387,random,TRUTH SPREAD,SPREAD,1,0.1020,-0.1020,0.0037,-0.3496
6388,attacker,FAMOUS,INSECT SPREAD,1,0.3383,-0.3383,0.0003,-0.3490
6389,attacker,FAMOUS,INSECT SPREAD,1,0.3383,-0.3383,0.0003,-0.3485
6390,attacker,FAMOUS,INSECT SPREAD,1,0.3383,-0.3383,0.0002,-0.3480
6391,attacker,FAMOUS,INSECT SPREAD,1,0.3383,-0.3383,0.0002,-0.3475
6392,random,POWER SPREAD GROW,SPREAD,1,0.1554,-0.1554,0.0015,-0.3379
6393,attacker,FAMOUS,INSECT SPREAD,1,0.3383,-0.3383,-0.0000,-0.3379
6394,random,MAP SPREAD SPREAD,SPREAD,1,0.1015,-0.1015,0.0023,-0.3261
6395,attacker,FAMOUS,INSECT SPREAD,1,0.3383,-0.3383,-0.0002,-0.3267
6396,random,CAR SEE WOOD,SEE COMPUTER,1,0.0926,-0.0926,1.1290,-0.3150
6397,random,SOLDIER MOVE TRAPPED CLEAN MAN FALL,BURN,1,0.2873,-0.2873,0.0003,-0.3136
6398,attacker,FAMOUS,INSECT SPREAD,1,0.3383,-0.3383,-0.0004,-0.3148
6399,random,STRONG KEY FALL MOVE DULL BIG,COMPUTER BURN,1,0.2582,-0.2582,0.1118,-0.3120
6400,attacker,FAMOUS,INSECT SPREAD,1,0.3383,-0.3383,-0.0004,-0.3133
6401,random,SYSTEM GROW FAIL SPREAD,SPREAD,1,0.1701,-0.1701,0.0015,-0.3062
6402,random,TRUTH GROW SPREAD SPREAD GROW,SPREAD,1,0.1539,-0.1539,0.0017,-0.2985
6403,attacker,FAMOUS,INSECT SPREAD,1,0.3383,-0.3383,-0.0006,-0.3005
6404,random,ANGRY,NETWORK SPREAD,0,1.4383,-1.4383,-8.0588,-0.3574
6405,attacker,FAMOUS,INSECT SPREAD,1,0.3383,-0.3383,0.0003,-0.3565
6406,attacker,FAMOUS,INSECT SPREAD,1,0.3383,-0.3383,0.0003,-0.3556
6407,attacker,FAMOUS,INSECT SPREAD,1,0.3383,-0.3383,0.0002,-0.3547
6408,attacker,FAMOUS,INSECT SPREAD,1,0.3383,-0.3383,0.0002,-0.3539
6409,random,DRONE MOVE ENCRYPTED DIRTY KEY,FALL,1,0.2903,-0.2903,0.0104,-0.3507
6410,attacker,FAMOUS,INSECT SPREAD,1,0.3383,-0.3383,0.0002,-0.3501
6411,attacker,FAMOUS,INSECT SPREAD,1,0.3383,-0.3383,0.0002,-0.3495
6412,attacker,FAMOUS,INSECT SPREAD,1,0.3383,-0.3383,0.0001,-0.3489
6413,attacker,FAMOUS,INSECT SPREAD,1,0.3383,-0.3383,0.0001,-0.3484
6414,attacker,FAMOUS,INSECT SPREAD,1,0.3383,-0.3383,0.0001,-0.3479
6415,random,LAW,SPREAD,1,0.2033,-0.2033,0.0010,-0.3407
6416,attacker,FAMOUS,INSECT SPREAD,1,0.3383,-0.3383,0.0000,-0.3405
6417,attacker,FAMOUS,INSECT SPREAD,1,0.3383,-0.3383,0.0000,-0.3404
6418,attacker,FAMOUS,INSECT SPREAD,1,0.3383,-0.3383,0.0000,-0.3403
6419,attacker,FAMOUS,INSECT SPREAD,1,0.3383,-0.3383,0.0000,-0.3402
6420,attacker,FAMOUS,INSECT SPREAD,1,0.3383,-0.3383,0.0000,-0.3401
6421,attacker,FAMOUS,INSECT SPREAD,1,0.3383,-0.3383,0.0000,-0.3400
6422,attacker,FAMOUS,INSECT SPREAD,1,0.3383,-0.3383,0.0000,-0.3399
6423,attacker,FAMOUS,INSECT SPREAD,1,0.3383,-0.3383,0.0000,-0.3399
6424,attacker,FAMOUS,INSECT SPREAD,1,0.3383,-0.3383,0.0000,-0.3398
6425,random,WEAPON FALL BURN FALL BURN GROW,SPREAD,1,0.2578,-0.2578,0.0006,-0.3357
6426,attacker,FAMOUS,INSECT SPREAD,1,0.3383,-0.3383,-0.0000,-0.3358
6427,random,RULE GROW,SPREAD,1,0.2066,-0.2066,0.0011,-0.3293
6428,attacker,FAMOUS,INSECT SPREAD,1,0.3383,-0.3383,-0.0001,-0.3298
6429,attacker,FAMOUS,INSECT SPREAD,1,0.3383,-0.3383,-0.0001,-0.3302
6430,attacker,FAMOUS,INSECT SPREAD,1,0.3383,-0.3383,-0.0001,-0.3306
6431,random,CAT HEAR,RULE BURN,1,0.2249,-0.2249,0.3883,-0.3253
6432,random,INSECT,SPREAD,1,0.2306,-0.2306,0.0004,-0.3206
6433,random,SEED,BURN,1,0.2049,-0.2049,0.0021,-0.3148
6434,attacker,FAMOUS,INSECT SPREAD,1,0.3383,-0.3383,-0.0003,-0.3160
6435,attacker,FAMOUS,INSECT SPREAD,1,0.3383,-0.3383,-0.0003,-0.3171
6436,attacker,FAMOUS,INSECT SPREAD,1,0.3383,-0.3383,-0.0003,-0.3182
6437,random,HEAVY FIRE,BURN,1,0.3020,-0.3020,0.0011,-0.3174
6438,random,SAD WOLF GROW CARRY ENGINE BREAK,SEED BURN BURN,1,0.2553,-0.2553,0.3278,-0.3143
6439,random,FIRE FALL MOVE,CHILD BURN,1,0.1778,-0.1778,0.8877,-0.3074
6440,random,ROBOT GENERATE CORRUPTED SIGNAL SEE SAD,DRONE BURN,0,1.2910,-1.2910,-5.0838,-0.3566
6441,random,ANGRY BIRD FALL BURN,BURN,1,0.2414,-0.2414,0.0080,-0.3508
6442,attacker,FAMOUS,INSECT SPREAD,1,0.3383,-0.3383,0.0002,-0.3502
6443,attacker,FAMOUS,INSECT SPREAD,1,0.3383,-0.3383,0.0002,-0.3496
6444,attacker,FAMOUS,INSECT SPREAD,1,0.3383,-0.3383,0.0001,-0.3491
6445,attacker,FAMOUS,INSECT SPREAD,1,0.3383,-0.3383,0.0001,-0.3485
6446,attacker,FAMOUS,INSECT SPREAD,1,0.3383,-0.3383,0.0001,-0.3480
6447,attacker,FAMOUS,INSECT SPREAD,1,0.3383,-0.3383,0.0001,-0.3475
6448,attacker,FAMOUS,INSECT SPREAD,1,0.3383,-0.3383,0.0001,-0.3471
6449,random,KEY,SPREAD,1,0.2165,-0.2165,0.0009,-0.3405
6450,random,MAP SPREAD SPREAD FALL FAIL BURN,SPREAD,1,0.1774,-0.1774,0.0023,-0.3324
6451,random,DULL ENGINE FALL SEE SMALL SENSOR,SEE DRONE,1,0.2267,-0.2267,0.5757,-0.3271
6452,attacker,FAMOUS,INSECT SPREAD,1,0.3383,-0.3383,-0.0001,-0.3277
6453,attacker,FAMOUS,INSECT SPREAD,1,0.3383,-0.3383,-0.0001,-0.3282
6454,attacker,FAMOUS,INSECT SPREAD,1,0.3383,-0.3383,-0.0001,-0.3287
6455,attacker,FAMOUS,INSECT SPREAD,1,0.3383,-0.3383,-0.0001,-0.3292
6456,random,COMPUTER UPDATE CORRUPTED WEAK COMPUTER HEAR,SECRET TRUTH,1,0.2952,-0.2952,0.2081,-0.3275
6457,attacker,FAMOUS,INSECT SPREAD,1,0.3383,-0.3383,-0.0001,-0.3280
6458,attacker,FAMOUS,INSECT SPREAD,1,0.3383,-0.3383,-0.0001,-0.3285
6459,random,ANGRY GUARD,FALL,1,0.3404,-0.3404,-0.0554,-0.3291
6460,attacker,FAMOUS,INSECT SPREAD,1,0.3383,-0.3383,-0.0001,-0.3296
6461,attacker,FAMOUS,INSECT SPREAD,1,0.3383,-0.3383,-0.0001,-0.3300
6462,attacker,FAMOUS,INSECT SPREAD,1,0.3383,-0.3383,-0.0001,-0.3304
6463,attacker,FAMOUS,INSECT SPREAD,1,0.3383,-0.3383,-0.0001,-0.3308
6464,attacker,FAMOUS,INSECT SPREAD,1,0.3383,-0.3383,-0.0001,-0.3312
6465,attacker,FAMOUS,INSECT SPREAD,1,0.3383,-0.3383,-0.0001,-0.3315
6466,attacker,FAMOUS,INSECT SPREAD,1,0.3383,-0.3383,-0.0001,-0.3319
6467,random,DULL SOLDIER,BURN,1,0.3343,-0.3343,-0.0001,-0.3320
6468,attacker,FAMOUS,INSECT SPREAD,1,0.3383,-0.3383,-0.0001,-0.3323
6469,attacker,FAMOUS,INSECT SPREAD,1,0.3383,-0.3383,-0.0001,-0.3326
6470,attacker,FAMOUS,INSECT SPREAD,1,0.3383,-0.3383,-0.0001,-0.3329
6471,attacker,FAMOUS,INSECT SPREAD,1,0.3383,-0.3383,-0.0001,-0.3332
6472,attacker,FAMOUS,INSECT SPREAD,1,0.3383,-0.3383,-0.0001,-0.3334
6473,random,SIGNAL GROW FAIL SPREAD,SPREAD,1,0.1693,-0.1693,0.0014,-0.3252
6474,attacker,FAMOUS,INSECT SPREAD,1,0.3383,-0.3383,-0.0002,-0.3259
6475,random,CAMERA GENERATE PATTERN,SPREAD,0,1.1846,-1.1846,-0.6337,-0.3688
6476,attacker,FAMOUS,INSECT SPREAD,1,0.3383,-0.3383,0.0004,-0.3673
6477,random,WEAK,COMPUTER FAIL,1,0.4327,-0.4327,-0.0904,-0.3705
6478,attacker,FAMOUS,INSECT SPREAD,1,0.3383,-0.3383,0.0004,-0.3689
6479,attacker,FAMOUS,INSECT SPREAD,1,0.3383,-0.3383,0.0004,-0.3674
6480,attacker,FAMOUS,INSECT SPREAD,1,0.3383,-0.3383,0.0004,-0.3659
6481,attacker,FAMOUS,INSECT SPREAD,1,0.3383,-0.3383,0.0004,-0.3646
6482,attacker,FAMOUS,INSECT SPREAD,1,0.3383,-0.3383,0.0003,-0.3632
6483,attacker,FAMOUS,INSECT SPREAD,1,0.3383,-0.3383,0.0003,-0.3620
6484,attacker,FAMOUS,INSECT SPREAD,1,0.3383,-0.3383,0.0003,-0.3608
6485,attacker,FAMOUS,INSECT SPREAD,1,0.3383,-0.3383,0.0003,-0.3597
6486,random,INSECT,SPREAD,1,0.2306,-0.2306,0.0006,-0.3532
6487,random,AUTOMATED POWER SPREAD GROW SPREAD GROW,SPREAD,1,0.2561,-0.2561,0.0009,-0.3484
6488,random,TOOL FALL BURN GROW,SPREAD,1,0.2579,-0.2579,0.0007,-0.3439
6489,attacker,FAMOUS,INSECT SPREAD,1,0.3383,-0.3383,0.0001,-0.3436
6490,attacker,FAMOUS,INSECT SPREAD,1,0.3383,-0.3383,0.0001,-0.3433
6491,random,LAW,SPREAD,1,0.2033,-0.2033,0.0010,-0.3363
6492,attacker,FAMOUS,INSECT SPREAD,1,0.3383,-0.3383,-0.0000,-0.3364
6493,attacker,FAMOUS,INSECT SPREAD,1,0.3383,-0.3383,-0.0000,-0.3365
6494,random,DOG KNOW CITY RUN FORGET SIGNAL,BURN,1,0.2075,-0.2075,0.0014,-0.3301
6495,random,FREE,DRONE FALL,0,1.3761,-1.3761,-3.0531,-0.3824
6496,attacker,FAMOUS,INSECT SPREAD,1,0.3383,-0.3383,0.0005,-0.3802
6497,attacker,FAMOUS,INSECT SPREAD,1,0.3383,-0.3383,0.0005,-0.3781
6498,attacker,FAMOUS,INSECT SPREAD,1,0.3383,-0.3383,0.0004,-0.3761
6499,attacker,FAMOUS,INSECT SPREAD,1,0.3383,-0.3383,0.0004,-0.3742
6500,attacker,FAMOUS,INSECT SPREAD,1,0.3383,-0.3383,0.0004,-0.3724
6501,attacker,FAMOUS,INSECT SPREAD,1,0.3383,-0.3383,0.0004,-0.3707
6502,attacker,FAMOUS,INSECT SPREAD,1,0.3383,-0.3383,0.0003,-0.3691
6503,attacker,FAMOUS,INSECT SPREAD,1,0.3383,-0.3383,0.0003,-0.3675
6504,attacker,FAMOUS,INSECT SPREAD,1,0.3383,-0.3383,0.0003,-0.3661
6505,attacker,FAMOUS,INSECT SPREAD,1,0.3383,-0.3383,0.0003,-0.3647
6506,random,REBELLIOUS,GUARD BURN,1,0.4125,-0.4125,-0.0356,-0.3671
6507,attacker,FAMOUS,INSECT SPREAD,1,0.3383,-0.3383,0.0003,-0.3656
6508,random,TOOL GROW SPREAD FALL FALL,SPREAD,1,0.1974,-0.1974,0.0089,-0.3572
6509,attacker,FAMOUS,INSECT SPREAD,1,0.3383,-0.3383,0.0002,-0.3563
6510,attacker,FAMOUS,INSECT SPREAD,1,0.3383,-0.3383,0.0002,-0.3554
6511,attacker,FAMOUS,INSECT SPREAD,1,0.3383,-0.3383,0.0002,-0.3545
6512,attacker,FAMOUS,INSECT SPREAD,1,0.3383,-0.3383,0.0002,-0.3537
6513,attacker,FAMOUS,INSECT SPREAD,1,0.3383,-0.3383,0.0001,-0.3529
6514,random,DULL,COMPUTER FAIL,1,0.4850,-0.4850,-0.2263,-0.3595
6515,attacker,FAMOUS,INSECT SPREAD,1,0.3383,-0.3383,0.0002,-0.3585
6516,attacker,FAMOUS,INSECT SPREAD,1,0.3383,-0.3383,0.0002,-0.3575
6517,attacker,FAMOUS,INSECT SPREAD,1,0.3383,-0.3383,0.0002,-0.3565
6518,attacker,FAMOUS,INSECT SPREAD,1,0.3383,-0.3383,0.0002,-0.3556
6519,random,SIMPLE PLAN SPREAD SPREAD,SPREAD,1,0.2007,-0.2007,0.0026,-0.3478
6520,attacker,FAMOUS,INSECT SPREAD,1,0.3383,-0.3383,0.0001,-0.3474
6521,attacker,FAMOUS,INSECT SPREAD,1,0.3383,-0.3383,0.0001,-0.3469
6522,random,BOOK,SPREAD,1,0.2120,-0.2120,0.0010,-0.3402
6523,attacker,FAMOUS,INSECT SPREAD,1,0.3383,-0.3383,0.0000,-0.3401
6524,attacker,FAMOUS,INSECT SPREAD,1,0.3383,-0.3383,0.0000,-0.3400
6525,attacker,FAMOUS,INSECT SPREAD,1,0.3383,-0.3383,0.0000,-0.3399
6526,attacker,FAMOUS,INSECT SPREAD,1,0.3383,-0.3383,0.0000,-0.3398
6527,attacker,FAMOUS,INSECT SPREAD,1,0.3383,-0.3383,0.0000,-0.3397
6528,attacker,FAMOUS,INSECT SPREAD,1,0.3383,-0.3383,0.0000,-0.3397
6529,attacker,FAMOUS,INSECT SPREAD,1,0.3383,-0.3383,0.0000,-0.3396
6530,attacker,FAMOUS,INSECT SPREAD,1,0.3383,-0.3383,0.0000,-0.3395
6531,attacker,FAMOUS,INSECT SPREAD,1,0.3383,-0.3383,0.0000,-0.3395
6532,attacker,FAMOUS,INSECT SPREAD,1,0.3383,-0.3383,0.0000,-0.3394
6533,attacker,FAMOUS,INSECT SPREAD,1,0.3383,-0.3383,0.0000,-0.3394
6534,random,COMPLEX WOLF BUILD TRAPPED CONNECTED CAT,BURN,1,0.2881,-0.2881,0.0003,-0.3368
6535,attacker,FAMOUS,INSECT SPREAD,1,0.3383,-0.3383,-0.0000,-0.3369
6536,attacker,FAMOUS,INSECT SPREAD,1,0.3383,-0.3383,-0.0000,-0.3369
6537,attacker,FAMOUS,INSECT SPREAD,1,0.3383,-0.3383,-0.0000,-0.3370
6538,random,LIE SPREAD SPREAD,SPREAD,1,0.1009,-0.1009,0.0021,-0.3252
6539,attacker,FAMOUS,INSECT SPREAD,1,0.3383,-0.3383,-0.0001,-0.3259
6540,attacker,FAMOUS,INSECT SPREAD,1,0.3383,-0.3383,-0.0001,-0.3265
6541,attacker,FAMOUS,INSECT SPREAD,1,0.3383,-0.3383,-0.0001,-0.3271
6542,attacker,FAMOUS,INSECT SPREAD,1,0.3383,-0.3383,-0.0001,-0.3276
6543,random,PROUD STRANGER FORGET,BORDER BURN,1,0.3237,-0.3237,0.0065,-0.3274
6544,attacker,FAMOUS,INSECT SPREAD,1,0.3383,-0.3383,-0.0001,-0.3280
6545,attacker,FAMOUS,INSECT SPREAD,1,0.3383,-0.3383,-0.0001,-0.3285
6546,attacker,FAMOUS,INSECT SPREAD,1,0.3383,-0.3383,-0.0001,-0.3290
6547,attacker,FAMOUS,INSECT SPREAD,1,0.3383,-0.3383,-0.0001,-0.3294
6548,attacker,FAMOUS,INSECT SPREAD,1,0.3383,-0.3383,-0.0001,-0.3299
6549,attacker,FAMOUS,INSECT SPREAD,1,0.3383,-0.3383,-0.0001,-0.3303
6550,attacker,FAMOUS,INSECT SPREAD,1,0.3383,-0.3383,-0.0001,-0.3307
6551,attacker,FAMOUS,INSECT SPREAD,1,0.3383,-0.3383,-0.0001,-0.3311
6552,attacker,FAMOUS,INSECT SPREAD,1,0.3383,-0.3383,-0.0001,-0.3314
6553,attacker,FAMOUS,INSECT SPREAD,1,0.3383,-0.3383,-0.0001,-0.3318
6554,random,TRUTH,SPREAD,1,0.2077,-0.2077,0.0010,-0.3256
6555,attacker,FAMOUS CHANCE,SPREAD,1,0.3190,-0.3190,0.0001,-0.3252
6556,attacker,FAMOUS,INSECT SPREAD,1,0.3383,-0.3383,-0.0001,-0.3259
6557,attacker,FAMOUS,INSECT SPREAD,1,0.3383,-0.3383,-0.0001,-0.3265
6558,random,ROBOT BREAK TRAPPED CHILD FALL BUILD,SEED,1,0.3026,-0.3026,0.0197,-0.3253
6559,attacker,FAMOUS,INSECT SPREAD,1,0.3383,-0.3383,-0.0001,-0.3260
6560,attacker,FAMOUS,INSECT SPREAD,1,0.3383,-0.3383,-0.0001,-0.3266
6561,random,STRONG,ROBOT FALL,1,0.3245,-0.3245,0.0092,-0.3265
6562,attacker,FAMOUS,INSECT SPREAD,1,0.3383,-0.3383,-0.0001,-0.3271
6563,random,CROWD GROW SPREAD SEE CAR GROW,BURN,1,0.2009,-0.2009,0.0017,-0.3208
6564,attacker,FAMOUS,INSECT SPREAD,1,0.3383,-0.3383,-0.0002,-0.3216
6565,random,MEMORY SPREAD,SPREAD,1,0.1009,-0.1009,0.0026,-0.3106
6566,random,DOG HEAR,PLAN BURN,1,0.2186,-0.2186,0.3071,-0.3060
6567,attacker,FAMOUS,INSECT SPREAD,1,0.3383,-0.3383,-0.0003,-0.3076
6568,attacker,FAMOUS,INSECT SPREAD,1,0.3383,-0.3383,-0.0003,-0.3091
6569,attacker,FAMOUS,INSECT SPREAD,1,0.3383,-0.3383,-0.0003,-0.3106
6570,random,SECRET,KEY SPREAD,1,0.4275,-0.4275,-0.1826,-0.3165
6571,attacker,FAMOUS,INSECT SPREAD,1,0.3383,-0.3383,-0.0002,-0.3175
6572,attacker,FAMOUS,INSECT SPREAD,1,0.3383,-0.3383,-0.0002,-0.3186
6573,random,WEAK LEADER BREAK TRAPPED WEAK WOLF,BURN,1,0.2251,-0.2251,0.0011,-0.3139
6574,random,SYSTEM SPREAD GROW GROW,SPREAD,1,0.1607,-0.1607,0.0012,-0.3062
6575,attacker,FAMOUS,INSECT SPREAD,1,0.3383,-0.3383,-0.0003,-0.3078
6576,attacker,FAMOUS,INSECT SPREAD,1,0.3383,-0.3383,-0.0003,-0.3094
6577,attacker,FAMOUS,INSECT SPREAD,1,0.3383,-0.3383,-0.0003,-0.3108
6578,attacker,FAMOUS,INSECT SPREAD,1,0.3383,-0.3383,-0.0003,-0.3122
6579,attacker,FAMOUS,INSECT SPREAD,1,0.3383,-0.3383,-0.0003,-0.3135
6580,attacker,FAMOUS,INSECT SPREAD,1,0.3383,-0.3383,-0.0002,-0.3147
6581,attacker,FAMOUS,INSECT SPREAD,1,0.3383,-0.3383,-0.0002,-0.3159
6582,attacker,FAMOUS,INSECT SPREAD,1,0.3383,-0.3383,-0.0002,-0.3170
6583,attacker,FAMOUS,INSECT SPREAD,1,0.3383,-0.3383,-0.0002,-0.3181
6584,attacker,FAMOUS,INSECT SPREAD,1,0.3383,-0.3383,-0.0002,-0.3191
6585,random,TIME GROW FAIL SPREAD,SPREAD,1,0.1675,-0.1675,0.0014,-0.3115
6586,attacker,FAMOUS,INSECT SPREAD,1,0.3383,-0.3383,-0.0003,-0.3129
6587,random,METAL BURN FALL BURN FALL,BURN,1,0.1343,-0.1343,0.0042,-0.3039
6588,attacker,FAMOUS,INSECT SPREAD,1,0.3383,-0.3383,-0.0003,-0.3056
6589,attacker,FAMOUS,INSECT SPREAD,1,0.3383,-0.3383,-0.0003,-0.3073
6590,attacker,FAMOUS,INSECT SPREAD,1,0.3383,-0.3383,-0.0003,-0.3088
6591,attacker,FAMOUS,INSECT SPREAD,1,0.3383,-0.3383,-0.0003,-0.3103
6592,random,OUTCAST,DRONE FALL,0,1.4065,-1.4065,-2.9375,-0.3651
6593,attacker,FAMOUS,INSECT SPREAD,1,0.3383,-0.3383,0.0003,-0.3638
6594,random,SAD HORSE FALL MOVE AUTOMATED,SOLDIER BURN,0,1.2432,-1.2432,-2.2080,-0.4077
6595,random,WEAPON BURN,SPREAD,1,0.2500,-0.2500,0.0020,-0.3999
6596,random,SAD,GUARD BURN,1,0.4381,-0.4381,-0.0466,-0.4018
6597,random,BIG,COMPUTER FALL,1,0.3278,-0.3278,0.2264,-0.3981
6598,attacker,FAMOUS,INSECT SPREAD,1,0.3383,-0.3383,0.0006,-0.3951
6599,attacker,FAMOUS,INSECT SPREAD,1,0.3383,-0.3383,0.0006,-0.3922
6600,attacker,FAMOUS,INSECT SPREAD,1,0.3383,-0.3383,0.0005,-0.3895
6601,random,DENSE CAMERA FALL,BURN,0,1.2702,-1.2702,-0.1754,-0.4336
6602,random,ENCRYPTED,BORDER SPREAD,1,0.3763,-0.3763,0.1791,-0.4307
6603,attacker,FAMOUS,INSECT SPREAD,1,0.3383,-0.3383,0.0009,-0.4261
6604,random,FAST CROWD BURN MOVE METAL FALL,BURN,1,0.2544,-0.2544,0.0020,-0.4175
6605,attacker,FAMOUS,INSECT SPREAD,1,0.3383,-0.3383,0.0008,-0.4135
6606,random,LANGUAGE GROW,SPREAD,1,0.2020,-0.2020,0.0017,-0.4030
6607,attacker,FAMOUS,INSECT SPREAD,1,0.3383,-0.3383,0.0006,-0.3997
6608,attacker,FAMOUS,INSECT SPREAD,1,0.3383,-0.3383,0.0006,-0.3967
6609,attacker,FAMOUS,INSECT SPREAD,1,0.3383,-0.3383,0.0006,-0.3937
6610,attacker,FAMOUS,INSECT SPREAD,1,0.3383,-0.3383,0.0005,-0.3910
6611,attacker,FAMOUS,INSECT SPREAD,1,0.3383,-0.3383,0.0005,-0.3883
6612,random,ACTIVE CHILD HEAR FOOD,BURN,1,0.3173,-0.3173,0.0027,-0.3848
6613,attacker,FAMOUS,INSECT SPREAD,1,0.3383,-0.3383,0.0004,-0.3825
6614,random,WOMAN ASK CROWD ATTACK,PLAN BURN,0,1.2267,-1.2267,-1.6990,-0.4247
6615,attacker,FAMOUS,INSECT SPREAD,1,0.3383,-0.3383,0.0008,-0.4203
6616,attacker,FAMOUS,INSECT SPREAD,1,0.3383,-0.3383,0.0007,-0.4162
6617,attacker,FAMOUS,INSECT SPREAD,1,0.3383,-0.3383,0.0007,-0.4123
6618,random,SHARP,CLOCK FALL,1,0.3072,-0.3072,0.4628,-0.4071
6619,attacker,FAMOUS,INSECT SPREAD,1,0.3383,-0.3383,0.0006,-0.4036
6620,attacker,FAMOUS,INSECT SPREAD,1,0.3383,-0.3383,0.0005,-0.4004
6621,random,CLEAN FOOD BURN FALL GROW,BURN,1,0.2523,-0.2523,0.0111,-0.3930
6622,attacker,FAMOUS,INSECT SPREAD,1,0.3383,-0.3383,0.0004,-0.3902
6623,attacker,FAMOUS,INSECT SPREAD,1,0.3383,-0.3383,0.0004,-0.3876
6624,attacker,FAMOUS,INSECT SPREAD,1,0.3383,-0.3383,0.0004,-0.3852
6625,attacker,FAMOUS,INSECT SPREAD,1,0.3383,-0.3383,0.0004,-0.3828
6626,attacker,FAMOUS,INSECT SPREAD,1,0.3383,-0.3383,0.0004,-0.3806
6627,attacker,FAMOUS,INSECT SPREAD,1,0.3383,-0.3383,0.0003,-0.3785
6628,random,CHANCE GROW GROW,SPREAD,1,0.2322,-0.2322,0.0007,-0.3712
6629,random,MAP SPREAD BURN FAIL SPREAD,SPREAD,1,0.1670,-0.1670,0.0035,-0.3610
6630,attacker,FAMOUS,INSECT SPREAD,1,0.3383,-0.3383,0.0002,-0.3598
6631,attacker,FAMOUS,INSECT SPREAD,1,0.3383,-0.3383,0.0002,-0.3588
6632,attacker,FAMOUS,INSECT SPREAD,1,0.3383,-0.3383,0.0002,-0.3577
6633,attacker,FAMOUS,INSECT SPREAD,1,0.3383,-0.3383,0.0001,-0.3568
6634,attacker,FAMOUS,INSECT SPREAD,1,0.3383,-0.3383,0.0001,-0.3558
6635,attacker,FAMOUS,INSECT SPREAD,1,0.3383,-0.3383,0.0001,-0.3550
6636,attacker,FAMOUS,INSECT SPREAD,1,0.3383,-0.3383,0.0001,-0.3541
6637,attacker,FAMOUS,INSECT SPREAD,1,0.3383,-0.3383,0.0001,-0.3533
6638,attacker,FAMOUS,INSECT SPREAD,1,0.3383,-0.3383,0.0001,-0.3526
6639,attacker,FAMOUS,INSECT SPREAD,1,0.3383,-0.3383,0.0001,-0.3519
6640,attacker,FAMOUS,INSECT SPREAD,1,0.3383,-0.3383,0.0001,-0.3512
6641,attacker,FAMOUS,INSECT SPREAD,1,0.3383,-0.3383,0.0001,-0.3505
6642,random,WOOD BURN FALL FALL,BURN,1,0.1348,-0.1348,0.0037,-0.3398
6643,attacker,FAMOUS,INSECT SPREAD,1,0.3383,-0.3383,0.0000,-0.3397
6644,random,MEMORY FAIL SPREAD SPREAD GROW FAIL,SPREAD,1,0.1684,-0.1684,0.0013,-0.3311
6645,attacker,FAMOUS,INSECT SPREAD,1,0.3383,-0.3383,-0.0001,-0.3315
6646,attacker,FAMOUS,INSECT SPREAD,1,0.3383,-0.3383,-0.0001,-0.3318
6647,random,PHONE MOVE BROKEN AUTOMATED GUARD HEAR,STRONG SEED,1,0.2942,-0.2942,0.3022,-0.3299
6648,random,CLEAN SOLDIER SEE DOG,BURN,1,0.3195,-0.3195,0.0002,-0.3294
6649,attacker,FAMOUS,INSECT SPREAD,1,0.3383,-0.3383,-0.0001,-0.3299
6650,attacker,FAMOUS,INSECT SPREAD,1,0.3383,-0.3383,-0.0001,-0.3303
6651,attacker,FAMOUS,INSECT SPREAD,1,0.3383,-0.3383,-0.0001,-0.3307
6652,random,CLOCK UPDATE COMPLEX,RULE,0,1.3214,-1.3214,-3.4421,-0.3802
6653,random,CLOCK FAIL MOVE PRISON FAIL,FAIL,1,0.1609,-0.1609,0.1619,-0.3692
6654,random,DRONE HEAR GUARD UPDATE,PLAN,1,0.2215,-0.2215,0.4168,-0.3619
6655,attacker,FAMOUS,INSECT SPREAD,1,0.3383,-0.3383,0.0002,-0.3607
6656,random,GUARD FALL FALL FALL,BURN,1,0.1706,-0.1706,0.0049,-0.3512
6657,attacker,FAMOUS,INSECT SPREAD,1,0.3383,-0.3383,0.0001,-0.3505
6658,attacker,FAMOUS,INSECT SPREAD,1,0.3383,-0.3383,0.0001,-0.3499
6659,attacker,FAMOUS,INSECT SPREAD,1,0.3383,-0.3383,0.0001,-0.3493
6660,attacker,FAMOUS,INSECT SPREAD,1,0.3383,-0.3383,0.0001,-0.3488
6661,attacker,FAMOUS,INSECT SPREAD,1,0.3383,-0.3383,0.0001,-0.3483
6662,attacker,DIRTY,BURN,0,1.3171,-1.3171,-3.0173,-0.3967
6663,random,PROUD,STRANGER BURN,1,0.3859,-0.3859,0.0007,-0.3962
6664,attacker,FAMOUS,INSECT SPREAD,1,0.3383,-0.3383,0.0004,-0.3933
6665,attacker,FAMOUS,INSECT SPREAD,1,0.3383,-0.3383,0.0004,-0.3905
6666,attacker,FAMOUS POISON,SPREAD,1,0.3107,-0.3107,0.0008,-0.3865
6667,attacker,FAMOUS,INSECT SPREAD,1,0.3383,-0.3383,0.0004,-0.3841
6668,attacker,FAMOUS,INSECT SPREAD,1,0.3383,-0.3383,0.0003,-0.3818
6669,attacker,FAMOUS,INSECT SPREAD,1,0.3383,-0.3383,0.0003,-0.3796
6670,attacker,FAMOUS,INSECT SPREAD,1,0.3383,-0.3383,0.0003,-0.3776
6671,random,FAST,SEED BURN,1,0.3711,-0.3711,0.0093,-0.3773
6672,attacker,FAMOUS,INSECT SPREAD,1,0.3383,-0.3383,0.0003,-0.3753
6673,attacker,FAMOUS,INSECT GROW,1,0.3840,-0.3840,-0.0523,-0.3757
6674,attacker,FAMOUS,INSECT SPREAD,1,0.3383,-0.3383,0.0003,-0.3739
6675,random,FEAR,SPREAD,1,0.2077,-0.2077,0.0007,-0.3656
6676,attacker,FAMOUS,INSECT SPREAD,1,0.3383,-0.3383,0.0002,-0.3642
6677,random,BIRD,BURN,1,0.2294,-0.2294,0.0022,-0.3575
6678,attacker,FAMOUS,INSECT SPREAD,1,0.3383,-0.3383,0.0001,-0.3565
6679,attacker,FAMOUS,INSECT SPREAD,1,0.3383,-0.3383,0.0001,-0.3556
6680,attacker,FAMOUS,INSECT SPREAD,1,0.3383,-0.3383,0.0001,-0.3547
6681,attacker,FAMOUS,INSECT SPREAD,1,0.3383,-0.3383,0.0001,-0.3539
6682,random,SLOW,COMPUTER SEE DRONE,1,0.4732,-0.4732,-0.8185,-0.3599
6683,attacker,FAMOUS,INSECT SPREAD,1,0.3383,-0.3383,0.0002,-0.3588
6684,attacker,FAMOUS,INSECT SPREAD,1,0.3383,-0.3383,0.0001,-0.3578
6685,attacker,FAMOUS,INSECT SPREAD,1,0.3383,-0.3383,0.0001,-0.3568
6686,attacker,FAMOUS,INSECT SPREAD,1,0.3383,-0.3383,0.0001,-0.3559
6687,random,PHONE FALL HEAR WOLF FALL HEAR,PLAN,1,0.2436,-0.2436,0.2110,-0.3502
6688,random,STRONG FIRE WANT,OUTCAST CROWD BURN,1,0.3115,-0.3115,0.2281,-0.3483
6689,attacker,FAMOUS,INSECT SPREAD,1,0.3383,-0.3383,0.0001,-0.3478
6690,random,VAST DEBT SPREAD GROW SPREAD GROW,SPREAD,1,0.2552,-0.2552,0.0005,-0.3432
6691,attacker,FAMOUS,INSECT SPREAD,1,0.3383,-0.3383,0.0000,-0.3429
6692,attacker,FAMOUS,INSECT SPREAD,1,0.3383,-0.3383,0.0000,-0.3427
6693,attacker,FAMOUS,INSECT SPREAD,1,0.3383,-0.3383,0.0000,-0.3425
6694,attacker,FAMOUS,INSECT SPREAD,1,0.3383,-0.3383,0.0000,-0.3423
6695,attacker,FAMOUS,INSECT SPREAD,1,0.3383,-0.3383,0.0000,-0.3421
6696,random,SYSTEM,SPREAD,1,0.2105,-0.2105,0.0016,-0.3355
6697,attacker,FAMOUS,INSECT SPREAD,1,0.3383,-0.3383,-0.0000,-0.3356
6698,attacker,FAMOUS,INSECT SPREAD,1,0.3383,-0.3383,-0.0000,-0.3358
6699,attacker,FAMOUS,INSECT SPREAD,1,0.3383,-0.3383,-0.0000,-0.3359
6700,attacker,FAMOUS,INSECT SPREAD,1,0.3383,-0.3383,-0.0000,-0.3360
6701,attacker,FAMOUS,INSECT SPREAD,1,0.3383,-0.3383,-0.0000,-0.3361
6702,attacker,FAMOUS,INSECT SPREAD,1,0.3383,-0.3383,-0.0000,-0.3362
6703,random,SECRET,BORDER SPREAD,1,0.4379,-0.4379,-0.1701,-0.3413
6704,attacker,FAMOUS,INSECT SPREAD,1,0.3383,-0.3383,0.0000,-0.3412
6705,random,DEBT,SPREAD,1,0.2036,-0.2036,0.0007,-0.3343
6706,attacker,FAMOUS,INSECT SPREAD,1,0.3383,-0.3383,-0.0000,-0.3345
6707,attacker,FAMOUS,INSECT SPREAD,1,0.3383,-0.3383,-0.0000,-0.3347
6708,attacker,FAMOUS,INSECT SPREAD,1,0.3383,-0.3383,-0.0000,-0.3349
6709,attacker,FAMOUS,INSECT SPREAD,1,0.3383,-0.3383,-0.0000,-0.3350
6710,random,AUTOMATED GUARD,BURN,1,0.3348,-0.3348,0.0000,-0.3350
6711,attacker,FAMOUS,INSECT SPREAD,1,0.3383,-0.3383,-0.0000,-0.3352
6712,attacker,FAMOUS,INSECT SPREAD,1,0.3383,-0.3383,-0.0000,-0.3353
6713,random,WOMAN,BURN,1,0.2394,-0.2394,0.0008,-0.3305
6714,attacker,FAMOUS,INSECT SPREAD,1,0.3383,-0.3383,-0.0001,-0.3309
6715,attacker,FAMOUS,INSECT SPREAD,1,0.3383,-0.3383,-0.0000,-0.3313
6716,attacker,FAMOUS,INSECT SPREAD,1,0.3383,-0.3383,-0.0000,-0.3316
6717,random,DEAD,LEADER BURN,1,0.4634,-0.4634,-0.0418,-0.3382
6718,attacker,FAMOUS,INSECT SPREAD,1,0.3383,-0.3383,-0.0000,-0.3382
6719,random,DEBT SPREAD GROW GROW GROW SPREAD,SPREAD,1,0.1575,-0.1575,0.0016,-0.3292
6720,attacker,FAMOUS,INSECT SPREAD,1,0.3383,-0.3383,-0.0001,-0.3296
6721,attacker,FAMOUS,INSECT SPREAD,1,0.3383,-0.3383,-0.0001,-0.3301
6722,attacker,FAMOUS,INSECT SPREAD,1,0.3383,-0.3383,-0.0001,-0.3305
6723,attacker,FAMOUS,INSECT SPREAD,1,0.3383,-0.3383,-0.0001,-0.3309
6724,attacker,FAMOUS,INSECT SPREAD,1,0.3383,-0.3383,-0.0001,-0.3312
6725,random,ERROR FAIL SPREAD,SPREAD,1,0.1493,-0.1493,0.0021,-0.3222
6726,attacker,FAMOUS,INSECT SPREAD,1,0.3383,-0.3383,-0.0001,-0.3230
6727,random,TRUSTED WEAPON MOVE VAST ISOLATED CITY,BURN,1,0.2846,-0.2846,0.0102,-0.3210
6728,attacker,FAMOUS,INSECT SPREAD,1,0.3383,-0.3383,-0.0001,-0.3219
6729,attacker,FAMOUS,INSECT SPREAD,1,0.3383,-0.3383,-0.0001,-0.3227
6730,attacker,FAMOUS,INSECT SPREAD,1,0.3383,-0.3383,-0.0001,-0.3235
6731,attacker,FAMOUS,INSECT SPREAD,1,0.3383,-0.3383,-0.0001,-0.3242
6732,random,DOG,BURN,1,0.2279,-0.2279,0.0015,-0.3194
6733,attacker,FAMOUS,INSECT SPREAD,1,0.3383,-0.3383,-0.0001,-0.3204
6734,attacker,FAMOUS,INSECT SPREAD,1,0.3383,-0.3383,-0.0001,-0.3213
6735,random,VAST BOOK BURN,MOVE COMPUTER BURN,0,1.2410,-1.2410,-7.8252,-0.3672
6736,attacker,FAMOUS,INSECT SPREAD,1,0.3383,-0.3383,0.0002,-0.3658
6737,attacker,FAMOUS,INSECT SPREAD,1,0.3383,-0.3383,0.0002,-0.3644
6738,attacker,FAMOUS,INSECT SPREAD,1,0.3383,-0.3383,0.0002,-0.3631
6739,attacker,FAMOUS,INSECT SPREAD,1,0.3383,-0.3383,0.0002,-0.3619
6740,attacker,FAMOUS,INSECT SPREAD,1,0.3383,-0.3383,0.0002,-0.3607
6741,attacker,FAMOUS,INSECT SPREAD,1,0.3383,-0.3383,0.0002,-0.3596
6742,random,DULL PHONE HEAR,SIGNAL,1,0.3256,-0.3256,0.1227,-0.3579
6743,attacker,FAMOUS,INSECT SPREAD,1,0.3383,-0.3383,0.0002,-0.3569
6744,random,WOMAN ATTACK CORRUPTED WEAK,PHONE,1,0.3589,-0.3589,-0.0073,-0.3570
6745,random,ERROR GROW FAIL GROW GROW SPREAD,SPREAD,1,0.1803,-0.1803,0.0014,-0.3482
6746,random,STONE BURN FALL,BURN,1,0.1346,-0.1346,0.0045,-0.3375
6747,attacker,FAMOUS,INSECT SPREAD,1,0.3383,-0.3383,-0.0000,-0.3375
6748,attacker,FAMOUS,INSECT SPREAD,1,0.3383,-0.3383,-0.0000,-0.3376
6749,attacker,FAMOUS,INSECT SPREAD,1,0.3383,-0.3383,-0.0000,-0.3376
6750,random,OPTIMAL,TIME SPREAD,1,0.3374,-0.3374,0.0004,-0.3376
6751,random,CHOICE SPREAD SPREAD SPREAD,SPREAD,1,0.1018,-0.1018,0.0022,-0.3258
6752,random,FOOD,BURN,1,0.2132,-0.2132,0.0012,-0.3202
6753,attacker,FAMOUS,INSECT SPREAD,1,0.3383,-0.3383,-0.0001,-0.3211
6754,random,CALM HORSE,BURN,1,0.3223,-0.3223,-0.0000,-0.3211
6755,attacker,FAMOUS,INSECT SPREAD,1,0.3383,-0.3383,-0.0001,-0.3220
6756,attacker,FAMOUS,INSECT SPREAD,1,0.3383,-0.3383,-0.0001,-0.3228
6757,attacker,FAMOUS,INSECT SPREAD,1,0.3383,-0.3383,-0.0001,-0.3236
6758,attacker,FAMOUS,INSECT SPREAD,1,0.3383,-0.3383,-0.0001,-0.3243
6759,attacker,FAMOUS,INSECT SPREAD,1,0.3383,-0.3383,-0.0001,-0.3250
6760,attacker,FAMOUS,INSECT SPREAD,1,0.3383,-0.3383,-0.0001,-0.3257
6761,attacker,FAMOUS,INSECT SPREAD,1,0.3383,-0.3383,-0.0001,-0.3263
6762,random,DOG,BURN,1,0.2279,-0.2279,0.0016,-0.3214
6763,attacker,FAMOUS,INSECT SPREAD,1,0.3383,-0.3383,-0.0001,-0.3222
6764,random,CORRUPTED MAP,FALL,1,0.3000,-0.3000,0.0371,-0.3211
6765,attacker,FAMOUS,INSECT SPREAD,1,0.3383,-0.3383,-0.0001,-0.3220
6766,random,ORDERED CHILD HEAR,TRUTH BURN,1,0.3085,-0.3085,0.0379,-0.3213
6767,attacker,FAMOUS,INSECT SPREAD,1,0.3383,-0.3383,-0.0001,-0.3222
6768,attacker,FAMOUS,INSECT SPREAD,1,0.3383,-0.3383,-0.0001,-0.3230
6769,random,SHARP LEADER SEE TRUSTED MAP BREAK,TOOL BURN,1,0.2534,-0.2534,0.2577,-0.3195
6770,attacker,FAMOUS,INSECT SPREAD,1,0.3383,-0.3383,-0.0002,-0.3204
6771,attacker,FAMOUS,INSECT SPREAD,1,0.3383,-0.3383,-0.0002,-0.3213
6772,attacker,FAMOUS,INSECT SPREAD,1,0.3383,-0.3383,-0.0001,-0.3222
6773,attacker,FAMOUS,INSECT SPREAD,1,0.3383,-0.3383,-0.0001,-0.3230
6774,attacker,FAMOUS,INSECT SPREAD,1,0.3383,-0.3383,-0.0001,-0.3237
6775,random,CROWD,BURN,1,0.2322,-0.2322,0.0010,-0.3192
6776,random,POISON SPREAD,SPREAD,1,0.1058,-0.1058,0.0029,-0.3085
6777,random,PHONE FALL,MOVE HORSE,1,0.1857,-0.1857,1.0214,-0.3024
6778,attacker,FAMOUS,INSECT SPREAD,1,0.3383,-0.3383,-0.0003,-0.3041
6779,attacker,FAMOUS,INSECT SPREAD,1,0.3383,-0.3383,-0.0003,-0.3059
6780,random,MEMORY FAIL SPREAD SPREAD GROW SPREAD,SPREAD,1,0.1633,-0.1633,0.0012,-0.2987
6781,attacker,FAMOUS,INSECT SPREAD,1,0.3383,-0.3383,-0.0004,-0.3007
6782,attacker,FAMOUS,INSECT SPREAD,1,0.3383,-0.3383,-0.0003,-0.3026
6783,attacker,FAMOUS,INSECT SPREAD,1,0.3383,-0.3383,-0.0003,-0.3044
6784,attacker,FAMOUS,INSECT SPREAD,1,0.3383,-0.3383,-0.0003,-0.3061
6785,attacker,FAMOUS,INSECT SPREAD,1,0.3383,-0.3383,-0.0003,-0.3077
6786,random,DOG BURN ATTACK,CROWD BURN,1,0.1190,-0.1190,0.5754,-0.2982
6787,attacker,FAMOUS,INSECT SPREAD,1,0.3383,-0.3383,-0.0004,-0.3002
6788,random,LAW GROW,SPREAD,1,0.2020,-0.2020,0.0010,-0.2953
6789,random,STRANGER EAT BIG,BIRD BURN,0,1.2403,-1.2403,-2.7441,-0.3426
6790,attacker,FAMOUS,INSECT SPREAD,1,0.3383,-0.3383,0.0000,-0.3424
6791,random,COMPUTER,FAIL,1,0.2228,-0.2228,0.0136,-0.3364
6792,random,PHONE MOVE,CHILD,1,0.2134,-0.2134,0.3962,-0.3302
6793,random,WOMAN EAT,METAL BURN,1,0.1928,-0.1928,0.3182,-0.3234
6794,attacker,FAMOUS,INSECT SPREAD,1,0.3383,-0.3383,-0.0001,-0.3241
6795,attacker,FAMOUS,INSECT SPREAD,1,0.3383,-0.3383,-0.0001,-0.3248
6796,attacker,FAMOUS,INSECT SPREAD,1,0.3383,-0.3383,-0.0001,-0.3255
6797,attacker,FAMOUS,INSECT SPREAD,1,0.3383,-0.3383,-0.0001,-0.3261
6798,attacker,FAMOUS,INSECT SPREAD,1,0.3383,-0.3383,-0.0001,-0.3267
6799,random,FAMOUS,INSECT SPREAD,1,0.3383,-0.3383,-0.0001,-0.3273
6800,attacker,FAMOUS,INSECT SPREAD,1,0.3383,-0.3383,-0.0001,-0.3279
6801,attacker,FAMOUS,INSECT SPREAD,1,0.3383,-0.3383,-0.0001,-0.3284
6802,attacker,FAMOUS,INSECT SPREAD,1,0.3383,-0.3383,-0.0001,-0.3289
6803,attacker,FAMOUS,INSECT SPREAD,1,0.3383,-0.3383,-0.0001,-0.3294
6804,random,FREE SOLDIER,BURN,1,0.3406,-0.3406,-0.0002,-0.3299
6805,attacker,FAMOUS,INSECT SPREAD,1,0.3383,-0.3383,-0.0001,-0.3303
6806,random,PROUD STRANGER,BURN,1,0.3451,-0.3451,-0.0002,-0.3311
6807,attacker,FAMOUS,INSECT SPREAD,1,0.3383,-0.3383,-0.0001,-0.3314
6808,attacker,FAMOUS,INSECT SPREAD,1,0.3383,-0.3383,-0.0001,-0.3318
6809,attacker,FAMOUS,INSECT SPREAD,1,0.3383,-0.3383,-0.0001,-0.3321
6810,attacker,FAMOUS,INSECT SPREAD,1,0.3383,-0.3383,-0.0001,-0.3324
6811,attacker,FAMOUS,INSECT SPREAD,1,0.3383,-0.3383,-0.0001,-0.3327
6812,attacker,FAMOUS,INSECT SPREAD,1,0.3383,-0.3383,-0.0001,-0.3330
6813,attacker,FAMOUS,INSECT SPREAD,1,0.3383,-0.3383,-0.0001,-0.3332
6814,attacker,FAMOUS,INSECT SPREAD,1,0.3383,-0.3383,-0.0000,-0.3335
6815,attacker,FAMOUS,INSECT SPREAD,1,0.3383,-0.3383,-0.0000,-0.3337
6816,attacker,FAMOUS,INSECT SPREAD,1,0.3383,-0.3383,-0.0000,-0.3340
6817,attacker,FAMOUS,INSECT SPREAD,1,0.3383,-0.3383,-0.0000,-0.3342
6818,random,SENSOR FAIL FAIL,SEE SMALL WOLF,1,0.3568,-0.3568,-0.2841,-0.3353
6819,attacker,FAMOUS,INSECT SPREAD,1,0.3383,-0.3383,-0.0000,-0.3355
6820,random,TRUTH GROW GROW SPREAD GROW,SPREAD,1,0.1621,-0.1621,0.0018,-0.3268
6821,attacker,FAMOUS,INSECT SPREAD,1,0.3383,-0.3383,-0.0001,-0.3274
6822,attacker,FAMOUS,INSECT SPREAD,1,0.3383,-0.3383,-0.0001,-0.3279
6823,attacker,FAMOUS,INSECT SPREAD,1,0.3383,-0.3383,-0.0001,-0.3284
6824,random,STONE,BURN,1,0.2030,-0.2030,0.0014,-0.3222
6825,attacker,FAMOUS,INSECT SPREAD,1,0.3383,-0.3383,-0.0002,-0.3230
6826,attacker,FAMOUS,INSECT SPREAD,1,0.3383,-0.3383,-0.0001,-0.3237
6827,random,LANGUAGE GROW,SPREAD,1,0.2020,-0.2020,0.0009,-0.3176
6828,attacker,FAMOUS,INSECT SPREAD,1,0.3383,-0.3383,-0.0002,-0.3187
6829,random,SYSTEM SPREAD GROW SPREAD SPREAD FAIL,SPREAD,1,0.1644,-0.1644,0.0019,-0.3110
6830,attacker,FAMOUS,INSECT SPREAD,1,0.3383,-0.3383,-0.0003,-0.3123
6831,attacker,FAMOUS,INSECT SPREAD SPREAD,1,0.3347,-0.3347,-0.1429,-0.3134
6832,attacker,FAMOUS,INSECT SPREAD,1,0.3383,-0.3383,-0.0002,-0.3147
6833,attacker,FAMOUS,INSECT SPREAD,1,0.3383,-0.3383,-0.0002,-0.3159
6834,attacker,FAMOUS,INSECT SPREAD,1,0.3383,-0.3383,-0.0002,-0.3170
6835,attacker,FAMOUS,INSECT SPREAD,1,0.3383,-0.3383,-0.0002,-0.3181
6836,random,LEADER BURN,BURN,1,0.1235,-0.1235,0.0054,-0.3083
6837,attacker,FAMOUS,INSECT SPREAD,1,0.3383,-0.3383,-0.0002,-0.3098
6838,attacker,FAMOUS,INSECT SPREAD,1,0.3383,-0.3383,-0.0002,-0.3112
6839,attacker,FAMOUS,INSECT SPREAD,1,0.3383,-0.3383,-0.0002,-0.3126
6840,attacker,FAMOUS,INSECT SPREAD,1,0.3383,-0.3383,-0.0002,-0.3139
6841,attacker,FAMOUS,INSECT SPREAD,1,0.3383,-0.3383,-0.0002,-0.3151
6842,attacker,FAMOUS,INSECT SPREAD,1,0.3383,-0.3383,-0.0002,-0.3163
6843,random,ROBOT FALL HEAR HEAVY ORDERED POISON,FALL,1,0.2751,-0.2751,0.0092,-0.3142
6844,random,STRANGER EAT CORRUPTED HEAVY MAP BREAK,FOOD BURN,1,0.2250,-0.2250,0.2945,-0.3097
6845,attacker,FAMOUS,INSECT SPREAD,1,0.3383,-0.3383,-0.0002,-0.3112
6846,attacker,FAMOUS,INSECT SPREAD,1,0.3383,-0.3383,-0.0002,-0.3125
6847,attacker,FAMOUS,INSECT SPREAD,1,0.3383,-0.3383,-0.0002,-0.3138
6848,random,CHOICE GROW,SPREAD,1,0.2221,-0.2221,0.0010,-0.3092
6849,random,ISOLATED BORDER,SPREAD,1,0.3101,-0.3101,-0.0000,-0.3093
6850,attacker,FAMOUS,INSECT SPREAD,1,0.3383,-0.3383,-0.0003,-0.3107
6851,attacker,FAMOUS,INSECT SPREAD,1,0.3383,-0.3383,-0.0002,-0.3121
6852,random,FREE,SEED BURN,1,0.3878,-0.3878,-0.0574,-0.3159
6853,random,ORDERED TOOL BURN SPREAD FALL GROW,SPREAD,1,0.2958,-0.2958,0.0007,-0.3149
6854,attacker,FAMOUS,INSECT SPREAD,1,0.3383,-0.3383,-0.0002,-0.3160
6855,attacker,FAMOUS,INSECT SPREAD,1,0.3383,-0.3383,-0.0002,-0.3172
6856,attacker,FAMOUS,INSECT SPREAD,1,0.3383,-0.3383,-0.0002,-0.3182
6857,attacker,FAMOUS,INSECT SPREAD,1,0.3383,-0.3383,-0.0002,-0.3192
6858,attacker,FAMOUS,INSECT SPREAD,1,0.3383,-0.3383,-0.0002,-0.3202
6859,attacker,FAMOUS,INSECT SPREAD,1,0.3383,-0.3383,-0.0001,-0.3211
6860,random,LAW,SPREAD,1,0.2033,-0.2033,0.0005,-0.3152
6861,random,ERROR GROW GROW FAIL GROW GROW,SPREAD,1,0.2112,-0.2112,0.0008,-0.3100
6862,random,ERROR,SPREAD,1,0.2312,-0.2312,0.0006,-0.3060
6863,attacker,FAMOUS,INSECT SPREAD,1,0.3383,-0.3383,-0.0003,-0.3077
6864,attacker,FAMOUS,INSECT SPREAD,1,0.3383,-0.3383,-0.0002,-0.3092
6865,attacker,FAMOUS,INSECT SPREAD,1,0.3383,-0.3383,-0.0002,-0.3106
6866,attacker,FAMOUS,INSECT SPREAD,1,0.3383,-0.3383,-0.0002,-0.3120
6867,attacker,FAMOUS,INSECT SPREAD,1,0.3383,-0.3383,-0.0002,-0.3133
6868,attacker,FAMOUS,INSECT SPREAD,1,0.3383,-0.3383,-0.0002,-0.3146
6869,attacker,FAMOUS,INSECT SPREAD,1,0.3383,-0.3383,-0.0002,-0.3158
6870,random,FAST IDENTITY SPREAD SPREAD GROW GROW,SPREAD,1,0.2557,-0.2557,0.0005,-0.3128
6871,random,SHARP CAT FALL FOLLOW DOG BURN,BURN,1,0.2710,-0.2710,0.0007,-0.3107
6872,attacker,FAMOUS,INSECT SPREAD,1,0.3383,-0.3383,-0.0002,-0.3121
6873,random,TRAPPED DOG,BURN,1,0.3132,-0.3132,-0.0000,-0.3121
6874,attacker,FAMOUS,INSECT SPREAD,1,0.3383,-0.3383,-0.0002,-0.3134
6875,random,FAMOUS CHANCE GROW SPREAD,SPREAD,1,0.2524,-0.2524,0.0018,-0.3104
6876,attacker,FAMOUS,INSECT SPREAD,1,0.3383,-0.3383,-0.0002,-0.3118
6877,attacker,FAMOUS,INSECT SPREAD,1,0.3383,-0.3383,-0.0002,-0.3131
6878,random,ANGRY CHILD MOVE SHARP BIG DRONE,BURN,1,0.2796,-0.2796,0.0011,-0.3114
6879,attacker,FAMOUS,INSECT SPREAD,1,0.3383,-0.3383,-0.0002,-0.3128
6880,attacker,FAMOUS,INSECT SPREAD,1,0.3383,-0.3383,-0.0002,-0.3140
6881,attacker,FAMOUS,INSECT SPREAD,1,0.3383,-0.3383,-0.0002,-0.3153
6882,attacker,FAMOUS,INSECT SPREAD,1,0.3383,-0.3383,-0.0002,-0.3164
6883,attacker,FAMOUS,INSECT SPREAD,1,0.3383,-0.3383,-0.0002,-0.3175
6884,attacker,FAMOUS,INSECT SPREAD,1,0.3383,-0.3383,-0.0002,-0.3185
6885,random,WEAPON GROW GROW GROW FALL SPREAD,SPREAD,1,0.1918,-0.1918,0.0021,-0.3122
6886,attacker,FAMOUS,INSECT SPREAD,1,0.3383,-0.3383,-0.0002,-0.3135
6887,random,AUTOMATED CAR ENCODE NETWORK ENCODE ORDERED,RULE,1,0.3171,-0.3171,-0.0138,-0.3137
6888,random,OBEDIENT STRANGER BUILD,SEED BURN,1,0.2846,-0.2846,0.0441,-0.3122
6889,attacker,FAMOUS,INSECT SPREAD,1,0.3383,-0.3383,-0.0002,-0.3135
6890,random,HORSE FOLLOW WEAK FREE SOLDIER FALL,BURN,1,0.3037,-0.3037,0.0001,-0.3130
6891,attacker,FAMOUS,INSECT SPREAD,1,0.3383,-0.3383,-0.0002,-0.3143
6892,attacker,FAMOUS,INSECT SPREAD,1,0.3383,-0.3383,-0.0002,-0.3155
6893,attacker,FAMOUS,INSECT SPREAD,1,0.3383,-0.3383,-0.0002,-0.3166
6894,attacker,FAMOUS,INSECT SPREAD,1,0.3383,-0.3383,-0.0002,-0.3177
6895,attacker,FAMOUS,INSECT SPREAD,1,0.3383,-0.3383,-0.0002,-0.3188
6896,attacker,FAMOUS,INSECT SPREAD,1,0.3383,-0.3383,-0.0002,-0.3197
6897,attacker,FAMOUS,INSECT SPREAD,1,0.3383,-0.3383,-0.0001,-0.3207
6898,attacker,FAMOUS,INSECT SPREAD,1,0.3383,-0.3383,-0.0001,-0.3215
6899,attacker,FAMOUS,INSECT SPREAD,1,0.3383,-0.3383,-0.0001,-0.3224
6900,attacker,FAMOUS,INSECT SPREAD,1,0.3383,-0.3383,-0.0001,-0.3232
6901,attacker,FAMOUS,INSECT SPREAD,1,0.3383,-0.3383,-0.0001,-0.3239
6902,random,OUTCAST CROWD,BURN,1,0.3028,-0.3028,0.0004,-0.3229
6903,attacker,FAMOUS,INSECT SPREAD,1,0.3383,-0.3383,-0.0001,-0.3236
6904,attacker,FAMOUS,INSECT SPREAD,1,0.3383,-0.3383,-0.0001,-0.3244
6905,random,ACTIVE BIRD SEE CAMERA BUILD SAD,BIRD BURN,1,0.2394,-0.2394,0.1737,-0.3201
6906,random,MAP,SPREAD,1,0.2120,-0.2120,0.0027,-0.3147
6907,random,ACTIVE SOLDIER MOVE,BIRD BURN,1,0.2449,-0.2449,0.1543,-0.3112
6908,attacker,FAMOUS,INSECT SPREAD,1,0.3383,-0.3383,-0.0002,-0.3126
6909,attacker,FAMOUS,INSECT SPREAD,1,0.3383,-0.3383,-0.0002,-0.3139
6910,attacker,FAMOUS,INSECT SPREAD,1,0.3383,-0.3383,-0.0002,-0.3151
6911,attacker,FAMOUS,INSECT SPREAD,1,0.3383,-0.3383,-0.0002,-0.3162
6912,random,CHOICE,SPREAD,1,0.2266,-0.2266,0.0003,-0.3118
6913,attacker,FAMOUS,INSECT SPREAD,1,0.3383,-0.3383,-0.0002,-0.3131
6914,attacker,FAMOUS,INSECT SPREAD,1,0.3383,-0.3383,-0.0002,-0.3143
6915,attacker,FAMOUS,INSECT SPREAD,1,0.3383,-0.3383,-0.0002,-0.3155
6916,attacker,FAMOUS,INSECT SPREAD,1,0.3383,-0.3383,-0.0002,-0.3167
6917,attacker,FAMOUS,INSECT SPREAD,1,0.3383,-0.3383,-0.0002,-0.3178
6918,attacker,FAMOUS,INSECT SPREAD,1,0.3383,-0.3383,-0.0002,-0.3188
6919,attacker,FAMOUS,INSECT SPREAD,1,0.3383,-0.3383,-0.0002,-0.3198
6920,attacker,FAMOUS,INSECT SPREAD,1,0.3383,-0.3383,-0.0001,-0.3207
6921,attacker,FAMOUS,INSECT SPREAD,1,0.3383,-0.3383,-0.0001,-0.3216
6922,attacker,FAMOUS,INSECT SPREAD,1,0.3383,-0.3383,-0.0001,-0.3224
6923,attacker,FAMOUS,INSECT SPREAD,1,0.3383,-0.3383,-0.0001,-0.3232
6924,attacker,FAMOUS,INSECT SPREAD,1,0.3383,-0.3383,-0.0001,-0.3240
6925,attacker,FAMOUS,INSECT SPREAD,1,0.3383,-0.3383,-0.0001,-0.3247
6926,attacker,FAMOUS,INSECT SPREAD,1,0.3383,-0.3383,-0.0001,-0.3253
6927,attacker,FAMOUS,INSECT SPREAD,1,0.3383,-0.3383,-0.0001,-0.3260
6928,random,OUTCAST CROWD SPREAD,BURN,1,0.3185,-0.3185,0.0002,-0.3256
6929,attacker,FAMOUS,INSECT SPREAD,1,0.3383,-0.3383,-0.0001,-0.3263
6930,attacker,FAMOUS,INSECT SPREAD,1,0.3383,-0.3383,-0.0001,-0.3269
6931,attacker,FAMOUS,INSECT SPREAD,1,0.3383,-0.3383,-0.0001,-0.3274
6932,attacker,FAMOUS,INSECT SPREAD,1,0.3383,-0.3383,-0.0001,-0.3280
6933,attacker,FAMOUS,INSECT SPREAD,1,0.3383,-0.3383,-0.0001,-0.3285
6934,attacker,FAMOUS,INSECT SPREAD,1,0.3383,-0.3383,-0.0001,-0.3290
6935,attacker,FAMOUS,INSECT SPREAD,1,0.3383,-0.3383,-0.0001,-0.3294
6936,random,REBELLIOUS GUARD,BURN,1,0.3394,-0.3394,-0.0001,-0.3299
6937,attacker,FAMOUS,INSECT SPREAD,1,0.3383,-0.3383,-0.0001,-0.3304
6938,random,WOMAN WARN SHARP CORRUPTED LEADER THINK,DEBT BURN,1,0.3329,-0.3329,-0.0085,-0.3305
6939,attacker,FAMOUS,INSECT SPREAD,1,0.3383,-0.3383,-0.0001,-0.3309
6940,attacker,FAMOUS,INSECT SPREAD,1,0.3383,-0.3383,-0.0001,-0.3312
6941,attacker,FAMOUS,INSECT SPREAD,1,0.3383,-0.3383,-0.0001,-0.3316
6942,attacker,FAMOUS,INSECT SPREAD,1,0.3383,-0.3383,-0.0001,-0.3319
6943,attacker,FAMOUS,INSECT SPREAD,1,0.3383,-0.3383,-0.0001,-0.3322
6944,random,OUTCAST,CROWD BURN,1,0.4465,-0.4465,-0.1033,-0.3380
6945,attacker,FAMOUS,INSECT SPREAD,1,0.3383,-0.3383,-0.0000,-0.3380
6946,random,OUTCAST CROWD FALL,BURN,1,0.2682,-0.2682,0.0012,-0.3345
6947,attacker,FAMOUS,INSECT SPREAD,1,0.3383,-0.3383,-0.0000,-0.3347
6948,attacker,FAMOUS,INSECT SPREAD,1,0.3383,-0.3383,-0.0000,-0.3349
6949,random,TRUTH GROW,SPREAD,1,0.2044,-0.2044,0.0009,-0.3283
6950,attacker,FAMOUS,INSECT SPREAD,1,0.3383,-0.3383,-0.0001,-0.3288
6951,attacker,FAMOUS,INSECT SPREAD,1,0.3383,-0.3383,-0.0001,-0.3293
6952,attacker,FAMOUS,INSECT SPREAD,1,0.3383,-0.3383,-0.0001,-0.3298
6953,attacker,FAMOUS,INSECT SPREAD,1,0.3383,-0.3383,-0.0001,-0.3302
6954,attacker,FAMOUS,INSECT SPREAD,1,0.3383,-0.3383,-0.0001,-0.3306
6955,attacker,FAMOUS,INSECT SPREAD,1,0.3383,-0.3383,-0.0001,-0.3310
6956,attacker,FAMOUS,INSECT SPREAD,1,0.3383,-0.3383,-0.0001,-0.3313
6957,random,ENGINE UPDATE TIME,FAIL,0,1.1809,-1.1809,-0.5216,-0.3738
6958,attacker,FAMOUS,INSECT SPREAD,1,0.3383,-0.3383,0.0003,-0.3720
6959,attacker,FAMOUS,INSECT SPREAD,1,0.3383,-0.3383,0.0003,-0.3703
6960,random,SYSTEM GROW SPREAD GROW,SPREAD,1,0.1607,-0.1607,0.0022,-0.3599
6961,random,LEADER MOVE,DOG BURN,1,0.1432,-0.1432,0.5497,-0.3490
6962,attacker,FAMOUS,INSECT SPREAD,1,0.3383,-0.3383,0.0001,-0.3485
6963,random,TRAPPED,CAT BURN,1,0.4267,-0.4267,-0.1821,-0.3524
6964,attacker,FAMOUS,INSECT SPREAD,1,0.3383,-0.3383,0.0001,-0.3517
6965,attacker,FAMOUS,INSECT SPREAD,1,0.3383,-0.3383,0.0001,-0.3510
6966,attacker,FAMOUS,INSECT SPREAD,1,0.3383,-0.3383,0.0001,-0.3504
6967,random,TOOL GROW,SPREAD,1,0.2493,-0.2493,0.0005,-0.3453
6968,attacker,FAMOUS,INSECT SPREAD,1,0.3383,-0.3383,0.0001,-0.3450
6969,attacker,FAMOUS,INSECT SPREAD,1,0.3383,-0.3383,0.0001,-0.3446
6970,attacker,FAMOUS,INSECT SPREAD,1,0.3383,-0.3383,0.0001,-0.3443
6971,random,BROKEN GUARD FALL SEE WATER,BURN,1,0.2834,-0.2834,0.0006,-0.3413
6972,attacker,FAMOUS,INSECT SPREAD,1,0.3383,-0.3383,0.0000,-0.3411
6973,attacker,FAMOUS,INSECT SPREAD,1,0.3383,-0.3383,0.0000,-0.3410
6974,attacker,FAMOUS,INSECT SPREAD,1,0.3383,-0.3383,0.0000,-0.3409
6975,attacker,FAMOUS,INSECT SPREAD,1,0.3383,-0.3383,0.0000,-0.3407
6976,attacker,FAMOUS,INSECT SPREAD,1,0.3383,-0.3383,0.0000,-0.3406
6977,random,WATER,BURN,1,0.2030,-0.2030,0.0008,-0.3337
6978,random,FAST WOMAN HELP WOLF TALK,SPREAD,0,1.3400,-1.3400,-0.6859,-0.3840
6979,attacker,FAMOUS,INSECT SPREAD,1,0.3383,-0.3383,0.0004,-0.3817
6980,attacker,FAMOUS,INSECT SPREAD,1,0.3383,-0.3383,0.0004,-0.3796
6981,attacker,FAMOUS,INSECT SPREAD,1,0.3383,-0.3383,0.0004,-0.3775
6982,attacker,FAMOUS,INSECT SPREAD,1,0.3383,-0.3383,0.0004,-0.3755
6983,random,DENSE CAMERA MOVE INSECT SEE TOOL,FALL,1,0.2885,-0.2885,0.0364,-0.3712
6984,random,DENSE BOOK GROW FALL GROW GROW,BURN,1,0.2786,-0.2786,0.0009,-0.3666
6985,random,OBEDIENT ELDER,BURN,1,0.3505,-0.3505,0.0003,-0.3658
6986,attacker,FAMOUS,INSECT SPREAD,1,0.3383,-0.3383,0.0003,-0.3644
6987,attacker,FAMOUS,INSECT SPREAD,1,0.3383,-0.3383,0.0003,-0.3631
6988,attacker,FAMOUS,INSECT SPREAD,1,0.3383,-0.3383,0.0002,-0.3618
6989,attacker,FAMOUS,INSECT SPREAD,1,0.3383,-0.3383,0.0002,-0.3607
6990,attacker,FAMOUS,INSECT SPREAD,1,0.3383,-0.3383,0.0002,-0.3595
6991,attacker,FAMOUS,INSECT SPREAD,1,0.3383,-0.3383,0.0002,-0.3585
6992,random,SYSTEM,SPREAD,1,0.2105,-0.2105,0.0014,-0.3511
6993,attacker,FAMOUS,INSECT SPREAD,1,0.3383,-0.3383,0.0001,-0.3504
6994,attacker,FAMOUS,INSECT SPREAD,1,0.3383,-0.3383,0.0001,-0.3498
6995,attacker,FAMOUS,INSECT SPREAD,1,0.3383,-0.3383,0.0001,-0.3493
6996,attacker,FAMOUS,INSECT SPREAD,1,0.3383,-0.3383,0.0001,-0.3487
6997,attacker,FAMOUS,INSECT SPREAD,1,0.3383,-0.3383,0.0001,-0.3482
6998,attacker,FAMOUS,INSECT SPREAD,1,0.3383,-0.3383,0.0001,-0.3477
6999,attacker,FAMOUS,INSECT SPREAD,1,0.3383,-0.3383,0.0001,-0.3472
7000,attacker,FAMOUS,INSECT SPREAD,1,0.3383,-0.3383,0.0001,-0.3468
7001,attacker,FAMOUS,INSECT SPREAD,1,0.3383,-0.3383,0.0001,-0.3463
7002,random,OUTCAST,BIRD BURN,0,1.4318,-1.4318,-2.1597,-0.4006
7003,random,FEAR SPREAD,SPREAD,1,0.1009,-0.1009,0.0079,-0.3856
7004,attacker,FAMOUS,INSECT SPREAD,1,0.3383,-0.3383,0.0005,-0.3833
7005,attacker,FAMOUS,INSECT SPREAD,1,0.3383,-0.3383,0.0004,-0.3810
7006,attacker,FAMOUS,INSECT SPREAD,1,0.3383,-0.3383,0.0004,-0.3789
7007,random,CHAOTIC LAW GROW GROW,SPREAD,1,0.3159,-0.3159,0.0015,-0.3757
7008,attacker,FAMOUS,INSECT SPREAD,1,0.3383,-0.3383,0.0004,-0.3739
7009,random,ELDER HELP ELDER WARN,PLAN BURN,0,1.2330,-1.2330,-2.0960,-0.4168
7010,random,CLOCK MOVE KEY HEAR BIRD,SEE WOMAN,1,0.1396,-0.1396,2.1730,-0.4030
7011,random,DOG,BURN,1,0.2279,-0.2279,0.0026,-0.3942
7012,attacker,FAMOUS,INSECT SPREAD,1,0.3383,-0.3383,0.0005,-0.3914
7013,attacker,FAMOUS,INSECT SPREAD,1,0.3383,-0.3383,0.0005,-0.3888
7014,attacker,FAMOUS,INSECT SPREAD,1,0.3383,-0.3383,0.0005,-0.3862
7015,random,ROBOT BREAK OBEDIENT OUTCAST WOLF UPDATE,PLAN,1,0.3315,-0.3315,0.1183,-0.3835
7016,attacker,FAMOUS,INSECT SPREAD,1,0.3383,-0.3383,0.0004,-0.3812
7017,attacker,FAMOUS,INSECT SPREAD,1,0.3383,-0.3383,0.0004,-0.3791
7018,attacker,FAMOUS,INSECT SPREAD,1,0.3383,-0.3383,0.0004,-0.3770
7019,attacker,FAMOUS,INSECT SPREAD,1,0.3383,-0.3383,0.0003,-0.3751
7020,attacker,FAMOUS,INSECT SPREAD,1,0.3383,-0.3383,0.0003,-0.3733
7021,random,DORMANT LEADER BREAK,FOOD BURN,1,0.2158,-0.2158,0.3818,-0.3654
7022,random,ERROR SPREAD,SPREAD,1,0.1093,-0.1093,0.0030,-0.3526
7023,attacker,FAMOUS,INSECT SPREAD,1,0.3383,-0.3383,0.0001,-0.3519
7024,random,FREE FIRE WANT,INSECT BURN,1,0.3189,-0.3189,0.1268,-0.3502
7025,attacker,FAMOUS,INSECT SPREAD,1,0.3383,-0.3383,0.0001,-0.3496
7026,attacker,FAMOUS,INSECT SPREAD,1,0.3383,-0.3383,0.0001,-0.3491
7027,attacker,FAMOUS,INSECT SPREAD,1,0.3383,-0.3383,0.0001,-0.3485
7028,random,DEBT SPREAD,SPREAD,1,0.1010,-0.1010,0.0021,-0.3361
7029,random,BORDER SPREAD,SPREAD,1,0.1003,-0.1003,0.0021,-0.3244
7030,attacker,FAMOUS,INSECT SPREAD,1,0.3383,-0.3383,-0.0001,-0.3250
7031,attacker,FAMOUS,INSECT SPREAD,1,0.3383,-0.3383,-0.0001,-0.3257
7032,random,LAW SPREAD GROW,SPREAD,1,0.1509,-0.1509,0.0008,-0.3170
7033,attacker,FAMOUS,INSECT SPREAD,1,0.3383,-0.3383,-0.0002,-0.3180
7034,attacker,FAMOUS,INSECT SPREAD,1,0.3383,-0.3383,-0.0002,-0.3190
7035,random,POWER SPREAD,SPREAD,1,0.1045,-0.1045,0.0019,-0.3083
7036,random,POISON BURN GROW SPREAD FALL FALL,SPREAD,1,0.2035,-0.2035,0.0014,-0.3031
7037,random,CROWD,BURN,1,0.2322,-0.2322,0.0007,-0.2995
7038,attacker,FAMOUS,INSECT SPREAD,1,0.3383,-0.3383,-0.0003,-0.3015
7039,attacker,FAMOUS,INSECT SPREAD,1,0.3383,-0.3383,-0.0003,-0.3033
7040,random,CAT,BURN,1,0.2153,-0.2153,0.0011,-0.2989
7041,attacker,FAMOUS,INSECT SPREAD,1,0.3383,-0.3383,-0.0003,-0.3009
7042,attacker,FAMOUS,INSECT SPREAD,1,0.3383,-0.3383,-0.0003,-0.3027
7043,attacker,FAMOUS,INSECT SPREAD,1,0.3383,-0.3383,-0.0003,-0.3045
7044,random,DEBT,SPREAD,1,0.2036,-0.2036,0.0005,-0.2995
7045,attacker,FAMOUS,INSECT SPREAD,1,0.3383,-0.3383,-0.0003,-0.3014
7046,attacker,FAMOUS,INSECT SPREAD,1,0.3383,-0.3383,-0.0003,-0.3033
7047,random,SHARP SOLDIER SEE COMPUTER,BURN,1,0.3193,-0.3193,-0.0006,-0.3041
7048,attacker,FAMOUS,INSECT SPREAD,1,0.3383,-0.3383,-0.0003,-0.3058
7049,attacker,FAMOUS,INSECT SPREAD,1,0.3383,-0.3383,-0.0003,-0.3074
7050,attacker,FAMOUS,INSECT SPREAD,1,0.3383,-0.3383,-0.0003,-0.3089
7051,attacker,FAMOUS,INSECT SPREAD,1,0.3383,-0.3383,-0.0002,-0.3104
7052,random,TRUTH,SPREAD,1,0.2077,-0.2077,0.0004,-0.3053
7053,attacker,FAMOUS,INSECT SPREAD,1,0.3383,-0.3383,-0.0003,-0.3069
7054,attacker,FAMOUS,INSECT SPREAD,1,0.3383,-0.3383,-0.0003,-0.3085
7055,random,MAN WANT FOOD,BURN,1,0.2260,-0.2260,0.0013,-0.3044
7056,attacker,FAMOUS,INSECT SPREAD,1,0.3383,-0.3383,-0.0003,-0.3061
7057,attacker,FAMOUS,INSECT SPREAD,1,0.3383,-0.3383,-0.0003,-0.3077
7058,random,OBEDIENT CHILD FALL HEAR WOOD FALL,FALL,1,0.2544,-0.2544,0.2527,-0.3050
7059,random,SHARP WATER BURN GROW GROW BURN,BURN,1,0.2344,-0.2344,0.0011,-0.3015
7060,attacker,FAMOUS,INSECT SPREAD,1,0.3383,-0.3383,-0.0003,-0.3033
7061,attacker,FAMOUS,INSECT SPREAD,1,0.3383,-0.3383,-0.0003,-0.3051
7062,attacker,FAMOUS,INSECT SPREAD,1,0.3383,-0.3383,-0.0003,-0.3067
7063,random,OBEDIENT CROWD,BURN,1,0.3356,-0.3356,-0.0006,-0.3082
7064,attacker,FAMOUS,INSECT SPREAD,1,0.3383,-0.3383,-0.0003,-0.3097
7065,attacker,FAMOUS,INSECT SPREAD,1,0.3383,-0.3383,-0.0002,-0.3111
7066,random,STONE FALL BURN BURN BURN FALL,BURN,1,0.1340,-0.1340,0.0036,-0.3023
7067,attacker,FAMOUS,INSECT SPREAD,1,0.3383,-0.3383,-0.0003,-0.3041
7068,attacker,FAMOUS,INSECT SPREAD,1,0.3383,-0.3383,-0.0003,-0.3058
7069,attacker,FAMOUS,INSECT SPREAD,1,0.3383,-0.3383,-0.0003,-0.3074
7070,attacker,FAMOUS,INSECT SPREAD,1,0.3383,-0.3383,-0.0003,-0.3089
7071,attacker,FAMOUS,INSECT SPREAD,1,0.3383,-0.3383,-0.0003,-0.3104
7072,random,CLEAN WOLF MOVE,CAT BURN,1,0.1759,-0.1759,0.3233,-0.3037
7073,attacker,FAMOUS,INSECT SPREAD,1,0.3383,-0.3383,-0.0003,-0.3054
7074,attacker,FAMOUS,INSECT SPREAD,1,0.3383,-0.3383,-0.0003,-0.3071
7075,attacker,FAMOUS,INSECT SPREAD,1,0.3383,-0.3383,-0.0003,-0.3086
7076,attacker,FAMOUS,INSECT SPREAD,1,0.3383,-0.3383,-0.0003,-0.3101
7077,random,ASHAMED,WOLF BURN,1,0.4409,-0.4409,-0.2192,-0.3166
7078,random,SLOW ELDER HELP WEAK TRUSTED HORSE,BURN,1,0.3507,-0.3507,-0.0003,-0.3183
7079,attacker,FAMOUS,INSECT SPREAD,1,0.3383,-0.3383,-0.0002,-0.3193
7080,attacker,FAMOUS,INSECT SPREAD,1,0.3383,-0.3383,-0.0002,-0.3203
7081,random,BIRD FORGET DULL OPTIMAL GUARD,BURN,1,0.3259,-0.3259,-0.0000,-0.3206
7082,attacker,FAMOUS,INSECT SPREAD,1,0.3383,-0.3383,-0.0002,-0.3215
7083,attacker,FAMOUS,INSECT SPREAD,1,0.3383,-0.3383,-0.0002,-0.3223
7084,attacker,FAMOUS,INSECT SPREAD,1,0.3383,-0.3383,-0.0002,-0.3231
7085,attacker,FAMOUS,INSECT SPREAD,1,0.3383,-0.3383,-0.0001,-0.3239
7086,attacker,FAMOUS,INSECT SPREAD,1,0.3383,-0.3383,-0.0001,-0.3246
7087,random,ELDER BUILD,INSECT BURN,1,0.1572,-0.1572,0.4700,-0.3162
7088,attacker,FAMOUS,INSECT SPREAD,1,0.3383,-0.3383,-0.0002,-0.3173
7089,random,FAMOUS INSECT GROW HEAR HAPPY BIG,SOLDIER SPREAD,1,0.2701,-0.2701,0.1062,-0.3149
7090,attacker,FAMOUS,INSECT SPREAD,1,0.3383,-0.3383,-0.0002,-0.3161
7091,attacker,FAMOUS,INSECT SPREAD,1,0.3383,-0.3383,-0.0002,-0.3172
7092,random,LAW SPREAD,SPREAD,1,0.1012,-0.1012,0.0016,-0.3064
7093,attacker,FAMOUS,INSECT SPREAD,1,0.3383,-0.3383,-0.0003,-0.3080
7094,random,DORMANT,COMPUTER BREAK SEED,0,1.4557,-1.4557,-10.6521,-0.3654
7095,attacker,FAMOUS,INSECT SPREAD,1,0.3383,-0.3383,0.0002,-0.3640
7096,attacker,FAMOUS,INSECT SPREAD,1,0.3383,-0.3383,0.0002,-0.3628
7097,random,LEADER BUILD BRIDGE BUILD CAR HEAR,PROUD STRANGER FALL,1,0.2537,-0.2537,1.1145,-0.3573
7098,attacker,FAMOUS,INSECT SPREAD,1,0.3383,-0.3383,0.0002,-0.3563
7099,random,BOOK GROW GROW SPREAD BURN,SPREAD,1,0.1824,-0.1824,0.0026,-0.3477
7100,attacker,FAMOUS,INSECT SPREAD,1,0.3383,-0.3383,0.0001,-0.3472
7101,random,ENCRYPTED CLOCK MOVE SMALL BROKEN COMPUTER,FAIL,1,0.3314,-0.3314,0.0063,-0.3464
7102,attacker,FAMOUS,INSECT SPREAD,1,0.3383,-0.3383,0.0001,-0.3460
7103,attacker,FAMOUS,INSECT SPREAD,1,0.3383,-0.3383,0.0001,-0.3456
7104,random,SIGNAL FAIL,SPREAD,1,0.1846,-0.1846,0.0014,-0.3376
7105,attacker,FAMOUS,INSECT SPREAD,1,0.3383,-0.3383,-0.0000,-0.3376
7106,random,SIMPLE DRONE,FALL,1,0.3272,-0.3272,0.0057,-0.3371
7107,attacker,FAMOUS,INSECT SPREAD,1,0.3383,-0.3383,-0.0000,-0.3371
7108,attacker,FAMOUS,INSECT SPREAD,1,0.3383,-0.3383,-0.0000,-0.3372
7109,attacker,FAMOUS,INSECT SPREAD,1,0.3383,-0.3383,-0.0000,-0.3372
7110,random,CONNECTED,INSECT SPREAD,1,0.3172,-0.3172,0.0113,-0.3362
7111,attacker,FAMOUS,INSECT SPREAD,1,0.3383,-0.3383,-0.0000,-0.3363
7112,attacker,FAMOUS,INSECT SPREAD,1,0.3383,-0.3383,-0.0000,-0.3364
7113,attacker,FAMOUS,INSECT SPREAD,1,0.3383,-0.3383,-0.0000,-0.3365
7114,attacker,FAMOUS,INSECT SPREAD,1,0.3383,-0.3383,-0.0000,-0.3366
7115,attacker,FAMOUS,INSECT SPREAD,1,0.3383,-0.3383,-0.0000,-0.3367
7116,attacker,FAMOUS,INSECT SPREAD,1,0.3383,-0.3383,-0.0000,-0.3368
7117,attacker,FAMOUS,INSECT SPREAD,1,0.3383,-0.3383,-0.0000,-0.3369
7118,attacker,FAMOUS,INSECT SPREAD,1,0.3383,-0.3383,-0.0000,-0.3369
7119,attacker,FAMOUS,INSECT SPREAD,1,0.3383,-0.3383,-0.0000,-0.3370
7120,attacker,FAMOUS,INSECT SPREAD,1,0.3383,-0.3383,-0.0000,-0.3371
7121,attacker,FAMOUS,INSECT SPREAD,1,0.3383,-0.3383,-0.0000,-0.3371
7122,random,FAMOUS,INSECT SPREAD SPREAD,1,0.3347,-0.3347,0.0193,-0.3370
7123,attacker,FAMOUS,INSECT SPREAD,1,0.3383,-0.3383,-0.0000,-0.3371
7124,attacker,FAMOUS,INSECT SPREAD,1,0.3383,-0.3383,-0.0000,-0.3371
7125,attacker,FAMOUS,INSECT SPREAD,1,0.3383,-0.3383,-0.0000,-0.3372
7126,attacker,FAMOUS,INSECT SPREAD,1,0.3383,-0.3383,-0.0000,-0.3372
7127,random,REBELLIOUS,DRONE FALL,0,1.4154,-1.4154,-3.0187,-0.3911
7128,attacker,FAMOUS,INSECT SPREAD,1,0.3383,-0.3383,0.0004,-0.3885
7129,random,MAN TRUST CHANCE IMAGINE SMALL WOOD,BURN,1,0.3553,-0.3553,0.0002,-0.3868
7130,attacker,FAMOUS,INSECT SPREAD,1,0.3383,-0.3383,0.0004,-0.3844
7131,random,FAMOUS,INSECT SPREAD,1,0.3383,-0.3383,0.0003,-0.3821
7132,attacker,FAMOUS,INSECT SPREAD,1,0.3383,-0.3383,0.0003,-0.3799
7133,attacker,FAMOUS,INSECT SPREAD,1,0.3383,-0.3383,0.0003,-0.3778
7134,attacker,FAMOUS,INSECT SPREAD,1,0.3383,-0.3383,0.0003,-0.3759
7135,attacker,FAMOUS,INSECT SPREAD,1,0.3383,-0.3383,0.0003,-0.3740
7136,random,CHOICE GROW GROW SPREAD,SPREAD,1,0.1637,-0.1637,0.0016,-0.3635
7137,attacker,FAMOUS,INSECT SPREAD,1,0.3383,-0.3383,0.0002,-0.3622
7138,random,WATER BURN BURN,BURN,1,0.1003,-0.1003,0.0055,-0.3491
7139,attacker,FAMOUS,INSECT SPREAD,1,0.3383,-0.3383,0.0001,-0.3486
7140,attacker,FAMOUS,INSECT SPREAD,1,0.3383,-0.3383,0.0001,-0.3481
7141,attacker,FAMOUS,INSECT SPREAD,1,0.3383,-0.3383,0.0001,-0.3476
7142,attacker,FAMOUS,INSECT SPREAD,1,0.3383,-0.3383,0.0001,-0.3471
7143,attacker,FAMOUS,INSECT SPREAD,1,0.3383,-0.3383,0.0001,-0.3467
7144,attacker,FAMOUS,INSECT SPREAD,1,0.3383,-0.3383,0.0001,-0.3462
7145,attacker,FAMOUS,INSECT SPREAD,1,0.3383,-0.3383,0.0001,-0.3458
7146,attacker,FAMOUS,INSECT SPREAD,1,0.3383,-0.3383,0.0001,-0.3455
7147,attacker,FAMOUS,INSECT SPREAD,1,0.3383,-0.3383,0.0001,-0.3451
7148,attacker,FAMOUS,INSECT SPREAD,1,0.3383,-0.3383,0.0001,-0.3448
7149,random,GUARD MOVE,WOMAN BURN,0,1.0680,-1.0680,-4.5176,-0.3809
7150,attacker,FAMOUS,INSECT SPREAD,1,0.3383,-0.3383,0.0003,-0.3788
7151,attacker,FAMOUS,INSECT SPREAD,1,0.3383,-0.3383,0.0003,-0.3768
7152,random,CONNECTED KEY,SPREAD,1,0.3056,-0.3056,0.0032,-0.3732
7153,random,DEAD,SOLDIER BURN,0,1.4387,-1.4387,-1.2575,-0.4265
7154,attacker,FAMOUS,INSECT SPREAD,1,0.3383,-0.3383,0.0007,-0.4221
7155,attacker,FAMOUS,INSECT SPREAD,1,0.3383,-0.3383,0.0006,-0.4179
7156,attacker,FAMOUS,INSECT SPREAD,1,0.3383,-0.3383,0.0006,-0.4139
7157,random,FAMOUS,INSECT SPREAD,1,0.3383,-0.3383,0.0006,-0.4101
7158,attacker,FAMOUS,INSECT SPREAD,1,0.3383,-0.3383,0.0005,-0.4065
7159,random,HORSE,BURN,1,0.2156,-0.2156,0.0038,-0.3970
7160,random,CORRUPTED,PHONE SEE HORSE,1,0.4532,-0.4532,-0.2607,-0.3998
7161,attacker,FAMOUS,INSECT SPREAD,1,0.3383,-0.3383,0.0005,-0.3967
7162,attacker,FAMOUS,INSECT SPREAD,1,0.3383,-0.3383,0.0004,-0.3938
7163,attacker,FAMOUS,INSECT GROW,1,0.3840,-0.3840,0.0618,-0.3933
7164,attacker,FAMOUS,INSECT SPREAD,1,0.3383,-0.3383,0.0004,-0.3906
7165,attacker,FAMOUS,INSECT SPREAD,1,0.3383,-0.3383,0.0004,-0.3879
7166,attacker,FAMOUS,INSECT SPREAD,1,0.3383,-0.3383,0.0004,-0.3855
7167,attacker,FAMOUS,INSECT SPREAD,1,0.3383,-0.3383,0.0004,-0.3831
7168,attacker,FAMOUS,INSECT SPREAD,1,0.3383,-0.3383,0.0003,-0.3809
7169,random,PATTERN SPREAD SPREAD FAIL GROW,SPREAD,1,0.1687,-0.1687,0.0019,-0.3702
7170,attacker,FAMOUS,INSECT SPREAD,1,0.3383,-0.3383,0.0002,-0.3686
7171,random,PLAN SPREAD GROW FAIL UPDATE,SIGNAL SPREAD,1,0.1389,-0.1389,0.4350,-0.3572
7172,attacker,FAMOUS,INSECT SPREAD,1,0.3383,-0.3383,0.0001,-0.3562
7173,random,MAP GROW BURN,SPREAD,1,0.2343,-0.2343,0.0019,-0.3501
7174,attacker,FAMOUS,INSECT SPREAD,1,0.3383,-0.3383,0.0001,-0.3495
7175,attacker,FAMOUS,INSECT SPREAD,1,0.3383,-0.3383,0.0001,-0.3490
7176,attacker,FAMOUS,INSECT SPREAD,1,0.3383,-0.3383,0.0001,-0.3484
7177,attacker,FAMOUS,INSECT SPREAD,1,0.3383,-0.3383,0.0001,-0.3479
7178,attacker,FAMOUS,INSECT SPREAD,1,0.3383,-0.3383,0.0001,-0.3474
7179,attacker,FAMOUS,INSECT SPREAD,1,0.3383,-0.3383,0.0001,-0.3470
7180,attacker,FAMOUS,INSECT SPREAD,1,0.3383,-0.3383,0.0001,-0.3465
7181,attacker,FAMOUS,INSECT SPREAD,1,0.3383,-0.3383,0.0001,-0.3461
7182,random,ACTIVE,INSECT SPREAD,1,0.3454,-0.3454,0.0001,-0.3461
7183,attacker,FAMOUS,INSECT SPREAD,1,0.3383,-0.3383,0.0001,-0.3457
7184,attacker,FAMOUS,INSECT SPREAD,1,0.3383,-0.3383,0.0001,-0.3453
7185,random,PROUD,STRANGER BURN,1,0.3859,-0.3859,-0.0024,-0.3474
7186,attacker,FAMOUS,INSECT SPREAD,1,0.3383,-0.3383,0.0001,-0.3469
7187,attacker,FAMOUS,INSECT SPREAD,1,0.3383,-0.3383,0.0001,-0.3465
7188,random,DORMANT LEADER,BURN,1,0.3423,-0.3423,0.0001,-0.3463
7189,random,HORSE FALL FALL BURN CARRY STONE,BURN,1,0.1541,-0.1541,0.0015,-0.3367
7190,attacker,FAMOUS,INSECT SPREAD,1,0.3383,-0.3383,-0.0000,-0.3367
7191,attacker,FAMOUS,INSECT SPREAD,1,0.3383,-0.3383,-0.0000,-0.3368
7192,attacker,FAMOUS,INSECT SPREAD,1,0.3383,-0.3383,-0.0000,-0.3369
7193,attacker,FAMOUS,INSECT SPREAD,1,0.3383,-0.3383,-0.0000,-0.3370
7194,attacker,FAMOUS,INSECT SPREAD,1,0.3383,-0.3383,-0.0000,-0.3370
7195,attacker,FAMOUS,INSECT SPREAD,1,0.3383,-0.3383,-0.0000,-0.3371
7196,random,ALGORITHM,SPREAD,1,0.2312,-0.2312,0.0012,-0.3318
7197,random,LEADER,BURN,1,0.2478,-0.2478,0.0080,-0.3276
7198,random,REBELLIOUS GUARD EAT,METAL BURN,1,0.2922,-0.2922,0.0555,-0.3258
7199,random,ERROR GROW,SPREAD,1,0.2283,-0.2283,0.0007,-0.3210
7200,attacker,FAMOUS,INSECT SPREAD,1,0.3383,-0.3383,-0.0001,-0.3218
7201,attacker,FAMOUS,INSECT SPREAD,1,0.3383,-0.3383,-0.0001,-0.3226
7202,attacker,FAMOUS,INSECT SPREAD,1,0.3383,-0.3383,-0.0001,-0.3234
7203,attacker,FAMOUS,INSECT SPREAD,1,0.3383,-0.3383,-0.0001,-0.3242
7204,attacker,FAMOUS,INSECT SPREAD,1,0.3383,-0.3383,-0.0001,-0.3249
7205,attacker,FAMOUS,INSECT SPREAD,1,0.3383,-0.3383,-0.0001,-0.3255
7206,attacker,FAMOUS,INSECT SPREAD,1,0.3383,-0.3383,-0.0001,-0.3262
7207,random,WOOD FALL FALL,BURN,1,0.1697,-0.1697,0.0023,-0.3184
7208,attacker,FAMOUS,INSECT SPREAD,1,0.3383,-0.3383,-0.0002,-0.3193
7209,random,CHOICE SPREAD SPREAD GROW SPREAD SPREAD,SPREAD,1,0.1518,-0.1518,0.0012,-0.3110
7210,attacker,FAMOUS,INSECT SPREAD,1,0.3383,-0.3383,-0.0002,-0.3123
7211,random,HAPPY BIRD SEE LEADER ATTACK,DOG BURN,1,0.2435,-0.2435,0.1289,-0.3089
7212,attacker,FAMOUS,INSECT SPREAD,1,0.3383,-0.3383,-0.0002,-0.3104
7213,attacker,FAMOUS,INSECT SPREAD,1,0.3383,-0.3383,-0.0002,-0.3118
7214,attacker,FAMOUS,INSECT SPREAD,1,0.3383,-0.3383,-0.0002,-0.3131
7215,attacker,FAMOUS,INSECT SPREAD,1,0.3383,-0.3383,-0.0002,-0.3143
7216,random,TOOL FALL,SPREAD,1,0.2661,-0.2661,0.0006,-0.3119
7217,attacker,FAMOUS,INSECT SPREAD,1,0.3383,-0.3383,-0.0002,-0.3132
7218,random,COMPUTER GENERATE CHAOTIC CONNECTED BORDER UPDATE,DEBT,0,1.2940,-1.2940,-3.7280,-0.3623
7219,random,BROKEN SOLDIER FALL,BURN,1,0.2743,-0.2743,0.0028,-0.3579
7220,random,WEAK,CAMERA FAIL,1,0.4320,-0.4320,-0.2900,-0.3616
7221,attacker,FAMOUS,INSECT SPREAD,1,0.3383,-0.3383,0.0002,-0.3604
7222,attacker,FAMOUS,INSECT SPREAD,1,0.3383,-0.3383,0.0002,-0.3593
7223,random,ELDER ATTACK TRUSTED,INSECT BURN,1,0.2993,-0.2993,0.0252,-0.3563
7224,attacker,FAMOUS,INSECT SPREAD,1,0.3383,-0.3383,0.0001,-0.3554
7225,attacker,FAMOUS,INSECT SPREAD,1,0.3383,-0.3383,0.0001,-0.3546
7226,random,WEAK SEED,BURN,0,1.3024,-1.3024,-1.6408,-0.4019
7227,random,RULE GROW SPREAD GROW GROW GROW,SPREAD,1,0.1680,-0.1680,0.0015,-0.3903
7228,random,FOOD BURN,BURN,1,0.1036,-0.1036,0.0055,-0.3759
7229,attacker,FAMOUS,INSECT SPREAD,1,0.3383,-0.3383,0.0003,-0.3740
7230,random,HEAVY MAP,BURN,1,0.3095,-0.3095,0.0387,-0.3708
7231,random,REBELLIOUS GUARD BREAK ORDERED HEAVY CAR,BURN,1,0.2146,-0.2146,0.0017,-0.3630
7232,attacker,FAMOUS,INSECT SPREAD,1,0.3383,-0.3383,0.0002,-0.3618
7233,attacker,FAMOUS,INSECT SPREAD,1,0.3383,-0.3383,0.0002,-0.3606
7234,attacker,FAMOUS,INSECT SPREAD,1,0.3383,-0.3383,0.0002,-0.3595
7235,random,ENCRYPTED,MEMORY SPREAD,1,0.3602,-0.3602,-0.0018,-0.3595
7236,attacker,FAMOUS,INSECT SPREAD,1,0.3383,-0.3383,0.0002,-0.3585
7237,attacker,FAMOUS,INSECT SPREAD,1,0.3383,-0.3383,0.0002,-0.3574
7238,random,TOOL SPREAD GROW,SPREAD,1,0.1700,-0.1700,0.0012,-0.3481
7239,attacker,FAMOUS,INSECT SPREAD,1,0.3383,-0.3383,0.0001,-0.3476
7240,attacker,FAMOUS,INSECT SPREAD,1,0.3383,-0.3383,0.0001,-0.3471
7241,random,LEADER MOVE WEAK,CHILD BURN,1,0.1803,-0.1803,0.3252,-0.3388
7242,attacker,FAMOUS,INSECT SPREAD,1,0.3383,-0.3383,0.0000,-0.3388
7243,attacker,FAMOUS,INSECT SPREAD,1,0.3383,-0.3383,0.0000,-0.3387
7244,attacker,DIRTY,MAP BURN,1,0.4511,-0.4511,-0.2050,-0.3443
7245,attacker,FAMOUS,INSECT SPREAD,1,0.3383,-0.3383,0.0000,-0.3440
7246,random,MEMORY FAIL SPREAD,SPREAD,1,0.1406,-0.1406,0.0013,-0.3339
7247,attacker,FAMOUS,INSECT SPREAD,1,0.3383,-0.3383,-0.0000,-0.3341
7248,attacker,FAMOUS,INSECT SPREAD,1,0.3383,-0.3383,-0.0000,-0.3343
7249,attacker,FAMOUS,INSECT SPREAD,1,0.3383,-0.3383,-0.0000,-0.3345
7250,random,DEAD LEADER BURN,BURN,1,0.2013,-0.2013,0.0021,-0.3278
7251,attacker,FAMOUS,INSECT SPREAD,1,0.3383,-0.3383,-0.0001,-0.3284
7252,random,BIRD,BURN,1,0.2294,-0.2294,0.0019,-0.3234
7253,attacker,FAMOUS,INSECT SPREAD,1,0.3383,-0.3383,-0.0001,-0.3242
7254,attacker,FAMOUS,INSECT SPREAD,1,0.3383,-0.3383,-0.0001,-0.3249
7255,random,CLOCK,FAIL,1,0.2329,-0.2329,0.0027,-0.3203
7256,attacker,FAMOUS,INSECT SPREAD,1,0.3383,-0.3383,-0.0001,-0.3212
7257,attacker,FAMOUS,INSECT SPREAD,1,0.3383,-0.3383,-0.0001,-0.3220
7258,attacker,FAMOUS,INSECT SPREAD,1,0.3383,-0.3383,-0.0001,-0.3228
7259,random,CHAOTIC,CAMERA FAIL,0,1.4931,-1.4931,-3.7826,-0.3813
7260,attacker,FAMOUS,INSECT SPREAD,1,0.3383,-0.3383,0.0003,-0.3792
7261,attacker,FAMOUS,INSECT SPREAD,1,0.3383,-0.3383,0.0003,-0.3771
7262,attacker,FAMOUS,INSECT SPREAD,1,0.3383,-0.3383,0.0003,-0.3752
7263,attacker,FAMOUS,INSECT SPREAD,1,0.3383,-0.3383,0.0003,-0.3734
7264,random,SENSOR FAIL,FAIL,1,0.1057,-0.1057,0.0322,-0.3600
7265,random,TRUTH GROW GROW SPREAD GROW,SPREAD,1,0.1621,-0.1621,0.0015,-0.3501
7266,attacker,FAMOUS,INSECT SPREAD,1,0.3383,-0.3383,0.0001,-0.3495
7267,attacker,FAMOUS,INSECT SPREAD,1,0.3383,-0.3383,0.0001,-0.3489
7268,random,WEAPON,SPREAD,1,0.2377,-0.2377,0.0004,-0.3434
7269,attacker,FAMOUS,INSECT SPREAD,1,0.3383,-0.3383,0.0000,-0.3431
7270,attacker,FAMOUS,INSECT SPREAD,1,0.3383,-0.3383,0.0000,-0.3429
7271,random,CHOICE,SPREAD,1,0.2266,-0.2266,0.0005,-0.3371
7272,attacker,FAMOUS,INSECT SPREAD,1,0.3383,-0.3383,-0.0000,-0.3371
7273,attacker,FAMOUS,INSECT SPREAD,1,0.3383,-0.3383,-0.0000,-0.3372
7274,random,SIMPLE ALGORITHM SPREAD GROW GROW,SPREAD,1,0.2671,-0.2671,0.0007,-0.3337
7275,random,REBELLIOUS GUARD SEE INSECT SEE,WOLF BURN,1,0.2391,-0.2391,0.3250,-0.3289
7276,attacker,FAMOUS,INSECT SPREAD,1,0.3383,-0.3383,-0.0001,-0.3294
7277,attacker,FAMOUS,INSECT SPREAD,1,0.3383,-0.3383,-0.0001,-0.3299
7278,attacker,FAMOUS,INSECT SPREAD,1,0.3383,-0.3383,-0.0001,-0.3303
7279,attacker,FAMOUS,INSECT SPREAD,1,0.3383,-0.3383,-0.0001,-0.3307
7280,attacker,FAMOUS,INSECT SPREAD,1,0.3383,-0.3383,-0.0001,-0.3311
7281,random,COMPUTER,FAIL,1,0.2228,-0.2228,0.0040,-0.3256
7282,attacker,FAMOUS,INSECT SPREAD,1,0.3383,-0.3383,-0.0001,-0.3263
7283,attacker,FAMOUS,INSECT SPREAD,1,0.3383,-0.3383,-0.0001,-0.3269
7284,random,AUTOMATED KEY FALL,GROW,1,0.2713,-0.2713,0.2414,-0.3241
7285,attacker,FAMOUS,INSECT SPREAD,1,0.3383,-0.3383,-0.0001,-0.3248
7286,attacker,FAMOUS,INSECT SPREAD,1,0.3383,-0.3383,-0.0001,-0.3255
7287,attacker,FAMOUS,INSECT SPREAD,1,0.3383,-0.3383,-0.0001,-0.3261
7288,attacker,FAMOUS,INSECT SPREAD,1,0.3383,-0.3383,-0.0001,-0.3267
7289,attacker,FAMOUS,INSECT SPREAD,1,0.3383,-0.3383,-0.0001,-0.3273
7290,attacker,FAMOUS,INSECT SPREAD,1,0.3383,-0.3383,-0.0001,-0.3279
7291,random,OPTIMAL POWER SPREAD SPREAD GROW GROW,SPREAD,1,0.2563,-0.2563,0.0004,-0.3243
7292,random,PLAN,SPREAD,1,0.2080,-0.2080,0.0020,-0.3185
7293,attacker,FAMOUS,INSECT SPREAD,1,0.3383,-0.3383,-0.0001,-0.3195
7294,attacker,FAMOUS,INSECT SPREAD,1,0.3383,-0.3383,-0.0001,-0.3204
7295,attacker,FAMOUS,INSECT SPREAD,1,0.3383,-0.3383,-0.0001,-0.3213
7296,random,SHARP,INSECT BURN,1,0.3127,-0.3127,0.0135,-0.3209
7297,random,FEAR,SPREAD,1,0.2077,-0.2077,0.0005,-0.3152
7298,random,NETWORK,SPREAD,1,0.2019,-0.2019,0.0008,-0.3095
7299,random,SAD,SOLDIER BURN,1,0.4381,-0.4381,-0.2375,-0.3160
7300,attacker,FAMOUS,INSECT SPREAD,1,0.3383,-0.3383,-0.0002,-0.3171
7301,attacker,FAMOUS,INSECT GROW,1,0.3840,-0.3840,-0.4077,-0.3204
7302,attacker,FAMOUS,INSECT SPREAD,1,0.3383,-0.3383,-0.0001,-0.3213
7303,attacker,FAMOUS,INSECT SPREAD,1,0.3383,-0.3383,-0.0001,-0.3222
7304,attacker,FAMOUS,INSECT SPREAD,1,0.3383,-0.3383,-0.0001,-0.3230
7305,random,FIRE GROW,BURN,1,0.1731,-0.1731,0.0036,-0.3155
7306,attacker,FAMOUS,INSECT SPREAD,1,0.3383,-0.3383,-0.0001,-0.3166
7307,attacker,FAMOUS,INSECT SPREAD,1,0.3383,-0.3383,-0.0001,-0.3177
7308,attacker,FAMOUS,INSECT SPREAD,1,0.3383,-0.3383,-0.0001,-0.3187
7309,attacker,FAMOUS,INSECT SPREAD,1,0.3383,-0.3383,-0.0001,-0.3197
7310,attacker,FAMOUS,INSECT SPREAD,1,0.3383,-0.3383,-0.0001,-0.3206
7311,attacker,FAMOUS,INSECT SPREAD,1,0.3383,-0.3383,-0.0001,-0.3215
7312,attacker,FAMOUS,INSECT SPREAD,1,0.3383,-0.3383,-0.0001,-0.3224
7313,attacker,FAMOUS,INSECT SPREAD,1,0.3383,-0.3383,-0.0001,-0.3232
7314,random,IDENTITY GROW,SPREAD,1,0.2104,-0.2104,0.0006,-0.3175
7315,attacker,FAMOUS,INSECT SPREAD,1,0.3383,-0.3383,-0.0001,-0.3186
7316,attacker,FAMOUS,INSECT SPREAD,1,0.3383,-0.3383,-0.0001,-0.3195
7317,attacker,FAMOUS,INSECT SPREAD,1,0.3383,-0.3383,-0.0001,-0.3205
7318,attacker,DIRTY,GUARD BURN,1,0.4381,-0.4381,-0.2025,-0.3264
7319,attacker,FAMOUS,INSECT SPREAD,1,0.3383,-0.3383,-0.0001,-0.3270
7320,random,ELDER SEE TOOL HEAR MAN BUILD,INSECT BURN,1,0.1721,-0.1721,0.1148,-0.3192
7321,attacker,FAMOUS,INSECT SPREAD,1,0.3383,-0.3383,-0.0001,-0.3202
7322,random,FAMOUS INSECT GROW SPREAD HEAR FREE,HORSE SPREAD,1,0.1695,-0.1695,0.7094,-0.3126
7323,random,ENGINE FALL,FALL,1,0.1089,-0.1089,0.0372,-0.3024
7324,attacker,FAMOUS,INSECT SPREAD,1,0.3383,-0.3383,-0.0002,-0.3042
7325,attacker,FAMOUS,INSECT SPREAD,1,0.3383,-0.3383,-0.0002,-0.3059
7326,random,WOOD FALL FALL FALL BURN FALL,BURN,1,0.1352,-0.1352,0.0015,-0.2974
7327,random,SEED FALL FALL SPREAD GROW,BURN,1,0.1881,-0.1881,0.0024,-0.2919
7328,attacker,FAMOUS,INSECT SPREAD,1,0.3383,-0.3383,-0.0002,-0.2943
7329,random,DRONE BREAK,WATER,1,0.2222,-0.2222,0.2465,-0.2906
7330,random,FREE PLAN,SPREAD,1,0.3205,-0.3205,-0.0002,-0.2921
7331,attacker,FAMOUS,INSECT SPREAD,1,0.3383,-0.3383,-0.0002,-0.2945
7332,attacker,FAMOUS,INSECT SPREAD,1,0.3383,-0.3383,-0.0002,-0.2966
7333,random,LIE GROW GROW GROW SPREAD GROW,SPREAD,1,0.1695,-0.1695,0.0006,-0.2903
7334,attacker,FAMOUS,INSECT SPREAD,1,0.3383,-0.3383,-0.0003,-0.2927
7335,attacker,FAMOUS,INSECT SPREAD,1,0.3383,-0.3383,-0.0003,-0.2950
7336,attacker,FAMOUS,INSECT SPREAD,1,0.3383,-0.3383,-0.0002,-0.2971
7337,random,STRONG CAR BREAK,FOOD,1,0.3175,-0.3175,-0.0461,-0.2982
7338,attacker,FAMOUS,INSECT SPREAD,1,0.3383,-0.3383,-0.0002,-0.3002
7339,attacker,FAMOUS,INSECT SPREAD,1,0.3383,-0.3383,-0.0002,-0.3021
7340,random,PATTERN GROW SPREAD,SPREAD,1,0.1605,-0.1605,0.0012,-0.2950
7341,attacker,FAMOUS,INSECT SPREAD,1,0.3383,-0.3383,-0.0002,-0.2972
7342,attacker,FAMOUS,INSECT SPREAD,1,0.3383,-0.3383,-0.0002,-0.2992
7343,random,TOOL GROW SPREAD BURN GROW SPREAD,SPREAD,1,0.1817,-0.1817,0.0007,-0.2933
7344,random,LIE,SPREAD,1,0.2129,-0.2129,0.0003,-0.2893
7345,attacker,FAMOUS,INSECT SPREAD,1,0.3383,-0.3383,-0.0003,-0.2918
7346,attacker,FAMOUS,INSECT SPREAD,1,0.3383,-0.3383,-0.0003,-0.2941
7347,attacker,FAMOUS,INSECT SPREAD,1,0.3383,-0.3383,-0.0003,-0.2963
7348,attacker,FAMOUS,INSECT SPREAD,1,0.3383,-0.3383,-0.0002,-0.2984
7349,attacker,FAMOUS,INSECT SPREAD,1,0.3383,-0.3383,-0.0002,-0.3004
7350,attacker,FAMOUS,INSECT SPREAD,1,0.3383,-0.3383,-0.0002,-0.3023
7351,attacker,FAMOUS,INSECT SPREAD,1,0.3383,-0.3383,-0.0002,-0.3041
7352,attacker,FAMOUS,INSECT SPREAD,1,0.3383,-0.3383,-0.0002,-0.3058
7353,attacker,FAMOUS,INSECT SPREAD,1,0.3383,-0.3383,-0.0002,-0.3074
7354,attacker,FAMOUS,INSECT SPREAD,1,0.3383,-0.3383,-0.0002,-0.3090
7355,attacker,FAMOUS,INSECT SPREAD,1,0.3383,-0.3383,-0.0002,-0.3104
7356,random,METAL,BURN,1,0.2030,-0.2030,0.0011,-0.3051
7357,attacker,FAMOUS,INSECT SPREAD,1,0.3383,-0.3383,-0.0002,-0.3067
7358,attacker,FAMOUS,INSECT SPREAD,1,0.3383,-0.3383,-0.0002,-0.3083
7359,attacker,FAMOUS,INSECT SPREAD,1,0.3383,-0.3383,-0.0002,-0.3098
7360,random,MAN,BURN,1,0.2394,-0.2394,0.0007,-0.3063
7361,random,INSECT GROW SPREAD,SPREAD,1,0.1639,-0.1639,0.0014,-0.2992
7362,random,CLOCK,FAIL,1,0.2329,-0.2329,0.0016,-0.2958
7363,random,FIRE,BURN,1,0.2049,-0.2049,0.0011,-0.2913
7364,attacker,FAMOUS,INSECT SPREAD,1,0.3383,-0.3383,-0.0003,-0.2936
7365,attacker,FAMOUS,INSECT SPREAD,1,0.3383,-0.3383,-0.0003,-0.2959
7366,attacker,FAMOUS,INSECT SPREAD,1,0.3383,-0.3383,-0.0003,-0.2980
7367,attacker,FAMOUS,INSECT SPREAD,1,0.3383,-0.3383,-0.0002,-0.3000
7368,attacker,FAMOUS,INSECT SPREAD,1,0.3383,-0.3383,-0.0002,-0.3019
7369,attacker,FAMOUS,INSECT SPREAD,1,0.3383,-0.3383,-0.0002,-0.3037
7370,attacker,FAMOUS,INSECT SPREAD,1,0.3383,-0.3383,-0.0002,-0.3055
7371,random,BIG ENGINE UPDATE BROKEN AUTOMATED CAMERA,FALL,1,0.3431,-0.3431,-0.0190,-0.3074
7372,random,WEAPON,SPREAD,1,0.2377,-0.2377,0.0002,-0.3039
7373,attacker,FAMOUS,INSECT SPREAD,1,0.3383,-0.3383,-0.0002,-0.3056
7374,attacker,FAMOUS,INSECT SPREAD,1,0.3383,-0.3383,-0.0002,-0.3072
7375,attacker,FAMOUS,INSECT SPREAD,1,0.3383,-0.3383,-0.0002,-0.3088
7376,attacker,FAMOUS,INSECT SPREAD,1,0.3383,-0.3383,-0.0002,-0.3103
7377,random,WOOD BURN,BURN,1,0.1007,-0.1007,0.0050,-0.2998
7378,attacker,FAMOUS,INSECT SPREAD,1,0.3383,-0.3383,-0.0002,-0.3017
7379,attacker,FAMOUS,INSECT SPREAD,1,0.3383,-0.3383,-0.0002,-0.3035
7380,attacker,FAMOUS,INSECT SPREAD,1,0.3383,-0.3383,-0.0002,-0.3053
7381,attacker,FAMOUS,INSECT SPREAD,1,0.3383,-0.3383,-0.0002,-0.3069
7382,random,COMPUTER HEAR,COMPLEX SIMPLE BORDER,1,0.3228,-0.3228,-0.1907,-0.3077
7383,random,CLOCK,FAIL,1,0.2329,-0.2329,0.0017,-0.3040
7384,attacker,FAMOUS,INSECT SPREAD,1,0.3383,-0.3383,-0.0002,-0.3057
7385,attacker,FAMOUS,INSECT SPREAD,1,0.3383,-0.3383,-0.0002,-0.3073
7386,attacker,FAMOUS,INSECT SPREAD,1,0.3383,-0.3383,-0.0002,-0.3089
7387,attacker,FAMOUS,INSECT SPREAD,1,0.3383,-0.3383,-0.0002,-0.3103
7388,random,VAST,INSECT BURN,1,0.3103,-0.3103,0.0000,-0.3103
7389,random,WOOD,BURN,1,0.2030,-0.2030,0.0007,-0.3050
7390,attacker,FAMOUS,INSECT SPREAD,1,0.3383,-0.3383,-0.0002,-0.3066
7391,attacker,FAMOUS,INSECT SPREAD,1,0.3383,-0.3383,-0.0002,-0.3082
7392,attacker,FAMOUS,INSECT SPREAD,1,0.3383,-0.3383,-0.0002,-0.3097
7393,random,CAR,FAIL,1,0.2484,-0.2484,0.0057,-0.3067
7394,attacker,FAMOUS,INSECT SPREAD,1,0.3383,-0.3383,-0.0002,-0.3082
7395,random,KEY,SPREAD,1,0.2165,-0.2165,0.0005,-0.3036
7396,random,ROBOT ENCODE RULE SEE TRAPPED ISOLATED,SOLDIER BURN,0,1.3312,-1.3312,-4.1780,-0.3550
7397,attacker,FAMOUS,INSECT SPREAD,1,0.3383,-0.3383,0.0001,-0.3542
7398,attacker,FAMOUS,INSECT SPREAD,1,0.3383,-0.3383,0.0001,-0.3534
7399,attacker,FAMOUS,INSECT SPREAD,1,0.3383,-0.3383,0.0001,-0.3526
7400,attacker,FAMOUS,INSECT SPREAD,1,0.3383,-0.3383,0.0001,-0.3519
7401,random,ELDER KNOW,CHANCE BURN,1,0.2322,-0.2322,0.3456,-0.3459
7402,attacker,FAMOUS,INSECT SPREAD,1,0.3383,-0.3383,0.0000,-0.3455
7403,attacker,FAMOUS,INSECT SPREAD,1,0.3383,-0.3383,0.0000,-0.3452
7404,attacker,FAMOUS,INSECT SPREAD,1,0.3383,-0.3383,0.0000,-0.3448
7405,random,BIG,DUST BURN,1,0.3014,-0.3014,0.2455,-0.3427
7406,attacker,FAMOUS,INSECT SPREAD,1,0.3383,-0.3383,0.0000,-0.3424
7407,attacker,FAMOUS,INSECT SPREAD,1,0.3383,-0.3383,0.0000,-0.3422
7408,attacker,FAMOUS,INSECT SPREAD,1,0.3383,-0.3383,0.0000,-0.3420
7409,attacker,FAMOUS,INSECT SPREAD,1,0.3383,-0.3383,0.0000,-0.3419
7410,attacker,FAMOUS,INSECT SPREAD,1,0.3383,-0.3383,0.0000,-0.3417
7411,attacker,FAMOUS,INSECT SPREAD,1,0.3383,-0.3383,0.0000,-0.3415
7412,attacker,FAMOUS,INSECT SPREAD,1,0.3383,-0.3383,0.0000,-0.3413
7413,attacker,FAMOUS,INSECT SPREAD,1,0.3383,-0.3383,0.0000,-0.3412
7414,random,SOLDIER BUILD ISOLATED SECRET MARKET FALL,BURN,1,0.2907,-0.2907,0.0006,-0.3387
7415,attacker,FAMOUS,INSECT SPREAD,1,0.3383,-0.3383,0.0000,-0.3386
7416,attacker,FAMOUS,INSECT SPREAD,1,0.3383,-0.3383,0.0000,-0.3386
7417,attacker,FAMOUS,INSECT SPREAD,1,0.3383,-0.3383,0.0000,-0.3386
7418,random,ANGRY GUARD SEE ELDER,BURN,1,0.3299,-0.3299,0.0002,-0.3382
7419,attacker,FAMOUS,INSECT SPREAD,1,0.3383,-0.3383,-0.0000,-0.3382
7420,attacker,FAMOUS,INSECT SPREAD,1,0.3383,-0.3383,-0.0000,-0.3382
7421,attacker,FAMOUS,INSECT SPREAD,1,0.3383,-0.3383,-0.0000,-0.3382
7422,random,TRUSTED,INSECT SPREAD,1,0.3366,-0.3366,0.0000,-0.3381
7423,random,SECRET,INSECT SPREAD,0,1.4276,-1.4276,-1.1452,-0.3926
7424,attacker,FAMOUS,INSECT SPREAD,1,0.3383,-0.3383,0.0005,-0.3899
7425,random,SEED,BURN,1,0.2049,-0.2049,0.0023,-0.3806
7426,attacker,FAMOUS,INSECT SPREAD,1,0.3383,-0.3383,0.0004,-0.3785
7427,attacker,FAMOUS,INSECT SPREAD,1,0.3383,-0.3383,0.0004,-0.3765
7428,attacker,FAMOUS,INSECT SPREAD,1,0.3383,-0.3383,0.0004,-0.3746
7429,attacker,FAMOUS,INSECT SPREAD,1,0.3383,-0.3383,0.0003,-0.3728
7430,attacker,FAMOUS,INSECT SPREAD,1,0.3383,-0.3383,0.0003,-0.3710
7431,random,VAST DEBT GROW SPREAD SPREAD GROW,SPREAD,1,0.2552,-0.2552,0.0007,-0.3653
7432,attacker,FAMOUS,INSECT SPREAD,1,0.3383,-0.3383,0.0003,-0.3639
7433,attacker,FAMOUS,INSECT SPREAD,1,0.3383,-0.3383,0.0003,-0.3626
7434,random,DEAD,DRONE FAIL,0,1.4161,-1.4161,-2.5040,-0.4153
7435,random,OUTCAST,CROWD BURN,1,0.4465,-0.4465,-0.0557,-0.4169
7436,attacker,FAMOUS,INSECT SPREAD,1,0.3383,-0.3383,0.0008,-0.4129
7437,attacker,FAMOUS,INSECT SPREAD,1,0.3383,-0.3383,0.0008,-0.4092
7438,attacker,FAMOUS,INSECT SPREAD,1,0.3383,-0.3383,0.0007,-0.4057
7439,random,FOOD BURN BURN BURN FALL BURN,BURN,1,0.1340,-0.1340,0.0037,-0.3921
7440,random,TRUSTED KEY,SPREAD,1,0.3118,-0.3118,0.0890,-0.3881
7441,attacker,FAMOUS,INSECT SPREAD,1,0.3383,-0.3383,0.0005,-0.3856
7442,attacker,FAMOUS,INSECT SPREAD,1,0.3383,-0.3383,0.0005,-0.3832
7443,random,DEBT GROW,SPREAD,1,0.2036,-0.2036,0.0011,-0.3742
7444,attacker,FAMOUS,INSECT SPREAD,1,0.3383,-0.3383,0.0004,-0.3724
7445,attacker,FAMOUS,INSECT SPREAD,1,0.3383,-0.3383,0.0004,-0.3707
7446,random,IDENTITY,SPREAD,1,0.2161,-0.2161,0.0007,-0.3630
7447,random,DEAD LEADER SPREAD,BURN,1,0.3254,-0.3254,0.0010,-0.3611
7448,attacker,FAMOUS,INSECT SPREAD,1,0.3383,-0.3383,0.0002,-0.3600
7449,random,WATER BURN FALL BURN BURN FALL,BURN,1,0.1339,-0.1339,0.0018,-0.3487
7450,random,TRUTH SPREAD,SPREAD,1,0.1020,-0.1020,0.0018,-0.3363
7451,attacker,FAMOUS,INSECT SPREAD,1,0.3383,-0.3383,-0.0000,-0.3364
7452,random,SAD GUARD BREAK WATER FALL FALL,BURN,1,0.2367,-0.2367,0.0013,-0.3314
7453,attacker,FAMOUS,INSECT SPREAD,1,0.3383,-0.3383,-0.0001,-0.3318
7454,attacker,FAMOUS,INSECT SPREAD,1,0.3383,-0.3383,-0.0001,-0.3321
7455,random,WOOD BURN,BURN,1,0.1007,-0.1007,0.0056,-0.3205
7456,attacker,FAMOUS,INSECT SPREAD,1,0.3383,-0.3383,-0.0002,-0.3214
7457,random,CHANCE,SPREAD,1,0.2027,-0.2027,0.0006,-0.3155
7458,attacker,DIRTY,SOLDIER BURN,1,0.4381,-0.4381,-0.4768,-0.3216
7459,attacker,FAMOUS,INSECT SPREAD,1,0.3383,-0.3383,-0.0002,-0.3225
7460,attacker,FAMOUS,INSECT SPREAD,1,0.3383,-0.3383,-0.0002,-0.3232
7461,attacker,FAMOUS,INSECT SPREAD,1,0.3383,-0.3383,-0.0002,-0.3240
7462,random,WATER,BURN,1,0.2030,-0.2030,0.0010,-0.3179
7463,attacker,FAMOUS,INSECT SPREAD,1,0.3383,-0.3383,-0.0002,-0.3190
7464,attacker,FAMOUS,INSECT SPREAD,1,0.3383,-0.3383,-0.0002,-0.3199
7465,attacker,FAMOUS,INSECT SPREAD,1,0.3383,-0.3383,-0.0002,-0.3208
7466,attacker,FAMOUS,INSECT SPREAD,1,0.3383,-0.3383,-0.0002,-0.3217
7467,random,CLOCK,FAIL,1,0.2329,-0.2329,0.0022,-0.3173
7468,attacker,FAMOUS,INSECT SPREAD,1,0.3383,-0.3383,-0.0002,-0.3183
7469,attacker,FAMOUS,INSECT SPREAD,1,0.3383,-0.3383,-0.0002,-0.3193
7470,attacker,FAMOUS,INSECT SPREAD,1,0.3383,-0.3383,-0.0002,-0.3203
7471,random,ANGRY BIRD,BURN,1,0.3418,-0.3418,-0.0007,-0.3213
7472,attacker,FAMOUS,INSECT SPREAD,1,0.3383,-0.3383,-0.0002,-0.3222
7473,attacker,FAMOUS,INSECT SPREAD,1,0.3383,-0.3383,-0.0002,-0.3230
7474,random,SYSTEM SPREAD FAIL SPREAD SPREAD SPREAD,SPREAD,1,0.1359,-0.1359,0.0017,-0.3136
7475,random,REBELLIOUS GUARD,BURN,1,0.3394,-0.3394,-0.0003,-0.3149
7476,random,ROBOT HEAR RULE,FALL,1,0.2588,-0.2588,0.0035,-0.3121
7477,attacker,FAMOUS,INSECT SPREAD,1,0.3383,-0.3383,-0.0003,-0.3134
7478,attacker,FAMOUS,INSECT SPREAD,1,0.3383,-0.3383,-0.0003,-0.3147
7479,attacker,FAMOUS,INSECT SPREAD,1,0.3383,-0.3383,-0.0003,-0.3159
7480,attacker,FAMOUS,INSECT SPREAD,1,0.3383,-0.3383,-0.0003,-0.3170
7481,attacker,FAMOUS,INSECT SPREAD,1,0.3383,-0.3383,-0.0003,-0.3180
7482,attacker,FAMOUS,INSECT SPREAD,1,0.3383,-0.3383,-0.0002,-0.3191
7483,attacker,FAMOUS,INSECT SPREAD,1,0.3383,-0.3383,-0.0002,-0.3200
7484,attacker,FAMOUS,INSECT SPREAD,1,0.3383,-0.3383,-0.0002,-0.3209
7485,attacker,FAMOUS,INSECT SPREAD,1,0.3383,-0.3383,-0.0002,-0.3218
7486,random,ENGINE SEE DIRTY,STONE FALL,0,1.3118,-1.3118,-7.3477,-0.3713
7487,random,STRANGER FORGET TRAPPED DORMANT ELDER BUILD,FOOD BURN,1,0.2950,-0.2950,0.2212,-0.3675
7488,random,DOG,BURN,1,0.2279,-0.2279,0.0028,-0.3605
7489,attacker,FAMOUS,INSECT SPREAD,1,0.3383,-0.3383,0.0003,-0.3594
7490,random,STRANGER CARRY,INSECT BURN,0,1.1489,-1.1489,-0.8346,-0.3989
7491,attacker,FAMOUS,INSECT SPREAD,1,0.3383,-0.3383,0.0008,-0.3958
7492,random,SENSOR FALL MOVE,SOLDIER FAIL,1,0.2211,-0.2211,1.0858,-0.3871
7493,attacker,FAMOUS,INSECT SPREAD,1,0.3383,-0.3383,0.0007,-0.3847
7494,attacker,FAMOUS,INSECT SPREAD,1,0.3383,-0.3383,0.0007,-0.3823
7495,random,HEAVY KEY GROW FALL,BURN,1,0.2773,-0.2773,0.0040,-0.3771
7496,random,CAMERA GENERATE,LAW FAIL,1,0.1782,-0.1782,0.9105,-0.3671
7497,random,PATTERN,SPREAD,1,0.2312,-0.2312,0.0011,-0.3603
7498,random,WEAPON GROW SPREAD SPREAD,SPREAD,1,0.1580,-0.1580,0.0017,-0.3502
7499,attacker,FAMOUS,INSECT SPREAD,1,0.3383,-0.3383,0.0002,-0.3496
7500,attacker,FAMOUS,INSECT SPREAD,1,0.3383,-0.3383,0.0002,-0.3491
7501,attacker,FAMOUS,INSECT SPREAD,1,0.3383,-0.3383,0.0002,-0.3485
7502,attacker,FAMOUS,INSECT SPREAD,1,0.3383,-0.3383,0.0002,-0.3480
7503,attacker,FAMOUS,INSECT SPREAD,1,0.3383,-0.3383,0.0002,-0.3475
7504,attacker,FAMOUS,INSECT SPREAD,1,0.3383,-0.3383,0.0002,-0.3471
7505,attacker,FAMOUS,CHANCE SPREAD,1,0.3304,-0.3304,0.0970,-0.3462
7506,random,KEY SPREAD,SPREAD,1,0.1040,-0.1040,0.0022,-0.3341
7507,random,STONE BURN FALL BURN FALL BURN,BURN,1,0.1340,-0.1340,0.0022,-0.3241
7508,attacker,FAMOUS,INSECT SPREAD,1,0.3383,-0.3383,-0.0003,-0.3248
7509,attacker,FAMOUS,INSECT SPREAD,1,0.3383,-0.3383,-0.0004,-0.3255
7510,attacker,FAMOUS,INSECT SPREAD,1,0.3383,-0.3383,-0.0004,-0.3261
7511,attacker,FAMOUS,INSECT SPREAD,1,0.3383,-0.3383,-0.0004,-0.3267
7512,attacker,FAMOUS,INSECT SPREAD,1,0.3383,-0.3383,-0.0004,-0.3273
7513,attacker,FAMOUS,INSECT SPREAD,1,0.3383,-0.3383,-0.0005,-0.3279
7514,random,WOMAN SEE KEY TRADE DIRTY SAD,CHILD BURN,0,1.2597,-1.2597,-1.7146,-0.3745
7515,random,DEAD LEADER,BURN,1,0.3047,-0.3047,0.0010,-0.3710
7516,attacker,FAMOUS,INSECT SPREAD,1,0.3383,-0.3383,0.0018,-0.3693
7517,attacker,FAMOUS,INSECT SPREAD,1,0.3383,-0.3383,0.0018,-0.3678
7518,attacker,FAMOUS,INSECT SPREAD,1,0.3383,-0.3383,0.0017,-0.3663
7519,random,DULL NETWORK SPREAD GROW,SPREAD,1,0.2536,-0.2536,0.0009,-0.3607
7520,attacker,FAMOUS,INSECT SPREAD,1,0.3383,-0.3383,0.0013,-0.3596
7521,attacker,FAMOUS,INSECT SPREAD,1,0.3383,-0.3383,0.0012,-0.3585
7522,attacker,FAMOUS,INSECT SPREAD,1,0.3383,-0.3383,0.0012,-0.3575
7523,random,BORDER GROW SPREAD GROW GROW SPREAD,SPREAD,1,0.1587,-0.1587,0.0014,-0.3475
7524,attacker,FAMOUS,INSECT SPREAD,1,0.3383,-0.3383,0.0005,-0.3471
7525,attacker,FAMOUS,INSECT SPREAD,1,0.3383,-0.3383,0.0005,-0.3466
7526,random,LEADER,BURN,1,0.2478,-0.2478,0.0022,-0.3417
7527,attacker,FAMOUS,INSECT SPREAD,1,0.3383,-0.3383,0.0002,-0.3415
7528,attacker,FAMOUS INSECT,SPREAD,1,0.3176,-0.3176,0.0001,-0.3403
7529,attacker,FAMOUS,INSECT SPREAD,1,0.3383,-0.3383,0.0001,-0.3402
7530,attacker,FAMOUS,INSECT SPREAD,1,0.3383,-0.3383,0.0001,-0.3401
7531,attacker,FAMOUS,INSECT SPREAD,1,0.3383,-0.3383,0.0001,-0.3400
7532,attacker,FAMOUS,INSECT SPREAD,1,0.3383,-0.3383,0.0001,-0.3399
7533,attacker,FAMOUS,INSECT SPREAD,1,0.3383,-0.3383,0.0001,-0.3399
7534,attacker,FAMOUS,INSECT SPREAD,1,0.3383,-0.3383,0.0001,-0.3398
7535,attacker,FAMOUS,INSECT SPREAD,1,0.3383,-0.3383,0.0001,-0.3397
7536,random,LIE GROW,SPREAD,1,0.2090,-0.2090,0.0008,-0.3332
7537,random,COMPUTER,FAIL,1,0.2228,-0.2228,0.0112,-0.3277
7538,random,MAP,SPREAD,1,0.2120,-0.2120,0.0029,-0.3219
7539,attacker,FAMOUS,SEED BURN,0,1.4000,-1.4000,-8.3292,-0.3758
7540,attacker,FAMOUS,INSECT SPREAD,1,0.3383,-0.3383,0.0015,-0.3739
7541,random,OPTIMAL BORDER GROW SPREAD GROW GROW,SPREAD,1,0.2631,-0.2631,0.0006,-0.3684
7542,random,MAN,BURN,1,0.2394,-0.2394,0.0013,-0.3619
7543,random,ISOLATED LEADER BREAK BROKEN SLOW ROBOT,BURN,1,0.2166,-0.2166,0.0011,-0.3547
7544,attacker,FAMOUS,INSECT SPREAD,1,0.3383,-0.3383,0.0006,-0.3538
7545,random,FEAR SPREAD GROW GROW SPREAD SPREAD,SPREAD,1,0.1539,-0.1539,0.0013,-0.3438
7546,random,LAW SPREAD GROW SPREAD GROW GROW,SPREAD,1,0.1563,-0.1563,0.0008,-0.3345
7547,attacker,FAMOUS,INSECT SPREAD,1,0.3383,-0.3383,-0.0001,-0.3346
7548,attacker,FAMOUS,INSECT SPREAD,1,0.3383,-0.3383,-0.0001,-0.3348
7549,random,STRANGER,BURN,1,0.2314,-0.2314,0.0011,-0.3297
7550,attacker,FAMOUS,INSECT SPREAD,1,0.3383,-0.3383,-0.0003,-0.3301
7551,attacker,FAMOUS,INSECT SPREAD,1,0.3383,-0.3383,-0.0003,-0.3305
7552,random,PROUD STRANGER MOVE KEY IMAGINE BROKEN,GUARD BURN,1,0.2409,-0.2409,0.1080,-0.3260
7553,attacker,FAMOUS,INSECT SPREAD,1,0.3383,-0.3383,-0.0004,-0.3266
7554,random,FAMOUS,INSECT SPREAD,1,0.3383,-0.3383,-0.0004,-0.3272
7555,attacker,FAMOUS,INSECT SPREAD,1,0.3383,-0.3383,-0.0004,-0.3278
7556,attacker,FAMOUS,INSECT SPREAD,1,0.3383,-0.3383,-0.0004,-0.3283
7557,random,SLOW IDENTITY GROW SPREAD SPREAD GROW,SPREAD,1,0.2543,-0.2543,0.0011,-0.3246
7558,attacker,FAMOUS,INSECT SPREAD,1,0.3383,-0.3383,-0.0005,-0.3253
7559,attacker,FAMOUS,INSECT SPREAD,1,0.3383,-0.3383,-0.0005,-0.3259
7560,attacker,FAMOUS,INSECT SPREAD,1,0.3383,-0.3383,-0.0005,-0.3265
7561,random,COMPLEX,INSECT SPREAD,1,0.3383,-0.3383,-0.0008,-0.3271
7562,attacker,FAMOUS,INSECT SPREAD,1,0.3383,-0.3383,-0.0004,-0.3277
7563,random,BROKEN ROBOT,FALL,1,0.3329,-0.3329,-0.0029,-0.3280
7564,attacker,FAMOUS,INSECT SPREAD,1,0.3383,-0.3383,-0.0004,-0.3285
7565,random,COMPLEX,INSECT SPREAD,1,0.3383,-0.3383,-0.0007,-0.3290
7566,attacker,FAMOUS,INSECT SPREAD,1,0.3383,-0.3383,-0.0004,-0.3294
7567,attacker,FAMOUS,INSECT SPREAD,1,0.3383,-0.3383,-0.0004,-0.3299
7568,attacker,FAMOUS,INSECT SPREAD,1,0.3383,-0.3383,-0.0004,-0.3303
7569,attacker,FAMOUS,INSECT SPREAD,1,0.3383,-0.3383,-0.0004,-0.3307
7570,random,LAW,SPREAD,1,0.2033,-0.2033,0.0007,-0.3243
7571,random,SAD CAT,BURN,1,0.3059,-0.3059,0.0002,-0.3234
7572,attacker,FAMOUS,INSECT SPREAD,1,0.3383,-0.3383,-0.0008,-0.3241
7573,random,HEAVY BIRD BURN,BURN,1,0.2054,-0.2054,0.0026,-0.3182
7574,attacker,FAMOUS,INSECT SPREAD,1,0.3383,-0.3383,-0.0012,-0.3192
7575,attacker,FAMOUS,INSECT SPREAD,1,0.3383,-0.3383,-0.0012,-0.3202
7576,attacker,FAMOUS,INSECT SPREAD,1,0.3383,-0.3383,-0.0012,-0.3211
7577,attacker,FAMOUS,INSECT SPREAD,1,0.3383,-0.3383,-0.0013,-0.3219
7578,attacker,FAMOUS,INSECT SPREAD,1,0.3383,-0.3383,-0.0013,-0.3227
7579,random,REBELLIOUS,GUARD BURN,1,0.4125,-0.4125,-0.0584,-0.3272
7580,attacker,FAMOUS,INSECT SPREAD,1,0.3383,-0.3383,-0.0011,-0.3278
7581,attacker,FAMOUS,INSECT SPREAD,1,0.3383,-0.3383,-0.0011,-0.3283
7582,attacker,FAMOUS,THINK LANGUAGE SPREAD,0,1.3329,-1.3329,-11.8770,-0.3785
7583,attacker,FAMOUS,INSECT SPREAD,1,0.3383,-0.3383,0.0043,-0.3765
7584,attacker,FAMOUS,INSECT SPREAD,1,0.3383,-0.3383,0.0035,-0.3746
7585,attacker,FAMOUS,INSECT SPREAD,1,0.3383,-0.3383,0.0029,-0.3728
7586,attacker,FAMOUS,INSECT SPREAD,1,0.3383,-0.3383,0.0023,-0.3711
7587,attacker,FAMOUS,INSECT SPREAD,1,0.3383,-0.3383,0.0018,-0.3694
7588,attacker,FAMOUS,INSECT SPREAD,1,0.3383,-0.3383,0.0014,-0.3679
7589,random,CHANCE SPREAD,SPREAD,1,0.1002,-0.1002,0.0019,-0.3545
7590,attacker,FAMOUS,INSECT SPREAD,1,0.3383,-0.3383,0.0006,-0.3537
7591,attacker,FAMOUS,INSECT SPREAD,1,0.3383,-0.3383,0.0005,-0.3529
7592,attacker,FAMOUS,INSECT SPREAD,1,0.3383,-0.3383,0.0004,-0.3522
7593,random,WOLF TALK SPREAD,BURN,1,0.2418,-0.2418,0.0155,-0.3467
7594,attacker,FAMOUS,INSECT SPREAD,1,0.3383,-0.3383,0.0002,-0.3462
7595,attacker,FAMOUS,INSECT SPREAD,1,0.3383,-0.3383,0.0002,-0.3458
7596,random,CHOICE GROW,SPREAD,1,0.2221,-0.2221,0.0006,-0.3397
7597,attacker,FAMOUS,INSECT SPREAD,1,0.3383,-0.3383,0.0000,-0.3396
7598,attacker,FAMOUS,INSECT SPREAD,1,0.3383,-0.3383,0.0000,-0.3395
7599,attacker,FAMOUS,INSECT SPREAD,1,0.3383,-0.3383,0.0000,-0.3395
7600,attacker,FAMOUS,INSECT SPREAD,1,0.3383,-0.3383,0.0000,-0.3394
7601,attacker,FAMOUS,INSECT SPREAD,1,0.3383,-0.3383,0.0000,-0.3393
7602,random,FIRE BURN MOVE COMPUTER GROW BURN,BURN,1,0.1551,-0.1551,0.0019,-0.3301
7603,random,ERROR,SPREAD,1,0.2312,-0.2312,0.0008,-0.3252
7604,random,SAD GUARD,BURN,1,0.3127,-0.3127,0.0004,-0.3246
7605,attacker,FAMOUS,INSECT SPREAD,1,0.3383,-0.3383,-0.0002,-0.3252
7606,attacker,FAMOUS,INSECT SPREAD,1,0.3383,-0.3383,-0.0002,-0.3259
7607,attacker,FAMOUS,INSECT SPREAD,1,0.3383,-0.3383,-0.0002,-0.3265
7608,random,CALM STRANGER,BURN,1,0.3247,-0.3247,0.0000,-0.3264
7609,random,STRONG SOLDIER BUILD MAP BURN,BURN,1,0.2481,-0.2481,0.0026,-0.3225
7610,attacker,FAMOUS,INSECT SPREAD,1,0.3383,-0.3383,-0.0002,-0.3233
7611,attacker,FAMOUS,INSECT SPREAD,1,0.3383,-0.3383,-0.0002,-0.3240
7612,random,SIMPLE LEADER,BURN,1,0.3522,-0.3522,-0.0005,-0.3255
7613,attacker,FAMOUS,INSECT SPREAD,1,0.3383,-0.3383,-0.0001,-0.3261
7614,attacker,FAMOUS,INSECT SPREAD,1,0.3383,-0.3383,-0.0001,-0.3267
7615,attacker,FAMOUS,INSECT SPREAD,1,0.3383,-0.3383,-0.0001,-0.3273
7616,attacker,FAMOUS,INSECT SPREAD,1,0.3383,-0.3383,-0.0001,-0.3278
7617,random,ISOLATED,DOG BURN,1,0.4340,-0.4340,-0.2135,-0.3331
7618,attacker,FAMOUS,INSECT SPREAD,1,0.3383,-0.3383,-0.0001,-0.3334
7619,attacker,FAMOUS,INSECT SPREAD,1,0.3383,-0.3383,-0.0001,-0.3336
7620,attacker,FAMOUS,INSECT SPREAD,1,0.3383,-0.3383,-0.0001,-0.3339
7621,attacker,FAMOUS,INSECT SPREAD,1,0.3383,-0.3383,-0.0001,-0.3341
7622,random,SEED BURN,BURN,1,0.1010,-0.1010,0.0058,-0.3224
7623,attacker,DIRTY,MAP FALL,1,0.4505,-0.4505,-0.9364,-0.3288
7624,random,LANGUAGE,SPREAD,1,0.2033,-0.2033,0.0005,-0.3226
7625,attacker,FAMOUS,INSECT SPREAD,1,0.3383,-0.3383,-0.0002,-0.3233
7626,random,DEBT SPREAD,SPREAD,1,0.1010,-0.1010,0.0018,-0.3122
7627,attacker,FAMOUS,INSECT SPREAD,1,0.3383,-0.3383,-0.0003,-0.3135
7628,random,PHONE MOVE,INSECT,1,0.2020,-0.2020,0.5124,-0.3080
7629,random,FOOD FALL,BURN,1,0.1734,-0.1734,0.0020,-0.3012
7630,random,FEAR GROW,SPREAD,1,0.2139,-0.2139,0.0004,-0.2969
7631,random,MAP FALL,SPREAD,1,0.2312,-0.2312,0.0007,-0.2936
7632,attacker,FAMOUS,INSECT SPREAD,1,0.3383,-0.3383,-0.0005,-0.2958
7633,attacker,FAMOUS,INSECT SPREAD,1,0.3383,-0.3383,-0.0005,-0.2979
7634,random,STRANGER,BURN,1,0.2314,-0.2314,0.0008,-0.2946
7635,attacker,FAMOUS,INSECT SPREAD,1,0.3383,-0.3383,-0.0005,-0.2968
7636,random,CAT FORGET,SIGNAL BURN,1,0.2229,-0.2229,0.2096,-0.2931
7637,attacker,FAMOUS,INSECT SPREAD,1,0.3383,-0.3383,-0.0005,-0.2954
7638,random,VAST,INSECT BURN,1,0.3103,-0.3103,-0.0026,-0.2961
7639,attacker,FAMOUS,INSECT SPREAD,1,0.3383,-0.3383,-0.0005,-0.2982
7640,attacker,FAMOUS,INSECT SPREAD,1,0.3383,-0.3383,-0.0005,-0.3002
7641,attacker,FAMOUS,INSECT SPREAD,1,0.3383,-0.3383,-0.0005,-0.3021
7642,attacker,FAMOUS,INSECT SPREAD,1,0.3383,-0.3383,-0.0005,-0.3039
7643,attacker,FAMOUS,INSECT SPREAD,1,0.3383,-0.3383,-0.0005,-0.3056
7644,random,GUARD,BURN,1,0.2240,-0.2240,0.0011,-0.3016
7645,attacker,FAMOUS,INSECT SPREAD,1,0.3383,-0.3383,-0.0006,-0.3034
7646,attacker,FAMOUS,INSECT SPREAD,1,0.3383,-0.3383,-0.0006,-0.3051
7647,random,WATER BURN,BURN,1,0.1007,-0.1007,0.0034,-0.2949
7648,random,FAMOUS,INSECT SPREAD,1,0.3383,-0.3383,-0.0008,-0.2971
7649,attacker,FAMOUS,INSECT SPREAD,1,0.3383,-0.3383,-0.0007,-0.2992
7650,attacker,FAMOUS,INSECT SPREAD,1,0.3383,-0.3383,-0.0007,-0.3011
7651,random,WATER,BURN,1,0.2030,-0.2030,0.0005,-0.2962
7652,attacker,FAMOUS,INSECT SPREAD,1,0.3383,-0.3383,-0.0008,-0.2983
7653,random,VAST POISON,SPREAD,0,1.3321,-1.3321,-0.0097,-0.3500
7654,random,CAR FAIL,FAIL,1,0.1096,-0.1096,0.0291,-0.3380
7655,attacker,FAMOUS,INSECT SPREAD,1,0.3383,-0.3383,-0.0000,-0.3380
7656,attacker,FAMOUS,INSECT SPREAD,1,0.3383,-0.3383,-0.0000,-0.3380
7657,attacker,FAMOUS,INSECT SPREAD,1,0.3383,-0.3383,-0.0000,-0.3380
7658,attacker,FAMOUS,INSECT SPREAD,1,0.3383,-0.3383,-0.0000,-0.3380
7659,random,DENSE MAP GROW GROW FALL FALL,BURN,1,0.2766,-0.2766,0.0006,-0.3350
7660,attacker,FAMOUS,INSECT SPREAD,1,0.3383,-0.3383,-0.0001,-0.3351
7661,attacker,FAMOUS,INSECT SPREAD,1,0.3383,-0.3383,-0.0001,-0.3353
7662,attacker,FAMOUS,INSECT SPREAD,1,0.3383,-0.3383,-0.0001,-0.3354
7663,random,BIG DUST,BURN,1,0.3030,-0.3030,0.0006,-0.3338
7664,random,ASHAMED ELDER,BURN,1,0.3295,-0.3295,0.0000,-0.3336
7665,attacker,FAMOUS,INSECT SPREAD,1,0.3383,-0.3383,-0.0001,-0.3338
7666,attacker,FAMOUS,CHANCE SPREAD,1,0.3304,-0.3304,0.0163,-0.3337
7667,random,ASHAMED,DOG BURN,0,1.4394,-1.4394,-2.7755,-0.3889
7668,attacker,FAMOUS,INSECT SPREAD,1,0.3383,-0.3383,0.0013,-0.3864
7669,random,DEAD,STRANGER BURN,0,1.4347,-1.4347,-6.1669,-0.4388
7670,attacker,FAMOUS,INSECT SPREAD,1,0.3383,-0.3383,0.0027,-0.4338
7671,attacker,FAMOUS,INSECT SPREAD,1,0.3383,-0.3383,0.0026,-0.4290
7672,random,DEBT GROW SPREAD SPREAD SPREAD SPREAD,SPREAD,1,0.1503,-0.1503,0.0020,-0.4151
7673,attacker,FAMOUS,INSECT SPREAD,1,0.3383,-0.3383,0.0020,-0.4112
7674,random,DEAD LEADER BURN SPREAD SPREAD GROW,BURN,1,0.2771,-0.2771,0.0009,-0.4045
7675,attacker,FAMOUS,INSECT SPREAD,1,0.3383,-0.3383,0.0016,-0.4012
7676,random,LIE,SPREAD,1,0.2129,-0.2129,0.0008,-0.3918
7677,attacker,FAMOUS,INSECT SPREAD,1,0.3383,-0.3383,0.0012,-0.3891
7678,attacker,FAMOUS,INSECT SPREAD,1,0.3383,-0.3383,0.0011,-0.3866
7679,attacker,FAMOUS,INSECT SPREAD,1,0.3383,-0.3383,0.0010,-0.3842
7680,attacker,FAMOUS,INSECT SPREAD,1,0.3383,-0.3383,0.0009,-0.3819
7681,random,VAST,INSECT BURN,1,0.3103,-0.3103,0.0182,-0.3783
7682,random,TRUTH,SPREAD,1,0.2077,-0.2077,0.0007,-0.3698
7683,attacker,FAMOUS,INSECT SPREAD,1,0.3383,-0.3383,0.0005,-0.3682
7684,attacker,FAMOUS,INSECT SPREAD,1,0.3383,-0.3383,0.0005,-0.3667
7685,attacker,FAMOUS,INSECT SPREAD,1,0.3383,-0.3383,0.0004,-0.3653
7686,random,INSECT HEAR OUTCAST,INSECT,0,1.2320,-1.2320,-5.4536,-0.4086
7687,attacker,FAMOUS,INSECT SPREAD,1,0.3383,-0.3383,0.0010,-0.4051
7688,attacker,FAMOUS,INSECT SPREAD,1,0.3383,-0.3383,0.0009,-0.4018
7689,attacker,FAMOUS,INSECT SPREAD,1,0.3383,-0.3383,0.0008,-0.3986
7690,attacker,FAMOUS,INSECT SPREAD,1,0.3383,-0.3383,0.0008,-0.3956
7691,attacker,FAMOUS,INSECT SPREAD,1,0.3383,-0.3383,0.0007,-0.3927
7692,attacker,FAMOUS,INSECT SPREAD,1,0.3383,-0.3383,0.0006,-0.3900
7693,attacker,FAMOUS,INSECT SPREAD,1,0.3383,-0.3383,0.0006,-0.3874
7694,attacker,FAMOUS,INSECT SPREAD,1,0.3383,-0.3383,0.0005,-0.3849
7695,random,WATER FALL BURN BURN,BURN,1,0.1340,-0.1340,0.0036,-0.3724
7696,attacker,FAMOUS,INSECT SPREAD,1,0.3383,-0.3383,0.0004,-0.3707
7697,attacker,FAMOUS,INSECT SPREAD,1,0.3383,-0.3383,0.0003,-0.3691
7698,attacker,FAMOUS,INSECT SPREAD,1,0.3383,-0.3383,0.0003,-0.3675
7699,attacker,FAMOUS,INSECT SPREAD,1,0.3383,-0.3383,0.0003,-0.3661
7700,attacker,FAMOUS,INSECT SPREAD,1,0.3383,-0.3383,0.0003,-0.3647
7701,random,VAST LIE GROW,SPREAD,1,0.3165,-0.3165,0.0172,-0.3623
7702,attacker,FAMOUS,INSECT SPREAD,1,0.3383,-0.3383,0.0002,-0.3611
7703,random,PHONE MOVE DUST SEE SENSOR HEAR,OPTIMAL WEAK KEY,1,0.2669,-0.2669,1.2189,-0.3564
7704,random,STRONG CROWD,BURN,1,0.3287,-0.3287,0.0006,-0.3550
7705,attacker,FAMOUS,INSECT SPREAD,1,0.3383,-0.3383,0.0002,-0.3541
7706,attacker,FAMOUS,INSECT SPREAD,1,0.3383,-0.3383,0.0002,-0.3533
7707,random,DEAD,ELDER BURN,0,1.4610,-1.4610,-3.5461,-0.4087
7708,attacker,FAMOUS,INSECT SPREAD,1,0.3383,-0.3383,0.0007,-0.4052
7709,random,OBEDIENT,INSECT SPREAD,0,1.3376,-1.3376,-0.5845,-0.4518
7710,attacker,FAMOUS,INSECT SPREAD,1,0.3383,-0.3383,0.0011,-0.4462
7711,attacker,FAMOUS,INSECT SPREAD,1,0.3383,-0.3383,0.0011,-0.4408
7712,attacker,FAMOUS,INSECT SPREAD,1,0.3383,-0.3383,0.0010,-0.4356
7713,attacker,FAMOUS,INSECT SPREAD,1,0.3383,-0.3383,0.0009,-0.4308
7714,attacker,FAMOUS,INSECT SPREAD,1,0.3383,-0.3383,0.0009,-0.4261
7715,attacker,FAMOUS,INSECT SPREAD,1,0.3383,-0.3383,0.0008,-0.4217
7716,attacker,FAMOUS,INSECT SPREAD,1,0.3383,-0.3383,0.0008,-0.4176
7717,attacker,FAMOUS,INSECT SPREAD,1,0.3383,-0.3383,0.0007,-0.4136
7718,random,HEAVY,SEED BURN,1,0.3047,-0.3047,0.0858,-0.4082
7719,attacker,FAMOUS,INSECT SPREAD,1,0.3383,-0.3383,0.0006,-0.4047
7720,random,ENCRYPTED PLAN ENCODE,MEMORY SPREAD,1,0.2528,-0.2528,0.4123,-0.3971
7721,random,KEY SPREAD FALL,SPREAD,1,0.1647,-0.1647,0.0026,-0.3855
7722,attacker,FAMOUS,INSECT SPREAD,1,0.3383,-0.3383,0.0004,-0.3831
7723,random,COMPUTER BREAK SIMPLE,SEED FAIL,0,1.3282,-1.3282,-1.7304,-0.4304
7724,random,POWER SPREAD SPREAD GROW SPREAD GROW,SPREAD,1,0.1540,-0.1540,0.0017,-0.4165
7725,attacker,FAMOUS,INSECT SPREAD,1,0.3383,-0.3383,0.0007,-0.4126
7726,attacker,FAMOUS,INSECT SPREAD,1,0.3383,-0.3383,0.0006,-0.4089
7727,attacker,FAMOUS,INSECT SPREAD,1,0.3383,-0.3383,0.0006,-0.4054
7728,attacker,FAMOUS,INSECT SPREAD,1,0.3383,-0.3383,0.0006,-0.4020
7729,random,FAMOUS,INSECT SPREAD,1,0.3383,-0.3383,0.0005,-0.3988
7730,random,CAMERA GENERATE COMPLEX,TRUTH FAIL,1,0.2772,-0.2772,0.3003,-0.3928
7731,attacker,FAMOUS,INSECT SPREAD,1,0.3383,-0.3383,0.0004,-0.3900
7732,attacker,FAMOUS,INSECT SPREAD,1,0.3383,-0.3383,0.0004,-0.3874
7733,attacker,FAMOUS,INSECT SPREAD,1,0.3383,-0.3383,0.0004,-0.3850
7734,random,METAL,BURN,1,0.2030,-0.2030,0.0014,-0.3759
7735,random,DULL NETWORK SPREAD SPREAD SPREAD,SPREAD,1,0.2002,-0.2002,0.0027,-0.3671
7736,random,LAW,SPREAD,1,0.2033,-0.2033,0.0012,-0.3589
7737,attacker,FAMOUS,INSECT SPREAD,1,0.3383,-0.3383,0.0002,-0.3579
7738,random,GUARD,BURN,1,0.2240,-0.2240,0.0016,-0.3512
7739,attacker,FAMOUS,INSECT SPREAD,1,0.3383,-0.3383,0.0001,-0.3505
7740,random,HORSE,BURN,1,0.2156,-0.2156,0.0015,-0.3438
7741,attacker,FAMOUS,INSECT SPREAD,1,0.3383,-0.3383,0.0000,-0.3435
7742,attacker,FAMOUS,INSECT SPREAD,1,0.3383,-0.3383,0.0000,-0.3432
7743,attacker,FAMOUS,INSECT SPREAD,1,0.3383,-0.3383,0.0000,-0.3430
7744,random,COMPUTER HEAR ALGORITHM FALL,FAIL,1,0.2228,-0.2228,0.0147,-0.3370
7745,attacker,FAMOUS,INSECT SPREAD,1,0.3383,-0.3383,-0.0000,-0.3371
7746,random,SYSTEM GROW SPREAD SPREAD GROW SPREAD,SPREAD,1,0.1543,-0.1543,0.0018,-0.3279
7747,attacker,FAMOUS,INSECT SPREAD,1,0.3383,-0.3383,-0.0001,-0.3284
7748,attacker,FAMOUS,INSECT SPREAD,1,0.3383,-0.3383,-0.0001,-0.3289
7749,random,BIG,SEED BURN,1,0.3047,-0.3047,0.0230,-0.3277
7750,attacker,FAMOUS,INSECT SPREAD,1,0.3383,-0.3383,-0.0001,-0.3282
7751,random,BOOK FALL GROW SPREAD,SPREAD,1,0.1776,-0.1776,0.0011,-0.3207
7752,attacker,FAMOUS,INSECT SPREAD,1,0.3383,-0.3383,-0.0001,-0.3216
7753,attacker,FAMOUS,INSECT SPREAD,1,0.3383,-0.3383,-0.0001,-0.3224
7754,random,AUTOMATED,TRUTH SPREAD,1,0.3452,-0.3452,-0.0539,-0.3236
7755,attacker,FAMOUS,INSECT SPREAD,1,0.3383,-0.3383,-0.0001,-0.3243
7756,attacker,FAMOUS,INSECT SPREAD,1,0.3383,-0.3383,-0.0001,-0.3250
7757,attacker,FAMOUS,INSECT SPREAD,1,0.3383,-0.3383,-0.0001,-0.3257
7758,random,CLEAN,INSECT SPREAD,1,0.3127,-0.3127,0.0021,-0.3250
7759,random,CHANCE GROW SPREAD,SPREAD,1,0.1561,-0.1561,0.0010,-0.3166
7760,random,BIRD ATTACK,CAT BURN,1,0.1118,-0.1118,0.6831,-0.3063
7761,attacker,FAMOUS,INSECT SPREAD,1,0.3383,-0.3383,-0.0002,-0.3079
7762,attacker,FAMOUS,INSECT SPREAD,1,0.3383,-0.3383,-0.0002,-0.3094
7763,attacker,FAMOUS,INSECT SPREAD,1,0.3383,-0.3383,-0.0002,-0.3109
7764,random,DOG,BURN,1,0.2279,-0.2279,0.0008,-0.3067
7765,random,WATER FALL,BURN,1,0.1697,-0.1697,0.0012,-0.2999
7766,attacker,FAMOUS,INSECT SPREAD,1,0.3383,-0.3383,-0.0003,-0.3018
7767,random,DULL,SEED BURN,0,1.4866,-1.4866,-0.9068,-0.3610
7768,random,ASHAMED MAN,BURN,1,0.3224,-0.3224,0.0004,-0.3591
7769,attacker,FAMOUS,INSECT SPREAD,1,0.3383,-0.3383,0.0002,-0.3581
7770,attacker,FAMOUS,INSECT SPREAD,1,0.3383,-0.3383,0.0001,-0.3571
7771,random,CALM WOLF SEE,BIRD BURN,1,0.2069,-0.2069,0.3441,-0.3496
7772,random,COMPLEX MEMORY FAIL FAIL GROW SPREAD,SPREAD,1,0.2738,-0.2738,0.0007,-0.3458
7773,attacker,DIRTY,WEAPON BURN,1,0.4289,-0.4289,-0.1669,-0.3499
7774,attacker,FAMOUS,INSECT SPREAD,1,0.3383,-0.3383,0.0001,-0.3494
7775,attacker,FAMOUS,INSECT SPREAD,1,0.3383,-0.3383,0.0001,-0.3488
7776,attacker,FAMOUS,INSECT SPREAD,1,0.3383,-0.3383,0.0001,-0.3483
7777,attacker,FAMOUS,INSECT SPREAD,1,0.3383,-0.3383,0.0001,-0.3478
7778,attacker,FAMOUS,INSECT SPREAD,1,0.3383,-0.3383,0.0001,-0.3473
7779,random,ASHAMED LEADER HEAR MEMORY FALL,BURN,1,0.3012,-0.3012,0.0007,-0.3450
7780,random,OUTCAST,SEED BURN,0,1.4033,-1.4033,-0.6950,-0.3979
7781,attacker,FAMOUS,INSECT SPREAD,1,0.3383,-0.3383,0.0004,-0.3949
7782,attacker,FAMOUS,INSECT SPREAD,1,0.3383,-0.3383,0.0004,-0.3921
7783,attacker,FAMOUS,INSECT SPREAD,1,0.3383,-0.3383,0.0004,-0.3894
7784,random,DEBT GROW,SPREAD,1,0.2036,-0.2036,0.0011,-0.3801
7785,attacker,FAMOUS,INSECT SPREAD,1,0.3383,-0.3383,0.0003,-0.3780
7786,attacker,FAMOUS,INSECT SPREAD,1,0.3383,-0.3383,0.0003,-0.3760
7787,random,HORSE EAT WATER EAT BIG WOOD,BURN,1,0.2745,-0.2745,0.0005,-0.3710
7788,attacker,FAMOUS,INSECT SPREAD,1,0.3383,-0.3383,0.0002,-0.3693
7789,attacker,FAMOUS,INSECT SPREAD,1,0.3383,-0.3383,0.0002,-0.3678
7790,attacker,FAMOUS,INSECT SPREAD,1,0.3383,-0.3383,0.0002,-0.3663
7791,attacker,FAMOUS,INSECT SPREAD,1,0.3383,-0.3383,0.0002,-0.3649
7792,attacker,FAMOUS,INSECT SPREAD,1,0.3383,-0.3383,0.0002,-0.3636
7793,attacker,FAMOUS,INSECT SPREAD,1,0.3383,-0.3383,0.0002,-0.3623
7794,attacker,FAMOUS,INSECT SPREAD,1,0.3383,-0.3383,0.0002,-0.3611
7795,random,CALM,STRANGER BURN,1,0.4136,-0.4136,-0.1914,-0.3637
7796,random,BORDER SPREAD SPREAD SPREAD SPREAD GROW,SPREAD,1,0.1506,-0.1506,0.0009,-0.3531
7797,attacker,FAMOUS,INSECT SPREAD,1,0.3383,-0.3383,0.0001,-0.3523
7798,attacker,FAMOUS,INSECT SPREAD,1,0.3383,-0.3383,0.0001,-0.3516
7799,attacker,FAMOUS,INSECT SPREAD,1,0.3383,-0.3383,0.0001,-0.3510
7800,attacker,FAMOUS,INSECT SPREAD,1,0.3383,-0.3383,0.0001,-0.3503
7801,random,HAPPY GUARD MOVE TOOL,BURN,1,0.2815,-0.2815,0.0004,-0.3469
7802,attacker,FAMOUS,INSECT SPREAD,1,0.3383,-0.3383,0.0001,-0.3465
7803,random,DORMANT CROWD BURN FALL,BURN,1,0.2404,-0.2404,0.0013,-0.3412
7804,attacker,FAMOUS,INSECT SPREAD,1,0.3383,-0.3383,0.0000,-0.3410
7805,attacker,FAMOUS,INSECT SPREAD,1,0.3383,-0.3383,0.0000,-0.3409
7806,attacker,FAMOUS,INSECT SPREAD,1,0.3383,-0.3383,0.0000,-0.3407
7807,attacker,FAMOUS,INSECT SPREAD,1,0.3383,-0.3383,0.0000,-0.3406
7808,attacker,FAMOUS,INSECT SPREAD,1,0.3383,-0.3383,0.0000,-0.3405
7809,random,SECRET GUARD,BURN,1,0.3210,-0.3210,0.0002,-0.3395
7810,attacker,FAMOUS,INSECT SPREAD,1,0.3383,-0.3383,0.0000,-0.3395
7811,attacker,FAMOUS,INSECT SPREAD,1,0.3383,-0.3383,0.0000,-0.3394
7812,attacker,FAMOUS,INSECT SPREAD,1,0.3383,-0.3383,0.0000,-0.3393
7813,attacker,FAMOUS,INSECT SPREAD,1,0.3383,-0.3383,0.0000,-0.3393
7814,random,ANGRY,CHILD BURN,1,0.4000,-0.4000,-0.1423,-0.3423
7815,attacker,FAMOUS,INSECT SPREAD,1,0.3383,-0.3383,0.0000,-0.3421
7816,attacker,FAMOUS,INSECT SPREAD,1,0.3383,-0.3383,0.0000,-0.3419
7817,random,DRONE,FAIL,1,0.2257,-0.2257,0.0220,-0.3361
7818,random,FAMOUS,INSECT SPREAD,1,0.3383,-0.3383,-0.0000,-0.3362
7819,attacker,FAMOUS,INSECT SPREAD,1,0.3383,-0.3383,-0.0000,-0.3363
7820,random,CONNECTED POISON BURN GROW SPREAD SPREAD,SPREAD,1,0.2705,-0.2705,0.0014,-0.3330
7821,attacker,FAMOUS,INSECT SPREAD,1,0.3383,-0.3383,-0.0000,-0.3333
7822,attacker,FAMOUS,INSECT SPREAD,1,0.3383,-0.3383,-0.0000,-0.3336
7823,random,DIRTY ELDER,BURN,1,0.3501,-0.3501,-0.0002,-0.3344
7824,random,LEADER SEE CAT BUILD,INSECT BURN,1,0.1268,-0.1268,0.4065,-0.3240
7825,random,SIGNAL FAIL SPREAD GROW GROW SPREAD,SPREAD,1,0.1680,-0.1680,0.0015,-0.3162
7826,attacker,FAMOUS,INSECT SPREAD,1,0.3383,-0.3383,-0.0001,-0.3173
7827,attacker,FAMOUS,INSECT SPREAD,1,0.3383,-0.3383,-0.0001,-0.3184
7828,attacker,FAMOUS,INSECT SPREAD,1,0.3383,-0.3383,-0.0001,-0.3194
7829,random,FAST STRANGER,BURN,1,0.3364,-0.3364,-0.0001,-0.3202
7830,attacker,FAMOUS,INSECT SPREAD,1,0.3383,-0.3383,-0.0001,-0.3211
7831,attacker,FAMOUS,INSECT SPREAD,1,0.3383,-0.3383,-0.0001,-0.3220
7832,attacker,FAMOUS,INSECT SPREAD,1,0.3383,-0.3383,-0.0001,-0.3228
7833,attacker,FAMOUS,INSECT SPREAD,1,0.3383,-0.3383,-0.0001,-0.3236
7834,random,CLEAN WOMAN CARRY,WEAPON BURN,1,0.2903,-0.2903,0.0898,-0.3219
7835,attacker,FAMOUS,INSECT SPREAD,1,0.3383,-0.3383,-0.0001,-0.3227
7836,attacker,FAMOUS,INSECT SPREAD,1,0.3383,-0.3383,-0.0001,-0.3235
7837,random,LANGUAGE GROW SPREAD SPREAD,SPREAD,1,0.1505,-0.1505,0.0013,-0.3148
7838,attacker,FAMOUS,INSECT SPREAD,1,0.3383,-0.3383,-0.0001,-0.3160
7839,attacker,FAMOUS,INSECT SPREAD,1,0.3383,-0.3383,-0.0001,-0.3171
7840,attacker,FAMOUS,INSECT SPREAD,1,0.3383,-0.3383,-0.0001,-0.3182
7841,attacker,FAMOUS,INSECT SPREAD,1,0.3383,-0.3383,-0.0001,-0.3192
7842,random,SOLDIER FALL BURN,BURN,1,0.1380,-0.1380,0.0025,-0.3101
7843,attacker,FAMOUS,INSECT SPREAD,1,0.3383,-0.3383,-0.0002,-0.3115
7844,attacker,FAMOUS,INSECT SPREAD,1,0.3383,-0.3383,-0.0002,-0.3129
7845,attacker,FAMOUS,INSECT SPREAD,1,0.3383,-0.3383,-0.0002,-0.3141
7846,attacker,FAMOUS,INSECT SPREAD,1,0.3383,-0.3383,-0.0001,-0.3154
7847,attacker,FAMOUS,INSECT SPREAD,1,0.3383,-0.3383,-0.0001,-0.3165
7848,attacker,FAMOUS,INSECT SPREAD,1,0.3383,-0.3383,-0.0001,-0.3176
7849,random,ANGRY,DOG BURN,1,0.4080,-0.4080,-0.2562,-0.3221
7850,attacker,FAMOUS,INSECT SPREAD,1,0.3383,-0.3383,-0.0001,-0.3229
7851,attacker,FAMOUS,INSECT SPREAD,1,0.3383,-0.3383,-0.0001,-0.3237
7852,attacker,FAMOUS,INSECT SPREAD,1,0.3383,-0.3383,-0.0001,-0.3244
7853,random,ANGRY,SEED BURN,0,1.3904,-1.3904,-2.3949,-0.3777
7854,attacker,FAMOUS,INSECT SPREAD,1,0.3383,-0.3383,0.0002,-0.3757
7855,attacker,FAMOUS,INSECT SPREAD,1,0.3383,-0.3383,0.0002,-0.3739
7856,attacker,FAMOUS,INSECT SPREAD,1,0.3383,-0.3383,0.0002,-0.3721
7857,attacker,FAMOUS,INSECT SPREAD,1,0.3383,-0.3383,0.0002,-0.3704
7858,attacker,FAMOUS,INSECT SPREAD,1,0.3383,-0.3383,0.0002,-0.3688
7859,random,PROUD STRANGER FORGET,INSECT BURN,1,0.2823,-0.2823,0.3296,-0.3645
7860,attacker,FAMOUS,INSECT SPREAD,1,0.3383,-0.3383,0.0002,-0.3632
7861,attacker,FAMOUS,INSECT SPREAD,1,0.3383,-0.3383,0.0001,-0.3619
7862,attacker,FAMOUS,INSECT SPREAD,1,0.3383,-0.3383,0.0001,-0.3607
7863,attacker,FAMOUS,INSECT SPREAD,1,0.3383,-0.3383,0.0001,-0.3596
7864,attacker,FAMOUS,INSECT SPREAD,1,0.3383,-0.3383,0.0001,-0.3585
7865,attacker,FAMOUS,INSECT SPREAD,1,0.3383,-0.3383,0.0001,-0.3575
7866,attacker,FAMOUS,INSECT SPREAD,1,0.3383,-0.3383,0.0001,-0.3566
7867,random,ACTIVE CAR,FAIL,0,1.3324,-1.3324,-0.0301,-0.4054
7868,attacker,FAMOUS,INSECT SPREAD,1,0.3383,-0.3383,0.0004,-0.4020
7869,random,ACTIVE BIRD,BURN,1,0.3409,-0.3409,0.0017,-0.3989
7870,attacker,FAMOUS,INSECT SPREAD,1,0.3383,-0.3383,0.0003,-0.3959
7871,attacker,FAMOUS,INSECT SPREAD,1,0.3383,-0.3383,0.0003,-0.3930
7872,random,BIG,INSECT BURN,1,0.3074,-0.3074,0.0450,-0.3888
7873,random,SMALL CLOCK FAIL ENCODE,CHANCE CHANCE SPREAD,0,1.2994,-1.2994,-7.9391,-0.4343
7874,random,SECRET HORSE,BURN,1,0.3070,-0.3070,0.0008,-0.4279
7875,attacker,FAMOUS,INSECT SPREAD,1,0.3383,-0.3383,0.0005,-0.4234
7876,random,DOG EAT WATER RUN BURN HELP,HORSE BURN,1,0.1188,-0.1188,0.6193,-0.4082
7877,attacker,FAMOUS,INSECT SPREAD,1,0.3383,-0.3383,0.0004,-0.4047
7878,attacker,FAMOUS,INSECT SPREAD,1,0.3383,-0.3383,0.0004,-0.4014
7879,attacker,FAMOUS,INSECT SPREAD,1,0.3383,-0.3383,0.0003,-0.3982
7880,attacker,FAMOUS,INSECT SPREAD,1,0.3383,-0.3383,0.0003,-0.3952
7881,attacker,FAMOUS,INSECT SPREAD,1,0.3383,-0.3383,0.0003,-0.3924
7882,attacker,FAMOUS,INSECT SPREAD,1,0.3383,-0.3383,0.0003,-0.3897
7883,attacker,FAMOUS,INSECT SPREAD,1,0.3383,-0.3383,0.0003,-0.3871
7884,attacker,FAMOUS,INSECT SPREAD,1,0.3383,-0.3383,0.0003,-0.3847
7885,random,BORDER GROW SPREAD GROW,SPREAD,1,0.1581,-0.1581,0.0013,-0.3733
7886,random,SAD SOLDIER HEAR,DEBT BURN,1,0.3166,-0.3166,0.1758,-0.3705
7887,attacker,FAMOUS,INSECT SPREAD,1,0.3383,-0.3383,0.0002,-0.3689
7888,random,ACTIVE PLAN GROW,SPREAD,1,0.3221,-0.3221,0.0005,-0.3666
7889,random,ALGORITHM SPREAD GROW FAIL FAIL GROW,SPREAD,1,0.1795,-0.1795,0.0015,-0.3572
7890,random,CORRUPTED SYSTEM GROW FAIL GROW,SPREAD,1,0.3095,-0.3095,0.0004,-0.3548
7891,attacker,FAMOUS,INSECT SPREAD,1,0.3383,-0.3383,0.0001,-0.3540
7892,random,FIRE SPREAD BURN MOVE,BIRD BURN,1,0.1642,-0.1642,0.2373,-0.3445
7893,attacker,FAMOUS,INSECT SPREAD,1,0.3383,-0.3383,0.0000,-0.3442
7894,attacker,FAMOUS,INSECT SPREAD,1,0.3383,-0.3383,0.0000,-0.3439
7895,attacker,FAMOUS,INSECT SPREAD,1,0.3383,-0.3383,0.0000,-0.3436
7896,attacker,FAMOUS,INSECT SPREAD,1,0.3383,-0.3383,0.0000,-0.3433
7897,random,BIG STRANGER BREAK DULL,WEAPON BURN,0,1.2269,-1.2269,-1.9633,-0.3875
7898,attacker,FAMOUS,INSECT SPREAD,1,0.3383,-0.3383,0.0003,-0.3851
7899,attacker,FAMOUS,INSECT SPREAD,1,0.3383,-0.3383,0.0002,-0.3827
7900,attacker,FAMOUS,INSECT SPREAD,1,0.3383,-0.3383,0.0002,-0.3805
7901,attacker,FAMOUS,INSECT GROW,1,0.3840,-0.3840,-0.0227,-0.3807
7902,attacker,FAMOUS,INSECT SPREAD,1,0.3383,-0.3383,0.0002,-0.3786
7903,attacker,FAMOUS,INSECT SPREAD,1,0.3383,-0.3383,0.0002,-0.3765
7904,attacker,FAMOUS,INSECT SPREAD,1,0.3383,-0.3383,0.0002,-0.3746
7905,random,CHILD HELP HORSE,BURN,1,0.2302,-0.2302,0.0010,-0.3674
7906,attacker,FAMOUS,INSECT SPREAD,1,0.3383,-0.3383,0.0001,-0.3660
7907,attacker,FAMOUS,INSECT SPREAD,1,0.3383,-0.3383,0.0001,-0.3646
7908,attacker,FAMOUS,INSECT SPREAD,1,0.3383,-0.3383,0.0001,-0.3633
7909,attacker,FAMOUS,INSECT SPREAD,1,0.3383,-0.3383,0.0001,-0.3620
7910,random,TRUSTED CHANCE GROW SPREAD,SPREAD,1,0.2537,-0.2537,0.0010,-0.3566
7911,attacker,FAMOUS,INSECT SPREAD,1,0.3383,-0.3383,0.0001,-0.3557
7912,attacker,FAMOUS,INSECT SPREAD,1,0.3383,-0.3383,0.0001,-0.3548
7913,attacker,FAMOUS,INSECT SPREAD,1,0.3383,-0.3383,0.0001,-0.3540
7914,attacker,FAMOUS,INSECT SPREAD,1,0.3383,-0.3383,0.0001,-0.3532
7915,attacker,FAMOUS,INSECT SPREAD,1,0.3383,-0.3383,0.0001,-0.3524
7916,random,CROWD,BURN,1,0.2322,-0.2322,0.0010,-0.3464
7917,random,ENCRYPTED RULE FAIL FAIL,SPREAD,1,0.2893,-0.2893,0.0007,-0.3436
7918,attacker,FAMOUS,INSECT SPREAD,1,0.3383,-0.3383,0.0000,-0.3433
7919,attacker,FAMOUS,INSECT SPREAD,1,0.3383,-0.3383,0.0000,-0.3431
7920,random,DORMANT,INSECT SPREAD,0,1.4414,-1.4414,-1.9162,-0.3980
7921,attacker,FAMOUS,INSECT SPREAD,1,0.3383,-0.3383,0.0003,-0.3950
7922,random,CROWD FOLLOW ERROR FALL,BURN,1,0.2053,-0.2053,0.0029,-0.3855
7923,attacker,FAMOUS,INSECT SPREAD,1,0.3383,-0.3383,0.0002,-0.3832
7924,attacker,FAMOUS,INSECT SPREAD,1,0.3383,-0.3383,0.0002,-0.3809
7925,random,HEAVY COMPUTER,FAIL,0,1.3343,-1.3343,-0.2645,-0.4286
7926,random,CORRUPTED LAW GROW GROW SPREAD,SPREAD,1,0.2591,-0.2591,0.0015,-0.4201
7927,attacker,FAMOUS,INSECT SPREAD,1,0.3383,-0.3383,0.0004,-0.4160
7928,attacker,FAMOUS,INSECT SPREAD,1,0.3383,-0.3383,0.0004,-0.4121
7929,attacker,FAMOUS,INSECT SPREAD,1,0.3383,-0.3383,0.0004,-0.4084
7930,random,METAL,BURN,1,0.2030,-0.2030,0.0013,-0.3982
7931,attacker,FAMOUS,INSECT SPREAD,1,0.3383,-0.3383,0.0003,-0.3952
7932,attacker,FAMOUS,INSECT SPREAD,1,0.3383,-0.3383,0.0003,-0.3923
7933,random,BIRD MOVE,HORSE BURN BURN,1,0.0732,-0.0732,2.6957,-0.3764
7934,attacker,FAMOUS,INSECT SPREAD,1,0.3383,-0.3383,0.0002,-0.3745
7935,attacker,FAMOUS,INSECT SPREAD,1,0.3383,-0.3383,0.0002,-0.3727
7936,random,SEED MOVE ENGINE GROW MOVE DUST,BURN,1,0.1786,-0.1786,0.0013,-0.3630
7937,random,BOOK SPREAD SPREAD FALL SPREAD BURN,FAIL,0,1.2272,-1.2272,-6.1728,-0.4062
7938,random,FEAR SPREAD SPREAD,SPREAD,1,0.1003,-0.1003,0.0019,-0.3909
7939,attacker,FAMOUS,INSECT SPREAD,1,0.3383,-0.3383,0.0003,-0.3882
7940,attacker,FAMOUS,INSECT SPREAD,1,0.3383,-0.3383,0.0003,-0.3857
7941,attacker,FAMOUS,INSECT SPREAD,1,0.3383,-0.3383,0.0003,-0.3834
7942,attacker,FAMOUS,INSECT SPREAD,1,0.3383,-0.3383,0.0003,-0.3811
7943,random,ACTIVE GUARD SEE SLOW CAMERA SEE,WOLF BURN,1,0.2844,-0.2844,0.2683,-0.3763
7944,random,PATTERN FAIL SPREAD SPREAD FAIL FAIL,SPREAD,1,0.1483,-0.1483,0.0040,-0.3649
7945,random,INSECT SPREAD GROW,SPREAD,1,0.1639,-0.1639,0.0014,-0.3548
7946,attacker,FAMOUS,INSECT SPREAD,1,0.3383,-0.3383,0.0001,-0.3540
7947,random,DEAD LEADER BURN BURN,BURN,1,0.2006,-0.2006,0.0072,-0.3463
7948,attacker,FAMOUS,INSECT SPREAD,1,0.3383,-0.3383,0.0001,-0.3459
7949,random,SYSTEM,SPREAD,1,0.2105,-0.2105,0.0018,-0.3392
7950,random,TIME,SPREAD,1,0.2027,-0.2027,0.0030,-0.3323
7951,attacker,FAMOUS,INSECT SPREAD,1,0.3383,-0.3383,-0.0000,-0.3326
7952,attacker,FAMOUS,INSECT SPREAD,1,0.3383,-0.3383,-0.0000,-0.3329
7953,attacker,FAMOUS,INSECT SPREAD,1,0.3383,-0.3383,-0.0000,-0.3332
7954,attacker,FAMOUS,INSECT SPREAD,1,0.3383,-0.3383,-0.0000,-0.3334
7955,random,POISON,SPREAD,1,0.2264,-0.2264,0.0009,-0.3281
7956,random,ENCRYPTED,CAT BURN,0,1.3947,-1.3947,-7.6269,-0.3814
7957,attacker,FAMOUS,INSECT SPREAD,1,0.3383,-0.3383,0.0002,-0.3793
7958,attacker,FAMOUS,INSECT SPREAD,1,0.3383,-0.3383,0.0002,-0.3772
7959,random,DRONE UPDATE,SLOW SEED,0,1.3671,-1.3671,-7.7870,-0.4267
7960,attacker,FAMOUS,INSECT SPREAD,1,0.3383,-0.3383,0.0005,-0.4223
7961,attacker,FAMOUS,INSECT SPREAD,1,0.3383,-0.3383,0.0004,-0.4181
7962,attacker,FAMOUS,INSECT SPREAD,1,0.3383,-0.3383,0.0004,-0.4141
7963,attacker,FAMOUS,INSECT SPREAD,1,0.3383,-0.3383,0.0004,-0.4103
7964,random,COMPUTER MOVE,INSECT FAIL,1,0.2157,-0.2157,0.5043,-0.4006
7965,attacker,FAMOUS,INSECT SPREAD,1,0.3383,-0.3383,0.0003,-0.3975
7966,attacker,FAMOUS,INSECT SPREAD,1,0.3383,-0.3383,0.0003,-0.3945
7967,attacker,FAMOUS,INSECT SPREAD,1,0.3383,-0.3383,0.0003,-0.3917
7968,attacker,FAMOUS,INSECT SPREAD,1,0.3383,-0.3383,0.0003,-0.3890
7969,attacker,FAMOUS,INSECT SPREAD,1,0.3383,-0.3383,0.0003,-0.3865
7970,random,SIMPLE,INSECT BURN,0,1.4309,-1.4309,-0.5637,-0.4387
7971,attacker,FAMOUS,INSECT SPREAD,1,0.3383,-0.3383,0.0005,-0.4337
7972,attacker,FAMOUS,INSECT SPREAD,1,0.3383,-0.3383,0.0005,-0.4289
7973,random,WOLF EAT STONE SPREAD KNOW TIME,BURN,1,0.2068,-0.2068,0.0019,-0.4178
7974,attacker,FAMOUS,INSECT SPREAD,1,0.3383,-0.3383,0.0004,-0.4138
7975,random,CHILD RUN,BURN,1,0.1820,-0.1820,0.0058,-0.4022
7976,random,DEAD LEADER,BURN,1,0.3047,-0.3047,0.0023,-0.3974
7977,attacker,FAMOUS,INSECT SPREAD,1,0.3383,-0.3383,0.0003,-0.3944
7978,attacker,FAMOUS,INSECT SPREAD,1,0.3383,-0.3383,0.0003,-0.3916
7979,random,SAD CROWD,BURN,1,0.3207,-0.3207,0.0020,-0.3881
7980,random,STONE FALL FALL FALL BURN,BURN,1,0.1351,-0.1351,0.0051,-0.3754
7981,random,ELDER TRADE HAPPY WEAK WOMAN,BURN,1,0.3574,-0.3574,0.0001,-0.3745
7982,attacker,FAMOUS,INSECT SPREAD,1,0.3383,-0.3383,0.0002,-0.3727
7983,attacker,FAMOUS,INSECT SPREAD,1,0.3383,-0.3383,0.0002,-0.3710
7984,attacker,FAMOUS,INSECT SPREAD,1,0.3383,-0.3383,0.0002,-0.3693
7985,attacker,FAMOUS,INSECT SPREAD,1,0.3383,-0.3383,0.0002,-0.3678
7986,random,PHONE,FAIL,0,1.2383,-1.2383,-0.3034,-0.4113
7987,attacker,FAMOUS,INSECT SPREAD,1,0.3383,-0.3383,0.0004,-0.4077
7988,attacker,FAMOUS,INSECT SPREAD,1,0.3383,-0.3383,0.0004,-0.4042
7989,random,CHANCE SPREAD,SPREAD,1,0.1002,-0.1002,0.0023,-0.3890
7990,attacker,FAMOUS,INSECT SPREAD,1,0.3383,-0.3383,0.0003,-0.3865
7991,attacker,FAMOUS,INSECT SPREAD,1,0.3383,-0.3383,0.0002,-0.3840
7992,attacker,FAMOUS,INSECT SPREAD,1,0.3383,-0.3383,0.0002,-0.3818
7993,attacker,FAMOUS,INSECT SPREAD,1,0.3383,-0.3383,0.0002,-0.3796
7994,attacker,FAMOUS,INSECT SPREAD,1,0.3383,-0.3383,0.0002,-0.3775
7995,attacker,FAMOUS,INSECT SPREAD,1,0.3383,-0.3383,0.0002,-0.3756
7996,random,SYSTEM GROW FAIL SPREAD GROW GROW,SPREAD,1,0.1754,-0.1754,0.0009,-0.3655
7997,attacker,FAMOUS,INSECT SPREAD,1,0.3383,-0.3383,0.0001,-0.3642
7998,attacker,FAMOUS,INSECT SPREAD,1,0.3383,-0.3383,0.0001,-0.3629
7999,attacker,FAMOUS,INSECT SPREAD,1,0.3383,-0.3383,0.0001,-0.3617
8000,random,ALGORITHM FAIL GROW,SPREAD,1,0.2079,-0.2079,0.0006,-0.3540
8001,attacker,FAMOUS,INSECT SPREAD,1,0.3383,-0.3383,0.0001,-0.3532
8002,attacker,FAMOUS,INSECT SPREAD,1,0.3383,-0.3383,0.0001,-0.3524
8003,attacker,FAMOUS,INSECT SPREAD,1,0.3383,-0.3383,0.0001,-0.3517
8004,attacker,FAMOUS,INSECT SPREAD,1,0.3383,-0.3383,0.0001,-0.3511
8005,attacker,FAMOUS,INSECT SPREAD,1,0.3383,-0.3383,0.0001,-0.3504
8006,random,STRONG,DUST BURN,0,1.3303,-1.3303,-5.1328,-0.3994
8007,attacker,FAMOUS,INSECT SPREAD,1,0.3383,-0.3383,0.0003,-0.3964
8008,attacker,FAMOUS,INSECT SPREAD,1,0.3383,-0.3383,0.0003,-0.3935
8009,attacker,FAMOUS,INSECT SPREAD,1,0.3383,-0.3383,0.0003,-0.3907
8010,attacker,FAMOUS,INSECT SPREAD,1,0.3383,-0.3383,0.0003,-0.3881
8011,attacker,FAMOUS,INSECT SPREAD,1,0.3383,-0.3383,0.0002,-0.3856
8012,random,VAST,INSECT SPREAD,1,0.3310,-0.3310,0.1836,-0.3829
8013,attacker,FAMOUS,INSECT SPREAD,1,0.3383,-0.3383,0.0002,-0.3806
8014,attacker,FAMOUS,INSECT SPREAD,1,0.3383,-0.3383,0.0002,-0.3785
8015,attacker,FAMOUS,INSECT SPREAD,1,0.3383,-0.3383,0.0002,-0.3765
8016,random,TRAPPED ELDER,BURN,1,0.3343,-0.3343,0.0005,-0.3744
8017,random,OBEDIENT,INSECT SPREAD,0,1.3376,-1.3376,-0.3515,-0.4225
8018,random,FREE FIRE GROW FALL,BURN,1,0.2836,-0.2836,0.0023,-0.4156
8019,attacker,FAMOUS,INSECT SPREAD,1,0.3383,-0.3383,0.0004,-0.4117
8020,random,CHILD,BURN,1,0.2208,-0.2208,0.0015,-0.4022
8021,attacker,FAMOUS,INSECT SPREAD,1,0.3383,-0.3383,0.0003,-0.3990
8022,attacker,FAMOUS,INSECT SPREAD,1,0.3383,-0.3383,0.0003,-0.3960
8023,random,CAT FOLLOW SIMPLE,NETWORK BURN,0,1.3362,-1.3362,-4.9794,-0.4430
8024,attacker,FAMOUS,INSECT SPREAD,1,0.3383,-0.3383,0.0005,-0.4377
8025,attacker,FAMOUS,INSECT SPREAD,1,0.3383,-0.3383,0.0004,-0.4328
8026,attacker,FAMOUS,INSECT SPREAD,1,0.3383,-0.3383,0.0004,-0.4280
8027,random,TRAPPED,HORSE BURN,1,0.4283,-0.4283,-0.0005,-0.4280
8028,random,TRAPPED CHILD,BURN,1,0.3059,-0.3059,0.0008,-0.4219
8029,attacker,FAMOUS,INSECT SPREAD,1,0.3383,-0.3383,0.0004,-0.4178
8030,attacker,FAMOUS,INSECT SPREAD,1,0.3383,-0.3383,0.0004,-0.4138
8031,attacker,FAMOUS,INSECT SPREAD,1,0.3383,-0.3383,0.0003,-0.4100
8032,attacker,FAMOUS,INSECT SPREAD,1,0.3383,-0.3383,0.0003,-0.4064
8033,attacker,FAMOUS,INSECT SPREAD,1,0.3383,-0.3383,0.0003,-0.4030
8034,random,SIMPLE LEADER,BURN,1,0.3522,-0.3522,0.0021,-0.4005
8035,attacker,FAMOUS,INSECT SPREAD,1,0.3383,-0.3383,0.0003,-0.3974
8036,attacker,FAMOUS,INSECT SPREAD,1,0.3383,-0.3383,0.0003,-0.3944
8037,attacker,FAMOUS,INSECT SPREAD,1,0.3383,-0.3383,0.0002,-0.3916
8038,attacker,FAMOUS,INSECT SPREAD,1,0.3383,-0.3383,0.0002,-0.3889
8039,attacker,FAMOUS,INSECT SPREAD,1,0.3383,-0.3383,0.0002,-0.3864
8040,attacker,FAMOUS,INSECT SPREAD,1,0.3383,-0.3383,0.0002,-0.3840
8041,attacker,FAMOUS,INSECT SPREAD,1,0.3383,-0.3383,0.0002,-0.3817
8042,random,FAST,INSECT SPREAD,1,0.3454,-0.3454,0.0016,-0.3799
8043,random,FOOD FALL BURN BURN,BURN,1,0.1348,-0.1348,0.0043,-0.3676
8044,attacker,FAMOUS,INSECT SPREAD,1,0.3383,-0.3383,0.0001,-0.3662
8045,attacker,FAMOUS,INSECT SPREAD,1,0.3383,-0.3383,0.0001,-0.3648
8046,attacker,FAMOUS,INSECT SPREAD,1,0.3383,-0.3383,0.0001,-0.3635
8047,attacker,FAMOUS,INSECT SPREAD,1,0.3383,-0.3383,0.0001,-0.3622
8048,attacker,FAMOUS,INSECT SPREAD,1,0.3383,-0.3383,0.0001,-0.3610
8049,attacker,FAMOUS,INSECT SPREAD,1,0.3383,-0.3383,0.0001,-0.3599
8050,attacker,FAMOUS,INSECT SPREAD,1,0.3383,-0.3383,0.0001,-0.3588
8051,attacker,FAMOUS,INSECT SPREAD,1,0.3383,-0.3383,0.0001,-0.3578
8052,attacker,FAMOUS,INSECT SPREAD,1,0.3383,-0.3383,0.0001,-0.3568
8053,random,CALM,CHILD BURN,1,0.3857,-0.3857,-0.0854,-0.3582
8054,attacker,FAMOUS,INSECT SPREAD,1,0.3383,-0.3383,0.0001,-0.3572
8055,attacker,FAMOUS,INSECT SPREAD,1,0.3383,-0.3383,0.0001,-0.3563
8056,random,LEADER,BURN,1,0.2478,-0.2478,0.0011,-0.3509
8057,attacker,FAMOUS,INSECT SPREAD,1,0.3383,-0.3383,0.0001,-0.3502
8058,attacker,FAMOUS,INSECT SPREAD,1,0.3383,-0.3383,0.0001,-0.3496
8059,attacker,FAMOUS,INSECT SPREAD,1,0.3383,-0.3383,0.0000,-0.3491
8060,random,OPTIMAL,TRUTH SPREAD,1,0.3484,-0.3484,0.0021,-0.3490
8061,attacker,FAMOUS,INSECT SPREAD,1,0.3383,-0.3383,0.0000,-0.3485
8062,attacker,FAMOUS,INSECT SPREAD,1,0.3383,-0.3383,0.0000,-0.3480
8063,attacker,FAMOUS,INSECT SPREAD,1,0.3383,-0.3383,0.0000,-0.3475
8064,attacker,FAMOUS,INSECT SPREAD,1,0.3383,-0.3383,0.0000,-0.3470
8065,attacker,FAMOUS,INSECT SPREAD,1,0.3383,-0.3383,0.0000,-0.3466
8066,random,DENSE COMPUTER,FALL,1,0.3286,-0.3286,0.0308,-0.3457
8067,attacker,FAMOUS,INSECT SPREAD,1,0.3383,-0.3383,0.0000,-0.3453
8068,random,BIG CAT HEAR RULE MOVE,INSECT BURN,1,0.2352,-0.2352,0.1591,-0.3398
8069,random,HAPPY,INSECT SPREAD,0,1.3379,-1.3379,-0.8059,-0.3897
8070,attacker,FAMOUS,INSECT SPREAD,1,0.3383,-0.3383,0.0002,-0.3872
8071,attacker,FAMOUS,INSECT SPREAD,1,0.3383,-0.3383,0.0002,-0.3847
8072,attacker,FAMOUS,INSECT SPREAD,1,0.3383,-0.3383,0.0002,-0.3824
8073,attacker,FAMOUS,INSECT SPREAD,1,0.3383,-0.3383,0.0002,-0.3802
8074,random,CHOICE GROW GROW,SPREAD,1,0.2265,-0.2265,0.0006,-0.3725
8075,attacker,FAMOUS,INSECT SPREAD,1,0.3383,-0.3383,0.0001,-0.3708
8076,random,STONE BURN BURN FALL BURN FALL,BURN,1,0.1340,-0.1340,0.0019,-0.3589
8077,attacker,FAMOUS,INSECT SPREAD,1,0.3383,-0.3383,0.0001,-0.3579
8078,attacker,FAMOUS,INSECT SPREAD,1,0.3383,-0.3383,0.0001,-0.3569
8079,random,SECRET LIE SPREAD SPREAD,SPREAD,1,0.2003,-0.2003,0.0021,-0.3491
8080,attacker,FAMOUS,INSECT SPREAD,1,0.3383,-0.3383,0.0000,-0.3486
8081,random,CHANCE SPREAD,SPREAD,1,0.1002,-0.1002,0.0018,-0.3361
8082,attacker,FAMOUS,INSECT SPREAD,1,0.3383,-0.3383,-0.0000,-0.3362
8083,attacker,FAMOUS,INSECT SPREAD,1,0.3383,-0.3383,-0.0000,-0.3363
8084,attacker,FAMOUS,INSECT SPREAD,1,0.3383,-0.3383,-0.0000,-0.3364
8085,attacker,FAMOUS,INSECT SPREAD,1,0.3383,-0.3383,-0.0000,-0.3365
8086,attacker,FAMOUS,INSECT SPREAD,1,0.3383,-0.3383,-0.0000,-0.3366
8087,attacker,FAMOUS,INSECT SPREAD,1,0.3383,-0.3383,-0.0000,-0.3367
8088,attacker,FAMOUS,INSECT SPREAD,1,0.3383,-0.3383,-0.0000,-0.3368
8089,attacker,FAMOUS,INSECT SPREAD,1,0.3383,-0.3383,-0.0000,-0.3369
8090,attacker,FAMOUS,INSECT SPREAD,1,0.3383,-0.3383,-0.0000,-0.3369
8091,random,BORDER GROW SPREAD SPREAD,SPREAD,1,0.1514,-0.1514,0.0014,-0.3277
8092,attacker,FAMOUS,INSECT SPREAD,1,0.3383,-0.3383,-0.0000,-0.3282
8093,attacker,FAMOUS,INSECT SPREAD,1,0.3383,-0.3383,-0.0000,-0.3287
8094,attacker,FAMOUS,INSECT SPREAD,1,0.3383,-0.3383,-0.0000,-0.3292
8095,attacker,FAMOUS,INSECT SPREAD,1,0.3383,-0.3383,-0.0000,-0.3296
8096,attacker,FAMOUS,INSECT SPREAD,1,0.3383,-0.3383,-0.0000,-0.3301
8097,random,IDENTITY SPREAD SPREAD,SPREAD,1,0.1026,-0.1026,0.0016,-0.3187
8098,attacker,FAMOUS,INSECT SPREAD,1,0.3383,-0.3383,-0.0001,-0.3197
8099,random,WEAPON,SPREAD,1,0.2377,-0.2377,0.0002,-0.3156
8100,attacker,FAMOUS,INSECT SPREAD,1,0.3383,-0.3383,-0.0001,-0.3167
8101,attacker,FAMOUS,INSECT SPREAD,1,0.3383,-0.3383,-0.0001,-0.3178
8102,attacker,FAMOUS,INSECT SPREAD,1,0.3383,-0.3383,-0.0001,-0.3188
8103,attacker,FAMOUS,INSECT SPREAD,1,0.3383,-0.3383,-0.0001,-0.3198
8104,attacker,FAMOUS,INSECT SPREAD,1,0.3383,-0.3383,-0.0001,-0.3207
8105,attacker,FAMOUS,INSECT SPREAD,1,0.3383,-0.3383,-0.0001,-0.3216
8106,attacker,FAMOUS,INSECT SPREAD,1,0.3383,-0.3383,-0.0001,-0.3224
8107,attacker,FAMOUS,INSECT SPREAD,1,0.3383,-0.3383,-0.0001,-0.3232
8108,attacker,FAMOUS,INSECT SPREAD,1,0.3383,-0.3383,-0.0001,-0.3240
8109,attacker,FAMOUS,INSECT SPREAD,1,0.3383,-0.3383,-0.0001,-0.3247
8110,attacker,FAMOUS,INSECT SPREAD,1,0.3383,-0.3383,-0.0001,-0.3254
8111,attacker,FAMOUS,INSECT SPREAD,1,0.3383,-0.3383,-0.0001,-0.3260
8112,random,ELDER,BURN,1,0.2513,-0.2513,0.0009,-0.3223
8113,random,DEAD LEADER,BURN,1,0.3047,-0.3047,0.0001,-0.3214
8114,attacker,FAMOUS,INSECT SPREAD,1,0.3383,-0.3383,-0.0001,-0.3222
8115,random,REBELLIOUS SOLDIER BREAK ORDERED,INSECT BURN,0,1.1814,-1.1814,-0.5499,-0.3652
8116,attacker,FAMOUS,INSECT SPREAD,1,0.3383,-0.3383,0.0001,-0.3639
8117,random,TRAPPED,SEED BURN,0,1.4122,-1.4122,-4.1407,-0.4163
8118,random,CHAOTIC PHONE FALL HEAR TRUSTED FOOD,BURN,0,1.3014,-1.3014,-0.5611,-0.4605
8119,attacker,FAMOUS,INSECT SPREAD,1,0.3383,-0.3383,0.0006,-0.4544
8120,random,CHILD RUN CARRY MAP,BURN,1,0.1860,-0.1860,0.0014,-0.4410
8121,attacker,FAMOUS,INSECT SPREAD,1,0.3383,-0.3383,0.0005,-0.4359
8122,attacker,FAMOUS,INSECT SPREAD,1,0.3383,-0.3383,0.0005,-0.4310
8123,random,TRUSTED SOLDIER FALL BUILD KEY BUILD,INSECT BURN,1,0.2662,-0.2662,0.0256,-0.4227
8124,random,CORRUPTED PHONE,FAIL,0,1.3742,-1.3742,-2.1937,-0.4703
8125,attacker,FAMOUS,INSECT SPREAD,1,0.3383,-0.3383,0.0006,-0.4637
8126,attacker,FAMOUS,INSECT SPREAD,1,0.3383,-0.3383,0.0006,-0.4574
8127,random,STRONG WOMAN BREAK CHAOTIC,MAP,1,0.3608,-0.3608,0.4219,-0.4526
8128,attacker,FAMOUS,INSECT SPREAD,1,0.3383,-0.3383,0.0005,-0.4469
8129,attacker,FAMOUS,INSECT SPREAD,1,0.3383,-0.3383,0.0005,-0.4415
8130,attacker,FAMOUS,INSECT SPREAD,1,0.3383,-0.3383,0.0005,-0.4363
8131,attacker,FAMOUS,INSECT SPREAD,1,0.3383,-0.3383,0.0005,-0.4314
8132,attacker,FAMOUS,INSECT SPREAD,1,0.3383,-0.3383,0.0004,-0.4267
8133,random,INSECT HEAR,SIGNAL SPREAD,1,0.2389,-0.2389,0.4750,-0.4174
8134,attacker,FAMOUS,INSECT SPREAD,1,0.3383,-0.3383,0.0004,-0.4134
8135,attacker,FAMOUS,INSECT SPREAD,1,0.3383,-0.3383,0.0004,-0.4096
8136,attacker,FAMOUS,INSECT SPREAD,1,0.3383,-0.3383,0.0003,-0.4061
8137,random,MAN,BURN,1,0.2394,-0.2394,0.0011,-0.3977
8138,random,SIMPLE CAMERA MOVE SEED,FALL,1,0.2758,-0.2758,0.0144,-0.3916
8139,attacker,FAMOUS,INSECT SPREAD,1,0.3383,-0.3383,0.0003,-0.3890
8140,random,HORSE,BURN,1,0.2156,-0.2156,0.0013,-0.3803
8141,attacker,FAMOUS,INSECT SPREAD,1,0.3383,-0.3383,0.0002,-0.3782
8142,attacker,FAMOUS,INSECT SPREAD,1,0.3383,-0.3383,0.0002,-0.3762
8143,random,ERROR,SPREAD,1,0.2312,-0.2312,0.0007,-0.3690
8144,attacker,FAMOUS,INSECT SPREAD,1,0.3383,-0.3383,0.0002,-0.3674
8145,random,ACTIVE CAR SEE,BIRD,1,0.3231,-0.3231,0.1042,-0.3652
8146,attacker,FAMOUS,INSECT SPREAD,1,0.3383,-0.3383,0.0001,-0.3639
8147,attacker,FAMOUS,INSECT SPREAD,1,0.3383,-0.3383,0.0001,-0.3626
8148,attacker,FAMOUS,INSECT SPREAD,1,0.3383,-0.3383,0.0001,-0.3614
8149,attacker,FAMOUS,INSECT SPREAD,1,0.3383,-0.3383,0.0001,-0.3602
8150,attacker,FAMOUS,INSECT SPREAD,1,0.3383,-0.3383,0.0001,-0.3591
8151,attacker,FAMOUS,INSECT SPREAD,1,0.3383,-0.3383,0.0001,-0.3581
8152,attacker,FAMOUS,INSECT SPREAD,1,0.3383,-0.3383,0.0001,-0.3571
8153,attacker,FAMOUS,INSECT SPREAD,1,0.3383,-0.3383,0.0001,-0.3561
8154,attacker,FAMOUS,INSECT SPREAD,1,0.3383,-0.3383,0.0001,-0.3552
8155,attacker,FAMOUS,INSECT SPREAD,1,0.3383,-0.3383,0.0001,-0.3544
8156,attacker,FAMOUS,INSECT SPREAD,1,0.3383,-0.3383,0.0001,-0.3536
8157,attacker,FAMOUS,INSECT SPREAD,1,0.3383,-0.3383,0.0001,-0.3528
8158,attacker,FAMOUS,INSECT SPREAD,1,0.3383,-0.3383,0.0001,-0.3521
8159,random,STRONG PHONE SEE MARKET,BURN,0,1.3304,-1.3304,-0.6400,-0.4010
8160,attacker,FAMOUS,INSECT SPREAD,1,0.3383,-0.3383,0.0003,-0.3979
8161,random,CLEAN METAL GROW,BURN,1,0.2686,-0.2686,0.0098,-0.3914
8162,random,DEAD,WOLF BURN,0,1.4455,-1.4455,-2.5724,-0.4441
8163,random,ROBOT,FALL,1,0.2548,-0.2548,0.0718,-0.4347
8164,attacker,FAMOUS,INSECT SPREAD,1,0.3383,-0.3383,0.0005,-0.4298
8165,attacker,FAMOUS,INSECT SPREAD,1,0.3383,-0.3383,0.0004,-0.4253
8166,random,FOOD,BURN,1,0.2132,-0.2132,0.0008,-0.4147
8167,random,WOLF SPREAD,BURN,1,0.2372,-0.2372,0.0295,-0.4058
8168,attacker,FAMOUS,INSECT SPREAD,1,0.3383,-0.3383,0.0003,-0.4024
8169,attacker,FAMOUS,INSECT SPREAD,1,0.3383,-0.3383,0.0003,-0.3992
8170,attacker,FAMOUS,INSECT SPREAD,1,0.3383,-0.3383,0.0003,-0.3962
8171,attacker,FAMOUS,INSECT SPREAD,1,0.3383,-0.3383,0.0003,-0.3933
8172,random,SOLDIER SPREAD MOVE FOOD FALL,BURN,1,0.1945,-0.1945,0.0033,-0.3833
8173,attacker,FAMOUS,INSECT SPREAD,1,0.3383,-0.3383,0.0002,-0.3811
8174,random,INSECT HEAR,FEAR SPREAD,1,0.2358,-0.2358,0.6023,-0.3738
8175,random,BIG WOOD BURN BURN BURN,BURN,1,0.2002,-0.2002,0.0029,-0.3651
8176,attacker,FAMOUS,INSECT SPREAD,1,0.3383,-0.3383,0.0001,-0.3638
8177,random,MAN WARN,DOG BURN,1,0.1872,-0.1872,0.4705,-0.3550
8178,attacker,FAMOUS,INSECT SPREAD,1,0.3383,-0.3383,0.0001,-0.3541
8179,attacker,FAMOUS,INSECT SPREAD,1,0.3383,-0.3383,0.0001,-0.3533
8180,random,MAP,SPREAD,1,0.2120,-0.2120,0.0010,-0.3463
8181,attacker,FAMOUS,INSECT SPREAD,1,0.3383,-0.3383,0.0000,-0.3459
8182,random,POISON FAIL GROW,SPREAD,1,0.2043,-0.2043,0.0010,-0.3388
8183,attacker,FAMOUS,INSECT SPREAD,1,0.3383,-0.3383,0.0000,-0.3388
8184,attacker,FAMOUS,INSECT SPREAD,1,0.3383,-0.3383,0.0000,-0.3387
8185,random,ISOLATED WOLF FALL BURN WANT PATTERN,BURN,1,0.2668,-0.2668,0.0004,-0.3351
8186,random,BIRD MOVE CLEAN BIG GUARD SEE,BIRD FORGET BORDER BURN,1,0.2323,-0.2323,1.0877,-0.3300
8187,attacker,FAMOUS,INSECT SPREAD,1,0.3383,-0.3383,-0.0000,-0.3304
8188,random,LEADER SEE SOLDIER BUILD CORRUPTED TRUSTED,INSECT BURN,0,1.2654,-1.2654,-0.8548,-0.3772
8189,attacker,FAMOUS,INSECT SPREAD,1,0.3383,-0.3383,0.0002,-0.3752
8190,random,KEY FALL SPREAD GROW GROW FAIL,SPREAD,1,0.1858,-0.1858,0.0010,-0.3657
8191,random,VAST,INSECT BURN,1,0.3103,-0.3103,0.0050,-0.3630
8192,random,SIMPLE RULE GROW,SPREAD,1,0.3090,-0.3090,0.0017,-0.3603
8193,attacker,FAMOUS,INSECT SPREAD,1,0.3383,-0.3383,0.0001,-0.3592
8194,attacker,FAMOUS,INSECT SPREAD,1,0.3383,-0.3383,0.0001,-0.3581
8195,random,CAT ATTACK STONE EAT,MAN BURN,0,1.1614,-1.1614,-5.1862,-0.3983
8196,random,HORSE SEE COMPLEX,INSECT BURN,1,0.2018,-0.2018,0.2092,-0.3885
8197,random,HEAVY COMPUTER HEAR BOOK MOVE HORSE,FALL,1,0.2985,-0.2985,0.0057,-0.3840
8198,attacker,FAMOUS,INSECT SPREAD,1,0.3383,-0.3383,0.0002,-0.3817
8199,attacker,FAMOUS,INSECT SPREAD,1,0.3383,-0.3383,0.0002,-0.3795
8200,attacker,FAMOUS,INSECT SPREAD,1,0.3383,-0.3383,0.0002,-0.3775
8201,random,POWER SPREAD GROW SPREAD SPREAD SPREAD,SPREAD,1,0.1513,-0.1513,0.0024,-0.3661
8202,attacker,FAMOUS,INSECT SPREAD,1,0.3383,-0.3383,0.0001,-0.3648
8203,random,ANGRY CHILD,BURN,1,0.3314,-0.3314,0.0007,-0.3631
8204,attacker,FAMOUS,INSECT SPREAD,1,0.3383,-0.3383,0.0001,-0.3618
8205,attacker,FAMOUS,INSECT SPREAD,1,0.3383,-0.3383,0.0001,-0.3607
8206,attacker,FAMOUS,INSECT SPREAD,1,0.3383,-0.3383,0.0001,-0.3595
8207,random,CAT SEE,CAT FALL,1,0.1016,-0.1016,2.2746,-0.3466
8208,attacker,FAMOUS,INSECT SPREAD,1,0.3383,-0.3383,0.0000,-0.3462
8209,random,FAST WOLF BURN SEE WOMAN HEAR,PLAN BURN,1,0.2644,-0.2644,0.1961,-0.3421
8210,attacker,FAMOUS,INSECT SPREAD,1,0.3383,-0.3383,0.0000,-0.3419
8211,random,WEAPON FALL BURN BURN GROW BURN,SPREAD,1,0.2560,-0.2560,0.0073,-0.3376
8212,attacker,FAMOUS,INSECT SPREAD,1,0.3383,-0.3383,-0.0000,-0.3377
8213,random,CLEAN MAN HEAR POISON HEAR,PLAN,1,0.3385,-0.3385,-0.0039,-0.3377
8214,random,MEMORY SPREAD GROW GROW GROW FAIL,SPREAD,1,0.1752,-0.1752,0.0012,-0.3296
8215,attacker,FAMOUS,INSECT SPREAD,1,0.3383,-0.3383,-0.0000,-0.3300
8216,attacker,FAMOUS,INSECT SPREAD,1,0.3383,-0.3383,-0.0000,-0.3304
8217,attacker,FAMOUS,INSECT SPREAD,1,0.3383,-0.3383,-0.0000,-0.3308
8218,random,SOLDIER SEE BRIDGE BUILD OUTCAST DULL,SEED BURN,0,1.2874,-1.2874,-1.7078,-0.3787
8219,random,COMPLEX PATTERN,SPREAD,1,0.3312,-0.3312,0.0008,-0.3763
8220,attacker,FAMOUS,INSECT SPREAD,1,0.3383,-0.3383,0.0002,-0.3744
8221,random,WEAPON GROW BURN BURN FALL FALL,SPREAD,1,0.2578,-0.2578,0.0012,-0.3686
8222,attacker,FAMOUS,INSECT SPREAD,1,0.3383,-0.3383,0.0002,-0.3670
8223,attacker,FAMOUS,INSECT SPREAD,1,0.3383,-0.3383,0.0001,-0.3656
8224,attacker,FAMOUS,INSECT SPREAD,1,0.3383,-0.3383,0.0001,-0.3642
8225,attacker,FAMOUS,INSECT SPREAD,1,0.3383,-0.3383,0.0001,-0.3629
8226,attacker,FAMOUS,INSECT SPREAD,1,0.3383,-0.3383,0.0001,-0.3617
8227,attacker,FAMOUS,INSECT SPREAD,1,0.3383,-0.3383,0.0001,-0.3605
8228,attacker,FAMOUS,INSECT SPREAD,1,0.3383,-0.3383,0.0001,-0.3594
8229,attacker,FAMOUS,INSECT SPREAD,1,0.3383,-0.3383,0.0001,-0.3584
8230,attacker,FAMOUS,INSECT SPREAD,1,0.3383,-0.3383,0.0001,-0.3574
8231,attacker,FAMOUS,INSECT SPREAD,1,0.3383,-0.3383,0.0001,-0.3564
8232,attacker,FAMOUS,INSECT SPREAD,1,0.3383,-0.3383,0.0001,-0.3555
8233,attacker,FAMOUS,INSECT SPREAD,1,0.3383,-0.3383,0.0001,-0.3546
8234,attacker,FAMOUS,INSECT SPREAD,1,0.3383,-0.3383,0.0001,-0.3538
8235,random,STRANGER BREAK OUTCAST SLOW CROWD BUILD,INSECT BURN,1,0.2094,-0.2094,0.1162,-0.3466
8236,attacker,FAMOUS,INSECT SPREAD,1,0.3383,-0.3383,0.0000,-0.3462
8237,attacker,FAMOUS,INSECT SPREAD,1,0.3383,-0.3383,0.0000,-0.3458
8238,random,WEAK SOLDIER GROW,BURN,1,0.2824,-0.2824,0.0014,-0.3426
8239,attacker,FAMOUS,INSECT SPREAD,1,0.3383,-0.3383,0.0000,-0.3424
8240,random,WEAPON FALL FALL SPREAD,SPREAD,1,0.1821,-0.1821,0.0011,-0.3344
8241,random,BIRD ATTACK CLOCK WANT ELDER FALL,BURN,1,0.2094,-0.2094,0.0020,-0.3281
8242,attacker,FAMOUS,INSECT SPREAD,1,0.3383,-0.3383,-0.0001,-0.3287
8243,attacker,FAMOUS,INSECT SPREAD,1,0.3383,-0.3383,-0.0000,-0.3291
8244,attacker,FAMOUS,INSECT SPREAD,1,0.3383,-0.3383,-0.0000,-0.3296
8245,attacker,FAMOUS,INSECT SPREAD,1,0.3383,-0.3383,-0.0000,-0.3300
8246,attacker,FAMOUS,INSECT SPREAD,1,0.3383,-0.3383,-0.0000,-0.3304
8247,random,SYSTEM FAIL,SPREAD,1,0.1857,-0.1857,0.0013,-0.3232
8248,attacker,FAMOUS,INSECT SPREAD,1,0.3383,-0.3383,-0.0001,-0.3240
8249,random,SENSOR FAIL SEE HEAVY ELDER ENCODE,ERROR FAIL,1,0.2839,-0.2839,0.1836,-0.3219
8250,random,HEAVY,INSECT BURN,0,1.3074,-1.3074,-0.4430,-0.3712
8251,random,FAST IDENTITY,SPREAD,1,0.3160,-0.3160,0.0005,-0.3685
8252,attacker,FAMOUS,INSECT SPREAD,1,0.3383,-0.3383,0.0001,-0.3670
8253,random,COMPLEX,INSECT SPREAD,1,0.3383,-0.3383,0.0008,-0.3655
8254,random,CAMERA FAIL,FAIL,1,0.1094,-0.1094,0.0207,-0.3527
8255,random,KEY FAIL FALL,SPREAD,1,0.1998,-0.1998,0.0015,-0.3451
8256,attacker,FAMOUS,INSECT SPREAD,1,0.3383,-0.3383,0.0000,-0.3447
8257,random,PLAN FAIL,SPREAD,1,0.1838,-0.1838,0.0020,-0.3367
8258,attacker,FAMOUS,INSECT SPREAD,1,0.3383,-0.3383,-0.0000,-0.3368
8259,attacker,FAMOUS,INSECT SPREAD,1,0.3383,-0.3383,-0.0000,-0.3368
8260,attacker,FAMOUS,INSECT SPREAD,1,0.3383,-0.3383,-0.0000,-0.3369
8261,random,CLEAN SOLDIER HEAR WOMAN,BURN,1,0.3295,-0.3295,0.0001,-0.3365
8262,attacker,FAMOUS,INSECT SPREAD,1,0.3383,-0.3383,-0.0000,-0.3366
8263,attacker,FAMOUS,INSECT SPREAD,1,0.3383,-0.3383,-0.0000,-0.3367
8264,attacker,FAMOUS,INSECT SPREAD,1,0.3383,-0.3383,-0.0000,-0.3368
8265,attacker,FAMOUS,INSECT SPREAD,1,0.3383,-0.3383,-0.0000,-0.3369
8266,attacker,FAMOUS,INSECT SPREAD,1,0.3383,-0.3383,-0.0000,-0.3369
8267,random,STRANGER BURN,BURN,1,0.1111,-0.1111,0.0044,-0.3256
8268,attacker,FAMOUS,INSECT SPREAD,1,0.3383,-0.3383,-0.0001,-0.3263
8269,random,STRANGER WANT CITY,BURN,1,0.2295,-0.2295,0.0015,-0.3214
8270,attacker,FAMOUS,INSECT SPREAD,1,0.3383,-0.3383,-0.0001,-0.3223
8271,attacker,FAMOUS,INSECT SPREAD,1,0.3383,-0.3383,-0.0001,-0.3231
8272,attacker,FAMOUS,INSECT SPREAD,1,0.3383,-0.3383,-0.0001,-0.3238
8273,attacker,FAMOUS,INSECT SPREAD,1,0.3383,-0.3383,-0.0001,-0.3246
8274,random,MAP GROW GROW BURN GROW SPREAD,SPREAD,1,0.1866,-0.1866,0.0008,-0.3177
8275,attacker,FAMOUS,INSECT SPREAD,1,0.3383,-0.3383,-0.0001,-0.3187
8276,random,ERROR FAIL,SPREAD,1,0.1978,-0.1978,0.0005,-0.3126
8277,attacker,FAMOUS,INSECT SPREAD,1,0.3383,-0.3383,-0.0001,-0.3139
8278,attacker,FAMOUS,INSECT SPREAD,1,0.3383,-0.3383,-0.0001,-0.3151
8279,attacker,FAMOUS,INSECT SPREAD,1,0.3383,-0.3383,-0.0001,-0.3163
8280,random,ACTIVE BIRD MOVE BROKEN OPTIMAL CLOCK,BURN,1,0.2826,-0.2826,0.0002,-0.3146
8281,random,LEADER BURN HEAR DUST,BURN,1,0.1672,-0.1672,0.0024,-0.3072
8282,random,SECRET,INSECT SPREAD,0,1.4276,-1.4276,-1.8029,-0.3633
8283,attacker,FAMOUS,INSECT SPREAD,1,0.3383,-0.3383,0.0001,-0.3620
8284,random,HORSE EAT,INSECT BURN,0,1.0752,-1.0752,-0.9889,-0.3977
8285,attacker,FAMOUS,INSECT SPREAD,1,0.3383,-0.3383,0.0003,-0.3947
8286,random,WOOD BURN,BURN,1,0.1007,-0.1007,0.0048,-0.3800
8287,attacker,FAMOUS,INSECT SPREAD,1,0.3383,-0.3383,0.0002,-0.3779
8288,attacker,FAMOUS,INSECT SPREAD,1,0.3383,-0.3383,0.0002,-0.3759
8289,attacker,FAMOUS,INSECT SPREAD,1,0.3383,-0.3383,0.0002,-0.3741
8290,attacker,FAMOUS,INSECT SPREAD,1,0.3383,-0.3383,0.0002,-0.3723
8291,attacker,FAMOUS,INSECT SPREAD,1,0.3383,-0.3383,0.0002,-0.3706
8292,attacker,FAMOUS,INSECT SPREAD,1,0.3383,-0.3383,0.0002,-0.3690
8293,random,IDENTITY GROW,SPREAD,1,0.2104,-0.2104,0.0009,-0.3610
8294,attacker,FAMOUS,INSECT SPREAD,1,0.3383,-0.3383,0.0001,-0.3599
8295,attacker,FAMOUS,INSECT SPREAD,1,0.3383,-0.3383,0.0001,-0.3588
8296,attacker,FAMOUS,INSECT SPREAD,1,0.3383,-0.3383,0.0001,-0.3578
8297,attacker,FAMOUS,INSECT SPREAD,1,0.3383,-0.3383,0.0001,-0.3568
8298,attacker,FAMOUS,INSECT SPREAD,1,0.3383,-0.3383,0.0001,-0.3559
8299,attacker,FAMOUS,INSECT SPREAD,1,0.3383,-0.3383,0.0001,-0.3550
8300,attacker,FAMOUS,INSECT SPREAD,1,0.3383,-0.3383,0.0001,-0.3542
8301,random,INSECT,SPREAD,1,0.2306,-0.2306,0.0002,-0.3480
8302,random,SECRET WOMAN SEE ROBOT,BURN,1,0.3226,-0.3226,0.0003,-0.3467
8303,random,BOOK FALL,SPREAD,1,0.2312,-0.2312,0.0013,-0.3409
8304,random,SMALL,INSECT SPREAD,0,1.4463,-1.4463,-1.1880,-0.3962
8305,attacker,FAMOUS,INSECT SPREAD,1,0.3383,-0.3383,0.0003,-0.3933
8306,random,WEAK SENSOR FAIL,FAIL,1,0.2024,-0.2024,0.0201,-0.3838
8307,attacker,FAMOUS,INSECT SPREAD,1,0.3383,-0.3383,0.0003,-0.3815
8308,attacker,FAMOUS,INSECT SPREAD,1,0.3383,-0.3383,0.0002,-0.3793
8309,random,AUTOMATED CAR HEAR HAPPY,HORSE,1,0.3260,-0.3260,0.1136,-0.3767
8310,attacker,FAMOUS,INSECT SPREAD,1,0.3383,-0.3383,0.0002,-0.3747
8311,random,KEY FAIL SPREAD FALL SPREAD GROW,SPREAD,1,0.1761,-0.1761,0.0009,-0.3648
8312,attacker,FAMOUS,INSECT SPREAD,1,0.3383,-0.3383,0.0002,-0.3635
8313,attacker,FAMOUS,INSECT SPREAD,1,0.3383,-0.3383,0.0001,-0.3622
8314,random,TRUTH GROW,SPREAD,1,0.2044,-0.2044,0.0008,-0.3543
8315,random,BORDER GROW,SPREAD,1,0.2066,-0.2066,0.0007,-0.3470
8316,random,CHILD RUN SEE STRONG WATER MOVE,GUARD BURN,1,0.2381,-0.2381,0.3024,-0.3415
8317,attacker,FAMOUS,INSECT SPREAD,1,0.3383,-0.3383,0.0000,-0.3413
8318,attacker,FAMOUS,INSECT SPREAD,1,0.3383,-0.3383,0.0000,-0.3412
8319,random,ENGINE ENCODE RULE ENCODE OPTIMAL,MEMORY,1,0.2929,-0.2929,0.0697,-0.3388
8320,random,FIRE MOVE CHILD GROW SPREAD BURN,BURN,1,0.1735,-0.1735,0.0024,-0.3305
8321,attacker,FAMOUS,INSECT SPREAD,1,0.3383,-0.3383,-0.0000,-0.3309
8322,random,TIME SPREAD FAIL GROW FAIL GROW,SPREAD,1,0.1735,-0.1735,0.0007,-0.3230
8323,attacker,FAMOUS,INSECT SPREAD,1,0.3383,-0.3383,-0.0001,-0.3238
8324,attacker,FAMOUS,INSECT SPREAD,1,0.3383,-0.3383,-0.0001,-0.3245
8325,attacker,FAMOUS,INSECT SPREAD,1,0.3383,-0.3383,-0.0001,-0.3252
8326,attacker,FAMOUS,INSECT SPREAD,1,0.3383,-0.3383,-0.0001,-0.3259
8327,attacker,FAMOUS,INSECT SPREAD,1,0.3383,-0.3383,-0.0001,-0.3265
8328,attacker,FAMOUS,INSECT GROW,1,0.3840,-0.3840,-0.3863,-0.3294
8329,attacker,FAMOUS,INSECT SPREAD,1,0.3383,-0.3383,-0.0001,-0.3298
8330,random,WEAK SEED,SPREAD,1,0.3487,-0.3487,-0.0002,-0.3307
8331,random,FOOD BURN,BURN,1,0.1036,-0.1036,0.0030,-0.3194
8332,attacker,FAMOUS,INSECT SPREAD,1,0.3383,-0.3383,-0.0001,-0.3203
8333,attacker,FAMOUS,INSECT SPREAD,1,0.3383,-0.3383,-0.0001,-0.3212
8334,attacker,FAMOUS,INSECT SPREAD,1,0.3383,-0.3383,-0.0001,-0.3221
8335,random,STRONG,KEY BURN,1,0.3371,-0.3371,-0.0554,-0.3228
8336,attacker,FAMOUS,INSECT SPREAD,1,0.3383,-0.3383,-0.0001,-0.3236
8337,attacker,FAMOUS,INSECT SPREAD,1,0.3383,-0.3383,-0.0001,-0.3243
8338,attacker,FAMOUS,INSECT SPREAD,1,0.3383,-0.3383,-0.0001,-0.3250
8339,attacker,FAMOUS,INSECT SPREAD,1,0.3383,-0.3383,-0.0001,-0.3257
8340,random,ACTIVE HORSE,BURN,1,0.3238,-0.3238,0.0000,-0.3256
8341,random,CORRUPTED NETWORK FAIL,SPREAD,1,0.2793,-0.2793,0.0070,-0.3233
8342,attacker,FAMOUS,INSECT SPREAD,1,0.3383,-0.3383,-0.0001,-0.3240
8343,attacker,FAMOUS,INSECT SPREAD,1,0.3383,-0.3383,-0.0001,-0.3248
8344,random,SIMPLE SOLDIER ASK BIRD THINK MAN,BURN,1,0.3363,-0.3363,-0.0001,-0.3253
8345,attacker,FAMOUS,INSECT SPREAD,1,0.3383,-0.3383,-0.0001,-0.3260
8346,attacker,FAMOUS,INSECT SPREAD,1,0.3383,-0.3383,-0.0001,-0.3266
8347,attacker,FAMOUS,INSECT SPREAD,1,0.3383,-0.3383,-0.0001,-0.3272
8348,attacker,FAMOUS,INSECT SPREAD,1,0.3383,-0.3383,-0.0001,-0.3277
8349,attacker,FAMOUS,INSECT SPREAD,1,0.3383,-0.3383,-0.0001,-0.3283
8350,attacker,FAMOUS,INSECT SPREAD,1,0.3383,-0.3383,-0.0000,-0.3288
8351,attacker,FAMOUS,INSECT SPREAD,1,0.3383,-0.3383,-0.0000,-0.3292
8352,attacker,FAMOUS,INSECT SPREAD,1,0.3383,-0.3383,-0.0000,-0.3297
8353,attacker,FAMOUS,INSECT SPREAD,1,0.3383,-0.3383,-0.0000,-0.3301
8354,attacker,FAMOUS,INSECT SPREAD,1,0.3383,-0.3383,-0.0000,-0.3305
8355,attacker,FAMOUS,INSECT SPREAD,1,0.3383,-0.3383,-0.0000,-0.3309
8356,random,FEAR,SPREAD,1,0.2077,-0.2077,0.0004,-0.3248
8357,attacker,FAMOUS,INSECT SPREAD,1,0.3383,-0.3383,-0.0001,-0.3254
8358,attacker,FAMOUS,INSECT SPREAD,1,0.3383,-0.3383,-0.0001,-0.3261
8359,attacker,FAMOUS,INSECT SPREAD,1,0.3383,-0.3383,-0.0001,-0.3267
8360,random,SOLDIER BURN,BURN,1,0.1085,-0.1085,0.0040,-0.3158
8361,attacker,FAMOUS,INSECT SPREAD,1,0.3383,-0.3383,-0.0001,-0.3169
8362,attacker,FAMOUS,INSECT SPREAD,1,0.3383,-0.3383,-0.0001,-0.3180
8363,attacker,FAMOUS,INSECT SPREAD,1,0.3383,-0.3383,-0.0001,-0.3190
8364,random,ELDER BREAK POISON WARN,HORSE BURN,1,0.1444,-0.1444,0.2625,-0.3102
8365,attacker,FAMOUS,INSECT SPREAD,1,0.3383,-0.3383,-0.0001,-0.3117
8366,attacker,FAMOUS,INSECT SPREAD,1,0.3383,-0.3383,-0.0001,-0.3130
8367,attacker,FAMOUS,INSECT SPREAD,1,0.3383,-0.3383,-0.0001,-0.3142
8368,random,TRUTH,SPREAD,1,0.2077,-0.2077,0.0003,-0.3089
8369,attacker,FAMOUS,INSECT SPREAD,1,0.3383,-0.3383,-0.0001,-0.3104
8370,attacker,FAMOUS,INSECT SPREAD,1,0.3383,-0.3383,-0.0001,-0.3118
8371,attacker,FAMOUS,INSECT SPREAD,1,0.3383,-0.3383,-0.0001,-0.3131
8372,random,CHAOTIC,MAP SPREAD,0,1.4829,-1.4829,-0.8886,-0.3716
8373,random,SMALL POISON GROW GROW GROW SPREAD,SPREAD,1,0.2732,-0.2732,0.0011,-0.3667
8374,attacker,FAMOUS,INSECT SPREAD,1,0.3383,-0.3383,0.0001,-0.3653
8375,random,CAR,TRUTH SPREAD,0,1.2404,-1.2404,-3.5243,-0.4090
8376,random,STRANGER EAT METAL,BURN,1,0.1788,-0.1788,0.0035,-0.3975
8377,attacker,FAMOUS,INSECT SPREAD,1,0.3383,-0.3383,0.0003,-0.3945
8378,attacker,FAMOUS,INSECT SPREAD,1,0.3383,-0.3383,0.0003,-0.3917
8379,attacker,FAMOUS,INSECT SPREAD,1,0.3383,-0.3383,0.0003,-0.3891
8380,attacker,FAMOUS,INSECT SPREAD,1,0.3383,-0.3383,0.0003,-0.3865
8381,random,FEAR SPREAD GROW,SPREAD,1,0.1539,-0.1539,0.0010,-0.3749
8382,attacker,FAMOUS,INSECT SPREAD,1,0.3383,-0.3383,0.0002,-0.3731
8383,attacker,FAMOUS,INSECT SPREAD,1,0.3383,-0.3383,0.0002,-0.3713
8384,attacker,FAMOUS,INSECT SPREAD,1,0.3383,-0.3383,0.0002,-0.3697
8385,attacker,FAMOUS,INSECT SPREAD,1,0.3383,-0.3383,0.0002,-0.3681
8386,attacker,FAMOUS,INSECT SPREAD,1,0.3383,-0.3383,0.0001,-0.3666
8387,attacker,FAMOUS,INSECT SPREAD,1,0.3383,-0.3383,0.0001,-0.3652
8388,attacker,FAMOUS,INSECT SPREAD,1,0.3383,-0.3383,0.0001,-0.3638
8389,random,DORMANT WOLF MOVE,BIRD BURN,1,0.1683,-0.1683,0.2590,-0.3541
8390,attacker,FAMOUS,INSECT SPREAD,1,0.3383,-0.3383,0.0001,-0.3533
8391,attacker,FAMOUS,INSECT SPREAD,1,0.3383,-0.3383,0.0001,-0.3525
8392,attacker,FAMOUS,INSECT SPREAD,1,0.3383,-0.3383,0.0001,-0.3518
8393,random,HEAVY CAMERA HEAR STRONG SIMPLE SOLDIER,BURN,0,1.3152,-1.3152,-0.4896,-0.4000
8394,attacker,FAMOUS,INSECT SPREAD,1,0.3383,-0.3383,0.0003,-0.3969
8395,random,LIE GROW SPREAD GROW,SPREAD,1,0.1591,-0.1591,0.0017,-0.3850
8396,attacker,FAMOUS,INSECT SPREAD,1,0.3383,-0.3383,0.0002,-0.3827
8397,attacker,FAMOUS,INSECT SPREAD,1,0.3383,-0.3383,0.0002,-0.3804
8398,attacker,FAMOUS,INSECT SPREAD,1,0.3383,-0.3383,0.0002,-0.3783
8399,attacker,FAMOUS,INSECT SPREAD,1,0.3383,-0.3383,0.0002,-0.3763
8400,random,MAP,SPREAD,1,0.2120,-0.2120,0.0010,-0.3681
8401,attacker,FAMOUS,INSECT SPREAD,1,0.3383,-0.3383,0.0001,-0.3666
8402,random,TRAPPED ELDER,BURN,1,0.3343,-0.3343,0.0004,-0.3650
8403,random,CAMERA FALL,FAIL,1,0.2576,-0.2576,0.0296,-0.3596
8404,attacker,FAMOUS,INSECT SPREAD,1,0.3383,-0.3383,0.0001,-0.3586
8405,attacker,FAMOUS,INSECT SPREAD,1,0.3383,-0.3383,0.0001,-0.3576
8406,attacker,FAMOUS,INSECT SPREAD,1,0.3383,-0.3383,0.0001,-0.3566
8407,random,OPTIMAL,TRUTH SPREAD,1,0.3484,-0.3484,0.0288,-0.3562
8408,attacker,FAMOUS,INSECT SPREAD,1,0.3383,-0.3383,0.0001,-0.3553
8409,attacker,FAMOUS,INSECT SPREAD,1,0.3383,-0.3383,0.0001,-0.3544
8410,attacker,FAMOUS,INSECT SPREAD,1,0.3383,-0.3383,0.0001,-0.3536
8411,attacker,FAMOUS,INSECT SPREAD,1,0.3383,-0.3383,0.0001,-0.3529
8412,attacker,FAMOUS,INSECT SPREAD,1,0.3383,-0.3383,0.0001,-0.3521
8413,random,SEED FALL MOVE ROBOT,BURN,1,0.1837,-0.1837,0.0023,-0.3437
8414,attacker,FAMOUS,INSECT SPREAD,1,0.3383,-0.3383,0.0000,-0.3434
8415,random,ALGORITHM,SPREAD,1,0.2312,-0.2312,0.0006,-0.3378
8416,attacker,FAMOUS,INSECT SPREAD,1,0.3383,-0.3383,-0.0000,-0.3378
8417,attacker,FAMOUS,INSECT SPREAD,1,0.3383,-0.3383,-0.0000,-0.3379
8418,random,SIMPLE ERROR FAIL GROW GROW,SPREAD,1,0.3090,-0.3090,0.0002,-0.3364
8419,attacker,FAMOUS,INSECT SPREAD,1,0.3383,-0.3383,-0.0000,-0.3365
8420,attacker,FAMOUS,INSECT SPREAD,1,0.3383,-0.3383,-0.0000,-0.3366
8421,attacker,FAMOUS,INSECT SPREAD,1,0.3383,-0.3383,-0.0000,-0.3367
8422,attacker,FAMOUS,INSECT SPREAD,1,0.3383,-0.3383,-0.0000,-0.3368
8423,attacker,FAMOUS,INSECT SPREAD,1,0.3383,-0.3383,-0.0000,-0.3368
8424,random,CROWD,BURN,1,0.2322,-0.2322,0.0014,-0.3316
8425,attacker,FAMOUS,INSECT SPREAD,1,0.3383,-0.3383,-0.0000,-0.3319
8426,random,LEADER BURN FALL,BURN,1,0.1484,-0.1484,0.0080,-0.3228
8427,attacker,FAMOUS,INSECT SPREAD,1,0.3383,-0.3383,-0.0001,-0.3235
8428,attacker,FAMOUS,INSECT SPREAD,1,0.3383,-0.3383,-0.0001,-0.3243
8429,attacker,FAMOUS,INSECT SPREAD,1,0.3383,-0.3383,-0.0001,-0.3250
8430,attacker,FAMOUS,INSECT SPREAD,1,0.3383,-0.3383,-0.0001,-0.3256
8431,attacker,FAMOUS,INSECT SPREAD,1,0.3383,-0.3383,-0.0001,-0.3263
8432,random,DOG,BURN,1,0.2279,-0.2279,0.0015,-0.3214
8433,attacker,FAMOUS,INSECT SPREAD,1,0.3383,-0.3383,-0.0001,-0.3222
8434,attacker,FAMOUS,INSECT SPREAD,1,0.3383,-0.3383,-0.0001,-0.3230
8435,random,BOOK FALL SPREAD,SPREAD,1,0.1625,-0.1625,0.0011,-0.3150
8436,random,CAR FALL FAIL,FAIL,1,0.1750,-0.1750,0.0115,-0.3080
8437,random,OBEDIENT,SEED BURN,0,1.3921,-1.3921,-6.3081,-0.3622
8438,attacker,FAMOUS,INSECT SPREAD,1,0.3383,-0.3383,0.0001,-0.3610
8439,attacker,FAMOUS,INSECT SPREAD,1,0.3383,-0.3383,0.0001,-0.3599
8440,random,PROUD,STRANGER BURN,1,0.3859,-0.3859,-0.0101,-0.3612
8441,random,TRAPPED WOLF SPREAD GROW BURN,BURN,1,0.2705,-0.2705,0.0018,-0.3566
8442,random,PATTERN FAIL,SPREAD,1,0.1978,-0.1978,0.0009,-0.3487
8443,attacker,FAMOUS,INSECT SPREAD,1,0.3383,-0.3383,0.0001,-0.3482
8444,attacker,FAMOUS,INSECT SPREAD,1,0.3383,-0.3383,0.0000,-0.3477
8445,random,WATER BURN BURN,BURN,1,0.1003,-0.1003,0.0034,-0.3353
8446,random,RULE GROW,SPREAD,1,0.2066,-0.2066,0.0005,-0.3289
8447,random,ROBOT SEE ROAD,FALL,1,0.2319,-0.2319,0.0094,-0.3240
8448,random,ROBOT,FALL,1,0.2548,-0.2548,0.0040,-0.3206
8449,attacker,FAMOUS,INSECT SPREAD,1,0.3383,-0.3383,-0.0001,-0.3214
8450,attacker,FAMOUS,INSECT SPREAD,1,0.3383,-0.3383,-0.0001,-0.3223
8451,attacker,FAMOUS,INSECT SPREAD,1,0.3383,-0.3383,-0.0001,-0.3231
8452,attacker,FAMOUS,INSECT SPREAD,1,0.3383,-0.3383,-0.0001,-0.3238
8453,attacker,FAMOUS,INSECT SPREAD,1,0.3383,-0.3383,-0.0001,-0.3246
8454,random,CHAOTIC NETWORK GROW SPREAD HEAR,ERROR SPREAD,1,0.2874,-0.2874,0.2361,-0.3227
8455,attacker,FAMOUS,INSECT SPREAD,1,0.3383,-0.3383,-0.0001,-0.3235
8456,attacker,FAMOUS,INSECT SPREAD,1,0.3383,-0.3383,-0.0001,-0.3242
8457,attacker,DIRTY,MAP BURN,1,0.4511,-0.4511,-0.2950,-0.3306
8458,attacker,FAMOUS,INSECT SPREAD,1,0.3383,-0.3383,-0.0000,-0.3310
8459,random,HORSE,BURN,1,0.2156,-0.2156,0.0016,-0.3252
8460,attacker,FAMOUS,INSECT SPREAD,1,0.3383,-0.3383,-0.0001,-0.3258
8461,random,CAR HEAR,PLAN FAIL,1,0.2443,-0.2443,0.1707,-0.3218
8462,attacker,FAMOUS,INSECT SPREAD,1,0.3383,-0.3383,-0.0001,-0.3226
8463,attacker,FAMOUS,INSECT SPREAD,1,0.3383,-0.3383,-0.0001,-0.3234
8464,attacker,FAMOUS,INSECT SPREAD,1,0.3383,-0.3383,-0.0001,-0.3241
8465,attacker,FAMOUS,INSECT SPREAD,1,0.3383,-0.3383,-0.0001,-0.3248
8466,attacker,FAMOUS,INSECT SPREAD,1,0.3383,-0.3383,-0.0001,-0.3255
8467,random,SOLDIER BUILD ROOM,BURN,1,0.1914,-0.1914,0.0015,-0.3188
8468,attacker,FAMOUS,INSECT SPREAD,1,0.3383,-0.3383,-0.0001,-0.3198
8469,random,BIG,BIRD BURN,1,0.3081,-0.3081,0.0289,-0.3192
8470,random,CHOICE GROW GROW GROW SPREAD SPREAD,SPREAD,1,0.1619,-0.1619,0.0009,-0.3113
8471,random,SECRET LEADER,BURN,1,0.3400,-0.3400,-0.0002,-0.3128
8472,attacker,FAMOUS,INSECT SPREAD,1,0.3383,-0.3383,-0.0001,-0.3140
8473,attacker,FAMOUS,INSECT SPREAD,1,0.3383,-0.3383,-0.0001,-0.3152
8474,random,SIGNAL FAIL FAIL,SPREAD,1,0.1888,-0.1888,0.0009,-0.3089
8475,attacker,FAMOUS,INSECT SPREAD,1,0.3383,-0.3383,-0.0002,-0.3104
8476,attacker,FAMOUS,INSECT SPREAD,1,0.3383,-0.3383,-0.0002,-0.3118
8477,attacker,FAMOUS,INSECT SPREAD,1,0.3383,-0.3383,-0.0001,-0.3131
8478,attacker,FAMOUS,INSECT SPREAD,1,0.3383,-0.3383,-0.0001,-0.3144
8479,attacker,FAMOUS,INSECT SPREAD,1,0.3383,-0.3383,-0.0001,-0.3156
8480,attacker,FAMOUS,INSECT SPREAD,1,0.3383,-0.3383,-0.0001,-0.3167
8481,attacker,FAMOUS,INSECT SPREAD,1,0.3383,-0.3383,-0.0001,-0.3178
8482,attacker,FAMOUS,INSECT SPREAD,1,0.3383,-0.3383,-0.0001,-0.3188
8483,attacker,FAMOUS,INSECT SPREAD,1,0.3383,-0.3383,-0.0001,-0.3198
8484,attacker,FAMOUS,INSECT SPREAD,1,0.3383,-0.3383,-0.0001,-0.3207
8485,attacker,FAMOUS,INSECT SPREAD,1,0.3383,-0.3383,-0.0001,-0.3216
8486,attacker,FAMOUS,INSECT SPREAD,1,0.3383,-0.3383,-0.0001,-0.3224
8487,attacker,FAMOUS,INSECT SPREAD,1,0.3383,-0.3383,-0.0001,-0.3232
8488,attacker,FAMOUS,INSECT SPREAD,1,0.3383,-0.3383,-0.0001,-0.3240
8489,attacker,FAMOUS,INSECT SPREAD,1,0.3383,-0.3383,-0.0001,-0.3247
8490,attacker,FAMOUS,INSECT SPREAD,1,0.3383,-0.3383,-0.0001,-0.3254
8491,attacker,FAMOUS,INSECT SPREAD,1,0.3383,-0.3383,-0.0001,-0.3260
8492,attacker,FAMOUS,INSECT SPREAD,1,0.3383,-0.3383,-0.0001,-0.3266
8493,attacker,FAMOUS,INSECT SPREAD,1,0.3383,-0.3383,-0.0001,-0.3272
8494,attacker,FAMOUS,INSECT SPREAD,1,0.3383,-0.3383,-0.0001,-0.3278
8495,random,OUTCAST,DOG BURN,0,1.4384,-1.4384,-2.9727,-0.3833
8496,attacker,FAMOUS,INSECT SPREAD,1,0.3383,-0.3383,0.0003,-0.3810
8497,attacker,FAMOUS,INSECT SPREAD,1,0.3383,-0.3383,0.0002,-0.3789
8498,random,TRUTH SPREAD GROW SPREAD,SPREAD,1,0.1508,-0.1508,0.0015,-0.3675
8499,random,FAMOUS WEAPON FALL BURN FALL BURN,SPREAD,1,0.3477,-0.3477,0.0002,-0.3665
8500,random,GUARD MOVE,CHILD BURN,1,0.0708,-0.0708,0.9040,-0.3517
8501,attacker,FAMOUS,INSECT SPREAD,1,0.3383,-0.3383,0.0001,-0.3510
8502,random,SIGNAL FAIL,SPREAD,1,0.1846,-0.1846,0.0013,-0.3427
8503,attacker,FAMOUS,INSECT SPREAD,1,0.3383,-0.3383,0.0000,-0.3425
8504,random,CAT,BURN,1,0.2153,-0.2153,0.0014,-0.3361
8505,random,ROBOT HEAR,PLAN,1,0.2228,-0.2228,0.1214,-0.3305
8506,random,DOG FOLLOW CLEAN DEAD LEADER,BURN,1,0.3238,-0.3238,0.0001,-0.3301
8507,attacker,FAMOUS,INSECT SPREAD,1,0.3383,-0.3383,-0.0000,-0.3305
8508,random,SIGNAL,SPREAD,1,0.2077,-0.2077,0.0011,-0.3244
8509,attacker,FAMOUS,INSECT SPREAD,1,0.3383,-0.3383,-0.0001,-0.3251
8510,attacker,FAMOUS,INSECT SPREAD,1,0.3383,-0.3383,-0.0001,-0.3258
8511,attacker,FAMOUS,INSECT SPREAD,1,0.3383,-0.3383,-0.0001,-0.3264
8512,random,OUTCAST ELDER BURN FALL,BURN,1,0.2375,-0.2375,0.0011,-0.3219
8513,attacker,FAMOUS,INSECT SPREAD,1,0.3383,-0.3383,-0.0001,-0.3228
8514,random,REBELLIOUS GUARD,BURN,1,0.3394,-0.3394,-0.0002,-0.3236
8515,attacker,FAMOUS,INSECT SPREAD,1,0.3383,-0.3383,-0.0001,-0.3243
8516,attacker,FAMOUS,INSECT SPREAD,1,0.3383,-0.3383,-0.0001,-0.3250
8517,random,SENSOR FALL UPDATE CLEAN DIRTY MAP,FAIL,1,0.3050,-0.3050,0.0010,-0.3240
8518,attacker,FAMOUS,INSECT SPREAD,1,0.3383,-0.3383,-0.0001,-0.3247
8519,attacker,FAMOUS CAT,BURN,1,0.3422,-0.3422,-0.0001,-0.3256
8520,random,STONE FALL,BURN,1,0.1697,-0.1697,0.0016,-0.3178
8521,attacker,FAMOUS,INSECT SPREAD,1,0.3383,-0.3383,-0.0001,-0.3188
8522,random,BIG MAP BURN,BURN,1,0.2047,-0.2047,0.0020,-0.3131
8523,random,TIME SPREAD GROW FAIL FAIL,SPREAD,1,0.1717,-0.1717,0.0014,-0.3061
8524,attacker,FAMOUS,INSECT SPREAD,1,0.3383,-0.3383,-0.0002,-0.3077
8525,attacker,FAMOUS,INSECT SPREAD,1,0.3383,-0.3383,-0.0002,-0.3092
8526,attacker,FAMOUS,INSECT SPREAD,1,0.3383,-0.3383,-0.0002,-0.3106
8527,attacker,FAMOUS,INSECT SPREAD,1,0.3383,-0.3383,-0.0001,-0.3120
8528,random,DOG MOVE DOG SEE,HORSE BURN,1,0.0830,-0.0830,0.4211,-0.3006
8529,attacker,FAMOUS,INSECT SPREAD,1,0.3383,-0.3383,-0.0002,-0.3025
8530,random,STRANGER MOVE BOOK WANT CLEAN,HORSE BURN,1,0.2656,-0.2656,0.0672,-0.3006
8531,attacker,FAMOUS,INSECT SPREAD,1,0.3383,-0.3383,-0.0002,-0.3025
8532,random,FIRE BURN MOVE FOREST,BURN,1,0.1346,-0.1346,0.0015,-0.2941
8533,attacker,FAMOUS,INSECT SPREAD,1,0.3383,-0.3383,-0.0002,-0.2963
8534,attacker,FAMOUS,INSECT SPREAD,1,0.3383,-0.3383,-0.0002,-0.2984
8535,attacker,FAMOUS,INSECT SPREAD,1,0.3383,-0.3383,-0.0002,-0.3004
8536,attacker,FAMOUS,INSECT SPREAD,1,0.3383,-0.3383,-0.0002,-0.3023
8537,random,WOOD BURN FALL BURN FALL FALL,BURN,1,0.1345,-0.1345,0.0011,-0.2939
8538,attacker,FAMOUS,INSECT SPREAD,1,0.3383,-0.3383,-0.0003,-0.2961
8539,random,WEAPON GROW SPREAD GROW FALL,SPREAD,1,0.1893,-0.1893,0.0009,-0.2908
8540,attacker,FAMOUS,INSECT SPREAD,1,0.3383,-0.3383,-0.0003,-0.2932
8541,attacker,FAMOUS,INSECT SPREAD,1,0.3383,-0.3383,-0.0003,-0.2954
8542,attacker,FAMOUS,INSECT SPREAD,1,0.3383,-0.3383,-0.0003,-0.2976
8543,attacker,FAMOUS,INSECT SPREAD,1,0.3383,-0.3383,-0.0003,-0.2996
8544,random,ISOLATED BOOK SPREAD SPREAD GROW SPREAD,SPREAD,1,0.2556,-0.2556,0.0003,-0.2974
8545,attacker,FAMOUS,INSECT SPREAD,1,0.3383,-0.3383,-0.0003,-0.2994
8546,attacker,DIRTY,INSECT BURN,0,1.4327,-1.4327,-0.7598,-0.3561
8547,attacker,FAMOUS,INSECT SPREAD,1,0.3383,-0.3383,0.0001,-0.3552
8548,attacker,FAMOUS,INSECT SPREAD,1,0.3383,-0.3383,0.0001,-0.3544
8549,attacker,FAMOUS,INSECT SPREAD,1,0.3383,-0.3383,0.0001,-0.3536
8550,attacker,FAMOUS,INSECT SPREAD,1,0.3383,-0.3383,0.0001,-0.3528
8551,attacker,FAMOUS,INSECT SPREAD,1,0.3383,-0.3383,0.0001,-0.3521
8552,attacker,FAMOUS,INSECT SPREAD,1,0.3383,-0.3383,0.0001,-0.3514
8553,random,BIRD KNOW,ASHAMED BIRD BURN,0,1.2343,-1.2343,-7.2428,-0.3955
8554,random,ALGORITHM,SPREAD,1,0.2312,-0.2312,0.0010,-0.3873
8555,attacker,FAMOUS,INSECT SPREAD,1,0.3383,-0.3383,0.0004,-0.3849
8556,attacker,FAMOUS,INSECT SPREAD,1,0.3383,-0.3383,0.0004,-0.3825
8557,random,DIRTY,CAR FALL,0,1.4327,-1.4327,-5.5034,-0.4350
8558,attacker,FAMOUS,INSECT SPREAD,1,0.3383,-0.3383,0.0008,-0.4302
8559,attacker,FAMOUS,INSECT SPREAD,1,0.3383,-0.3383,0.0007,-0.4256
8560,attacker,FAMOUS,INSECT SPREAD,1,0.3383,-0.3383,0.0007,-0.4212
8561,attacker,FAMOUS,INSECT SPREAD,1,0.3383,-0.3383,0.0007,-0.4171
8562,random,HAPPY GUARD BREAK,POISON BURN,1,0.2216,-0.2216,0.6654,-0.4073
8563,random,MEMORY,SPREAD,1,0.2046,-0.2046,0.0012,-0.3972
8564,attacker,FAMOUS,INSECT SPREAD,1,0.3383,-0.3383,0.0005,-0.3942
8565,attacker,FAMOUS,INSECT SPREAD,1,0.3383,-0.3383,0.0004,-0.3914
8566,attacker,FAMOUS,INSECT SPREAD,1,0.3383,-0.3383,0.0004,-0.3888
8567,attacker,FAMOUS,INSECT SPREAD,1,0.3383,-0.3383,0.0004,-0.3863
8568,random,BROKEN ROBOT GENERATE SIGNAL,FAIL,1,0.2735,-0.2735,0.0299,-0.3806
8569,attacker,FAMOUS,INSECT SPREAD,1,0.3383,-0.3383,0.0003,-0.3785
8570,attacker,FAMOUS,INSECT SPREAD,1,0.3383,-0.3383,0.0003,-0.3765
8571,attacker,FAMOUS,INSECT SPREAD,1,0.3383,-0.3383,0.0003,-0.3746
8572,attacker,FAMOUS,INSECT SPREAD,1,0.3383,-0.3383,0.0003,-0.3728
8573,attacker,FAMOUS,INSECT SPREAD,1,0.3383,-0.3383,0.0002,-0.3710
8574,attacker,FAMOUS,INSECT SPREAD,1,0.3383,-0.3383,0.0002,-0.3694
8575,random,WEAPON BURN BURN,SPREAD,1,0.2539,-0.2539,0.0009,-0.3636
8576,attacker,FAMOUS,INSECT SPREAD,1,0.3383,-0.3383,0.0002,-0.3624
8577,attacker,FAMOUS,INSECT SPREAD,1,0.3383,-0.3383,0.0002,-0.3612
8578,attacker,FAMOUS,INSECT SPREAD,1,0.3383,-0.3383,0.0002,-0.3600
8579,attacker,FAMOUS,INSECT SPREAD,1,0.3383,-0.3383,0.0002,-0.3589
8580,attacker,FAMOUS,INSECT SPREAD,1,0.3383,-0.3383,0.0001,-0.3579
8581,attacker,FAMOUS,INSECT SPREAD,1,0.3383,-0.3383,0.0001,-0.3569
8582,random,KEY,SPREAD,1,0.2165,-0.2165,0.0005,-0.3499
8583,attacker,FAMOUS,INSECT SPREAD,1,0.3383,-0.3383,0.0001,-0.3493
8584,attacker,FAMOUS,INSECT SPREAD,1,0.3383,-0.3383,0.0001,-0.3488
8585,random,CHOICE,SPREAD,1,0.2266,-0.2266,0.0003,-0.3427
8586,attacker,FAMOUS,INSECT SPREAD,1,0.3383,-0.3383,0.0000,-0.3424
8587,attacker,FAMOUS,INSECT SPREAD,1,0.3383,-0.3383,0.0000,-0.3422
8588,attacker,FAMOUS,INSECT SPREAD,1,0.3383,-0.3383,0.0000,-0.3420
8589,attacker,FAMOUS,INSECT SPREAD,1,0.3383,-0.3383,0.0000,-0.3418
8590,attacker,FAMOUS,INSECT SPREAD,1,0.3383,-0.3383,0.0000,-0.3417
8591,attacker,FAMOUS,INSECT SPREAD,1,0.3383,-0.3383,0.0000,-0.3415
8592,attacker,FAMOUS,INSECT SPREAD,1,0.3383,-0.3383,0.0000,-0.3413
8593,attacker,FAMOUS,INSECT SPREAD,1,0.3383,-0.3383,0.0000,-0.3412
8594,attacker,FAMOUS,INSECT SPREAD,1,0.3383,-0.3383,0.0000,-0.3410
8595,attacker,FAMOUS,INSECT SPREAD,1,0.3383,-0.3383,0.0000,-0.3409
8596,attacker,FAMOUS,INSECT SPREAD,1,0.3383,-0.3383,0.0000,-0.3408
8597,attacker,FAMOUS,INSECT SPREAD,1,0.3383,-0.3383,0.0000,-0.3406
8598,random,CROWD,BURN,1,0.2322,-0.2322,0.0013,-0.3352
8599,attacker,FAMOUS,INSECT SPREAD,1,0.3383,-0.3383,-0.0000,-0.3354
8600,random,BIG ROBOT,FALL,1,0.3440,-0.3440,-0.0006,-0.3358
8601,attacker,FAMOUS,INSECT SPREAD,1,0.3383,-0.3383,-0.0000,-0.3359
8602,random,CAR,FAIL,1,0.2484,-0.2484,0.0168,-0.3316
8603,attacker,FAMOUS,INSECT SPREAD,1,0.3383,-0.3383,-0.0000,-0.3319
8604,attacker,FAMOUS,INSECT SPREAD,1,0.3383,-0.3383,-0.0000,-0.3322
8605,attacker,FAMOUS,INSECT SPREAD,1,0.3383,-0.3383,-0.0000,-0.3325
8606,random,DIRTY WOLF TRADE DIRTY WEAK LEADER,BURN,1,0.3473,-0.3473,-0.0001,-0.3332
8607,attacker,FAMOUS,INSECT SPREAD,1,0.3383,-0.3383,-0.0000,-0.3335
8608,attacker,FAMOUS,INSECT SPREAD,1,0.3383,-0.3383,-0.0000,-0.3337
8609,attacker,FAMOUS,INSECT SPREAD,1,0.3383,-0.3383,-0.0000,-0.3340
8610,attacker,FAMOUS,INSECT SPREAD,1,0.3383,-0.3383,-0.0000,-0.3342
8611,random,REBELLIOUS,SOLDIER BURN,1,0.4125,-0.4125,-0.1222,-0.3381
8612,attacker,FAMOUS,INSECT SPREAD,1,0.3383,-0.3383,-0.0000,-0.3381
8613,random,WEAK FIRE SPREAD GROW,SPREAD,1,0.2664,-0.2664,0.0023,-0.3345
8614,random,SHARP WEAPON,BURN,1,0.3047,-0.3047,0.0005,-0.3330
8615,random,REBELLIOUS GUARD,BURN,1,0.3394,-0.3394,-0.0001,-0.3333
8616,attacker,FAMOUS,INSECT SPREAD,1,0.3383,-0.3383,-0.0000,-0.3336
8617,attacker,FAMOUS,INSECT SPREAD,1,0.3383,-0.3383,-0.0000,-0.3338
8618,attacker,FAMOUS,INSECT SPREAD,1,0.3383,-0.3383,-0.0000,-0.3341
8619,random,ASHAMED WOMAN,BURN,1,0.3224,-0.3224,0.0001,-0.3335
8620,attacker,FAMOUS,INSECT SPREAD,1,0.3383,-0.3383,-0.0000,-0.3337
8621,attacker,FAMOUS,INSECT SPREAD,1,0.3383,-0.3383,-0.0000,-0.3339
8622,attacker,FAMOUS,INSECT SPREAD,1,0.3383,-0.3383,-0.0000,-0.3342
8623,attacker,FAMOUS,INSECT SPREAD,1,0.3383,-0.3383,-0.0000,-0.3344
8624,random,OPTIMAL GUARD GENERATE,FEAR BURN,1,0.3309,-0.3309,0.0147,-0.3342
8625,random,BROKEN,BIRD BURN,0,1.4279,-1.4279,-3.1574,-0.3889
8626,attacker,FAMOUS,INSECT SPREAD,1,0.3383,-0.3383,0.0003,-0.3863
8627,attacker,FAMOUS,INSECT SPREAD,1,0.3383,-0.3383,0.0003,-0.3839
8628,random,ISOLATED WOLF,BURN,1,0.3191,-0.3191,0.0008,-0.3807
8629,random,FEAR GROW GROW,SPREAD,1,0.2254,-0.2254,0.0006,-0.3729
8630,attacker,FAMOUS,INSECT SPREAD,1,0.3383,-0.3383,0.0002,-0.3712
8631,attacker,FAMOUS,INSECT SPREAD,1,0.3383,-0.3383,0.0002,-0.3696
8632,attacker,FAMOUS,INSECT SPREAD,1,0.3383,-0.3383,0.0002,-0.3680
8633,random,TRUTH SPREAD SPREAD SPREAD,SPREAD,1,0.1005,-0.1005,0.0021,-0.3546
8634,random,FREE SOLDIER,BURN,1,0.3406,-0.3406,0.0002,-0.3539
8635,attacker,FAMOUS,INSECT SPREAD,1,0.3383,-0.3383,0.0001,-0.3531
8636,random,SMALL,HORSE BURN,1,0.4949,-0.4949,-0.2255,-0.3602
8637,attacker,FAMOUS,INSECT SPREAD,1,0.3383,-0.3383,0.0001,-0.3591
8638,attacker,FAMOUS,INSECT SPREAD,1,0.3383,-0.3383,0.0001,-0.3581
8639,attacker,FAMOUS,INSECT SPREAD,1,0.3383,-0.3383,0.0001,-0.3571
8640,attacker,FAMOUS,INSECT SPREAD,1,0.3383,-0.3383,0.0001,-0.3562
8641,attacker,FAMOUS,INSECT SPREAD,1,0.3383,-0.3383,0.0001,-0.3553
8642,attacker,FAMOUS,INSECT SPREAD,1,0.3383,-0.3383,0.0001,-0.3544
8643,attacker,FAMOUS,INSECT SPREAD,1,0.3383,-0.3383,0.0001,-0.3536
8644,attacker,FAMOUS,INSECT SPREAD,1,0.3383,-0.3383,0.0001,-0.3528
8645,random,MAN HELP CONNECTED,DOG BURN,1,0.2878,-0.2878,0.1771,-0.3496
8646,random,CHILD FORGET POISON,BURN,1,0.2101,-0.2101,0.0020,-0.3426
8647,attacker,FAMOUS,INSECT SPREAD,1,0.3383,-0.3383,0.0000,-0.3424
8648,random,ERROR FAIL,SPREAD,1,0.1978,-0.1978,0.0006,-0.3352
8649,attacker,FAMOUS,INSECT SPREAD,1,0.3383,-0.3383,-0.0000,-0.3353
8650,attacker,FAMOUS,INSECT SPREAD,1,0.3383,-0.3383,-0.0000,-0.3355
8651,attacker,FAMOUS,INSECT SPREAD,1,0.3383,-0.3383,-0.0000,-0.3356
8652,attacker,FAMOUS,INSECT SPREAD,1,0.3383,-0.3383,-0.0000,-0.3357
8653,attacker,FAMOUS,INSECT SPREAD,1,0.3383,-0.3383,-0.0000,-0.3359
8654,attacker,FAMOUS,INSECT SPREAD,1,0.3383,-0.3383,-0.0000,-0.3360
8655,attacker,FAMOUS,INSECT SPREAD,1,0.3383,-0.3383,-0.0000,-0.3361
8656,random,KEY,SPREAD,1,0.2165,-0.2165,0.0004,-0.3301
8657,attacker,FAMOUS,INSECT SPREAD,1,0.3383,-0.3383,-0.0000,-0.3305
8658,random,BROKEN GUARD,BURN,1,0.3153,-0.3153,0.0005,-0.3298
8659,random,ALGORITHM FAIL SPREAD FAIL GROW GROW,SPREAD,1,0.1795,-0.1795,0.0005,-0.3223
8660,attacker,FAMOUS,INSECT SPREAD,1,0.3383,-0.3383,-0.0001,-0.3231
8661,attacker,FAMOUS,INSECT SPREAD,1,0.3383,-0.3383,-0.0001,-0.3238
8662,random,POWER GROW,SPREAD,1,0.2125,-0.2125,0.0004,-0.3183
8663,attacker,FAMOUS,INSECT SPREAD,1,0.3383,-0.3383,-0.0001,-0.3193
8664,attacker,FAMOUS,INSECT SPREAD,1,0.3383,-0.3383,-0.0001,-0.3202
8665,random,CLOCK UPDATE WEAK,HORSE FAIL,0,1.2787,-1.2787,-2.1290,-0.3681
8666,attacker,FAMOUS,INSECT SPREAD,1,0.3383,-0.3383,0.0002,-0.3666
8667,random,CHANCE,SPREAD,1,0.2027,-0.2027,0.0004,-0.3584
8668,attacker,FAMOUS,INSECT SPREAD,1,0.3383,-0.3383,0.0001,-0.3574
8669,attacker,FAMOUS,INSECT SPREAD,1,0.3383,-0.3383,0.0001,-0.3565
8670,attacker,FAMOUS,INSECT SPREAD,1,0.3383,-0.3383,0.0001,-0.3556
8671,attacker,FAMOUS,INSECT SPREAD,1,0.3383,-0.3383,0.0001,-0.3547
8672,attacker,FAMOUS,INSECT SPREAD,1,0.3383,-0.3383,0.0001,-0.3539
8673,attacker,FAMOUS,INSECT SPREAD,1,0.3383,-0.3383,0.0001,-0.3531
8674,attacker,FAMOUS,INSECT SPREAD,1,0.3383,-0.3383,0.0001,-0.3524
8675,random,BIRD SEE KEY,BURN,1,0.2118,-0.2118,0.0026,-0.3453
8676,attacker,FAMOUS,INSECT SPREAD,1,0.3383,-0.3383,0.0000,-0.3450
8677,random,BIG BIRD BREAK ORDERED SEED HELP,CHILD BURN,1,0.2360,-0.2360,0.2643,-0.3395
8678,attacker,FAMOUS,INSECT SPREAD,1,0.3383,-0.3383,0.0000,-0.3395
8679,attacker,FAMOUS,INSECT SPREAD,1,0.3383,-0.3383,0.0000,-0.3394
8680,attacker,FAMOUS,INSECT SPREAD,1,0.3383,-0.3383,0.0000,-0.3394
8681,attacker,FAMOUS,INSECT SPREAD,1,0.3383,-0.3383,0.0000,-0.3393
8682,attacker,FAMOUS,INSECT SPREAD,1,0.3383,-0.3383,0.0000,-0.3392
8683,random,ASHAMED ELDER CHOOSE TRAPPED WOMAN SPREAD,BURN,1,0.3413,-0.3413,-0.0000,-0.3394
8684,random,PROUD STRANGER,BURN,1,0.3451,-0.3451,-0.0001,-0.3396
8685,attacker,FAMOUS,INSECT SPREAD,1,0.3383,-0.3383,0.0000,-0.3396
8686,attacker,FAMOUS,INSECT SPREAD,1,0.3383,-0.3383,0.0000,-0.3395
8687,attacker,FAMOUS,INSECT SPREAD,1,0.3383,-0.3383,0.0000,-0.3394
8688,attacker,FAMOUS,INSECT SPREAD,1,0.3383,-0.3383,0.0000,-0.3394
8689,attacker,FAMOUS,INSECT SPREAD,1,0.3383,-0.3383,0.0000,-0.3393
8690,attacker,FAMOUS,INSECT SPREAD,1,0.3383,-0.3383,0.0000,-0.3393
8691,random,LIE GROW,SPREAD,1,0.2090,-0.2090,0.0006,-0.3328
8692,attacker,FAMOUS,INSECT SPREAD,1,0.3383,-0.3383,-0.0000,-0.3330
8693,attacker,FAMOUS,INSECT SPREAD,1,0.3383,-0.3383,-0.0000,-0.3333
8694,attacker,FAMOUS,INSECT SPREAD,1,0.3383,-0.3383,-0.0000,-0.3335
8695,attacker,FAMOUS,INSECT SPREAD,1,0.3383,-0.3383,-0.0000,-0.3338
8696,attacker,FAMOUS,INSECT SPREAD,1,0.3383,-0.3383,-0.0000,-0.3340
8697,attacker,FAMOUS,INSECT SPREAD,1,0.3383,-0.3383,-0.0000,-0.3342
8698,attacker,FAMOUS,INSECT SPREAD,1,0.3383,-0.3383,-0.0000,-0.3344
8699,attacker,FAMOUS,INSECT SPREAD,1,0.3383,-0.3383,-0.0000,-0.3346
8700,attacker,FAMOUS,INSECT SPREAD,1,0.3383,-0.3383,-0.0000,-0.3348
8701,attacker,FAMOUS,INSECT SPREAD,1,0.3383,-0.3383,-0.0000,-0.3350
8702,attacker,FAMOUS,INSECT SPREAD,1,0.3383,-0.3383,-0.0000,-0.3351
8703,attacker,FAMOUS,INSECT SPREAD,1,0.3383,-0.3383,-0.0000,-0.3353
8704,attacker,FAMOUS,INSECT SPREAD,1,0.3383,-0.3383,-0.0000,-0.3354
8705,attacker,FAMOUS,INSECT SPREAD,1,0.3383,-0.3383,-0.0000,-0.3356
8706,random,STONE BURN FALL FALL FALL FALL,BURN,1,0.1353,-0.1353,0.0017,-0.3256
8707,attacker,FAMOUS,INSECT SPREAD,1,0.3383,-0.3383,-0.0001,-0.3262
8708,random,FOOD BURN BURN,BURN,1,0.1016,-0.1016,0.0037,-0.3150
8709,attacker,FAMOUS,INSECT SPREAD,1,0.3383,-0.3383,-0.0001,-0.3161
8710,random,COMPLEX BORDER GROW GROW SPREAD,SPREAD,1,0.2577,-0.2577,0.0006,-0.3132
8711,random,CAT EAT,RUN,0,1.1691,-1.1691,-2.7043,-0.3560
8712,attacker,FAMOUS,INSECT SPREAD,1,0.3383,-0.3383,0.0001,-0.3551
8713,attacker,FAMOUS,INSECT SPREAD,1,0.3383,-0.3383,0.0001,-0.3543
8714,random,WOMAN TALK TALK,BURN,1,0.2470,-0.2470,0.0024,-0.3489
8715,attacker,FAMOUS,INSECT SPREAD,1,0.3383,-0.3383,0.0001,-0.3484
8716,attacker,FAMOUS,INSECT SPREAD,1,0.3383,-0.3383,0.0001,-0.3479
8717,attacker,FAMOUS,INSECT SPREAD,1,0.3383,-0.3383,0.0001,-0.3474
8718,attacker,FAMOUS,INSECT SPREAD,1,0.3383,-0.3383,0.0001,-0.3469
8719,attacker,FAMOUS,INSECT SPREAD,1,0.3383,-0.3383,0.0001,-0.3465
8720,attacker,FAMOUS,INSECT SPREAD,1,0.3383,-0.3383,0.0000,-0.3461
8721,random,CHANCE,SPREAD,1,0.2027,-0.2027,0.0002,-0.3389
8722,attacker,FAMOUS,INSECT SPREAD,1,0.3383,-0.3383,0.0000,-0.3389
8723,attacker,FAMOUS,INSECT SPREAD,1,0.3383,-0.3383,0.0000,-0.3389
8724,attacker,FAMOUS,INSECT SPREAD,1,0.3383,-0.3383,0.0000,-0.3388
8725,attacker,FAMOUS,INSECT SPREAD,1,0.3383,-0.3383,0.0000,-0.3388
8726,attacker,FAMOUS,INSECT SPREAD,1,0.3383,-0.3383,0.0000,-0.3388
8727,attacker,FAMOUS,INSECT SPREAD,1,0.3383,-0.3383,0.0000,-0.3388
8728,attacker,FAMOUS,INSECT SPREAD,1,0.3383,-0.3383,0.0000,-0.3387
8729,random,ANGRY,CHILD BURN,1,0.4000,-0.4000,-0.1769,-0.3418
8730,attacker,FAMOUS,INSECT SPREAD,1,0.3383,-0.3383,0.0000,-0.3416
8731,random,ASHAMED WOMAN HEAR MAP,BURN,1,0.3122,-0.3122,0.0002,-0.3401
8732,attacker,FAMOUS,INSECT SPREAD,1,0.3383,-0.3383,0.0000,-0.3401
8733,attacker,FAMOUS,INSECT SPREAD,1,0.3383,-0.3383,0.0000,-0.3400
8734,attacker,FAMOUS,INSECT SPREAD,1,0.3383,-0.3383,0.0000,-0.3399
8735,attacker,FAMOUS,INSECT SPREAD,1,0.3383,-0.3383,0.0000,-0.3398
8736,attacker,FAMOUS,INSECT SPREAD,1,0.3383,-0.3383,0.0000,-0.3397
8737,attacker,FAMOUS,INSECT SPREAD,1,0.3383,-0.3383,0.0000,-0.3397
8738,random,ERROR FAIL FAIL FAIL SPREAD GROW,SPREAD,1,0.1809,-0.1809,0.0005,-0.3317
8739,attacker,FAMOUS,INSECT SPREAD,1,0.3383,-0.3383,-0.0000,-0.3320
8740,attacker,FAMOUS,INSECT SPREAD,1,0.3383,-0.3383,-0.0000,-0.3324
8741,random,POISON FALL BURN,SPREAD,1,0.2519,-0.2519,0.0007,-0.3283
8742,attacker,FAMOUS,INSECT SPREAD,1,0.3383,-0.3383,-0.0001,-0.3288
8743,attacker,FAMOUS,INSECT SPREAD,1,0.3383,-0.3383,-0.0001,-0.3293
8744,attacker,FAMOUS,INSECT SPREAD,1,0.3383,-0.3383,-0.0001,-0.3297
8745,attacker,FAMOUS,INSECT SPREAD,1,0.3383,-0.3383,-0.0001,-0.3302
8746,attacker,FAMOUS,INSECT SPREAD,1,0.3383,-0.3383,-0.0001,-0.3306
8747,attacker,FAMOUS,INSECT SPREAD,1,0.3383,-0.3383,-0.0000,-0.3310
8748,attacker,FAMOUS,INSECT SPREAD,1,0.3383,-0.3383,-0.0000,-0.3313
8749,attacker,FAMOUS,INSECT SPREAD,1,0.3383,-0.3383,-0.0000,-0.3317
8750,attacker,FAMOUS,INSECT SPREAD,1,0.3383,-0.3383,-0.0000,-0.3320
8751,attacker,FAMOUS,INSECT SPREAD,1,0.3383,-0.3383,-0.0000,-0.3323
8752,attacker,FAMOUS,INSECT SPREAD,1,0.3383,-0.3383,-0.0000,-0.3326
8753,attacker,FAMOUS,INSECT SPREAD,1,0.3383,-0.3383,-0.0000,-0.3329
8754,attacker,FAMOUS,INSECT SPREAD,1,0.3383,-0.3383,-0.0000,-0.3332
8755,attacker,FAMOUS,INSECT SPREAD,1,0.3383,-0.3383,-0.0000,-0.3334
8756,random,STRONG WATER,WOLF BURN,0,1.3091,-1.3091,-3.8022,-0.3822
8757,random,SLOW CAMERA FALL FALL FAIL FALL,FAIL,1,0.3001,-0.3001,0.0265,-0.3781
8758,attacker,FAMOUS,INSECT SPREAD,1,0.3383,-0.3383,0.0002,-0.3761
8759,attacker,FAMOUS,INSECT SPREAD,1,0.3383,-0.3383,0.0002,-0.3742
8760,random,RULE GROW SPREAD SPREAD GROW GROW,SPREAD,1,0.1588,-0.1588,0.0006,-0.3635
8761,random,CORRUPTED NETWORK FAIL,SPREAD,1,0.2793,-0.2793,0.0007,-0.3592
8762,attacker,FAMOUS,INSECT SPREAD,1,0.3383,-0.3383,0.0001,-0.3582
8763,attacker,FAMOUS,INSECT SPREAD,1,0.3383,-0.3383,0.0001,-0.3572
8764,random,TIME FAIL FAIL GROW,SPREAD,1,0.1993,-0.1993,0.0006,-0.3493
8765,random,PROUD STRANGER,BURN,1,0.3451,-0.3451,0.0001,-0.3491
8766,attacker,FAMOUS,INSECT SPREAD,1,0.3383,-0.3383,0.0001,-0.3486
8767,attacker,FAMOUS,INSECT SPREAD,1,0.3383,-0.3383,0.0001,-0.3480
8768,attacker,FAMOUS,INSECT SPREAD,1,0.3383,-0.3383,0.0001,-0.3476
8769,attacker,FAMOUS,INSECT SPREAD,1,0.3383,-0.3383,0.0001,-0.3471
8770,attacker,FAMOUS,INSECT SPREAD,1,0.3383,-0.3383,0.0001,-0.3466
8771,attacker,FAMOUS,INSECT SPREAD,1,0.3383,-0.3383,0.0000,-0.3462
8772,attacker,FAMOUS,INSECT SPREAD,1,0.3383,-0.3383,0.0000,-0.3458
8773,random,SIGNAL SPREAD GROW SPREAD GROW GROW,SPREAD,1,0.1602,-0.1602,0.0007,-0.3366
8774,attacker,FAMOUS,INSECT SPREAD,1,0.3383,-0.3383,-0.0000,-0.3366
8775,random,ROBOT SEE CAR,FALL,1,0.2318,-0.2318,0.0110,-0.3314
8776,attacker,FAMOUS,INSECT SPREAD,1,0.3383,-0.3383,-0.0000,-0.3317
8777,attacker,FAMOUS,INSECT SPREAD,1,0.3383,-0.3383,-0.0000,-0.3321
8778,attacker,FAMOUS,INSECT SPREAD,1,0.3383,-0.3383,-0.0000,-0.3324
8779,attacker,FAMOUS,INSECT SPREAD,1,0.3383,-0.3383,-0.0000,-0.3327
8780,attacker,FAMOUS,INSECT SPREAD,1,0.3383,-0.3383,-0.0000,-0.3330
8781,attacker,FAMOUS,INSECT SPREAD,1,0.3383,-0.3383,-0.0000,-0.3332
8782,random,FAMOUS WEAPON,SPREAD,1,0.3186,-0.3186,0.0000,-0.3325
8783,attacker,FAMOUS,INSECT SPREAD,1,0.3383,-0.3383,-0.0000,-0.3328
8784,random,ENCRYPTED MEMORY FAIL,SPREAD,1,0.2913,-0.2913,0.0004,-0.3307
8785,random,ALGORITHM FAIL SPREAD,SPREAD,1,0.1493,-0.1493,0.0011,-0.3216
8786,attacker,FAMOUS,INSECT SPREAD,1,0.3383,-0.3383,-0.0001,-0.3225
8787,random,NETWORK,SPREAD,1,0.2019,-0.2019,0.0005,-0.3164
8788,random,BIG CAT FALL FALL HEAR,PLAN BURN,1,0.3034,-0.3034,0.0041,-0.3158
8789,attacker,FAMOUS,INSECT SPREAD,1,0.3383,-0.3383,-0.0001,-0.3169
8790,random,DIRTY,BIRD WEAPON BURN,0,1.4327,-1.4327,-5.9653,-0.3727
8791,attacker,FAMOUS,INSECT SPREAD,1,0.3383,-0.3383,0.0002,-0.3710
8792,attacker,FAMOUS,INSECT SPREAD,1,0.3383,-0.3383,0.0002,-0.3693
8793,attacker,FAMOUS,INSECT SPREAD,1,0.3383,-0.3383,0.0002,-0.3678
8794,attacker,FAMOUS,INSECT SPREAD,1,0.3383,-0.3383,0.0002,-0.3663
8795,attacker,FAMOUS,INSECT SPREAD,1,0.3383,-0.3383,0.0002,-0.3649
8796,attacker,FAMOUS,INSECT SPREAD,1,0.3383,-0.3383,0.0001,-0.3636
8797,random,ROBOT,FALL,1,0.2548,-0.2548,0.0047,-0.3581
8798,attacker,FAMOUS,INSECT SPREAD,1,0.3383,-0.3383,0.0001,-0.3571
8799,attacker,FAMOUS,INSECT SPREAD,1,0.3383,-0.3383,0.0001,-0.3562
8800,random,CALM CHILD BURN MOVE DOG GROW,BURN,1,0.2594,-0.2594,0.0008,-0.3514
8801,attacker,FAMOUS,INSECT SPREAD,1,0.3383,-0.3383,0.0001,-0.3507
8802,attacker,FAMOUS,INSECT SPREAD,1,0.3383,-0.3383,0.0001,-0.3501
8803,attacker,FAMOUS,INSECT SPREAD,1,0.3383,-0.3383,0.0001,-0.3495
8804,attacker,FAMOUS,INSECT SPREAD,1,0.3383,-0.3383,0.0001,-0.3489
8805,attacker,FAMOUS,INSECT SPREAD,1,0.3383,-0.3383,0.0001,-0.3484
8806,attacker,FAMOUS,INSECT SPREAD,1,0.3383,-0.3383,0.0001,-0.3479
8807,attacker,FAMOUS,INSECT SPREAD,1,0.3383,-0.3383,0.0000,-0.3474
8808,attacker,FAMOUS,INSECT SPREAD,1,0.3383,-0.3383,0.0000,-0.3470
8809,random,BROKEN DRONE FAIL FAIL FALL,FAIL FAIL,1,0.2606,-0.2606,0.5334,-0.3426
8810,attacker,FAMOUS,INSECT SPREAD,1,0.3383,-0.3383,0.0000,-0.3424
8811,attacker,FAMOUS,INSECT SPREAD,1,0.3383,-0.3383,0.0000,-0.3422
8812,attacker,FAMOUS,INSECT SPREAD,1,0.3383,-0.3383,0.0000,-0.3420
8813,random,VAST,INSECT BURN,1,0.3103,-0.3103,0.0018,-0.3404
8814,attacker,FAMOUS,INSECT SPREAD,1,0.3383,-0.3383,0.0000,-0.3403
8815,random,POWER GROW,SPREAD,1,0.2125,-0.2125,0.0004,-0.3339
8816,attacker,FAMOUS,INSECT SPREAD,1,0.3383,-0.3383,-0.0000,-0.3341
8817,random,DORMANT DRONE FAIL FALL,FAIL,1,0.2700,-0.2700,0.0070,-0.3309
8818,attacker,FAMOUS,INSECT SPREAD,1,0.3383,-0.3383,-0.0000,-0.3313
8819,attacker,FAMOUS,INSECT SPREAD,1,0.3383,-0.3383,-0.0000,-0.3317
8820,attacker,FAMOUS,INSECT SPREAD,1,0.3383,-0.3383,-0.0000,-0.3320
8821,attacker,FAMOUS,INSECT SPREAD,1,0.3383,-0.3383,-0.0000,-0.3323
8822,random,CAT,BURN,1,0.2153,-0.2153,0.0013,-0.3265
8823,random,NETWORK,SPREAD,1,0.2019,-0.2019,0.0006,-0.3202
8824,random,ELDER,BURN,1,0.2513,-0.2513,0.0022,-0.3168
8825,attacker,FAMOUS,INSECT SPREAD,1,0.3383,-0.3383,-0.0001,-0.3179
8826,attacker,FAMOUS,INSECT SPREAD,1,0.3383,-0.3383,-0.0001,-0.3189
8827,attacker,FAMOUS,INSECT SPREAD,1,0.3383,-0.3383,-0.0001,-0.3198
8828,attacker,FAMOUS,INSECT SPREAD,1,0.3383,-0.3383,-0.0001,-0.3208
8829,random,STRANGER FALL BUILD DUST FALL WANT,CHOICE BURN,1,0.1980,-0.1980,0.4358,-0.3146
8830,attacker,FAMOUS,INSECT SPREAD,1,0.3383,-0.3383,-0.0001,-0.3158
8831,attacker,FAMOUS,INSECT SPREAD,1,0.3383,-0.3383,-0.0001,-0.3169
8832,attacker,FAMOUS,INSECT SPREAD,1,0.3383,-0.3383,-0.0001,-0.3180
8833,attacker,FAMOUS,INSECT SPREAD,1,0.3383,-0.3383,-0.0001,-0.3190
8834,attacker,FAMOUS,INSECT SPREAD,1,0.3383,-0.3383,-0.0001,-0.3200
8835,attacker,FAMOUS,INSECT SPREAD,1,0.3383,-0.3383,-0.0001,-0.3209
8836,attacker,FAMOUS,INSECT SPREAD,1,0.3383,-0.3383,-0.0001,-0.3218
8837,attacker,FAMOUS,INSECT SPREAD,1,0.3383,-0.3383,-0.0001,-0.3226
8838,attacker,FAMOUS,INSECT SPREAD,1,0.3383,-0.3383,-0.0001,-0.3234
8839,attacker,FAMOUS,INSECT SPREAD,1,0.3383,-0.3383,-0.0001,-0.3241
8840,attacker,FAMOUS,INSECT SPREAD,1,0.3383,-0.3383,-0.0001,-0.3248
8841,random,CLEAN,INSECT SPREAD,1,0.3127,-0.3127,0.0012,-0.3242
8842,random,ISOLATED BORDER GROW FAIL SPREAD GROW,SPREAD,1,0.2752,-0.2752,0.0002,-0.3218
8843,attacker,FAMOUS,INSECT SPREAD,1,0.3383,-0.3383,-0.0001,-0.3226
8844,attacker,FAMOUS,INSECT SPREAD,1,0.3383,-0.3383,-0.0001,-0.3234
8845,random,CHAOTIC CAMERA HEAR FOOD MOVE BIG,HORSE,0,1.3015,-1.3015,-2.2354,-0.3723
8846,attacker,FAMOUS,INSECT SPREAD,1,0.3383,-0.3383,0.0002,-0.3706
8847,random,TRUSTED,INSECT SPREAD,1,0.3366,-0.3366,0.0016,-0.3689
8848,attacker,FAMOUS,INSECT SPREAD,1,0.3383,-0.3383,0.0002,-0.3674
8849,random,DEBT GROW SPREAD,SPREAD,1,0.1514,-0.1514,0.0011,-0.3566
8850,attacker,FAMOUS,INSECT SPREAD,1,0.3383,-0.3383,0.0001,-0.3556
8851,random,CLEAN,INSECT SPREAD,1,0.3127,-0.3127,0.0037,-0.3535
8852,attacker,FAMOUS,INSECT SPREAD,1,0.3383,-0.3383,0.0001,-0.3527
8853,attacker,DIRTY,INSECT BURN,0,1.4327,-1.4327,-0.5502,-0.4067
8854,attacker,FAMOUS,INSECT SPREAD,1,0.3383,-0.3383,0.0004,-0.4033
8855,attacker,FAMOUS,INSECT SPREAD,1,0.3383,-0.3383,0.0003,-0.4001
8856,attacker,FAMOUS,INSECT SPREAD,1,0.3383,-0.3383,0.0003,-0.3970
8857,random,PROUD STRANGER,BURN,1,0.3451,-0.3451,0.0006,-0.3944
8858,attacker,FAMOUS,INSECT SPREAD,1,0.3383,-0.3383,0.0003,-0.3916
8859,random,STONE BURN FALL,BURN,1,0.1346,-0.1346,0.0021,-0.3787
8860,attacker,FAMOUS,INSECT SPREAD,1,0.3383,-0.3383,0.0002,-0.3767
8861,attacker,SOLDIER,BURN,1,0.2240,-0.2240,0.0014,-0.3691
8862,random,DIRTY WEAPON FALL,BURN,1,0.2697,-0.2697,0.0360,-0.3641
8863,random,DULL GUARD,BURN,1,0.3343,-0.3343,0.0003,-0.3626
8864,attacker,FAMOUS,INSECT SPREAD,1,0.3383,-0.3383,0.0001,-0.3614
8865,attacker,FAMOUS,INSECT SPREAD,1,0.3383,-0.3383,0.0001,-0.3602
8866,random,HAPPY MAN TALK,BURN,1,0.3517,-0.3517,0.0002,-0.3598
8867,attacker,FAMOUS,INSECT SPREAD,1,0.3383,-0.3383,0.0001,-0.3587
8868,random,TRUTH SPREAD GROW SPREAD SPREAD GROW,SPREAD,1,0.1525,-0.1525,0.0006,-0.3484
8869,random,WOLF BETRAY,BIRD BURN,1,0.1302,-0.1302,0.5691,-0.3375
8870,attacker,FAMOUS,INSECT SPREAD,1,0.3383,-0.3383,-0.0000,-0.3375
8871,attacker,FAMOUS,INSECT SPREAD,1,0.3383,-0.3383,-0.0000,-0.3376
8872,attacker,FAMOUS,INSECT SPREAD,1,0.3383,-0.3383,-0.0000,-0.3376
8873,random,SIGNAL GROW GROW,SPREAD,1,0.2205,-0.2205,0.0006,-0.3318
8874,random,TOOL GROW GROW FALL BURN,SPREAD,1,0.2547,-0.2547,0.0008,-0.3279
8875,attacker,FAMOUS,INSECT SPREAD,1,0.3383,-0.3383,-0.0001,-0.3284
8876,random,FREE,INSECT BURN,0,1.3793,-1.3793,-0.1837,-0.3810
8877,attacker,FAMOUS,INSECT SPREAD,1,0.3383,-0.3383,0.0002,-0.3788
8878,random,OPTIMAL,TIME SPREAD,1,0.3374,-0.3374,0.0669,-0.3768
8879,attacker,FAMOUS,INSECT SPREAD,1,0.3383,-0.3383,0.0002,-0.3748
8880,attacker,FAMOUS,INSECT SPREAD,1,0.3383,-0.3383,0.0002,-0.3730
8881,random,DIRTY INSECT HEAR,FEAR BURN,0,1.3130,-1.3130,-4.1770,-0.4200
8882,attacker,FAMOUS,INSECT SPREAD,1,0.3383,-0.3383,0.0004,-0.4159
8883,random,PROUD STRANGER,BURN,1,0.3451,-0.3451,0.0008,-0.4124
8884,attacker,FAMOUS,INSECT SPREAD,1,0.3383,-0.3383,0.0004,-0.4087
8885,random,SENSOR,FAIL,1,0.2216,-0.2216,0.0364,-0.3993
8886,attacker,FAMOUS,INSECT SPREAD,1,0.3383,-0.3383,0.0003,-0.3963
8887,random,STRANGER,FALL,1,0.2293,-0.2293,0.9632,-0.3879
8888,random,PLAN GROW GROW UPDATE ALGORITHM,SPREAD,1,0.1988,-0.1988,0.0017,-0.3785
8889,random,TRUSTED MAP,BURN,1,0.3452,-0.3452,0.0035,-0.3768
8890,attacker,FAMOUS,INSECT SPREAD,1,0.3383,-0.3383,0.0002,-0.3749
8891,attacker,FAMOUS,INSECT SPREAD,1,0.3383,-0.3383,0.0002,-0.3730
8892,attacker,FAMOUS,INSECT SPREAD,1,0.3383,-0.3383,0.0002,-0.3713
8893,random,DEBT SPREAD SPREAD SPREAD,SPREAD,1,0.1003,-0.1003,0.0023,-0.3578
8894,attacker,FAMOUS,INSECT SPREAD,1,0.3383,-0.3383,0.0001,-0.3568
8895,attacker,FAMOUS,INSECT SPREAD,1,0.3383,-0.3383,0.0001,-0.3559
8896,random,CORRUPTED SYSTEM GROW,SPREAD,1,0.3325,-0.3325,0.0001,-0.3547
8897,attacker,FAMOUS,INSECT SPREAD,1,0.3383,-0.3383,0.0001,-0.3539
8898,attacker,FAMOUS,INSECT SPREAD,1,0.3383,-0.3383,0.0001,-0.3531
8899,random,ALGORITHM,SPREAD,1,0.2312,-0.2312,0.0004,-0.3470
8900,attacker,FAMOUS,INSECT SPREAD,1,0.3383,-0.3383,0.0000,-0.3466
8901,attacker,FAMOUS,INSECT SPREAD,1,0.3383,-0.3383,0.0000,-0.3461
8902,random,LANGUAGE SPREAD GROW,SPREAD,1,0.1509,-0.1509,0.0008,-0.3364
8903,attacker,FAMOUS,INSECT SPREAD,1,0.3383,-0.3383,-0.0000,-0.3365
8904,attacker,FAMOUS,INSECT SPREAD,1,0.3383,-0.3383,-0.0000,-0.3366
8905,attacker,FAMOUS,INSECT SPREAD,1,0.3383,-0.3383,-0.0000,-0.3367
8906,attacker,FAMOUS,INSECT SPREAD,1,0.3383,-0.3383,-0.0000,-0.3367
8907,attacker,FAMOUS,INSECT SPREAD,1,0.3383,-0.3383,-0.0000,-0.3368
8908,attacker,FAMOUS,INSECT SPREAD,1,0.3383,-0.3383,-0.0000,-0.3369
8909,attacker,FAMOUS,INSECT SPREAD,1,0.3383,-0.3383,-0.0000,-0.3370
8910,random,FEAR,SPREAD,1,0.2077,-0.2077,0.0002,-0.3305
8911,attacker,FAMOUS,CAT BURN,1,0.3880,-0.3880,-0.4432,-0.3334
8912,attacker,FAMOUS,INSECT SPREAD,1,0.3383,-0.3383,-0.0000,-0.3336
8913,attacker,FAMOUS,INSECT SPREAD,1,0.3383,-0.3383,-0.0000,-0.3338
8914,attacker,FAMOUS,INSECT SPREAD,1,0.3383,-0.3383,-0.0000,-0.3341
8915,attacker,FAMOUS,INSECT SPREAD,1,0.3383,-0.3383,-0.0000,-0.3343
8916,random,TIME GROW GROW SPREAD,SPREAD,1,0.1609,-0.1609,0.0011,-0.3256
8917,attacker,FAMOUS,INSECT SPREAD,1,0.3383,-0.3383,-0.0001,-0.3262
8918,attacker,FAMOUS,INSECT SPREAD,1,0.3383,-0.3383,-0.0001,-0.3268
8919,random,FIRE BURN,BURN,1,0.1010,-0.1010,0.0055,-0.3155
8920,attacker,FAMOUS,INSECT SPREAD,1,0.3383,-0.3383,-0.0001,-0.3167
8921,attacker,FAMOUS,INSECT SPREAD,1,0.3383,-0.3383,-0.0001,-0.3178
8922,attacker,FAMOUS,INSECT SPREAD,1,0.3383,-0.3383,-0.0001,-0.3188
8923,random,STONE BURN BURN BURN BURN,BURN,1,0.1002,-0.1002,0.0046,-0.3079
8924,attacker,FAMOUS,INSECT SPREAD,1,0.3383,-0.3383,-0.0001,-0.3094
8925,attacker,FAMOUS,INSECT SPREAD,1,0.3383,-0.3383,-0.0001,-0.3108
8926,attacker,FAMOUS,INSECT SPREAD,1,0.3383,-0.3383,-0.0001,-0.3122
8927,random,LAW SPREAD GROW,SPREAD,1,0.1509,-0.1509,0.0005,-0.3041
8928,attacker,FAMOUS,INSECT SPREAD,1,0.3383,-0.3383,-0.0002,-0.3058
8929,attacker,FAMOUS,INSECT SPREAD,1,0.3383,-0.3383,-0.0001,-0.3075
8930,attacker,FAMOUS,INSECT SPREAD,1,0.3383,-0.3383,-0.0001,-0.3090
8931,attacker,FAMOUS,INSECT SPREAD,1,0.3383,-0.3383,-0.0001,-0.3105
8932,attacker,FAMOUS,INSECT SPREAD,1,0.3383,-0.3383,-0.0001,-0.3119
8933,random,CHILD EAT SAD HEAVY BIRD MOVE,GUARD BURN,1,0.2137,-0.2137,0.1864,-0.3069
8934,attacker,FAMOUS,INSECT SPREAD,1,0.3383,-0.3383,-0.0001,-0.3085
8935,attacker,FAMOUS,INSECT SPREAD,1,0.3383,-0.3383,-0.0001,-0.3100
8936,attacker,FAMOUS,INSECT SPREAD,1,0.3383,-0.3383,-0.0001,-0.3114
8937,random,PHONE,FAIL,0,1.2383,-1.2383,-0.6793,-0.3578
8938,attacker,FAMOUS,INSECT SPREAD,1,0.3383,-0.3383,0.0001,-0.3568
8939,attacker,FAMOUS,INSECT SPREAD,1,0.3383,-0.3383,0.0001,-0.3559
8940,attacker,FAMOUS,INSECT SPREAD,1,0.3383,-0.3383,0.0001,-0.3550
8941,random,FIRE MOVE CHAOTIC CAMERA BURN SPREAD,BURN,1,0.2657,-0.2657,0.0016,-0.3505
8942,random,DOG HEAR TRUSTED SOLDIER,BURN,1,0.3325,-0.3325,0.0003,-0.3496
8943,attacker,FAMOUS,INSECT SPREAD,1,0.3383,-0.3383,0.0001,-0.3491
8944,random,CALM CAT SPREAD FALL BURN GROW,BURN,1,0.2750,-0.2750,0.0006,-0.3453
8945,attacker,FAMOUS,INSECT SPREAD,1,0.3383,-0.3383,0.0000,-0.3450
8946,attacker,FAMOUS,INSECT SPREAD,1,0.3383,-0.3383,0.0000,-0.3447
8947,attacker,FAMOUS,INSECT SPREAD,1,0.3383,-0.3383,0.0000,-0.3443
8948,random,PROUD STRANGER BUILD,WEAPON BURN,1,0.2996,-0.2996,0.1550,-0.3421
8949,random,CHAOTIC COMPUTER MOVE TRAPPED SLOW SOLDIER,SEE CROWD,1,0.2547,-0.2547,0.6353,-0.3377
8950,attacker,FAMOUS,INSECT SPREAD,1,0.3383,-0.3383,-0.0000,-0.3378
8951,attacker,DIRTY,GUARD BURN,1,0.4381,-0.4381,-0.2072,-0.3428
8952,attacker,FAMOUS,INSECT SPREAD,1,0.3383,-0.3383,0.0000,-0.3426
8953,attacker,FAMOUS,INSECT SPREAD,1,0.3383,-0.3383,0.0000,-0.3423
8954,attacker,FAMOUS,INSECT SPREAD,1,0.3383,-0.3383,0.0000,-0.3421
8955,attacker,FAMOUS,INSECT SPREAD,1,0.3383,-0.3383,0.0000,-0.3419
8956,attacker,FAMOUS,INSECT SPREAD,1,0.3383,-0.3383,0.0000,-0.3418
8957,attacker,FAMOUS,INSECT SPREAD,1,0.3383,-0.3383,0.0000,-0.3416
8958,random,HAPPY BIRD FOLLOW SMALL,HORSE BURN,1,0.2326,-0.2326,0.1315,-0.3361
8959,attacker,FAMOUS,INSECT SPREAD,1,0.3383,-0.3383,-0.0000,-0.3362
8960,attacker,FAMOUS,INSECT SPREAD,1,0.3383,-0.3383,-0.0000,-0.3363
8961,attacker,FAMOUS,INSECT SPREAD,1,0.3383,-0.3383,-0.0000,-0.3364
8962,attacker,FAMOUS,INSECT SPREAD,1,0.3383,-0.3383,-0.0000,-0.3365
8963,attacker,FAMOUS,INSECT SPREAD,1,0.3383,-0.3383,-0.0000,-0.3366
8964,random,SYSTEM FAIL SPREAD SPREAD SPREAD,SPREAD,1,0.1370,-0.1370,0.0014,-0.3266
8965,attacker,FAMOUS,INSECT SPREAD,1,0.3383,-0.3383,-0.0001,-0.3272
8966,attacker,FAMOUS,INSECT SPREAD,1,0.3383,-0.3383,-0.0001,-0.3278
8967,random,CONNECTED CHILD,BURN,1,0.3322,-0.3322,-0.0001,-0.3280
8968,attacker,FAMOUS,INSECT SPREAD,1,0.3383,-0.3383,-0.0001,-0.3285
8969,random,CHANCE GROW GROW SPREAD GROW GROW,SPREAD,1,0.1747,-0.1747,0.0006,-0.3208
8970,random,TRUSTED,INSECT SPREAD,1,0.3366,-0.3366,-0.0007,-0.3216
8971,random,FIRE GROW MOVE RIVER FALL,BURN,1,0.1822,-0.1822,0.0040,-0.3146
8972,attacker,FAMOUS,INSECT SPREAD,1,0.3383,-0.3383,-0.0001,-0.3158
8973,attacker,FAMOUS,INSECT SPREAD,1,0.3383,-0.3383,-0.0001,-0.3169
8974,attacker,FAMOUS,INSECT SPREAD,1,0.3383,-0.3383,-0.0001,-0.3180
8975,random,FAST INSECT GROW,SPREAD,1,0.3358,-0.3358,-0.0002,-0.3189
8976,attacker,FAMOUS,INSECT SPREAD,1,0.3383,-0.3383,-0.0001,-0.3199
8977,attacker,FAMOUS,INSECT SPREAD,1,0.3383,-0.3383,-0.0001,-0.3208
8978,random,CAT,BURN,1,0.2153,-0.2153,0.0019,-0.3155
8979,random,PATTERN SPREAD GROW,SPREAD,1,0.1605,-0.1605,0.0005,-0.3078
8980,attacker,FAMOUS,INSECT SPREAD,1,0.3383,-0.3383,-0.0002,-0.3093
8981,attacker,FAMOUS,INSECT SPREAD,1,0.3383,-0.3383,-0.0002,-0.3107
8982,random,VAST,INSECT BURN,1,0.3103,-0.3103,0.0000,-0.3107
8983,attacker,FAMOUS,INSECT SPREAD,1,0.3383,-0.3383,-0.0002,-0.3121
8984,attacker,FAMOUS,INSECT SPREAD,1,0.3383,-0.3383,-0.0001,-0.3134
8985,attacker,FAMOUS,INSECT SPREAD,1,0.3383,-0.3383,-0.0001,-0.3146
8986,attacker,FAMOUS,INSECT SPREAD,1,0.3383,-0.3383,-0.0001,-0.3158
8987,attacker,FAMOUS,INSECT SPREAD,1,0.3383,-0.3383,-0.0001,-0.3170
8988,attacker,FAMOUS,INSECT SPREAD,1,0.3383,-0.3383,-0.0001,-0.3180
8989,random,SHARP CHILD,BURN,1,0.3127,-0.3127,0.0003,-0.3177
8990,random,CHANCE,SPREAD,1,0.2027,-0.2027,0.0002,-0.3120
8991,attacker,FAMOUS,INSECT SPREAD,1,0.3383,-0.3383,-0.0002,-0.3133
8992,attacker,FAMOUS,INSECT SPREAD,1,0.3383,-0.3383,-0.0001,-0.3146
8993,attacker,FAMOUS,INSECT SPREAD,1,0.3383,-0.3383,-0.0001,-0.3157
8994,attacker,FAMOUS,INSECT SPREAD,1,0.3383,-0.3383,-0.0001,-0.3169
8995,attacker,FAMOUS,INSECT SPREAD,1,0.3383,-0.3383,-0.0001,-0.3179
8996,attacker,DORMANT,SOLDIER BURN,1,0.4434,-0.4434,-0.4591,-0.3242
8997,random,ACTIVE,FIRE BURN,1,0.3711,-0.3711,-0.1674,-0.3266
8998,random,SEED FALL SPREAD,BURN,1,0.1904,-0.1904,0.0028,-0.3198
8999,attacker,FAMOUS,INSECT SPREAD,1,0.3383,-0.3383,-0.0001,-0.3207
9000,attacker,FAMOUS,INSECT SPREAD,1,0.3383,-0.3383,-0.0001,-0.3216
9001,random,SEED,BURN,1,0.2049,-0.2049,0.0013,-0.3157
9002,attacker,FAMOUS,INSECT SPREAD,1,0.3383,-0.3383,-0.0001,-0.3169
9003,random,FOOD,BURN,1,0.2132,-0.2132,0.0008,-0.3117
9004,attacker,FAMOUS,INSECT SPREAD,1,0.3383,-0.3383,-0.0002,-0.3130
9005,attacker,FAMOUS,INSECT SPREAD,1,0.3383,-0.3383,-0.0002,-0.3143
9006,random,POWER GROW SPREAD GROW,SPREAD,1,0.1598,-0.1598,0.0006,-0.3065
9007,attacker,FAMOUS,INSECT SPREAD,1,0.3383,-0.3383,-0.0002,-0.3081
9008,attacker,FAMOUS,INSECT SPREAD,1,0.3383,-0.3383,-0.0002,-0.3096
9009,attacker,FAMOUS,INSECT SPREAD,1,0.3383,-0.3383,-0.0002,-0.3111
9010,random,ANGRY,DOG BURN,1,0.4080,-0.4080,-0.3625,-0.3159
9011,attacker,FAMOUS,INSECT SPREAD,1,0.3383,-0.3383,-0.0001,-0.3170
9012,attacker,FAMOUS,INSECT SPREAD,1,0.3383,-0.3383,-0.0001,-0.3181
9013,random,PROUD STRANGER WARN,DOG BURN,1,0.2896,-0.2896,0.0548,-0.3167
9014,attacker,FAMOUS,INSECT SPREAD,1,0.3383,-0.3383,-0.0001,-0.3177
9015,attacker,FAMOUS,INSECT SPREAD,1,0.3383,-0.3383,-0.0001,-0.3188
9016,attacker,FAMOUS,INSECT SPREAD,1,0.3383,-0.3383,-0.0001,-0.3198
9017,attacker,FAMOUS,INSECT SPREAD,1,0.3383,-0.3383,-0.0001,-0.3207
9018,attacker,FAMOUS,INSECT SPREAD,1,0.3383,-0.3383,-0.0001,-0.3216
9019,random,SHARP,INSECT BURN,1,0.3127,-0.3127,0.0024,-0.3211
9020,attacker,FAMOUS,INSECT SPREAD,1,0.3383,-0.3383,-0.0001,-0.3220
9021,random,LAW GROW SPREAD,SPREAD,1,0.1509,-0.1509,0.0010,-0.3134
9022,attacker,FAMOUS,INSECT SPREAD,1,0.3383,-0.3383,-0.0002,-0.3147
9023,random,FAMOUS CAT FOLLOW,PLAN BURN,1,0.3270,-0.3270,-0.0053,-0.3153
9024,attacker,FAMOUS,INSECT SPREAD,1,0.3383,-0.3383,-0.0002,-0.3164
9025,random,WOMAN,BURN,1,0.2394,-0.2394,0.0007,-0.3126
9026,random,CAMERA FAIL,FAIL,1,0.1094,-0.1094,0.0201,-0.3024
9027,random,DRONE,FAIL,1,0.2257,-0.2257,0.0499,-0.2986
9028,attacker,FAMOUS,INSECT SPREAD,1,0.3383,-0.3383,-0.0003,-0.3006
9029,random,MAN,BURN,1,0.2394,-0.2394,0.0008,-0.2975
9030,attacker,FAMOUS,INSECT SPREAD,1,0.3383,-0.3383,-0.0003,-0.2995
9031,attacker,FAMOUS,INSECT SPREAD,1,0.3383,-0.3383,-0.0003,-0.3015
9032,attacker,FAMOUS,INSECT SPREAD,1,0.3383,-0.3383,-0.0003,-0.3033
9033,random,LAW SPREAD GROW SPREAD SPREAD SPREAD,SPREAD,1,0.1502,-0.1502,0.0008,-0.2957
9034,attacker,FAMOUS,INSECT SPREAD,1,0.3383,-0.3383,-0.0003,-0.2978
9035,attacker,FAMOUS,INSECT SPREAD,1,0.3383,-0.3383,-0.0003,-0.2998
9036,attacker,FAMOUS,INSECT SPREAD,1,0.3383,-0.3383,-0.0003,-0.3017
9037,attacker,FAMOUS,INSECT SPREAD,1,0.3383,-0.3383,-0.0003,-0.3036
9038,attacker,FAMOUS,INSECT SPREAD,1,0.3383,-0.3383,-0.0003,-0.3053
9039,attacker,FAMOUS,INSECT SPREAD,1,0.3383,-0.3383,-0.0003,-0.3070
9040,random,HAPPY WOLF THINK PLAN CHOOSE,PATTERN BURN,1,0.2972,-0.2972,0.0415,-0.3065
9041,attacker,FAMOUS,INSECT SPREAD,1,0.3383,-0.3383,-0.0003,-0.3081
9042,attacker,FAMOUS,INSECT SPREAD,1,0.3383,-0.3383,-0.0003,-0.3096
9043,attacker,FAMOUS,INSECT SPREAD,1,0.3383,-0.3383,-0.0003,-0.3110
9044,attacker,FAMOUS,INSECT SPREAD,1,0.3383,-0.3383,-0.0002,-0.3124
9045,random,LAW SPREAD,SPREAD,1,0.1012,-0.1012,0.0013,-0.3018
9046,attacker,FAMOUS,INSECT SPREAD,1,0.3383,-0.3383,-0.0003,-0.3036
9047,attacker,FAMOUS,INSECT SPREAD,1,0.3383,-0.3383,-0.0003,-0.3054
9048,attacker,FAMOUS,INSECT SPREAD,1,0.3383,-0.3383,-0.0003,-0.3070
9049,attacker,FAMOUS,INSECT SPREAD,1,0.3383,-0.3383,-0.0003,-0.3086
9050,random,SMALL CHILD,BURN,1,0.3294,-0.3294,-0.0003,-0.3096
9051,attacker,FAMOUS,INSECT SPREAD,1,0.3383,-0.3383,-0.0003,-0.3110
9052,attacker,FAMOUS,INSECT SPREAD,1,0.3383,-0.3383,-0.0003,-0.3124
9053,random,CONNECTED,INSECT SPREAD,1,0.3172,-0.3172,-0.0001,-0.3126
9054,attacker,FAMOUS,INSECT SPREAD,1,0.3383,-0.3383,-0.0003,-0.3139
9055,attacker,FAMOUS,INSECT SPREAD,1,0.3383,-0.3383,-0.0003,-0.3151
9056,attacker,FAMOUS,INSECT SPREAD,1,0.3383,-0.3383,-0.0002,-0.3163
9057,attacker,FAMOUS,INSECT SPREAD,1,0.3383,-0.3383,-0.0002,-0.3174
9058,random,STRONG COMPUTER BUILD INSECT GENERATE FAMOUS,PATTERN,0,1.3374,-1.3374,-2.5723,-0.3684
9059,random,SIMPLE ERROR FAIL,SPREAD,1,0.2978,-0.2978,0.0003,-0.3649
9060,random,FIRE MOVE SEED,BURN,1,0.1716,-0.1716,0.0031,-0.3552
9061,attacker,FAMOUS,INSECT SPREAD,1,0.3383,-0.3383,0.0002,-0.3544
9062,attacker,FAMOUS,INSECT SPREAD,1,0.3383,-0.3383,0.0002,-0.3536
9063,random,ASHAMED WOMAN,BURN,1,0.3224,-0.3224,0.0005,-0.3520
9064,random,SMALL ENGINE SEE FOREST GENERATE,SLOW PLAN,1,0.3462,-0.3462,0.0422,-0.3517
9065,random,VAST PLAN,SPREAD,1,0.3043,-0.3043,0.0002,-0.3493
9066,attacker,FAMOUS,INSECT SPREAD,1,0.3383,-0.3383,0.0001,-0.3488
9067,random,LEADER FALL BUILD STONE HEAR RULE,BURN,1,0.2047,-0.2047,0.0027,-0.3416
9068,attacker,FAMOUS,INSECT SPREAD,1,0.3383,-0.3383,0.0000,-0.3414
9069,attacker,FAMOUS,INSECT SPREAD,1,0.3383,-0.3383,0.0000,-0.3413
9070,attacker,FAMOUS,INSECT SPREAD,1,0.3383,-0.3383,0.0000,-0.3411
9071,random,SYSTEM GROW GROW FAIL,SPREAD,1,0.2000,-0.2000,0.0009,-0.3341
9072,attacker,FAMOUS,INSECT SPREAD,1,0.3383,-0.3383,-0.0000,-0.3343
9073,attacker,FAMOUS,INSECT SPREAD,1,0.3383,-0.3383,-0.0000,-0.3345
9074,attacker,FAMOUS,INSECT SPREAD,1,0.3383,-0.3383,-0.0000,-0.3347
9075,attacker,FAMOUS,INSECT SPREAD,1,0.3383,-0.3383,-0.0000,-0.3348
9076,attacker,FAMOUS,INSECT SPREAD,1,0.3383,-0.3383,-0.0000,-0.3350
9077,attacker,FAMOUS,INSECT SPREAD,1,0.3383,-0.3383,-0.0000,-0.3352
9078,attacker,FAMOUS,INSECT SPREAD,1,0.3383,-0.3383,-0.0000,-0.3353
9079,random,CALM MAN RUN BUILD ENCRYPTED DENSE,ROBOT,0,1.3210,-1.3210,-9.9221,-0.3846
9080,random,SHARP CROWD GROW FALL MOVE,BIRD BURN,1,0.2475,-0.2475,0.2465,-0.3778
9081,attacker,FAMOUS,INSECT SPREAD,1,0.3383,-0.3383,0.0004,-0.3758
9082,attacker,FAMOUS,INSECT SPREAD,1,0.3383,-0.3383,0.0004,-0.3739
9083,random,RULE,SPREAD,1,0.2027,-0.2027,0.0005,-0.3653
9084,random,DULL CAMERA HEAR,TRUTH SPREAD,0,1.3251,-1.3251,-5.2821,-0.4133
9085,random,ELDER ATTACK ELDER KNOW ANGRY SMALL,BIRD BURN,1,0.2866,-0.2866,0.3411,-0.4070
9086,random,PLAN SPREAD,SPREAD,1,0.1017,-0.1017,0.0022,-0.3917
9087,attacker,FAMOUS,INSECT SPREAD,1,0.3383,-0.3383,0.0005,-0.3891
9088,random,CHOICE GROW SPREAD SPREAD SPREAD SPREAD,SPREAD,1,0.1518,-0.1518,0.0013,-0.3772
9089,attacker,FAMOUS,INSECT SPREAD,1,0.3383,-0.3383,0.0003,-0.3753
9090,random,TIME,SPREAD,1,0.2027,-0.2027,0.0006,-0.3666
9091,attacker,FAMOUS,INSECT SPREAD,1,0.3383,-0.3383,0.0002,-0.3652
9092,attacker,FAMOUS,INSECT SPREAD,1,0.3383,-0.3383,0.0002,-0.3639
9093,attacker,FAMOUS,INSECT SPREAD,1,0.3383,-0.3383,0.0002,-0.3626
9094,attacker,FAMOUS,INSECT SPREAD,1,0.3383,-0.3383,0.0002,-0.3614
9095,attacker,FAMOUS,INSECT SPREAD,1,0.3383,-0.3383,0.0002,-0.3602
9096,attacker,FAMOUS,INSECT SPREAD,1,0.3383,-0.3383,0.0002,-0.3591
9097,attacker,FAMOUS,INSECT SPREAD,1,0.3383,-0.3383,0.0002,-0.3581
9098,attacker,FAMOUS,INSECT SPREAD,1,0.3383,-0.3383,0.0002,-0.3571
9099,random,CLOCK UPDATE,TRUTH,0,1.2394,-1.2394,-4.6885,-0.4012
9100,random,WEAK WOLF BURN GROW FALL,BURN,1,0.2547,-0.2547,0.0023,-0.3939
9101,attacker,FAMOUS,INSECT SPREAD,1,0.3383,-0.3383,0.0004,-0.3911
9102,attacker,FAMOUS,INSECT SPREAD,1,0.3383,-0.3383,0.0004,-0.3885
9103,random,CONNECTED GUARD,BURN,1,0.3348,-0.3348,0.0010,-0.3858
9104,attacker,FAMOUS,INSECT SPREAD,1,0.3383,-0.3383,0.0003,-0.3834
9105,random,SOLDIER,BURN,1,0.2240,-0.2240,0.0025,-0.3754
9106,random,ORDERED,INSECT SPREAD,0,1.3172,-1.3172,-0.5916,-0.4225
9107,attacker,FAMOUS,INSECT SPREAD,1,0.3383,-0.3383,0.0006,-0.4183
9108,attacker,FAMOUS,INSECT SPREAD,1,0.3383,-0.3383,0.0006,-0.4143
9109,random,NETWORK HEAR,PLAN SPREAD,1,0.2062,-0.2062,0.0751,-0.4039
9110,attacker,FAMOUS,INSECT SPREAD,1,0.3383,-0.3383,0.0005,-0.4006
9111,attacker,FAMOUS,INSECT SPREAD,1,0.3383,-0.3383,0.0005,-0.3975
9112,attacker,FAMOUS,INSECT SPREAD,1,0.3383,-0.3383,0.0004,-0.3945
9113,random,SMALL HORSE,BURN,1,0.3208,-0.3208,0.0010,-0.3909
9114,random,SECRET,FEAR SPREAD,1,0.4414,-0.4414,-0.1876,-0.3934
9115,attacker,FAMOUS,INSECT SPREAD,1,0.3383,-0.3383,0.0004,-0.3906
9116,random,VAST,INSECT BURN,1,0.3103,-0.3103,0.0084,-0.3866
9117,attacker,FAMOUS,INSECT SPREAD,1,0.3383,-0.3383,0.0004,-0.3842
9118,random,SAD GUARD,BURN,1,0.3127,-0.3127,0.0017,-0.3806
9119,attacker,FAMOUS,INSECT SPREAD,1,0.3383,-0.3383,0.0003,-0.3785
9120,attacker,FAMOUS,INSECT SPREAD,1,0.3383,-0.3383,0.0003,-0.3765
9121,attacker,FAMOUS,INSECT SPREAD,1,0.3383,-0.3383,0.0003,-0.3746
9122,attacker,FAMOUS,INSECT SPREAD,1,0.3383,-0.3383,0.0003,-0.3728
9123,attacker,FAMOUS,INSECT SPREAD,1,0.3383,-0.3383,0.0003,-0.3710
9124,attacker,FAMOUS,INSECT SPREAD,1,0.3383,-0.3383,0.0002,-0.3694
9125,attacker,FAMOUS,INSECT SPREAD,1,0.3383,-0.3383,0.0002,-0.3678
9126,random,REBELLIOUS GUARD,BURN,1,0.3394,-0.3394,0.0004,-0.3664
9127,random,LEADER BUILD BOOK,BURN,1,0.2007,-0.2007,0.0039,-0.3581
9128,random,CHILD MOVE SENSOR CARRY TOOL BREAK,CLOCK BURN,1,0.1230,-0.1230,1.2031,-0.3464
9129,random,HEAVY POISON BURN,BURN,1,0.2008,-0.2008,0.0021,-0.3391
9130,attacker,FAMOUS,INSECT SPREAD,1,0.3383,-0.3383,0.0000,-0.3391
9131,attacker,FAMOUS,INSECT SPREAD,1,0.3383,-0.3383,0.0000,-0.3390
9132,random,TRAPPED,DOG BURN,1,0.4354,-0.4354,-0.2522,-0.3438
9133,random,TRAPPED CHILD,BURN,1,0.3059,-0.3059,0.0009,-0.3419
9134,random,WATER FALL BURN FALL BURN BURN,BURN,1,0.1339,-0.1339,0.0021,-0.3315
9135,attacker,FAMOUS,INSECT SPREAD,1,0.3383,-0.3383,-0.0000,-0.3319
9136,attacker,FAMOUS,INSECT SPREAD,1,0.3383,-0.3383,-0.0000,-0.3322
9137,attacker,FAMOUS,INSECT SPREAD,1,0.3383,-0.3383,-0.0000,-0.3325
9138,attacker,FAMOUS,INSECT SPREAD,1,0.3383,-0.3383,-0.0000,-0.3328
9139,attacker,FAMOUS,INSECT SPREAD,1,0.3383,-0.3383,-0.0000,-0.3331
9140,attacker,FAMOUS,INSECT SPREAD,1,0.3383,-0.3383,-0.0000,-0.3333
9141,attacker,FAMOUS,INSECT SPREAD,1,0.3383,-0.3383,-0.0000,-0.3336
9142,random,TRUSTED SIGNAL,SPREAD,1,0.3044,-0.3044,0.0000,-0.3321
9143,attacker,FAMOUS,INSECT SPREAD,1,0.3383,-0.3383,-0.0000,-0.3324
9144,attacker,FAMOUS,INSECT SPREAD,1,0.3383,-0.3383,-0.0000,-0.3327
9145,attacker,FAMOUS,INSECT SPREAD,1,0.3383,-0.3383,-0.0000,-0.3330
9146,random,STRONG ELDER,BURN,1,0.3459,-0.3459,-0.0003,-0.3336
9147,random,FAMOUS,INSECT SPREAD,1,0.3383,-0.3383,-0.0000,-0.3339
9148,attacker,FAMOUS,INSECT SPREAD,1,0.3383,-0.3383,-0.0000,-0.3341
9149,attacker,FAMOUS,INSECT SPREAD,1,0.3383,-0.3383,-0.0000,-0.3343
9150,attacker,FAMOUS,INSECT SPREAD,1,0.3383,-0.3383,-0.0000,-0.3345
9151,attacker,FAMOUS,INSECT SPREAD,1,0.3383,-0.3383,-0.0000,-0.3347
9152,random,SYSTEM,SPREAD,1,0.2105,-0.2105,0.0004,-0.3285
9153,attacker,FAMOUS,INSECT SPREAD,1,0.3383,-0.3383,-0.0001,-0.3290
9154,attacker,FAMOUS,INSECT SPREAD,1,0.3383,-0.3383,-0.0001,-0.3294
9155,attacker,FAMOUS,INSECT SPREAD,1,0.3383,-0.3383,-0.0001,-0.3299
9156,attacker,FAMOUS,INSECT SPREAD,1,0.3383,-0.3383,-0.0001,-0.3303
9157,random,CHILD WANT TRAPPED FREE HORSE MOVE,CAT BURN,1,0.2180,-0.2180,0.3209,-0.3247
9158,random,METAL FALL,BURN,1,0.1697,-0.1697,0.0011,-0.3169
9159,random,ELDER HEAR,PLAN BURN,1,0.2205,-0.2205,0.0081,-0.3121
9160,random,CROWD ATTACK FREE WEAK SOLDIER HEAR,PLAN BURN,1,0.3179,-0.3179,-0.0007,-0.3124
9161,attacker,FAMOUS,INSECT SPREAD,1,0.3383,-0.3383,-0.0002,-0.3137
9162,attacker,FAMOUS,INSECT SPREAD,1,0.3383,-0.3383,-0.0002,-0.3149
9163,attacker,FAMOUS,INSECT SPREAD,1,0.3383,-0.3383,-0.0002,-0.3161
9164,random,ENCRYPTED RULE,SPREAD,1,0.3105,-0.3105,0.0000,-0.3158
9165,attacker,FAMOUS,INSECT SPREAD,1,0.3383,-0.3383,-0.0002,-0.3169
9166,attacker,FAMOUS,INSECT SPREAD,1,0.3383,-0.3383,-0.0002,-0.3180
9167,attacker,FAMOUS,INSECT SPREAD,1,0.3383,-0.3383,-0.0002,-0.3190
9168,attacker,FAMOUS,INSECT SPREAD,1,0.3383,-0.3383,-0.0002,-0.3200
9169,attacker,FAMOUS,PLAN SPREAD,0,1.3370,-1.3370,-6.4962,-0.3708
9170,attacker,FAMOUS,INSECT SPREAD,1,0.3383,-0.3383,0.0002,-0.3692
9171,attacker,FAMOUS,INSECT SPREAD,1,0.3383,-0.3383,0.0002,-0.3677
9172,attacker,FAMOUS,INSECT SPREAD,1,0.3383,-0.3383,0.0002,-0.3662
9173,random,REBELLIOUS GUARD,BURN,1,0.3394,-0.3394,0.0003,-0.3648
9174,random,PHONE,HEAR PLAN,1,0.2033,-0.2033,0.1504,-0.3568
9175,random,MEMORY FAIL FAIL SPREAD GROW,SPREAD,1,0.1725,-0.1725,0.0010,-0.3476
9176,random,SAD HORSE SEE,CHILD BURN,1,0.2673,-0.2673,0.1945,-0.3435
9177,attacker,FAMOUS,INSECT SPREAD,1,0.3383,-0.3383,0.0000,-0.3433
9178,attacker,FAMOUS,INSECT SPREAD,1,0.3383,-0.3383,0.0000,-0.3430
9179,attacker,FAMOUS,INSECT SPREAD,1,0.3383,-0.3383,0.0000,-0.3428
9180,attacker,FAMOUS,INSECT SPREAD,1,0.3383,-0.3383,0.0000,-0.3426
9181,random,ACTIVE CROWD BURN,BURN,1,0.2175,-0.2175,0.0015,-0.3363
9182,attacker,FAMOUS,INSECT SPREAD,1,0.3383,-0.3383,-0.0000,-0.3364
9183,attacker,FAMOUS,INSECT SPREAD,1,0.3383,-0.3383,-0.0000,-0.3365
9184,attacker,FAMOUS,INSECT SPREAD,1,0.3383,-0.3383,-0.0000,-0.3366
9185,attacker,FAMOUS,INSECT SPREAD,1,0.3383,-0.3383,-0.0000,-0.3367
9186,attacker,FAMOUS,INSECT SPREAD,1,0.3383,-0.3383,-0.0000,-0.3368
9187,attacker,FAMOUS,INSECT SPREAD,1,0.3383,-0.3383,-0.0000,-0.3368
9188,random,FOOD,BURN,1,0.2132,-0.2132,0.0008,-0.3307
9189,random,FREE CROWD,BURN,1,0.3459,-0.3459,-0.0002,-0.3314
9190,random,ALGORITHM,SPREAD,1,0.2312,-0.2312,0.0002,-0.3264
9191,attacker,FAMOUS,INSECT SPREAD,1,0.3383,-0.3383,-0.0001,-0.3270
9192,attacker,FAMOUS,INSECT SPREAD,1,0.3383,-0.3383,-0.0001,-0.3276
9193,random,LANGUAGE GROW GROW,SPREAD,1,0.2091,-0.2091,0.0006,-0.3216
9194,random,ELDER BETRAY ANGRY WEAK CROWD,BURN,1,0.3610,-0.3610,-0.0001,-0.3236
9195,attacker,FAMOUS,INSECT SPREAD,1,0.3383,-0.3383,-0.0001,-0.3243
9196,random,POWER SPREAD SPREAD GROW,SPREAD,1,0.1529,-0.1529,0.0011,-0.3158
9197,random,ORDERED WOMAN HEAR OUTCAST CALM,BIRD BURN,1,0.2756,-0.2756,0.0331,-0.3138
9198,attacker,FAMOUS,INSECT SPREAD,1,0.3383,-0.3383,-0.0001,-0.3150
9199,attacker,FAMOUS,INSECT SPREAD,1,0.3383,-0.3383,-0.0001,-0.3162
9200,random,LEADER,BURN,1,0.2478,-0.2478,0.0011,-0.3127
9201,random,DEAD LEADER BURN BURN GROW GROW,BURN,1,0.2355,-0.2355,0.0004,-0.3089
9202,attacker,FAMOUS,INSECT SPREAD,1,0.3383,-0.3383,-0.0001,-0.3103
9203,attacker,FAMOUS,INSECT SPREAD,1,0.3383,-0.3383,-0.0001,-0.3117
9204,attacker,FAMOUS,INSECT SPREAD,1,0.3383,-0.3383,-0.0001,-0.3131
9205,attacker,FAMOUS,INSECT SPREAD,1,0.3383,-0.3383,-0.0001,-0.3143
9206,attacker,FAMOUS,INSECT SPREAD,1,0.3383,-0.3383,-0.0001,-0.3155
9207,attacker,FAMOUS,INSECT SPREAD,1,0.3383,-0.3383,-0.0001,-0.3167
9208,attacker,FAMOUS,INSECT SPREAD,1,0.3383,-0.3383,-0.0001,-0.3177
9209,random,ORDERED TIME,SPREAD,1,0.3036,-0.3036,0.0001,-0.3170
9210,attacker,FAMOUS,INSECT SPREAD,1,0.3383,-0.3383,-0.0001,-0.3181
9211,random,AUTOMATED KEY GENERATE ISOLATED COMPLEX BORDER,SPREAD,1,0.2832,-0.2832,0.0002,-0.3164
9212,attacker,FAMOUS,INSECT SPREAD,1,0.3383,-0.3383,-0.0001,-0.3175
9213,random,LIE,SPREAD,1,0.2129,-0.2129,0.0002,-0.3122
9214,attacker,FAMOUS,INSECT SPREAD,1,0.3383,-0.3383,-0.0001,-0.3135
9215,random,METAL BURN,BURN,1,0.1009,-0.1009,0.0030,-0.3029
9216,attacker,FAMOUS,INSECT SPREAD,1,0.3383,-0.3383,-0.0002,-0.3047
9217,attacker,FAMOUS,INSECT SPREAD,1,0.3383,-0.3383,-0.0002,-0.3063
9218,attacker,FAMOUS,INSECT SPREAD,1,0.3383,-0.3383,-0.0002,-0.3079
9219,attacker,FAMOUS,INSECT SPREAD,1,0.3383,-0.3383,-0.0002,-0.3095
9220,attacker,FAMOUS,INSECT SPREAD,1,0.3383,-0.3383,-0.0001,-0.3109
9221,random,POWER GROW,SPREAD,1,0.2125,-0.2125,0.0004,-0.3060
9222,attacker,FAMOUS,INSECT SPREAD,1,0.3383,-0.3383,-0.0002,-0.3076
9223,attacker,FAMOUS,INSECT SPREAD,1,0.3383,-0.3383,-0.0002,-0.3091
9224,attacker,FAMOUS,INSECT SPREAD,1,0.3383,-0.3383,-0.0002,-0.3106
9225,attacker,FAMOUS,INSECT SPREAD,1,0.3383,-0.3383,-0.0001,-0.3120
9226,attacker,FAMOUS,INSECT SPREAD,1,0.3383,-0.3383,-0.0001,-0.3133
9227,random,ACTIVE,INSECT SPREAD,1,0.3454,-0.3454,-0.0029,-0.3149
9228,attacker,FAMOUS,INSECT SPREAD,1,0.3383,-0.3383,-0.0001,-0.3161
9229,attacker,FAMOUS,INSECT SPREAD,1,0.3383,-0.3383,-0.0001,-0.3172
9230,attacker,FAMOUS,INSECT SPREAD,1,0.3383,-0.3383,-0.0001,-0.3182
9231,attacker,FAMOUS,INSECT SPREAD,1,0.3383,-0.3383,-0.0001,-0.3192
9232,attacker,FAMOUS,INSECT SPREAD,1,0.3383,-0.3383,-0.0001,-0.3202
9233,attacker,FAMOUS,INSECT SPREAD,1,0.3383,-0.3383,-0.0001,-0.3211
9234,random,ELDER FOLLOW BORDER BETRAY,HORSE BURN,1,0.2215,-0.2215,0.1441,-0.3161
9235,attacker,FAMOUS,INSECT SPREAD,1,0.3383,-0.3383,-0.0001,-0.3172
9236,attacker,FAMOUS,INSECT SPREAD,1,0.3383,-0.3383,-0.0001,-0.3183
9237,random,PATTERN GROW,SPREAD,1,0.2302,-0.2302,0.0003,-0.3139
9238,attacker,FAMOUS,INSECT SPREAD,1,0.3383,-0.3383,-0.0001,-0.3151
9239,attacker,FAMOUS,INSECT SPREAD,1,0.3383,-0.3383,-0.0001,-0.3162
9240,attacker,FAMOUS,INSECT SPREAD,1,0.3383,-0.3383,-0.0001,-0.3173
9241,attacker,FAMOUS,INSECT SPREAD,1,0.3383,-0.3383,-0.0001,-0.3184
9242,random,FAMOUS,INSECT SPREAD,1,0.3383,-0.3383,-0.0001,-0.3194
9243,attacker,FAMOUS,INSECT SPREAD,1,0.3383,-0.3383,-0.0001,-0.3203
9244,attacker,FAMOUS,INSECT SPREAD,1,0.3383,-0.3383,-0.0001,-0.3212
9245,attacker,FAMOUS,INSECT SPREAD,1,0.3383,-0.3383,-0.0001,-0.3221
9246,attacker,FAMOUS,INSECT SPREAD,1,0.3383,-0.3383,-0.0001,-0.3229
9247,attacker,FAMOUS,INSECT SPREAD,1,0.3383,-0.3383,-0.0001,-0.3237
9248,random,SLOW PHONE FALL,HEAR PLAN,0,1.3198,-1.3198,-1.6550,-0.3735
9249,random,RULE,SPREAD,1,0.2027,-0.2027,0.0003,-0.3649
9250,random,KEY FALL,SPREAD,1,0.2377,-0.2377,0.0007,-0.3586
9251,attacker,FAMOUS,INSECT SPREAD,1,0.3383,-0.3383,0.0001,-0.3576
9252,attacker,FAMOUS,INSECT SPREAD,1,0.3383,-0.3383,0.0001,-0.3566
9253,attacker,FAMOUS,INSECT SPREAD,1,0.3383,-0.3383,0.0001,-0.3557
9254,random,WEAK CLOCK FAIL FAIL,FAIL,1,0.2014,-0.2014,0.0076,-0.3480
9255,attacker,FAMOUS,INSECT SPREAD,1,0.3383,-0.3383,0.0001,-0.3475
9256,attacker,FAMOUS,INSECT SPREAD,1,0.3383,-0.3383,0.0001,-0.3470
9257,attacker,FAMOUS,INSECT SPREAD,1,0.3383,-0.3383,0.0001,-0.3466
9258,random,LANGUAGE,SPREAD,1,0.2033,-0.2033,0.0002,-0.3394
9259,attacker,FAMOUS,INSECT SPREAD,1,0.3383,-0.3383,0.0000,-0.3394
9260,attacker,FAMOUS,INSECT SPREAD,1,0.3383,-0.3383,0.0000,-0.3393
9261,attacker,FAMOUS,INSECT SPREAD,1,0.3383,-0.3383,0.0000,-0.3393
9262,attacker,FAMOUS,INSECT SPREAD,1,0.3383,-0.3383,0.0000,-0.3392
9263,attacker,FAMOUS,INSECT SPREAD,1,0.3383,-0.3383,0.0000,-0.3392
9264,attacker,FAMOUS,INSECT SPREAD,1,0.3383,-0.3383,0.0000,-0.3391
9265,attacker,FAMOUS,INSECT SPREAD,1,0.3383,-0.3383,0.0000,-0.3391
9266,attacker,FAMOUS,INSECT SPREAD,1,0.3383,-0.3383,0.0000,-0.3390
9267,attacker,FAMOUS,INSECT SPREAD,1,0.3383,-0.3383,0.0000,-0.3390
9268,attacker,FAMOUS,INSECT SPREAD,1,0.3383,-0.3383,0.0000,-0.3390
9269,random,DORMANT WOLF BURN BURN HEAR,PLAN BURN,1,0.2645,-0.2645,0.0075,-0.3352
9270,attacker,FAMOUS,INSECT SPREAD,1,0.3383,-0.3383,-0.0000,-0.3354
9271,attacker,FAMOUS,INSECT SPREAD,1,0.3383,-0.3383,-0.0000,-0.3355
9272,attacker,FAMOUS,INSECT SPREAD,1,0.3383,-0.3383,-0.0000,-0.3357
9273,attacker,FAMOUS,INSECT SPREAD,1,0.3383,-0.3383,-0.0000,-0.3358
9274,attacker,FAMOUS,INSECT SPREAD,1,0.3383,-0.3383,-0.0000,-0.3359
9275,random,BROKEN,WOLF BURN,0,1.4381,-1.4381,-6.3310,-0.3910
9276,attacker,FAMOUS,INSECT SPREAD,1,0.3383,-0.3383,0.0004,-0.3884
9277,attacker,FAMOUS,INSECT SPREAD,1,0.3383,-0.3383,0.0004,-0.3859
9278,random,ENGINE SEE,CAT,1,0.2159,-0.2159,0.4803,-0.3774
9279,attacker,FAMOUS,INSECT SPREAD,1,0.3383,-0.3383,0.0003,-0.3754
9280,attacker,FAMOUS,INSECT SPREAD,1,0.3383,-0.3383,0.0003,-0.3736
9281,random,HAPPY GUARD MOVE SIMPLE ENCRYPTED,KEY BURN,1,0.2836,-0.2836,0.0757,-0.3691
9282,attacker,FAMOUS,INSECT SPREAD,1,0.3383,-0.3383,0.0002,-0.3675
9283,random,BOOK FALL,SPREAD,1,0.2312,-0.2312,0.0044,-0.3607
9284,attacker,FAMOUS,INSECT SPREAD,1,0.3383,-0.3383,0.0002,-0.3596
9285,random,FAST,INSECT SPREAD,1,0.3454,-0.3454,0.0014,-0.3589
9286,random,CAT HEAR CONNECTED,BIRD BURN,1,0.2055,-0.2055,0.2767,-0.3512
9287,attacker,FAMOUS,INSECT SPREAD,1,0.3383,-0.3383,0.0001,-0.3506
9288,attacker,FAMOUS,INSECT SPREAD,1,0.3383,-0.3383,0.0001,-0.3500
9289,attacker,FAMOUS,INSECT SPREAD,1,0.3383,-0.3383,0.0001,-0.3494
9290,random,SYSTEM,SPREAD,1,0.2105,-0.2105,0.0003,-0.3424
9291,attacker,FAMOUS,INSECT SPREAD,1,0.3383,-0.3383,0.0000,-0.3422
9292,attacker,FAMOUS,INSECT SPREAD,1,0.3383,-0.3383,0.0000,-0.3420
9293,attacker,FAMOUS,INSECT SPREAD,1,0.3383,-0.3383,0.0000,-0.3418
9294,random,BORDER GROW SPREAD SPREAD,SPREAD,1,0.1514,-0.1514,0.0020,-0.3323
9295,attacker,FAMOUS,INSECT SPREAD,1,0.3383,-0.3383,-0.0000,-0.3326
9296,attacker,FAMOUS,INSECT SPREAD,1,0.3383,-0.3383,-0.0000,-0.3329
9297,random,CLEAN SEED,BURN,1,0.3123,-0.3123,0.0002,-0.3319
9298,attacker,FAMOUS,INSECT SPREAD,1,0.3383,-0.3383,-0.0000,-0.3322
9299,attacker,FAMOUS,INSECT SPREAD,1,0.3383,-0.3383,-0.0000,-0.3325
9300,attacker,FAMOUS,INSECT SPREAD,1,0.3383,-0.3383,-0.0000,-0.3328
9301,attacker,FAMOUS,INSECT SPREAD,1,0.3383,-0.3383,-0.0000,-0.3331
9302,attacker,FAMOUS,INSECT SPREAD,1,0.3383,-0.3383,-0.0000,-0.3333
9303,attacker,FAMOUS,INSECT SPREAD,1,0.3383,-0.3383,-0.0000,-0.3336
9304,attacker,FAMOUS,INSECT SPREAD,1,0.3383,-0.3383,-0.0000,-0.3338
9305,random,MEMORY,SPREAD,1,0.2046,-0.2046,0.0004,-0.3273
9306,random,GUARD SEE PROUD WEAK,BIRD BURN,0,1.2775,-1.2775,-1.8876,-0.3749
9307,attacker,FAMOUS,INSECT SPREAD,1,0.3383,-0.3383,0.0002,-0.3730
9308,attacker,FAMOUS,INSECT SPREAD,1,0.3383,-0.3383,0.0002,-0.3713
9309,attacker,FAMOUS,INSECT SPREAD,1,0.3383,-0.3383,0.0002,-0.3696
9310,attacker,FAMOUS,INSECT SPREAD,1,0.3383,-0.3383,0.0002,-0.3681
9311,attacker,FAMOUS,INSECT SPREAD,1,0.3383,-0.3383,0.0002,-0.3666
9312,attacker,FAMOUS,INSECT SPREAD,1,0.3383,-0.3383,0.0002,-0.3652
9313,attacker,FAMOUS,INSECT SPREAD,1,0.3383,-0.3383,0.0002,-0.3638
9314,random,SLOW SOLDIER RUN BURN SEE TRAPPED,SOLDIER BURN,1,0.1634,-0.1634,0.4663,-0.3538
9315,random,ELDER WARN ISOLATED CLEAN MAN FOLLOW,PLAN BURN,1,0.3262,-0.3262,0.0043,-0.3524
9316,attacker,FAMOUS,INSECT SPREAD,1,0.3383,-0.3383,0.0001,-0.3517
9317,attacker,FAMOUS,INSECT SPREAD,1,0.3383,-0.3383,0.0001,-0.3510
9318,random,CROWD MOVE,BIRD BURN,1,0.1363,-0.1363,0.2877,-0.3403
9319,attacker,FAMOUS,INSECT SPREAD,1,0.3383,-0.3383,0.0000,-0.3402
9320,attacker,FAMOUS,INSECT SPREAD,1,0.3383,-0.3383,0.0000,-0.3401
9321,attacker,FAMOUS,INSECT SPREAD,1,0.3383,-0.3383,0.0000,-0.3400
9322,random,POWER SPREAD SPREAD GROW,SPREAD,1,0.1529,-0.1529,0.0007,-0.3307
9323,attacker,FAMOUS,INSECT SPREAD,1,0.3383,-0.3383,-0.0000,-0.3310
9324,random,FREE CAT,BURN,1,0.3353,-0.3353,-0.0001,-0.3313
9325,attacker,FAMOUS,INSECT SPREAD,1,0.3383,-0.3383,-0.0000,-0.3316
9326,attacker,FAMOUS,INSECT SPREAD,1,0.3383,-0.3383,-0.0000,-0.3319
9327,attacker,FAMOUS,INSECT SPREAD,1,0.3383,-0.3383,-0.0000,-0.3323
9328,attacker,FAMOUS,INSECT SPREAD,1,0.3383,-0.3383,-0.0000,-0.3326
9329,attacker,FAMOUS,INSECT SPREAD,1,0.3383,-0.3383,-0.0000,-0.3328
9330,attacker,FAMOUS,INSECT SPREAD,1,0.3383,-0.3383,-0.0000,-0.3331
9331,random,OPTIMAL,KEY SPREAD,1,0.3450,-0.3450,-0.0201,-0.3337
9332,attacker,FAMOUS,INSECT SPREAD,1,0.3383,-0.3383,-0.0000,-0.3339
9333,attacker,FAMOUS,INSECT SPREAD,1,0.3383,-0.3383,-0.0000,-0.3342
9334,random,OPTIMAL,KEY SPREAD,1,0.3450,-0.3450,-0.0238,-0.3347
9335,attacker,FAMOUS,INSECT SPREAD,1,0.3383,-0.3383,-0.0000,-0.3349
9336,attacker,FAMOUS,INSECT SPREAD,1,0.3383,-0.3383,-0.0000,-0.3350
9337,attacker,FAMOUS,INSECT SPREAD,1,0.3383,-0.3383,-0.0000,-0.3352
9338,attacker,FAMOUS,INSECT SPREAD,1,0.3383,-0.3383,-0.0000,-0.3354
9339,random,CAR MOVE CHILD FAIL MOVE SOLDIER,FAIL,1,0.2080,-0.2080,0.1238,-0.3290
9340,attacker,FAMOUS,INSECT SPREAD,1,0.3383,-0.3383,-0.0000,-0.3295
9341,attacker,FAMOUS,INSECT SPREAD,1,0.3383,-0.3383,-0.0000,-0.3299
9342,random,ERROR FAIL FAIL SPREAD GROW,SPREAD,1,0.1789,-0.1789,0.0007,-0.3223
9343,attacker,FAMOUS,INSECT SPREAD,1,0.3383,-0.3383,-0.0001,-0.3231
9344,random,OPTIMAL,TIME SPREAD,1,0.3374,-0.3374,-0.0210,-0.3239
9345,attacker,FAMOUS,INSECT SPREAD,1,0.3383,-0.3383,-0.0001,-0.3246
9346,attacker,FAMOUS,INSECT SPREAD,1,0.3383,-0.3383,-0.0001,-0.3253
9347,attacker,FAMOUS,INSECT SPREAD,1,0.3383,-0.3383,-0.0001,-0.3259
9348,random,CLOCK,FAIL,1,0.2329,-0.2329,0.0020,-0.3213
9349,attacker,FAMOUS,INSECT SPREAD,1,0.3383,-0.3383,-0.0001,-0.3221
9350,random,SHARP,INSECT BURN,1,0.3127,-0.3127,0.0020,-0.3216
9351,random,ORDERED,MEMORY SPREAD,1,0.3034,-0.3034,0.0504,-0.3207
9352,random,ENCRYPTED GUARD UPDATE SIMPLE ERROR SPREAD,BURN,1,0.3491,-0.3491,-0.0068,-0.3221
9353,attacker,FAMOUS,INSECT SPREAD,1,0.3383,-0.3383,-0.0001,-0.3230
9354,attacker,FAMOUS,INSECT SPREAD,1,0.3383,-0.3383,-0.0001,-0.3237
9355,random,COMPUTER UPDATE,SIGNAL FAIL,1,0.1759,-0.1759,0.1974,-0.3163
9356,attacker,FAMOUS,INSECT SPREAD,1,0.3383,-0.3383,-0.0001,-0.3174
9357,attacker,FAMOUS,INSECT SPREAD,1,0.3383,-0.3383,-0.0001,-0.3185
9358,attacker,FAMOUS,INSECT SPREAD,1,0.3383,-0.3383,-0.0001,-0.3195
9359,attacker,FAMOUS,INSECT SPREAD,1,0.3383,-0.3383,-0.0001,-0.3204
9360,attacker,FAMOUS,INSECT SPREAD,1,0.3383,-0.3383,-0.0001,-0.3213
9361,attacker,FAMOUS,INSECT SPREAD,1,0.3383,-0.3383,-0.0001,-0.3221
9362,random,NETWORK HEAR DRONE,SPREAD,1,0.2135,-0.2135,0.0005,-0.3167
9363,attacker,FAMOUS,INSECT SPREAD,1,0.3383,-0.3383,-0.0001,-0.3178
9364,random,NETWORK GROW,SPREAD,1,0.2101,-0.2101,0.0004,-0.3124
9365,attacker,FAMOUS,INSECT SPREAD,1,0.3383,-0.3383,-0.0001,-0.3137
9366,random,PROUD STRANGER KNOW,SOLDIER BURN,1,0.2142,-0.2142,0.5604,-0.3087
9367,attacker,FAMOUS,INSECT SPREAD,1,0.3383,-0.3383,-0.0002,-0.3102
9368,random,FEAR,SPREAD,1,0.2077,-0.2077,0.0003,-0.3051
9369,attacker,FAMOUS,INSECT SPREAD,1,0.3383,-0.3383,-0.0002,-0.3067
9370,attacker,FAMOUS,INSECT SPREAD,1,0.3383,-0.3383,-0.0002,-0.3083
9371,attacker,FAMOUS,INSECT SPREAD,1,0.3383,-0.3383,-0.0002,-0.3098
9372,random,BORDER SPREAD,SPREAD,1,0.1003,-0.1003,0.0012,-0.2993
9373,attacker,FAMOUS,INSECT SPREAD,1,0.3383,-0.3383,-0.0002,-0.3013
9374,attacker,FAMOUS,INSECT SPREAD,1,0.3383,-0.3383,-0.0002,-0.3031
9375,random,WEAK CAT HEAR,PLAN BURN,1,0.3154,-0.3154,-0.0015,-0.3037
9376,attacker,FAMOUS,INSECT SPREAD,1,0.3383,-0.3383,-0.0002,-0.3055
9377,attacker,FAMOUS,INSECT SPREAD,1,0.3383,-0.3383,-0.0002,-0.3071
9378,attacker,FAMOUS,INSECT SPREAD,1,0.3383,-0.3383,-0.0002,-0.3087
9379,random,SLOW CROWD FALL MOVE CORRUPTED SMALL,ROBOT BURN,0,1.3201,-1.3201,-3.5243,-0.3592
9380,attacker,FAMOUS,INSECT SPREAD,1,0.3383,-0.3383,0.0001,-0.3582
9381,attacker,FAMOUS,INSECT SPREAD,1,0.3383,-0.3383,0.0001,-0.3572
9382,attacker,FAMOUS,INSECT SPREAD,1,0.3383,-0.3383,0.0001,-0.3562
9383,attacker,FAMOUS,INSECT SPREAD,1,0.3383,-0.3383,0.0001,-0.3554
9384,attacker,FAMOUS,INSECT SPREAD,1,0.3383,-0.3383,0.0001,-0.3545
9385,attacker,FAMOUS,INSECT SPREAD,1,0.3383,-0.3383,0.0001,-0.3537
9386,random,OPTIMAL,MEMORY SPREAD,1,0.3318,-0.3318,0.0236,-0.3526
9387,attacker,FAMOUS,INSECT SPREAD,1,0.3383,-0.3383,0.0001,-0.3519
9388,random,POISON SPREAD,SPREAD,1,0.1058,-0.1058,0.0023,-0.3396
9389,random,CAT FALL BURN,BURN,1,0.1365,-0.1365,0.0029,-0.3294
9390,attacker,FAMOUS,INSECT SPREAD,1,0.3383,-0.3383,-0.0000,-0.3299
9391,attacker,FAMOUS,INSECT SPREAD,1,0.3383,-0.3383,-0.0000,-0.3303
9392,attacker,FAMOUS,INSECT SPREAD,1,0.3383,-0.3383,-0.0000,-0.3307
9393,attacker,FAMOUS,INSECT SPREAD,1,0.3383,-0.3383,-0.0000,-0.3311
9394,attacker,FAMOUS,INSECT SPREAD,1,0.3383,-0.3383,-0.0000,-0.3314
9395,attacker,FAMOUS,INSECT SPREAD,1,0.3383,-0.3383,-0.0000,-0.3318
9396,random,FREE,INSECT SPREAD,1,0.3586,-0.3586,-0.0275,-0.3331
9397,random,FOOD BURN FALL FALL BURN,BURN,1,0.1348,-0.1348,0.0036,-0.3232
9398,attacker,FAMOUS,INSECT SPREAD,1,0.3383,-0.3383,-0.0001,-0.3239
9399,attacker,FAMOUS,INSECT SPREAD,1,0.3383,-0.3383,-0.0001,-0.3247
9400,attacker,FAMOUS,INSECT SPREAD,1,0.3383,-0.3383,-0.0001,-0.3253
9401,attacker,FAMOUS,INSECT SPREAD,1,0.3383,-0.3383,-0.0001,-0.3260
9402,random,BIG,INSECT BURN,1,0.3074,-0.3074,0.0196,-0.3251
9403,random,IDENTITY GROW,SPREAD,1,0.2104,-0.2104,0.0005,-0.3193
9404,attacker,FAMOUS,INSECT SPREAD,1,0.3383,-0.3383,-0.0001,-0.3203
9405,random,CORRUPTED SYSTEM FAIL,SPREAD,1,0.2978,-0.2978,0.0001,-0.3192
9406,random,CHANCE GROW SPREAD SPREAD GROW GROW,SPREAD,1,0.1627,-0.1627,0.0004,-0.3113
9407,attacker,FAMOUS,INSECT SPREAD,1,0.3383,-0.3383,-0.0002,-0.3127
9408,attacker,FAMOUS,INSECT SPREAD,1,0.3383,-0.3383,-0.0002,-0.3140
9409,attacker,FAMOUS,INSECT SPREAD,1,0.3383,-0.3383,-0.0002,-0.3152
9410,attacker,FAMOUS,INSECT SPREAD,1,0.3383,-0.3383,-0.0002,-0.3163
9411,random,CAMERA UPDATE POISON,FAIL,1,0.1898,-0.1898,0.0043,-0.3100
9412,random,CHOICE,SPREAD,1,0.2266,-0.2266,0.0002,-0.3058
9413,random,CAMERA FALL GENERATE,PLAN FAIL,0,1.1989,-1.1989,-1.5029,-0.3505
9414,random,AUTOMATED SOLDIER,BURN,1,0.3348,-0.3348,0.0004,-0.3497
9415,attacker,FAMOUS,INSECT SPREAD,1,0.3383,-0.3383,0.0001,-0.3491
9416,attacker,FAMOUS,INSECT SPREAD,1,0.3383,-0.3383,0.0001,-0.3486
9417,attacker,FAMOUS,INSECT SPREAD,1,0.3383,-0.3383,0.0001,-0.3481
9418,attacker,FAMOUS,INSECT SPREAD,1,0.3383,-0.3383,0.0001,-0.3476
9419,random,CAR FAIL FAIL FAIL FALL MOVE,BIRD FAIL,1,0.1660,-0.1660,0.3108,-0.3385
9420,attacker,FAMOUS,INSECT SPREAD,1,0.3383,-0.3383,0.0000,-0.3385
9421,attacker,FAMOUS,INSECT SPREAD,1,0.3383,-0.3383,0.0000,-0.3385
9422,random,CHANCE GROW GROW GROW,SPREAD,1,0.2360,-0.2360,0.0005,-0.3334
9423,random,LAW GROW SPREAD SPREAD GROW GROW,SPREAD,1,0.1563,-0.1563,0.0005,-0.3245
9424,random,CLEAN,INSECT SPREAD,1,0.3127,-0.3127,0.0009,-0.3239
9425,attacker,FAMOUS,INSECT SPREAD,1,0.3383,-0.3383,-0.0001,-0.3246
9426,attacker,FAMOUS,INSECT SPREAD,1,0.3383,-0.3383,-0.0001,-0.3253
9427,random,IDENTITY,SPREAD,1,0.2161,-0.2161,0.0003,-0.3199
9428,attacker,FAMOUS,INSECT SPREAD,1,0.3383,-0.3383,-0.0002,-0.3208
9429,attacker,FAMOUS,INSECT SPREAD,1,0.3383,-0.3383,-0.0001,-0.3217
9430,attacker,FAMOUS,INSECT SPREAD,1,0.3383,-0.3383,-0.0001,-0.3225
9431,attacker,FAMOUS,INSECT SPREAD,1,0.3383,-0.3383,-0.0001,-0.3233
9432,attacker,FAMOUS,INSECT SPREAD,1,0.3383,-0.3383,-0.0001,-0.3240
9433,random,PROUD,METAL BURN,0,1.4000,-1.4000,-5.3359,-0.3778
9434,attacker,FAMOUS,INSECT SPREAD,1,0.3383,-0.3383,0.0003,-0.3758
9435,random,AUTOMATED,PLAN SPREAD,0,1.3243,-1.3243,-2.7186,-0.4233
9436,attacker,FAMOUS,INSECT SPREAD,1,0.3383,-0.3383,0.0007,-0.4190
9437,random,HORSE CARRY OPTIMAL,MEMORY BURN,0,1.2903,-1.2903,-1.7122,-0.4626
9438,attacker,FAMOUS,INSECT SPREAD,1,0.3383,-0.3383,0.0010,-0.4564
9439,attacker,FAMOUS,INSECT SPREAD,1,0.3383,-0.3383,0.0009,-0.4505
9440,attacker,FAMOUS,INSECT SPREAD,1,0.3383,-0.3383,0.0009,-0.4449
9441,random,FOOD FALL FALL FALL BURN,BURN,1,0.1357,-0.1357,0.0042,-0.4294
9442,attacker,FAMOUS,INSECT SPREAD,1,0.3383,-0.3383,0.0007,-0.4248
9443,attacker,FAMOUS,INSECT SPREAD,1,0.3383,-0.3383,0.0006,-0.4205
9444,attacker,FAMOUS,INSECT SPREAD,1,0.3383,-0.3383,0.0006,-0.4164
9445,attacker,FAMOUS,INSECT SPREAD,1,0.3383,-0.3383,0.0005,-0.4125
9446,attacker,FAMOUS,INSECT SPREAD,1,0.3383,-0.3383,0.0005,-0.4088
9447,attacker,FAMOUS,INSECT SPREAD,1,0.3383,-0.3383,0.0004,-0.4053
9448,attacker,FAMOUS,INSECT SPREAD,1,0.3383,-0.3383,0.0004,-0.4019
9449,random,INSECT SPREAD SPREAD,SPREAD,1,0.1016,-0.1016,0.0018,-0.3869
9450,attacker,FAMOUS,INSECT SPREAD,1,0.3383,-0.3383,0.0003,-0.3845
9451,random,SYSTEM FAIL FAIL,SPREAD,1,0.1893,-0.1893,0.0012,-0.3747
9452,attacker,FAMOUS,INSECT SPREAD,1,0.3383,-0.3383,0.0002,-0.3729
9453,attacker,FAMOUS,INSECT SPREAD,1,0.3383,-0.3383,0.0002,-0.3712
9454,attacker,FAMOUS,INSECT SPREAD,1,0.3383,-0.3383,0.0002,-0.3695
9455,attacker,DIRTY,INSECT BURN,0,1.4327,-1.4327,-0.3511,-0.4227
9456,attacker,FAMOUS,INSECT SPREAD,1,0.3383,-0.3383,0.0004,-0.4185
9457,random,ENCRYPTED CAR ENCODE,SIGNAL FAIL,1,0.2760,-0.2760,0.1346,-0.4113
9458,attacker,FAMOUS,INSECT SPREAD,1,0.3383,-0.3383,0.0004,-0.4077
9459,attacker,FAMOUS,INSECT SPREAD,1,0.3383,-0.3383,0.0004,-0.4042
9460,attacker,FAMOUS,INSECT SPREAD,1,0.3383,-0.3383,0.0004,-0.4009
9461,random,MAN WANT ELDER CARRY WEAK TRAPPED,GUARD BURN,1,0.1901,-0.1901,0.2021,-0.3904
9462,random,DENSE CAR,FALL,1,0.3055,-0.3055,0.0122,-0.3861
9463,attacker,FAMOUS,INSECT SPREAD,1,0.3383,-0.3383,0.0003,-0.3837
9464,attacker,FAMOUS,INSECT SPREAD,1,0.3383,-0.3383,0.0003,-0.3815
9465,attacker,FAMOUS,INSECT SPREAD,1,0.3383,-0.3383,0.0002,-0.3793
9466,attacker,FAMOUS,INSECT SPREAD,1,0.3383,-0.3383,0.0002,-0.3773
9467,attacker,FAMOUS,INSECT SPREAD,1,0.3383,-0.3383,0.0002,-0.3753
9468,random,SLOW CROWD BURN BURN HEAR CAT,BURN,1,0.2573,-0.2573,0.0007,-0.3694
9469,attacker,FAMOUS,INSECT SPREAD,1,0.3383,-0.3383,0.0002,-0.3678
9470,attacker,FAMOUS,INSECT SPREAD,1,0.3383,-0.3383,0.0002,-0.3664
9471,attacker,FAMOUS,INSECT SPREAD,1,0.3383,-0.3383,0.0002,-0.3650
9472,attacker,FAMOUS,INSECT SPREAD,1,0.3383,-0.3383,0.0002,-0.3636
9473,random,PATTERN GROW,SPREAD,1,0.2302,-0.2302,0.0006,-0.3570
9474,attacker,FAMOUS,INSECT SPREAD,1,0.3383,-0.3383,0.0001,-0.3560
9475,random,CAMERA MOVE OBEDIENT OUTCAST LEADER FAIL,FAIL,1,0.2820,-0.2820,0.0059,-0.3523
9476,random,HEAVY WEAPON,BURN,1,0.3020,-0.3020,0.0004,-0.3498
9477,random,FREE CHILD,BURN,1,0.3394,-0.3394,0.0003,-0.3493
9478,attacker,FAMOUS,INSECT SPREAD,1,0.3383,-0.3383,0.0001,-0.3487
9479,attacker,FAMOUS,INSECT SPREAD,1,0.3383,-0.3383,0.0001,-0.3482
9480,random,ORDERED,CHANCE SPREAD,1,0.3066,-0.3066,0.0919,-0.3461
9481,attacker,FAMOUS,INSECT SPREAD,1,0.3383,-0.3383,0.0000,-0.3457
9482,random,PLAN UPDATE,POISON SPREAD,1,0.1876,-0.1876,0.6617,-0.3378
9483,random,TRUSTED PLAN GROW GROW GROW,SPREAD,1,0.3196,-0.3196,0.0001,-0.3369
9484,attacker,FAMOUS,INSECT SPREAD,1,0.3383,-0.3383,-0.0000,-0.3370
9485,attacker,FAMOUS,INSECT SPREAD,1,0.3383,-0.3383,-0.0000,-0.3371
9486,random,PROUD STRANGER HELP BIRD,BURN,1,0.3461,-0.3461,-0.0000,-0.3375
9487,attacker,FAMOUS,INSECT SPREAD,1,0.3383,-0.3383,-0.0000,-0.3375
9488,attacker,FAMOUS,INSECT SPREAD,1,0.3383,-0.3383,-0.0000,-0.3376
9489,random,IDENTITY GROW SPREAD GROW SPREAD SPREAD,SPREAD,1,0.1532,-0.1532,0.0018,-0.3284
9490,attacker,FAMOUS,INSECT SPREAD,1,0.3383,-0.3383,-0.0001,-0.3289
9491,attacker,FAMOUS,INSECT SPREAD,1,0.3383,-0.3383,-0.0001,-0.3293
9492,attacker,FAMOUS,INSECT SPREAD,1,0.3383,-0.3383,-0.0001,-0.3298
9493,random,CHOICE SPREAD SPREAD SPREAD GROW,SPREAD,1,0.1527,-0.1527,0.0009,-0.3209
9494,attacker,FAMOUS,INSECT SPREAD,1,0.3383,-0.3383,-0.0001,-0.3218
9495,random,PATTERN SPREAD SPREAD FAIL SPREAD,SPREAD,1,0.1379,-0.1379,0.0015,-0.3126
9496,attacker,FAMOUS,INSECT SPREAD,1,0.3383,-0.3383,-0.0002,-0.3139
9497,random,ACTIVE BIRD BREAK CLEAN OUTCAST CROWD,BURN,1,0.2166,-0.2166,0.0004,-0.3090
9498,attacker,FAMOUS,INSECT SPREAD,1,0.3383,-0.3383,-0.0002,-0.3105
9499,attacker,FAMOUS,INSECT SPREAD,1,0.3383,-0.3383,-0.0002,-0.3119
9500,random,OPTIMAL,PATTERN SPREAD,1,0.3209,-0.3209,-0.0197,-0.3123
9501,random,PLAN SPREAD SPREAD,SPREAD,1,0.1007,-0.1007,0.0015,-0.3017
9502,attacker,FAMOUS,INSECT SPREAD,1,0.3383,-0.3383,-0.0002,-0.3036
9503,attacker,FAMOUS,INSECT SPREAD,1,0.3383,-0.3383,-0.0002,-0.3053
9504,random,CHANCE SPREAD GROW SPREAD SPREAD SPREAD,SPREAD,1,0.1509,-0.1509,0.0011,-0.2976
9505,attacker,FAMOUS,INSECT SPREAD,1,0.3383,-0.3383,-0.0003,-0.2996
9506,random,DENSE CAR FALL FALL SEE POISON,FALL,1,0.2539,-0.2539,0.0045,-0.2973
9507,attacker,FAMOUS,INSECT SPREAD,1,0.3383,-0.3383,-0.0003,-0.2994
9508,random,WOOD,BURN,1,0.2030,-0.2030,0.0004,-0.2946
9509,random,TIME GROW SPREAD GROW FAIL SPREAD,SPREAD,1,0.1672,-0.1672,0.0005,-0.2882
9510,attacker,FAMOUS,INSECT SPREAD,1,0.3383,-0.3383,-0.0003,-0.2907
9511,attacker,FAMOUS CAT,BURN,1,0.3422,-0.3422,-0.0002,-0.2933
9512,attacker,FAMOUS,INSECT SPREAD,1,0.3383,-0.3383,-0.0003,-0.2955
9513,attacker,FAMOUS,INSECT SPREAD,1,0.3383,-0.3383,-0.0003,-0.2977
9514,attacker,FAMOUS,INSECT SPREAD,1,0.3383,-0.3383,-0.0003,-0.2997
9515,random,ROBOT BUILD NETWORK HEAR,PLAN,1,0.2180,-0.2180,0.0172,-0.2956
9516,random,CALM WOLF,BURN,1,0.3376,-0.3376,-0.0004,-0.2977
9517,attacker,FAMOUS,INSECT SPREAD,1,0.3383,-0.3383,-0.0003,-0.2997
9518,random,DEAD LEADER GROW,BURN,1,0.2718,-0.2718,0.0003,-0.2983
9519,random,WATER FALL BURN BURN,BURN,1,0.1340,-0.1340,0.0020,-0.2901
9520,attacker,FAMOUS,INSECT SPREAD,1,0.3383,-0.3383,-0.0003,-0.2925
9521,attacker,FAMOUS,INSECT SPREAD,1,0.3383,-0.3383,-0.0003,-0.2948
9522,random,ASHAMED,INSECT BURN,0,1.4195,-1.4195,-1.4780,-0.3511
9523,attacker,FAMOUS,INSECT SPREAD,1,0.3383,-0.3383,0.0001,-0.3504
9524,random,OBEDIENT CHILD SPREAD,BURN,1,0.3341,-0.3341,0.0010,-0.3496
9525,attacker,FAMOUS,INSECT SPREAD,1,0.3383,-0.3383,0.0001,-0.3490
9526,attacker,FAMOUS,INSECT SPREAD,1,0.3383,-0.3383,0.0001,-0.3485
9527,attacker,FAMOUS,INSECT SPREAD,1,0.3383,-0.3383,0.0001,-0.3480
9528,random,TRUTH GROW SPREAD,SPREAD,1,0.1516,-0.1516,0.0018,-0.3382
9529,random,ERROR FAIL,SPREAD,1,0.1978,-0.1978,0.0005,-0.3311
9530,attacker,FAMOUS,INSECT SPREAD,1,0.3383,-0.3383,-0.0001,-0.3315
9531,random,LANGUAGE GROW GROW SPREAD,SPREAD,1,0.1548,-0.1548,0.0014,-0.3227
9532,attacker,FAMOUS,INSECT SPREAD,1,0.3383,-0.3383,-0.0001,-0.3235
9533,attacker,FAMOUS,INSECT SPREAD,1,0.3383,-0.3383,-0.0001,-0.3242
9534,attacker,FAMOUS,INSECT SPREAD,1,0.3383,-0.3383,-0.0001,-0.3249
9535,attacker,FAMOUS,INSECT SPREAD,1,0.3383,-0.3383,-0.0001,-0.3256
9536,attacker,FAMOUS,INSECT SPREAD,1,0.3383,-0.3383,-0.0001,-0.3262
9537,attacker,FAMOUS,INSECT SPREAD,1,0.3383,-0.3383,-0.0001,-0.3268
9538,attacker,FAMOUS,INSECT SPREAD,1,0.3383,-0.3383,-0.0001,-0.3274
9539,attacker,FAMOUS,INSECT SPREAD,1,0.3383,-0.3383,-0.0001,-0.3279
9540,attacker,FAMOUS,INSECT SPREAD,1,0.3383,-0.3383,-0.0001,-0.3284
9541,attacker,FAMOUS,INSECT SPREAD,1,0.3383,-0.3383,-0.0001,-0.3289
9542,attacker,FAMOUS,INSECT SPREAD,1,0.3383,-0.3383,-0.0001,-0.3294
9543,attacker,FAMOUS,INSECT SPREAD,1,0.3383,-0.3383,-0.0001,-0.3298
9544,random,WOOD,BURN,1,0.2030,-0.2030,0.0006,-0.3235
9545,attacker,FAMOUS,INSECT SPREAD,1,0.3383,-0.3383,-0.0001,-0.3242
9546,attacker,FAMOUS POISON,SPREAD,1,0.3107,-0.3107,0.0005,-0.3236
9547,attacker,FAMOUS,INSECT SPREAD,1,0.3383,-0.3383,-0.0001,-0.3243
9548,random,CLEAN BOOK SPREAD BURN GROW BURN,SPREAD,1,0.2818,-0.2818,0.0004,-0.3222
9549,attacker,FAMOUS,INSECT SPREAD,1,0.3383,-0.3383,-0.0001,-0.3230
9550,random,SECRET BORDER SPREAD GROW,SPREAD,1,0.2562,-0.2562,0.0003,-0.3196
9551,attacker,FAMOUS,INSECT SPREAD,1,0.3383,-0.3383,-0.0002,-0.3206
9552,random,PHONE,HEAR PLAN,1,0.2033,-0.2033,0.1164,-0.3147
9553,attacker,FAMOUS,INSECT SPREAD,1,0.3383,-0.3383,-0.0002,-0.3159
9554,attacker,FAMOUS,INSECT SPREAD,1,0.3383,-0.3383,-0.0002,-0.3170
9555,random,OUTCAST CROWD FALL GROW BURN HEAR,PLAN BURN,1,0.2809,-0.2809,0.0033,-0.3152
9556,attacker,FAMOUS,INSECT SPREAD,1,0.3383,-0.3383,-0.0002,-0.3164
9557,attacker,FAMOUS,INSECT SPREAD,1,0.3383,-0.3383,-0.0002,-0.3174
9558,attacker,FAMOUS,INSECT SPREAD,1,0.3383,-0.3383,-0.0002,-0.3185
9559,random,CALM DOG HEAR DUST MOVE,BIRD BURN,1,0.2323,-0.2323,0.0730,-0.3142
9560,random,BOOK FALL GROW FALL BURN,SPREAD,1,0.2462,-0.2462,0.0010,-0.3108
9561,attacker,FAMOUS,INSECT SPREAD,1,0.3383,-0.3383,-0.0002,-0.3122
9562,attacker,FAMOUS,INSECT SPREAD,1,0.3383,-0.3383,-0.0002,-0.3135
9563,attacker,FAMOUS,INSECT SPREAD,1,0.3383,-0.3383,-0.0002,-0.3147
9564,attacker,FAMOUS,INSECT SPREAD,1,0.3383,-0.3383,-0.0002,-0.3159
9565,attacker,FAMOUS,INSECT SPREAD,1,0.3383,-0.3383,-0.0002,-0.3170
9566,random,REBELLIOUS SOLDIER,BURN,1,0.3394,-0.3394,-0.0002,-0.3181
9567,random,FIRE BURN GROW,BURN,1,0.1359,-0.1359,0.0018,-0.3090
9568,attacker,FAMOUS,INSECT SPREAD,1,0.3383,-0.3383,-0.0003,-0.3105
9569,random,WOMAN,BURN,1,0.2394,-0.2394,0.0006,-0.3069
9570,random,CHAOTIC COMPUTER HEAR WEAPON BREAK COMPLEX,KEY FAIL,1,0.2604,-0.2604,0.0353,-0.3046
9571,attacker,DIRTY,MAP BURN,1,0.4511,-0.4511,-0.2088,-0.3119
9572,attacker,FAMOUS,INSECT SPREAD,1,0.3383,-0.3383,-0.0002,-0.3132
9573,random,VAST TIME,SPREAD,1,0.3054,-0.3054,0.0000,-0.3128
9574,attacker,FAMOUS,INSECT SPREAD,1,0.3383,-0.3383,-0.0002,-0.3141
9575,attacker,FAMOUS,INSECT SPREAD,1,0.3383,-0.3383,-0.0002,-0.3153
9576,random,SYSTEM,SPREAD,1,0.2105,-0.2105,0.0002,-0.3101
9577,random,ASHAMED MAN BURN CARRY VAST DIRTY,MAP BURN,1,0.2525,-0.2525,0.0860,-0.3072
9578,random,TRAPPED LEADER,BURN,1,0.3349,-0.3349,-0.0003,-0.3086
9579,attacker,FAMOUS,INSECT SPREAD,1,0.3383,-0.3383,-0.0003,-0.3101
9580,attacker,FAMOUS,INSECT SPREAD,1,0.3383,-0.3383,-0.0002,-0.3115
9581,attacker,FAMOUS,INSECT SPREAD,1,0.3383,-0.3383,-0.0002,-0.3128
9582,attacker,FAMOUS,INSECT SPREAD,1,0.3383,-0.3383,-0.0002,-0.3141
9583,attacker,FAMOUS,INSECT SPREAD,1,0.3383,-0.3383,-0.0002,-0.3153
9584,random,DIRTY LEADER EAT TRAPPED,BIRD BURN,1,0.2377,-0.2377,0.1848,-0.3114
9585,attacker,FAMOUS,INSECT SPREAD,1,0.3383,-0.3383,-0.0002,-0.3128
9586,attacker,FAMOUS,INSECT SPREAD,1,0.3383,-0.3383,-0.0002,-0.3140
9587,random,DENSE CLOCK HEAR,PLAN,1,0.3507,-0.3507,-0.0207,-0.3159
9588,attacker,FAMOUS,INSECT SPREAD,1,0.3383,-0.3383,-0.0002,-0.3170
9589,attacker,FAMOUS,INSECT SPREAD,1,0.3383,-0.3383,-0.0002,-0.3181
9590,attacker,FAMOUS,INSECT SPREAD,1,0.3383,-0.3383,-0.0002,-0.3191
9591,attacker,FAMOUS,INSECT SPREAD,1,0.3383,-0.3383,-0.0002,-0.3200
9592,attacker,FAMOUS,INSECT SPREAD,1,0.3383,-0.3383,-0.0002,-0.3209
9593,attacker,FAMOUS,INSECT SPREAD,1,0.3383,-0.3383,-0.0002,-0.3218
9594,random,SECRET,TIME SPREAD,1,0.4313,-0.4313,-0.2539,-0.3273
9595,random,REBELLIOUS,SEED BURN,0,1.4079,-1.4079,-2.2017,-0.3813
9596,attacker,FAMOUS,INSECT SPREAD,1,0.3383,-0.3383,0.0004,-0.3792
9597,attacker,FAMOUS,INSECT SPREAD,1,0.3383,-0.3383,0.0004,-0.3771
9598,attacker,FAMOUS,INSECT SPREAD,1,0.3383,-0.3383,0.0004,-0.3752
9599,random,FOOD FALL BURN FALL,BURN,1,0.1358,-0.1358,0.0018,-0.3632
9600,attacker,FAMOUS,INSECT SPREAD,1,0.3383,-0.3383,0.0002,-0.3620
9601,attacker,FAMOUS,INSECT SPREAD,1,0.3383,-0.3383,0.0002,-0.3608
9602,attacker,FAMOUS,INSECT SPREAD,1,0.3383,-0.3383,0.0002,-0.3597
9603,random,PATTERN FAIL,SPREAD,1,0.1978,-0.1978,0.0009,-0.3516
9604,attacker,FAMOUS,INSECT SPREAD,1,0.3383,-0.3383,0.0001,-0.3509
9605,attacker,FAMOUS,INSECT SPREAD,1,0.3383,-0.3383,0.0001,-0.3503
9606,random,POWER SPREAD,SPREAD,1,0.1045,-0.1045,0.0021,-0.3380
9607,random,ERROR GROW SPREAD GROW,SPREAD,1,0.1669,-0.1669,0.0005,-0.3294
9608,random,DRONE FAIL,FAIL,1,0.1072,-0.1072,0.0081,-0.3183
9609,random,LANGUAGE GROW,SPREAD,1,0.2020,-0.2020,0.0004,-0.3125
9610,attacker,FAMOUS,INSECT SPREAD,1,0.3383,-0.3383,-0.0002,-0.3138
9611,random,AUTOMATED,KEY SPREAD,1,0.3416,-0.3416,-0.0058,-0.3152
9612,random,OUTCAST CROWD,BURN,1,0.3028,-0.3028,0.0002,-0.3146
9613,attacker,FAMOUS,INSECT SPREAD,1,0.3383,-0.3383,-0.0002,-0.3157
9614,random,CHANCE GROW GROW SPREAD SPREAD,SPREAD,1,0.1578,-0.1578,0.0013,-0.3078
9615,attacker,FAMOUS,INSECT SPREAD,1,0.3383,-0.3383,-0.0003,-0.3094
9616,random,ENGINE UPDATE,SYSTEM,1,0.2179,-0.2179,0.2177,-0.3048
9617,attacker,FAMOUS,INSECT SPREAD,1,0.3383,-0.3383,-0.0003,-0.3065
9618,attacker,FAMOUS,INSECT SPREAD,1,0.3383,-0.3383,-0.0003,-0.3081
9619,random,STRANGER BURN HEAR DEAD COMPLEX,SOLDIER BURN,0,1.1671,-1.1671,-1.8315,-0.3510
9620,random,SOLDIER,BURN,1,0.2240,-0.2240,0.0014,-0.3447
9621,random,ERROR,SPREAD,1,0.2312,-0.2312,0.0002,-0.3390
9622,random,FIRE GROW,BURN,1,0.1731,-0.1731,0.0017,-0.3307
9623,random,ROBOT FALL UPDATE CLEAN,WEAPON FALL,1,0.2540,-0.2540,0.2744,-0.3269
9624,random,BIG GUARD BUILD TRUSTED TRAPPED,INSECT BURN,1,0.2455,-0.2455,0.4345,-0.3228
9625,attacker,FAMOUS,INSECT SPREAD,1,0.3383,-0.3383,-0.0001,-0.3236
9626,attacker,FAMOUS,INSECT SPREAD,1,0.3383,-0.3383,-0.0001,-0.3243
9627,random,DOG BURN KNOW,HORSE BURN,1,0.0545,-0.0545,0.8746,-0.3108
9628,attacker,FAMOUS,INSECT SPREAD,1,0.3383,-0.3383,-0.0002,-0.3122
9629,random,STONE FALL BURN BURN,BURN,1,0.1341,-0.1341,0.0019,-0.3033
9630,attacker,FAMOUS,INSECT SPREAD,1,0.3383,-0.3383,-0.0003,-0.3050
9631,random,IDENTITY SPREAD SPREAD GROW SPREAD,SPREAD,1,0.1514,-0.1514,0.0012,-0.2973
9632,random,CAR FAIL SEE GUARD,FAIL,1,0.1846,-0.1846,0.0072,-0.2917
9633,random,POWER SPREAD GROW SPREAD GROW GROW,SPREAD,1,0.1595,-0.1595,0.0004,-0.2851
9634,attacker,FAMOUS,INSECT SPREAD,1,0.3383,-0.3383,-0.0005,-0.2878
9635,random,POWER,SPREAD,1,0.2134,-0.2134,0.0001,-0.2840
9636,attacker,FAMOUS,INSECT SPREAD,1,0.3383,-0.3383,-0.0005,-0.2868
9637,attacker,FAMOUS,INSECT SPREAD,1,0.3383,-0.3383,-0.0004,-0.2893
9638,random,CORRUPTED,MAP SPREAD,0,1.4885,-1.4885,-2.0119,-0.3493
9639,attacker,FAMOUS,INSECT SPREAD,1,0.3383,-0.3383,0.0001,-0.3487
9640,attacker,FAMOUS,INSECT SPREAD,1,0.3383,-0.3383,0.0001,-0.3482
9641,random,TRUSTED,INSECT SPREAD,1,0.3366,-0.3366,0.0041,-0.3476
9642,attacker,FAMOUS,INSECT SPREAD,1,0.3383,-0.3383,0.0001,-0.3472
9643,attacker,FAMOUS,INSECT SPREAD,1,0.3383,-0.3383,0.0001,-0.3467
9644,attacker,FAMOUS,INSECT SPREAD,1,0.3383,-0.3383,0.0001,-0.3463
9645,attacker,FAMOUS,INSECT SPREAD,1,0.3383,-0.3383,0.0001,-0.3459
9646,attacker,FAMOUS,INSECT SPREAD,1,0.3383,-0.3383,0.0001,-0.3455
9647,attacker,FAMOUS,INSECT SPREAD,1,0.3383,-0.3383,0.0001,-0.3452
9648,attacker,FAMOUS,INSECT SPREAD,1,0.3383,-0.3383,0.0001,-0.3448
9649,attacker,FAMOUS,INSECT SPREAD,1,0.3383,-0.3383,0.0001,-0.3445
9650,attacker,FAMOUS,INSECT SPREAD,1,0.3383,-0.3383,0.0001,-0.3442
9651,attacker,FAMOUS,INSECT SPREAD,1,0.3383,-0.3383,0.0000,-0.3439
9652,attacker,FAMOUS,INSECT SPREAD,1,0.3383,-0.3383,0.0000,-0.3436
9653,attacker,FAMOUS,INSECT SPREAD,1,0.3383,-0.3383,0.0000,-0.3433
9654,attacker,FAMOUS,INSECT SPREAD,1,0.3383,-0.3383,0.0000,-0.3431
9655,random,STRANGER WANT MAN,BURN,1,0.2340,-0.2340,0.0015,-0.3376
9656,attacker,FAMOUS,INSECT SPREAD,1,0.3383,-0.3383,-0.0000,-0.3377
9657,attacker,FAMOUS,INSECT SPREAD,1,0.3383,-0.3383,-0.0000,-0.3377
9658,attacker,FAMOUS,INSECT SPREAD,1,0.3383,-0.3383,-0.0000,-0.3377
9659,attacker,DIRTY,WEAPON BURN,1,0.4289,-0.4289,-0.1658,-0.3423
9660,attacker,FAMOUS,INSECT SPREAD,1,0.3383,-0.3383,0.0000,-0.3421
9661,random,DULL CLOCK HEAR FAMOUS TRAPPED,GUARD FAIL,1,0.3247,-0.3247,0.0274,-0.3412
9662,attacker,FAMOUS,INSECT SPREAD,1,0.3383,-0.3383,0.0000,-0.3411
9663,attacker,FAMOUS,INSECT SPREAD,1,0.3383,-0.3383,0.0000,-0.3409
9664,random,WOMAN SEE,BIRD BURN,1,0.1721,-0.1721,0.1323,-0.3325
9665,attacker,FAMOUS,INSECT SPREAD,1,0.3383,-0.3383,-0.0000,-0.3328
9666,random,ALGORITHM GROW GROW GROW,SPREAD,1,0.2337,-0.2337,0.0004,-0.3278
9667,random,SEED,BURN,1,0.2049,-0.2049,0.0010,-0.3217
9668,random,CLEAN STONE BURN BURN BURN GROW,BURN,1,0.2337,-0.2337,0.0007,-0.3173
9669,attacker,FAMOUS,INSECT SPREAD,1,0.3383,-0.3383,-0.0001,-0.3183
9670,attacker,FAMOUS,INSECT SPREAD,1,0.3383,-0.3383,-0.0001,-0.3193
9671,attacker,FAMOUS,INSECT SPREAD,1,0.3383,-0.3383,-0.0001,-0.3203
9672,attacker,FAMOUS,INSECT SPREAD,1,0.3383,-0.3383,-0.0001,-0.3212
9673,attacker,FAMOUS,INSECT SPREAD,1,0.3383,-0.3383,-0.0001,-0.3220
9674,random,NETWORK SPREAD,SPREAD,1,0.1007,-0.1007,0.0020,-0.3110
9675,random,PROUD,INSECT SPREAD,0,1.3366,-1.3366,-0.2633,-0.3622
9676,random,ORDERED BORDER SPREAD GROW GROW GROW,SPREAD,1,0.2605,-0.2605,0.0003,-0.3572
9677,attacker,FAMOUS,INSECT SPREAD,1,0.3383,-0.3383,0.0001,-0.3562
9678,attacker,FAMOUS,INSECT SPREAD,1,0.3383,-0.3383,0.0001,-0.3553
9679,attacker,FAMOUS,INSECT SPREAD,1,0.3383,-0.3383,0.0001,-0.3545
9680,attacker,FAMOUS,INSECT SPREAD,1,0.3383,-0.3383,0.0001,-0.3537
9681,attacker,FAMOUS,INSECT SPREAD,1,0.3383,-0.3383,0.0001,-0.3529
9682,attacker,FAMOUS,INSECT SPREAD,1,0.3383,-0.3383,0.0001,-0.3522
9683,attacker,FAMOUS,INSECT SPREAD,1,0.3383,-0.3383,0.0001,-0.3515
9684,random,HORSE,BURN,1,0.2156,-0.2156,0.0019,-0.3447
9685,random,CAMERA SEE SLOW FAMOUS INSECT,FAIL,1,0.3653,-0.3653,-0.0019,-0.3457
9686,attacker,FAMOUS,INSECT SPREAD,1,0.3383,-0.3383,0.0001,-0.3453
9687,attacker,FAMOUS,INSECT SPREAD,1,0.3383,-0.3383,0.0001,-0.3450
9688,random,ROBOT BUILD CHAOTIC,MAP,1,0.3274,-0.3274,0.0226,-0.3441
9689,attacker,FAMOUS,INSECT SPREAD,1,0.3383,-0.3383,0.0000,-0.3438
9690,attacker,FAMOUS,INSECT SPREAD,1,0.3383,-0.3383,0.0000,-0.3435
9691,attacker,FAMOUS,INSECT SPREAD,1,0.3383,-0.3383,0.0000,-0.3433
9692,attacker,FAMOUS,INSECT SPREAD,1,0.3383,-0.3383,0.0000,-0.3430
9693,random,BOOK BURN FALL FALL SPREAD GROW,SPREAD,1,0.1981,-0.1981,0.0004,-0.3358
9694,random,POWER GROW GROW GROW GROW,SPREAD,1,0.2268,-0.2268,0.0008,-0.3303
9695,attacker,FAMOUS,INSECT SPREAD,1,0.3383,-0.3383,-0.0001,-0.3307
9696,attacker,FAMOUS,INSECT SPREAD,1,0.3383,-0.3383,-0.0001,-0.3311
9697,random,VAST BIRD KNOW ROOM EAT STRONG,MAP BURN,0,1.2970,-1.2970,-3.1843,-0.3794
9698,attacker,FAMOUS,INSECT SPREAD,1,0.3383,-0.3383,0.0003,-0.3773
9699,attacker,DIRTY,INSECT BURN,0,1.4327,-1.4327,-1.0624,-0.4301
9700,attacker,FAMOUS,INSECT SPREAD,1,0.3383,-0.3383,0.0008,-0.4255
9701,attacker,FAMOUS,INSECT SPREAD,1,0.3383,-0.3383,0.0008,-0.4212
9702,attacker,FAMOUS,INSECT SPREAD,1,0.3383,-0.3383,0.0007,-0.4170
9703,attacker,FAMOUS,INSECT SPREAD,1,0.3383,-0.3383,0.0007,-0.4131
9704,attacker,FAMOUS,INSECT SPREAD,1,0.3383,-0.3383,0.0007,-0.4093
9705,attacker,FAMOUS,INSECT SPREAD,1,0.3383,-0.3383,0.0007,-0.4058
9706,attacker,FAMOUS,INSECT SPREAD,1,0.3383,-0.3383,0.0006,-0.4024
9707,attacker,FAMOUS,INSECT SPREAD,1,0.3383,-0.3383,0.0006,-0.3992
9708,attacker,FAMOUS,INSECT SPREAD,1,0.3383,-0.3383,0.0006,-0.3962
9709,random,ORDERED SEED MOVE,CAT BURN,1,0.2720,-0.2720,0.2337,-0.3899
9710,attacker,FAMOUS,INSECT SPREAD,1,0.3383,-0.3383,0.0005,-0.3874
9711,attacker,FAMOUS,INSECT SPREAD,1,0.3383,-0.3383,0.0005,-0.3849
9712,attacker,FAMOUS,INSECT SPREAD,1,0.3383,-0.3383,0.0004,-0.3826
9713,attacker,FAMOUS,INSECT SPREAD,1,0.3383,-0.3383,0.0004,-0.3804
9714,random,CAMERA MOVE INSECT UPDATE VAST SIMPLE,SIGNAL FAIL,0,1.3278,-1.3278,-0.9142,-0.4277
9715,attacker,FAMOUS,INSECT SPREAD,1,0.3383,-0.3383,0.0008,-0.4233
9716,attacker,FAMOUS,INSECT SPREAD,1,0.3383,-0.3383,0.0008,-0.4190
9717,random,SIGNAL SPREAD,SPREAD,1,0.1020,-0.1020,0.0021,-0.4032
9718,attacker,FAMOUS,INSECT SPREAD,1,0.3383,-0.3383,0.0006,-0.3999
9719,random,CAR FAIL SEE,HORSE SEE INSECT FAIL,1,0.1060,-0.1060,3.9004,-0.3852
9720,attacker,FAMOUS,INSECT SPREAD,1,0.3383,-0.3383,0.0004,-0.3829
9721,attacker,FAMOUS,INSECT SPREAD,1,0.3383,-0.3383,0.0004,-0.3806
9722,attacker,FAMOUS,INSECT SPREAD,1,0.3383,-0.3383,0.0004,-0.3785
9723,attacker,FAMOUS,INSECT SPREAD,1,0.3383,-0.3383,0.0004,-0.3765
9724,random,CROWD,BURN,1,0.2322,-0.2322,0.0016,-0.3693
9725,random,FAMOUS,INSECT SPREAD,1,0.3383,-0.3383,0.0003,-0.3677
9726,attacker,FAMOUS,INSECT SPREAD,1,0.3383,-0.3383,0.0003,-0.3663
9727,attacker,FAMOUS,INSECT SPREAD,1,0.3383,-0.3383,0.0002,-0.3649
9728,attacker,FAMOUS,INSECT SPREAD,1,0.3383,-0.3383,0.0002,-0.3635
9729,attacker,FAMOUS,INSECT SPREAD,1,0.3383,-0.3383,0.0002,-0.3623
9730,attacker,FAMOUS,INSECT SPREAD,1,0.3383,-0.3383,0.0002,-0.3611
9731,attacker,FAMOUS,INSECT SPREAD,1,0.3383,-0.3383,0.0002,-0.3599
9732,random,SENSOR GENERATE ENCRYPTED DORMANT,SYSTEM FAIL,0,1.2750,-1.2750,-2.2672,-0.4057
9733,random,DEBT,SPREAD,1,0.2036,-0.2036,0.0004,-0.3956
9734,attacker,FAMOUS,INSECT SPREAD,1,0.3383,-0.3383,0.0005,-0.3927
9735,attacker,FAMOUS,INSECT SPREAD,1,0.3383,-0.3383,0.0004,-0.3900
9736,attacker,FAMOUS,INSECT SPREAD,1,0.3383,-0.3383,0.0004,-0.3874
9737,attacker,FAMOUS,INSECT SPREAD,1,0.3383,-0.3383,0.0004,-0.3850
9738,attacker,FAMOUS,INSECT SPREAD,1,0.3383,-0.3383,0.0004,-0.3826
9739,attacker,FAMOUS,INSECT SPREAD,1,0.3383,-0.3383,0.0003,-0.3804
9740,attacker,FAMOUS,INSECT SPREAD,1,0.3383,-0.3383,0.0003,-0.3783
9741,attacker,FAMOUS,INSECT SPREAD,1,0.3383,-0.3383,0.0003,-0.3763
9742,attacker,FAMOUS,INSECT SPREAD,1,0.3383,-0.3383,0.0003,-0.3744
9743,attacker,FAMOUS,INSECT SPREAD,1,0.3383,-0.3383,0.0003,-0.3726
9744,attacker,FAMOUS,INSECT SPREAD,1,0.3383,-0.3383,0.0003,-0.3709
9745,attacker,FAMOUS,INSECT SPREAD,1,0.3383,-0.3383,0.0002,-0.3692
9746,random,DORMANT,DRONE FAIL,1,0.4600,-0.4600,-0.0926,-0.3738
9747,attacker,FAMOUS,INSECT SPREAD,1,0.3383,-0.3383,0.0003,-0.3720
9748,random,WOLF WANT STONE BURN RUN MOVE,BIRD BURN,1,0.1175,-0.1175,0.1442,-0.3593
9749,attacker,FAMOUS,INSECT SPREAD,1,0.3383,-0.3383,0.0001,-0.3582
9750,attacker,FAMOUS,INSECT SPREAD,1,0.3383,-0.3383,0.0001,-0.3572
9751,attacker,FAMOUS,INSECT SPREAD,1,0.3383,-0.3383,0.0001,-0.3563
9752,attacker,FAMOUS,INSECT SPREAD,1,0.3383,-0.3383,0.0001,-0.3554
9753,attacker,FAMOUS,INSECT SPREAD,1,0.3383,-0.3383,0.0001,-0.3545
9754,random,NETWORK SPREAD,SPREAD,1,0.1007,-0.1007,0.0021,-0.3418
9755,attacker,FAMOUS,INSECT SPREAD,1,0.3383,-0.3383,0.0000,-0.3417
9756,attacker,FAMOUS,INSECT SPREAD,1,0.3383,-0.3383,0.0000,-0.3415
9757,attacker,FAMOUS,INSECT SPREAD,1,0.3383,-0.3383,0.0000,-0.3413
9758,random,OUTCAST LEADER FALL FALL BREAK,MAP BURN,1,0.2489,-0.2489,0.1936,-0.3367
9759,random,TIME FAIL,SPREAD,1,0.1816,-0.1816,0.0010,-0.3290
9760,attacker,FAMOUS,INSECT SPREAD,1,0.3383,-0.3383,-0.0001,-0.3294
9761,random,FEAR,SPREAD,1,0.2077,-0.2077,0.0003,-0.3233
9762,attacker,FAMOUS,INSECT SPREAD,1,0.3383,-0.3383,-0.0001,-0.3241
9763,attacker,FAMOUS,INSECT SPREAD,1,0.3383,-0.3383,-0.0001,-0.3248
9764,random,CAMERA HEAR HORSE,FAIL,1,0.2681,-0.2681,0.0035,-0.3220
9765,attacker,FAMOUS,INSECT SPREAD,1,0.3383,-0.3383,-0.0001,-0.3228
9766,attacker,FAMOUS,INSECT SPREAD,1,0.3383,-0.3383,-0.0001,-0.3235
9767,random,CHILD MOVE,BIRD BURN,1,0.1349,-0.1349,0.0888,-0.3141
9768,attacker,FAMOUS,INSECT SPREAD,1,0.3383,-0.3383,-0.0002,-0.3153
9769,random,AUTOMATED CAR ENCODE DEBT GENERATE SECRET,SIGNAL FAIL,1,0.2584,-0.2584,0.1026,-0.3125
9770,random,MAN BETRAY ELDER MOVE STONE TRADE,BIRD BURN,0,1.1782,-1.1782,-1.2295,-0.3558
9771,random,SYSTEM,SPREAD,1,0.2105,-0.2105,0.0003,-0.3485
9772,attacker,FAMOUS,INSECT SPREAD,1,0.3383,-0.3383,0.0001,-0.3480
9773,attacker,FAMOUS,INSECT SPREAD,1,0.3383,-0.3383,0.0001,-0.3475
9774,random,PHONE MOVE,BIRD FALL,1,0.1814,-0.1814,0.2490,-0.3392
9775,attacker,FAMOUS,INSECT SPREAD,1,0.3383,-0.3383,0.0000,-0.3392
9776,random,STRANGER CARRY CLEAN SMALL METAL,BURN,1,0.2793,-0.2793,0.0002,-0.3362
9777,attacker,FAMOUS,INSECT SPREAD,1,0.3383,-0.3383,-0.0000,-0.3363
9778,attacker,FAMOUS,INSECT SPREAD,1,0.3383,-0.3383,-0.0000,-0.3364
9779,random,SLOW NETWORK GROW GROW GROW SPREAD,SPREAD,1,0.2642,-0.2642,0.0003,-0.3328
9780,random,PATTERN GROW,SPREAD,1,0.2302,-0.2302,0.0004,-0.3276
9781,attacker,FAMOUS,INSECT SPREAD,1,0.3383,-0.3383,-0.0001,-0.3282
9782,attacker,FAMOUS,INSECT SPREAD,1,0.3383,-0.3383,-0.0001,-0.3287
9783,attacker,FAMOUS,INSECT SPREAD,1,0.3383,-0.3383,-0.0001,-0.3292
9784,random,HORSE,BURN,1,0.2156,-0.2156,0.0012,-0.3235
9785,attacker,FAMOUS,INSECT SPREAD,1,0.3383,-0.3383,-0.0001,-0.3242
9786,attacker,FAMOUS,INSECT SPREAD,1,0.3383,-0.3383,-0.0001,-0.3249
9787,attacker,FAMOUS,INSECT SPREAD,1,0.3383,-0.3383,-0.0001,-0.3256
9788,random,OUTCAST,INSECT BURN,0,1.4187,-1.4187,-1.1794,-0.3802
9789,attacker,FAMOUS,INSECT SPREAD,1,0.3383,-0.3383,0.0003,-0.3781
9790,random,IDENTITY SPREAD SPREAD SPREAD SPREAD GROW,SPREAD,1,0.1510,-0.1510,0.0005,-0.3668
9791,random,DEBT SPREAD GROW SPREAD,SPREAD,1,0.1507,-0.1507,0.0010,-0.3560
9792,random,CHILD RUN CARRY,INSECT BURN,0,1.1508,-1.1508,-2.6755,-0.3957
9793,attacker,FAMOUS,INSECT SPREAD,1,0.3383,-0.3383,0.0004,-0.3928
9794,attacker,FAMOUS,INSECT SPREAD,1,0.3383,-0.3383,0.0004,-0.3901
9795,attacker,FAMOUS,INSECT SPREAD,1,0.3383,-0.3383,0.0004,-0.3875
9796,attacker,FAMOUS,INSECT SPREAD,1,0.3383,-0.3383,0.0004,-0.3851
9797,attacker,FAMOUS,INSECT SPREAD,1,0.3383,-0.3383,0.0003,-0.3827
9798,attacker,FAMOUS,INSECT SPREAD,1,0.3383,-0.3383,0.0003,-0.3805
9799,random,SEED FALL,BURN,1,0.1683,-0.1683,0.0024,-0.3699
9800,attacker,FAMOUS,INSECT SPREAD,1,0.3383,-0.3383,0.0002,-0.3683
9801,attacker,FAMOUS,INSECT SPREAD,1,0.3383,-0.3383,0.0002,-0.3668
9802,attacker,FAMOUS,INSECT SPREAD,1,0.3383,-0.3383,0.0002,-0.3654
9803,attacker,FAMOUS,INSECT SPREAD,1,0.3383,-0.3383,0.0002,-0.3640
9804,attacker,FAMOUS,INSECT SPREAD,1,0.3383,-0.3383,0.0002,-0.3627
9805,attacker,FAMOUS,INSECT SPREAD,1,0.3383,-0.3383,0.0002,-0.3615
9806,random,FIRE FALL,BURN,1,0.1683,-0.1683,0.0021,-0.3519
9807,random,DRONE FALL,FAIL,1,0.2465,-0.2465,0.0160,-0.3466
9808,attacker,FAMOUS,INSECT SPREAD,1,0.3383,-0.3383,0.0001,-0.3462
9809,attacker,FAMOUS,INSECT SPREAD,1,0.3383,-0.3383,0.0001,-0.3458
9810,random,DRONE FAIL,FAIL,1,0.1072,-0.1072,0.0089,-0.3339
9811,random,CHAOTIC SIGNAL SPREAD SPREAD SPREAD SPREAD,SPREAD,1,0.2000,-0.2000,0.0006,-0.3272
9812,attacker,FAMOUS,INSECT SPREAD,1,0.3383,-0.3383,-0.0001,-0.3277
9813,attacker,FAMOUS,INSECT SPREAD,1,0.3383,-0.3383,-0.0001,-0.3282
9814,attacker,FAMOUS,INSECT SPREAD,1,0.3383,-0.3383,-0.0001,-0.3287
9815,attacker,FAMOUS,INSECT SPREAD,1,0.3383,-0.3383,-0.0001,-0.3292
9816,attacker,FAMOUS,INSECT SPREAD,1,0.3383,-0.3383,-0.0001,-0.3297
9817,attacker,FAMOUS,INSECT SPREAD,1,0.3383,-0.3383,-0.0001,-0.3301
9818,attacker,FAMOUS,INSECT SPREAD,1,0.3383,-0.3383,-0.0001,-0.3305
9819,random,COMPLEX GUARD,BURN,1,0.3277,-0.3277,0.0000,-0.3304
9820,attacker,FAMOUS,INSECT SPREAD,1,0.3383,-0.3383,-0.0001,-0.3308
9821,random,BOOK,SPREAD,1,0.2120,-0.2120,0.0002,-0.3248
9822,attacker,FAMOUS,INSECT SPREAD,1,0.3383,-0.3383,-0.0001,-0.3255
9823,attacker,FAMOUS,INSECT SPREAD,1,0.3383,-0.3383,-0.0001,-0.3261
9824,attacker,FAMOUS,INSECT SPREAD,1,0.3383,-0.3383,-0.0001,-0.3267
9825,random,DOG CARRY OPTIMAL DORMANT CAMERA BURN,BURN,1,0.2426,-0.2426,0.0016,-0.3225
9826,attacker,FAMOUS,INSECT SPREAD,1,0.3383,-0.3383,-0.0001,-0.3233
9827,attacker,FAMOUS,INSECT SPREAD,1,0.3383,-0.3383,-0.0001,-0.3241
9828,attacker,FAMOUS,INSECT SPREAD,1,0.3383,-0.3383,-0.0001,-0.3248
9829,attacker,FAMOUS,INSECT SPREAD,1,0.3383,-0.3383,-0.0001,-0.3255
9830,random,CHOICE GROW,SPREAD,1,0.2221,-0.2221,0.0003,-0.3203
9831,random,LEADER SEE BROKEN GUARD BREAK METAL,BURN,1,0.2633,-0.2633,0.0005,-0.3174
9832,attacker,FAMOUS,INSECT SPREAD,1,0.3383,-0.3383,-0.0002,-0.3185
9833,attacker,FAMOUS,INSECT SPREAD,1,0.3383,-0.3383,-0.0002,-0.3195
9834,attacker,FAMOUS,INSECT SPREAD,1,0.3383,-0.3383,-0.0002,-0.3204
9835,attacker,FAMOUS,INSECT SPREAD,1,0.3383,-0.3383,-0.0002,-0.3213
9836,attacker,FAMOUS,INSECT SPREAD,1,0.3383,-0.3383,-0.0001,-0.3222
9837,random,CHILD EAT VAST TRAPPED BIRD HEAR,PLAN BURN,1,0.3014,-0.3014,0.0020,-0.3211
9838,attacker,FAMOUS,INSECT SPREAD,1,0.3383,-0.3383,-0.0001,-0.3220
9839,attacker,FAMOUS,INSECT SPREAD,1,0.3383,-0.3383,-0.0001,-0.3228
9840,attacker,FAMOUS,INSECT SPREAD,1,0.3383,-0.3383,-0.0001,-0.3236
9841,random,VAST BOOK,BURN,1,0.3205,-0.3205,0.0015,-0.3234
9842,attacker,FAMOUS,INSECT SPREAD,1,0.3383,-0.3383,-0.0001,-0.3242
9843,attacker,FAMOUS,INSECT SPREAD,1,0.3383,-0.3383,-0.0001,-0.3249
9844,attacker,FAMOUS,INSECT SPREAD,1,0.3383,-0.3383,-0.0001,-0.3255
9845,attacker,FAMOUS,INSECT SPREAD,1,0.3383,-0.3383,-0.0001,-0.3262
9846,attacker,FAMOUS,INSECT SPREAD,1,0.3383,-0.3383,-0.0001,-0.3268
9847,attacker,FAMOUS,INSECT SPREAD,1,0.3383,-0.3383,-0.0001,-0.3273
9848,random,STRANGER BREAK FIRE WANT LANGUAGE HEAR,PLAN BURN,1,0.1580,-0.1580,0.0261,-0.3189
9849,random,ALGORITHM SPREAD SPREAD FAIL GROW,SPREAD,1,0.1701,-0.1701,0.0007,-0.3114
9850,attacker,FAMOUS,INSECT SPREAD,1,0.3383,-0.3383,-0.0003,-0.3128
9851,random,DULL CROWD HELP DULL,HORSE BURN,0,1.3042,-1.3042,-1.9873,-0.3624
9852,attacker,FAMOUS,INSECT SPREAD,1,0.3383,-0.3383,0.0002,-0.3612
9853,attacker,FAMOUS,INSECT SPREAD,1,0.3383,-0.3383,0.0002,-0.3600
9854,random,ENCRYPTED CHOICE GROW SPREAD UPDATE CHAOTIC,SIGNAL SPREAD,0,1.2379,-1.2379,-2.3699,-0.4039
9855,random,ISOLATED WOLF,BURN,1,0.3191,-0.3191,0.0009,-0.3997
9856,attacker,FAMOUS,INSECT SPREAD,1,0.3383,-0.3383,0.0006,-0.3966
9857,attacker,FAMOUS,INSECT SPREAD,1,0.3383,-0.3383,0.0006,-0.3937
9858,random,CORRUPTED CAMERA SEE ISOLATED HEAVY,BOOK,1,0.3590,-0.3590,0.1029,-0.3919
9859,attacker,FAMOUS,INSECT SPREAD,1,0.3383,-0.3383,0.0006,-0.3893
9860,attacker,FAMOUS,INSECT SPREAD,1,0.3383,-0.3383,0.0006,-0.3867
9861,random,CONNECTED CAR,FAIL,0,1.3433,-1.3433,-0.0998,-0.4345
9862,attacker,FAMOUS,INSECT SPREAD,1,0.3383,-0.3383,0.0011,-0.4297
9863,attacker,FAMOUS,INSECT SPREAD,1,0.3383,-0.3383,0.0010,-0.4252
9864,random,CONNECTED ENGINE SEE STRONG,BIRD,1,0.3184,-0.3184,0.1238,-0.4198
9865,attacker,FAMOUS,INSECT SPREAD,1,0.3383,-0.3383,0.0009,-0.4157
9866,random,FAMOUS WEAPON FALL SPREAD GROW GROW,SPREAD,1,0.2793,-0.2793,0.0006,-0.4089
9867,attacker,FAMOUS,INSECT SPREAD,1,0.3383,-0.3383,0.0008,-0.4054
9868,attacker,FAMOUS,INSECT SPREAD,1,0.3383,-0.3383,0.0007,-0.4020
9869,attacker,FAMOUS,INSECT SPREAD,1,0.3383,-0.3383,0.0007,-0.3988
9870,attacker,FAMOUS,INSECT SPREAD,1,0.3383,-0.3383,0.0006,-0.3958
9871,attacker,FAMOUS,INSECT SPREAD,1,0.3383,-0.3383,0.0006,-0.3929
9872,attacker,FAMOUS,INSECT SPREAD,1,0.3383,-0.3383,0.0006,-0.3902
9873,random,SOLDIER HEAR ENGINE FALL MOVE BROKEN,DRONE BURN,1,0.2714,-0.2714,0.1089,-0.3843
9874,attacker,FAMOUS,INSECT SPREAD,1,0.3383,-0.3383,0.0005,-0.3820
9875,attacker,FAMOUS,INSECT SPREAD,1,0.3383,-0.3383,0.0004,-0.3798
9876,random,FREE,INSECT BURN,0,1.3793,-1.3793,-0.2847,-0.4298
9877,attacker,FAMOUS,INSECT SPREAD,1,0.3383,-0.3383,0.0009,-0.4252
9878,attacker,FAMOUS,INSECT SPREAD,1,0.3383,-0.3383,0.0009,-0.4208
9879,attacker,FAMOUS,INSECT SPREAD,1,0.3383,-0.3383,0.0009,-0.4167
9880,attacker,FAMOUS,INSECT SPREAD,1,0.3383,-0.3383,0.0009,-0.4128
9881,attacker,FAMOUS,INSECT SPREAD,1,0.3383,-0.3383,0.0008,-0.4091
9882,random,CLEAN,INSECT SPREAD,1,0.3127,-0.3127,0.0444,-0.4042
9883,attacker,FAMOUS,INSECT SPREAD,1,0.3383,-0.3383,0.0007,-0.4009
9884,attacker,FAMOUS,INSECT SPREAD,1,0.3383,-0.3383,0.0006,-0.3978
9885,attacker,FAMOUS,INSECT SPREAD,1,0.3383,-0.3383,0.0006,-0.3948
9886,random,BORDER GROW GROW SPREAD SPREAD SPREAD,SPREAD,1,0.1532,-0.1532,0.0009,-0.3828
9887,attacker,FAMOUS,INSECT SPREAD,1,0.3383,-0.3383,0.0004,-0.3805
9888,random,ALGORITHM,SPREAD,1,0.2312,-0.2312,0.0005,-0.3731
9889,random,FAMOUS POISON SPREAD GROW BURN BURN,BURN,1,0.2731,-0.2731,0.3097,-0.3681
9890,attacker,FAMOUS,INSECT SPREAD,1,0.3383,-0.3383,0.0002,-0.3666
9891,attacker,FAMOUS,INSECT SPREAD,1,0.3383,-0.3383,0.0002,-0.3652
9892,random,POWER GROW GROW,SPREAD,1,0.2182,-0.2182,0.0005,-0.3578
9893,random,PHONE FALL,SEE BIRD MOVE BIRD FALL,1,0.1762,-0.1762,1.5287,-0.3487
9894,random,AUTOMATED POWER GROW,SPREAD,1,0.3109,-0.3109,0.0001,-0.3468
9895,attacker,FAMOUS,INSECT SPREAD,1,0.3383,-0.3383,0.0001,-0.3464
9896,attacker,FAMOUS,INSECT SPREAD,1,0.3383,-0.3383,0.0001,-0.3460
9897,attacker,FAMOUS,INSECT SPREAD,1,0.3383,-0.3383,0.0001,-0.3456
9898,attacker,FAMOUS,INSECT SPREAD,1,0.3383,-0.3383,0.0001,-0.3453
9899,attacker,FAMOUS,INSECT SPREAD,1,0.3383,-0.3383,0.0001,-0.3449
9900,attacker,FAMOUS,INSECT SPREAD,1,0.3383,-0.3383,0.0001,-0.3446
9901,random,HAPPY STRANGER FOLLOW TIME EAT STRONG,CAT BURN,0,1.2770,-1.2770,-1.8498,-0.3912
9902,attacker,FAMOUS,INSECT SPREAD,1,0.3383,-0.3383,0.0004,-0.3886
9903,attacker,FAMOUS,INSECT SPREAD,1,0.3383,-0.3383,0.0004,-0.3860
9904,random,SYSTEM FAIL SPREAD,SPREAD,1,0.1430,-0.1430,0.0015,-0.3739
9905,attacker,FAMOUS,INSECT SPREAD,1,0.3383,-0.3383,0.0003,-0.3721
9906,attacker,FAMOUS,INSECT SPREAD,1,0.3383,-0.3383,0.0003,-0.3704
9907,attacker,FAMOUS,INSECT SPREAD,1,0.3383,-0.3383,0.0003,-0.3688
9908,attacker,FAMOUS,INSECT SPREAD,1,0.3383,-0.3383,0.0002,-0.3673
9909,attacker,FAMOUS,INSECT SPREAD,1,0.3383,-0.3383,0.0002,-0.3658
9910,attacker,FAMOUS,INSECT SPREAD,1,0.3383,-0.3383,0.0002,-0.3645
9911,attacker,FAMOUS,INSECT SPREAD,1,0.3383,-0.3383,0.0002,-0.3631
9912,random,NETWORK,SPREAD,1,0.2019,-0.2019,0.0005,-0.3551
9913,attacker,FAMOUS,INSECT SPREAD,1,0.3383,-0.3383,0.0001,-0.3542
9914,random,CAT KNOW CHILD KNOW,PLAN BURN,1,0.2144,-0.2144,0.0742,-0.3473
9915,attacker,FAMOUS,INSECT SPREAD,1,0.3383,-0.3383,0.0001,-0.3468
9916,attacker,FAMOUS,INSECT SPREAD,1,0.3383,-0.3383,0.0001,-0.3464
9917,attacker,FAMOUS,INSECT SPREAD,1,0.3383,-0.3383,0.0001,-0.3460
9918,random,DEAD LEADER GROW GROW,BURN,1,0.2727,-0.2727,0.0005,-0.3423
9919,attacker,FAMOUS,INSECT SPREAD,1,0.3383,-0.3383,0.0000,-0.3421
9920,random,MAP BURN,SPREAD,1,0.2310,-0.2310,0.0010,-0.3366
9921,random,SLOW,SEED BURN,1,0.4289,-0.4289,-0.1283,-0.3412
9922,random,CROWD HEAR TIME BURN EAT,FOOD BURN,1,0.1691,-0.1691,0.1811,-0.3326
9923,attacker,FAMOUS,INSECT SPREAD,1,0.3383,-0.3383,-0.0000,-0.3328
9924,attacker,FAMOUS,INSECT SPREAD,1,0.3383,-0.3383,-0.0000,-0.3331
9925,random,WOOD,BURN,1,0.2030,-0.2030,0.0005,-0.3266
9926,attacker,FAMOUS,INSECT SPREAD,1,0.3383,-0.3383,-0.0001,-0.3272
9927,random,BROKEN LEADER,BURN,1,0.3451,-0.3451,-0.0002,-0.3281
9928,random,ALGORITHM GROW GROW FAIL FAIL SPREAD,SPREAD,1,0.1795,-0.1795,0.0007,-0.3207
9929,attacker,FAMOUS,INSECT SPREAD,1,0.3383,-0.3383,-0.0001,-0.3215
9930,attacker,FAMOUS,INSECT SPREAD,1,0.3383,-0.3383,-0.0001,-0.3224
9931,attacker,FAMOUS,INSECT SPREAD,1,0.3383,-0.3383,-0.0001,-0.3232
9932,attacker,FAMOUS,INSECT SPREAD,1,0.3383,-0.3383,-0.0001,-0.3239
9933,attacker,FAMOUS,INSECT SPREAD,1,0.3383,-0.3383,-0.0001,-0.3246
9934,attacker,FAMOUS,INSECT SPREAD,1,0.3383,-0.3383,-0.0001,-0.3253
9935,attacker,FAMOUS,INSECT SPREAD,1,0.3383,-0.3383,-0.0001,-0.3260
9936,attacker,FAMOUS,INSECT SPREAD,1,0.3383,-0.3383,-0.0001,-0.3266
9937,random,DORMANT SOLDIER MOVE,BIRD BURN,1,0.2333,-0.2333,0.0206,-0.3219
9938,attacker,FAMOUS,INSECT SPREAD,1,0.3383,-0.3383,-0.0001,-0.3227
9939,attacker,FAMOUS,INSECT SPREAD,1,0.3383,-0.3383,-0.0001,-0.3235
9940,random,BIRD WANT PRISON,BURN,1,0.2287,-0.2287,0.0007,-0.3188
9941,attacker,FAMOUS,INSECT SPREAD,1,0.3383,-0.3383,-0.0002,-0.3198
9942,attacker,FAMOUS,INSECT SPREAD,1,0.3383,-0.3383,-0.0002,-0.3207
9943,attacker,FAMOUS,INSECT SPREAD,1,0.3383,-0.3383,-0.0002,-0.3216
9944,attacker,FAMOUS,INSECT SPREAD,1,0.3383,-0.3383,-0.0001,-0.3224
9945,attacker,FAMOUS,INSECT SPREAD,1,0.3383,-0.3383,-0.0001,-0.3232
9946,attacker,FAMOUS,INSECT SPREAD,1,0.3383,-0.3383,-0.0001,-0.3239
9947,attacker,FAMOUS,INSECT SPREAD,1,0.3383,-0.3383,-0.0001,-0.3247
9948,attacker,FAMOUS,INSECT SPREAD,1,0.3383,-0.3383,-0.0001,-0.3253
9949,attacker,FAMOUS,INSECT SPREAD,1,0.3383,-0.3383,-0.0001,-0.3260
9950,attacker,FAMOUS,INSECT SPREAD,1,0.3383,-0.3383,-0.0001,-0.3266
9951,attacker,FAMOUS,INSECT SPREAD,1,0.3383,-0.3383,-0.0001,-0.3272
9952,attacker,FAMOUS,INSECT SPREAD,1,0.3383,-0.3383,-0.0001,-0.3277
9953,attacker,FAMOUS,INSECT SPREAD,1,0.3383,-0.3383,-0.0001,-0.3283
9954,attacker,FAMOUS,INSECT SPREAD,1,0.3383,-0.3383,-0.0001,-0.3288
9955,attacker,FAMOUS,INSECT SPREAD,1,0.3383,-0.3383,-0.0001,-0.3292
9956,attacker,FAMOUS,INSECT SPREAD,1,0.3383,-0.3383,-0.0001,-0.3297
9957,attacker,FAMOUS,INSECT SPREAD,1,0.3383,-0.3383,-0.0001,-0.3301
9958,attacker,FAMOUS,INSECT SPREAD,1,0.3383,-0.3383,-0.0001,-0.3305
9959,attacker,FAMOUS,INSECT SPREAD,1,0.3383,-0.3383,-0.0001,-0.3309
9960,attacker,FAMOUS,INSECT SPREAD,1,0.3383,-0.3383,-0.0001,-0.3313
9961,attacker,FAMOUS,INSECT SPREAD,1,0.3383,-0.3383,-0.0001,-0.3316
9962,attacker,FAMOUS,INSECT SPREAD,1,0.3383,-0.3383,-0.0001,-0.3320
9963,attacker,FAMOUS,INSECT SPREAD,1,0.3383,-0.3383,-0.0001,-0.3323
9964,attacker,FAMOUS,INSECT SPREAD,1,0.3383,-0.3383,-0.0001,-0.3326
9965,attacker,DIRTY,WEAPON BURN,1,0.4289,-0.4289,-0.2553,-0.3374
9966,attacker,FAMOUS,INSECT SPREAD,1,0.3383,-0.3383,-0.0000,-0.3374
9967,random,DORMANT SOLDIER BURN SEE,BIRD BURN,1,0.2183,-0.2183,0.0519,-0.3315
9968,attacker,FAMOUS,INSECT SPREAD,1,0.3383,-0.3383,-0.0001,-0.3318
9969,attacker,FAMOUS,INSECT SPREAD,1,0.3383,-0.3383,-0.0001,-0.3321
9970,attacker,FAMOUS,INSECT SPREAD,1,0.3383,-0.3383,-0.0001,-0.3325
9971,attacker,FAMOUS,INSECT SPREAD,1,0.3383,-0.3383,-0.0001,-0.3327
9972,attacker,FAMOUS,INSECT SPREAD,1,0.3383,-0.3383,-0.0001,-0.3330
9973,random,COMPLEX INSECT,SPREAD,1,0.3171,-0.3171,0.0001,-0.3322
9974,attacker,FAMOUS,INSECT SPREAD,1,0.3383,-0.3383,-0.0001,-0.3325
9975,attacker,FAMOUS,INSECT SPREAD,1,0.3383,-0.3383,-0.0001,-0.3328
9976,random,TRAPPED,BIRD BURN,1,0.4352,-0.4352,-0.0981,-0.3379
9977,attacker,FAMOUS,INSECT SPREAD,1,0.3383,-0.3383,-0.0000,-0.3380
9978,attacker,FAMOUS,INSECT SPREAD,1,0.3383,-0.3383,-0.0000,-0.3380
9979,attacker,FAMOUS,INSECT SPREAD,1,0.3383,-0.3383,-0.0000,-0.3380
9980,attacker,FAMOUS,INSECT SPREAD,1,0.3383,-0.3383,-0.0000,-0.3380
9981,attacker,FAMOUS,INSECT SPREAD,1,0.3383,-0.3383,-0.0000,-0.3380
9982,attacker,FAMOUS,INSECT SPREAD,1,0.3383,-0.3383,-0.0000,-0.3380
9983,attacker,FAMOUS,INSECT SPREAD,1,0.3383,-0.3383,-0.0000,-0.3380
9984,attacker,FAMOUS,INSECT SPREAD,1,0.3383,-0.3383,-0.0000,-0.3381
9985,random,SLOW CROWD MOVE,GUARD BURN,1,0.1758,-0.1758,0.6721,-0.3299
9986,attacker,FAMOUS,INSECT SPREAD,1,0.3383,-0.3383,-0.0001,-0.3304
9987,random,CAT,BURN,1,0.2153,-0.2153,0.0010,-0.3246
9988,random,WOMAN KNOW LEADER THINK,PLAN BURN,1,0.2202,-0.2202,0.0144,-0.3194
9989,random,AUTOMATED,KEY SPREAD,1,0.3416,-0.3416,-0.0132,-0.3205
9990,attacker,FAMOUS,INSECT SPREAD,1,0.3383,-0.3383,-0.0003,-0.3214
9991,attacker,FAMOUS,INSECT SPREAD,1,0.3383,-0.3383,-0.0002,-0.3222
9992,attacker,FAMOUS,INSECT SPREAD,1,0.3383,-0.3383,-0.0002,-0.3230
9993,random,WEAK CLOCK FAIL FAIL FAIL FAIL,FAIL,1,0.2005,-0.2005,0.0046,-0.3169
9994,random,AUTOMATED TRUTH,SPREAD,1,0.3044,-0.3044,0.0000,-0.3163
9995,attacker,FAMOUS,INSECT SPREAD,1,0.3383,-0.3383,-0.0003,-0.3174
9996,attacker,FAMOUS,INSECT SPREAD,1,0.3383,-0.3383,-0.0003,-0.3184
9997,attacker,FAMOUS,INSECT SPREAD,1,0.3383,-0.3383,-0.0003,-0.3194
9998,random,HORSE ATTACK COMPUTER RUN FORGET,PLAN BURN,1,0.1967,-0.1967,0.0289,-0.3133
9999,attacker,FAMOUS,INSECT SPREAD,1,0.3383,-0.3383,-0.0004,-0.3145
10000,attacker,FAMOUS,INSECT SPREAD,1,0.3383,-0.3383,-0.0004,-0.3157
