episode,prefix,completion,valid,reward,grammar_reward,tag_reward,axis_reward,noun_tag_dist,verb_tag_dist,adj_tag_dist,loss,baseline
1,POISON FAIL BURN,BURN,1,0.1682,0.0000,0.5000,0.0911,1.0000,0.5000,0.0000,1.4760,0.0084
2,POWER SPREAD,GROW,1,0.2512,0.0000,0.6667,0.2558,1.0000,1.0000,0.0000,1.3892,0.0205
3,METAL BURN BURN BURN,BURN,1,0.1002,0.0000,0.3333,0.0012,1.0000,0.0000,0.0000,0.5478,0.0245
4,BRIDGE,FALL,0,1.2312,1.0000,0.6667,0.1559,1.0000,1.0000,0.0000,5.9076,0.0849
5,CHANCE GROW SPREAD SPREAD SPREAD GROW,GROW,1,0.1720,0.0000,0.5000,0.1098,1.0000,0.5000,0.0000,0.8387,0.0892
6,MEMORY SPREAD FAIL FAIL SPREAD,SPREAD,1,0.1414,0.0000,0.4444,0.0403,1.0000,0.3333,0.0000,0.4974,0.0918
7,OPTIMAL ALGORITHM,UPDATE CHAOTIC SYSTEM UPDATE ERROR,0,1.2436,1.0000,0.8056,0.0096,0.7500,1.0000,0.6667,9.4983,0.1494
8,FOOD BURN FALL BURN BURN BURN,BURN,1,0.1340,0.0000,0.4444,0.0031,1.0000,0.3333,0.0000,-0.1383,0.1486
9,CAMERA UPDATE CHAOTIC AUTOMATED TIME GENERATE,TIME SEE DULL BOOK FALL,1,0.2761,0.0000,0.8056,0.1719,0.6667,1.0000,0.7500,2.1731,0.1550
10,DRONE GENERATE ISOLATED ENCRYPTED BORDER FAIL,FALL,1,0.3796,0.0000,1.0000,0.3982,1.0000,1.0000,1.0000,3.2736,0.1662
11,SEED BURN,MOVE CALM ORDERED WOLF,0,1.2888,1.0000,0.8889,0.1108,1.0000,0.6667,1.0000,7.0988,0.2224
12,CAMERA UPDATE TIME GENERATE TIME SEE,BROKEN CORRUPTED COMPUTER,1,0.3196,0.0000,0.8333,0.3481,0.5000,1.0000,1.0000,1.6807,0.2272
13,STRANGER RUN EAT DENSE SIMPLE MAP,BURN,1,0.2883,0.0000,0.9167,0.0666,1.0000,0.7500,1.0000,0.9630,0.2303
14,METAL FALL BURN BURN FALL FALL,BURN FALL,1,0.1001,0.0000,0.3333,0.0007,1.0000,0.0000,0.0000,-1.2095,0.2238
15,SENSOR ENCODE CORRUPTED FAMOUS SYSTEM HEAR,SIMPLE STRONG BOOK,1,0.2877,0.0000,0.8000,0.2385,1.0000,1.0000,0.4000,1.0938,0.2270
16,WEAPON SPREAD SPREAD SPREAD SPREAD SPREAD,FALL,1,0.2667,0.0000,0.6667,0.3333,1.0000,1.0000,0.0000,0.4030,0.2290
17,PROUD MAN,RUN,0,1.3337,1.0000,1.0000,0.1687,1.0000,1.0000,1.0000,7.2628,0.2842
18,BIRD KNOW SEED HEAR LAW BURN,TALK,0,1.2127,1.0000,0.6667,0.0634,1.0000,1.0000,0.0000,19.6112,0.3306
19,BORDER,GROW SPREAD,1,0.2149,0.0000,0.6667,0.0743,1.0000,1.0000,0.0000,-0.5423,0.3248
20,SIMPLE WOLF,FALL,0,1.3324,1.0000,1.0000,0.1619,1.0000,1.0000,1.0000,8.4870,0.3752
21,DENSE LEADER,BURN FALL MOVE BIG SENSOR BURN BURN,0,1.2977,1.0000,0.8889,0.1553,1.0000,1.0000,0.6667,7.5457,0.4213
22,MEMORY FAIL GROW GROW SPREAD FAIL,FAIL FAIL UPDATE SLOW CAMERA,0,1.2679,1.0000,0.8889,0.0063,1.0000,0.6667,1.0000,9.7789,0.4637
23,PLAN GROW SPREAD SPREAD FAIL SPREAD,UPDATE CORRUPTED MAP UPDATE SENSOR UPDATE CONNECTED DORMANT CHAOTIC DORMANT ROBOT UPDATE KEY,0,1.2868,1.0000,0.9444,0.0175,1.0000,0.8333,1.0000,9.5306,0.5048
24,CALM HORSE MOVE STONE GROW BURN,FALL GROW,1,0.2626,0.0000,0.8667,0.0129,1.0000,0.6000,1.0000,-4.2112,0.4927
25,POWER SPREAD SPREAD SPREAD SPREAD SPREAD,GROW,1,0.2465,0.0000,0.6667,0.2327,1.0000,1.0000,0.0000,-1.6592,0.4804
26,LIE GROW GROW SPREAD,SPREAD,1,0.1591,0.0000,0.5000,0.0456,1.0000,0.5000,0.0000,-2.6392,0.4643
27,LANGUAGE SPREAD SPREAD GROW GROW SPREAD,GROW,1,0.1795,0.0000,0.5000,0.1474,1.0000,0.5000,0.0000,-2.6542,0.4501
28,FAMOUS WOMAN,TRUST METAL,0,1.3066,1.0000,1.0000,0.0332,1.0000,1.0000,1.0000,7.4362,0.4929
29,TIME SPREAD,GROW GROW,1,0.2513,0.0000,0.6667,0.2567,1.0000,1.0000,0.0000,-1.2950,0.4808
30,TRUSTED FOOD,MOVE WEAPON,1,0.2925,0.0000,0.8889,0.1294,0.6667,1.0000,1.0000,-1.6313,0.4714
31,TRAPPED WOMAN ATTACK DEAD SIMPLE LEADER,CHOOSE TRUTH,0,1.3540,1.0000,1.0000,0.2702,1.0000,1.0000,1.0000,15.9644,0.5156
32,PLAN GROW FAIL GROW GROW GROW,UPDATE PATTERN UPDATE DIRTY CONNECTED MAP GROW FAIL GROW UPDATE MEMORY SPREAD,0,1.2015,1.0000,0.6444,0.0408,0.6000,0.3333,1.0000,9.4543,0.5499
33,HOME,BURN,0,1.2524,1.0000,0.6667,0.2618,1.0000,1.0000,0.0000,3.2025,0.5850
34,COMPUTER GENERATE LAW BREAK MAP MOVE,CORRUPTED CAMERA UPDATE KEY,1,0.2343,0.0000,0.7778,0.0047,0.5000,0.8333,1.0000,-6.5082,0.5674
35,STRANGER EAT SMALL WOOD HEAR FEAR,BURN,1,0.2951,0.0000,0.9333,0.0755,1.0000,0.8000,1.0000,-5.5895,0.5538
36,ROAD,FALL,0,1.2333,1.0000,0.6667,0.1667,1.0000,1.0000,0.0000,3.1944,0.5878
37,CAR HEAR FAST SIMPLE INSECT MOVE,CALM CORRUPTED GUARD,1,0.2244,0.0000,0.7333,0.0220,0.8000,1.0000,0.4000,-7.3165,0.5696
38,WEAPON SPREAD GROW,FALL,1,0.2107,0.0000,0.6000,0.1534,1.0000,0.8000,0.0000,-2.7228,0.5517
39,FOOD BURN,GROW,0,1.1830,1.0000,0.5556,0.0817,1.0000,0.6667,0.0000,3.5209,0.5833
40,SIGNAL SPREAD,SPREAD,1,0.1020,0.0000,0.3333,0.0099,1.0000,0.0000,0.0000,-2.8555,0.5592
41,GUARD SEE TOOL BURN SEE DEAD,LEADER,1,0.3039,0.0000,0.8333,0.2694,0.5000,1.0000,1.0000,-5.0069,0.5464
42,KEY FALL SPREAD FALL FAIL SPREAD,GROW,1,0.1995,0.0000,0.6111,0.0810,1.0000,0.8333,0.0000,-4.9393,0.5291
43,CLEAN FOREST,GROW,0,1.3109,1.0000,1.0000,0.0546,1.0000,1.0000,1.0000,6.3643,0.5682
44,OUTCAST CROWD,FALL,1,0.3057,0.0000,1.0000,0.0286,1.0000,1.0000,1.0000,-2.0393,0.5551
45,CHILD RUN MOVE ROBOT SEE RIVER,RUN RUN,1,0.1651,0.0000,0.5333,0.0254,1.0000,0.6000,0.0000,-8.5403,0.5356
46,MEMORY FAIL SPREAD SPREAD SPREAD GROW,SPREAD,1,0.1633,0.0000,0.5333,0.0166,1.0000,0.6000,0.0000,-3.9749,0.5169
47,CHILD SEE HAPPY WEAK,CAT,1,0.2724,0.0000,0.8889,0.0289,0.6667,1.0000,1.0000,-3.7684,0.5047
48,POISON FAIL GROW SPREAD BURN FAIL,FAIL,1,0.1829,0.0000,0.5556,0.0813,1.0000,0.6667,0.0000,-4.0046,0.4886
49,INSECT SPREAD HEAR HAPPY ACTIVE HORSE,GROW HEAR AUTOMATED POWER,1,0.2499,0.0000,0.8222,0.0164,1.0000,0.6667,0.8000,-4.3384,0.4767
50,WOOD,FALL,1,0.2000,0.0000,0.6667,0.0000,1.0000,1.0000,0.0000,-1.3847,0.4629
51,MARKET,GROW,0,1.2480,1.0000,0.6667,0.2399,1.0000,1.0000,0.0000,3.9030,0.5021
52,WEAK FOOD,FALL,0,1.3198,1.0000,1.0000,0.0991,1.0000,1.0000,1.0000,6.8010,0.5430
53,WOLF ASK ASHAMED TRUSTED ELDER BUILD,FIRE FALL KNOW DIRTY FAMOUS TOOL,0,1.2392,1.0000,0.7524,0.0672,1.0000,0.8571,0.4000,13.1333,0.5778
54,MAP FALL,FALL FALL,1,0.1143,0.0000,0.3333,0.0714,1.0000,0.0000,0.0000,-3.2505,0.5546
55,DORMANT PHONE,FALL FALL,0,1.3493,1.0000,1.0000,0.2465,1.0000,1.0000,1.0000,6.4807,0.5944
56,CHILD WANT POISON WANT FEAR KNOW,KEY,1,0.1975,0.0000,0.6190,0.0587,0.8571,1.0000,0.0000,-9.0577,0.5745
57,WOLF THINK IDENTITY TRADE PROUD CONNECTED,STRANGER,1,0.3191,0.0000,0.9333,0.1956,0.8000,1.0000,1.0000,-5.6269,0.5617
58,CITY,FALL,0,1.2676,1.0000,0.6667,0.3378,1.0000,1.0000,0.0000,3.1766,0.5970
59,VAST DEBT,SPREAD,1,0.3032,0.0000,1.0000,0.0162,1.0000,1.0000,1.0000,-2.6174,0.5823
60,CAT SEE CHILD FOLLOW SAD ISOLATED,CROWD BURN BURN,1,0.2385,0.0000,0.7778,0.0259,0.3333,1.0000,1.0000,-7.7728,0.5652
61,SHARP FOOD BURN FALL GROW FALL,FALL,1,0.2531,0.0000,0.8333,0.0155,1.0000,0.5000,1.0000,-4.3250,0.5496
62,RULE,SPREAD,1,0.2027,0.0000,0.6667,0.0133,1.0000,1.0000,0.0000,-1.5566,0.5322
63,PRISON,FAIL,0,1.2189,1.0000,0.6667,0.0944,1.0000,1.0000,0.0000,3.1344,0.5665
64,DOG CARRY CLOCK RUN BREAK SAD,HORSE,1,0.2523,0.0000,0.8333,0.0117,0.5000,1.0000,1.0000,-6.5312,0.5508
65,WEAK MAP,SPREAD,0,1.3081,1.0000,1.0000,0.0404,1.0000,1.0000,1.0000,6.4048,0.5887
66,BRIDGE,FALL,0,1.2312,1.0000,0.6667,0.1559,1.0000,1.0000,0.0000,2.9607,0.6208
67,TRUTH GROW,GROW,1,0.1258,0.0000,0.3333,0.1288,1.0000,0.0000,0.0000,-3.0100,0.5961
68,CAR,UPDATE COMPLEX ENGINE UPDATE SLOW HEAVY SENSOR,0,1.2867,1.0000,0.9167,0.0584,0.7500,1.0000,1.0000,3.4025,0.6306
69,HEAVY CAT,RUN,0,1.3022,1.0000,1.0000,0.0111,1.0000,1.0000,1.0000,5.3858,0.6642
70,FREE PLAN GROW,SPREAD,1,0.3194,0.0000,1.0000,0.0968,1.0000,1.0000,1.0000,-3.1152,0.6469
71,PHONE,FALL,1,0.2537,0.0000,0.6667,0.2685,1.0000,1.0000,0.0000,-1.8403,0.6273
72,BIRD KNOW FOOD HELP ISOLATED WEAK,ELDER EAT REBELLIOUS GUARD,0,1.2854,1.0000,0.9333,0.0268,0.8000,1.0000,1.0000,14.1613,0.6602
73,WOMAN THINK CHILD BETRAY FREE,FREE DOG,0,1.1680,1.0000,0.5556,0.0067,0.6667,1.0000,0.0000,9.9908,0.6856
74,DIRTY SEED,SPREAD,0,1.4000,1.0000,1.0000,0.5000,1.0000,1.0000,1.0000,5.8704,0.7213
75,BORDER GROW,GROW,1,0.1193,0.0000,0.3333,0.0964,1.0000,0.0000,0.0000,-3.8475,0.6912
76,ORDERED LEADER,BUILD MAP,0,1.3073,1.0000,1.0000,0.0367,1.0000,1.0000,1.0000,5.3677,0.7220
77,LAW SPREAD,GROW,1,0.2574,0.0000,0.6667,0.2872,1.0000,1.0000,0.0000,-2.6712,0.6988
78,WEAK,WOLF BURN,1,0.4839,0.0000,1.0000,0.9194,1.0000,1.0000,1.0000,-0.9539,0.6880
79,DIRTY ELDER WANT CITY BETRAY WOMAN,CHOOSE ENCRYPTED GUARD,1,0.2446,0.0000,0.7667,0.0730,0.5000,0.8000,1.0000,-9.8034,0.6659
80,GUARD BURN MOVE COMPLEX SOLDIER BUILD,TRAPPED OBEDIENT CROWD SPREAD GROW FALL GROW BUILD SHARP BOOK,0,1.2309,1.0000,0.7500,0.0295,0.5000,0.7500,1.0000,10.7871,0.6941
81,ISOLATED MARKET,FALL,0,1.3515,1.0000,1.0000,0.2575,1.0000,1.0000,1.0000,5.1764,0.7270
82,MAN EAT CORRUPTED MAP WARN DENSE,ELDER,1,0.2585,0.0000,0.8333,0.0423,0.5000,1.0000,1.0000,-9.4929,0.7036
83,AUTOMATED CHOICE,UPDATE SENSOR,0,1.3183,1.0000,1.0000,0.0917,1.0000,1.0000,1.0000,4.7866,0.7343
84,HORSE,RUN FALL BURN MOVE TRUSTED METAL,0,1.3035,1.0000,1.0000,0.0177,1.0000,1.0000,1.0000,2.9717,0.7628
85,SIMPLE ELDER,FORGET DULL ELDER FALL,0,1.1786,1.0000,0.5556,0.0597,0.0000,1.0000,0.6667,3.5116,0.7835
86,LANGUAGE SPREAD GROW,GROW,1,0.1849,0.0000,0.5000,0.1745,1.0000,0.5000,0.0000,-4.7199,0.7536
87,WOOD BURN BURN,BURN,1,0.1003,0.0000,0.3333,0.0016,1.0000,0.0000,0.0000,-4.3343,0.7209
88,ISOLATED POISON,SPREAD,0,1.3833,1.0000,1.0000,0.4165,1.0000,1.0000,1.0000,5.1639,0.7541
89,CITY,SPREAD,0,1.2032,1.0000,0.6667,0.0162,1.0000,1.0000,0.0000,1.8748,0.7765
90,DEAD METAL,BURN,0,1.3403,1.0000,1.0000,0.2015,1.0000,1.0000,1.0000,4.5389,0.8047
91,ROAD,FALL,0,1.2333,1.0000,0.6667,0.1667,1.0000,1.0000,0.0000,1.9871,0.8261
92,TRAPPED,MAN EAT WOOD,1,0.4511,0.0000,1.0000,0.7556,1.0000,1.0000,1.0000,-1.7294,0.8074
93,ACTIVE INSECT SPREAD GROW,UPDATE SMALL PLAN GROW UPDATE BROKEN OPTIMAL CAMERA,0,1.2122,1.0000,0.6889,0.0278,1.0000,0.4000,0.6667,5.3787,0.8276
94,OBEDIENT ELDER MOVE DEAD,TRAPPED LEADER,0,1.1666,1.0000,0.4444,0.1665,0.0000,1.0000,0.3333,4.7646,0.8446
95,COMPLEX DRONE,GENERATE CORRUPTED BORDER,0,1.2769,1.0000,0.8889,0.0510,1.0000,1.0000,0.6667,3.7162,0.8662
96,ANGRY CHILD MOVE CHAOTIC CALM GUARD,RUN,1,0.2697,0.0000,0.8889,0.0153,1.0000,0.6667,1.0000,-11.7420,0.8364
97,STONE BURN,FALL,1,0.1673,0.0000,0.5556,0.0031,1.0000,0.6667,0.0000,-3.8235,0.8029
98,FOOD FALL,FALL,1,0.1038,0.0000,0.3333,0.0192,1.0000,0.0000,0.0000,-4.6011,0.7680
99,FAMOUS LAW,GROW,0,1.3783,1.0000,1.0000,0.3915,1.0000,1.0000,1.0000,5.2080,0.7985
100,SOLDIER,MOVE SLOW VAST ENGINE MOVE KEY,0,1.3126,1.0000,1.0000,0.0631,1.0000,1.0000,1.0000,2.4526,0.8242
101,ENCRYPTED MEMORY GROW SPREAD FAIL,UPDATE SMALL BROKEN DRONE GROW GROW,0,1.2608,1.0000,0.8333,0.0540,1.0000,0.5000,1.0000,5.7290,0.8460
102,DULL CAT,HEAR TRAPPED DULL GUARD,0,1.2360,1.0000,0.7222,0.0967,0.6667,1.0000,0.5000,3.2242,0.8655
103,WOOD BURN,BURN,1,0.1007,0.0000,0.3333,0.0036,1.0000,0.0000,0.0000,-4.9458,0.8273
104,SYSTEM,SPREAD,1,0.2105,0.0000,0.6667,0.0527,1.0000,1.0000,0.0000,-2.9867,0.7964
105,POWER SPREAD,SPREAD,1,0.1045,0.0000,0.3333,0.0225,1.0000,0.0000,0.0000,-3.9000,0.7618
106,SHARP DRONE ENCODE AUTOMATED SLOW,PLAN FAIL,0,1.2750,1.0000,0.8889,0.0416,1.0000,0.6667,1.0000,8.3126,0.7875
107,POISON SPREAD,GROW,1,0.2221,0.0000,0.6667,0.1106,1.0000,1.0000,0.0000,-3.5243,0.7592
108,METAL BURN,BURN,1,0.1009,0.0000,0.3333,0.0045,1.0000,0.0000,0.0000,-3.4894,0.7263
109,BORDER GROW,GROW GROW,1,0.1193,0.0000,0.3333,0.0964,1.0000,0.0000,0.0000,-4.1880,0.6960
110,LEADER,BREAK SMALL SIMPLE CLOCK GENERATE TIME,0,1.3198,1.0000,1.0000,0.0991,1.0000,1.0000,1.0000,2.8799,0.7272
111,BIRD KNOW ROOM WANT SEED HELP,SMALL HORSE,1,0.2697,0.0000,0.8889,0.0154,0.6667,1.0000,1.0000,-10.0094,0.7043
112,CHOICE GROW,GROW,1,0.1206,0.0000,0.3333,0.1031,1.0000,0.0000,0.0000,-3.8798,0.6751
113,SYSTEM GROW FAIL,GROW,1,0.1777,0.0000,0.5000,0.1385,1.0000,0.5000,0.0000,-4.1659,0.6502
114,CONNECTED HOME,GROW,0,1.3597,1.0000,1.0000,0.2985,1.0000,1.0000,1.0000,6.1578,0.6857
115,PROUD,STRANGER FALL,1,0.3843,0.0000,1.0000,0.4216,1.0000,1.0000,1.0000,-1.4116,0.6706
116,HOME,FALL,0,1.2564,1.0000,0.6667,0.2818,1.0000,1.0000,0.0000,2.6567,0.6999
117,MARKET,GROW,0,1.2480,1.0000,0.6667,0.2399,1.0000,1.0000,0.0000,2.4866,0.7273
118,BRIDGE,FALL,0,1.2312,1.0000,0.6667,0.1559,1.0000,1.0000,0.0000,2.2718,0.7525
119,BRIDGE,FALL,0,1.2312,1.0000,0.6667,0.1559,1.0000,1.0000,0.0000,2.1296,0.7765
120,LANGUAGE,SPREAD,1,0.2033,0.0000,0.6667,0.0163,1.0000,1.0000,0.0000,-3.0249,0.7478
121,FOREST,BURN FALL BURN,0,1.2040,1.0000,0.6667,0.0200,1.0000,1.0000,0.0000,2.1710,0.7706
122,LEADER BREAK OUTCAST SLOW,ELDER BURN,0,1.1068,1.0000,0.3333,0.0338,0.0000,0.0000,1.0000,4.6256,0.7874
123,STRONG FIRE FALL BURN,FALL MOVE SHARP KEY GROW GROW,1,0.1966,0.0000,0.6444,0.0161,0.6667,0.6000,0.6667,-7.9072,0.7579
124,FAMOUS CITY,GROW,0,1.3669,1.0000,1.0000,0.3346,1.0000,1.0000,1.0000,4.7013,0.7883
125,COMPUTER SEE FREE DOG MOVE ORDERED,WATER UPDATE BIG MAP FALL,0,1.2944,1.0000,0.9524,0.0432,1.0000,0.8571,1.0000,11.3258,0.8136
126,WEAK SEED,SPREAD,1,0.3487,0.0000,1.0000,0.2435,1.0000,1.0000,1.0000,-3.7546,0.7904
127,DEAD MAN,RUN,0,1.3262,1.0000,1.0000,0.1311,1.0000,1.0000,1.0000,4.4426,0.8172
128,CHANCE,GROW,1,0.2622,0.0000,0.6667,0.3110,1.0000,1.0000,0.0000,-2.6835,0.7894
129,RULE SPREAD,SPREAD,1,0.1007,0.0000,0.3333,0.0033,1.0000,0.0000,0.0000,-4.1863,0.7550
130,SHARP BIRD,FALL FALL GROW,1,0.3137,0.0000,1.0000,0.0687,1.0000,1.0000,1.0000,-3.6028,0.7329
131,PROUD,STRANGER RUN,1,0.3810,0.0000,1.0000,0.4051,1.0000,1.0000,1.0000,-1.7018,0.7153
132,ISOLATED GUARD,SEE OBEDIENT FREE ELDER SPREAD,0,1.2371,1.0000,0.6667,0.1853,0.0000,1.0000,1.0000,4.1367,0.7414
133,SENSOR,MOVE DENSE SIMPLE SENSOR FALL,1,0.2319,0.0000,0.6667,0.1593,0.0000,1.0000,1.0000,-2.4538,0.7159
134,STRANGER SEE BIG DRONE MOVE CONNECTED,WOOD,1,0.3192,0.0000,1.0000,0.0959,1.0000,1.0000,1.0000,-9.5959,0.6961
135,RULE,GROW,1,0.2622,0.0000,0.6667,0.3110,1.0000,1.0000,0.0000,-2.1209,0.6744
136,DOG SEE CORRUPTED BIG,COMPUTER,1,0.3616,0.0000,1.0000,0.3078,1.0000,1.0000,1.0000,-5.0583,0.6588
137,DIRTY MAP FAIL,FALL GROW,1,0.3349,0.0000,1.0000,0.1747,1.0000,1.0000,1.0000,-3.2963,0.6426
138,GUARD HEAR ISOLATED WOLF FALL,BURN,1,0.2929,0.0000,0.9333,0.0644,1.0000,0.8000,1.0000,-6.2615,0.6251
139,PRISON,FALL,0,1.2676,1.0000,0.6667,0.3378,1.0000,1.0000,0.0000,2.6543,0.6572
140,FEAR,SPREAD GROW,1,0.2311,0.0000,0.6667,0.1556,1.0000,1.0000,0.0000,-1.9124,0.6359
141,LIE,SPREAD,1,0.2129,0.0000,0.6667,0.0647,1.0000,1.0000,0.0000,-2.0977,0.6148
142,ELDER BREAK COMPLEX KEY TALK SEE,MAP WARN WOLF BETRAY VAST FREE BIRD WARN HAPPY IDENTITY TALK THINK FEAR,0,1.2330,1.0000,0.7533,0.0352,0.7778,0.6250,0.8571,13.1579,0.6457
143,PRISON,GROW,0,1.2306,1.0000,0.6667,0.1532,1.0000,1.0000,0.0000,2.3723,0.6749
144,ELDER,TALK FALL BURN,1,0.2153,0.0000,0.6667,0.0766,1.0000,1.0000,0.0000,-2.1184,0.6519
145,LIE GROW,GROW,1,0.1192,0.0000,0.3333,0.0959,1.0000,0.0000,0.0000,-3.8066,0.6253
146,ASHAMED WOMAN,RUN RUN FALL,1,0.3043,0.0000,1.0000,0.0216,1.0000,1.0000,1.0000,-2.2798,0.6092
147,FOOD,FALL,1,0.2106,0.0000,0.6667,0.0528,1.0000,1.0000,0.0000,-1.9804,0.5893
148,SMALL SENSOR,FAIL,1,0.3127,0.0000,1.0000,0.0636,1.0000,1.0000,1.0000,-2.4324,0.5755
149,BOOK,FALL,1,0.2360,0.0000,0.6667,0.1802,1.0000,1.0000,0.0000,-1.6501,0.5585
150,IDENTITY,SPREAD,1,0.2161,0.0000,0.6667,0.0807,1.0000,1.0000,0.0000,-1.6884,0.5414
151,ACTIVE CAT BUILD CAR SEE FAMOUS,CHAOTIC WEAPON,0,1.3416,1.0000,0.9333,0.3080,0.8000,1.0000,1.0000,16.5975,0.5814
152,DEAD LEADER BURN BURN,MOVE BROKEN DULL LEADER,0,1.1515,1.0000,0.3889,0.1743,0.0000,0.6667,0.5000,6.2411,0.6099
153,AUTOMATED LEADER,FALL FALL,0,1.3604,1.0000,1.0000,0.3020,1.0000,1.0000,1.0000,5.3892,0.6474
154,BIG MAP BURN,BURN,1,0.2047,0.0000,0.6667,0.0237,1.0000,0.0000,1.0000,-4.9474,0.6253
155,ISOLATED HOME,BURN,0,1.3109,1.0000,1.0000,0.0544,1.0000,1.0000,1.0000,4.8997,0.6596
156,CAR SEE PRISON,SEE CONNECTED DUST,1,0.2070,0.0000,0.6667,0.0348,1.0000,0.0000,1.0000,-4.7582,0.6369
157,FAMOUS DEBT,SPREAD,0,1.3114,1.0000,1.0000,0.0570,1.0000,1.0000,1.0000,5.6021,0.6707
158,FAST WOLF,HEAR RULE,1,0.3216,0.0000,1.0000,0.1079,1.0000,1.0000,1.0000,-2.8736,0.6532
159,BRIDGE,BURN BURN,0,1.2277,1.0000,0.6667,0.1383,1.0000,1.0000,0.0000,2.4580,0.6819
160,CHILD,BURN,1,0.2208,0.0000,0.6667,0.1039,1.0000,1.0000,0.0000,-2.2243,0.6589
161,PLAN,UPDATE KEY UPDATE BROKEN COMPUTER,1,0.3095,0.0000,1.0000,0.0475,1.0000,1.0000,1.0000,-1.7280,0.6414
162,ENGINE,ENCODE LIE SEE DUST,1,0.2096,0.0000,0.6667,0.0479,1.0000,1.0000,0.0000,-2.1202,0.6198
163,CLEAN PRISON,GROW,0,1.3357,1.0000,1.0000,0.1786,1.0000,1.0000,1.0000,5.2195,0.6556
164,DOG CARRY OBEDIENT,HORSE,0,1.2020,1.0000,0.6667,0.0101,0.0000,1.0000,1.0000,6.2507,0.6829
165,CONNECTED CAR,FALL,1,0.3433,0.0000,1.0000,0.2165,1.0000,1.0000,1.0000,-2.9416,0.6660
166,WOLF ASK DIRTY FAMOUS,CAT,0,1.2206,1.0000,0.6667,0.1032,0.0000,1.0000,1.0000,8.1000,0.6937
167,SHARP TOOL SPREAD BURN,SPREAD,1,0.2764,0.0000,0.8333,0.1321,1.0000,0.5000,1.0000,-4.8181,0.6728
168,CAMERA,FAIL FALL BREAK ENGINE,0,1.1768,1.0000,0.5556,0.0509,0.6667,1.0000,0.0000,2.2516,0.6980
169,CONNECTED WEAPON,FALL,1,0.3360,0.0000,1.0000,0.1802,1.0000,1.0000,1.0000,-3.1917,0.6799
170,COMPLEX INSECT ENCODE TIME,UPDATE CAR,1,0.2702,0.0000,0.8889,0.0174,1.0000,0.6667,1.0000,-5.4868,0.6594
171,AUTOMATED SOLDIER SEE WEAK SHARP LEADER,HEAR HEAVY CAR,1,0.2081,0.0000,0.6667,0.0406,1.0000,0.0000,1.0000,-9.5511,0.6369
172,LEADER,BURN BREAK DENSE CAR,1,0.3329,0.0000,1.0000,0.1643,1.0000,1.0000,1.0000,-1.2792,0.6217
173,MAN EAT STONE THINK ISOLATED CALM,CAT,1,0.2812,0.0000,0.9333,0.0060,0.8000,1.0000,1.0000,-7.5995,0.6046
174,POWER,GROW GROW SPREAD,1,0.2349,0.0000,0.6667,0.1744,1.0000,1.0000,0.0000,-1.8080,0.5862
175,FIRE,MOVE WOOD,1,0.1729,0.0000,0.5556,0.0310,0.6667,1.0000,0.0000,-2.0081,0.5655
176,ASHAMED,ELDER FALL,1,0.4609,0.0000,1.0000,0.8046,1.0000,1.0000,1.0000,-0.5392,0.5603
177,AUTOMATED PLAN,UPDATE DIRTY CLOCK,0,1.3105,1.0000,1.0000,0.0523,1.0000,1.0000,1.0000,5.8932,0.5978
178,DRONE GENERATE,TRUTH,1,0.2595,0.0000,0.6667,0.2977,1.0000,1.0000,0.0000,-2.5135,0.5809
179,WEAK SEED,GROW,1,0.3044,0.0000,1.0000,0.0219,1.0000,1.0000,1.0000,-2.3258,0.5670
180,CITY,BURN BURN,0,1.2567,1.0000,0.6667,0.2836,1.0000,1.0000,0.0000,2.8440,0.6015
181,CHAOTIC CAT,BREAK OUTCAST CROWD,0,1.2578,1.0000,0.7778,0.1222,0.6667,1.0000,0.6667,5.7499,0.6343
182,ELDER BREAK ORDERED VAST DUST HEAR,VAST FEAR,1,0.2690,0.0000,0.8333,0.0949,1.0000,1.0000,0.5000,-7.5533,0.6161
183,CROWD MOVE ORDERED SMALL MAP SPREAD,FALL,1,0.3213,0.0000,0.9333,0.2064,1.0000,0.8000,1.0000,-6.7387,0.6013
184,FAST NETWORK,HEAR SEED HEAR CONNECTED BIG SENSOR HEAR FAST BIRD,0,1.2646,1.0000,0.8190,0.0946,0.8571,1.0000,0.6000,5.5372,0.6345
185,VAST,SIGNAL GROW SPREAD,1,0.3476,0.0000,1.0000,0.2379,1.0000,1.0000,1.0000,-1.3314,0.6201
186,WOLF FALL ATTACK ENCRYPTED SLOW CAMERA,CHOOSE DULL MAP,1,0.2707,0.0000,0.8333,0.1037,1.0000,1.0000,0.5000,-7.5913,0.6027
187,BIRD FOLLOW INSECT FORGET,SAD BIRD BURN,1,0.2149,0.0000,0.6667,0.0745,0.0000,1.0000,1.0000,-5.6710,0.5833
188,DORMANT SEED,SPREAD,0,1.3782,1.0000,1.0000,0.3912,1.0000,1.0000,1.0000,6.5402,0.6230
189,INSECT,HEAR PATTERN,1,0.2194,0.0000,0.6667,0.0971,1.0000,1.0000,0.0000,-1.9778,0.6029
190,CAR,FAIL,1,0.2484,0.0000,0.6667,0.2418,1.0000,1.0000,0.0000,-1.7332,0.5851
191,HOME,FALL,0,1.2564,1.0000,0.6667,0.2818,1.0000,1.0000,0.0000,2.7864,0.6187
192,BRIDGE,BURN,0,1.2277,1.0000,0.6667,0.1383,1.0000,1.0000,0.0000,2.5363,0.6491
193,DEBT SPREAD,GROW,1,0.2568,0.0000,0.6667,0.2839,1.0000,1.0000,0.0000,-2.5419,0.6295
194,AUTOMATED TIME,UPDATE SMALL SMALL CLEAN ORDERED KEY,0,1.2616,1.0000,0.8667,0.0081,1.0000,1.0000,0.6000,4.5003,0.6611
195,POISON GROW,FALL FALL,1,0.1850,0.0000,0.5556,0.0918,1.0000,0.6667,0.0000,-3.4942,0.6373
196,LEADER,BURN,1,0.2478,0.0000,0.6667,0.2391,1.0000,1.0000,0.0000,-1.7316,0.6178
197,CAT WANT,TRUSTED HORSE,1,0.2095,0.0000,0.6667,0.0477,0.0000,1.0000,1.0000,-3.0077,0.5974
198,DOG CARRY CAR FORGET LAW RUN,RUN,1,0.1778,0.0000,0.5333,0.0890,1.0000,0.6000,0.0000,-9.0575,0.5764
199,CALM HORSE MOVE WOLF,MOVE CAMERA,1,0.2060,0.0000,0.6667,0.0298,1.0000,0.0000,1.0000,-5.2892,0.5579
200,MEMORY,GROW,1,0.2555,0.0000,0.6667,0.2776,1.0000,1.0000,0.0000,-1.3646,0.5428
201,PATTERN,FAIL,1,0.2000,0.0000,0.6667,0.0000,1.0000,1.0000,0.0000,-1.5839,0.5257
202,ROBOT,GENERATE LAW,1,0.2228,0.0000,0.6667,0.1138,1.0000,1.0000,0.0000,-1.4497,0.5105
203,CITY,FALL,0,1.2676,1.0000,0.6667,0.3378,1.0000,1.0000,0.0000,3.0484,0.5484
204,TIME SPREAD,FAIL,1,0.1967,0.0000,0.5556,0.1499,1.0000,0.6667,0.0000,-2.2604,0.5308
205,PHONE MOVE RIVER,BURN SEE SAD CROWD,0,1.2832,1.0000,0.9333,0.0158,1.0000,0.8000,1.0000,8.5797,0.5684
206,ISOLATED MARKET,SPREAD,0,1.3054,1.0000,1.0000,0.0270,1.0000,1.0000,1.0000,5.2502,0.6053
207,TRAPPED CROWD,MOVE DIRTY MAP,0,1.3122,1.0000,1.0000,0.0612,1.0000,1.0000,1.0000,5.5462,0.6406
208,BIG BRIDGE,FALL,0,1.3216,1.0000,1.0000,0.1078,1.0000,1.0000,1.0000,5.9445,0.6747
209,MARKET,SPREAD,0,1.2032,1.0000,0.6667,0.0162,1.0000,1.0000,0.0000,2.3331,0.7011
210,TRUSTED KEY MOVE CHILD,FALL,1,0.2897,0.0000,0.8889,0.1154,1.0000,0.6667,1.0000,-6.3199,0.6805
211,DIRTY BRIDGE,FALL,0,1.3168,1.0000,1.0000,0.0840,1.0000,1.0000,1.0000,4.6935,0.7123
212,SEED,MOVE SOLDIER,1,0.2047,0.0000,0.6667,0.0236,1.0000,1.0000,0.0000,-2.3729,0.6869
213,ROOM,BURN FALL,0,1.2300,1.0000,0.6667,0.1500,1.0000,1.0000,0.0000,2.7365,0.7141
214,SHARP INSECT SEE SOLDIER,HEAR ASHAMED POWER HEAR SHARP WOMAN,0,1.1139,1.0000,0.3667,0.0194,0.6000,0.0000,0.5000,6.3564,0.7341
215,TRUSTED DOG,RUN RUN,0,1.3370,1.0000,1.0000,0.1851,1.0000,1.0000,1.0000,5.1211,0.7642
216,SEED MOVE CONNECTED ACTIVE CAR,MOVE SHARP DENSE SEED,0,1.1649,1.0000,0.5000,0.0744,0.5000,0.0000,1.0000,7.2711,0.7843
217,WOLF BURN SPREAD BETRAY CLEAN,STRONG STRANGER,0,1.1999,1.0000,0.5556,0.1661,0.6667,1.0000,0.0000,7.7293,0.8050
218,SEED BURN FALL,MOVE OUTCAST VAST ELDER MOVE DUST,1,0.2595,0.0000,0.8500,0.0225,0.8000,0.7500,1.0000,-5.0107,0.7778
219,ANGRY SOLDIER,HEAR SIMPLE ORDERED KEY,1,0.3103,0.0000,0.9167,0.1765,1.0000,1.0000,0.7500,-3.5563,0.7544
220,REBELLIOUS WOMAN,RUN,0,1.3171,1.0000,1.0000,0.0854,1.0000,1.0000,1.0000,3.7712,0.7825
221,WATER,FALL,1,0.2000,0.0000,0.6667,0.0000,1.0000,1.0000,0.0000,-2.7903,0.7534
222,SIGNAL FAIL,FAIL,1,0.1024,0.0000,0.3333,0.0119,1.0000,0.0000,0.0000,-4.3201,0.7209
223,FEAR,GROW,1,0.2761,0.0000,0.6667,0.3805,1.0000,1.0000,0.0000,-2.1950,0.6986
224,HAPPY MAN FORGET ACTIVE INSECT ASK,HAPPY WOMAN RUN,1,0.1889,0.0000,0.6111,0.0278,0.3333,1.0000,0.5000,-11.7376,0.6731
225,MARKET,GROW,0,1.2480,1.0000,0.6667,0.2399,1.0000,1.0000,0.0000,2.3101,0.7019
226,COMPUTER HEAR SYSTEM FALL,ENCODE ERROR,0,1.2040,1.0000,0.6000,0.1201,0.8000,1.0000,0.0000,7.6301,0.7270
227,DORMANT,ROBOT SEE FOOD,1,0.4493,0.0000,1.0000,0.7467,1.0000,1.0000,1.0000,-1.1967,0.7131
228,DIRTY STRANGER,BURN MOVE SMALL CALM STRANGER,0,1.2199,1.0000,0.6667,0.0996,0.0000,1.0000,1.0000,4.1334,0.7384
229,WEAK PHONE,HEAR ASHAMED OPTIMAL LEADER,0,1.3088,1.0000,0.9333,0.1439,1.0000,1.0000,0.8000,4.8349,0.7670
230,PRISON,FAIL,0,1.2189,1.0000,0.6667,0.0944,1.0000,1.0000,0.0000,1.8479,0.7896
231,OBEDIENT CROWD,FALL MOVE CALM STRANGER,1,0.2249,0.0000,0.6667,0.1247,0.0000,1.0000,1.0000,-3.9751,0.7613
232,FEAR GROW,SPREAD,1,0.2139,0.0000,0.6667,0.0695,1.0000,1.0000,0.0000,-3.9897,0.7339
233,ROOM,BURN,0,1.2314,1.0000,0.6667,0.1570,1.0000,1.0000,0.0000,2.3558,0.7588
234,ORDERED DUST,GROW,1,0.3109,0.0000,1.0000,0.0546,1.0000,1.0000,1.0000,-3.9667,0.7364
235,OBEDIENT ELDER,FALL,1,0.3562,0.0000,1.0000,0.2812,1.0000,1.0000,1.0000,-2.7671,0.7174
236,MOUNTAIN,BURN,0,1.2049,1.0000,0.6667,0.0243,1.0000,1.0000,0.0000,2.3466,0.7418
237,SECRET HOME,FALL FAIL,0,1.3208,1.0000,1.0000,0.1039,1.0000,1.0000,1.0000,4.5352,0.7707
238,CHILD FOLLOW WEAK ORDERED WOMAN FALL,FALL,1,0.2787,0.0000,0.8333,0.1433,1.0000,0.5000,1.0000,-11.1036,0.7461
239,MARKET,SPREAD,0,1.2032,1.0000,0.6667,0.0162,1.0000,1.0000,0.0000,1.7986,0.7690
240,CAR,FAIL,1,0.2484,0.0000,0.6667,0.2418,1.0000,1.0000,0.0000,-2.5892,0.7430
241,CAMERA UPDATE,CONNECTED CHAOTIC COMPUTE SLOW PLAN UPDATE OPTIMAL CAMERA,0,1.1849,1.0000,0.6111,0.0077,0.5000,0.3333,1.0000,3.0067,0.7651
242,FEAR,SPREAD SPREAD GROW,1,0.2203,0.0000,0.6667,0.1016,1.0000,1.0000,0.0000,-2.8793,0.7378
243,MARKET,FALL,0,1.2676,1.0000,0.6667,0.3378,1.0000,1.0000,0.0000,2.0539,0.7643
244,POWER SPREAD SPREAD SPREAD,GROW,1,0.2476,0.0000,0.6667,0.2379,1.0000,1.0000,0.0000,-5.7031,0.7385
245,SHARP FIRE,MOVE BRIDGE,1,0.3141,0.0000,1.0000,0.0703,1.0000,1.0000,1.0000,-3.6651,0.7172
246,ISOLATED CAT,HEAR SIMPLE KEY BURN,0,1.2997,1.0000,0.8889,0.1649,1.0000,1.0000,0.6667,4.1747,0.7464
247,SIMPLE PATTERN,GROW,1,0.3465,0.0000,1.0000,0.2327,1.0000,1.0000,1.0000,-3.3809,0.7264
248,METAL,BURN,1,0.2030,0.0000,0.6667,0.0149,1.0000,1.0000,0.0000,-2.3255,0.7002
249,MEMORY FAIL,SPREAD SPREAD,1,0.1832,0.0000,0.5556,0.0827,1.0000,0.6667,0.0000,-3.3530,0.6744
250,REBELLIOUS SOLDIER CARRY BIG SMALL CLOCK,RUN,1,0.2713,0.0000,0.8889,0.0233,1.0000,0.6667,1.0000,-8.2845,0.6542
251,DIRTY,SOLDIER ATTACK ROOM,1,0.4426,0.0000,1.0000,0.7132,1.0000,1.0000,1.0000,-0.8226,0.6436
252,IDENTITY,SPREAD,1,0.2161,0.0000,0.6667,0.0807,1.0000,1.0000,0.0000,-2.1449,0.6223
253,PRISON,GROW,0,1.2306,1.0000,0.6667,0.1532,1.0000,1.0000,0.0000,2.4510,0.6527
254,INSECT,GROW,1,0.2091,0.0000,0.6667,0.0454,1.0000,1.0000,0.0000,-2.2842,0.6305
255,DIRTY MOUNTAIN,BURN BURN,0,1.3096,1.0000,1.0000,0.0481,1.0000,1.0000,1.0000,5.1882,0.6644
256,CHANCE,GROW,1,0.2622,0.0000,0.6667,0.3110,1.0000,1.0000,0.0000,-2.0576,0.6443
257,PRISON,FALL,0,1.2676,1.0000,0.6667,0.3378,1.0000,1.0000,0.0000,2.4540,0.6755
258,CLEAN WOLF MOVE PRISON BREAK VAST,WEAPON BREAK SHARP ENCRYPTED POISON FALL,0,1.2253,1.0000,0.7222,0.0432,1.0000,0.5000,0.6667,11.7520,0.7030
259,COMPUTER SEE FAMOUS SIMPLE,WEAPON FALL,0,1.2909,1.0000,0.8889,0.1212,0.6667,1.0000,1.0000,8.7423,0.7324
260,FEAR,GROW,1,0.2761,0.0000,0.6667,0.3805,1.0000,1.0000,0.0000,-2.4943,0.7096
261,FEAR,SPREAD,1,0.2077,0.0000,0.6667,0.0383,1.0000,1.0000,0.0000,-2.7517,0.6845
262,LAW,GROW,1,0.2666,0.0000,0.6667,0.3330,1.0000,1.0000,0.0000,-2.1602,0.6636
263,PRISON,FAIL,0,1.2189,1.0000,0.6667,0.0944,1.0000,1.0000,0.0000,2.1296,0.6913
264,CHOICE,GROW,1,0.2601,0.0000,0.6667,0.3006,1.0000,1.0000,0.0000,-2.0908,0.6698
265,WATER FALL FALL,BURN,1,0.1697,0.0000,0.5556,0.0149,1.0000,0.6667,0.0000,-4.8015,0.6448
266,ROAD,FALL,0,1.2333,1.0000,0.6667,0.1667,1.0000,1.0000,0.0000,2.6769,0.6742
267,FREE MAN,BETRAY VAST BIRD BURN,0,1.2728,1.0000,0.8889,0.0308,0.6667,1.0000,1.0000,4.8900,0.7041
268,ISOLATED MARKET,GROW,0,1.3222,1.0000,1.0000,0.1111,1.0000,1.0000,1.0000,3.9650,0.7350
269,OUTCAST ELDER BUILD RIVER MOVE MOUNTAIN,FALL ATTACK HOME MOVE NETWORK,0,1.2612,1.0000,0.8413,0.0442,0.8571,0.6667,1.0000,11.0577,0.7614
270,DEAD STONE,BURN,0,1.3403,1.0000,1.0000,0.2015,1.0000,1.0000,1.0000,4.5836,0.7903
271,MARKET,GROW,0,1.2480,1.0000,0.6667,0.2399,1.0000,1.0000,0.0000,1.6713,0.8132
272,DULL WOOD,FALL,0,1.3051,1.0000,1.0000,0.0257,1.0000,1.0000,1.0000,4.4074,0.8378
273,WOLF BUILD RIVER FALL ASK CALM,SHARP CAT,0,1.2570,1.0000,0.8333,0.0351,0.5000,1.0000,1.0000,9.5580,0.8587
274,DEAD,LEADER BUILD BIG ENGINE,0,1.4636,1.0000,1.0000,0.8179,1.0000,1.0000,1.0000,2.5609,0.8890
275,DULL STRANGER,BURN,0,1.3477,1.0000,1.0000,0.2384,1.0000,1.0000,1.0000,3.9364,0.9119
276,MEMORY,FAIL SPREAD,1,0.2033,0.0000,0.6667,0.0164,1.0000,1.0000,0.0000,-3.4317,0.8765
277,CALM SOLDIER,BURN,1,0.3313,0.0000,1.0000,0.1565,1.0000,1.0000,1.0000,-4.2436,0.8492
278,ELDER BUILD INSECT BUILD DEAD,FAMOUS ELDER BURN,0,1.2115,1.0000,0.6667,0.0575,0.3333,0.6667,1.0000,6.8190,0.8673
279,WOMAN ATTACK SHARP CHILD ASK HEAVY,CAT,0,1.2709,1.0000,0.8889,0.0213,0.6667,1.0000,1.0000,9.4846,0.8875
280,WEAPON,SPREAD,1,0.2377,0.0000,0.6667,0.1887,1.0000,1.0000,0.0000,-3.1908,0.8550
281,STRONG MAP GENERATE ENCRYPTED,DEBT,1,0.3382,0.0000,1.0000,0.1909,1.0000,1.0000,1.0000,-7.7337,0.8292
282,CLEAN KEY,SPREAD,1,0.3073,0.0000,1.0000,0.0364,1.0000,1.0000,1.0000,-4.2282,0.8031
283,ISOLATED LEADER MOVE OBEDIENT DENSE,CROWD,0,1.2096,1.0000,0.6667,0.0479,0.0000,1.0000,1.0000,7.1466,0.8234
284,OUTCAST SOLDIER,GROW SPREAD,0,1.3418,1.0000,1.0000,0.2089,1.0000,1.0000,1.0000,4.1534,0.8493
285,POWER,GROW,1,0.2587,0.0000,0.6667,0.2937,1.0000,1.0000,0.0000,-3.0938,0.8198
286,TRUTH,GROW,1,0.2761,0.0000,0.6667,0.3805,1.0000,1.0000,0.0000,-2.7154,0.7926
287,ROBOT,ENCODE LAW,0,1.2228,1.0000,0.6667,0.1138,1.0000,1.0000,0.0000,2.1976,0.8141
288,LANGUAGE,GROW,1,0.2666,0.0000,0.6667,0.3330,1.0000,1.0000,0.0000,-2.8636,0.7868
289,HOME,BURN,0,1.2524,1.0000,0.6667,0.2618,1.0000,1.0000,0.0000,1.8900,0.8100
290,SLOW CHOICE,SPREAD GROW,1,0.3401,0.0000,1.0000,0.2006,1.0000,1.0000,1.0000,-3.8642,0.7865
291,LEADER BURN,SEE BIG ROAD,1,0.3073,0.0000,1.0000,0.0363,1.0000,1.0000,1.0000,-3.2605,0.7626
292,REBELLIOUS,SOLDIER SEE ISOLATED BOOK BUILD WEAK OBEDIENT CROWD,0,1.3854,1.0000,0.8667,0.6272,1.0000,1.0000,0.6000,2.5675,0.7937
293,HOME,FALL,0,1.2564,1.0000,0.6667,0.2818,1.0000,1.0000,0.0000,1.8464,0.8168
294,RIVER,BURN,0,1.2080,1.0000,0.6667,0.0398,1.0000,1.0000,0.0000,1.6504,0.8364
295,AUTOMATED TIME,UPDATE CLOCK,1,0.3079,0.0000,1.0000,0.0393,1.0000,1.0000,1.0000,-3.7760,0.8100
296,STRONG POISON,MOVE CALM STRANGER BURN,1,0.2711,0.0000,0.8889,0.0220,1.0000,1.0000,0.6667,-4.6580,0.7830
297,SOLDIER BURN MOVE HORSE BREAK CHAOTIC,SIMPLE PHONE MOVE CORRUPTED SENSOR BUILD DULL DULL MAP,0,1.1919,1.0000,0.6111,0.0429,1.0000,0.5000,0.3333,8.7512,0.8035
298,DORMANT CAT,FALL,0,1.3057,1.0000,1.0000,0.0286,1.0000,1.0000,1.0000,3.8041,0.8286
299,WEAK SOLDIER HEAR BOOK,HEAR ASHAMED LEADER,1,0.1234,0.0000,0.3889,0.0335,0.5000,0.0000,0.6667,-11.6151,0.7933
300,DENSE CLOCK FALL,HEAR CHANCE MOVE OPTIMAL POISON,0,1.2898,1.0000,0.9333,0.0489,1.0000,0.8000,1.0000,5.5171,0.8181
301,WOLF BETRAY CLEAN HORSE WARN DULL,CALM CHILD,1,0.2538,0.0000,0.8056,0.0605,0.6667,1.0000,0.7500,-12.5681,0.7899
302,FREE IDENTITY,SPREAD,0,1.3264,1.0000,1.0000,0.1321,1.0000,1.0000,1.0000,4.3432,0.8168
303,FAMOUS RIVER,GROW,0,1.3587,1.0000,1.0000,0.2937,1.0000,1.0000,1.0000,3.9852,0.8439
304,DIRTY MARKET,BURN,0,1.3505,1.0000,1.0000,0.2525,1.0000,1.0000,1.0000,3.4068,0.8692
305,STRANGER BREAK SECRET SIMPLE,KEY,1,0.3574,0.0000,1.0000,0.2870,1.0000,1.0000,1.0000,-7.3150,0.8436
306,SAD CROWD FALL SEE PHONE,SEE DEAD LEADER,1,0.2053,0.0000,0.6667,0.0263,0.5000,0.5000,1.0000,-11.1040,0.8117
307,TOOL,SPREAD,1,0.2565,0.0000,0.6667,0.2824,1.0000,1.0000,0.0000,-2.5952,0.7839
308,RIVER,FALL,0,1.2051,1.0000,0.6667,0.0257,1.0000,1.0000,0.0000,1.6773,0.8050
309,CLEAN METAL,BURN,1,0.3020,0.0000,1.0000,0.0099,1.0000,1.0000,1.0000,-4.1415,0.7798
310,POISON SPREAD GROW BURN FALL FAIL,SPREAD,1,0.1951,0.0000,0.5714,0.1185,1.0000,0.7143,0.0000,-9.8086,0.7506
311,TRAPPED WOLF FALL,SPREAD,1,0.3505,0.0000,1.0000,0.2525,1.0000,1.0000,1.0000,-4.1476,0.7306
312,LIE,SPREAD,1,0.2129,0.0000,0.6667,0.0647,1.0000,1.0000,0.0000,-2.8013,0.7047
313,ROAD,FALL,0,1.2333,1.0000,0.6667,0.1667,1.0000,1.0000,0.0000,2.2352,0.7311
314,FREE FIRE WANT SIMPLE,AUTOMATED GUARD,1,0.3127,0.0000,0.9333,0.1633,1.0000,1.0000,0.8000,-6.6105,0.7102
315,DEBT,GROW,1,0.2679,0.0000,0.6667,0.3396,1.0000,1.0000,0.0000,-2.2079,0.6881
316,DIRTY,LEADER FALL,1,0.4488,0.0000,1.0000,0.7439,1.0000,1.0000,1.0000,-0.9594,0.6761
317,WATER BURN,BURN,1,0.1007,0.0000,0.3333,0.0036,1.0000,0.0000,0.0000,-3.9566,0.6474
318,DEAD WOMAN,BURN,0,1.3085,1.0000,1.0000,0.0427,1.0000,1.0000,1.0000,4.7665,0.6804
319,DULL DOG,WANT ACTIVE FIRE FALL,0,1.3287,1.0000,1.0000,0.1437,1.0000,1.0000,1.0000,5.3670,0.7128
320,SLOW CAMERA FAIL,FALL,1,0.3619,0.0000,1.0000,0.3095,1.0000,1.0000,1.0000,-3.4429,0.6953
321,PRISON,FALL,0,1.2676,1.0000,0.6667,0.3378,1.0000,1.0000,0.0000,2.1340,0.7239
322,COMPLEX,LEADER HEAR OPTIMAL DEBT,1,0.2493,0.0000,0.6667,0.2465,1.0000,1.0000,0.0000,-2.2273,0.7002
323,SMALL STRANGER,RUN,0,1.3106,1.0000,1.0000,0.0528,1.0000,1.0000,1.0000,5.3724,0.7307
324,HOME,GROW,0,1.2533,1.0000,0.6667,0.2667,1.0000,1.0000,0.0000,1.9739,0.7568
325,CITY,FALL,0,1.2676,1.0000,0.6667,0.3378,1.0000,1.0000,0.0000,2.0121,0.7824
326,ROOM,BURN,0,1.2314,1.0000,0.6667,0.1570,1.0000,1.0000,0.0000,2.0998,0.8048
327,DORMANT FIRE,BURN,0,1.3080,1.0000,1.0000,0.0398,1.0000,1.0000,1.0000,4.2376,0.8300
328,HEAVY WEAPON,FALL,1,0.3038,0.0000,1.0000,0.0189,1.0000,1.0000,1.0000,-4.2195,0.8037
329,MARKET,GROW,0,1.2480,1.0000,0.6667,0.2399,1.0000,1.0000,0.0000,1.5444,0.8259
330,METAL BURN,BURN,1,0.1009,0.0000,0.3333,0.0045,1.0000,0.0000,0.0000,-4.8931,0.7896
331,HOME,BURN BURN,0,1.2524,1.0000,0.6667,0.2618,1.0000,1.0000,0.0000,1.7041,0.8128
332,SAD GUARD,FALL,1,0.3200,0.0000,1.0000,0.1000,1.0000,1.0000,1.0000,-4.0570,0.7881
333,PATTERN SPREAD,SPREAD,1,0.1053,0.0000,0.3333,0.0264,1.0000,0.0000,0.0000,-5.0261,0.7540
334,RULE SPREAD,SPREAD,1,0.1007,0.0000,0.3333,0.0033,1.0000,0.0000,0.0000,-4.7945,0.7213
335,METAL,BURN BURN,1,0.2030,0.0000,0.6667,0.0149,1.0000,1.0000,0.0000,-2.5990,0.6954
336,DULL CAMERA,FAIL,1,0.3445,0.0000,1.0000,0.2226,1.0000,1.0000,1.0000,-2.7799,0.6779
337,CLOCK,FALL,1,0.2329,0.0000,0.6667,0.1646,1.0000,1.0000,0.0000,-2.1744,0.6556
338,REBELLIOUS,GUARD FALL FALL,1,0.4053,0.0000,1.0000,0.5267,1.0000,1.0000,1.0000,-1.0175,0.6431
339,WOOD,BURN,1,0.2030,0.0000,0.6667,0.0149,1.0000,1.0000,0.0000,-2.2818,0.6211
340,BROKEN FIRE,FALL,0,1.3095,1.0000,1.0000,0.0477,1.0000,1.0000,1.0000,5.9055,0.6555
341,MAN ATTACK SHARP DIRTY,BOOK,1,0.3312,0.0000,1.0000,0.1559,1.0000,1.0000,1.0000,-5.2838,0.6393
342,CONNECTED WOOD BURN BURN,MOVE DIRTY BRIDGE,0,1.2719,1.0000,0.8889,0.0264,1.0000,0.6667,1.0000,8.7132,0.6709
343,DORMANT SENSOR,FAIL,0,1.3312,1.0000,1.0000,0.1559,1.0000,1.0000,1.0000,5.5273,0.7039
344,CITY,GROW,0,1.2480,1.0000,0.6667,0.2399,1.0000,1.0000,0.0000,2.0178,0.7311
345,CITY,FAIL,0,1.2513,1.0000,0.6667,0.2567,1.0000,1.0000,0.0000,1.9359,0.7572
346,SECRET ALGORITHM,GROW,0,1.3493,1.0000,1.0000,0.2465,1.0000,1.0000,1.0000,4.8508,0.7868
347,RULE SPREAD,GROW,1,0.2531,0.0000,0.6667,0.2654,1.0000,1.0000,0.0000,-4.1550,0.7601
348,STRANGER,BURN,1,0.2314,0.0000,0.6667,0.1570,1.0000,1.0000,0.0000,-2.4370,0.7336
349,SIGNAL,GROW,1,0.2522,0.0000,0.6667,0.2610,1.0000,1.0000,0.0000,-2.4596,0.7096
350,PRISON,GROW,0,1.2306,1.0000,0.6667,0.1532,1.0000,1.0000,0.0000,1.8975,0.7356
351,CAT CARRY,WOOD,1,0.2127,0.0000,0.6667,0.0636,1.0000,1.0000,0.0000,-3.7966,0.7095
352,CAMERA UPDATE DIRTY ORDERED POISON MOVE,CHAOTIC MAP,1,0.2617,0.0000,0.7667,0.1585,0.8000,1.0000,0.5000,-7.9762,0.6871
353,ROAD,BURN BURN,0,1.2272,1.0000,0.6667,0.1362,1.0000,1.0000,0.0000,2.2168,0.7141
354,PATTERN,SPREAD,1,0.2312,0.0000,0.6667,0.1559,1.0000,1.0000,0.0000,-2.4988,0.6900
355,HOME,BURN FALL,0,1.2537,1.0000,0.6667,0.2685,1.0000,1.0000,0.0000,1.9803,0.7181
356,LAW,SPREAD,1,0.2033,0.0000,0.6667,0.0163,1.0000,1.0000,0.0000,-2.7481,0.6924
357,MOUNTAIN,BURN,0,1.2049,1.0000,0.6667,0.0243,1.0000,1.0000,0.0000,2.2650,0.7180
358,CHAOTIC ENGINE,FALL FALL,0,1.3057,1.0000,1.0000,0.0286,1.0000,1.0000,1.0000,5.3921,0.7474
359,WOMAN CARRY CLOCK HELP INSECT EAT,SIMPLE WEAPON,0,1.3086,1.0000,0.9444,0.1264,0.8333,1.0000,1.0000,13.1111,0.7755
360,PRISON,SPREAD,0,1.2032,1.0000,0.6667,0.0162,1.0000,1.0000,0.0000,1.5263,0.7969
361,SLOW CLOCK,FAIL,1,0.3465,0.0000,1.0000,0.2327,1.0000,1.0000,1.0000,-3.9960,0.7743
362,METAL,BURN,1,0.2030,0.0000,0.6667,0.0149,1.0000,1.0000,0.0000,-3.0496,0.7458
363,CAR,HEAR ISOLATED BORDER SEE WEAK HORSE,1,0.3009,0.0000,1.0000,0.0046,1.0000,1.0000,1.0000,-2.2889,0.7235
364,MARKET,BURN,0,1.2567,1.0000,0.6667,0.2836,1.0000,1.0000,0.0000,1.8652,0.7502
365,AUTOMATED CAR MOVE CORRUPTED COMPUTER,FAIL FALL FAIL FALL,1,0.2949,0.0000,0.9333,0.0743,1.0000,0.8000,1.0000,-8.1901,0.7274
366,CORRUPTED DEBT,GROW,0,1.4000,1.0000,1.0000,0.5000,1.0000,1.0000,1.0000,6.1994,0.7610
367,ALGORITHM GROW,GROW,1,0.1165,0.0000,0.3333,0.0825,1.0000,0.0000,0.0000,-4.2955,0.7288
368,SHARP NETWORK,SPREAD,0,1.3039,1.0000,1.0000,0.0193,1.0000,1.0000,1.0000,4.7665,0.7576
369,TRAPPED WOMAN FOLLOW VAST COMPLEX,PLAN BUILD TOOL,0,1.3060,1.0000,1.0000,0.0299,1.0000,1.0000,1.0000,10.5448,0.7850
370,TOOL,FALL,1,0.2051,0.0000,0.6667,0.0257,1.0000,1.0000,0.0000,-2.8542,0.7560
371,HAPPY,CAT RUN,1,0.3702,0.0000,1.0000,0.3509,1.0000,1.0000,1.0000,-1.9713,0.7367
372,DRONE,FALL FALL,1,0.2443,0.0000,0.6667,0.2215,1.0000,1.0000,0.0000,-2.4593,0.7121
373,VAST PRISON,GROW,0,1.3221,1.0000,1.0000,0.1106,1.0000,1.0000,1.0000,4.7819,0.7426
374,FAMOUS PRISON,RUN,0,1.3797,1.0000,1.0000,0.3987,1.0000,1.0000,1.0000,4.4186,0.7744
375,CLEAN PRISON,GROW,0,1.3357,1.0000,1.0000,0.1786,1.0000,1.0000,1.0000,4.1075,0.8025
376,CAR SEE HOME SEE STRANGER FAIL,HEAR ASHAMED LEADER,1,0.2209,0.0000,0.7222,0.0212,0.6667,0.5000,1.0000,-12.2915,0.7734
377,CLEAN MARKET,SPREAD,0,1.3019,1.0000,1.0000,0.0095,1.0000,1.0000,1.0000,3.7707,0.7999
378,OPTIMAL ROBOT,GENERATE TIME FALL,0,1.3069,1.0000,1.0000,0.0345,1.0000,1.0000,1.0000,4.1979,0.8252
379,TRAPPED,ELDER GROW GROW,1,0.4569,0.0000,1.0000,0.7846,1.0000,1.0000,1.0000,-1.7571,0.8068
380,ENCRYPTED SIGNAL,SPREAD,0,1.3208,1.0000,1.0000,0.1040,1.0000,1.0000,1.0000,4.6218,0.8325
381,REBELLIOUS GUARD WANT TOOL CHOOSE HOME,FALL,1,0.3365,0.0000,1.0000,0.1825,1.0000,1.0000,1.0000,-11.3203,0.8077
382,DIRTY PRISON,FAIL,0,1.3184,1.0000,1.0000,0.0918,1.0000,1.0000,1.0000,3.4898,0.8332
383,MEMORY,FAIL,1,0.2168,0.0000,0.6667,0.0840,1.0000,1.0000,0.0000,-3.0806,0.8024
384,METAL,FALL,1,0.2000,0.0000,0.6667,0.0000,1.0000,1.0000,0.0000,-3.2689,0.7723
385,RIVER,GROW,0,1.2239,1.0000,0.6667,0.1197,1.0000,1.0000,0.0000,1.7282,0.7949
386,DENSE,FIRE MOVE CORRUPTED BROKEN COMPUTER MOVE FOREST MOVE TRAPPED ELDER MOVE DULL GUARD MOVE WEAK,0,1.3235,1.0000,1.0000,0.1177,1.0000,1.0000,1.0000,2.4393,0.8213
387,CITY,BURN,0,1.2567,1.0000,0.6667,0.2836,1.0000,1.0000,0.0000,1.4838,0.8431
388,SENSOR,FALL,1,0.2412,0.0000,0.6667,0.2058,1.0000,1.0000,0.0000,-3.0766,0.8130
389,SMALL WOLF KNOW PRISON ATTACK DEAD,LEADER,1,0.2972,0.0000,0.9333,0.0862,0.8000,1.0000,1.0000,-11.6369,0.7872
390,PRISON,FAIL,0,1.2189,1.0000,0.6667,0.0944,1.0000,1.0000,0.0000,1.3800,0.8088
391,DOG MOVE ISOLATED PRISON,RUN,1,0.2823,0.0000,0.8889,0.0783,1.0000,0.6667,1.0000,-7.0635,0.7825
392,ORDERED,CROWD GROW,1,0.3509,0.0000,1.0000,0.2546,1.0000,1.0000,1.0000,-2.1630,0.7609
393,BROKEN FIRE,FALL,0,1.3095,1.0000,1.0000,0.0477,1.0000,1.0000,1.0000,4.4701,0.7883
394,DULL,WOLF FALL,1,0.4686,0.0000,1.0000,0.8430,1.0000,1.0000,1.0000,-1.4781,0.7723
395,CALM STRANGER BREAK OBEDIENT ISOLATED,CROWD,1,0.2247,0.0000,0.6667,0.1233,0.0000,1.0000,1.0000,-9.8249,0.7449
396,FAMOUS CAT,BURN,1,0.3422,0.0000,1.0000,0.2108,1.0000,1.0000,1.0000,-3.0729,0.7248
397,WOMAN HELP FREE CALM,WOLF,0,1.2725,1.0000,0.8889,0.0291,0.6667,1.0000,1.0000,8.2301,0.7522
398,POISON BURN,FALL,1,0.1755,0.0000,0.5556,0.0443,1.0000,0.6667,0.0000,-4.3672,0.7234
399,HOME,BURN,0,1.2524,1.0000,0.6667,0.2618,1.0000,1.0000,0.0000,1.8477,0.7498
400,PRISON,BURN SPREAD,0,1.2105,1.0000,0.6667,0.0526,1.0000,1.0000,0.0000,1.4485,0.7728
401,BRIDGE,FALL,0,1.2312,1.0000,0.6667,0.1559,1.0000,1.0000,0.0000,1.9722,0.7958
402,DORMANT WOMAN,FALL,0,1.3270,1.0000,1.0000,0.1349,1.0000,1.0000,1.0000,3.9304,0.8223
403,TRUSTED,CAT RUN,1,0.3754,0.0000,1.0000,0.3770,1.0000,1.0000,1.0000,-2.1109,0.8000
404,CITY,FALL,0,1.2676,1.0000,0.6667,0.3378,1.0000,1.0000,0.0000,1.5639,0.8234
405,CLEAN DOG MOVE SEED RUN FORGET,COMPUTER,0,1.3247,1.0000,1.0000,0.1235,1.0000,1.0000,1.0000,10.5342,0.8484
406,OPTIMAL ROBOT,FALL,0,1.3654,1.0000,1.0000,0.3268,1.0000,1.0000,1.0000,4.0128,0.8743
407,LEADER HEAR CALM ASHAMED GUARD FALL,BUILD DULL MAP,1,0.2560,0.0000,0.8500,0.0048,1.0000,0.8000,0.7500,-11.8007,0.8433
408,CROWD FALL SPREAD KNOW FOREST KNOW,HAPPY BIRD,1,0.2944,0.0000,0.9333,0.0719,0.8000,1.0000,1.0000,-11.6551,0.8159
409,BRIDGE,BURN,0,1.2277,1.0000,0.6667,0.1383,1.0000,1.0000,0.0000,1.7306,0.8365
410,DOG ATTACK DORMANT TRAPPED ELDER,BURN,1,0.3264,0.0000,1.0000,0.1318,1.0000,1.0000,1.0000,-8.7684,0.8110
411,WOMAN HELP DOG WANT COMPLEX OUTCAST,ELDER RUN BREAK DORMANT GUARD BURN BURN,1,0.2395,0.0000,0.7778,0.0309,0.3333,1.0000,1.0000,-12.9446,0.7824
412,WATER,BURN BURN,1,0.2030,0.0000,0.6667,0.0149,1.0000,1.0000,0.0000,-3.1701,0.7534
413,STRONG BIRD BUILD SLOW DENSE PHONE,EAT WOOD,1,0.2788,0.0000,0.8889,0.0607,1.0000,0.6667,1.0000,-10.9445,0.7297
414,SENSOR UPDATE SLOW COMPUTER FALL HEAR,DORMANT POWER,1,0.3528,0.0000,1.0000,0.2641,1.0000,1.0000,1.0000,-6.5933,0.7109
415,MOUNTAIN,FALL,0,1.2019,1.0000,0.6667,0.0097,1.0000,1.0000,0.0000,2.1122,0.7354
416,ROAD,FALL,0,1.2333,1.0000,0.6667,0.1667,1.0000,1.0000,0.0000,2.0079,0.7603
417,ISOLATED ROAD,SPREAD,0,1.3813,1.0000,1.0000,0.4063,1.0000,1.0000,1.0000,4.3754,0.7914
418,SECRET TRUTH SPREAD GROW SPREAD,SPREAD,1,0.2521,0.0000,0.8333,0.0104,1.0000,0.5000,1.0000,-6.6286,0.7644
419,ROAD,FALL,0,1.2333,1.0000,0.6667,0.1667,1.0000,1.0000,0.0000,1.8524,0.7878
420,TRUSTED HORSE TRADE OBEDIENT PROUD STRANGER,BURN,1,0.3454,0.0000,1.0000,0.2268,1.0000,1.0000,1.0000,-8.2143,0.7657
421,ERROR,GROW,1,0.2465,0.0000,0.6667,0.2327,1.0000,1.0000,0.0000,-2.5771,0.7398
422,ISOLATED,DOG FALL,1,0.4381,0.0000,1.0000,0.6905,1.0000,1.0000,1.0000,-1.1484,0.7247
423,ROOM,FALL,0,1.2293,1.0000,0.6667,0.1464,1.0000,1.0000,0.0000,2.3259,0.7499
424,MOUNTAIN,BURN,0,1.2049,1.0000,0.6667,0.0243,1.0000,1.0000,0.0000,1.8906,0.7727
425,ERROR,SPREAD,1,0.2312,0.0000,0.6667,0.1559,1.0000,1.0000,0.0000,-2.7421,0.7456
426,DULL INSECT,HEAR FAST SOLDIER GROW HEAR DORMANT AUTOMATED SOLDIER GROW,0,1.2717,1.0000,0.8333,0.1087,0.6667,1.0000,0.8333,4.6563,0.7719
427,CLOCK HEAR WOMAN UPDATE SENSOR ENCODE,TRUTH MOVE TOOL FALL UPDATE SECRET CHANCE,0,1.2681,1.0000,0.8796,0.0212,0.8889,0.7500,1.0000,10.7687,0.7967
428,DEAD STONE,FALL,0,1.3385,1.0000,1.0000,0.1923,1.0000,1.0000,1.0000,4.1861,0.8238
429,FOREST,BURN,0,1.2024,1.0000,0.6667,0.0119,1.0000,1.0000,0.0000,1.7664,0.8427
430,METAL,FALL,1,0.2000,0.0000,0.6667,0.0000,1.0000,1.0000,0.0000,-3.4910,0.8106
431,PLAN UPDATE ALGORITHM,UPDATE ISOLATED BORDER UPDATE ISOLATED SECRET BORDER,0,1.1765,1.0000,0.5833,0.0075,0.7500,0.0000,1.0000,3.8544,0.8289
432,DENSE GUARD,GROW,0,1.3131,1.0000,1.0000,0.0653,1.0000,1.0000,1.0000,3.9916,0.8531
433,CITY,FALL,0,1.2676,1.0000,0.6667,0.3378,1.0000,1.0000,0.0000,1.3139,0.8738
434,IDENTITY,GROW,1,0.2721,0.0000,0.6667,0.3604,1.0000,1.0000,0.0000,-3.1454,0.8437
435,SEED MOVE OUTCAST BIG ELDER,MOVE BOOK,1,0.1941,0.0000,0.6000,0.0704,0.8000,0.0000,1.0000,-9.6535,0.8112
436,FAMOUS CITY,GROW,0,1.3669,1.0000,1.0000,0.3346,1.0000,1.0000,1.0000,3.7120,0.8390
437,CHANCE GROW,SPREAD,1,0.2231,0.0000,0.6667,0.1153,1.0000,1.0000,0.0000,-4.6319,0.8082
438,ISOLATED CITY,BURN,0,1.3353,1.0000,1.0000,0.1765,1.0000,1.0000,1.0000,3.3090,0.8346
439,ENCRYPTED SOLDIER BURN,BUILD ROBOT HEAR CLEAN TRAPPED SOLDIER FALL,0,1.2157,1.0000,0.7111,0.0116,0.5000,0.8333,0.8000,4.3632,0.8536
440,TRAPPED INSECT,SPREAD,0,1.3532,1.0000,1.0000,0.2659,1.0000,1.0000,1.0000,4.1242,0.8786
441,DENSE DOG,BURN,0,1.3211,1.0000,1.0000,0.1056,1.0000,1.0000,1.0000,3.3925,0.9007
442,DENSE,DRONE ENCODE SECRET ENCRYPTED RULE,0,1.4258,1.0000,1.0000,0.6291,1.0000,1.0000,1.0000,2.1952,0.9270
443,DULL ROBOT UPDATE,DORMANT BREAK BROKEN GUARD,0,1.3796,1.0000,1.0000,0.3981,1.0000,1.0000,1.0000,4.5886,0.9496
444,MARKET,SPREAD,0,1.2032,1.0000,0.6667,0.0162,1.0000,1.0000,0.0000,0.8925,0.9623
445,FOREST,BURN,0,1.2024,1.0000,0.6667,0.0119,1.0000,1.0000,0.0000,1.0587,0.9743
446,KEY,GROW,1,0.2157,0.0000,0.6667,0.0787,1.0000,1.0000,0.0000,-4.0372,0.9364
447,TIME SPREAD GROW SPREAD SPREAD,GROW SPREAD,1,0.1048,0.0000,0.3333,0.0238,1.0000,0.0000,0.0000,-12.5511,0.8948
448,PATTERN,FAIL,1,0.2000,0.0000,0.6667,0.0000,1.0000,1.0000,0.0000,-3.8283,0.8601
449,FOOD BURN,FALL,1,0.1704,0.0000,0.5556,0.0185,1.0000,0.6667,0.0000,-5.0390,0.8256
450,DENSE LEADER,BUILD STRONG KEY,0,1.3055,1.0000,1.0000,0.0273,1.0000,1.0000,1.0000,3.5310,0.8496
451,ACTIVE,SOLDIER HEAR WEAK WEAK COMPUTER,1,0.3316,0.0000,1.0000,0.1581,1.0000,1.0000,1.0000,-2.5666,0.8237
452,PRISON,FAIL,0,1.2189,1.0000,0.6667,0.0944,1.0000,1.0000,0.0000,1.2527,0.8434
453,BRIDGE,BURN,0,1.2277,1.0000,0.6667,0.1383,1.0000,1.0000,0.0000,1.5322,0.8626
454,ASHAMED WOMAN BUILD PRISON CHOOSE CROWD,BURN EAT WATER BUILD BIG FOOD,1,0.2823,0.0000,0.8889,0.0783,1.0000,0.6667,1.0000,-11.9053,0.8336
455,TRAPPED,MAN RUN,1,0.4643,0.0000,1.0000,0.8213,1.0000,1.0000,1.0000,-1.7912,0.8152
456,DOG,FALL,1,0.2257,0.0000,0.6667,0.1286,1.0000,1.0000,0.0000,-2.8016,0.7857
457,PRISON,BURN,0,1.2489,1.0000,0.6667,0.2443,1.0000,1.0000,0.0000,1.4706,0.8088
458,OUTCAST WOMAN,FALL,0,1.3216,1.0000,1.0000,0.1078,1.0000,1.0000,1.0000,3.7108,0.8345
459,FOREST,FALL,0,1.2106,1.0000,0.6667,0.0528,1.0000,1.0000,0.0000,1.5619,0.8533
460,DENSE CAR HEAR ELDER,FALL SEE TOOL,1,0.2482,0.0000,0.7667,0.0912,0.8000,0.5000,1.0000,-9.3294,0.8230
461,ROOM,FALL,0,1.2293,1.0000,0.6667,0.1464,1.0000,1.0000,0.0000,1.7850,0.8433
462,MOUNTAIN,BURN,0,1.2049,1.0000,0.6667,0.0243,1.0000,1.0000,0.0000,1.4410,0.8614
463,OBEDIENT WOMAN HELP SMALL,BIG CAT,1,0.2735,0.0000,0.8222,0.1340,0.6667,1.0000,0.8000,-7.9987,0.8320
464,DENSE,DRONE GENERATE RULE,1,0.4205,0.0000,1.0000,0.6026,1.0000,1.0000,1.0000,-1.5990,0.8114
465,CHAOTIC PRISON,FALL FALL BURN,0,1.3368,1.0000,1.0000,0.1840,1.0000,1.0000,1.0000,3.7333,0.8377
466,COMPLEX,CAR FALL,1,0.3691,0.0000,1.0000,0.3457,1.0000,1.0000,1.0000,-2.2974,0.8143
467,STRONG CAT KNOW,HEAVY MAP,1,0.3183,0.0000,1.0000,0.0913,1.0000,1.0000,1.0000,-5.9942,0.7895
468,DEAD CAT,FALL BURN,0,1.3321,1.0000,1.0000,0.1605,1.0000,1.0000,1.0000,3.9461,0.8166
469,CROWD CARRY STONE BURN WANT SYSTEM,FORGET NETWORK,0,1.1978,1.0000,0.6111,0.0724,1.0000,0.8333,0.0000,9.2364,0.8357
470,LAW,GROW,1,0.2666,0.0000,0.6667,0.3330,1.0000,1.0000,0.0000,-3.2066,0.8072
471,STONE FALL,FALL,1,0.1000,0.0000,0.3333,0.0000,1.0000,0.0000,0.0000,-5.2677,0.7719
472,PRISON,SPREAD,0,1.2032,1.0000,0.6667,0.0162,1.0000,1.0000,0.0000,1.2573,0.7934
473,CITY,FALL,0,1.2676,1.0000,0.6667,0.3378,1.0000,1.0000,0.0000,1.4478,0.8171
474,REBELLIOUS,GUARD BURN,1,0.4125,0.0000,1.0000,0.5623,1.0000,1.0000,1.0000,-1.7659,0.7969
475,CROWD FOLLOW BROKEN,LEADER,1,0.2126,0.0000,0.6667,0.0629,0.0000,1.0000,1.0000,-7.0073,0.7677
476,PROUD,STRANGER BUILD CONNECTED DORMANT ROBOT,1,0.3343,0.0000,0.9333,0.2716,1.0000,1.0000,0.8000,-2.1831,0.7460
477,ENGINE,FALL,1,0.2216,0.0000,0.6667,0.1078,1.0000,1.0000,0.0000,-2.7085,0.7198
478,ENCRYPTED ROBOT,GENERATE ISOLATED PATTERN FAIL FALL,0,1.3082,1.0000,1.0000,0.0411,1.0000,1.0000,1.0000,4.5397,0.7492
479,ASHAMED,WOLF RUN,1,0.4445,0.0000,1.0000,0.7225,1.0000,1.0000,1.0000,-1.6752,0.7340
480,VAST CAT,CARRY OPTIMAL DIRTY KEY FOLLOW SIMPLE POWER,0,1.3129,1.0000,1.0000,0.0647,1.0000,1.0000,1.0000,5.2315,0.7629
481,COMPLEX PLAN,UPDATE SECRET TIME,1,0.2695,0.0000,0.8889,0.0143,0.6667,1.0000,1.0000,-4.2769,0.7383
482,OUTCAST POISON,SPREAD,0,1.4000,1.0000,1.0000,0.5000,1.0000,1.0000,1.0000,5.4828,0.7713
483,HOME,FALL,0,1.2564,1.0000,0.6667,0.2818,1.0000,1.0000,0.0000,1.7234,0.7956
484,DORMANT,ELDER MOVE BROKEN SLOW COMPUTER,0,1.3913,1.0000,0.8333,0.7064,1.0000,1.0000,0.5000,2.5571,0.8254
485,ROOM,BURN,0,1.2314,1.0000,0.6667,0.1570,1.0000,1.0000,0.0000,1.7386,0.8457
486,DEAD STRANGER,BURN BURN BURN,0,1.3324,1.0000,1.0000,0.1622,1.0000,1.0000,1.0000,3.5657,0.8700
487,NETWORK,GROW,1,0.2330,0.0000,0.6667,0.1651,1.0000,1.0000,0.0000,-2.9852,0.8382
488,MAN CHOOSE FOREST HELP,SEED TRUST DOG,0,1.1678,1.0000,0.5524,0.0104,0.8571,0.8000,0.0000,5.5531,0.8547
489,NETWORK,HEAR SMALL SMALL ENGINE,1,0.2843,0.0000,0.8889,0.0879,0.6667,1.0000,1.0000,-2.6926,0.8261
490,WOMAN WARN ASHAMED,MAN,0,1.2010,1.0000,0.6667,0.0052,0.0000,1.0000,1.0000,4.8075,0.8449
491,OUTCAST INSECT,GROW,0,1.3429,1.0000,1.0000,0.2143,1.0000,1.0000,1.0000,3.7648,0.8698
492,ENGINE MOVE PRISON,FALL BREAK METAL FALL,0,1.2019,1.0000,0.5833,0.1346,1.0000,0.7500,0.0000,3.4129,0.8864
493,CHAOTIC PRISON,BURN,0,1.3300,1.0000,1.0000,0.1499,1.0000,1.0000,1.0000,2.9725,0.9086
494,STRONG WOMAN,RUN,1,0.3127,0.0000,1.0000,0.0633,1.0000,1.0000,1.0000,-4.9750,0.8788
495,AUTOMATED RULE,SPREAD,0,1.3087,1.0000,1.0000,0.0434,1.0000,1.0000,1.0000,3.5418,0.9003
496,BRIDGE,BURN,0,1.2277,1.0000,0.6667,0.1383,1.0000,1.0000,0.0000,1.2804,0.9166
497,SYSTEM FAIL,FAIL,1,0.1019,0.0000,0.3333,0.0097,1.0000,0.0000,0.0000,-6.0448,0.8759
498,PRISON,FAIL,0,1.2189,1.0000,0.6667,0.0944,1.0000,1.0000,0.0000,0.9513,0.8930
499,DEAD TOOL,GROW GROW BURN BURN,0,1.3654,1.0000,1.0000,0.3268,1.0000,1.0000,1.0000,3.6011,0.9167
500,FIRE,MOVE COMPLEX ENGINE,1,0.3044,0.0000,1.0000,0.0220,1.0000,1.0000,1.0000,-3.1596,0.8861
501,CITY,FALL,0,1.2676,1.0000,0.6667,0.3378,1.0000,1.0000,0.0000,1.1378,0.9051
502,SMALL,ENGINE FAIL FAIL ENCODE PATTERN,1,0.4186,0.0000,1.0000,0.5931,1.0000,1.0000,1.0000,-2.5554,0.8808
503,AUTOMATED CLOCK,UPDATE AUTOMATED TIME GENERATE TRUTH,0,1.2130,1.0000,0.6667,0.0650,1.0000,1.0000,0.0000,2.6150,0.8974
504,DORMANT PHONE,FALL,0,1.3493,1.0000,1.0000,0.2465,1.0000,1.0000,1.0000,3.5105,0.9200
505,CAT,FORGET CONNECTED SEED,1,0.3161,0.0000,1.0000,0.0805,1.0000,1.0000,1.0000,-2.8129,0.8898
506,SECRET ALGORITHM,FAIL,0,1.3051,1.0000,1.0000,0.0257,1.0000,1.0000,1.0000,3.5175,0.9106
507,FAST,SEED FALL,1,0.3771,0.0000,1.0000,0.3853,1.0000,1.0000,1.0000,-2.6433,0.8839
508,CITY,BURN,0,1.2567,1.0000,0.6667,0.2836,1.0000,1.0000,0.0000,1.0934,0.9025
509,ALGORITHM,FAIL,1,0.2000,0.0000,0.6667,0.0000,1.0000,1.0000,0.0000,-3.1530,0.8674
510,PHONE,HEAR BROKEN LEADER,1,0.3182,0.0000,1.0000,0.0911,1.0000,1.0000,1.0000,-2.7662,0.8400
511,SEED BURN,MOVE FOREST MOVE ROAD MOVE KEY,1,0.1529,0.0000,0.5000,0.0144,0.8333,0.6667,0.0000,-5.1982,0.8056
512,SHARP ELDER,FALL BURN,1,0.3412,0.0000,1.0000,0.2058,1.0000,1.0000,1.0000,-4.0523,0.7824
513,CITY,FALL,0,1.2676,1.0000,0.6667,0.3378,1.0000,1.0000,0.0000,1.3580,0.8066
514,AUTOMATED CAR HEAR LIE UPDATE ENCRYPTED,KEY,1,0.2993,0.0000,0.9333,0.0966,0.8000,1.0000,1.0000,-11.2106,0.7813
515,ANGRY LEADER,FALL,0,1.3547,1.0000,1.0000,0.2735,1.0000,1.0000,1.0000,4.7476,0.8099
516,BORDER,SPREAD,1,0.2010,0.0000,0.6667,0.0051,1.0000,1.0000,0.0000,-3.3109,0.7795
517,PROUD,STRANGER FORGET DORMANT CHOICE,1,0.3457,0.0000,1.0000,0.2286,1.0000,1.0000,1.0000,-2.3499,0.7578
518,ROOM,FALL,0,1.2293,1.0000,0.6667,0.1464,1.0000,1.0000,0.0000,1.9840,0.7814
519,CITY,FALL,0,1.2676,1.0000,0.6667,0.3378,1.0000,1.0000,0.0000,1.3108,0.8057
520,REBELLIOUS SOLDIER,ATTACK WATER,0,1.3164,1.0000,1.0000,0.0818,1.0000,1.0000,1.0000,3.7271,0.8312
521,PLAN,UPDATE SOLDIER,0,1.2147,1.0000,0.6667,0.0736,1.0000,1.0000,0.0000,2.0452,0.8504
522,DIRTY MARKET,SPREAD,0,1.3063,1.0000,1.0000,0.0317,1.0000,1.0000,1.0000,3.2662,0.8732
523,AUTOMATED KEY FALL,GROW,1,0.2713,0.0000,0.8889,0.0230,1.0000,0.6667,1.0000,-6.7679,0.8431
524,CORRUPTED LEADER,BURN,0,1.3491,1.0000,1.0000,0.2453,1.0000,1.0000,1.0000,4.1794,0.8684
525,ROAD,GROW FALL,0,1.2271,1.0000,0.6667,0.1356,1.0000,1.0000,0.0000,1.4029,0.8863
526,VAST MAP,FALL BURN,1,0.3180,0.0000,1.0000,0.0902,1.0000,1.0000,1.0000,-5.5537,0.8579
527,MARKET,GROW,0,1.2480,1.0000,0.6667,0.2399,1.0000,1.0000,0.0000,1.3617,0.8774
528,BROKEN ROBOT,FALL FALL,1,0.3329,0.0000,1.0000,0.1646,1.0000,1.0000,1.0000,-4.0277,0.8502
529,SENSOR UPDATE,TIME,1,0.2279,0.0000,0.6667,0.1397,1.0000,1.0000,0.0000,-4.9810,0.8191
530,VAST,STONE BURN,0,1.3111,1.0000,1.0000,0.0555,1.0000,1.0000,1.0000,2.3555,0.8437
531,HEAVY HORSE,HELP SMALL SOLDIER FALL CARRY SIMPLE DORMANT COMPUTER,0,1.2720,1.0000,0.8857,0.0315,0.8000,1.0000,0.8571,3.7415,0.8651
532,CITY,BURN,0,1.2567,1.0000,0.6667,0.2836,1.0000,1.0000,0.0000,0.9916,0.8847
533,FREE ELDER,TRUST CROWD,0,1.2045,1.0000,0.6667,0.0226,0.0000,1.0000,1.0000,2.6586,0.9007
534,CAT SEE,BROKEN SAD GUARD BURN,1,0.2745,0.0000,0.8889,0.0392,0.6667,1.0000,1.0000,-5.0305,0.8694
535,DENSE SOLDIER,BREAK SIMPLE BROKEN ROBOT,0,1.3014,1.0000,1.0000,0.0070,1.0000,1.0000,1.0000,3.2676,0.8910
536,STONE,BURN,1,0.2030,0.0000,0.6667,0.0149,1.0000,1.0000,0.0000,-3.5534,0.8566
537,SECRET CITY,GROW,0,1.3305,1.0000,1.0000,0.1526,1.0000,1.0000,1.0000,2.9979,0.8803
538,CITY,BURN,0,1.2567,1.0000,0.6667,0.2836,1.0000,1.0000,0.0000,0.9309,0.8991
539,DENSE FIRE,MOVE DULL ENGINE,1,0.3054,0.0000,1.0000,0.0270,1.0000,1.0000,1.0000,-4.7933,0.8694
540,GUARD,BREAK SHARP TOOL,1,0.3138,0.0000,1.0000,0.0692,1.0000,1.0000,1.0000,-2.8832,0.8416
541,WOMAN HELP DENSE WEAK WOLF BREAK,WOOD WANT OBEDIENT BIRD ASK CLEAN ACTIVE BIRD,0,1.2361,1.0000,0.7774,0.0146,0.6000,0.8571,0.8750,8.2718,0.8614
542,ELDER BUILD CORRUPTED BROKEN,DRONE,0,1.3547,1.0000,1.0000,0.2735,1.0000,1.0000,1.0000,7.5727,0.8860
543,PRISON,FALL,0,1.2676,1.0000,0.6667,0.3378,1.0000,1.0000,0.0000,1.0626,0.9051
544,WOMAN BETRAY BIRD IMAGINE ROAD WARN,CROWD,1,0.1704,0.0000,0.5333,0.0519,0.6000,1.0000,0.0000,-17.1287,0.8684
545,BOOK,SPREAD,1,0.2120,0.0000,0.6667,0.0598,1.0000,1.0000,0.0000,-3.6799,0.8355
546,FREE BIRD,TALK HELP WOMAN,1,0.2676,0.0000,0.8889,0.0046,0.6667,1.0000,1.0000,-4.7692,0.8071
547,CHAOTIC ROAD,BURN FALL,0,1.3434,1.0000,1.0000,0.2172,1.0000,1.0000,1.0000,4.1198,0.8340
548,WEAPON,BURN,1,0.2049,0.0000,0.6667,0.0247,1.0000,1.0000,0.0000,-3.4791,0.8025
549,FAST,STRANGER BURN,1,0.3607,0.0000,1.0000,0.3036,1.0000,1.0000,1.0000,-2.3718,0.7804
550,ISOLATED HOME,BURN,0,1.3109,1.0000,1.0000,0.0544,1.0000,1.0000,1.0000,3.6741,0.8069
551,CITY,FALL,0,1.2676,1.0000,0.6667,0.3378,1.0000,1.0000,0.0000,1.0443,0.8300
552,CORRUPTED PLAN,UPDATE OPTIMAL CAR,0,1.3343,1.0000,0.8889,0.3383,1.0000,1.0000,0.6667,4.2747,0.8552
553,CITY,BURN,0,1.2567,1.0000,0.6667,0.2836,1.0000,1.0000,0.0000,0.9069,0.8753
554,PRISON,FALL,0,1.2676,1.0000,0.6667,0.3378,1.0000,1.0000,0.0000,1.0553,0.8949
555,PROUD,STRANGER FALL FORGET CLEAN TRAPPED CAT,0,1.3573,1.0000,0.9333,0.3863,1.0000,1.0000,0.8000,2.6326,0.9180
556,CITY,FALL,0,1.2676,1.0000,0.6667,0.3378,1.0000,1.0000,0.0000,0.7717,0.9355
557,CITY,BURN,0,1.2567,1.0000,0.6667,0.2836,1.0000,1.0000,0.0000,0.6800,0.9515
558,DEBT GROW,SPREAD,1,0.2036,0.0000,0.6667,0.0181,1.0000,1.0000,0.0000,-5.9976,0.9141
559,LEADER BREAK ISOLATED HEAVY,BOOK BUILD SEED FALL,1,0.2805,0.0000,0.9167,0.0274,1.0000,0.7500,1.0000,-8.2691,0.8825
560,PATTERN,SPREAD,1,0.2312,0.0000,0.6667,0.1559,1.0000,1.0000,0.0000,-3.7929,0.8499
561,BRIDGE,FALL,0,1.2312,1.0000,0.6667,0.1559,1.0000,1.0000,0.0000,1.5484,0.8690
562,TRAPPED,MAN SEE FREE CAT BURN,1,0.3562,0.0000,0.6667,0.7810,1.0000,1.0000,0.0000,-2.6647,0.8433
563,STONE,BURN,1,0.2030,0.0000,0.6667,0.0149,1.0000,1.0000,0.0000,-3.5005,0.8113
564,HEAVY DOG,BURN,0,1.3168,1.0000,1.0000,0.0842,1.0000,1.0000,1.0000,4.0599,0.8366
565,OPTIMAL SYSTEM,FAIL,0,1.3047,1.0000,1.0000,0.0237,1.0000,1.0000,1.0000,3.8378,0.8600
566,DIRTY PRISON,FALL,0,1.3592,1.0000,1.0000,0.2959,1.0000,1.0000,1.0000,3.1642,0.8849
567,BOOK,SPREAD,1,0.2120,0.0000,0.6667,0.0598,1.0000,1.0000,0.0000,-4.0335,0.8513
568,ELDER,BREAK SENSOR BETRAY CROWD FALL FALL BREAK KEY BETRAY DOG BREAK SEED FALL,1,0.1825,0.0000,0.5714,0.0556,0.7143,1.0000,0.0000,-3.5506,0.8179
569,MAN BUILD HEAVY TRAPPED,BIRD,1,0.2696,0.0000,0.8889,0.0145,0.6667,1.0000,1.0000,-8.7124,0.7904
570,CLOCK ENCODE,CORRUPTED SIGNAL,1,0.3094,0.0000,1.0000,0.0471,1.0000,1.0000,1.0000,-3.8627,0.7664
571,WOMAN BUILD TRAPPED SLOW,ELDER TALK BURN RUN,1,0.1837,0.0000,0.6111,0.0020,0.0000,0.8333,1.0000,-9.2767,0.7373
572,SHARP MAP SPREAD,SPREAD,1,0.2055,0.0000,0.6667,0.0273,1.0000,0.0000,1.0000,-6.6446,0.7107
573,REBELLIOUS,GUARD FALL FALL,1,0.4053,0.0000,1.0000,0.5267,1.0000,1.0000,1.0000,-1.4323,0.6954
574,AUTOMATED GUARD SEE ASHAMED DORMANT,LEADER,1,0.2422,0.0000,0.6667,0.2109,0.0000,1.0000,1.0000,-8.9779,0.6727
575,CITY,BURN,0,1.2567,1.0000,0.6667,0.2836,1.0000,1.0000,0.0000,1.1184,0.7019
576,CITY,FALL,0,1.2676,1.0000,0.6667,0.3378,1.0000,1.0000,0.0000,1.0648,0.7302
577,CITY,SPREAD,0,1.2032,1.0000,0.6667,0.0162,1.0000,1.0000,0.0000,0.8893,0.7539
578,PRISON,BURN,0,1.2489,1.0000,0.6667,0.2443,1.0000,1.0000,0.0000,1.2849,0.7786
579,OPTIMAL LANGUAGE,SPREAD,0,1.3039,1.0000,1.0000,0.0193,1.0000,1.0000,1.0000,4.5450,0.8049
580,IDENTITY GROW,GROW,1,0.1304,0.0000,0.3333,0.1521,1.0000,0.0000,0.0000,-5.8263,0.7712
581,CITY,FALL,0,1.2676,1.0000,0.6667,0.3378,1.0000,1.0000,0.0000,0.8913,0.7960
582,SHARP SENSOR MOVE ROBOT MOVE PRISON,GENERATE ERROR UPDATE SECRET COMPLEX CAR FALL,0,1.2838,1.0000,0.9028,0.0647,0.8750,0.8333,1.0000,10.0227,0.8204
583,DORMANT WOMAN,FALL,0,1.3270,1.0000,1.0000,0.1349,1.0000,1.0000,1.0000,3.6496,0.8457
584,CAMERA MOVE FIRE,FAIL HEAR BROKEN LEADER,1,0.3127,0.0000,1.0000,0.0633,1.0000,1.0000,1.0000,-6.6480,0.8190
585,CAT RUN,EAT BIG CAT,0,1.1672,1.0000,0.5556,0.0025,0.0000,0.6667,1.0000,2.9642,0.8365
586,PROUD,STRANGER RUN,1,0.3810,0.0000,1.0000,0.4051,1.0000,1.0000,1.0000,-2.5339,0.8137
587,CITY,FALL,0,1.2676,1.0000,0.6667,0.3378,1.0000,1.0000,0.0000,0.7468,0.8364
588,CORRUPTED PHONE,MOVE OBEDIENT STRANGER,1,0.3117,0.0000,1.0000,0.0584,1.0000,1.0000,1.0000,-4.4159,0.8101
589,OUTCAST WOLF,FALL SEE CORRUPTED SMALL LEADER HELP FAMOUS INSECT,0,1.2361,1.0000,0.6667,0.1804,0.3333,1.0000,0.6667,3.3216,0.8314
590,CITY,FALL,0,1.2676,1.0000,0.6667,0.3378,1.0000,1.0000,0.0000,0.6935,0.8532
591,BROKEN BOOK,GROW,0,1.3601,1.0000,1.0000,0.3006,1.0000,1.0000,1.0000,4.7606,0.8786
592,PRISON,SPREAD,0,1.2032,1.0000,0.6667,0.0162,1.0000,1.0000,0.0000,0.8395,0.8948
593,PATTERN,FAIL,1,0.2000,0.0000,0.6667,0.0000,1.0000,1.0000,0.0000,-4.2697,0.8601
594,DEAD DOG,BURN,0,1.3239,1.0000,1.0000,0.1195,1.0000,1.0000,1.0000,3.3172,0.8833
595,CITY,BURN,0,1.2567,1.0000,0.6667,0.2836,1.0000,1.0000,0.0000,0.5582,0.9019
596,RIVER,FALL,0,1.2051,1.0000,0.6667,0.0257,1.0000,1.0000,0.0000,1.2438,0.9171
597,NETWORK,HEAR ISOLATED TRUSTED CAT HEAR HAPPY CHILD HELP BIRD HEAR CAMERA HEAR VAST STRONG DOG,0,1.3141,1.0000,0.9444,0.1536,0.8333,1.0000,1.0000,2.1359,0.9370
598,PRISON,GROW GROW,0,1.2306,1.0000,0.6667,0.1532,1.0000,1.0000,0.0000,0.7627,0.9516
599,PRISON,FALL,0,1.2676,1.0000,0.6667,0.3378,1.0000,1.0000,0.0000,0.8040,0.9674
600,HOME,BURN,0,1.2524,1.0000,0.6667,0.2618,1.0000,1.0000,0.0000,1.0437,0.9817
601,CITY,FALL,0,1.2676,1.0000,0.6667,0.3378,1.0000,1.0000,0.0000,0.4198,0.9960
602,CITY,GROW,0,1.2480,1.0000,0.6667,0.2399,1.0000,1.0000,0.0000,0.3694,1.0086
603,WOLF,FALL SEE OBEDIENT ENCRYPTED CHILD,0,1.2817,1.0000,0.8889,0.0750,0.6667,1.0000,1.0000,1.4570,1.0222
604,MARKET,SPREAD,0,1.2032,1.0000,0.6667,0.0162,1.0000,1.0000,0.0000,0.6577,1.0313
605,SECRET CITY,GROW,0,1.3305,1.0000,1.0000,0.1526,1.0000,1.0000,1.0000,1.6522,1.0462
606,SYSTEM FAIL,FAIL,1,0.1019,0.0000,0.3333,0.0097,1.0000,0.0000,0.0000,-7.5037,0.9990
607,CITY,GROW,0,1.2480,1.0000,0.6667,0.2399,1.0000,1.0000,0.0000,0.3501,1.0115
608,METAL BURN,FALL FALL,1,0.1673,0.0000,0.5556,0.0031,1.0000,0.6667,0.0000,-7.1449,0.9693
609,PRISON,BURN,0,1.2489,1.0000,0.6667,0.2443,1.0000,1.0000,0.0000,0.6921,0.9832
610,KEY,GROW,1,0.2157,0.0000,0.6667,0.0787,1.0000,1.0000,0.0000,-4.7515,0.9449
611,PRISON,FALL,0,1.2676,1.0000,0.6667,0.3378,1.0000,1.0000,0.0000,0.7842,0.9610
612,CITY,GROW,0,1.2480,1.0000,0.6667,0.2399,1.0000,1.0000,0.0000,0.3930,0.9753
613,CITY,BURN,0,1.2567,1.0000,0.6667,0.2836,1.0000,1.0000,0.0000,0.3779,0.9894
614,DIRTY WOLF HEAR WOLF,RUN RUN,1,0.3122,0.0000,1.0000,0.0608,1.0000,1.0000,1.0000,-12.0059,0.9556
615,SYSTEM,GROW GROW,1,0.2504,0.0000,0.6667,0.2519,1.0000,1.0000,0.0000,-3.8997,0.9203
616,STRANGER BUILD OPTIMAL SHARP,DUST HELP WOLF MOVE ELDER,0,1.2515,1.0000,0.8000,0.0577,0.6000,0.8000,1.0000,4.9703,0.9369
617,OUTCAST,LEADER BURN,1,0.4547,0.0000,1.0000,0.7734,1.0000,1.0000,1.0000,-2.1602,0.9127
618,DEAD WOMAN,FALL,0,1.3057,1.0000,1.0000,0.0286,1.0000,1.0000,1.0000,2.6780,0.9324
619,OUTCAST,LEADER BUILD CAMERA,1,0.4595,0.0000,1.0000,0.7977,1.0000,1.0000,1.0000,-2.1548,0.9088
620,WOOD,FALL,1,0.2000,0.0000,0.6667,0.0000,1.0000,1.0000,0.0000,-4.1503,0.8733
621,CITY,BURN,0,1.2567,1.0000,0.6667,0.2836,1.0000,1.0000,0.0000,0.4671,0.8925
622,CITY,FALL,0,1.2676,1.0000,0.6667,0.3378,1.0000,1.0000,0.0000,0.4467,0.9112
623,CITY,BURN,0,1.2567,1.0000,0.6667,0.2836,1.0000,1.0000,0.0000,0.4066,0.9285
624,CITY,FALL,0,1.2676,1.0000,0.6667,0.3378,1.0000,1.0000,0.0000,0.3911,0.9455
625,CITY,GROW,0,1.2480,1.0000,0.6667,0.2399,1.0000,1.0000,0.0000,0.3365,0.9606
626,PRISON,FALL,0,1.2676,1.0000,0.6667,0.3378,1.0000,1.0000,0.0000,0.7496,0.9759
627,CITY,BURN FALL,0,1.2610,1.0000,0.6667,0.3050,1.0000,1.0000,0.0000,0.3008,0.9902
628,RIVER,BURN,0,1.2080,1.0000,0.6667,0.0398,1.0000,1.0000,0.0000,0.9183,1.0011
629,CITY,FALL,0,1.2676,1.0000,0.6667,0.3378,1.0000,1.0000,0.0000,0.2650,1.0144
630,CHANCE,GROW,1,0.2622,0.0000,0.6667,0.3110,1.0000,1.0000,0.0000,-4.5433,0.9768
631,COMPLEX SENSOR,COMPUTE TIME FALL,0,1.3034,1.0000,1.0000,0.0170,1.0000,1.0000,1.0000,3.1489,0.9931
632,SOLDIER BUILD PRISON,HEAR TRAPPED WOLF,1,0.2871,0.0000,0.9333,0.0354,0.8000,1.0000,1.0000,-6.2581,0.9578
633,PRISON,FAIL,0,1.2189,1.0000,0.6667,0.0944,1.0000,1.0000,0.0000,0.6667,0.9709
634,DEAD WOLF,FALL MOVE STONE BURN RUN BURN,0,1.3194,1.0000,1.0000,0.0971,1.0000,1.0000,1.0000,2.5339,0.9883
635,SIGNAL,GROW,1,0.2522,0.0000,0.6667,0.2610,1.0000,1.0000,0.0000,-4.4209,0.9515
636,PRISON,FALL,0,1.2676,1.0000,0.6667,0.3378,1.0000,1.0000,0.0000,0.8112,0.9673
637,CITY,RUN,0,1.2710,1.0000,0.6667,0.3549,1.0000,1.0000,0.0000,0.2678,0.9825
638,DORMANT WOMAN,WANT SIMPLE CAR,0,1.3052,1.0000,1.0000,0.0261,1.0000,1.0000,1.0000,2.3865,0.9986
639,STRANGER,BURN,1,0.2314,0.0000,0.6667,0.1570,1.0000,1.0000,0.0000,-4.0980,0.9603
640,BROKEN,LEADER TALK,1,0.4572,0.0000,1.0000,0.7860,1.0000,1.0000,1.0000,-2.4672,0.9351
641,CITY,GROW,0,1.2480,1.0000,0.6667,0.2399,1.0000,1.0000,0.0000,0.2596,0.9508
642,CLEAN CITY,GROW,0,1.3500,1.0000,1.0000,0.2500,1.0000,1.0000,1.0000,2.1902,0.9707
643,CITY,BURN,0,1.2567,1.0000,0.6667,0.2836,1.0000,1.0000,0.0000,0.2329,0.9850
644,INSECT,HEAR SHARP FAST BIRD,1,0.2006,0.0000,0.6667,0.0031,0.0000,1.0000,1.0000,-4.3681,0.9458
645,WOOD FALL,BURN BURN FALL,1,0.1349,0.0000,0.4444,0.0081,1.0000,0.3333,0.0000,-7.4757,0.9053
646,PRISON,FALL,0,1.2676,1.0000,0.6667,0.3378,1.0000,1.0000,0.0000,0.9302,0.9234
647,MOUNTAIN,FALL,0,1.2019,1.0000,0.6667,0.0097,1.0000,1.0000,0.0000,1.3088,0.9373
648,ISOLATED CITY,BURN,0,1.3353,1.0000,1.0000,0.1765,1.0000,1.0000,1.0000,2.0275,0.9572
649,RIVER,FALL,0,1.2051,1.0000,0.6667,0.0257,1.0000,1.0000,0.0000,1.0445,0.9696
650,CITY,BURN,0,1.2567,1.0000,0.6667,0.2836,1.0000,1.0000,0.0000,0.2162,0.9839
651,PRISON,GROW,0,1.2306,1.0000,0.6667,0.1532,1.0000,1.0000,0.0000,0.6306,0.9963
652,OPTIMAL LAW,GROW,0,1.3559,1.0000,1.0000,0.2794,1.0000,1.0000,1.0000,3.2147,1.0143
653,LANGUAGE,GROW GROW,1,0.2666,0.0000,0.6667,0.3330,1.0000,1.0000,0.0000,-4.7124,0.9769
654,ACTIVE,GUARD FALL BUILD DORMANT OPTIMAL CAMERA MOVE DRONE BURN,1,0.2952,0.0000,0.8333,0.2260,1.0000,1.0000,0.5000,-4.0891,0.9428
655,PRISON,FALL,0,1.2676,1.0000,0.6667,0.3378,1.0000,1.0000,0.0000,0.8132,0.9590
656,TIME,GROW,1,0.2622,0.0000,0.6667,0.3110,1.0000,1.0000,0.0000,-3.9905,0.9242
657,RIVER,FALL,0,1.2051,1.0000,0.6667,0.0257,1.0000,1.0000,0.0000,1.1743,0.9382
658,CITY,FALL,0,1.2676,1.0000,0.6667,0.3378,1.0000,1.0000,0.0000,0.2514,0.9547
659,DEAD TOOL,BURN,0,1.3558,1.0000,1.0000,0.2792,1.0000,1.0000,1.0000,3.0886,0.9748
660,CITY,BURN,0,1.2567,1.0000,0.6667,0.2836,1.0000,1.0000,0.0000,0.2023,0.9889
661,REBELLIOUS STRANGER,EAT TRAPPED BIRD FALL,0,1.2070,1.0000,0.5556,0.2019,0.6667,1.0000,0.0000,1.8237,0.9998
662,DENSE ELDER RUN EAT WEAK DENSE,FIRE,1,0.3121,0.0000,1.0000,0.0604,1.0000,1.0000,1.0000,-14.5286,0.9654
663,CITY,FALL,0,1.2676,1.0000,0.6667,0.3378,1.0000,1.0000,0.0000,0.2160,0.9805
664,CITY,FALL GROW,0,1.2544,1.0000,0.6667,0.2720,1.0000,1.0000,0.0000,0.1897,0.9942
665,MARKET,GROW,0,1.2480,1.0000,0.6667,0.2399,1.0000,1.0000,0.0000,1.0295,1.0069
666,CITY,BURN,0,1.2567,1.0000,0.6667,0.2836,1.0000,1.0000,0.0000,0.1694,1.0194
667,CITY,FALL,0,1.2676,1.0000,0.6667,0.3378,1.0000,1.0000,0.0000,0.1731,1.0318
668,CITY,FALL,0,1.2676,1.0000,0.6667,0.3378,1.0000,1.0000,0.0000,0.1530,1.0436
669,CITY,FALL,0,1.2676,1.0000,0.6667,0.3378,1.0000,1.0000,0.0000,0.1394,1.0548
670,HOME,FALL,0,1.2564,1.0000,0.6667,0.2818,1.0000,1.0000,0.0000,0.8508,1.0648
671,CITY,FALL,0,1.2676,1.0000,0.6667,0.3378,1.0000,1.0000,0.0000,0.1211,1.0750
672,CITY,FALL,0,1.2676,1.0000,0.6667,0.3378,1.0000,1.0000,0.0000,0.1114,1.0846
673,CITY,BURN FALL,0,1.2610,1.0000,0.6667,0.3050,1.0000,1.0000,0.0000,0.1012,1.0934
674,CITY,BURN,0,1.2567,1.0000,0.6667,0.2836,1.0000,1.0000,0.0000,0.0900,1.1016
675,CITY,BURN,0,1.2567,1.0000,0.6667,0.2836,1.0000,1.0000,0.0000,0.0818,1.1094
676,CITY,FALL,0,1.2676,1.0000,0.6667,0.3378,1.0000,1.0000,0.0000,0.0820,1.1173
677,BROKEN,GUARD MOVE POISON,1,0.4476,0.0000,1.0000,0.7382,1.0000,1.0000,1.0000,-3.7776,1.0838
678,TRUSTED HORSE CARRY OPTIMAL HEAVY,CLOCK WANT WOOD,0,1.3052,1.0000,1.0000,0.0261,1.0000,1.0000,1.0000,4.3156,1.0949
679,TRAPPED FIRE,FALL,0,1.3134,1.0000,1.0000,0.0670,1.0000,1.0000,1.0000,2.2570,1.1058
680,CITY,FALL,0,1.2676,1.0000,0.6667,0.3378,1.0000,1.0000,0.0000,0.0737,1.1139
681,CITY,BURN,0,1.2567,1.0000,0.6667,0.2836,1.0000,1.0000,0.0000,0.0626,1.1210
682,CITY,BURN,0,1.2567,1.0000,0.6667,0.2836,1.0000,1.0000,0.0000,0.0581,1.1278
683,CITY,BURN,0,1.2567,1.0000,0.6667,0.2836,1.0000,1.0000,0.0000,0.0551,1.1342
684,CITY,FALL,0,1.2676,1.0000,0.6667,0.3378,1.0000,1.0000,0.0000,0.0551,1.1409
685,DENSE TOOL,BURN,1,0.3030,0.0000,1.0000,0.0149,1.0000,1.0000,1.0000,-7.4732,1.0990
686,CITY,BURN,0,1.2567,1.0000,0.6667,0.2836,1.0000,1.0000,0.0000,0.0619,1.1069
687,PRISON,FALL,0,1.2676,1.0000,0.6667,0.3378,1.0000,1.0000,0.0000,0.4913,1.1149
688,CITY,BURN,0,1.2567,1.0000,0.6667,0.2836,1.0000,1.0000,0.0000,0.0535,1.1220
689,CITY,BURN,0,1.2567,1.0000,0.6667,0.2836,1.0000,1.0000,0.0000,0.0499,1.1288
690,CITY,FALL,0,1.2676,1.0000,0.6667,0.3378,1.0000,1.0000,0.0000,0.0506,1.1357
691,CITY,FALL,0,1.2676,1.0000,0.6667,0.3378,1.0000,1.0000,0.0000,0.0476,1.1423
692,PRISON,FALL,0,1.2676,1.0000,0.6667,0.3378,1.0000,1.0000,0.0000,0.3946,1.1486
693,FAMOUS CITY,SPREAD,0,1.3101,1.0000,1.0000,0.0504,1.0000,1.0000,1.0000,0.9197,1.1566
694,CITY,BURN,0,1.2567,1.0000,0.6667,0.2836,1.0000,1.0000,0.0000,0.0341,1.1616
695,CITY,FALL,0,1.2676,1.0000,0.6667,0.3378,1.0000,1.0000,0.0000,0.0369,1.1669
696,CITY,FALL,0,1.2676,1.0000,0.6667,0.3378,1.0000,1.0000,0.0000,0.0333,1.1720
697,CITY,BURN,0,1.2567,1.0000,0.6667,0.2836,1.0000,1.0000,0.0000,0.0283,1.1762
698,CITY,FALL,0,1.2676,1.0000,0.6667,0.3378,1.0000,1.0000,0.0000,0.0299,1.1808
699,CITY,BURN,0,1.2567,1.0000,0.6667,0.2836,1.0000,1.0000,0.0000,0.0245,1.1846
700,CITY,FALL,0,1.2676,1.0000,0.6667,0.3378,1.0000,1.0000,0.0000,0.0263,1.1887
701,BROKEN,SOLDIER FALL,1,0.4435,0.0000,1.0000,0.7176,1.0000,1.0000,1.0000,-4.6632,1.1515
702,CITY,FALL,0,1.2676,1.0000,0.6667,0.3378,1.0000,1.0000,0.0000,0.0365,1.1573
703,CITY,BURN,0,1.2567,1.0000,0.6667,0.2836,1.0000,1.0000,0.0000,0.0308,1.1622
704,CITY,BURN,0,1.2567,1.0000,0.6667,0.2836,1.0000,1.0000,0.0000,0.0283,1.1670
705,CALM,CHILD SPREAD,1,0.3434,0.0000,1.0000,0.2171,1.0000,1.0000,1.0000,-5.2634,1.1258
706,CITY,RUN,0,1.2710,1.0000,0.6667,0.3549,1.0000,1.0000,0.0000,0.0426,1.1330
707,CITY,BURN,0,1.2567,1.0000,0.6667,0.2836,1.0000,1.0000,0.0000,0.0356,1.1392
708,CITY,BURN,0,1.2567,1.0000,0.6667,0.2836,1.0000,1.0000,0.0000,0.0328,1.1451
709,RIVER,BURN,0,1.2080,1.0000,0.6667,0.0398,1.0000,1.0000,0.0000,0.2998,1.1482
710,CITY,BURN,0,1.2567,1.0000,0.6667,0.2836,1.0000,1.0000,0.0000,0.0292,1.1537
711,CITY,SPREAD,0,1.2032,1.0000,0.6667,0.0162,1.0000,1.0000,0.0000,0.0133,1.1561
712,CITY,GROW,0,1.2480,1.0000,0.6667,0.2399,1.0000,1.0000,0.0000,0.0245,1.1607
713,CITY,BURN,0,1.2567,1.0000,0.6667,0.2836,1.0000,1.0000,0.0000,0.0255,1.1655
714,CITY,FALL,0,1.2676,1.0000,0.6667,0.3378,1.0000,1.0000,0.0000,0.0259,1.1706
715,PRISON,SPREAD,0,1.2032,1.0000,0.6667,0.0162,1.0000,1.0000,0.0000,0.1097,1.1723
716,CITY,FALL,0,1.2676,1.0000,0.6667,0.3378,1.0000,1.0000,0.0000,0.0237,1.1770
717,SECRET CITY,SPREAD,0,1.3020,1.0000,1.0000,0.0101,1.0000,1.0000,1.0000,0.7189,1.1833
718,CITY,BURN,0,1.2567,1.0000,0.6667,0.2836,1.0000,1.0000,0.0000,0.0185,1.1870
719,CITY,BURN,0,1.2567,1.0000,0.6667,0.2836,1.0000,1.0000,0.0000,0.0166,1.1904
720,CITY,FALL,0,1.2676,1.0000,0.6667,0.3378,1.0000,1.0000,0.0000,0.0189,1.1943
721,OUTCAST,LEADER FALL,1,0.4597,0.0000,1.0000,0.7987,1.0000,1.0000,1.0000,-4.5223,1.1576
722,CITY,FALL BURN,0,1.2610,1.0000,0.6667,0.3050,1.0000,1.0000,0.0000,0.0249,1.1627
723,CITY,FALL,0,1.2676,1.0000,0.6667,0.3378,1.0000,1.0000,0.0000,0.0248,1.1680
724,CITY,FALL,0,1.2676,1.0000,0.6667,0.3378,1.0000,1.0000,0.0000,0.0228,1.1730
725,CITY,FALL,0,1.2676,1.0000,0.6667,0.3378,1.0000,1.0000,0.0000,0.0220,1.1777
726,CITY,FALL,0,1.2676,1.0000,0.6667,0.3378,1.0000,1.0000,0.0000,0.0204,1.1822
727,CITY,SPREAD,0,1.2032,1.0000,0.6667,0.0162,1.0000,1.0000,0.0000,0.0047,1.1832
728,TRUSTED WOMAN,FALL,0,1.3544,1.0000,1.0000,0.2721,1.0000,1.0000,1.0000,1.6310,1.1918
729,CITY,GROW,0,1.2480,1.0000,0.6667,0.2399,1.0000,1.0000,0.0000,0.0125,1.1946
730,MARKET,SPREAD,0,1.2032,1.0000,0.6667,0.0162,1.0000,1.0000,0.0000,0.0429,1.1950
731,CITY,BURN,0,1.2567,1.0000,0.6667,0.2836,1.0000,1.0000,0.0000,0.0134,1.1981
732,ROAD,BURN,0,1.2272,1.0000,0.6667,0.1362,1.0000,1.0000,0.0000,0.1615,1.1996
733,CITY,BURN,0,1.2567,1.0000,0.6667,0.2836,1.0000,1.0000,0.0000,0.0125,1.2024
734,CITY,FALL BURN,0,1.2610,1.0000,0.6667,0.3050,1.0000,1.0000,0.0000,0.0129,1.2054
735,CITY,SPREAD,0,1.2032,1.0000,0.6667,0.0162,1.0000,1.0000,0.0000,-0.0005,1.2053
736,CITY,BURN,0,1.2567,1.0000,0.6667,0.2836,1.0000,1.0000,0.0000,0.0108,1.2078
737,MARKET,FALL,0,1.2676,1.0000,0.6667,0.3378,1.0000,1.0000,0.0000,0.2933,1.2108
738,PRISON,GROW,0,1.2306,1.0000,0.6667,0.1532,1.0000,1.0000,0.0000,0.0693,1.2118
739,CITY,FALL,0,1.2676,1.0000,0.6667,0.3378,1.0000,1.0000,0.0000,0.0118,1.2146
740,CITY,FALL BURN,0,1.2610,1.0000,0.6667,0.3050,1.0000,1.0000,0.0000,0.0097,1.2169
741,CITY,BURN,0,1.2567,1.0000,0.6667,0.2836,1.0000,1.0000,0.0000,0.0087,1.2189
742,CITY,FALL,0,1.2676,1.0000,0.6667,0.3378,1.0000,1.0000,0.0000,0.0106,1.2213
743,CITY,BURN BURN,0,1.2567,1.0000,0.6667,0.2836,1.0000,1.0000,0.0000,0.0077,1.2231
744,PRISON,BURN,0,1.2489,1.0000,0.6667,0.2443,1.0000,1.0000,0.0000,0.0911,1.2244
745,CITY,BURN,0,1.2567,1.0000,0.6667,0.2836,1.0000,1.0000,0.0000,0.0069,1.2260
746,CITY,FALL,0,1.2676,1.0000,0.6667,0.3378,1.0000,1.0000,0.0000,0.0088,1.2281
747,CITY,BURN,0,1.2567,1.0000,0.6667,0.2836,1.0000,1.0000,0.0000,0.0061,1.2295
748,CITY,FALL BURN,0,1.2610,1.0000,0.6667,0.3050,1.0000,1.0000,0.0000,0.0068,1.2311
749,FOREST,FALL,0,1.2106,1.0000,0.6667,0.0528,1.0000,1.0000,0.0000,-0.1214,1.2301
750,CITY,FALL,0,1.2676,1.0000,0.6667,0.3378,1.0000,1.0000,0.0000,0.0080,1.2319
751,CITY,BURN,0,1.2567,1.0000,0.6667,0.2836,1.0000,1.0000,0.0000,0.0053,1.2332
752,CITY,BURN,0,1.2567,1.0000,0.6667,0.2836,1.0000,1.0000,0.0000,0.0048,1.2344
753,CITY,BURN,0,1.2567,1.0000,0.6667,0.2836,1.0000,1.0000,0.0000,0.0047,1.2355
754,CITY,FALL,0,1.2676,1.0000,0.6667,0.3378,1.0000,1.0000,0.0000,0.0067,1.2371
755,CITY,BURN,0,1.2567,1.0000,0.6667,0.2836,1.0000,1.0000,0.0000,0.0041,1.2381
756,CITY,FALL,0,1.2676,1.0000,0.6667,0.3378,1.0000,1.0000,0.0000,0.0062,1.2395
757,CITY,FALL,0,1.2676,1.0000,0.6667,0.3378,1.0000,1.0000,0.0000,0.0061,1.2409
758,CITY,BURN FALL,0,1.2610,1.0000,0.6667,0.3050,1.0000,1.0000,0.0000,0.0041,1.2419
759,CITY,FALL,0,1.2676,1.0000,0.6667,0.3378,1.0000,1.0000,0.0000,0.0053,1.2432
760,CITY,GROW,0,1.2480,1.0000,0.6667,0.2399,1.0000,1.0000,0.0000,0.0010,1.2435
761,CITY,BURN FALL,0,1.2610,1.0000,0.6667,0.3050,1.0000,1.0000,0.0000,0.0036,1.2443
762,CITY,BURN,0,1.2567,1.0000,0.6667,0.2836,1.0000,1.0000,0.0000,0.0026,1.2450
763,HOME,BURN,0,1.2524,1.0000,0.6667,0.2618,1.0000,1.0000,0.0000,0.0381,1.2453
764,CITY,GROW,0,1.2480,1.0000,0.6667,0.2399,1.0000,1.0000,0.0000,0.0006,1.2455
765,CITY,FALL,0,1.2676,1.0000,0.6667,0.3378,1.0000,1.0000,0.0000,0.0046,1.2466
766,CITY,FALL,0,1.2676,1.0000,0.6667,0.3378,1.0000,1.0000,0.0000,0.0042,1.2476
767,CITY,FALL,0,1.2676,1.0000,0.6667,0.3378,1.0000,1.0000,0.0000,0.0041,1.2486
768,CITY,SPREAD GROW,0,1.2137,1.0000,0.6667,0.0684,1.0000,1.0000,0.0000,-0.0071,1.2469
769,CITY,FALL,0,1.2676,1.0000,0.6667,0.3378,1.0000,1.0000,0.0000,0.0042,1.2479
770,HAPPY WOLF,HEAR SIMPLE ORDERED RULE,1,0.2956,0.0000,0.9167,0.1031,1.0000,1.0000,0.7500,-9.7615,1.2003
771,CITY,HELP ACTIVE DOG,0,1.3268,1.0000,1.0000,0.1341,1.0000,1.0000,1.0000,0.0252,1.2066
772,CITY,SPREAD,0,1.2032,1.0000,0.6667,0.0162,1.0000,1.0000,0.0000,-0.0007,1.2064
773,CITY,FALL FALL,0,1.2676,1.0000,0.6667,0.3378,1.0000,1.0000,0.0000,0.0121,1.2095
774,CITY,BURN,0,1.2567,1.0000,0.6667,0.2836,1.0000,1.0000,0.0000,0.0094,1.2119
775,CITY,FALL,0,1.2676,1.0000,0.6667,0.3378,1.0000,1.0000,0.0000,0.0108,1.2146
776,CITY,FALL,0,1.2676,1.0000,0.6667,0.3378,1.0000,1.0000,0.0000,0.0102,1.2173
777,PRISON,FAIL,0,1.2189,1.0000,0.6667,0.0944,1.0000,1.0000,0.0000,0.0057,1.2174
778,ROBOT BUILD NETWORK HEAR,ALGORITHM,1,0.2127,0.0000,0.5833,0.1883,0.7500,1.0000,0.0000,-16.5331,1.1671
779,CITY,BURN,0,1.2567,1.0000,0.6667,0.2836,1.0000,1.0000,0.0000,0.0169,1.1716
780,CITY,FALL,0,1.2676,1.0000,0.6667,0.3378,1.0000,1.0000,0.0000,0.0179,1.1764
781,CITY,FALL,0,1.2676,1.0000,0.6667,0.3378,1.0000,1.0000,0.0000,0.0178,1.1810
782,WEAPON,BURN,1,0.2049,0.0000,0.6667,0.0247,1.0000,1.0000,0.0000,-7.4165,1.1322
783,CITY,BURN,0,1.2567,1.0000,0.6667,0.2836,1.0000,1.0000,0.0000,0.0237,1.1384
784,DRONE SEE CITY FAIL,FAIL,1,0.1704,0.0000,0.5000,0.1022,1.0000,0.5000,0.0000,-13.7429,1.0900
785,CITY,BURN,0,1.2567,1.0000,0.6667,0.2836,1.0000,1.0000,0.0000,0.0301,1.0983
786,CITY,FALL BURN,0,1.2610,1.0000,0.6667,0.3050,1.0000,1.0000,0.0000,0.0296,1.1065
787,CITY,FALL,0,1.2676,1.0000,0.6667,0.3378,1.0000,1.0000,0.0000,0.0281,1.1145
788,CITY,GROW,0,1.2480,1.0000,0.6667,0.2399,1.0000,1.0000,0.0000,0.0235,1.1212
789,CITY,BURN,0,1.2567,1.0000,0.6667,0.2836,1.0000,1.0000,0.0000,0.0235,1.1280
790,CITY,BURN FALL,0,1.2610,1.0000,0.6667,0.3050,1.0000,1.0000,0.0000,0.0224,1.1346
791,CITY,BURN FALL,0,1.2610,1.0000,0.6667,0.3050,1.0000,1.0000,0.0000,0.0208,1.1409
792,CITY,BURN,0,1.2567,1.0000,0.6667,0.2836,1.0000,1.0000,0.0000,0.0189,1.1467
793,CITY,SPREAD,0,1.2032,1.0000,0.6667,0.0162,1.0000,1.0000,0.0000,0.0092,1.1496
794,CITY,SPREAD,0,1.2032,1.0000,0.6667,0.0162,1.0000,1.0000,0.0000,0.0083,1.1522
795,CITY,FALL,0,1.2676,1.0000,0.6667,0.3378,1.0000,1.0000,0.0000,0.0189,1.1580
796,CITY,BURN,0,1.2567,1.0000,0.6667,0.2836,1.0000,1.0000,0.0000,0.0156,1.1629
797,CITY,BURN,0,1.2567,1.0000,0.6667,0.2836,1.0000,1.0000,0.0000,0.0142,1.1676
798,CITY,FALL,0,1.2676,1.0000,0.6667,0.3378,1.0000,1.0000,0.0000,0.0151,1.1726
799,CITY,GROW,0,1.2480,1.0000,0.6667,0.2399,1.0000,1.0000,0.0000,0.0122,1.1764
800,CITY,BURN,0,1.2567,1.0000,0.6667,0.2836,1.0000,1.0000,0.0000,0.0123,1.1804
801,CITY,FALL,0,1.2676,1.0000,0.6667,0.3378,1.0000,1.0000,0.0000,0.0127,1.1848
802,CITY,BURN BURN,0,1.2567,1.0000,0.6667,0.2836,1.0000,1.0000,0.0000,0.0105,1.1884
803,CITY,FALL,0,1.2676,1.0000,0.6667,0.3378,1.0000,1.0000,0.0000,0.0111,1.1923
804,PRISON,FALL,0,1.2676,1.0000,0.6667,0.3378,1.0000,1.0000,0.0000,0.2879,1.1961
805,CITY,BURN,0,1.2567,1.0000,0.6667,0.2836,1.0000,1.0000,0.0000,0.0084,1.1991
806,CITY,BURN,0,1.2567,1.0000,0.6667,0.2836,1.0000,1.0000,0.0000,0.0080,1.2020
807,CITY,FALL,0,1.2676,1.0000,0.6667,0.3378,1.0000,1.0000,0.0000,0.0088,1.2053
808,CITY,BURN,0,1.2567,1.0000,0.6667,0.2836,1.0000,1.0000,0.0000,0.0074,1.2078
809,CITY,FALL,0,1.2676,1.0000,0.6667,0.3378,1.0000,1.0000,0.0000,0.0086,1.2108
810,SHARP METAL,FALL,0,1.3014,1.0000,1.0000,0.0068,1.0000,1.0000,1.0000,1.0603,1.2154
811,CITY,FALL,0,1.2676,1.0000,0.6667,0.3378,1.0000,1.0000,0.0000,0.0072,1.2180
812,CITY,FALL,0,1.2676,1.0000,0.6667,0.3378,1.0000,1.0000,0.0000,0.0066,1.2204
813,CITY,FALL,0,1.2676,1.0000,0.6667,0.3378,1.0000,1.0000,0.0000,0.0065,1.2228
814,CITY,GROW,0,1.2480,1.0000,0.6667,0.2399,1.0000,1.0000,0.0000,0.0035,1.2241
815,CITY,FALL,0,1.2676,1.0000,0.6667,0.3378,1.0000,1.0000,0.0000,0.0059,1.2262
816,CITY,FALL,0,1.2676,1.0000,0.6667,0.3378,1.0000,1.0000,0.0000,0.0056,1.2283
817,CITY,SPREAD,0,1.2032,1.0000,0.6667,0.0162,1.0000,1.0000,0.0000,-0.0034,1.2270
818,CITY,FALL,0,1.2676,1.0000,0.6667,0.3378,1.0000,1.0000,0.0000,0.0057,1.2291
819,CITY,SPREAD,0,1.2032,1.0000,0.6667,0.0162,1.0000,1.0000,0.0000,-0.0035,1.2278
820,CITY,FALL,0,1.2676,1.0000,0.6667,0.3378,1.0000,1.0000,0.0000,0.0053,1.2298
821,CITY,BURN,0,1.2567,1.0000,0.6667,0.2836,1.0000,1.0000,0.0000,0.0036,1.2311
822,CITY,BURN,0,1.2567,1.0000,0.6667,0.2836,1.0000,1.0000,0.0000,0.0034,1.2324
823,CITY,FALL,0,1.2676,1.0000,0.6667,0.3378,1.0000,1.0000,0.0000,0.0047,1.2342
824,CITY,BURN,0,1.2567,1.0000,0.6667,0.2836,1.0000,1.0000,0.0000,0.0030,1.2353
825,CITY,BURN,0,1.2567,1.0000,0.6667,0.2836,1.0000,1.0000,0.0000,0.0029,1.2364
826,CITY,FALL,0,1.2676,1.0000,0.6667,0.3378,1.0000,1.0000,0.0000,0.0041,1.2379
827,CITY,BURN,0,1.2567,1.0000,0.6667,0.2836,1.0000,1.0000,0.0000,0.0025,1.2389
828,CITY,BURN,0,1.2567,1.0000,0.6667,0.2836,1.0000,1.0000,0.0000,0.0024,1.2398
829,CITY,FALL,0,1.2676,1.0000,0.6667,0.3378,1.0000,1.0000,0.0000,0.0036,1.2411
830,CITY,GROW,0,1.2480,1.0000,0.6667,0.2399,1.0000,1.0000,0.0000,0.0009,1.2415
831,FREE WOLF,TRUST ISOLATED SAD DOG BURN,0,1.2101,1.0000,0.6667,0.0507,0.0000,1.0000,1.0000,-0.3175,1.2399
832,CITY,FALL,0,1.2676,1.0000,0.6667,0.3378,1.0000,1.0000,0.0000,0.0036,1.2413
833,CITY,FALL,0,1.2676,1.0000,0.6667,0.3378,1.0000,1.0000,0.0000,0.0036,1.2426
834,CITY,FALL,0,1.2676,1.0000,0.6667,0.3378,1.0000,1.0000,0.0000,0.0032,1.2439
835,CITY,BURN,0,1.2567,1.0000,0.6667,0.2836,1.0000,1.0000,0.0000,0.0017,1.2445
836,CITY,FALL,0,1.2676,1.0000,0.6667,0.3378,1.0000,1.0000,0.0000,0.0030,1.2457
837,CITY,GROW,0,1.2480,1.0000,0.6667,0.2399,1.0000,1.0000,0.0000,0.0003,1.2458
838,CITY,FALL,0,1.2676,1.0000,0.6667,0.3378,1.0000,1.0000,0.0000,0.0028,1.2469
839,CITY,FALL,0,1.2676,1.0000,0.6667,0.3378,1.0000,1.0000,0.0000,0.0027,1.2479
840,CITY,BURN FALL,0,1.2610,1.0000,0.6667,0.3050,1.0000,1.0000,0.0000,0.0017,1.2485
841,CITY,BURN,0,1.2567,1.0000,0.6667,0.2836,1.0000,1.0000,0.0000,0.0010,1.2490
842,CITY,BURN,0,1.2567,1.0000,0.6667,0.2836,1.0000,1.0000,0.0000,0.0010,1.2493
843,CITY,FALL,0,1.2676,1.0000,0.6667,0.3378,1.0000,1.0000,0.0000,0.0023,1.2503
844,CITY,GROW,0,1.2480,1.0000,0.6667,0.2399,1.0000,1.0000,0.0000,-0.0003,1.2501
845,CITY,BURN,0,1.2567,1.0000,0.6667,0.2836,1.0000,1.0000,0.0000,0.0009,1.2505
846,CITY,FALL,0,1.2676,1.0000,0.6667,0.3378,1.0000,1.0000,0.0000,0.0023,1.2513
847,CITY,FALL,0,1.2676,1.0000,0.6667,0.3378,1.0000,1.0000,0.0000,0.0021,1.2521
848,CITY,BURN,0,1.2567,1.0000,0.6667,0.2836,1.0000,1.0000,0.0000,0.0006,1.2524
849,CITY,GROW,0,1.2480,1.0000,0.6667,0.2399,1.0000,1.0000,0.0000,-0.0005,1.2521
850,CITY,FALL FALL,0,1.2676,1.0000,0.6667,0.3378,1.0000,1.0000,0.0000,0.0019,1.2529
851,CITY,FALL,0,1.2676,1.0000,0.6667,0.3378,1.0000,1.0000,0.0000,0.0018,1.2536
852,CITY,SPREAD,0,1.2032,1.0000,0.6667,0.0162,1.0000,1.0000,0.0000,-0.0063,1.2511
853,CITY,FALL FALL,0,1.2676,1.0000,0.6667,0.3378,1.0000,1.0000,0.0000,0.0020,1.2519
854,CITY,FALL,0,1.2676,1.0000,0.6667,0.3378,1.0000,1.0000,0.0000,0.0020,1.2527
855,CITY,FALL,0,1.2676,1.0000,0.6667,0.3378,1.0000,1.0000,0.0000,0.0018,1.2535
856,CITY,BURN,0,1.2567,1.0000,0.6667,0.2836,1.0000,1.0000,0.0000,0.0004,1.2536
857,CITY,GROW,0,1.2480,1.0000,0.6667,0.2399,1.0000,1.0000,0.0000,-0.0007,1.2534
858,CITY,BURN,0,1.2567,1.0000,0.6667,0.2836,1.0000,1.0000,0.0000,0.0004,1.2535
859,CITY,FALL,0,1.2676,1.0000,0.6667,0.3378,1.0000,1.0000,0.0000,0.0017,1.2542
860,CITY,FALL,0,1.2676,1.0000,0.6667,0.3378,1.0000,1.0000,0.0000,0.0017,1.2549
861,CITY,FALL,0,1.2676,1.0000,0.6667,0.3378,1.0000,1.0000,0.0000,0.0016,1.2555
862,CITY,BURN,0,1.2567,1.0000,0.6667,0.2836,1.0000,1.0000,0.0000,0.0001,1.2556
863,CITY,FALL,0,1.2676,1.0000,0.6667,0.3378,1.0000,1.0000,0.0000,0.0015,1.2562
864,CITY,FALL FALL,0,1.2676,1.0000,0.6667,0.3378,1.0000,1.0000,0.0000,0.0014,1.2567
865,CITY,BURN,0,1.2567,1.0000,0.6667,0.2836,1.0000,1.0000,0.0000,-0.0000,1.2567
866,CITY,FALL,0,1.2676,1.0000,0.6667,0.3378,1.0000,1.0000,0.0000,0.0013,1.2573
867,CITY,FALL,0,1.2676,1.0000,0.6667,0.3378,1.0000,1.0000,0.0000,0.0012,1.2578
868,CITY,FALL,0,1.2676,1.0000,0.6667,0.3378,1.0000,1.0000,0.0000,0.0012,1.2583
869,CITY,FALL,0,1.2676,1.0000,0.6667,0.3378,1.0000,1.0000,0.0000,0.0011,1.2588
870,CITY,BURN FALL,0,1.2610,1.0000,0.6667,0.3050,1.0000,1.0000,0.0000,0.0003,1.2589
871,PRISON,FALL,0,1.2676,1.0000,0.6667,0.3378,1.0000,1.0000,0.0000,0.0341,1.2593
872,CITY,FALL MOVE ACTIVE TRAPPED WOLF FALL,0,1.3481,1.0000,1.0000,0.2406,1.0000,1.0000,1.0000,0.0107,1.2637
873,CITY,BURN,0,1.2567,1.0000,0.6667,0.2836,1.0000,1.0000,0.0000,-0.0008,1.2634
874,CITY,BURN,0,1.2567,1.0000,0.6667,0.2836,1.0000,1.0000,0.0000,-0.0008,1.2631
875,CITY,TALK,0,1.2274,1.0000,0.6667,0.1370,1.0000,1.0000,0.0000,-0.0043,1.2613
876,CITY,BURN,0,1.2567,1.0000,0.6667,0.2836,1.0000,1.0000,0.0000,-0.0006,1.2610
877,CITY,BURN,0,1.2567,1.0000,0.6667,0.2836,1.0000,1.0000,0.0000,-0.0005,1.2608
878,CITY,BURN BURN,0,1.2567,1.0000,0.6667,0.2836,1.0000,1.0000,0.0000,-0.0005,1.2606
879,PRISON,FAIL,0,1.2189,1.0000,0.6667,0.0944,1.0000,1.0000,0.0000,-0.1633,1.2585
880,CITY,FALL,0,1.2676,1.0000,0.6667,0.3378,1.0000,1.0000,0.0000,0.0011,1.2590
881,CITY,BURN,0,1.2567,1.0000,0.6667,0.2836,1.0000,1.0000,0.0000,-0.0003,1.2589
882,CITY,BURN,0,1.2567,1.0000,0.6667,0.2836,1.0000,1.0000,0.0000,-0.0003,1.2588
883,CITY,BURN,0,1.2567,1.0000,0.6667,0.2836,1.0000,1.0000,0.0000,-0.0002,1.2587
884,CITY,FALL,0,1.2676,1.0000,0.6667,0.3378,1.0000,1.0000,0.0000,0.0010,1.2591
885,CITY,BURN,0,1.2567,1.0000,0.6667,0.2836,1.0000,1.0000,0.0000,-0.0003,1.2590
886,CITY,FALL,0,1.2676,1.0000,0.6667,0.3378,1.0000,1.0000,0.0000,0.0010,1.2594
887,CITY,FALL,0,1.2676,1.0000,0.6667,0.3378,1.0000,1.0000,0.0000,0.0010,1.2598
888,CITY,BURN,0,1.2567,1.0000,0.6667,0.2836,1.0000,1.0000,0.0000,-0.0004,1.2597
889,CITY,FALL,0,1.2676,1.0000,0.6667,0.3378,1.0000,1.0000,0.0000,0.0009,1.2601
890,MARKET,SPREAD,0,1.2032,1.0000,0.6667,0.0162,1.0000,1.0000,0.0000,-0.3050,1.2572
891,BRIDGE,BURN,0,1.2277,1.0000,0.6667,0.1383,1.0000,1.0000,0.0000,-0.1821,1.2557
892,CITY,BURN,0,1.2567,1.0000,0.6667,0.2836,1.0000,1.0000,0.0000,0.0001,1.2558
893,CITY,BURN,0,1.2567,1.0000,0.6667,0.2836,1.0000,1.0000,0.0000,0.0001,1.2558
894,CITY,FALL SPREAD,0,1.2110,1.0000,0.6667,0.0549,1.0000,1.0000,0.0000,-0.0052,1.2536
895,CITY,FALL,0,1.2676,1.0000,0.6667,0.3378,1.0000,1.0000,0.0000,0.0016,1.2543
896,CITY,BURN,0,1.2567,1.0000,0.6667,0.2836,1.0000,1.0000,0.0000,0.0003,1.2544
897,CITY,FALL,0,1.2676,1.0000,0.6667,0.3378,1.0000,1.0000,0.0000,0.0015,1.2551
898,CITY,BURN,0,1.2567,1.0000,0.6667,0.2836,1.0000,1.0000,0.0000,0.0002,1.2552
899,PRISON,SPREAD,0,1.2032,1.0000,0.6667,0.0162,1.0000,1.0000,0.0000,-0.2099,1.2526
900,CITY,GROW,0,1.2480,1.0000,0.6667,0.2399,1.0000,1.0000,0.0000,-0.0005,1.2523
901,CITY,FALL,0,1.2676,1.0000,0.6667,0.3378,1.0000,1.0000,0.0000,0.0017,1.2531
902,CITY,FALL,0,1.2676,1.0000,0.6667,0.3378,1.0000,1.0000,0.0000,0.0016,1.2538
903,CITY,FALL,0,1.2676,1.0000,0.6667,0.3378,1.0000,1.0000,0.0000,0.0016,1.2545
904,CITY,BURN,0,1.2567,1.0000,0.6667,0.2836,1.0000,1.0000,0.0000,0.0002,1.2546
905,CITY,FALL,0,1.2676,1.0000,0.6667,0.3378,1.0000,1.0000,0.0000,0.0014,1.2553
906,CITY,FALL,0,1.2676,1.0000,0.6667,0.3378,1.0000,1.0000,0.0000,0.0013,1.2559
907,CITY,FALL,0,1.2676,1.0000,0.6667,0.3378,1.0000,1.0000,0.0000,0.0012,1.2565
908,CITY,SPREAD,0,1.2032,1.0000,0.6667,0.0162,1.0000,1.0000,0.0000,-0.0059,1.2538
909,CITY,FALL,0,1.2676,1.0000,0.6667,0.3378,1.0000,1.0000,0.0000,0.0015,1.2545
910,PLAN SPREAD,GROW,1,0.2461,0.0000,0.6667,0.2306,1.0000,1.0000,0.0000,-10.1470,1.2041
911,CITY,BURN,0,1.2567,1.0000,0.6667,0.2836,1.0000,1.0000,0.0000,0.0056,1.2067
912,CITY,FALL,0,1.2676,1.0000,0.6667,0.3378,1.0000,1.0000,0.0000,0.0066,1.2097
913,CITY,FALL,0,1.2676,1.0000,0.6667,0.3378,1.0000,1.0000,0.0000,0.0060,1.2126
914,CITY,BURN,0,1.2567,1.0000,0.6667,0.2836,1.0000,1.0000,0.0000,0.0046,1.2148
915,CITY,BURN,0,1.2567,1.0000,0.6667,0.2836,1.0000,1.0000,0.0000,0.0044,1.2169
916,CITY,FALL,0,1.2676,1.0000,0.6667,0.3378,1.0000,1.0000,0.0000,0.0052,1.2195
917,CITY,BURN,0,1.2567,1.0000,0.6667,0.2836,1.0000,1.0000,0.0000,0.0038,1.2213
918,CITY,BURN,0,1.2567,1.0000,0.6667,0.2836,1.0000,1.0000,0.0000,0.0036,1.2231
919,CITY,BURN,0,1.2567,1.0000,0.6667,0.2836,1.0000,1.0000,0.0000,0.0035,1.2248
920,CITY,BURN,0,1.2567,1.0000,0.6667,0.2836,1.0000,1.0000,0.0000,0.0032,1.2264
921,CITY,BURN,0,1.2567,1.0000,0.6667,0.2836,1.0000,1.0000,0.0000,0.0031,1.2279
922,HOME,FALL,0,1.2564,1.0000,0.6667,0.2818,1.0000,1.0000,0.0000,0.1640,1.2293
923,CITY,SPREAD,0,1.2032,1.0000,0.6667,0.0162,1.0000,1.0000,0.0000,-0.0027,1.2280
924,CITY,BURN,0,1.2567,1.0000,0.6667,0.2836,1.0000,1.0000,0.0000,0.0029,1.2294
925,CITY,BURN,0,1.2567,1.0000,0.6667,0.2836,1.0000,1.0000,0.0000,0.0028,1.2308
926,CITY,GROW,0,1.2480,1.0000,0.6667,0.2399,1.0000,1.0000,0.0000,0.0018,1.2317
927,CITY,BURN,0,1.2567,1.0000,0.6667,0.2836,1.0000,1.0000,0.0000,0.0025,1.2329
928,ROOM,BURN,0,1.2314,1.0000,0.6667,0.1570,1.0000,1.0000,0.0000,-0.0098,1.2328
929,CITY,GROW,0,1.2480,1.0000,0.6667,0.2399,1.0000,1.0000,0.0000,0.0015,1.2336
930,CITY,FALL,0,1.2676,1.0000,0.6667,0.3378,1.0000,1.0000,0.0000,0.0033,1.2353
931,CITY,FALL,0,1.2676,1.0000,0.6667,0.3378,1.0000,1.0000,0.0000,0.0032,1.2369
932,CITY,FALL,0,1.2676,1.0000,0.6667,0.3378,1.0000,1.0000,0.0000,0.0030,1.2384
933,CITY,FALL,0,1.2676,1.0000,0.6667,0.3378,1.0000,1.0000,0.0000,0.0029,1.2399
934,CITY,FALL,0,1.2676,1.0000,0.6667,0.3378,1.0000,1.0000,0.0000,0.0028,1.2413
935,CITY,FALL,0,1.2676,1.0000,0.6667,0.3378,1.0000,1.0000,0.0000,0.0026,1.2426
936,CITY,BURN,0,1.2567,1.0000,0.6667,0.2836,1.0000,1.0000,0.0000,0.0014,1.2433
937,CITY,BURN,0,1.2567,1.0000,0.6667,0.2836,1.0000,1.0000,0.0000,0.0013,1.2440
938,CITY,FALL,0,1.2676,1.0000,0.6667,0.3378,1.0000,1.0000,0.0000,0.0023,1.2452
939,CITY,FALL,0,1.2676,1.0000,0.6667,0.3378,1.0000,1.0000,0.0000,0.0022,1.2463
940,CITY,GROW,0,1.2480,1.0000,0.6667,0.2399,1.0000,1.0000,0.0000,0.0002,1.2464
941,CITY,FALL,0,1.2676,1.0000,0.6667,0.3378,1.0000,1.0000,0.0000,0.0021,1.2474
942,SLOW,CROWD RUN SEE SLOW STRONG FIRE,0,1.3671,1.0000,0.7778,0.6687,1.0000,1.0000,0.3333,0.9461,1.2534
943,CITY,FALL FALL,0,1.2676,1.0000,0.6667,0.3378,1.0000,1.0000,0.0000,0.0014,1.2541
944,CITY,FALL,0,1.2676,1.0000,0.6667,0.3378,1.0000,1.0000,0.0000,0.0013,1.2548
945,CITY,BURN,0,1.2567,1.0000,0.6667,0.2836,1.0000,1.0000,0.0000,0.0002,1.2549
946,CITY,BURN,0,1.2567,1.0000,0.6667,0.2836,1.0000,1.0000,0.0000,0.0002,1.2550
947,CITY,FALL,0,1.2676,1.0000,0.6667,0.3378,1.0000,1.0000,0.0000,0.0013,1.2556
948,CITY,BURN BURN,0,1.2567,1.0000,0.6667,0.2836,1.0000,1.0000,0.0000,0.0001,1.2557
949,CITY,FALL,0,1.2676,1.0000,0.6667,0.3378,1.0000,1.0000,0.0000,0.0012,1.2563
950,CITY,FALL,0,1.2676,1.0000,0.6667,0.3378,1.0000,1.0000,0.0000,0.0012,1.2568
951,CITY,BURN,0,1.2567,1.0000,0.6667,0.2836,1.0000,1.0000,0.0000,-0.0000,1.2568
952,PRISON,FAIL GROW,0,1.2134,1.0000,0.6667,0.0671,1.0000,1.0000,0.0000,-0.1826,1.2546
953,CITY,BURN,0,1.2567,1.0000,0.6667,0.2836,1.0000,1.0000,0.0000,0.0002,1.2547
954,ISOLATED CITY,GROW SPREAD,0,1.3015,1.0000,1.0000,0.0076,1.0000,1.0000,1.0000,0.2936,1.2571
955,CITY,BURN,0,1.2567,1.0000,0.6667,0.2836,1.0000,1.0000,0.0000,-0.0000,1.2571
956,CITY,BURN,0,1.2567,1.0000,0.6667,0.2836,1.0000,1.0000,0.0000,-0.0000,1.2570
957,CITY,FALL,0,1.2676,1.0000,0.6667,0.3378,1.0000,1.0000,0.0000,0.0011,1.2576
958,CITY,FALL,0,1.2676,1.0000,0.6667,0.3378,1.0000,1.0000,0.0000,0.0010,1.2581
959,CITY,BURN,0,1.2567,1.0000,0.6667,0.2836,1.0000,1.0000,0.0000,-0.0001,1.2580
960,FEAR,GROW,1,0.2761,0.0000,0.6667,0.3805,1.0000,1.0000,0.0000,-7.6512,1.2089
961,CITY,FALL,0,1.2676,1.0000,0.6667,0.3378,1.0000,1.0000,0.0000,0.0063,1.2118
962,CITY,FALL,0,1.2676,1.0000,0.6667,0.3378,1.0000,1.0000,0.0000,0.0058,1.2146
963,CITY,FALL,0,1.2676,1.0000,0.6667,0.3378,1.0000,1.0000,0.0000,0.0055,1.2173
964,DORMANT WOMAN,BURN,0,1.3336,1.0000,1.0000,0.1679,1.0000,1.0000,1.0000,1.0444,1.2231
965,CITY,BURN,0,1.2567,1.0000,0.6667,0.2836,1.0000,1.0000,0.0000,0.0037,1.2248
966,CITY,BURN,0,1.2567,1.0000,0.6667,0.2836,1.0000,1.0000,0.0000,0.0034,1.2264
967,CITY,BURN,0,1.2567,1.0000,0.6667,0.2836,1.0000,1.0000,0.0000,0.0032,1.2279
968,CITY,BURN,0,1.2567,1.0000,0.6667,0.2836,1.0000,1.0000,0.0000,0.0029,1.2293
969,CITY,BURN,0,1.2567,1.0000,0.6667,0.2836,1.0000,1.0000,0.0000,0.0028,1.2307
970,CITY,FALL,0,1.2676,1.0000,0.6667,0.3378,1.0000,1.0000,0.0000,0.0039,1.2325
971,CITY,FALL,0,1.2676,1.0000,0.6667,0.3378,1.0000,1.0000,0.0000,0.0036,1.2343
972,CITY,BURN,0,1.2567,1.0000,0.6667,0.2836,1.0000,1.0000,0.0000,0.0023,1.2354
973,CITY,FALL,0,1.2676,1.0000,0.6667,0.3378,1.0000,1.0000,0.0000,0.0033,1.2370
974,CITY,BURN,0,1.2567,1.0000,0.6667,0.2836,1.0000,1.0000,0.0000,0.0020,1.2380
975,CITY,BURN,0,1.2567,1.0000,0.6667,0.2836,1.0000,1.0000,0.0000,0.0019,1.2389
976,CITY,FALL,0,1.2676,1.0000,0.6667,0.3378,1.0000,1.0000,0.0000,0.0028,1.2404
977,CITY,FALL,0,1.2676,1.0000,0.6667,0.3378,1.0000,1.0000,0.0000,0.0029,1.2417
978,CITY,FALL,0,1.2676,1.0000,0.6667,0.3378,1.0000,1.0000,0.0000,0.0026,1.2430
979,CITY,BURN BURN,0,1.2567,1.0000,0.6667,0.2836,1.0000,1.0000,0.0000,0.0014,1.2437
980,CITY,BURN,0,1.2567,1.0000,0.6667,0.2836,1.0000,1.0000,0.0000,0.0013,1.2444
981,CITY,BURN,0,1.2567,1.0000,0.6667,0.2836,1.0000,1.0000,0.0000,0.0012,1.2450
982,CITY,FALL,0,1.2676,1.0000,0.6667,0.3378,1.0000,1.0000,0.0000,0.0023,1.2461
983,CITY,FALL,0,1.2676,1.0000,0.6667,0.3378,1.0000,1.0000,0.0000,0.0021,1.2472
984,COMPLEX,INSECT UPDATE SIMPLE NETWORK GENERATE RULE,0,1.2834,1.0000,0.8889,0.0835,1.0000,1.0000,0.6667,0.2628,1.2490
985,CITY,FALL,0,1.2676,1.0000,0.6667,0.3378,1.0000,1.0000,0.0000,0.0018,1.2499
986,CITY,BURN FALL,0,1.2610,1.0000,0.6667,0.3050,1.0000,1.0000,0.0000,0.0011,1.2505
987,CITY,FALL,0,1.2676,1.0000,0.6667,0.3378,1.0000,1.0000,0.0000,0.0017,1.2513
988,CITY,FALL,0,1.2676,1.0000,0.6667,0.3378,1.0000,1.0000,0.0000,0.0017,1.2521
989,CITY,BURN,0,1.2567,1.0000,0.6667,0.2836,1.0000,1.0000,0.0000,0.0005,1.2524
990,FAST SOLDIER MOVE ENCRYPTED BROKEN,ROBOT FALL,1,0.2702,0.0000,0.8889,0.0179,1.0000,0.6667,1.0000,-22.1913,1.2033
991,CITY,BURN,0,1.2567,1.0000,0.6667,0.2836,1.0000,1.0000,0.0000,0.0054,1.2059
992,CITY,BURN,0,1.2567,1.0000,0.6667,0.2836,1.0000,1.0000,0.0000,0.0050,1.2085
993,CITY,BURN,0,1.2567,1.0000,0.6667,0.2836,1.0000,1.0000,0.0000,0.0046,1.2109
994,CITY,FALL,0,1.2676,1.0000,0.6667,0.3378,1.0000,1.0000,0.0000,0.0056,1.2137
995,CITY,FALL,0,1.2676,1.0000,0.6667,0.3378,1.0000,1.0000,0.0000,0.0053,1.2164
996,CITY,FALL,0,1.2676,1.0000,0.6667,0.3378,1.0000,1.0000,0.0000,0.0052,1.2190
997,CITY,FALL BURN,0,1.2610,1.0000,0.6667,0.3050,1.0000,1.0000,0.0000,0.0040,1.2211
998,CITY,BURN BURN,0,1.2567,1.0000,0.6667,0.2836,1.0000,1.0000,0.0000,0.0035,1.2229
999,CITY,GROW,0,1.2480,1.0000,0.6667,0.2399,1.0000,1.0000,0.0000,0.0024,1.2241
1000,DEAD,LEADER BURN,1,0.4634,0.0000,1.0000,0.8168,1.0000,1.0000,1.0000,-4.3761,1.1861
1001,CITY,BURN,0,1.2567,1.0000,0.6667,0.2836,1.0000,1.0000,0.0000,0.0067,1.1896
1002,CITY,SPREAD,0,1.2032,1.0000,0.6667,0.0162,1.0000,1.0000,0.0000,0.0013,1.1903
1003,CITY,BURN,0,1.2567,1.0000,0.6667,0.2836,1.0000,1.0000,0.0000,0.0061,1.1936
1004,FREE DOG,RUN,1,0.3225,0.0000,1.0000,0.1127,1.0000,1.0000,1.0000,-9.0083,1.1501
1005,CITY,BURN,0,1.2567,1.0000,0.6667,0.2836,1.0000,1.0000,0.0000,0.0097,1.1554
1006,CITY,GROW,0,1.2480,1.0000,0.6667,0.2399,1.0000,1.0000,0.0000,0.0083,1.1600
1007,CITY,FALL,0,1.2676,1.0000,0.6667,0.3378,1.0000,1.0000,0.0000,0.0095,1.1654
1008,CITY,FALL,0,1.2676,1.0000,0.6667,0.3378,1.0000,1.0000,0.0000,0.0090,1.1705
1009,CITY,FALL,0,1.2676,1.0000,0.6667,0.3378,1.0000,1.0000,0.0000,0.0085,1.1754
1010,CITY,FALL,0,1.2676,1.0000,0.6667,0.3378,1.0000,1.0000,0.0000,0.0078,1.1800
1011,CITY,FALL,0,1.2676,1.0000,0.6667,0.3378,1.0000,1.0000,0.0000,0.0075,1.1843
1012,CITY,GROW,0,1.2480,1.0000,0.6667,0.2399,1.0000,1.0000,0.0000,0.0054,1.1875
1013,CITY,BURN,0,1.2567,1.0000,0.6667,0.2836,1.0000,1.0000,0.0000,0.0058,1.1910
1014,CITY,FALL BURN,0,1.2610,1.0000,0.6667,0.3050,1.0000,1.0000,0.0000,0.0057,1.1945
1015,CITY,FALL,0,1.2676,1.0000,0.6667,0.3378,1.0000,1.0000,0.0000,0.0058,1.1981
1016,CITY,RUN,0,1.2710,1.0000,0.6667,0.3549,1.0000,1.0000,0.0000,0.0058,1.2018
1017,CITY,SPREAD,0,1.2032,1.0000,0.6667,0.0162,1.0000,1.0000,0.0000,0.0001,1.2019
1018,CITY,FALL,0,1.2676,1.0000,0.6667,0.3378,1.0000,1.0000,0.0000,0.0053,1.2051
1019,CITY,BURN,0,1.2567,1.0000,0.6667,0.2836,1.0000,1.0000,0.0000,0.0040,1.2077
1020,CITY,BURN,0,1.2567,1.0000,0.6667,0.2836,1.0000,1.0000,0.0000,0.0041,1.2102
1021,CITY,FALL,0,1.2676,1.0000,0.6667,0.3378,1.0000,1.0000,0.0000,0.0044,1.2130
1022,CITY,FALL,0,1.2676,1.0000,0.6667,0.3378,1.0000,1.0000,0.0000,0.0042,1.2158
1023,CITY,FALL,0,1.2676,1.0000,0.6667,0.3378,1.0000,1.0000,0.0000,0.0039,1.2184
1024,CITY,BURN,0,1.2567,1.0000,0.6667,0.2836,1.0000,1.0000,0.0000,0.0029,1.2203
1025,CITY,FALL,0,1.2676,1.0000,0.6667,0.3378,1.0000,1.0000,0.0000,0.0036,1.2226
1026,CITY,MOVE CHAOTIC DEAD LEADER,0,1.3750,1.0000,1.0000,0.3751,1.0000,1.0000,1.0000,0.0115,1.2303
1027,DRONE,FAIL,1,0.2257,0.0000,0.6667,0.1286,1.0000,1.0000,0.0000,-8.4145,1.1800
1028,PRISON,FAIL,0,1.2189,1.0000,0.6667,0.0944,1.0000,1.0000,0.0000,0.1768,1.1820
1029,CITY,FALL,0,1.2676,1.0000,0.6667,0.3378,1.0000,1.0000,0.0000,0.0063,1.1863
1030,CITY,BURN,0,1.2567,1.0000,0.6667,0.2836,1.0000,1.0000,0.0000,0.0052,1.1898
1031,CITY,SPREAD,0,1.2032,1.0000,0.6667,0.0162,1.0000,1.0000,0.0000,0.0010,1.1904
1032,CITY,FALL,0,1.2676,1.0000,0.6667,0.3378,1.0000,1.0000,0.0000,0.0055,1.1943
1033,CITY,BURN,0,1.2567,1.0000,0.6667,0.2836,1.0000,1.0000,0.0000,0.0045,1.1974
1034,CITY,FALL,0,1.2676,1.0000,0.6667,0.3378,1.0000,1.0000,0.0000,0.0049,1.2009
1035,CITY,BURN,0,1.2567,1.0000,0.6667,0.2836,1.0000,1.0000,0.0000,0.0041,1.2037
1036,CITY,GROW,0,1.2480,1.0000,0.6667,0.2399,1.0000,1.0000,0.0000,0.0031,1.2059
1037,CITY,BURN,0,1.2567,1.0000,0.6667,0.2836,1.0000,1.0000,0.0000,0.0035,1.2085
1038,CITY,FALL,0,1.2676,1.0000,0.6667,0.3378,1.0000,1.0000,0.0000,0.0041,1.2114
1039,CITY,SPREAD,0,1.2032,1.0000,0.6667,0.0162,1.0000,1.0000,0.0000,-0.0006,1.2110
1040,CITY,FALL,0,1.2676,1.0000,0.6667,0.3378,1.0000,1.0000,0.0000,0.0038,1.2138
1041,CITY,BURN,0,1.2567,1.0000,0.6667,0.2836,1.0000,1.0000,0.0000,0.0029,1.2160
1042,CITY,RUN,0,1.2710,1.0000,0.6667,0.3549,1.0000,1.0000,0.0000,0.0037,1.2187
1043,CITY,FALL,0,1.2676,1.0000,0.6667,0.3378,1.0000,1.0000,0.0000,0.0032,1.2212
1044,CITY,BURN,0,1.2567,1.0000,0.6667,0.2836,1.0000,1.0000,0.0000,0.0024,1.2230
1045,CITY,SPREAD,0,1.2032,1.0000,0.6667,0.0162,1.0000,1.0000,0.0000,-0.0014,1.2220
1046,CITY,BURN,0,1.2567,1.0000,0.6667,0.2836,1.0000,1.0000,0.0000,0.0023,1.2237
1047,DEAD,LEADER FALL FALL BURN,1,0.4440,0.0000,1.0000,0.7200,1.0000,1.0000,1.0000,-4.9593,1.1847
1048,CITY,FALL,0,1.2676,1.0000,0.6667,0.3378,1.0000,1.0000,0.0000,0.0055,1.1889
1049,CITY,BURN,0,1.2567,1.0000,0.6667,0.2836,1.0000,1.0000,0.0000,0.0045,1.1923
1050,CITY,FALL,0,1.2676,1.0000,0.6667,0.3378,1.0000,1.0000,0.0000,0.0050,1.1960
1051,CITY,FALL,0,1.2676,1.0000,0.6667,0.3378,1.0000,1.0000,0.0000,0.0048,1.1996
1052,CITY,FALL,0,1.2676,1.0000,0.6667,0.3378,1.0000,1.0000,0.0000,0.0043,1.2030
1053,CITY,BURN,0,1.2567,1.0000,0.6667,0.2836,1.0000,1.0000,0.0000,0.0035,1.2057
1054,CITY,FALL,0,1.2676,1.0000,0.6667,0.3378,1.0000,1.0000,0.0000,0.0040,1.2088
1055,CITY,BURN,0,1.2567,1.0000,0.6667,0.2836,1.0000,1.0000,0.0000,0.0030,1.2112
1056,DEAD ELDER,FALL BURN,0,1.3062,1.0000,1.0000,0.0310,1.0000,1.0000,1.0000,1.0054,1.2159
1057,CITY,FALL,0,1.2676,1.0000,0.6667,0.3378,1.0000,1.0000,0.0000,0.0033,1.2185
1058,CITY,SPREAD SPREAD,0,1.2032,1.0000,0.6667,0.0162,1.0000,1.0000,0.0000,-0.0010,1.2177
1059,CITY,FALL,0,1.2676,1.0000,0.6667,0.3378,1.0000,1.0000,0.0000,0.0031,1.2202
1060,CITY,FALL,0,1.2676,1.0000,0.6667,0.3378,1.0000,1.0000,0.0000,0.0029,1.2226
1061,CITY,BURN,0,1.2567,1.0000,0.6667,0.2836,1.0000,1.0000,0.0000,0.0021,1.2243
1062,CITY,SPREAD,0,1.2032,1.0000,0.6667,0.0162,1.0000,1.0000,0.0000,-0.0013,1.2233
1063,CITY,FALL,0,1.2676,1.0000,0.6667,0.3378,1.0000,1.0000,0.0000,0.0028,1.2255
1064,CITY,FALL FALL,0,1.2676,1.0000,0.6667,0.3378,1.0000,1.0000,0.0000,0.0025,1.2276
1065,CITY,FALL,0,1.2676,1.0000,0.6667,0.3378,1.0000,1.0000,0.0000,0.0024,1.2296
1066,CITY,FALL,0,1.2676,1.0000,0.6667,0.3378,1.0000,1.0000,0.0000,0.0023,1.2315
1067,CITY,FALL,0,1.2676,1.0000,0.6667,0.3378,1.0000,1.0000,0.0000,0.0022,1.2333
1068,CITY,TALK,0,1.2274,1.0000,0.6667,0.1370,1.0000,1.0000,0.0000,-0.0004,1.2330
1069,CITY,BURN,0,1.2567,1.0000,0.6667,0.2836,1.0000,1.0000,0.0000,0.0014,1.2342
1070,CITY,BURN,0,1.2567,1.0000,0.6667,0.2836,1.0000,1.0000,0.0000,0.0014,1.2353
1071,CITY,BURN,0,1.2567,1.0000,0.6667,0.2836,1.0000,1.0000,0.0000,0.0013,1.2364
1072,CITY,BURN,0,1.2567,1.0000,0.6667,0.2836,1.0000,1.0000,0.0000,0.0012,1.2374
1073,CITY,BURN,0,1.2567,1.0000,0.6667,0.2836,1.0000,1.0000,0.0000,0.0012,1.2384
1074,CITY,BURN,0,1.2567,1.0000,0.6667,0.2836,1.0000,1.0000,0.0000,0.0011,1.2393
1075,CITY,FALL,0,1.2676,1.0000,0.6667,0.3378,1.0000,1.0000,0.0000,0.0018,1.2407
1076,CITY,BURN,0,1.2567,1.0000,0.6667,0.2836,1.0000,1.0000,0.0000,0.0010,1.2415
1077,CITY,GROW,0,1.2480,1.0000,0.6667,0.2399,1.0000,1.0000,0.0000,0.0004,1.2418
1078,CITY,SPREAD,0,1.2032,1.0000,0.6667,0.0162,1.0000,1.0000,0.0000,-0.0023,1.2399
1079,CITY,BURN,0,1.2567,1.0000,0.6667,0.2836,1.0000,1.0000,0.0000,0.0010,1.2407
1080,CITY,FAIL,0,1.2513,1.0000,0.6667,0.2567,1.0000,1.0000,0.0000,0.0006,1.2413
1081,CITY,FALL,0,1.2676,1.0000,0.6667,0.3378,1.0000,1.0000,0.0000,0.0016,1.2426
1082,CITY,BURN,0,1.2567,1.0000,0.6667,0.2836,1.0000,1.0000,0.0000,0.0009,1.2433
1083,CITY,FALL,0,1.2676,1.0000,0.6667,0.3378,1.0000,1.0000,0.0000,0.0015,1.2445
1084,CITY,FALL,0,1.2676,1.0000,0.6667,0.3378,1.0000,1.0000,0.0000,0.0014,1.2456
1085,CITY,FALL,0,1.2676,1.0000,0.6667,0.3378,1.0000,1.0000,0.0000,0.0013,1.2467
1086,CITY,GROW,0,1.2480,1.0000,0.6667,0.2399,1.0000,1.0000,0.0000,0.0001,1.2468
1087,CITY,FALL,0,1.2676,1.0000,0.6667,0.3378,1.0000,1.0000,0.0000,0.0012,1.2478
1088,CITY,FALL,0,1.2676,1.0000,0.6667,0.3378,1.0000,1.0000,0.0000,0.0012,1.2488
1089,CITY,FALL,0,1.2676,1.0000,0.6667,0.3378,1.0000,1.0000,0.0000,0.0011,1.2498
1090,CITY,BURN GROW SPREAD,0,1.2242,1.0000,0.6667,0.1211,1.0000,1.0000,0.0000,-0.0015,1.2485
1091,CITY,GROW,0,1.2480,1.0000,0.6667,0.2399,1.0000,1.0000,0.0000,-0.0000,1.2485
1092,CITY,FALL,0,1.2676,1.0000,0.6667,0.3378,1.0000,1.0000,0.0000,0.0012,1.2494
1093,CITY,BURN,0,1.2567,1.0000,0.6667,0.2836,1.0000,1.0000,0.0000,0.0004,1.2498
1094,CITY,FALL,0,1.2676,1.0000,0.6667,0.3378,1.0000,1.0000,0.0000,0.0010,1.2507
1095,CITY,FALL,0,1.2676,1.0000,0.6667,0.3378,1.0000,1.0000,0.0000,0.0010,1.2515
1096,CITY,GROW,0,1.2480,1.0000,0.6667,0.2399,1.0000,1.0000,0.0000,-0.0002,1.2513
1097,CITY,BURN,0,1.2567,1.0000,0.6667,0.2836,1.0000,1.0000,0.0000,0.0003,1.2516
1098,CITY,BURN,0,1.2567,1.0000,0.6667,0.2836,1.0000,1.0000,0.0000,0.0003,1.2519
1099,HOME,FALL,0,1.2564,1.0000,0.6667,0.2818,1.0000,1.0000,0.0000,0.0280,1.2521
1100,CITY,BURN,0,1.2567,1.0000,0.6667,0.2836,1.0000,1.0000,0.0000,0.0003,1.2523
1101,CITY,FALL,0,1.2676,1.0000,0.6667,0.3378,1.0000,1.0000,0.0000,0.0009,1.2531
1102,CITY,BURN,0,1.2567,1.0000,0.6667,0.2836,1.0000,1.0000,0.0000,0.0002,1.2533
1103,CITY,BURN BURN,0,1.2567,1.0000,0.6667,0.2836,1.0000,1.0000,0.0000,0.0002,1.2534
1104,CITY,BURN,0,1.2567,1.0000,0.6667,0.2836,1.0000,1.0000,0.0000,0.0002,1.2536
1105,CITY,GROW,0,1.2480,1.0000,0.6667,0.2399,1.0000,1.0000,0.0000,-0.0004,1.2533
1106,CITY,GROW,0,1.2480,1.0000,0.6667,0.2399,1.0000,1.0000,0.0000,-0.0003,1.2530
1107,CITY,BURN,0,1.2567,1.0000,0.6667,0.2836,1.0000,1.0000,0.0000,0.0002,1.2532
1108,CITY,FALL,0,1.2676,1.0000,0.6667,0.3378,1.0000,1.0000,0.0000,0.0009,1.2539
1109,CITY,FALL,0,1.2676,1.0000,0.6667,0.3378,1.0000,1.0000,0.0000,0.0008,1.2546
1110,CITY,FALL,0,1.2676,1.0000,0.6667,0.3378,1.0000,1.0000,0.0000,0.0008,1.2553
1111,CITY,FALL,0,1.2676,1.0000,0.6667,0.3378,1.0000,1.0000,0.0000,0.0007,1.2559
1112,CITY,BURN,0,1.2567,1.0000,0.6667,0.2836,1.0000,1.0000,0.0000,0.0000,1.2559
1113,CITY,FALL,0,1.2676,1.0000,0.6667,0.3378,1.0000,1.0000,0.0000,0.0007,1.2565
1114,CITY,FALL,0,1.2676,1.0000,0.6667,0.3378,1.0000,1.0000,0.0000,0.0006,1.2571
1115,CITY,FALL,0,1.2676,1.0000,0.6667,0.3378,1.0000,1.0000,0.0000,0.0006,1.2576
1116,CITY,BURN,0,1.2567,1.0000,0.6667,0.2836,1.0000,1.0000,0.0000,-0.0001,1.2575
1117,CITY,BURN,0,1.2567,1.0000,0.6667,0.2836,1.0000,1.0000,0.0000,-0.0000,1.2575
1118,CITY,FALL,0,1.2676,1.0000,0.6667,0.3378,1.0000,1.0000,0.0000,0.0006,1.2580
1119,CITY,FALL,0,1.2676,1.0000,0.6667,0.3378,1.0000,1.0000,0.0000,0.0006,1.2585
1120,CITY,BURN,0,1.2567,1.0000,0.6667,0.2836,1.0000,1.0000,0.0000,-0.0001,1.2584
1121,CITY,FALL,0,1.2676,1.0000,0.6667,0.3378,1.0000,1.0000,0.0000,0.0005,1.2589
1122,CITY,FALL,0,1.2676,1.0000,0.6667,0.3378,1.0000,1.0000,0.0000,0.0005,1.2593
1123,CITY,SPREAD,0,1.2032,1.0000,0.6667,0.0162,1.0000,1.0000,0.0000,-0.0033,1.2565
1124,CITY,FALL,0,1.2676,1.0000,0.6667,0.3378,1.0000,1.0000,0.0000,0.0006,1.2570
1125,CITY,BURN,0,1.2567,1.0000,0.6667,0.2836,1.0000,1.0000,0.0000,-0.0000,1.2570
1126,CITY,FALL,0,1.2676,1.0000,0.6667,0.3378,1.0000,1.0000,0.0000,0.0006,1.2576
1127,CITY,FALL,0,1.2676,1.0000,0.6667,0.3378,1.0000,1.0000,0.0000,0.0006,1.2581
1128,CITY,FALL,0,1.2676,1.0000,0.6667,0.3378,1.0000,1.0000,0.0000,0.0006,1.2585
1129,CLEAN CITY,SPREAD,0,1.3019,1.0000,1.0000,0.0095,1.0000,1.0000,1.0000,0.3118,1.2607
1130,CITY,BURN,0,1.2567,1.0000,0.6667,0.2836,1.0000,1.0000,0.0000,-0.0002,1.2605
1131,CITY,BURN,0,1.2567,1.0000,0.6667,0.2836,1.0000,1.0000,0.0000,-0.0002,1.2603
1132,CITY,FALL,0,1.2676,1.0000,0.6667,0.3378,1.0000,1.0000,0.0000,0.0004,1.2607
1133,WEAK PHONE,HEAR BOOK,0,1.3113,1.0000,1.0000,0.0566,1.0000,1.0000,1.0000,0.6021,1.2632
1134,CITY,BURN,0,1.2567,1.0000,0.6667,0.2836,1.0000,1.0000,0.0000,-0.0004,1.2629
1135,CITY,BURN,0,1.2567,1.0000,0.6667,0.2836,1.0000,1.0000,0.0000,-0.0004,1.2626
1136,CITY,GROW,0,1.2480,1.0000,0.6667,0.2399,1.0000,1.0000,0.0000,-0.0009,1.2618
1137,CITY,BURN BURN,0,1.2567,1.0000,0.6667,0.2836,1.0000,1.0000,0.0000,-0.0003,1.2616
1138,CITY,BURN,0,1.2567,1.0000,0.6667,0.2836,1.0000,1.0000,0.0000,-0.0003,1.2613
1139,CITY,FALL,0,1.2676,1.0000,0.6667,0.3378,1.0000,1.0000,0.0000,0.0004,1.2617
1140,CITY,FALL,0,1.2676,1.0000,0.6667,0.3378,1.0000,1.0000,0.0000,0.0004,1.2619
1141,CITY,BURN,0,1.2567,1.0000,0.6667,0.2836,1.0000,1.0000,0.0000,-0.0003,1.2617
1142,CITY,FALL,0,1.2676,1.0000,0.6667,0.3378,1.0000,1.0000,0.0000,0.0004,1.2620
1143,CITY,GROW,0,1.2480,1.0000,0.6667,0.2399,1.0000,1.0000,0.0000,-0.0009,1.2613
1144,CITY,FALL,0,1.2676,1.0000,0.6667,0.3378,1.0000,1.0000,0.0000,0.0004,1.2616
1145,CITY,BURN,0,1.2567,1.0000,0.6667,0.2836,1.0000,1.0000,0.0000,-0.0003,1.2613
1146,CITY,BURN,0,1.2567,1.0000,0.6667,0.2836,1.0000,1.0000,0.0000,-0.0003,1.2611
1147,CITY,FALL,0,1.2676,1.0000,0.6667,0.3378,1.0000,1.0000,0.0000,0.0004,1.2614
1148,CITY,SPREAD,0,1.2032,1.0000,0.6667,0.0162,1.0000,1.0000,0.0000,-0.0037,1.2585
1149,CITY,BURN SPREAD,0,1.2151,1.0000,0.6667,0.0756,1.0000,1.0000,0.0000,-0.0028,1.2564
1150,CITY,BURN,0,1.2567,1.0000,0.6667,0.2836,1.0000,1.0000,0.0000,0.0000,1.2564
1151,CITY,BURN,0,1.2567,1.0000,0.6667,0.2836,1.0000,1.0000,0.0000,0.0000,1.2564
1152,CITY,BURN,0,1.2567,1.0000,0.6667,0.2836,1.0000,1.0000,0.0000,0.0000,1.2564
1153,CITY,BURN,0,1.2567,1.0000,0.6667,0.2836,1.0000,1.0000,0.0000,0.0000,1.2564
1154,CITY,FALL,0,1.2676,1.0000,0.6667,0.3378,1.0000,1.0000,0.0000,0.0007,1.2570
1155,CITY,BURN,0,1.2567,1.0000,0.6667,0.2836,1.0000,1.0000,0.0000,-0.0000,1.2570
1156,CITY,BURN,0,1.2567,1.0000,0.6667,0.2836,1.0000,1.0000,0.0000,-0.0000,1.2570
1157,CITY,FALL,0,1.2676,1.0000,0.6667,0.3378,1.0000,1.0000,0.0000,0.0007,1.2575
1158,CITY,FALL,0,1.2676,1.0000,0.6667,0.3378,1.0000,1.0000,0.0000,0.0007,1.2580
1159,CITY,FALL,0,1.2676,1.0000,0.6667,0.3378,1.0000,1.0000,0.0000,0.0006,1.2585
1160,PRISON,FALL,0,1.2676,1.0000,0.6667,0.3378,1.0000,1.0000,0.0000,0.0429,1.2589
1161,CITY,FALL,0,1.2676,1.0000,0.6667,0.3378,1.0000,1.0000,0.0000,0.0006,1.2594
1162,CITY,BURN,0,1.2567,1.0000,0.6667,0.2836,1.0000,1.0000,0.0000,-0.0002,1.2592
1163,CITY,RUN,0,1.2710,1.0000,0.6667,0.3549,1.0000,1.0000,0.0000,0.0008,1.2598
1164,CITY,BURN,0,1.2567,1.0000,0.6667,0.2836,1.0000,1.0000,0.0000,-0.0002,1.2597
1165,FOREST,FALL,0,1.2106,1.0000,0.6667,0.0528,1.0000,1.0000,0.0000,-0.3506,1.2572
1166,CITY,BURN,0,1.2567,1.0000,0.6667,0.2836,1.0000,1.0000,0.0000,-0.0000,1.2572
1167,CITY,FALL FALL,0,1.2676,1.0000,0.6667,0.3378,1.0000,1.0000,0.0000,0.0007,1.2577
1168,CITY,BURN,0,1.2567,1.0000,0.6667,0.2836,1.0000,1.0000,0.0000,-0.0001,1.2576
1169,CITY,GROW,0,1.2480,1.0000,0.6667,0.2399,1.0000,1.0000,0.0000,-0.0006,1.2572
1170,PRISON,FAIL,0,1.2189,1.0000,0.6667,0.0944,1.0000,1.0000,0.0000,-0.1781,1.2553
1171,CITY,BURN,0,1.2567,1.0000,0.6667,0.2836,1.0000,1.0000,0.0000,0.0001,1.2553
1172,CITY,FALL,0,1.2676,1.0000,0.6667,0.3378,1.0000,1.0000,0.0000,0.0008,1.2559
1173,CITY,FALL,0,1.2676,1.0000,0.6667,0.3378,1.0000,1.0000,0.0000,0.0007,1.2565
1174,CITY,BURN,0,1.2567,1.0000,0.6667,0.2836,1.0000,1.0000,0.0000,0.0000,1.2565
1175,CITY,BURN,0,1.2567,1.0000,0.6667,0.2836,1.0000,1.0000,0.0000,0.0000,1.2565
1176,CITY,BURN,0,1.2567,1.0000,0.6667,0.2836,1.0000,1.0000,0.0000,0.0000,1.2565
1177,CITY,BURN,0,1.2567,1.0000,0.6667,0.2836,1.0000,1.0000,0.0000,0.0000,1.2566
1178,CITY,GROW,0,1.2480,1.0000,0.6667,0.2399,1.0000,1.0000,0.0000,-0.0005,1.2561
1179,CITY,GROW,0,1.2480,1.0000,0.6667,0.2399,1.0000,1.0000,0.0000,-0.0005,1.2557
1180,CITY,BURN,0,1.2567,1.0000,0.6667,0.2836,1.0000,1.0000,0.0000,0.0001,1.2558
1181,CITY,BURN,0,1.2567,1.0000,0.6667,0.2836,1.0000,1.0000,0.0000,0.0001,1.2558
1182,CITY,FALL,0,1.2676,1.0000,0.6667,0.3378,1.0000,1.0000,0.0000,0.0007,1.2564
1183,CITY,GROW BURN,0,1.2514,1.0000,0.6667,0.2571,1.0000,1.0000,0.0000,-0.0003,1.2562
1184,CITY,BURN,0,1.2567,1.0000,0.6667,0.2836,1.0000,1.0000,0.0000,0.0000,1.2562
1185,CITY,BURN,0,1.2567,1.0000,0.6667,0.2836,1.0000,1.0000,0.0000,0.0000,1.2562
1186,CITY,FALL,0,1.2676,1.0000,0.6667,0.3378,1.0000,1.0000,0.0000,0.0007,1.2568
1187,CITY,FALL,0,1.2676,1.0000,0.6667,0.3378,1.0000,1.0000,0.0000,0.0007,1.2573
1188,CITY,BURN,0,1.2567,1.0000,0.6667,0.2836,1.0000,1.0000,0.0000,-0.0000,1.2573
1189,CITY,FALL,0,1.2676,1.0000,0.6667,0.3378,1.0000,1.0000,0.0000,0.0006,1.2578
1190,CITY,BURN,0,1.2567,1.0000,0.6667,0.2836,1.0000,1.0000,0.0000,-0.0001,1.2577
1191,CITY,FALL,0,1.2676,1.0000,0.6667,0.3378,1.0000,1.0000,0.0000,0.0006,1.2582
1192,CITY,SPREAD,0,1.2032,1.0000,0.6667,0.0162,1.0000,1.0000,0.0000,-0.0034,1.2555
1193,CITY,GROW,0,1.2480,1.0000,0.6667,0.2399,1.0000,1.0000,0.0000,-0.0004,1.2551
1194,CITY,BURN,0,1.2567,1.0000,0.6667,0.2836,1.0000,1.0000,0.0000,0.0001,1.2552
1195,CITY,BURN,0,1.2567,1.0000,0.6667,0.2836,1.0000,1.0000,0.0000,0.0001,1.2553
1196,CITY,FALL,0,1.2676,1.0000,0.6667,0.3378,1.0000,1.0000,0.0000,0.0007,1.2559
1197,CITY,BURN,0,1.2567,1.0000,0.6667,0.2836,1.0000,1.0000,0.0000,0.0001,1.2559
1198,CITY,BURN,0,1.2567,1.0000,0.6667,0.2836,1.0000,1.0000,0.0000,0.0000,1.2560
1199,CITY,FALL FALL FALL,0,1.2676,1.0000,0.6667,0.3378,1.0000,1.0000,0.0000,0.0007,1.2565
1200,CITY,BURN,0,1.2567,1.0000,0.6667,0.2836,1.0000,1.0000,0.0000,0.0000,1.2566
1201,CITY,FALL,0,1.2676,1.0000,0.6667,0.3378,1.0000,1.0000,0.0000,0.0007,1.2571
1202,CITY,BURN,0,1.2567,1.0000,0.6667,0.2836,1.0000,1.0000,0.0000,-0.0000,1.2571
1203,CITY,BURN,0,1.2567,1.0000,0.6667,0.2836,1.0000,1.0000,0.0000,-0.0000,1.2571
1204,CITY,BURN,0,1.2567,1.0000,0.6667,0.2836,1.0000,1.0000,0.0000,-0.0000,1.2570
1205,CITY,BURN,0,1.2567,1.0000,0.6667,0.2836,1.0000,1.0000,0.0000,-0.0000,1.2570
1206,CITY,BURN FALL,0,1.2610,1.0000,0.6667,0.3050,1.0000,1.0000,0.0000,0.0002,1.2572
1207,CITY,FALL,0,1.2676,1.0000,0.6667,0.3378,1.0000,1.0000,0.0000,0.0006,1.2577
1208,CITY,FALL,0,1.2676,1.0000,0.6667,0.3378,1.0000,1.0000,0.0000,0.0006,1.2582
1209,CITY,BURN,0,1.2567,1.0000,0.6667,0.2836,1.0000,1.0000,0.0000,-0.0001,1.2582
1210,CITY,FALL,0,1.2676,1.0000,0.6667,0.3378,1.0000,1.0000,0.0000,0.0006,1.2586
1211,CITY,GROW,0,1.2480,1.0000,0.6667,0.2399,1.0000,1.0000,0.0000,-0.0006,1.2581
1212,CITY,FALL,0,1.2676,1.0000,0.6667,0.3378,1.0000,1.0000,0.0000,0.0006,1.2586
1213,CITY,BURN,0,1.2567,1.0000,0.6667,0.2836,1.0000,1.0000,0.0000,-0.0001,1.2585
1214,CITY,BURN,0,1.2567,1.0000,0.6667,0.2836,1.0000,1.0000,0.0000,-0.0001,1.2584
1215,CITY,BURN,0,1.2567,1.0000,0.6667,0.2836,1.0000,1.0000,0.0000,-0.0001,1.2583
1216,ROOM,BURN,0,1.2314,1.0000,0.6667,0.1570,1.0000,1.0000,0.0000,-0.1839,1.2570
1217,CITY,FALL,0,1.2676,1.0000,0.6667,0.3378,1.0000,1.0000,0.0000,0.0006,1.2575
1218,CITY,BURN,0,1.2567,1.0000,0.6667,0.2836,1.0000,1.0000,0.0000,-0.0000,1.2575
1219,CITY,BURN,0,1.2567,1.0000,0.6667,0.2836,1.0000,1.0000,0.0000,-0.0000,1.2574
1220,CITY,BURN,0,1.2567,1.0000,0.6667,0.2836,1.0000,1.0000,0.0000,-0.0000,1.2574
1221,CITY,SPREAD,0,1.2032,1.0000,0.6667,0.0162,1.0000,1.0000,0.0000,-0.0032,1.2547
1222,CITY,FALL,0,1.2676,1.0000,0.6667,0.3378,1.0000,1.0000,0.0000,0.0008,1.2553
1223,CITY,BURN,0,1.2567,1.0000,0.6667,0.2836,1.0000,1.0000,0.0000,0.0001,1.2554
1224,CITY,BURN,0,1.2567,1.0000,0.6667,0.2836,1.0000,1.0000,0.0000,0.0001,1.2555
1225,CITY,FALL,0,1.2676,1.0000,0.6667,0.3378,1.0000,1.0000,0.0000,0.0007,1.2561
1226,CITY,BURN,0,1.2567,1.0000,0.6667,0.2836,1.0000,1.0000,0.0000,0.0000,1.2561
1227,CITY,BURN,0,1.2567,1.0000,0.6667,0.2836,1.0000,1.0000,0.0000,0.0000,1.2561
1228,CITY,BURN,0,1.2567,1.0000,0.6667,0.2836,1.0000,1.0000,0.0000,0.0000,1.2562
1229,CITY,BURN,0,1.2567,1.0000,0.6667,0.2836,1.0000,1.0000,0.0000,0.0000,1.2562
1230,CITY,FALL,0,1.2676,1.0000,0.6667,0.3378,1.0000,1.0000,0.0000,0.0007,1.2568
1231,CITY,BURN BURN,0,1.2567,1.0000,0.6667,0.2836,1.0000,1.0000,0.0000,-0.0000,1.2567
1232,CITY,FALL,0,1.2676,1.0000,0.6667,0.3378,1.0000,1.0000,0.0000,0.0007,1.2573
1233,CITY,FALL,0,1.2676,1.0000,0.6667,0.3378,1.0000,1.0000,0.0000,0.0006,1.2578
1234,MEMORY,GROW SPREAD,1,0.2184,0.0000,0.6667,0.0922,1.0000,1.0000,0.0000,-8.3770,1.2058
1235,CITY,BURN,0,1.2567,1.0000,0.6667,0.2836,1.0000,1.0000,0.0000,0.0030,1.2084
1236,CITY,FALL,0,1.2676,1.0000,0.6667,0.3378,1.0000,1.0000,0.0000,0.0033,1.2113
1237,CITY,BURN,0,1.2567,1.0000,0.6667,0.2836,1.0000,1.0000,0.0000,0.0025,1.2136
1238,CITY,BURN,0,1.2567,1.0000,0.6667,0.2836,1.0000,1.0000,0.0000,0.0025,1.2158
1239,CITY,BURN,0,1.2567,1.0000,0.6667,0.2836,1.0000,1.0000,0.0000,0.0023,1.2178
1240,CITY,BURN,0,1.2567,1.0000,0.6667,0.2836,1.0000,1.0000,0.0000,0.0023,1.2198
1241,SECRET CITY,SPREAD,0,1.3020,1.0000,1.0000,0.0101,1.0000,1.0000,1.0000,0.5581,1.2239
1242,CITY,FALL,0,1.2676,1.0000,0.6667,0.3378,1.0000,1.0000,0.0000,0.0025,1.2261
1243,CITY,BURN,0,1.2567,1.0000,0.6667,0.2836,1.0000,1.0000,0.0000,0.0017,1.2276
1244,CITY,FALL,0,1.2676,1.0000,0.6667,0.3378,1.0000,1.0000,0.0000,0.0023,1.2296
1245,CITY,BURN,0,1.2567,1.0000,0.6667,0.2836,1.0000,1.0000,0.0000,0.0015,1.2309
1246,CITY,BURN,0,1.2567,1.0000,0.6667,0.2836,1.0000,1.0000,0.0000,0.0015,1.2322
1247,CITY,FALL,0,1.2676,1.0000,0.6667,0.3378,1.0000,1.0000,0.0000,0.0020,1.2340
1248,CITY,FALL,0,1.2676,1.0000,0.6667,0.3378,1.0000,1.0000,0.0000,0.0019,1.2357
1249,CITY,FALL,0,1.2676,1.0000,0.6667,0.3378,1.0000,1.0000,0.0000,0.0018,1.2373
1250,CITY,FALL,0,1.2676,1.0000,0.6667,0.3378,1.0000,1.0000,0.0000,0.0017,1.2388
1251,CITY,BURN,0,1.2567,1.0000,0.6667,0.2836,1.0000,1.0000,0.0000,0.0010,1.2397
1252,CITY,FALL,0,1.2676,1.0000,0.6667,0.3378,1.0000,1.0000,0.0000,0.0016,1.2411
1253,CITY,BURN,0,1.2567,1.0000,0.6667,0.2836,1.0000,1.0000,0.0000,0.0009,1.2419
1254,BRIDGE,FALL FALL,0,1.2312,1.0000,0.6667,0.1559,1.0000,1.0000,0.0000,-0.0731,1.2413
1255,CITY,FALL,0,1.2676,1.0000,0.6667,0.3378,1.0000,1.0000,0.0000,0.0015,1.2426
1256,CITY,FALL,0,1.2676,1.0000,0.6667,0.3378,1.0000,1.0000,0.0000,0.0014,1.2439
1257,CITY,BURN,0,1.2567,1.0000,0.6667,0.2836,1.0000,1.0000,0.0000,0.0007,1.2445
1258,CITY,BURN,0,1.2567,1.0000,0.6667,0.2836,1.0000,1.0000,0.0000,0.0007,1.2451
1259,CITY,GROW,0,1.2480,1.0000,0.6667,0.2399,1.0000,1.0000,0.0000,0.0002,1.2453
1260,CITY,BURN,0,1.2567,1.0000,0.6667,0.2836,1.0000,1.0000,0.0000,0.0007,1.2458
1261,CITY,BURN,0,1.2567,1.0000,0.6667,0.2836,1.0000,1.0000,0.0000,0.0006,1.2464
1262,CITY,BURN,0,1.2567,1.0000,0.6667,0.2836,1.0000,1.0000,0.0000,0.0006,1.2469
1263,CITY,BURN,0,1.2567,1.0000,0.6667,0.2836,1.0000,1.0000,0.0000,0.0006,1.2474
1264,CITY,BURN,0,1.2567,1.0000,0.6667,0.2836,1.0000,1.0000,0.0000,0.0005,1.2479
1265,CITY,FALL,0,1.2676,1.0000,0.6667,0.3378,1.0000,1.0000,0.0000,0.0011,1.2488
1266,CITY,BURN,0,1.2567,1.0000,0.6667,0.2836,1.0000,1.0000,0.0000,0.0004,1.2492
1267,CITY,BURN,0,1.2567,1.0000,0.6667,0.2836,1.0000,1.0000,0.0000,0.0004,1.2496
1268,MARKET,FALL,0,1.2676,1.0000,0.6667,0.3378,1.0000,1.0000,0.0000,0.1124,1.2505
1269,CITY,FALL,0,1.2676,1.0000,0.6667,0.3378,1.0000,1.0000,0.0000,0.0010,1.2514
1270,CITY,BURN FALL,0,1.2610,1.0000,0.6667,0.3050,1.0000,1.0000,0.0000,0.0005,1.2518
1271,CITY,BURN,0,1.2567,1.0000,0.6667,0.2836,1.0000,1.0000,0.0000,0.0003,1.2521
1272,CITY,FALL SPREAD,0,1.2110,1.0000,0.6667,0.0549,1.0000,1.0000,0.0000,-0.0023,1.2500
1273,CITY,GROW,0,1.2480,1.0000,0.6667,0.2399,1.0000,1.0000,0.0000,-0.0001,1.2499
1274,CITY,BURN,0,1.2567,1.0000,0.6667,0.2836,1.0000,1.0000,0.0000,0.0004,1.2503
1275,STONE,FALL,1,0.2000,0.0000,0.6667,0.0000,1.0000,1.0000,0.0000,-8.9746,1.1978
1276,CITY,FALL,0,1.2676,1.0000,0.6667,0.3378,1.0000,1.0000,0.0000,0.0040,1.2012
1277,CITY,FALL BURN,0,1.2610,1.0000,0.6667,0.3050,1.0000,1.0000,0.0000,0.0034,1.2042
1278,CITY,BURN BURN,0,1.2567,1.0000,0.6667,0.2836,1.0000,1.0000,0.0000,0.0030,1.2069
1279,CITY,GROW,0,1.2480,1.0000,0.6667,0.2399,1.0000,1.0000,0.0000,0.0022,1.2089
1280,CITY,BURN,0,1.2567,1.0000,0.6667,0.2836,1.0000,1.0000,0.0000,0.0025,1.2113
1281,CITY,FALL FALL,0,1.2676,1.0000,0.6667,0.3378,1.0000,1.0000,0.0000,0.0031,1.2141
1282,CONNECTED SOLDIER BURN BUILD BRIDGE BUILD,SMALL CLOCK,1,0.3141,0.0000,1.0000,0.0705,1.0000,1.0000,1.0000,-21.5342,1.1691
1283,CITY,FALL,0,1.2676,1.0000,0.6667,0.3378,1.0000,1.0000,0.0000,0.0052,1.1740
1284,CITY,BURN,0,1.2567,1.0000,0.6667,0.2836,1.0000,1.0000,0.0000,0.0045,1.1782
1285,CITY,FALL,0,1.2676,1.0000,0.6667,0.3378,1.0000,1.0000,0.0000,0.0045,1.1826
1286,CITY,FALL,0,1.2676,1.0000,0.6667,0.3378,1.0000,1.0000,0.0000,0.0045,1.1869
1287,CITY,FALL,0,1.2676,1.0000,0.6667,0.3378,1.0000,1.0000,0.0000,0.0042,1.1909
1288,CITY,FALL,0,1.2676,1.0000,0.6667,0.3378,1.0000,1.0000,0.0000,0.0039,1.1948
1289,CITY,FALL,0,1.2676,1.0000,0.6667,0.3378,1.0000,1.0000,0.0000,0.0037,1.1984
1290,CITY,BURN,0,1.2567,1.0000,0.6667,0.2836,1.0000,1.0000,0.0000,0.0029,1.2013
1291,CITY,FALL,0,1.2676,1.0000,0.6667,0.3378,1.0000,1.0000,0.0000,0.0033,1.2046
1292,PRISON,FALL,0,1.2676,1.0000,0.6667,0.3378,1.0000,1.0000,0.0000,0.3067,1.2078
1293,CITY,BURN,0,1.2567,1.0000,0.6667,0.2836,1.0000,1.0000,0.0000,0.0025,1.2102
1294,CITY,TALK BURN,0,1.2296,1.0000,0.6667,0.1481,1.0000,1.0000,0.0000,0.0010,1.2112
1295,CITY,FALL,0,1.2676,1.0000,0.6667,0.3378,1.0000,1.0000,0.0000,0.0029,1.2140
1296,CITY,FALL,0,1.2676,1.0000,0.6667,0.3378,1.0000,1.0000,0.0000,0.0028,1.2167
1297,CITY,GROW,0,1.2480,1.0000,0.6667,0.2399,1.0000,1.0000,0.0000,0.0016,1.2182
1298,CITY,FALL,0,1.2676,1.0000,0.6667,0.3378,1.0000,1.0000,0.0000,0.0025,1.2207
1299,CITY,BURN,0,1.2567,1.0000,0.6667,0.2836,1.0000,1.0000,0.0000,0.0018,1.2225
1300,CITY,FALL,0,1.2676,1.0000,0.6667,0.3378,1.0000,1.0000,0.0000,0.0023,1.2248
1301,CITY,FALL,0,1.2676,1.0000,0.6667,0.3378,1.0000,1.0000,0.0000,0.0022,1.2269
1302,CITY,FALL,0,1.2676,1.0000,0.6667,0.3378,1.0000,1.0000,0.0000,0.0021,1.2289
1303,OPTIMAL KEY,GENERATE SECRET ALGORITHM,0,1.3333,1.0000,1.0000,0.1666,1.0000,1.0000,1.0000,1.1973,1.2342
1304,CITY,FALL,0,1.2676,1.0000,0.6667,0.3378,1.0000,1.0000,0.0000,0.0017,1.2358
1305,CITY,FALL,0,1.2676,1.0000,0.6667,0.3378,1.0000,1.0000,0.0000,0.0016,1.2374
1306,CITY,FALL,0,1.2676,1.0000,0.6667,0.3378,1.0000,1.0000,0.0000,0.0016,1.2389
1307,CITY,BURN,0,1.2567,1.0000,0.6667,0.2836,1.0000,1.0000,0.0000,0.0009,1.2398
1308,LIE,GROW GROW,1,0.2831,0.0000,0.6667,0.4155,1.0000,1.0000,0.0000,-8.4423,1.1920
1309,CITY,BURN,0,1.2567,1.0000,0.6667,0.2836,1.0000,1.0000,0.0000,0.0034,1.1952
1310,CITY,BURN SPREAD,0,1.2151,1.0000,0.6667,0.0756,1.0000,1.0000,0.0000,0.0010,1.1962
1311,CITY,SPREAD,0,1.2032,1.0000,0.6667,0.0162,1.0000,1.0000,0.0000,0.0004,1.1966
1312,CITY,FALL,0,1.2676,1.0000,0.6667,0.3378,1.0000,1.0000,0.0000,0.0037,1.2001
1313,CITY,FALL,0,1.2676,1.0000,0.6667,0.3378,1.0000,1.0000,0.0000,0.0036,1.2035
1314,CITY,FALL,0,1.2676,1.0000,0.6667,0.3378,1.0000,1.0000,0.0000,0.0032,1.2067
1315,CITY,BURN,0,1.2567,1.0000,0.6667,0.2836,1.0000,1.0000,0.0000,0.0028,1.2092
1316,MAN,CHOOSE TRAPPED WOLF,1,0.2707,0.0000,0.8889,0.0201,0.6667,1.0000,1.0000,-8.1170,1.1623
1317,CITY,SPREAD,0,1.2032,1.0000,0.6667,0.0162,1.0000,1.0000,0.0000,0.0021,1.1643
1318,CITY,FALL,0,1.2676,1.0000,0.6667,0.3378,1.0000,1.0000,0.0000,0.0051,1.1695
1319,CITY,FALL,0,1.2676,1.0000,0.6667,0.3378,1.0000,1.0000,0.0000,0.0049,1.1744
1320,CITY,GROW,0,1.2480,1.0000,0.6667,0.2399,1.0000,1.0000,0.0000,0.0037,1.1781
1321,CITY,FALL,0,1.2676,1.0000,0.6667,0.3378,1.0000,1.0000,0.0000,0.0044,1.1825
1322,CITY,FALL FALL,0,1.2676,1.0000,0.6667,0.3378,1.0000,1.0000,0.0000,0.0041,1.1868
1323,CITY,SPREAD,0,1.2032,1.0000,0.6667,0.0162,1.0000,1.0000,0.0000,0.0008,1.1876
1324,CITY,FALL,0,1.2676,1.0000,0.6667,0.3378,1.0000,1.0000,0.0000,0.0039,1.1916
1325,CITY,BURN,0,1.2567,1.0000,0.6667,0.2836,1.0000,1.0000,0.0000,0.0031,1.1949
1326,CITY,FALL,0,1.2676,1.0000,0.6667,0.3378,1.0000,1.0000,0.0000,0.0033,1.1985
1327,CITY,BURN,0,1.2567,1.0000,0.6667,0.2836,1.0000,1.0000,0.0000,0.0027,1.2014
1328,CITY,FALL,0,1.2676,1.0000,0.6667,0.3378,1.0000,1.0000,0.0000,0.0032,1.2047
1329,CITY,BURN,0,1.2567,1.0000,0.6667,0.2836,1.0000,1.0000,0.0000,0.0024,1.2073
1330,CITY,FALL,0,1.2676,1.0000,0.6667,0.3378,1.0000,1.0000,0.0000,0.0027,1.2103
1331,CITY,BURN,0,1.2567,1.0000,0.6667,0.2836,1.0000,1.0000,0.0000,0.0021,1.2126
1332,CITY,BURN,0,1.2567,1.0000,0.6667,0.2836,1.0000,1.0000,0.0000,0.0020,1.2148
1333,CITY,BURN,0,1.2567,1.0000,0.6667,0.2836,1.0000,1.0000,0.0000,0.0019,1.2169
1334,CITY,BURN,0,1.2567,1.0000,0.6667,0.2836,1.0000,1.0000,0.0000,0.0017,1.2189
1335,CITY,BURN,0,1.2567,1.0000,0.6667,0.2836,1.0000,1.0000,0.0000,0.0018,1.2208
1336,CITY,SPREAD,0,1.2032,1.0000,0.6667,0.0162,1.0000,1.0000,0.0000,-0.0008,1.2199
1337,CITY,FALL,0,1.2676,1.0000,0.6667,0.3378,1.0000,1.0000,0.0000,0.0021,1.2223
1338,CITY,FALL BURN,0,1.2610,1.0000,0.6667,0.3050,1.0000,1.0000,0.0000,0.0017,1.2243
1339,CITY,FALL,0,1.2676,1.0000,0.6667,0.3378,1.0000,1.0000,0.0000,0.0019,1.2264
1340,CITY,FALL,0,1.2676,1.0000,0.6667,0.3378,1.0000,1.0000,0.0000,0.0018,1.2285
1341,CITY,FALL,0,1.2676,1.0000,0.6667,0.3378,1.0000,1.0000,0.0000,0.0017,1.2304
1342,CITY,FALL,0,1.2676,1.0000,0.6667,0.3378,1.0000,1.0000,0.0000,0.0016,1.2323
1343,CITY,BURN,0,1.2567,1.0000,0.6667,0.2836,1.0000,1.0000,0.0000,0.0011,1.2335
1344,CITY,FALL,0,1.2676,1.0000,0.6667,0.3378,1.0000,1.0000,0.0000,0.0015,1.2352
1345,CITY,BURN,0,1.2567,1.0000,0.6667,0.2836,1.0000,1.0000,0.0000,0.0009,1.2363
1346,CITY,BURN,0,1.2567,1.0000,0.6667,0.2836,1.0000,1.0000,0.0000,0.0009,1.2373
1347,CITY,BURN,0,1.2567,1.0000,0.6667,0.2836,1.0000,1.0000,0.0000,0.0008,1.2383
1348,CITY,FALL,0,1.2676,1.0000,0.6667,0.3378,1.0000,1.0000,0.0000,0.0013,1.2397
1349,CITY,FALL GROW BURN,0,1.2551,1.0000,0.6667,0.2757,1.0000,1.0000,0.0000,0.0007,1.2405
1350,CITY,FALL FALL,0,1.2676,1.0000,0.6667,0.3378,1.0000,1.0000,0.0000,0.0011,1.2419
1351,CITY,FALL,0,1.2676,1.0000,0.6667,0.3378,1.0000,1.0000,0.0000,0.0011,1.2432
1352,CITY,FALL,0,1.2676,1.0000,0.6667,0.3378,1.0000,1.0000,0.0000,0.0010,1.2444
1353,CITY,BURN,0,1.2567,1.0000,0.6667,0.2836,1.0000,1.0000,0.0000,0.0005,1.2450
1354,CITY,BURN,0,1.2567,1.0000,0.6667,0.2836,1.0000,1.0000,0.0000,0.0005,1.2456
1355,CITY,GROW,0,1.2480,1.0000,0.6667,0.2399,1.0000,1.0000,0.0000,0.0001,1.2457
1356,CITY,FALL,0,1.2676,1.0000,0.6667,0.3378,1.0000,1.0000,0.0000,0.0009,1.2468
1357,CITY,BURN SPREAD,0,1.2151,1.0000,0.6667,0.0756,1.0000,1.0000,0.0000,-0.0014,1.2452
1358,CITY,FALL,0,1.2676,1.0000,0.6667,0.3378,1.0000,1.0000,0.0000,0.0009,1.2463
1359,CITY,BURN,0,1.2567,1.0000,0.6667,0.2836,1.0000,1.0000,0.0000,0.0004,1.2468
1360,CITY,BURN BURN,0,1.2567,1.0000,0.6667,0.2836,1.0000,1.0000,0.0000,0.0004,1.2473
1361,CITY,BURN,0,1.2567,1.0000,0.6667,0.2836,1.0000,1.0000,0.0000,0.0004,1.2478
1362,CITY,FALL,0,1.2676,1.0000,0.6667,0.3378,1.0000,1.0000,0.0000,0.0008,1.2488
1363,CITY,FALL,0,1.2676,1.0000,0.6667,0.3378,1.0000,1.0000,0.0000,0.0008,1.2497
1364,CITY,BURN,0,1.2567,1.0000,0.6667,0.2836,1.0000,1.0000,0.0000,0.0003,1.2501
1365,CITY,FALL,0,1.2676,1.0000,0.6667,0.3378,1.0000,1.0000,0.0000,0.0007,1.2510
1366,CITY,FALL,0,1.2676,1.0000,0.6667,0.3378,1.0000,1.0000,0.0000,0.0007,1.2518
1367,INSECT,HEAR SMALL STONE HEAR STRANGER HEAR ANGRY OBEDIENT CAT,1,0.2655,0.0000,0.8667,0.0273,0.6000,1.0000,1.0000,-8.3003,1.2025
1368,CITY,FALL,0,1.2676,1.0000,0.6667,0.3378,1.0000,1.0000,0.0000,0.0027,1.2057
1369,CITY,BURN,0,1.2567,1.0000,0.6667,0.2836,1.0000,1.0000,0.0000,0.0021,1.2083
1370,CITY,FALL,0,1.2676,1.0000,0.6667,0.3378,1.0000,1.0000,0.0000,0.0024,1.2112
1371,CITY,FALL,0,1.2676,1.0000,0.6667,0.3378,1.0000,1.0000,0.0000,0.0023,1.2141
1372,CITY,FALL,0,1.2676,1.0000,0.6667,0.3378,1.0000,1.0000,0.0000,0.0021,1.2167
1373,CITY,BURN,0,1.2567,1.0000,0.6667,0.2836,1.0000,1.0000,0.0000,0.0016,1.2187
1374,CITY,BURN,0,1.2567,1.0000,0.6667,0.2836,1.0000,1.0000,0.0000,0.0015,1.2206
1375,CITY,BURN,0,1.2567,1.0000,0.6667,0.2836,1.0000,1.0000,0.0000,0.0014,1.2224
1376,CITY,BURN,0,1.2567,1.0000,0.6667,0.2836,1.0000,1.0000,0.0000,0.0013,1.2241
1377,CITY,GROW,0,1.2480,1.0000,0.6667,0.2399,1.0000,1.0000,0.0000,0.0009,1.2253
1378,CITY,BURN,0,1.2567,1.0000,0.6667,0.2836,1.0000,1.0000,0.0000,0.0012,1.2269
1379,CITY,FALL GROW,0,1.2544,1.0000,0.6667,0.2720,1.0000,1.0000,0.0000,0.0011,1.2283
1380,CITY,BURN,0,1.2567,1.0000,0.6667,0.2836,1.0000,1.0000,0.0000,0.0012,1.2297
1381,CITY,FALL BURN BURN,0,1.2594,1.0000,0.6667,0.2969,1.0000,1.0000,0.0000,0.0011,1.2312
1382,CITY,BURN,0,1.2567,1.0000,0.6667,0.2836,1.0000,1.0000,0.0000,0.0010,1.2325
1383,CITY,FALL,0,1.2676,1.0000,0.6667,0.3378,1.0000,1.0000,0.0000,0.0014,1.2342
1384,CITY,BURN,0,1.2567,1.0000,0.6667,0.2836,1.0000,1.0000,0.0000,0.0008,1.2353
1385,CITY,BURN,0,1.2567,1.0000,0.6667,0.2836,1.0000,1.0000,0.0000,0.0008,1.2364
1386,CITY,FALL,0,1.2676,1.0000,0.6667,0.3378,1.0000,1.0000,0.0000,0.0012,1.2380
1387,CITY,FALL,0,1.2676,1.0000,0.6667,0.3378,1.0000,1.0000,0.0000,0.0011,1.2394
1388,CITY,BURN,0,1.2567,1.0000,0.6667,0.2836,1.0000,1.0000,0.0000,0.0006,1.2403
1389,CITY,FALL BURN,0,1.2610,1.0000,0.6667,0.3050,1.0000,1.0000,0.0000,0.0008,1.2413
1390,CITY,FALL,0,1.2676,1.0000,0.6667,0.3378,1.0000,1.0000,0.0000,0.0010,1.2427
1391,CITY,FALL,0,1.2676,1.0000,0.6667,0.3378,1.0000,1.0000,0.0000,0.0009,1.2439
1392,CITY,BURN,0,1.2567,1.0000,0.6667,0.2836,1.0000,1.0000,0.0000,0.0005,1.2445
1393,CITY,BURN,0,1.2567,1.0000,0.6667,0.2836,1.0000,1.0000,0.0000,0.0005,1.2452
1394,CITY,FALL,0,1.2676,1.0000,0.6667,0.3378,1.0000,1.0000,0.0000,0.0008,1.2463
1395,ROAD,FAIL,0,1.2667,1.0000,0.6667,0.3333,1.0000,1.0000,0.0000,0.1457,1.2473
1396,CITY,FALL,0,1.2676,1.0000,0.6667,0.3378,1.0000,1.0000,0.0000,0.0007,1.2483
1397,CITY,FALL,0,1.2676,1.0000,0.6667,0.3378,1.0000,1.0000,0.0000,0.0007,1.2493
1398,CITY,FALL,0,1.2676,1.0000,0.6667,0.3378,1.0000,1.0000,0.0000,0.0007,1.2502
1399,CITY,FALL,0,1.2676,1.0000,0.6667,0.3378,1.0000,1.0000,0.0000,0.0006,1.2511
1400,CITY,FALL,0,1.2676,1.0000,0.6667,0.3378,1.0000,1.0000,0.0000,0.0006,1.2519
1401,CITY,FALL,0,1.2676,1.0000,0.6667,0.3378,1.0000,1.0000,0.0000,0.0006,1.2527
1402,CITY,FALL,0,1.2676,1.0000,0.6667,0.3378,1.0000,1.0000,0.0000,0.0005,1.2534
1403,CITY,BURN,0,1.2567,1.0000,0.6667,0.2836,1.0000,1.0000,0.0000,0.0001,1.2536
1404,CITY,BURN,0,1.2567,1.0000,0.6667,0.2836,1.0000,1.0000,0.0000,0.0001,1.2537
1405,PRISON,SPREAD,0,1.2032,1.0000,0.6667,0.0162,1.0000,1.0000,0.0000,-0.2588,1.2512
1406,CITY,FALL,0,1.2676,1.0000,0.6667,0.3378,1.0000,1.0000,0.0000,0.0006,1.2520
1407,CITY,SPREAD,0,1.2032,1.0000,0.6667,0.0162,1.0000,1.0000,0.0000,-0.0018,1.2496
1408,CITY,BURN,0,1.2567,1.0000,0.6667,0.2836,1.0000,1.0000,0.0000,0.0003,1.2499
1409,CITY,FALL,0,1.2676,1.0000,0.6667,0.3378,1.0000,1.0000,0.0000,0.0006,1.2508
1410,CITY,BURN,0,1.2567,1.0000,0.6667,0.2836,1.0000,1.0000,0.0000,0.0002,1.2511
1411,CITY,FALL,0,1.2676,1.0000,0.6667,0.3378,1.0000,1.0000,0.0000,0.0006,1.2519
1412,CITY,BURN,0,1.2567,1.0000,0.6667,0.2836,1.0000,1.0000,0.0000,0.0002,1.2522
1413,CITY,FALL,0,1.2676,1.0000,0.6667,0.3378,1.0000,1.0000,0.0000,0.0005,1.2529
1414,CITY,BURN,0,1.2567,1.0000,0.6667,0.2836,1.0000,1.0000,0.0000,0.0001,1.2531
1415,CITY,GROW,0,1.2480,1.0000,0.6667,0.2399,1.0000,1.0000,0.0000,-0.0002,1.2529
1416,CITY,BURN,0,1.2567,1.0000,0.6667,0.2836,1.0000,1.0000,0.0000,0.0001,1.2531
1417,CITY,FALL BURN,0,1.2610,1.0000,0.6667,0.3050,1.0000,1.0000,0.0000,0.0003,1.2535
1418,CITY,FALL,0,1.2676,1.0000,0.6667,0.3378,1.0000,1.0000,0.0000,0.0005,1.2542
1419,CITY,FALL,0,1.2676,1.0000,0.6667,0.3378,1.0000,1.0000,0.0000,0.0004,1.2548
1420,CITY,BURN,0,1.2567,1.0000,0.6667,0.2836,1.0000,1.0000,0.0000,0.0001,1.2549
1421,CITY,SPREAD,0,1.2032,1.0000,0.6667,0.0162,1.0000,1.0000,0.0000,-0.0018,1.2523
1422,CITY,FALL,0,1.2676,1.0000,0.6667,0.3378,1.0000,1.0000,0.0000,0.0005,1.2531
1423,CITY,FALL,0,1.2676,1.0000,0.6667,0.3378,1.0000,1.0000,0.0000,0.0005,1.2538
1424,CITY,BURN,0,1.2567,1.0000,0.6667,0.2836,1.0000,1.0000,0.0000,0.0001,1.2540
1425,CITY,FALL,0,1.2676,1.0000,0.6667,0.3378,1.0000,1.0000,0.0000,0.0005,1.2547
1426,CITY,FALL,0,1.2676,1.0000,0.6667,0.3378,1.0000,1.0000,0.0000,0.0004,1.2553
1427,CITY,FALL,0,1.2676,1.0000,0.6667,0.3378,1.0000,1.0000,0.0000,0.0004,1.2559
1428,CITY,FALL,0,1.2676,1.0000,0.6667,0.3378,1.0000,1.0000,0.0000,0.0004,1.2565
1429,CITY,FALL BURN,0,1.2610,1.0000,0.6667,0.3050,1.0000,1.0000,0.0000,0.0002,1.2567
1430,CITY,FAIL,0,1.2513,1.0000,0.6667,0.2567,1.0000,1.0000,0.0000,-0.0002,1.2565
1431,CITY,FALL,0,1.2676,1.0000,0.6667,0.3378,1.0000,1.0000,0.0000,0.0004,1.2570
1432,CITY,BURN,0,1.2567,1.0000,0.6667,0.2836,1.0000,1.0000,0.0000,-0.0000,1.2570
1433,CITY,BURN,0,1.2567,1.0000,0.6667,0.2836,1.0000,1.0000,0.0000,-0.0000,1.2570
1434,CITY,BURN,0,1.2567,1.0000,0.6667,0.2836,1.0000,1.0000,0.0000,-0.0000,1.2570
1435,CITY,SPREAD,0,1.2032,1.0000,0.6667,0.0162,1.0000,1.0000,0.0000,-0.0019,1.2543
1436,DEAD,LEADER FALL BURN,1,0.4524,0.0000,1.0000,0.7619,1.0000,1.0000,1.0000,-5.6797,1.2142
1437,CITY,GROW,0,1.2480,1.0000,0.6667,0.2399,1.0000,1.0000,0.0000,0.0011,1.2159
1438,CITY,FALL,0,1.2676,1.0000,0.6667,0.3378,1.0000,1.0000,0.0000,0.0017,1.2185
1439,CITY,FALL FALL,0,1.2676,1.0000,0.6667,0.3378,1.0000,1.0000,0.0000,0.0016,1.2209
1440,CITY,BURN,0,1.2567,1.0000,0.6667,0.2836,1.0000,1.0000,0.0000,0.0012,1.2227
1441,CITY,GROW,0,1.2480,1.0000,0.6667,0.2399,1.0000,1.0000,0.0000,0.0008,1.2240
1442,CITY,BURN,0,1.2567,1.0000,0.6667,0.2836,1.0000,1.0000,0.0000,0.0011,1.2256
1443,CITY,FALL,0,1.2676,1.0000,0.6667,0.3378,1.0000,1.0000,0.0000,0.0014,1.2277
1444,CITY,GROW,0,1.2480,1.0000,0.6667,0.2399,1.0000,1.0000,0.0000,0.0006,1.2287
1445,CITY,FALL,0,1.2676,1.0000,0.6667,0.3378,1.0000,1.0000,0.0000,0.0012,1.2307
1446,CITY,BURN,0,1.2567,1.0000,0.6667,0.2836,1.0000,1.0000,0.0000,0.0008,1.2320
1447,CITY,BURN,0,1.2567,1.0000,0.6667,0.2836,1.0000,1.0000,0.0000,0.0008,1.2332
1448,CITY,FALL,0,1.2676,1.0000,0.6667,0.3378,1.0000,1.0000,0.0000,0.0011,1.2349
1449,CITY,FALL,0,1.2676,1.0000,0.6667,0.3378,1.0000,1.0000,0.0000,0.0011,1.2365
1450,CITY,FALL,0,1.2676,1.0000,0.6667,0.3378,1.0000,1.0000,0.0000,0.0010,1.2381
1451,CITY,TALK,0,1.2274,1.0000,0.6667,0.1370,1.0000,1.0000,0.0000,-0.0003,1.2376
1452,CITY,FALL,0,1.2676,1.0000,0.6667,0.3378,1.0000,1.0000,0.0000,0.0009,1.2391
1453,CITY,BURN,0,1.2567,1.0000,0.6667,0.2836,1.0000,1.0000,0.0000,0.0005,1.2399
1454,CITY,BURN,0,1.2567,1.0000,0.6667,0.2836,1.0000,1.0000,0.0000,0.0005,1.2408
1455,CITY,FALL,0,1.2676,1.0000,0.6667,0.3378,1.0000,1.0000,0.0000,0.0008,1.2421
1456,CITY,BURN,0,1.2567,1.0000,0.6667,0.2836,1.0000,1.0000,0.0000,0.0004,1.2429
1457,CITY,FALL,0,1.2676,1.0000,0.6667,0.3378,1.0000,1.0000,0.0000,0.0007,1.2441
1458,CITY,BURN,0,1.2567,1.0000,0.6667,0.2836,1.0000,1.0000,0.0000,0.0004,1.2447
1459,CITY,FALL,0,1.2676,1.0000,0.6667,0.3378,1.0000,1.0000,0.0000,0.0007,1.2459
1460,CITY,GROW BURN,0,1.2514,1.0000,0.6667,0.2571,1.0000,1.0000,0.0000,0.0002,1.2461
1461,CITY,FALL,0,1.2676,1.0000,0.6667,0.3378,1.0000,1.0000,0.0000,0.0007,1.2472
1462,CITY,BURN,0,1.2567,1.0000,0.6667,0.2836,1.0000,1.0000,0.0000,0.0003,1.2477
1463,CITY,BURN,0,1.2567,1.0000,0.6667,0.2836,1.0000,1.0000,0.0000,0.0003,1.2481
1464,CITY,BURN,0,1.2567,1.0000,0.6667,0.2836,1.0000,1.0000,0.0000,0.0003,1.2486
1465,CITY,FALL,0,1.2676,1.0000,0.6667,0.3378,1.0000,1.0000,0.0000,0.0006,1.2495
1466,CITY,BURN FALL,0,1.2610,1.0000,0.6667,0.3050,1.0000,1.0000,0.0000,0.0003,1.2501
1467,CITY,BURN,0,1.2567,1.0000,0.6667,0.2836,1.0000,1.0000,0.0000,0.0002,1.2504
1468,CITY,FALL,0,1.2676,1.0000,0.6667,0.3378,1.0000,1.0000,0.0000,0.0005,1.2513
1469,CITY,BURN,0,1.2567,1.0000,0.6667,0.2836,1.0000,1.0000,0.0000,0.0002,1.2516
1470,CITY,BURN FALL,0,1.2610,1.0000,0.6667,0.3050,1.0000,1.0000,0.0000,0.0003,1.2520
1471,CITY,FALL,0,1.2676,1.0000,0.6667,0.3378,1.0000,1.0000,0.0000,0.0005,1.2528
1472,CITY,FALL,0,1.2676,1.0000,0.6667,0.3378,1.0000,1.0000,0.0000,0.0004,1.2535
1473,CITY,FALL,0,1.2676,1.0000,0.6667,0.3378,1.0000,1.0000,0.0000,0.0004,1.2542
1474,CITY,SPREAD BURN,0,1.2151,1.0000,0.6667,0.0756,1.0000,1.0000,0.0000,-0.0012,1.2523
1475,CITY,FALL,0,1.2676,1.0000,0.6667,0.3378,1.0000,1.0000,0.0000,0.0005,1.2530
1476,CITY,GROW,0,1.2480,1.0000,0.6667,0.2399,1.0000,1.0000,0.0000,-0.0002,1.2528
1477,CITY,SPREAD,0,1.2032,1.0000,0.6667,0.0162,1.0000,1.0000,0.0000,-0.0015,1.2503
1478,CITY,BURN,0,1.2567,1.0000,0.6667,0.2836,1.0000,1.0000,0.0000,0.0002,1.2506
1479,CITY,BURN,0,1.2567,1.0000,0.6667,0.2836,1.0000,1.0000,0.0000,0.0002,1.2509
1480,MOUNTAIN,BURN,0,1.2049,1.0000,0.6667,0.0243,1.0000,1.0000,0.0000,-0.3412,1.2486
1481,CITY,BURN,0,1.2567,1.0000,0.6667,0.2836,1.0000,1.0000,0.0000,0.0002,1.2490
1482,CITY,FALL,0,1.2676,1.0000,0.6667,0.3378,1.0000,1.0000,0.0000,0.0006,1.2500
1483,CITY,BURN,0,1.2567,1.0000,0.6667,0.2836,1.0000,1.0000,0.0000,0.0002,1.2503
1484,CITY,FALL,0,1.2676,1.0000,0.6667,0.3378,1.0000,1.0000,0.0000,0.0005,1.2512
1485,CITY,FALL,0,1.2676,1.0000,0.6667,0.3378,1.0000,1.0000,0.0000,0.0005,1.2520
1486,CITY,FALL,0,1.2676,1.0000,0.6667,0.3378,1.0000,1.0000,0.0000,0.0004,1.2528
1487,CITY,GROW,0,1.2480,1.0000,0.6667,0.2399,1.0000,1.0000,0.0000,-0.0001,1.2525
1488,CITY,BURN,0,1.2567,1.0000,0.6667,0.2836,1.0000,1.0000,0.0000,0.0001,1.2527
1489,CITY,FALL,0,1.2676,1.0000,0.6667,0.3378,1.0000,1.0000,0.0000,0.0004,1.2535
1490,CITY,BURN,0,1.2567,1.0000,0.6667,0.2836,1.0000,1.0000,0.0000,0.0001,1.2536
1491,CITY,BURN,0,1.2567,1.0000,0.6667,0.2836,1.0000,1.0000,0.0000,0.0001,1.2538
1492,CITY,FALL,0,1.2676,1.0000,0.6667,0.3378,1.0000,1.0000,0.0000,0.0004,1.2545
1493,CITY,BURN,0,1.2567,1.0000,0.6667,0.2836,1.0000,1.0000,0.0000,0.0001,1.2546
1494,CITY,FALL,0,1.2676,1.0000,0.6667,0.3378,1.0000,1.0000,0.0000,0.0004,1.2552
1495,CITY,FALL,0,1.2676,1.0000,0.6667,0.3378,1.0000,1.0000,0.0000,0.0003,1.2559
1496,CITY,BURN,0,1.2567,1.0000,0.6667,0.2836,1.0000,1.0000,0.0000,0.0000,1.2559
1497,CITY,BURN,0,1.2567,1.0000,0.6667,0.2836,1.0000,1.0000,0.0000,0.0000,1.2559
1498,CITY,FALL,0,1.2676,1.0000,0.6667,0.3378,1.0000,1.0000,0.0000,0.0003,1.2565
1499,CITY,FALL,0,1.2676,1.0000,0.6667,0.3378,1.0000,1.0000,0.0000,0.0003,1.2571
1500,CITY,BURN,0,1.2567,1.0000,0.6667,0.2836,1.0000,1.0000,0.0000,-0.0000,1.2571
1501,CITY,BURN,0,1.2567,1.0000,0.6667,0.2836,1.0000,1.0000,0.0000,-0.0000,1.2570
1502,CITY,BURN,0,1.2567,1.0000,0.6667,0.2836,1.0000,1.0000,0.0000,-0.0000,1.2570
1503,CITY,BURN,0,1.2567,1.0000,0.6667,0.2836,1.0000,1.0000,0.0000,-0.0000,1.2570
1504,CITY,SPREAD,0,1.2032,1.0000,0.6667,0.0162,1.0000,1.0000,0.0000,-0.0015,1.2543
1505,CITY,FALL,0,1.2676,1.0000,0.6667,0.3378,1.0000,1.0000,0.0000,0.0004,1.2550
1506,CITY,FALL,0,1.2676,1.0000,0.6667,0.3378,1.0000,1.0000,0.0000,0.0004,1.2556
1507,CITY,FALL,0,1.2676,1.0000,0.6667,0.3378,1.0000,1.0000,0.0000,0.0003,1.2562
1508,CITY,BURN,0,1.2567,1.0000,0.6667,0.2836,1.0000,1.0000,0.0000,0.0000,1.2562
1509,CITY,FALL,0,1.2676,1.0000,0.6667,0.3378,1.0000,1.0000,0.0000,0.0003,1.2568
1510,CITY,SPREAD,0,1.2032,1.0000,0.6667,0.0162,1.0000,1.0000,0.0000,-0.0014,1.2541
1511,CITY,FALL,0,1.2676,1.0000,0.6667,0.3378,1.0000,1.0000,0.0000,0.0004,1.2548
1512,SEED BURN,MOVE BIG DORMANT HORSE,0,1.2762,1.0000,0.8889,0.0477,1.0000,0.6667,1.0000,0.2612,1.2559
1513,CITY,BURN,0,1.2567,1.0000,0.6667,0.2836,1.0000,1.0000,0.0000,0.0000,1.2559
1514,CITY,FALL,0,1.2676,1.0000,0.6667,0.3378,1.0000,1.0000,0.0000,0.0003,1.2565
1515,CITY,FALL,0,1.2676,1.0000,0.6667,0.3378,1.0000,1.0000,0.0000,0.0003,1.2570
1516,CITY,BURN,0,1.2567,1.0000,0.6667,0.2836,1.0000,1.0000,0.0000,-0.0000,1.2570
1517,CITY,FALL,0,1.2676,1.0000,0.6667,0.3378,1.0000,1.0000,0.0000,0.0003,1.2576
1518,CITY,BURN,0,1.2567,1.0000,0.6667,0.2836,1.0000,1.0000,0.0000,-0.0000,1.2575
1519,CITY,GROW,0,1.2480,1.0000,0.6667,0.2399,1.0000,1.0000,0.0000,-0.0003,1.2570
1520,CITY,FALL,0,1.2676,1.0000,0.6667,0.3378,1.0000,1.0000,0.0000,0.0003,1.2576
1521,CITY,BURN,0,1.2567,1.0000,0.6667,0.2836,1.0000,1.0000,0.0000,-0.0000,1.2575
1522,CITY,FALL,0,1.2676,1.0000,0.6667,0.3378,1.0000,1.0000,0.0000,0.0003,1.2580
1523,CITY,BURN,0,1.2567,1.0000,0.6667,0.2836,1.0000,1.0000,0.0000,-0.0000,1.2580
1524,CITY,FALL,0,1.2676,1.0000,0.6667,0.3378,1.0000,1.0000,0.0000,0.0003,1.2584
1525,CITY,FALL,0,1.2676,1.0000,0.6667,0.3378,1.0000,1.0000,0.0000,0.0003,1.2589
1526,CITY,BURN,0,1.2567,1.0000,0.6667,0.2836,1.0000,1.0000,0.0000,-0.0001,1.2588
1527,CITY,FALL,0,1.2676,1.0000,0.6667,0.3378,1.0000,1.0000,0.0000,0.0003,1.2592
1528,CITY,FALL,0,1.2676,1.0000,0.6667,0.3378,1.0000,1.0000,0.0000,0.0002,1.2596
1529,CITY,BURN MOVE HAPPY BIRD,0,1.3395,1.0000,1.0000,0.1976,1.0000,1.0000,1.0000,0.0024,1.2636
1530,CITY,BURN FALL,0,1.2610,1.0000,0.6667,0.3050,1.0000,1.0000,0.0000,-0.0001,1.2635
1531,CITY,BURN,0,1.2567,1.0000,0.6667,0.2836,1.0000,1.0000,0.0000,-0.0002,1.2632
1532,CITY,FALL,0,1.2676,1.0000,0.6667,0.3378,1.0000,1.0000,0.0000,0.0001,1.2634
1533,CITY,FALL,0,1.2676,1.0000,0.6667,0.3378,1.0000,1.0000,0.0000,0.0001,1.2636
1534,CITY,FALL,0,1.2676,1.0000,0.6667,0.3378,1.0000,1.0000,0.0000,0.0001,1.2638
1535,CITY,FALL,0,1.2676,1.0000,0.6667,0.3378,1.0000,1.0000,0.0000,0.0001,1.2640
1536,CITY,BURN,0,1.2567,1.0000,0.6667,0.2836,1.0000,1.0000,0.0000,-0.0002,1.2636
1537,CITY,SPREAD,0,1.2032,1.0000,0.6667,0.0162,1.0000,1.0000,0.0000,-0.0018,1.2606
1538,CITY,FALL,0,1.2676,1.0000,0.6667,0.3378,1.0000,1.0000,0.0000,0.0002,1.2609
1539,CITY,FALL,0,1.2676,1.0000,0.6667,0.3378,1.0000,1.0000,0.0000,0.0002,1.2613
1540,CITY,FALL,0,1.2676,1.0000,0.6667,0.3378,1.0000,1.0000,0.0000,0.0002,1.2616
1541,CITY,FALL,0,1.2676,1.0000,0.6667,0.3378,1.0000,1.0000,0.0000,0.0002,1.2619
1542,CITY,FALL,0,1.2676,1.0000,0.6667,0.3378,1.0000,1.0000,0.0000,0.0002,1.2622
1543,CITY,BURN,0,1.2567,1.0000,0.6667,0.2836,1.0000,1.0000,0.0000,-0.0002,1.2619
1544,CITY,BURN,0,1.2567,1.0000,0.6667,0.2836,1.0000,1.0000,0.0000,-0.0002,1.2616
1545,CITY,RUN BURN FOLLOW CLEAN DULL MAP,0,1.3247,1.0000,1.0000,0.1235,1.0000,1.0000,1.0000,0.0018,1.2648
1546,CITY,BURN,0,1.2567,1.0000,0.6667,0.2836,1.0000,1.0000,0.0000,-0.0002,1.2644
1547,CITY,FALL,0,1.2676,1.0000,0.6667,0.3378,1.0000,1.0000,0.0000,0.0001,1.2645
1548,CITY,FALL,0,1.2676,1.0000,0.6667,0.3378,1.0000,1.0000,0.0000,0.0001,1.2647
1549,CITY,FALL,0,1.2676,1.0000,0.6667,0.3378,1.0000,1.0000,0.0000,0.0001,1.2648
1550,CITY,BURN,0,1.2567,1.0000,0.6667,0.2836,1.0000,1.0000,0.0000,-0.0002,1.2644
1551,CITY,BURN,0,1.2567,1.0000,0.6667,0.2836,1.0000,1.0000,0.0000,-0.0002,1.2640
1552,CITY,GROW,0,1.2480,1.0000,0.6667,0.2399,1.0000,1.0000,0.0000,-0.0005,1.2632
1553,CITY,FALL,0,1.2676,1.0000,0.6667,0.3378,1.0000,1.0000,0.0000,0.0001,1.2635
1554,CITY,FALL,0,1.2676,1.0000,0.6667,0.3378,1.0000,1.0000,0.0000,0.0001,1.2637
1555,CITY,RUN,0,1.2710,1.0000,0.6667,0.3549,1.0000,1.0000,0.0000,0.0002,1.2640
1556,CITY,BURN,0,1.2567,1.0000,0.6667,0.2836,1.0000,1.0000,0.0000,-0.0002,1.2637
1557,CITY,GROW,0,1.2480,1.0000,0.6667,0.2399,1.0000,1.0000,0.0000,-0.0005,1.2629
1558,CITY,BURN,0,1.2567,1.0000,0.6667,0.2836,1.0000,1.0000,0.0000,-0.0002,1.2626
1559,CITY,BURN,0,1.2567,1.0000,0.6667,0.2836,1.0000,1.0000,0.0000,-0.0002,1.2623
1560,CITY,BURN,0,1.2567,1.0000,0.6667,0.2836,1.0000,1.0000,0.0000,-0.0002,1.2620
1561,CITY,FALL,0,1.2676,1.0000,0.6667,0.3378,1.0000,1.0000,0.0000,0.0002,1.2623
1562,CITY,BURN,0,1.2567,1.0000,0.6667,0.2836,1.0000,1.0000,0.0000,-0.0002,1.2620
1563,CITY,FALL,0,1.2676,1.0000,0.6667,0.3378,1.0000,1.0000,0.0000,0.0002,1.2623
1564,CITY,FALL,0,1.2676,1.0000,0.6667,0.3378,1.0000,1.0000,0.0000,0.0002,1.2625
1565,LEADER,BREAK BROKEN CLOCK,0,1.3337,1.0000,1.0000,0.1685,1.0000,1.0000,1.0000,0.5946,1.2661
1566,CITY,GROW,0,1.2480,1.0000,0.6667,0.2399,1.0000,1.0000,0.0000,-0.0005,1.2652
1567,CITY,BURN,0,1.2567,1.0000,0.6667,0.2836,1.0000,1.0000,0.0000,-0.0002,1.2648
1568,CITY,FALL,0,1.2676,1.0000,0.6667,0.3378,1.0000,1.0000,0.0000,0.0001,1.2649
1569,CITY,FALL,0,1.2676,1.0000,0.6667,0.3378,1.0000,1.0000,0.0000,0.0001,1.2650
1570,CITY,FALL,0,1.2676,1.0000,0.6667,0.3378,1.0000,1.0000,0.0000,0.0001,1.2652
1571,CITY,BURN,0,1.2567,1.0000,0.6667,0.2836,1.0000,1.0000,0.0000,-0.0003,1.2647
1572,CITY,FALL,0,1.2676,1.0000,0.6667,0.3378,1.0000,1.0000,0.0000,0.0001,1.2649
1573,CITY,BURN,0,1.2567,1.0000,0.6667,0.2836,1.0000,1.0000,0.0000,-0.0003,1.2645
1574,CITY,RUN FALL,0,1.2688,1.0000,0.6667,0.3440,1.0000,1.0000,0.0000,0.0001,1.2647
1575,CITY,FALL,0,1.2676,1.0000,0.6667,0.3378,1.0000,1.0000,0.0000,0.0001,1.2648
1576,CITY,BURN,0,1.2567,1.0000,0.6667,0.2836,1.0000,1.0000,0.0000,-0.0003,1.2644
1577,CITY,BURN,0,1.2567,1.0000,0.6667,0.2836,1.0000,1.0000,0.0000,-0.0003,1.2640
1578,CITY,FALL,0,1.2676,1.0000,0.6667,0.3378,1.0000,1.0000,0.0000,0.0001,1.2642
1579,CITY,BURN,0,1.2567,1.0000,0.6667,0.2836,1.0000,1.0000,0.0000,-0.0002,1.2638
1580,CITY,FALL,0,1.2676,1.0000,0.6667,0.3378,1.0000,1.0000,0.0000,0.0001,1.2640
1581,CITY,SPREAD,0,1.2032,1.0000,0.6667,0.0162,1.0000,1.0000,0.0000,-0.0021,1.2610
1582,CITY,BURN GROW BURN,0,1.2530,1.0000,0.6667,0.2652,1.0000,1.0000,0.0000,-0.0002,1.2606
1583,CITY,FALL,0,1.2676,1.0000,0.6667,0.3378,1.0000,1.0000,0.0000,0.0002,1.2609
1584,CITY,FALL,0,1.2676,1.0000,0.6667,0.3378,1.0000,1.0000,0.0000,0.0002,1.2613
1585,CITY,FALL,0,1.2676,1.0000,0.6667,0.3378,1.0000,1.0000,0.0000,0.0002,1.2616
1586,CITY,FALL,0,1.2676,1.0000,0.6667,0.3378,1.0000,1.0000,0.0000,0.0002,1.2619
1587,CITY,FALL,0,1.2676,1.0000,0.6667,0.3378,1.0000,1.0000,0.0000,0.0002,1.2622
1588,CITY,BURN,0,1.2567,1.0000,0.6667,0.2836,1.0000,1.0000,0.0000,-0.0002,1.2619
1589,CITY,FALL,0,1.2676,1.0000,0.6667,0.3378,1.0000,1.0000,0.0000,0.0002,1.2622
1590,CITY,FALL FALL,0,1.2676,1.0000,0.6667,0.3378,1.0000,1.0000,0.0000,0.0002,1.2624
1591,CITY,BURN,0,1.2567,1.0000,0.6667,0.2836,1.0000,1.0000,0.0000,-0.0002,1.2622
1592,CITY,FALL,0,1.2676,1.0000,0.6667,0.3378,1.0000,1.0000,0.0000,0.0002,1.2624
1593,CITY,BURN,0,1.2567,1.0000,0.6667,0.2836,1.0000,1.0000,0.0000,-0.0002,1.2621
1594,CITY,SPREAD,0,1.2032,1.0000,0.6667,0.0162,1.0000,1.0000,0.0000,-0.0019,1.2592
1595,CITY,BURN,0,1.2567,1.0000,0.6667,0.2836,1.0000,1.0000,0.0000,-0.0001,1.2591
1596,CITY,BURN,0,1.2567,1.0000,0.6667,0.2836,1.0000,1.0000,0.0000,-0.0001,1.2590
1597,CITY,BURN,0,1.2567,1.0000,0.6667,0.2836,1.0000,1.0000,0.0000,-0.0001,1.2588
1598,CITY,BURN BURN,0,1.2567,1.0000,0.6667,0.2836,1.0000,1.0000,0.0000,-0.0001,1.2587
1599,CITY,BURN,0,1.2567,1.0000,0.6667,0.2836,1.0000,1.0000,0.0000,-0.0001,1.2586
1600,CITY,BURN,0,1.2567,1.0000,0.6667,0.2836,1.0000,1.0000,0.0000,-0.0001,1.2585
1601,CITY,BURN,0,1.2567,1.0000,0.6667,0.2836,1.0000,1.0000,0.0000,-0.0001,1.2585
1602,CITY,FALL,0,1.2676,1.0000,0.6667,0.3378,1.0000,1.0000,0.0000,0.0003,1.2589
1603,CITY,BURN,0,1.2567,1.0000,0.6667,0.2836,1.0000,1.0000,0.0000,-0.0001,1.2588
1604,CITY,BURN,0,1.2567,1.0000,0.6667,0.2836,1.0000,1.0000,0.0000,-0.0001,1.2587
1605,CITY,GROW,0,1.2480,1.0000,0.6667,0.2399,1.0000,1.0000,0.0000,-0.0004,1.2582
1606,CITY,BURN,0,1.2567,1.0000,0.6667,0.2836,1.0000,1.0000,0.0000,-0.0000,1.2581
1607,CITY,BURN,0,1.2567,1.0000,0.6667,0.2836,1.0000,1.0000,0.0000,-0.0000,1.2580
1608,CITY,BURN,0,1.2567,1.0000,0.6667,0.2836,1.0000,1.0000,0.0000,-0.0000,1.2580
1609,CITY,FALL,0,1.2676,1.0000,0.6667,0.3378,1.0000,1.0000,0.0000,0.0003,1.2584
1610,CITY,SPREAD,0,1.2032,1.0000,0.6667,0.0162,1.0000,1.0000,0.0000,-0.0018,1.2557
1611,CITY,BURN,0,1.2567,1.0000,0.6667,0.2836,1.0000,1.0000,0.0000,0.0000,1.2557
1612,CITY,BURN,0,1.2567,1.0000,0.6667,0.2836,1.0000,1.0000,0.0000,0.0000,1.2558
1613,CITY,FALL,0,1.2676,1.0000,0.6667,0.3378,1.0000,1.0000,0.0000,0.0004,1.2564
1614,CITY,FALL,0,1.2676,1.0000,0.6667,0.3378,1.0000,1.0000,0.0000,0.0004,1.2569
1615,SMALL,HORSE FALL,1,0.4943,0.0000,1.0000,0.9714,1.0000,1.0000,1.0000,-6.6746,1.2188
1616,CITY,BURN,0,1.2567,1.0000,0.6667,0.2836,1.0000,1.0000,0.0000,0.0012,1.2207
1617,CITY,BURN,0,1.2567,1.0000,0.6667,0.2836,1.0000,1.0000,0.0000,0.0012,1.2225
1618,CITY,BURN,0,1.2567,1.0000,0.6667,0.2836,1.0000,1.0000,0.0000,0.0011,1.2242
1619,CITY,FALL,0,1.2676,1.0000,0.6667,0.3378,1.0000,1.0000,0.0000,0.0014,1.2264
1620,CITY,BURN FALL,0,1.2610,1.0000,0.6667,0.3050,1.0000,1.0000,0.0000,0.0011,1.2281
1621,CITY,FALL,0,1.2676,1.0000,0.6667,0.3378,1.0000,1.0000,0.0000,0.0012,1.2301
1622,CITY,GROW,0,1.2480,1.0000,0.6667,0.2399,1.0000,1.0000,0.0000,0.0005,1.2310
1623,CITY,BURN,0,1.2567,1.0000,0.6667,0.2836,1.0000,1.0000,0.0000,0.0008,1.2323
1624,CITY,GROW,0,1.2480,1.0000,0.6667,0.2399,1.0000,1.0000,0.0000,0.0005,1.2330
1625,CITY,FALL,0,1.2676,1.0000,0.6667,0.3378,1.0000,1.0000,0.0000,0.0011,1.2348
1626,CITY,BURN,0,1.2567,1.0000,0.6667,0.2836,1.0000,1.0000,0.0000,0.0007,1.2359
1627,CITY,FALL,0,1.2676,1.0000,0.6667,0.3378,1.0000,1.0000,0.0000,0.0009,1.2375
1628,CITY,FALL,0,1.2676,1.0000,0.6667,0.3378,1.0000,1.0000,0.0000,0.0009,1.2390
1629,CITY,SPREAD,0,1.2032,1.0000,0.6667,0.0162,1.0000,1.0000,0.0000,-0.0011,1.2372
1630,CITY,BURN,0,1.2567,1.0000,0.6667,0.2836,1.0000,1.0000,0.0000,0.0006,1.2381
1631,CITY,RUN,0,1.2710,1.0000,0.6667,0.3549,1.0000,1.0000,0.0000,0.0010,1.2398
1632,CITY,GROW,0,1.2480,1.0000,0.6667,0.2399,1.0000,1.0000,0.0000,0.0002,1.2402
1633,CITY,BURN BURN,0,1.2567,1.0000,0.6667,0.2836,1.0000,1.0000,0.0000,0.0005,1.2410
1634,CITY,SPREAD,0,1.2032,1.0000,0.6667,0.0162,1.0000,1.0000,0.0000,-0.0011,1.2391
1635,CITY,BURN,0,1.2567,1.0000,0.6667,0.2836,1.0000,1.0000,0.0000,0.0005,1.2400
1636,CITY,BURN,0,1.2567,1.0000,0.6667,0.2836,1.0000,1.0000,0.0000,0.0005,1.2408
1637,CITY,SPREAD,0,1.2032,1.0000,0.6667,0.0162,1.0000,1.0000,0.0000,-0.0011,1.2390
1638,CITY,BURN,0,1.2567,1.0000,0.6667,0.2836,1.0000,1.0000,0.0000,0.0005,1.2399
1639,CITY,BURN,0,1.2567,1.0000,0.6667,0.2836,1.0000,1.0000,0.0000,0.0005,1.2407
1640,CITY,MOVE DENSE CALM BIRD,0,1.3363,1.0000,1.0000,0.1814,1.0000,1.0000,1.0000,0.0028,1.2455
1641,CITY,BURN,0,1.2567,1.0000,0.6667,0.2836,1.0000,1.0000,0.0000,0.0003,1.2460
1642,CITY,BURN,0,1.2567,1.0000,0.6667,0.2836,1.0000,1.0000,0.0000,0.0003,1.2466
1643,CITY,BURN,0,1.2567,1.0000,0.6667,0.2836,1.0000,1.0000,0.0000,0.0003,1.2471
1644,PRISON,FALL,0,1.2676,1.0000,0.6667,0.3378,1.0000,1.0000,0.0000,0.1120,1.2481
1645,CITY,FALL,0,1.2676,1.0000,0.6667,0.3378,1.0000,1.0000,0.0000,0.0006,1.2491
1646,CITY,BURN,0,1.2567,1.0000,0.6667,0.2836,1.0000,1.0000,0.0000,0.0002,1.2495
1647,CITY,FALL,0,1.2676,1.0000,0.6667,0.3378,1.0000,1.0000,0.0000,0.0005,1.2504
1648,CITY,FALL FALL,0,1.2676,1.0000,0.6667,0.3378,1.0000,1.0000,0.0000,0.0005,1.2512
1649,CITY,FALL FALL,0,1.2676,1.0000,0.6667,0.3378,1.0000,1.0000,0.0000,0.0005,1.2520
1650,CITY,BURN SEE CLEAN WOLF,0,1.3326,1.0000,1.0000,0.1631,1.0000,1.0000,1.0000,0.0024,1.2561
1651,CITY,BURN,0,1.2567,1.0000,0.6667,0.2836,1.0000,1.0000,0.0000,0.0000,1.2561
1652,CITY,BURN,0,1.2567,1.0000,0.6667,0.2836,1.0000,1.0000,0.0000,0.0000,1.2561
1653,CITY,FALL,0,1.2676,1.0000,0.6667,0.3378,1.0000,1.0000,0.0000,0.0003,1.2567
1654,CITY,BURN,0,1.2567,1.0000,0.6667,0.2836,1.0000,1.0000,0.0000,0.0000,1.2567
1655,CITY,BURN,0,1.2567,1.0000,0.6667,0.2836,1.0000,1.0000,0.0000,0.0000,1.2567
1656,CITY,FALL,0,1.2676,1.0000,0.6667,0.3378,1.0000,1.0000,0.0000,0.0003,1.2572
1657,CITY,SPREAD,0,1.2032,1.0000,0.6667,0.0162,1.0000,1.0000,0.0000,-0.0016,1.2545
1658,CITY,BURN,0,1.2567,1.0000,0.6667,0.2836,1.0000,1.0000,0.0000,0.0001,1.2547
1659,CITY,BURN,0,1.2567,1.0000,0.6667,0.2836,1.0000,1.0000,0.0000,0.0001,1.2548
1660,CITY,BURN,0,1.2567,1.0000,0.6667,0.2836,1.0000,1.0000,0.0000,0.0001,1.2549
1661,ISOLATED CITY,FALL,0,1.3515,1.0000,1.0000,0.2575,1.0000,1.0000,1.0000,0.7091,1.2597
1662,CITY,BURN BURN,0,1.2567,1.0000,0.6667,0.2836,1.0000,1.0000,0.0000,-0.0001,1.2595
1663,CITY,BURN FALL,0,1.2610,1.0000,0.6667,0.3050,1.0000,1.0000,0.0000,0.0000,1.2596
1664,CITY,FALL,0,1.2676,1.0000,0.6667,0.3378,1.0000,1.0000,0.0000,0.0003,1.2600
1665,CITY,BURN,0,1.2567,1.0000,0.6667,0.2836,1.0000,1.0000,0.0000,-0.0001,1.2598
1666,STRONG TOOL,FALL,1,0.3057,0.0000,1.0000,0.0286,1.0000,1.0000,1.0000,-12.3774,1.2121
1667,CITY,BURN,0,1.2567,1.0000,0.6667,0.2836,1.0000,1.0000,0.0000,0.0014,1.2144
1668,CITY,BURN BURN,0,1.2567,1.0000,0.6667,0.2836,1.0000,1.0000,0.0000,0.0013,1.2165
1669,CITY,BURN,0,1.2567,1.0000,0.6667,0.2836,1.0000,1.0000,0.0000,0.0013,1.2185
1670,CITY,BURN,0,1.2567,1.0000,0.6667,0.2836,1.0000,1.0000,0.0000,0.0012,1.2204
1671,CITY,FALL BURN BURN FALL,0,1.2610,1.0000,0.6667,0.3050,1.0000,1.0000,0.0000,0.0013,1.2224
1672,CITY,FALL,0,1.2676,1.0000,0.6667,0.3378,1.0000,1.0000,0.0000,0.0015,1.2247
1673,CITY,FALL,0,1.2676,1.0000,0.6667,0.3378,1.0000,1.0000,0.0000,0.0014,1.2268
1674,CITY,FALL,0,1.2676,1.0000,0.6667,0.3378,1.0000,1.0000,0.0000,0.0013,1.2289
1675,CITY,FALL,0,1.2676,1.0000,0.6667,0.3378,1.0000,1.0000,0.0000,0.0012,1.2308
1676,CITY,SPREAD,0,1.2032,1.0000,0.6667,0.0162,1.0000,1.0000,0.0000,-0.0008,1.2294
1677,CITY,FALL,0,1.2676,1.0000,0.6667,0.3378,1.0000,1.0000,0.0000,0.0012,1.2313
1678,CITY,FALL,0,1.2676,1.0000,0.6667,0.3378,1.0000,1.0000,0.0000,0.0011,1.2331
1679,CITY,FALL,0,1.2676,1.0000,0.6667,0.3378,1.0000,1.0000,0.0000,0.0011,1.2349
1680,CITY,SPREAD,0,1.2032,1.0000,0.6667,0.0162,1.0000,1.0000,0.0000,-0.0011,1.2333
1681,CITY,BURN BURN,0,1.2567,1.0000,0.6667,0.2836,1.0000,1.0000,0.0000,0.0008,1.2345
1682,CITY,RUN,0,1.2710,1.0000,0.6667,0.3549,1.0000,1.0000,0.0000,0.0011,1.2363
1683,CITY,FALL,0,1.2676,1.0000,0.6667,0.3378,1.0000,1.0000,0.0000,0.0010,1.2378
1684,CITY,SPREAD,0,1.2032,1.0000,0.6667,0.0162,1.0000,1.0000,0.0000,-0.0011,1.2361
1685,CITY,BURN,0,1.2567,1.0000,0.6667,0.2836,1.0000,1.0000,0.0000,0.0007,1.2371
1686,CITY,FALL,0,1.2676,1.0000,0.6667,0.3378,1.0000,1.0000,0.0000,0.0010,1.2387
1687,CITY,FALL,0,1.2676,1.0000,0.6667,0.3378,1.0000,1.0000,0.0000,0.0009,1.2401
1688,CITY,FALL FALL,0,1.2676,1.0000,0.6667,0.3378,1.0000,1.0000,0.0000,0.0009,1.2415
1689,CITY,BURN,0,1.2567,1.0000,0.6667,0.2836,1.0000,1.0000,0.0000,0.0005,1.2422
1690,CITY,FALL,0,1.2676,1.0000,0.6667,0.3378,1.0000,1.0000,0.0000,0.0008,1.2435
1691,CITY,BURN,0,1.2567,1.0000,0.6667,0.2836,1.0000,1.0000,0.0000,0.0004,1.2442
1692,CITY,BURN,0,1.2567,1.0000,0.6667,0.2836,1.0000,1.0000,0.0000,0.0004,1.2448
1693,CITY,BURN,0,1.2567,1.0000,0.6667,0.2836,1.0000,1.0000,0.0000,0.0004,1.2454
1694,CITY,RUN,0,1.2710,1.0000,0.6667,0.3549,1.0000,1.0000,0.0000,0.0008,1.2467
1695,CITY,BURN GROW,0,1.2514,1.0000,0.6667,0.2571,1.0000,1.0000,0.0000,0.0002,1.2469
1696,CITY,FALL,0,1.2676,1.0000,0.6667,0.3378,1.0000,1.0000,0.0000,0.0007,1.2479
1697,CITY,FALL,0,1.2676,1.0000,0.6667,0.3378,1.0000,1.0000,0.0000,0.0006,1.2489
1698,CITY,GROW,0,1.2480,1.0000,0.6667,0.2399,1.0000,1.0000,0.0000,-0.0000,1.2489
1699,CITY,BURN FALL,0,1.2610,1.0000,0.6667,0.3050,1.0000,1.0000,0.0000,0.0004,1.2495
1700,CITY,FALL,0,1.2676,1.0000,0.6667,0.3378,1.0000,1.0000,0.0000,0.0006,1.2504
1701,CITY,BURN,0,1.2567,1.0000,0.6667,0.2836,1.0000,1.0000,0.0000,0.0002,1.2507
1702,CITY,BURN,0,1.2567,1.0000,0.6667,0.2836,1.0000,1.0000,0.0000,0.0002,1.2510
1703,CITY,GROW,0,1.2480,1.0000,0.6667,0.2399,1.0000,1.0000,0.0000,-0.0001,1.2509
1704,CITY,BURN,0,1.2567,1.0000,0.6667,0.2836,1.0000,1.0000,0.0000,0.0002,1.2511
1705,CITY,BURN,0,1.2567,1.0000,0.6667,0.2836,1.0000,1.0000,0.0000,0.0002,1.2514
1706,CITY,SPREAD,0,1.2032,1.0000,0.6667,0.0162,1.0000,1.0000,0.0000,-0.0016,1.2490
1707,CITY,BURN,0,1.2567,1.0000,0.6667,0.2836,1.0000,1.0000,0.0000,0.0002,1.2494
1708,CITY,BURN,0,1.2567,1.0000,0.6667,0.2836,1.0000,1.0000,0.0000,0.0002,1.2498
1709,CITY,FALL,0,1.2676,1.0000,0.6667,0.3378,1.0000,1.0000,0.0000,0.0006,1.2507
1710,CITY,BURN,0,1.2567,1.0000,0.6667,0.2836,1.0000,1.0000,0.0000,0.0002,1.2510
1711,CITY,FALL,0,1.2676,1.0000,0.6667,0.3378,1.0000,1.0000,0.0000,0.0005,1.2518
1712,CITY,FALL,0,1.2676,1.0000,0.6667,0.3378,1.0000,1.0000,0.0000,0.0005,1.2526
1713,CITY,BURN,0,1.2567,1.0000,0.6667,0.2836,1.0000,1.0000,0.0000,0.0001,1.2528
1714,CITY,BURN RUN,0,1.2629,1.0000,0.6667,0.3145,1.0000,1.0000,0.0000,0.0003,1.2533
1715,CITY,FALL,0,1.2676,1.0000,0.6667,0.3378,1.0000,1.0000,0.0000,0.0004,1.2540
1716,CITY,BURN,0,1.2567,1.0000,0.6667,0.2836,1.0000,1.0000,0.0000,0.0001,1.2541
1717,CITY,BURN,0,1.2567,1.0000,0.6667,0.2836,1.0000,1.0000,0.0000,0.0001,1.2543
1718,CITY,BURN,0,1.2567,1.0000,0.6667,0.2836,1.0000,1.0000,0.0000,0.0001,1.2544
1719,CITY,FALL,0,1.2676,1.0000,0.6667,0.3378,1.0000,1.0000,0.0000,0.0004,1.2550
1720,CITY,BURN,0,1.2567,1.0000,0.6667,0.2836,1.0000,1.0000,0.0000,0.0001,1.2551
1721,CITY,BURN BURN,0,1.2567,1.0000,0.6667,0.2836,1.0000,1.0000,0.0000,0.0001,1.2552
1722,CITY,BURN,0,1.2567,1.0000,0.6667,0.2836,1.0000,1.0000,0.0000,0.0000,1.2553
1723,CITY,BURN,0,1.2567,1.0000,0.6667,0.2836,1.0000,1.0000,0.0000,0.0000,1.2554
1724,CITY,BURN,0,1.2567,1.0000,0.6667,0.2836,1.0000,1.0000,0.0000,0.0000,1.2554
1725,CITY,FALL,0,1.2676,1.0000,0.6667,0.3378,1.0000,1.0000,0.0000,0.0004,1.2560
1726,CITY,BURN,0,1.2567,1.0000,0.6667,0.2836,1.0000,1.0000,0.0000,0.0000,1.2561
1727,CITY,GROW,0,1.2480,1.0000,0.6667,0.2399,1.0000,1.0000,0.0000,-0.0003,1.2557
1728,CITY,BURN,0,1.2567,1.0000,0.6667,0.2836,1.0000,1.0000,0.0000,0.0000,1.2557
1729,CITY,FALL,0,1.2676,1.0000,0.6667,0.3378,1.0000,1.0000,0.0000,0.0004,1.2563
1730,CITY,BURN,0,1.2567,1.0000,0.6667,0.2836,1.0000,1.0000,0.0000,0.0000,1.2563
1731,CITY,SPREAD,0,1.2032,1.0000,0.6667,0.0162,1.0000,1.0000,0.0000,-0.0017,1.2537
1732,LEADER,FALL FALL,1,0.2522,0.0000,0.6667,0.2610,1.0000,1.0000,0.0000,-7.9382,1.2036
1733,CITY,FALL,0,1.2676,1.0000,0.6667,0.3378,1.0000,1.0000,0.0000,0.0020,1.2068
1734,CITY,FALL,0,1.2676,1.0000,0.6667,0.3378,1.0000,1.0000,0.0000,0.0019,1.2098
1735,CITY,FALL,0,1.2676,1.0000,0.6667,0.3378,1.0000,1.0000,0.0000,0.0018,1.2127
1736,CITY,FALL,0,1.2676,1.0000,0.6667,0.3378,1.0000,1.0000,0.0000,0.0016,1.2155
1737,CITY,BURN,0,1.2567,1.0000,0.6667,0.2836,1.0000,1.0000,0.0000,0.0012,1.2175
1738,CITY,BURN,0,1.2567,1.0000,0.6667,0.2836,1.0000,1.0000,0.0000,0.0011,1.2195
1739,CITY,BURN,0,1.2567,1.0000,0.6667,0.2836,1.0000,1.0000,0.0000,0.0010,1.2213
1740,CITY,FALL,0,1.2676,1.0000,0.6667,0.3378,1.0000,1.0000,0.0000,0.0013,1.2237
1741,CITY,FALL,0,1.2676,1.0000,0.6667,0.3378,1.0000,1.0000,0.0000,0.0012,1.2259
1742,CITY,BURN FALL,0,1.2610,1.0000,0.6667,0.3050,1.0000,1.0000,0.0000,0.0010,1.2276
1743,CITY,FALL,0,1.2676,1.0000,0.6667,0.3378,1.0000,1.0000,0.0000,0.0011,1.2296
1744,CITY,BURN,0,1.2567,1.0000,0.6667,0.2836,1.0000,1.0000,0.0000,0.0007,1.2310
1745,CITY,FALL,0,1.2676,1.0000,0.6667,0.3378,1.0000,1.0000,0.0000,0.0011,1.2328
1746,CITY,BURN,0,1.2567,1.0000,0.6667,0.2836,1.0000,1.0000,0.0000,0.0007,1.2340
1747,CITY,FALL,0,1.2676,1.0000,0.6667,0.3378,1.0000,1.0000,0.0000,0.0009,1.2357
1748,FAMOUS CITY,GROW,0,1.3669,1.0000,1.0000,0.3346,1.0000,1.0000,1.0000,0.9972,1.2422
1749,CITY,FALL,0,1.2676,1.0000,0.6667,0.3378,1.0000,1.0000,0.0000,0.0007,1.2435
1750,CITY,FALL,0,1.2676,1.0000,0.6667,0.3378,1.0000,1.0000,0.0000,0.0006,1.2447
1751,CITY,FALL,0,1.2676,1.0000,0.6667,0.3378,1.0000,1.0000,0.0000,0.0006,1.2458
1752,CITY,FALL,0,1.2676,1.0000,0.6667,0.3378,1.0000,1.0000,0.0000,0.0006,1.2469
1753,CITY,FALL,0,1.2676,1.0000,0.6667,0.3378,1.0000,1.0000,0.0000,0.0006,1.2480
1754,CITY,FALL,0,1.2676,1.0000,0.6667,0.3378,1.0000,1.0000,0.0000,0.0006,1.2489
1755,CITY,BURN,0,1.2567,1.0000,0.6667,0.2836,1.0000,1.0000,0.0000,0.0002,1.2493
1756,CITY,BURN,0,1.2567,1.0000,0.6667,0.2836,1.0000,1.0000,0.0000,0.0002,1.2497
1757,CITY,BURN FALL,0,1.2610,1.0000,0.6667,0.3050,1.0000,1.0000,0.0000,0.0003,1.2503
1758,CITY,FALL,0,1.2676,1.0000,0.6667,0.3378,1.0000,1.0000,0.0000,0.0005,1.2511
1759,CITY,BURN,0,1.2567,1.0000,0.6667,0.2836,1.0000,1.0000,0.0000,0.0002,1.2514
1760,CITY,BURN,0,1.2567,1.0000,0.6667,0.2836,1.0000,1.0000,0.0000,0.0002,1.2517
1761,CITY,BURN,0,1.2567,1.0000,0.6667,0.2836,1.0000,1.0000,0.0000,0.0001,1.2519
1762,CITY,BURN,0,1.2567,1.0000,0.6667,0.2836,1.0000,1.0000,0.0000,0.0001,1.2522
1763,CITY,FALL,0,1.2676,1.0000,0.6667,0.3378,1.0000,1.0000,0.0000,0.0005,1.2529
1764,CITY,FALL,0,1.2676,1.0000,0.6667,0.3378,1.0000,1.0000,0.0000,0.0004,1.2537
1765,CITY,FALL,0,1.2676,1.0000,0.6667,0.3378,1.0000,1.0000,0.0000,0.0004,1.2544
1766,CITY,BURN,0,1.2567,1.0000,0.6667,0.2836,1.0000,1.0000,0.0000,0.0001,1.2545
1767,CITY,FALL,0,1.2676,1.0000,0.6667,0.3378,1.0000,1.0000,0.0000,0.0004,1.2551
1768,CITY,FALL,0,1.2676,1.0000,0.6667,0.3378,1.0000,1.0000,0.0000,0.0004,1.2558
1769,CITY,BURN,0,1.2567,1.0000,0.6667,0.2836,1.0000,1.0000,0.0000,0.0000,1.2558
1770,CITY,FALL,0,1.2676,1.0000,0.6667,0.3378,1.0000,1.0000,0.0000,0.0004,1.2564
1771,CITY,BURN,0,1.2567,1.0000,0.6667,0.2836,1.0000,1.0000,0.0000,0.0000,1.2564
1772,CITY,FALL FALL,0,1.2676,1.0000,0.6667,0.3378,1.0000,1.0000,0.0000,0.0004,1.2570
1773,CITY,FALL,0,1.2676,1.0000,0.6667,0.3378,1.0000,1.0000,0.0000,0.0003,1.2575
1774,CITY,BURN,0,1.2567,1.0000,0.6667,0.2836,1.0000,1.0000,0.0000,-0.0000,1.2575
1775,CITY,FALL,0,1.2676,1.0000,0.6667,0.3378,1.0000,1.0000,0.0000,0.0003,1.2580
1776,CITY,BURN,0,1.2567,1.0000,0.6667,0.2836,1.0000,1.0000,0.0000,-0.0000,1.2579
1777,CITY,BURN,0,1.2567,1.0000,0.6667,0.2836,1.0000,1.0000,0.0000,-0.0000,1.2578
1778,CITY,FALL,0,1.2676,1.0000,0.6667,0.3378,1.0000,1.0000,0.0000,0.0003,1.2583
1779,CITY,BURN,0,1.2567,1.0000,0.6667,0.2836,1.0000,1.0000,0.0000,-0.0000,1.2582
1780,CITY,FALL,0,1.2676,1.0000,0.6667,0.3378,1.0000,1.0000,0.0000,0.0003,1.2587
1781,CITY,BURN GROW,0,1.2514,1.0000,0.6667,0.2571,1.0000,1.0000,0.0000,-0.0002,1.2583
1782,CITY,FALL,0,1.2676,1.0000,0.6667,0.3378,1.0000,1.0000,0.0000,0.0003,1.2588
1783,CITY,BURN,0,1.2567,1.0000,0.6667,0.2836,1.0000,1.0000,0.0000,-0.0001,1.2587
1784,CITY,FALL,0,1.2676,1.0000,0.6667,0.3378,1.0000,1.0000,0.0000,0.0003,1.2591
1785,CITY,FALL,0,1.2676,1.0000,0.6667,0.3378,1.0000,1.0000,0.0000,0.0003,1.2596
1786,CITY,FALL,0,1.2676,1.0000,0.6667,0.3378,1.0000,1.0000,0.0000,0.0003,1.2600
1787,CITY,FALL,0,1.2676,1.0000,0.6667,0.3378,1.0000,1.0000,0.0000,0.0002,1.2603
1788,CITY,FALL,0,1.2676,1.0000,0.6667,0.3378,1.0000,1.0000,0.0000,0.0002,1.2607
1789,CITY,SPREAD,0,1.2032,1.0000,0.6667,0.0162,1.0000,1.0000,0.0000,-0.0018,1.2578
1790,CITY,BURN,0,1.2567,1.0000,0.6667,0.2836,1.0000,1.0000,0.0000,-0.0000,1.2578
1791,CITY,FALL,0,1.2676,1.0000,0.6667,0.3378,1.0000,1.0000,0.0000,0.0003,1.2583
1792,NETWORK,HEAR HAPPY FAST GUARD,1,0.3196,0.0000,1.0000,0.0978,1.0000,1.0000,1.0000,-8.0976,1.2113
1793,CITY,BURN,0,1.2567,1.0000,0.6667,0.2836,1.0000,1.0000,0.0000,0.0013,1.2136
1794,CITY,BURN,0,1.2567,1.0000,0.6667,0.2836,1.0000,1.0000,0.0000,0.0013,1.2158
1795,CITY,SPREAD,0,1.2032,1.0000,0.6667,0.0162,1.0000,1.0000,0.0000,-0.0004,1.2151
1796,CITY,FALL,0,1.2676,1.0000,0.6667,0.3378,1.0000,1.0000,0.0000,0.0016,1.2178
1797,CITY,SPREAD BURN BURN,0,1.2274,1.0000,0.6667,0.1369,1.0000,1.0000,0.0000,0.0003,1.2182
1798,CITY,BURN,0,1.2567,1.0000,0.6667,0.2836,1.0000,1.0000,0.0000,0.0011,1.2202
1799,CITY,BURN,0,1.2567,1.0000,0.6667,0.2836,1.0000,1.0000,0.0000,0.0010,1.2220
1800,CITY,FALL,0,1.2676,1.0000,0.6667,0.3378,1.0000,1.0000,0.0000,0.0013,1.2243
1801,CITY,BURN,0,1.2567,1.0000,0.6667,0.2836,1.0000,1.0000,0.0000,0.0010,1.2259
1802,CITY,FALL,0,1.2676,1.0000,0.6667,0.3378,1.0000,1.0000,0.0000,0.0011,1.2280
1803,CITY,BURN,0,1.2567,1.0000,0.6667,0.2836,1.0000,1.0000,0.0000,0.0008,1.2294
1804,CITY,SPREAD FALL,0,1.2110,1.0000,0.6667,0.0549,1.0000,1.0000,0.0000,-0.0005,1.2285
1805,CITY,BURN,0,1.2567,1.0000,0.6667,0.2836,1.0000,1.0000,0.0000,0.0008,1.2299
1806,CITY,FALL,0,1.2676,1.0000,0.6667,0.3378,1.0000,1.0000,0.0000,0.0010,1.2318
1807,CITY,FALL,0,1.2676,1.0000,0.6667,0.3378,1.0000,1.0000,0.0000,0.0010,1.2336
1808,CITY,FALL,0,1.2676,1.0000,0.6667,0.3378,1.0000,1.0000,0.0000,0.0009,1.2353
1809,OPTIMAL,RULE GROW SPREAD,1,0.3297,0.0000,1.0000,0.1486,1.0000,1.0000,1.0000,-6.5879,1.1900
1810,CITY,FALL,0,1.2676,1.0000,0.6667,0.3378,1.0000,1.0000,0.0000,0.0021,1.1939
1811,CITY,FALL BURN BURN,0,1.2594,1.0000,0.6667,0.2969,1.0000,1.0000,0.0000,0.0018,1.1971
1812,CITY,FALL,0,1.2676,1.0000,0.6667,0.3378,1.0000,1.0000,0.0000,0.0018,1.2007
1813,CITY,BURN,0,1.2567,1.0000,0.6667,0.2836,1.0000,1.0000,0.0000,0.0014,1.2035
1814,CITY,FALL,0,1.2676,1.0000,0.6667,0.3378,1.0000,1.0000,0.0000,0.0017,1.2067
1815,CITY,FALL,0,1.2676,1.0000,0.6667,0.3378,1.0000,1.0000,0.0000,0.0015,1.2097
1816,CITY,SPREAD,0,1.2032,1.0000,0.6667,0.0162,1.0000,1.0000,0.0000,-0.0002,1.2094
1817,CITY,GROW,0,1.2480,1.0000,0.6667,0.2399,1.0000,1.0000,0.0000,0.0009,1.2113
1818,CITY,FALL,0,1.2676,1.0000,0.6667,0.3378,1.0000,1.0000,0.0000,0.0014,1.2141
1819,CITY,BURN,0,1.2567,1.0000,0.6667,0.2836,1.0000,1.0000,0.0000,0.0010,1.2163
1820,CITY,FALL,0,1.2676,1.0000,0.6667,0.3378,1.0000,1.0000,0.0000,0.0012,1.2188
1821,CITY,BURN,0,1.2567,1.0000,0.6667,0.2836,1.0000,1.0000,0.0000,0.0009,1.2207
1822,CITY,SPREAD,0,1.2032,1.0000,0.6667,0.0162,1.0000,1.0000,0.0000,-0.0004,1.2198
1823,CITY,BURN,0,1.2567,1.0000,0.6667,0.2836,1.0000,1.0000,0.0000,0.0009,1.2217
1824,CITY,FALL,0,1.2676,1.0000,0.6667,0.3378,1.0000,1.0000,0.0000,0.0011,1.2240
1825,CITY,FALL,0,1.2676,1.0000,0.6667,0.3378,1.0000,1.0000,0.0000,0.0010,1.2262
1826,CITY,FALL,0,1.2676,1.0000,0.6667,0.3378,1.0000,1.0000,0.0000,0.0010,1.2282
1827,CITY,BURN,0,1.2567,1.0000,0.6667,0.2836,1.0000,1.0000,0.0000,0.0006,1.2297
1828,CITY,FALL,0,1.2676,1.0000,0.6667,0.3378,1.0000,1.0000,0.0000,0.0009,1.2316
1829,CITY,FALL,0,1.2676,1.0000,0.6667,0.3378,1.0000,1.0000,0.0000,0.0009,1.2334
1830,CITY,FALL,0,1.2676,1.0000,0.6667,0.3378,1.0000,1.0000,0.0000,0.0008,1.2351
1831,CITY,BURN FALL,0,1.2610,1.0000,0.6667,0.3050,1.0000,1.0000,0.0000,0.0006,1.2364
1832,CITY,BURN,0,1.2567,1.0000,0.6667,0.2836,1.0000,1.0000,0.0000,0.0005,1.2374
1833,CITY,GROW,0,1.2480,1.0000,0.6667,0.2399,1.0000,1.0000,0.0000,0.0002,1.2379
1834,CITY,GROW,0,1.2480,1.0000,0.6667,0.2399,1.0000,1.0000,0.0000,0.0002,1.2384
1835,CITY,FALL,0,1.2676,1.0000,0.6667,0.3378,1.0000,1.0000,0.0000,0.0006,1.2399
1836,CITY,FALL,0,1.2676,1.0000,0.6667,0.3378,1.0000,1.0000,0.0000,0.0006,1.2413
1837,CITY,FALL,0,1.2676,1.0000,0.6667,0.3378,1.0000,1.0000,0.0000,0.0006,1.2426
1838,CITY,BURN,0,1.2567,1.0000,0.6667,0.2836,1.0000,1.0000,0.0000,0.0003,1.2433
1839,CITY,BURN,0,1.2567,1.0000,0.6667,0.2836,1.0000,1.0000,0.0000,0.0003,1.2439
1840,CITY,BURN,0,1.2567,1.0000,0.6667,0.2836,1.0000,1.0000,0.0000,0.0003,1.2446
1841,CITY,BURN,0,1.2567,1.0000,0.6667,0.2836,1.0000,1.0000,0.0000,0.0003,1.2452
1842,CITY,BURN,0,1.2567,1.0000,0.6667,0.2836,1.0000,1.0000,0.0000,0.0003,1.2458
1843,CITY,BURN,0,1.2567,1.0000,0.6667,0.2836,1.0000,1.0000,0.0000,0.0002,1.2463
1844,CITY,FALL,0,1.2676,1.0000,0.6667,0.3378,1.0000,1.0000,0.0000,0.0005,1.2474
1845,CITY,FALL,0,1.2676,1.0000,0.6667,0.3378,1.0000,1.0000,0.0000,0.0004,1.2484
1846,CITY,GROW,0,1.2480,1.0000,0.6667,0.2399,1.0000,1.0000,0.0000,-0.0000,1.2484
1847,CITY,FALL,0,1.2676,1.0000,0.6667,0.3378,1.0000,1.0000,0.0000,0.0004,1.2493
1848,CITY,FALL,0,1.2676,1.0000,0.6667,0.3378,1.0000,1.0000,0.0000,0.0004,1.2502
1849,CITY,FALL,0,1.2676,1.0000,0.6667,0.3378,1.0000,1.0000,0.0000,0.0004,1.2511
1850,CITY,FALL,0,1.2676,1.0000,0.6667,0.3378,1.0000,1.0000,0.0000,0.0004,1.2519
1851,CITY,BURN,0,1.2567,1.0000,0.6667,0.2836,1.0000,1.0000,0.0000,0.0001,1.2522
1852,CITY,FALL,0,1.2676,1.0000,0.6667,0.3378,1.0000,1.0000,0.0000,0.0003,1.2529
1853,CITY,BURN,0,1.2567,1.0000,0.6667,0.2836,1.0000,1.0000,0.0000,0.0001,1.2531
1854,CITY,BURN FALL,0,1.2610,1.0000,0.6667,0.3050,1.0000,1.0000,0.0000,0.0002,1.2535
1855,CITY,FALL,0,1.2676,1.0000,0.6667,0.3378,1.0000,1.0000,0.0000,0.0003,1.2542
1856,FAMOUS CITY,SPREAD,0,1.3101,1.0000,1.0000,0.0504,1.0000,1.0000,1.0000,0.4160,1.2570
1857,CITY,BURN,0,1.2567,1.0000,0.6667,0.2836,1.0000,1.0000,0.0000,-0.0000,1.2570
1858,CITY,FALL,0,1.2676,1.0000,0.6667,0.3378,1.0000,1.0000,0.0000,0.0002,1.2575
1859,CITY,FALL,0,1.2676,1.0000,0.6667,0.3378,1.0000,1.0000,0.0000,0.0002,1.2580
1860,CITY,BURN FALL,0,1.2610,1.0000,0.6667,0.3050,1.0000,1.0000,0.0000,0.0001,1.2582
1861,CITY,BURN,0,1.2567,1.0000,0.6667,0.2836,1.0000,1.0000,0.0000,-0.0000,1.2581
1862,CITY,BURN,0,1.2567,1.0000,0.6667,0.2836,1.0000,1.0000,0.0000,-0.0000,1.2580
1863,CITY,BURN,0,1.2567,1.0000,0.6667,0.2836,1.0000,1.0000,0.0000,-0.0000,1.2580
1864,CITY,BURN,0,1.2567,1.0000,0.6667,0.2836,1.0000,1.0000,0.0000,-0.0000,1.2579
1865,CITY,BURN,0,1.2567,1.0000,0.6667,0.2836,1.0000,1.0000,0.0000,-0.0000,1.2578
1866,CITY,FALL,0,1.2676,1.0000,0.6667,0.3378,1.0000,1.0000,0.0000,0.0002,1.2583
1867,CITY,BURN,0,1.2567,1.0000,0.6667,0.2836,1.0000,1.0000,0.0000,-0.0000,1.2583
1868,CITY,BURN BURN,0,1.2567,1.0000,0.6667,0.2836,1.0000,1.0000,0.0000,-0.0000,1.2582
1869,CITY,SPREAD,0,1.2032,1.0000,0.6667,0.0162,1.0000,1.0000,0.0000,-0.0014,1.2554
1870,CITY,FALL,0,1.2676,1.0000,0.6667,0.3378,1.0000,1.0000,0.0000,0.0003,1.2560
1871,CITY,BURN,0,1.2567,1.0000,0.6667,0.2836,1.0000,1.0000,0.0000,0.0000,1.2561
1872,CITY,BURN,0,1.2567,1.0000,0.6667,0.2836,1.0000,1.0000,0.0000,0.0000,1.2561
1873,CITY,FALL,0,1.2676,1.0000,0.6667,0.3378,1.0000,1.0000,0.0000,0.0003,1.2567
1874,CITY,BURN,0,1.2567,1.0000,0.6667,0.2836,1.0000,1.0000,0.0000,0.0000,1.2567
1875,CITY,GROW,0,1.2480,1.0000,0.6667,0.2399,1.0000,1.0000,0.0000,-0.0002,1.2562
1876,CITY,FALL,0,1.2676,1.0000,0.6667,0.3378,1.0000,1.0000,0.0000,0.0003,1.2568
1877,CITY,FALL,0,1.2676,1.0000,0.6667,0.3378,1.0000,1.0000,0.0000,0.0003,1.2573
1878,CITY,FALL,0,1.2676,1.0000,0.6667,0.3378,1.0000,1.0000,0.0000,0.0003,1.2579
1879,CITY,FALL,0,1.2676,1.0000,0.6667,0.3378,1.0000,1.0000,0.0000,0.0002,1.2583
1880,CITY,FALL,0,1.2676,1.0000,0.6667,0.3378,1.0000,1.0000,0.0000,0.0002,1.2588
1881,CITY,BURN,0,1.2567,1.0000,0.6667,0.2836,1.0000,1.0000,0.0000,-0.0001,1.2587
1882,CITY,FALL,0,1.2676,1.0000,0.6667,0.3378,1.0000,1.0000,0.0000,0.0002,1.2591
1883,CITY,BURN,0,1.2567,1.0000,0.6667,0.2836,1.0000,1.0000,0.0000,-0.0001,1.2590
1884,CITY,BURN BURN,0,1.2567,1.0000,0.6667,0.2836,1.0000,1.0000,0.0000,-0.0001,1.2589
1885,CITY,BURN,0,1.2567,1.0000,0.6667,0.2836,1.0000,1.0000,0.0000,-0.0001,1.2588
1886,CITY,FALL,0,1.2676,1.0000,0.6667,0.3378,1.0000,1.0000,0.0000,0.0002,1.2592
1887,CITY,FALL,0,1.2676,1.0000,0.6667,0.3378,1.0000,1.0000,0.0000,0.0002,1.2596
1888,CITY,BURN BURN,0,1.2567,1.0000,0.6667,0.2836,1.0000,1.0000,0.0000,-0.0001,1.2595
1889,CITY,FALL,0,1.2676,1.0000,0.6667,0.3378,1.0000,1.0000,0.0000,0.0002,1.2599
1890,CITY,BURN BURN,0,1.2567,1.0000,0.6667,0.2836,1.0000,1.0000,0.0000,-0.0001,1.2597
1891,CITY,GROW,0,1.2480,1.0000,0.6667,0.2399,1.0000,1.0000,0.0000,-0.0003,1.2592
1892,CITY,BURN,0,1.2567,1.0000,0.6667,0.2836,1.0000,1.0000,0.0000,-0.0001,1.2590
1893,CITY,FALL,0,1.2676,1.0000,0.6667,0.3378,1.0000,1.0000,0.0000,0.0002,1.2595
1894,CITY,FALL,0,1.2676,1.0000,0.6667,0.3378,1.0000,1.0000,0.0000,0.0002,1.2599
1895,CITY,RUN,0,1.2710,1.0000,0.6667,0.3549,1.0000,1.0000,0.0000,0.0003,1.2604
1896,CITY,SPREAD,0,1.2032,1.0000,0.6667,0.0162,1.0000,1.0000,0.0000,-0.0014,1.2576
1897,CITY,FALL,0,1.2676,1.0000,0.6667,0.3378,1.0000,1.0000,0.0000,0.0002,1.2581
1898,CITY,FALL,0,1.2676,1.0000,0.6667,0.3378,1.0000,1.0000,0.0000,0.0002,1.2585
1899,CITY,BURN,0,1.2567,1.0000,0.6667,0.2836,1.0000,1.0000,0.0000,-0.0000,1.2584
1900,CITY,BURN,0,1.2567,1.0000,0.6667,0.2836,1.0000,1.0000,0.0000,-0.0000,1.2584
1901,CITY,FALL,0,1.2676,1.0000,0.6667,0.3378,1.0000,1.0000,0.0000,0.0002,1.2588
1902,CITY,BURN,0,1.2567,1.0000,0.6667,0.2836,1.0000,1.0000,0.0000,-0.0001,1.2587
1903,CITY,SPREAD,0,1.2032,1.0000,0.6667,0.0162,1.0000,1.0000,0.0000,-0.0014,1.2559
1904,CITY,BURN,0,1.2567,1.0000,0.6667,0.2836,1.0000,1.0000,0.0000,0.0000,1.2560
1905,CITY,FALL,0,1.2676,1.0000,0.6667,0.3378,1.0000,1.0000,0.0000,0.0003,1.2566
1906,CITY,FALL,0,1.2676,1.0000,0.6667,0.3378,1.0000,1.0000,0.0000,0.0003,1.2571
1907,CITY,BURN FALL,0,1.2610,1.0000,0.6667,0.3050,1.0000,1.0000,0.0000,0.0001,1.2573
1908,CITY,FALL,0,1.2676,1.0000,0.6667,0.3378,1.0000,1.0000,0.0000,0.0002,1.2578
1909,CITY,BURN BURN,0,1.2567,1.0000,0.6667,0.2836,1.0000,1.0000,0.0000,-0.0000,1.2578
1910,CITY,FALL FALL,0,1.2676,1.0000,0.6667,0.3378,1.0000,1.0000,0.0000,0.0003,1.2583
1911,CITY,BURN,0,1.2567,1.0000,0.6667,0.2836,1.0000,1.0000,0.0000,-0.0000,1.2582
1912,CITY,FALL,0,1.2676,1.0000,0.6667,0.3378,1.0000,1.0000,0.0000,0.0002,1.2586
1913,CITY,FALL,0,1.2676,1.0000,0.6667,0.3378,1.0000,1.0000,0.0000,0.0002,1.2591
1914,CITY,BURN,0,1.2567,1.0000,0.6667,0.2836,1.0000,1.0000,0.0000,-0.0001,1.2590
1915,CITY,FALL,0,1.2676,1.0000,0.6667,0.3378,1.0000,1.0000,0.0000,0.0002,1.2594
1916,CITY,BURN,0,1.2567,1.0000,0.6667,0.2836,1.0000,1.0000,0.0000,-0.0001,1.2593
1917,CITY,BURN,0,1.2567,1.0000,0.6667,0.2836,1.0000,1.0000,0.0000,-0.0001,1.2591
1918,CITY,FALL,0,1.2676,1.0000,0.6667,0.3378,1.0000,1.0000,0.0000,0.0002,1.2596
1919,CITY,FALL,0,1.2676,1.0000,0.6667,0.3378,1.0000,1.0000,0.0000,0.0002,1.2600
1920,CITY,SPREAD,0,1.2032,1.0000,0.6667,0.0162,1.0000,1.0000,0.0000,-0.0014,1.2571
1921,CITY,FALL,0,1.2676,1.0000,0.6667,0.3378,1.0000,1.0000,0.0000,0.0003,1.2576
1922,CITY,BURN,0,1.2567,1.0000,0.6667,0.2836,1.0000,1.0000,0.0000,-0.0000,1.2576
1923,CITY,BURN BURN,0,1.2567,1.0000,0.6667,0.2836,1.0000,1.0000,0.0000,-0.0000,1.2576
1924,CITY,SPREAD,0,1.2032,1.0000,0.6667,0.0162,1.0000,1.0000,0.0000,-0.0014,1.2548
1925,CITY,FALL FALL,0,1.2676,1.0000,0.6667,0.3378,1.0000,1.0000,0.0000,0.0003,1.2555
1926,CITY,BURN,0,1.2567,1.0000,0.6667,0.2836,1.0000,1.0000,0.0000,0.0000,1.2555
1927,CITY,BURN,0,1.2567,1.0000,0.6667,0.2836,1.0000,1.0000,0.0000,0.0000,1.2556
1928,CITY,BURN,0,1.2567,1.0000,0.6667,0.2836,1.0000,1.0000,0.0000,0.0000,1.2557
1929,CITY,BURN,0,1.2567,1.0000,0.6667,0.2836,1.0000,1.0000,0.0000,0.0000,1.2557
1930,CITY,FALL GROW,0,1.2544,1.0000,0.6667,0.2720,1.0000,1.0000,0.0000,-0.0000,1.2556
1931,CITY,BURN,0,1.2567,1.0000,0.6667,0.2836,1.0000,1.0000,0.0000,0.0000,1.2557
1932,CITY,FALL,0,1.2676,1.0000,0.6667,0.3378,1.0000,1.0000,0.0000,0.0003,1.2563
1933,CITY,FALL,0,1.2676,1.0000,0.6667,0.3378,1.0000,1.0000,0.0000,0.0003,1.2569
1934,CITY,FALL,0,1.2676,1.0000,0.6667,0.3378,1.0000,1.0000,0.0000,0.0003,1.2574
1935,CITY,BURN,0,1.2567,1.0000,0.6667,0.2836,1.0000,1.0000,0.0000,-0.0000,1.2574
1936,CITY,BURN,0,1.2567,1.0000,0.6667,0.2836,1.0000,1.0000,0.0000,-0.0000,1.2573
1937,CITY,BURN,0,1.2567,1.0000,0.6667,0.2836,1.0000,1.0000,0.0000,-0.0000,1.2573
1938,CITY,BURN,0,1.2567,1.0000,0.6667,0.2836,1.0000,1.0000,0.0000,-0.0000,1.2573
1939,CITY,FALL,0,1.2676,1.0000,0.6667,0.3378,1.0000,1.0000,0.0000,0.0003,1.2578
1940,CITY,FALL FALL,0,1.2676,1.0000,0.6667,0.3378,1.0000,1.0000,0.0000,0.0002,1.2583
1941,CITY,FALL,0,1.2676,1.0000,0.6667,0.3378,1.0000,1.0000,0.0000,0.0002,1.2587
1942,CITY,BURN,0,1.2567,1.0000,0.6667,0.2836,1.0000,1.0000,0.0000,-0.0001,1.2586
1943,SECRET CITY,FAIL,0,1.3257,1.0000,1.0000,0.1286,1.0000,1.0000,1.0000,0.4837,1.2620
1944,CITY,BURN,0,1.2567,1.0000,0.6667,0.2836,1.0000,1.0000,0.0000,-0.0001,1.2617
1945,CITY,BURN,0,1.2567,1.0000,0.6667,0.2836,1.0000,1.0000,0.0000,-0.0001,1.2615
1946,CITY,BURN,0,1.2567,1.0000,0.6667,0.2836,1.0000,1.0000,0.0000,-0.0001,1.2612
1947,CITY,FALL,0,1.2676,1.0000,0.6667,0.3378,1.0000,1.0000,0.0000,0.0002,1.2616
1948,CITY,BURN BURN,0,1.2567,1.0000,0.6667,0.2836,1.0000,1.0000,0.0000,-0.0001,1.2613
1949,CITY,BURN,0,1.2567,1.0000,0.6667,0.2836,1.0000,1.0000,0.0000,-0.0001,1.2611
1950,CITY,BURN FALL,0,1.2610,1.0000,0.6667,0.3050,1.0000,1.0000,0.0000,-0.0000,1.2611
1951,CITY,BURN,0,1.2567,1.0000,0.6667,0.2836,1.0000,1.0000,0.0000,-0.0001,1.2609
1952,CITY,FALL,0,1.2676,1.0000,0.6667,0.3378,1.0000,1.0000,0.0000,0.0002,1.2612
1953,CITY,FALL,0,1.2676,1.0000,0.6667,0.3378,1.0000,1.0000,0.0000,0.0002,1.2615
1954,CITY,FALL,0,1.2676,1.0000,0.6667,0.3378,1.0000,1.0000,0.0000,0.0002,1.2618
1955,CITY,BURN,0,1.2567,1.0000,0.6667,0.2836,1.0000,1.0000,0.0000,-0.0002,1.2616
1956,CITY,FALL,0,1.2676,1.0000,0.6667,0.3378,1.0000,1.0000,0.0000,0.0002,1.2619
1957,CITY,FALL,0,1.2676,1.0000,0.6667,0.3378,1.0000,1.0000,0.0000,0.0002,1.2621
1958,CITY,BURN,0,1.2567,1.0000,0.6667,0.2836,1.0000,1.0000,0.0000,-0.0002,1.2619
1959,CITY,FALL,0,1.2676,1.0000,0.6667,0.3378,1.0000,1.0000,0.0000,0.0002,1.2622
1960,CITY,FALL,0,1.2676,1.0000,0.6667,0.3378,1.0000,1.0000,0.0000,0.0002,1.2624
1961,CITY,BURN,0,1.2567,1.0000,0.6667,0.2836,1.0000,1.0000,0.0000,-0.0002,1.2621
1962,CITY,BURN BURN,0,1.2567,1.0000,0.6667,0.2836,1.0000,1.0000,0.0000,-0.0002,1.2619
1963,CITY,BURN,0,1.2567,1.0000,0.6667,0.2836,1.0000,1.0000,0.0000,-0.0002,1.2616
1964,CITY,FALL,0,1.2676,1.0000,0.6667,0.3378,1.0000,1.0000,0.0000,0.0002,1.2619
1965,CITY,BURN,0,1.2567,1.0000,0.6667,0.2836,1.0000,1.0000,0.0000,-0.0002,1.2617
1966,CITY,BURN GROW,0,1.2514,1.0000,0.6667,0.2571,1.0000,1.0000,0.0000,-0.0003,1.2611
1967,CITY,BURN,0,1.2567,1.0000,0.6667,0.2836,1.0000,1.0000,0.0000,-0.0001,1.2609
1968,CITY,FALL SPREAD,0,1.2110,1.0000,0.6667,0.0549,1.0000,1.0000,0.0000,-0.0015,1.2584
1969,CITY,FALL,0,1.2676,1.0000,0.6667,0.3378,1.0000,1.0000,0.0000,0.0003,1.2589
1970,CITY,BURN BURN BURN,0,1.2567,1.0000,0.6667,0.2836,1.0000,1.0000,0.0000,-0.0001,1.2588
1971,CITY,FALL,0,1.2676,1.0000,0.6667,0.3378,1.0000,1.0000,0.0000,0.0003,1.2592
1972,CITY,SPREAD,0,1.2032,1.0000,0.6667,0.0162,1.0000,1.0000,0.0000,-0.0018,1.2564
1973,CITY,FALL,0,1.2676,1.0000,0.6667,0.3378,1.0000,1.0000,0.0000,0.0004,1.2570
1974,CITY,BURN,0,1.2567,1.0000,0.6667,0.2836,1.0000,1.0000,0.0000,-0.0000,1.2570
1975,CITY,FALL,0,1.2676,1.0000,0.6667,0.3378,1.0000,1.0000,0.0000,0.0003,1.2575
1976,CITY,BURN,0,1.2567,1.0000,0.6667,0.2836,1.0000,1.0000,0.0000,-0.0000,1.2574
1977,CITY,FALL,0,1.2676,1.0000,0.6667,0.3378,1.0000,1.0000,0.0000,0.0003,1.2580
1978,CITY,BURN,0,1.2567,1.0000,0.6667,0.2836,1.0000,1.0000,0.0000,-0.0000,1.2579
1979,CITY,FALL,0,1.2676,1.0000,0.6667,0.3378,1.0000,1.0000,0.0000,0.0003,1.2584
1980,CITY,BURN,0,1.2567,1.0000,0.6667,0.2836,1.0000,1.0000,0.0000,-0.0001,1.2583
1981,CITY,MOVE COMPLEX CAMERA,0,1.3277,1.0000,1.0000,0.1387,1.0000,1.0000,1.0000,0.0023,1.2618
1982,CITY,BURN,0,1.2567,1.0000,0.6667,0.2836,1.0000,1.0000,0.0000,-0.0002,1.2615
1983,CITY,BURN,0,1.2567,1.0000,0.6667,0.2836,1.0000,1.0000,0.0000,-0.0002,1.2613
1984,CITY,BURN,0,1.2567,1.0000,0.6667,0.2836,1.0000,1.0000,0.0000,-0.0002,1.2610
1985,CITY,BURN,0,1.2567,1.0000,0.6667,0.2836,1.0000,1.0000,0.0000,-0.0001,1.2608
1986,CITY,GROW,0,1.2480,1.0000,0.6667,0.2399,1.0000,1.0000,0.0000,-0.0004,1.2602
1987,CITY,FALL,0,1.2676,1.0000,0.6667,0.3378,1.0000,1.0000,0.0000,0.0003,1.2606
1988,CITY,BURN,0,1.2567,1.0000,0.6667,0.2836,1.0000,1.0000,0.0000,-0.0001,1.2604
1989,CITY,BURN,0,1.2567,1.0000,0.6667,0.2836,1.0000,1.0000,0.0000,-0.0001,1.2602
1990,CITY,FALL,0,1.2676,1.0000,0.6667,0.3378,1.0000,1.0000,0.0000,0.0002,1.2605
1991,CITY,BURN,0,1.2567,1.0000,0.6667,0.2836,1.0000,1.0000,0.0000,-0.0001,1.2604
1992,CITY,FALL,0,1.2676,1.0000,0.6667,0.3378,1.0000,1.0000,0.0000,0.0002,1.2607
1993,CITY,BURN,0,1.2567,1.0000,0.6667,0.2836,1.0000,1.0000,0.0000,-0.0001,1.2605
1994,CITY,BURN,0,1.2567,1.0000,0.6667,0.2836,1.0000,1.0000,0.0000,-0.0001,1.2603
1995,CITY,FALL,0,1.2676,1.0000,0.6667,0.3378,1.0000,1.0000,0.0000,0.0002,1.2607
1996,CITY,BURN,0,1.2567,1.0000,0.6667,0.2836,1.0000,1.0000,0.0000,-0.0001,1.2605
1997,CITY,BURN,0,1.2567,1.0000,0.6667,0.2836,1.0000,1.0000,0.0000,-0.0001,1.2603
1998,CITY,FALL,0,1.2676,1.0000,0.6667,0.3378,1.0000,1.0000,0.0000,0.0002,1.2607
1999,CITY,BURN,0,1.2567,1.0000,0.6667,0.2836,1.0000,1.0000,0.0000,-0.0001,1.2605
2000,CITY,FALL,0,1.2676,1.0000,0.6667,0.3378,1.0000,1.0000,0.0000,0.0002,1.2608
